model,location,target_type,weights,forecast_date,nmod
DSMPG-bayes,BE,Cases,0.31244771709896,2021-04-12,3
DSMPG-bayes,BG,Cases,0.284992114108825,2021-04-12,3
DSMPG-bayes,CY,Cases,0.326264794514933,2021-04-12,3
DSMPG-bayes,EE,Cases,0.265553351926985,2021-04-12,3
DSMPG-bayes,HU,Cases,0.277538385275723,2021-04-12,3
DSMPG-bayes,LT,Cases,0.408527132152902,2021-04-12,3
DSMPG-bayes,LV,Cases,0.393445929274771,2021-04-12,3
DSMPG-bayes,MT,Cases,0.289207517379354,2021-04-12,3
IEM_Health-CovidProject,AT,Cases,0.326926234874501,2021-04-12,3
IEM_Health-CovidProject,AT,Deaths,0.215896354746888,2021-04-12,3
IEM_Health-CovidProject,BE,Cases,0.347377275866395,2021-04-12,3
IEM_Health-CovidProject,BE,Deaths,0.351548669973048,2021-04-12,3
IEM_Health-CovidProject,BG,Cases,0.354976076661823,2021-04-12,3
IEM_Health-CovidProject,BG,Deaths,0.296827502415586,2021-04-12,3
IEM_Health-CovidProject,CY,Deaths,0.26800818613511,2021-04-12,3
IEM_Health-CovidProject,EE,Cases,0.188725808250033,2021-04-12,3
IEM_Health-CovidProject,EE,Deaths,0.318857599028362,2021-04-12,3
IEM_Health-CovidProject,ES,Cases,0.381624293437457,2021-04-12,3
IEM_Health-CovidProject,FI,Cases,0.357691907933522,2021-04-12,3
IEM_Health-CovidProject,FI,Deaths,0.322251471428678,2021-04-12,3
IEM_Health-CovidProject,GR,Cases,0.331894727256383,2021-04-12,3
IEM_Health-CovidProject,GR,Deaths,0.233857930065198,2021-04-12,3
IEM_Health-CovidProject,HR,Cases,0.363266012345115,2021-04-12,3
IEM_Health-CovidProject,HR,Deaths,0.223775723693191,2021-04-12,3
IEM_Health-CovidProject,HU,Deaths,0.361274066538312,2021-04-12,3
IEM_Health-CovidProject,LT,Cases,0.290840313221032,2021-04-12,3
IEM_Health-CovidProject,LT,Deaths,0.286921936043286,2021-04-12,3
IEM_Health-CovidProject,LV,Deaths,0.231316591346757,2021-04-12,3
IEM_Health-CovidProject,MT,Cases,0.239168366580096,2021-04-12,3
IEM_Health-CovidProject,MT,Deaths,0.291290473609642,2021-04-12,3
IEM_Health-CovidProject,NO,Cases,0.378508051787004,2021-04-12,3
IEM_Health-CovidProject,PT,Cases,0.236783743041527,2021-04-12,3
IEM_Health-CovidProject,PT,Deaths,0.363332289919792,2021-04-12,3
IEM_Health-CovidProject,RO,Cases,0.315005268119158,2021-04-12,3
IEM_Health-CovidProject,RO,Deaths,0.204330157040273,2021-04-12,3
IEM_Health-CovidProject,SI,Cases,0.295635997936253,2021-04-12,3
IEM_Health-CovidProject,SI,Deaths,0.287394713880203,2021-04-12,3
IEM_Health-CovidProject,SK,Cases,0.439855829264023,2021-04-12,3
IEM_Health-CovidProject,SK,Deaths,0.34625667966244,2021-04-12,3
ILM-EKF,AT,Cases,0.286113800586941,2021-04-12,3
ILM-EKF,AT,Deaths,0.247973297729199,2021-04-12,3
ILM-EKF,BE,Deaths,0.296206332863865,2021-04-12,3
ILM-EKF,BG,Deaths,0.219453014303039,2021-04-12,3
ILM-EKF,CY,Cases,0.399007909910754,2021-04-12,3
ILM-EKF,ES,Cases,0.275383227389933,2021-04-12,3
ILM-EKF,FI,Cases,0.296769228489377,2021-04-12,3
ILM-EKF,GR,Cases,0.360617564467696,2021-04-12,3
ILM-EKF,HR,Cases,0.311457469667338,2021-04-12,3
ILM-EKF,HR,Deaths,0.31079738535874,2021-04-12,3
ILM-EKF,HU,Cases,0.279616014403624,2021-04-12,3
ILM-EKF,HU,Deaths,0.328143928379472,2021-04-12,3
ILM-EKF,IT,Cases,0.25760284600629,2021-04-12,3
ILM-EKF,IT,Deaths,0.310843786870782,2021-04-12,3
ILM-EKF,LT,Cases,0.300632554626066,2021-04-12,3
ILM-EKF,LU,Deaths,0.271534081534351,2021-04-12,3
ILM-EKF,LV,Cases,0.243678900724423,2021-04-12,3
ILM-EKF,NO,Cases,0.260455933280612,2021-04-12,3
ILM-EKF,PT,Cases,0.357816572129773,2021-04-12,3
ILM-EKF,RO,Cases,0.300529875866014,2021-04-12,3
ILM-EKF,RO,Deaths,0.217070112624066,2021-04-12,3
ILM-EKF,SI,Cases,0.323889552289948,2021-04-12,3
ILM-EKF,SI,Deaths,0.28396585981419,2021-04-12,3
ILM-EKF,SK,Cases,0.308953409061618,2021-04-12,3
ILM-EKF,SK,Deaths,0.357608927400126,2021-04-12,3
RobertWalraven-ESG,BE,Deaths,0.352244997163087,2021-04-12,3
RobertWalraven-ESG,BG,Deaths,0.483719483281374,2021-04-12,3
RobertWalraven-ESG,CY,Deaths,0.386906002258514,2021-04-12,3
RobertWalraven-ESG,EE,Deaths,0.437969682591767,2021-04-12,3
RobertWalraven-ESG,FI,Deaths,0.382521579034702,2021-04-12,3
RobertWalraven-ESG,GR,Deaths,0.400441823117697,2021-04-12,3
RobertWalraven-ESG,HU,Deaths,0.310582005082215,2021-04-12,3
RobertWalraven-ESG,IT,Deaths,0.269130820658586,2021-04-12,3
RobertWalraven-ESG,LT,Deaths,0.327613487616902,2021-04-12,3
RobertWalraven-ESG,LU,Deaths,0.403846162113592,2021-04-12,3
RobertWalraven-ESG,LV,Deaths,0.279568664471509,2021-04-12,3
RobertWalraven-ESG,MT,Deaths,0.30539500260027,2021-04-12,3
RobertWalraven-ESG,PT,Deaths,0.292170733624876,2021-04-12,3
epiforecasts-EpiExpert,IT,Cases,0.25453960511197,2021-04-12,3
epiforecasts-EpiExpert,SK,Cases,0.251190761674359,2021-04-12,3
epiforecasts-EpiNow2,AT,Cases,0.386959964538558,2021-04-12,3
epiforecasts-EpiNow2,AT,Deaths,0.536130347523913,2021-04-12,3
epiforecasts-EpiNow2,BE,Cases,0.340175007034645,2021-04-12,3
epiforecasts-EpiNow2,BG,Cases,0.360031809229352,2021-04-12,3
epiforecasts-EpiNow2,CY,Cases,0.274727295574314,2021-04-12,3
epiforecasts-EpiNow2,CY,Deaths,0.345085811606377,2021-04-12,3
epiforecasts-EpiNow2,EE,Cases,0.545720839822983,2021-04-12,3
epiforecasts-EpiNow2,EE,Deaths,0.243172718379871,2021-04-12,3
epiforecasts-EpiNow2,ES,Cases,0.34299247917261,2021-04-12,3
epiforecasts-EpiNow2,FI,Cases,0.345538863577102,2021-04-12,3
epiforecasts-EpiNow2,FI,Deaths,0.295226949536619,2021-04-12,3
epiforecasts-EpiNow2,GR,Cases,0.307487708275921,2021-04-12,3
epiforecasts-EpiNow2,GR,Deaths,0.365700246817105,2021-04-12,3
epiforecasts-EpiNow2,HR,Cases,0.325276517987548,2021-04-12,3
epiforecasts-EpiNow2,HR,Deaths,0.465426890948069,2021-04-12,3
epiforecasts-EpiNow2,HU,Cases,0.442845600320654,2021-04-12,3
epiforecasts-EpiNow2,IT,Cases,0.487857548881739,2021-04-12,3
epiforecasts-EpiNow2,IT,Deaths,0.420025392470632,2021-04-12,3
epiforecasts-EpiNow2,LT,Deaths,0.385464576339812,2021-04-12,3
epiforecasts-EpiNow2,LU,Deaths,0.324619756352057,2021-04-12,3
epiforecasts-EpiNow2,LV,Cases,0.362875170000806,2021-04-12,3
epiforecasts-EpiNow2,LV,Deaths,0.489114744181735,2021-04-12,3
epiforecasts-EpiNow2,MT,Cases,0.47162411604055,2021-04-12,3
epiforecasts-EpiNow2,MT,Deaths,0.403314523790089,2021-04-12,3
epiforecasts-EpiNow2,NO,Cases,0.361036014932383,2021-04-12,3
epiforecasts-EpiNow2,PT,Cases,0.4053996848287,2021-04-12,3
epiforecasts-EpiNow2,PT,Deaths,0.344496976455332,2021-04-12,3
epiforecasts-EpiNow2,RO,Cases,0.384464856014829,2021-04-12,3
epiforecasts-EpiNow2,RO,Deaths,0.57859973033566,2021-04-12,3
epiforecasts-EpiNow2,SI,Cases,0.380474449773799,2021-04-12,3
epiforecasts-EpiNow2,SI,Deaths,0.428639426305607,2021-04-12,3
epiforecasts-EpiNow2,SK,Deaths,0.296134392937434,2021-04-12,3
DSMPG-bayes,BG,Cases,0.269293677148175,2021-04-19,3
DSMPG-bayes,CY,Cases,0.343857526249526,2021-04-19,3
DSMPG-bayes,EE,Cases,0.281045044666452,2021-04-19,3
DSMPG-bayes,FI,Cases,0.276955839284811,2021-04-19,3
DSMPG-bayes,HU,Cases,0.332872951476349,2021-04-19,3
DSMPG-bayes,LT,Cases,0.372446347368039,2021-04-19,3
DSMPG-bayes,LV,Cases,0.43358027130801,2021-04-19,3
DSMPG-bayes,MT,Cases,0.221555768698967,2021-04-19,3
DSMPG-bayes,NO,Cases,0.289139878449684,2021-04-19,3
IEM_Health-CovidProject,AT,Cases,0.307878418672759,2021-04-19,3
IEM_Health-CovidProject,AT,Deaths,0.26406042855953,2021-04-19,3
IEM_Health-CovidProject,BE,Cases,0.354032966074696,2021-04-19,3
IEM_Health-CovidProject,BE,Deaths,0.344091253029269,2021-04-19,3
IEM_Health-CovidProject,CY,Cases,0.297760270869334,2021-04-19,3
IEM_Health-CovidProject,ES,Cases,0.486032823626143,2021-04-19,3
IEM_Health-CovidProject,FI,Deaths,0.308089511107553,2021-04-19,3
IEM_Health-CovidProject,GR,Cases,0.327091914467584,2021-04-19,3
IEM_Health-CovidProject,GR,Deaths,0.262226811832518,2021-04-19,3
IEM_Health-CovidProject,HR,Cases,0.363679810422723,2021-04-19,3
IEM_Health-CovidProject,LT,Deaths,0.285351974163568,2021-04-19,3
IEM_Health-CovidProject,MT,Deaths,0.296214832178825,2021-04-19,3
IEM_Health-CovidProject,PT,Deaths,0.338501263055775,2021-04-19,3
IEM_Health-CovidProject,SI,Cases,0.338992201551931,2021-04-19,3
IEM_Health-CovidProject,SK,Cases,0.381965797278883,2021-04-19,3
IEM_Health-CovidProject,SK,Deaths,0.397028421051653,2021-04-19,3
ILM-EKF,BE,Cases,0.335693609126996,2021-04-19,3
ILM-EKF,CY,Cases,0.35838220288114,2021-04-19,3
ILM-EKF,ES,Cases,0.199526140391682,2021-04-19,3
ILM-EKF,GR,Cases,0.382981982796259,2021-04-19,3
ILM-EKF,HR,Cases,0.313457918867513,2021-04-19,3
ILM-EKF,IT,Cases,0.281268238054952,2021-04-19,3
ILM-EKF,IT,Deaths,0.286620115225203,2021-04-19,3
ILM-EKF,LT,Cases,0.284168757703417,2021-04-19,3
ILM-EKF,LU,Deaths,0.330383540995781,2021-04-19,3
ILM-EKF,LV,Cases,0.313614596607165,2021-04-19,3
ILM-EKF,PT,Cases,0.370150616961247,2021-04-19,3
ILM-EKF,RO,Cases,0.255331387017817,2021-04-19,3
ILM-EKF,SI,Cases,0.343942097172539,2021-04-19,3
ILM-EKF,SK,Cases,0.265069905798459,2021-04-19,3
RobertWalraven-ESG,BG,Deaths,0.383435830486618,2021-04-19,3
RobertWalraven-ESG,EE,Deaths,0.37610116544488,2021-04-19,3
RobertWalraven-ESG,FI,Deaths,0.398630263857372,2021-04-19,3
RobertWalraven-ESG,GR,Deaths,0.381469100259284,2021-04-19,3
RobertWalraven-ESG,IT,Deaths,0.264442674102232,2021-04-19,3
RobertWalraven-ESG,LU,Deaths,0.308267969930677,2021-04-19,3
RobertWalraven-ESG,RO,Deaths,0.290779799378918,2021-04-19,3
RobertWalraven-ESG,SI,Deaths,0.356345259153624,2021-04-19,3
UMass-MechBayes,BE,Deaths,0.33468834289323,2021-04-19,3
UMass-MechBayes,BG,Deaths,0.340406332601178,2021-04-19,3
UMass-MechBayes,CY,Deaths,0.319028430283141,2021-04-19,3
UMass-MechBayes,EE,Deaths,0.281108836742175,2021-04-19,3
UMass-MechBayes,HR,Deaths,0.288026197151147,2021-04-19,3
UMass-MechBayes,HU,Deaths,0.32022410769966,2021-04-19,3
UMass-MechBayes,LT,Deaths,0.360933780888126,2021-04-19,3
UMass-MechBayes,LV,Deaths,0.247701143810908,2021-04-19,3
UMass-MechBayes,MT,Deaths,0.264602362848787,2021-04-19,3
UMass-MechBayes,PT,Deaths,0.338466820868266,2021-04-19,3
UMass-MechBayes,SI,Deaths,0.340697717265584,2021-04-19,3
UMass-MechBayes,SK,Deaths,0.292436329085757,2021-04-19,3
UMass-SemiMech,AT,Cases,0.297628360943856,2021-04-19,3
UMass-SemiMech,AT,Deaths,0.316730648853049,2021-04-19,3
UMass-SemiMech,BE,Cases,0.310273424798308,2021-04-19,3
UMass-SemiMech,BE,Deaths,0.321220404077501,2021-04-19,3
UMass-SemiMech,BG,Cases,0.338861881847901,2021-04-19,3
UMass-SemiMech,BG,Deaths,0.276157836912204,2021-04-19,3
UMass-SemiMech,CY,Deaths,0.301670042862629,2021-04-19,3
UMass-SemiMech,EE,Cases,0.216439085433271,2021-04-19,3
UMass-SemiMech,EE,Deaths,0.342789997812946,2021-04-19,3
UMass-SemiMech,FI,Cases,0.323990917970258,2021-04-19,3
UMass-SemiMech,GR,Cases,0.289926102736157,2021-04-19,3
UMass-SemiMech,HR,Cases,0.322862270709765,2021-04-19,3
UMass-SemiMech,HR,Deaths,0.330337915007529,2021-04-19,3
UMass-SemiMech,HU,Cases,0.210699429357013,2021-04-19,3
UMass-SemiMech,HU,Deaths,0.321129547126502,2021-04-19,3
UMass-SemiMech,IT,Cases,0.233230185675952,2021-04-19,3
UMass-SemiMech,LT,Cases,0.343384894928544,2021-04-19,3
UMass-SemiMech,LT,Deaths,0.353714244948305,2021-04-19,3
UMass-SemiMech,LV,Cases,0.252805132084826,2021-04-19,3
UMass-SemiMech,LV,Deaths,0.327764265051944,2021-04-19,3
UMass-SemiMech,MT,Cases,0.364672112759739,2021-04-19,3
UMass-SemiMech,NO,Cases,0.35220802301166,2021-04-19,3
UMass-SemiMech,PT,Cases,0.308935375554792,2021-04-19,3
UMass-SemiMech,RO,Cases,0.279650471864715,2021-04-19,3
UMass-SemiMech,RO,Deaths,0.238541011646124,2021-04-19,3
UMass-SemiMech,SI,Cases,0.31706570127553,2021-04-19,3
UMass-SemiMech,SI,Deaths,0.302957023580792,2021-04-19,3
UMass-SemiMech,SK,Cases,0.352964296922657,2021-04-19,3
UMass-SemiMech,SK,Deaths,0.31053524986259,2021-04-19,3
UNIPV-BayesINGARCHX,ES,Cases,0.314441035982175,2021-04-19,3
epiforecasts-EpiNow2,AT,Cases,0.394493220383384,2021-04-19,3
epiforecasts-EpiNow2,AT,Deaths,0.419208922587421,2021-04-19,3
epiforecasts-EpiNow2,BG,Cases,0.391844441003924,2021-04-19,3
epiforecasts-EpiNow2,CY,Deaths,0.379301526854231,2021-04-19,3
epiforecasts-EpiNow2,EE,Cases,0.502515869900277,2021-04-19,3
epiforecasts-EpiNow2,FI,Cases,0.399053242744931,2021-04-19,3
epiforecasts-EpiNow2,FI,Deaths,0.293280225035075,2021-04-19,3
epiforecasts-EpiNow2,GR,Deaths,0.356304087908198,2021-04-19,3
epiforecasts-EpiNow2,HR,Deaths,0.381635887841324,2021-04-19,3
epiforecasts-EpiNow2,HU,Cases,0.456427619166639,2021-04-19,3
epiforecasts-EpiNow2,HU,Deaths,0.358646345173839,2021-04-19,3
epiforecasts-EpiNow2,IT,Cases,0.485501576269096,2021-04-19,3
epiforecasts-EpiNow2,IT,Deaths,0.448937210672566,2021-04-19,3
epiforecasts-EpiNow2,LU,Deaths,0.361348489073542,2021-04-19,3
epiforecasts-EpiNow2,LV,Deaths,0.424534591137147,2021-04-19,3
epiforecasts-EpiNow2,MT,Cases,0.413772118541295,2021-04-19,3
epiforecasts-EpiNow2,MT,Deaths,0.439182804972388,2021-04-19,3
epiforecasts-EpiNow2,NO,Cases,0.358652098538656,2021-04-19,3
epiforecasts-EpiNow2,PT,Cases,0.320914007483961,2021-04-19,3
epiforecasts-EpiNow2,PT,Deaths,0.323031916075959,2021-04-19,3
epiforecasts-EpiNow2,RO,Cases,0.465018141117468,2021-04-19,3
epiforecasts-EpiNow2,RO,Deaths,0.470679188974958,2021-04-19,3
DSMPG-bayes,BG,Cases,0.223123648611907,2021-04-26,3
DSMPG-bayes,EE,Cases,0.400868484089118,2021-04-26,3
DSMPG-bayes,FI,Cases,0.319812535454016,2021-04-26,3
DSMPG-bayes,HU,Cases,0.410268702146094,2021-04-26,3
DSMPG-bayes,LT,Cases,0.330234308895268,2021-04-26,3
DSMPG-bayes,LV,Cases,0.419960002809712,2021-04-26,3
DSMPG-bayes,MT,Cases,0.307775025128587,2021-04-26,3
IEM_Health-CovidProject,AT,Cases,0.317107259922547,2021-04-26,3
IEM_Health-CovidProject,AT,Deaths,0.290750318547928,2021-04-26,3
IEM_Health-CovidProject,BE,Cases,0.289050992086664,2021-04-26,3
IEM_Health-CovidProject,CY,Cases,0.303119899313085,2021-04-26,3
IEM_Health-CovidProject,ES,Cases,0.470443112190211,2021-04-26,3
IEM_Health-CovidProject,FI,Deaths,0.284058112282845,2021-04-26,3
IEM_Health-CovidProject,GR,Cases,0.312662032418441,2021-04-26,3
IEM_Health-CovidProject,GR,Deaths,0.304007041306823,2021-04-26,3
IEM_Health-CovidProject,IT,Cases,0.290386680895135,2021-04-26,3
IEM_Health-CovidProject,LT,Deaths,0.251652780402041,2021-04-26,3
IEM_Health-CovidProject,LU,Deaths,0.350532274818852,2021-04-26,3
IEM_Health-CovidProject,MT,Deaths,0.268118094917264,2021-04-26,3
IEM_Health-CovidProject,NO,Cases,0.209281598419975,2021-04-26,3
IEM_Health-CovidProject,PT,Cases,0.274784523769623,2021-04-26,3
IEM_Health-CovidProject,PT,Deaths,0.383774218899583,2021-04-26,3
IEM_Health-CovidProject,RO,Deaths,0.210869056107357,2021-04-26,3
IEM_Health-CovidProject,SI,Cases,0.307604696341976,2021-04-26,3
IEM_Health-CovidProject,SK,Cases,0.359188137964878,2021-04-26,3
ILM-EKF,BE,Cases,0.274503516750809,2021-04-26,3
ILM-EKF,BG,Deaths,0.264902612196329,2021-04-26,3
ILM-EKF,CY,Cases,0.428704893814722,2021-04-26,3
ILM-EKF,GR,Cases,0.327818958780862,2021-04-26,3
ILM-EKF,HR,Cases,0.250684562554636,2021-04-26,3
ILM-EKF,IT,Deaths,0.30397475282504,2021-04-26,3
ILM-EKF,LT,Cases,0.284325692756336,2021-04-26,3
ILM-EKF,LV,Cases,0.275527438209229,2021-04-26,3
ILM-EKF,PT,Cases,0.374744006682078,2021-04-26,3
ILM-EKF,PT,Deaths,0.255790581222245,2021-04-26,3
ILM-EKF,RO,Cases,0.210934609056957,2021-04-26,3
ILM-EKF,RO,Deaths,0.187900180626911,2021-04-26,3
ILM-EKF,SI,Cases,0.305702110557332,2021-04-26,3
ILM-EKF,SK,Cases,0.24592863799197,2021-04-26,3
ILM-EKF,SK,Deaths,0.312320991545688,2021-04-26,3
RobertWalraven-ESG,BE,Deaths,0.270742590670943,2021-04-26,3
RobertWalraven-ESG,BG,Deaths,0.331559743885167,2021-04-26,3
RobertWalraven-ESG,FI,Deaths,0.392362019801947,2021-04-26,3
RobertWalraven-ESG,GR,Deaths,0.408169086954568,2021-04-26,3
RobertWalraven-ESG,PT,Deaths,0.360435199878172,2021-04-26,3
RobertWalraven-ESG,RO,Deaths,0.601230763265732,2021-04-26,3
RobertWalraven-ESG,SI,Deaths,0.339701500696152,2021-04-26,3
UMass-MechBayes,BE,Deaths,0.37604656538672,2021-04-26,3
UMass-MechBayes,BG,Deaths,0.403537643918503,2021-04-26,3
UMass-MechBayes,CY,Deaths,0.372574798777375,2021-04-26,3
UMass-MechBayes,EE,Deaths,0.302944723569709,2021-04-26,3
UMass-MechBayes,HR,Deaths,0.28227414494271,2021-04-26,3
UMass-MechBayes,HU,Deaths,0.370075494042656,2021-04-26,3
UMass-MechBayes,LT,Deaths,0.371883035202701,2021-04-26,3
UMass-MechBayes,LV,Deaths,0.2921592717766,2021-04-26,3
UMass-MechBayes,MT,Deaths,0.259320592829621,2021-04-26,3
UMass-MechBayes,SI,Deaths,0.367138368287822,2021-04-26,3
UMass-MechBayes,SK,Deaths,0.33219471106661,2021-04-26,3
UMass-SemiMech,AT,Cases,0.357817743592404,2021-04-26,3
UMass-SemiMech,AT,Deaths,0.36144916682403,2021-04-26,3
UMass-SemiMech,BE,Cases,0.436445491162527,2021-04-26,3
UMass-SemiMech,BE,Deaths,0.353210843942337,2021-04-26,3
UMass-SemiMech,BG,Cases,0.310350799852105,2021-04-26,3
UMass-SemiMech,CY,Deaths,0.329956060500508,2021-04-26,3
UMass-SemiMech,EE,Cases,0.180132289119067,2021-04-26,3
UMass-SemiMech,EE,Deaths,0.410933600507818,2021-04-26,3
UMass-SemiMech,ES,Cases,0.238117100767356,2021-04-26,3
UMass-SemiMech,FI,Cases,0.300178006779757,2021-04-26,3
UMass-SemiMech,GR,Cases,0.359519008800697,2021-04-26,3
UMass-SemiMech,HR,Cases,0.492284778007411,2021-04-26,3
UMass-SemiMech,HR,Deaths,0.367195180139628,2021-04-26,3
UMass-SemiMech,HU,Cases,0.21769275634465,2021-04-26,3
UMass-SemiMech,HU,Deaths,0.348376601561058,2021-04-26,3
UMass-SemiMech,LT,Cases,0.385439998348396,2021-04-26,3
UMass-SemiMech,LT,Deaths,0.376464184395258,2021-04-26,3
UMass-SemiMech,LU,Deaths,0.341827067579102,2021-04-26,3
UMass-SemiMech,LV,Cases,0.304512558981058,2021-04-26,3
UMass-SemiMech,LV,Deaths,0.416813255306506,2021-04-26,3
UMass-SemiMech,MT,Cases,0.453411221785589,2021-04-26,3
UMass-SemiMech,NO,Cases,0.356835496407443,2021-04-26,3
UMass-SemiMech,PT,Cases,0.350471469548299,2021-04-26,3
UMass-SemiMech,RO,Cases,0.250565911721201,2021-04-26,3
UMass-SemiMech,SI,Cases,0.386693193100692,2021-04-26,3
UMass-SemiMech,SI,Deaths,0.293160131016026,2021-04-26,3
UMass-SemiMech,SK,Cases,0.394883224043151,2021-04-26,3
UMass-SemiMech,SK,Deaths,0.355484297387701,2021-04-26,3
UNIPV-BayesINGARCHX,ES,Cases,0.291439787042434,2021-04-26,3
epiforecasts-EpiExpert,IT,Cases,0.303266681941415,2021-04-26,3
epiforecasts-EpiExpert,IT,Deaths,0.258461589818916,2021-04-26,3
epiforecasts-EpiNow2,AT,Cases,0.32507499648505,2021-04-26,3
epiforecasts-EpiNow2,AT,Deaths,0.347800514628042,2021-04-26,3
epiforecasts-EpiNow2,BG,Cases,0.466525551535988,2021-04-26,3
epiforecasts-EpiNow2,CY,Cases,0.268175206872193,2021-04-26,3
epiforecasts-EpiNow2,CY,Deaths,0.297469140722117,2021-04-26,3
epiforecasts-EpiNow2,EE,Cases,0.418999226791816,2021-04-26,3
epiforecasts-EpiNow2,EE,Deaths,0.286121675922472,2021-04-26,3
epiforecasts-EpiNow2,FI,Cases,0.380009457766228,2021-04-26,3
epiforecasts-EpiNow2,FI,Deaths,0.323579867915207,2021-04-26,3
epiforecasts-EpiNow2,GR,Deaths,0.287823871738609,2021-04-26,3
epiforecasts-EpiNow2,HR,Cases,0.257030659437953,2021-04-26,3
epiforecasts-EpiNow2,HR,Deaths,0.350530674917662,2021-04-26,3
epiforecasts-EpiNow2,HU,Cases,0.372038541509255,2021-04-26,3
epiforecasts-EpiNow2,HU,Deaths,0.281547904396285,2021-04-26,3
epiforecasts-EpiNow2,IT,Cases,0.40634663716345,2021-04-26,3
epiforecasts-EpiNow2,IT,Deaths,0.437563657356045,2021-04-26,3
epiforecasts-EpiNow2,LU,Deaths,0.307640657602046,2021-04-26,3
epiforecasts-EpiNow2,LV,Deaths,0.291027472916894,2021-04-26,3
epiforecasts-EpiNow2,MT,Cases,0.238813753085824,2021-04-26,3
epiforecasts-EpiNow2,MT,Deaths,0.472561312253115,2021-04-26,3
epiforecasts-EpiNow2,NO,Cases,0.433882905172582,2021-04-26,3
epiforecasts-EpiNow2,RO,Cases,0.538499479221842,2021-04-26,3
IEM_Health-CovidProject,AT,Cases,0.365755544427908,2021-05-03,3
IEM_Health-CovidProject,AT,Deaths,0.302973641041735,2021-05-03,3
IEM_Health-CovidProject,BE,Deaths,0.341120780342694,2021-05-03,3
IEM_Health-CovidProject,CY,Cases,0.313397030061759,2021-05-03,3
IEM_Health-CovidProject,CY,Deaths,0.321966752571648,2021-05-03,3
IEM_Health-CovidProject,ES,Cases,0.324623722579674,2021-05-03,3
IEM_Health-CovidProject,FI,Cases,0.271773801544645,2021-05-03,3
IEM_Health-CovidProject,HR,Cases,0.240571722344191,2021-05-03,3
IEM_Health-CovidProject,IT,Cases,0.343249295068318,2021-05-03,3
IEM_Health-CovidProject,LT,Cases,0.369802192185646,2021-05-03,3
IEM_Health-CovidProject,LT,Deaths,0.254216642113242,2021-05-03,3
IEM_Health-CovidProject,LU,Deaths,0.284030372212774,2021-05-03,3
IEM_Health-CovidProject,LV,Cases,0.340370228991436,2021-05-03,3
IEM_Health-CovidProject,MT,Cases,0.261130485509934,2021-05-03,3
IEM_Health-CovidProject,NO,Cases,0.281767376602269,2021-05-03,3
IEM_Health-CovidProject,PT,Cases,0.289137016835654,2021-05-03,3
IEM_Health-CovidProject,PT,Deaths,0.425651654251799,2021-05-03,3
IEM_Health-CovidProject,RO,Deaths,0.282331464081996,2021-05-03,3
IEM_Health-CovidProject,SI,Cases,0.321660318149068,2021-05-03,3
IEM_Health-CovidProject,SI,Deaths,0.320011815849851,2021-05-03,3
IEM_Health-CovidProject,SK,Cases,0.377688671294643,2021-05-03,3
ILM-EKF,BE,Cases,0.396498047583517,2021-05-03,3
ILM-EKF,BG,Cases,0.254120529457121,2021-05-03,3
ILM-EKF,BG,Deaths,0.208533650860484,2021-05-03,3
ILM-EKF,CY,Cases,0.386514560679083,2021-05-03,3
ILM-EKF,EE,Cases,0.374464894409326,2021-05-03,3
ILM-EKF,GR,Cases,0.275841285418938,2021-05-03,3
ILM-EKF,HU,Cases,0.307772936717285,2021-05-03,3
ILM-EKF,IT,Deaths,0.311556847344744,2021-05-03,3
ILM-EKF,LT,Cases,0.286333348345014,2021-05-03,3
ILM-EKF,MT,Cases,0.372115388401057,2021-05-03,3
ILM-EKF,PT,Cases,0.352897987088006,2021-05-03,3
ILM-EKF,PT,Deaths,0.245868850956334,2021-05-03,3
ILM-EKF,RO,Cases,0.142221644520727,2021-05-03,3
ILM-EKF,RO,Deaths,0.32519529167519,2021-05-03,3
ILM-EKF,SI,Cases,0.295906007087037,2021-05-03,3
ILM-EKF,SK,Cases,0.24962678494848,2021-05-03,3
ILM-EKF,SK,Deaths,0.341801766653084,2021-05-03,3
RobertWalraven-ESG,BE,Deaths,0.360373213773188,2021-05-03,3
RobertWalraven-ESG,BG,Deaths,0.442064740434304,2021-05-03,3
RobertWalraven-ESG,FI,Deaths,0.356083883327089,2021-05-03,3
RobertWalraven-ESG,GR,Deaths,0.412596856080486,2021-05-03,3
RobertWalraven-ESG,HR,Deaths,0.373489179663982,2021-05-03,3
RobertWalraven-ESG,MT,Deaths,0.263101781280636,2021-05-03,3
RobertWalraven-ESG,PT,Deaths,0.328479494791867,2021-05-03,3
RobertWalraven-ESG,RO,Deaths,0.392473244242815,2021-05-03,3
RobertWalraven-ESG,SI,Deaths,0.380446718753209,2021-05-03,3
UMass-MechBayes,BG,Deaths,0.349401608705212,2021-05-03,3
UMass-MechBayes,CY,Deaths,0.371821863621732,2021-05-03,3
UMass-MechBayes,EE,Deaths,0.287365424191498,2021-05-03,3
UMass-MechBayes,FI,Deaths,0.377248399124468,2021-05-03,3
UMass-MechBayes,GR,Deaths,0.300302553382457,2021-05-03,3
UMass-MechBayes,HU,Deaths,0.395898454659961,2021-05-03,3
UMass-MechBayes,IT,Deaths,0.269840086977394,2021-05-03,3
UMass-MechBayes,LT,Deaths,0.376181354540419,2021-05-03,3
UMass-MechBayes,LV,Deaths,0.344241604182161,2021-05-03,3
UMass-MechBayes,MT,Deaths,0.374088394763387,2021-05-03,3
UMass-MechBayes,SI,Deaths,0.299541465396941,2021-05-03,3
UMass-MechBayes,SK,Deaths,0.325963341249589,2021-05-03,3
UMass-SemiMech,AT,Cases,0.307690601114762,2021-05-03,3
UMass-SemiMech,AT,Deaths,0.378008492694994,2021-05-03,3
UMass-SemiMech,BE,Cases,0.259124159890615,2021-05-03,3
UMass-SemiMech,BG,Cases,0.25956682348155,2021-05-03,3
UMass-SemiMech,CY,Deaths,0.30621138380662,2021-05-03,3
UMass-SemiMech,EE,Cases,0.274623137946889,2021-05-03,3
UMass-SemiMech,EE,Deaths,0.3948621136847,2021-05-03,3
UMass-SemiMech,ES,Cases,0.25370953675374,2021-05-03,3
UMass-SemiMech,FI,Cases,0.276047754976379,2021-05-03,3
UMass-SemiMech,GR,Cases,0.403161361719997,2021-05-03,3
UMass-SemiMech,GR,Deaths,0.287100590537057,2021-05-03,3
UMass-SemiMech,HR,Cases,0.477883073513744,2021-05-03,3
UMass-SemiMech,HR,Deaths,0.329260289660561,2021-05-03,3
UMass-SemiMech,HU,Cases,0.263140111052498,2021-05-03,3
UMass-SemiMech,HU,Deaths,0.35867309013215,2021-05-03,3
UMass-SemiMech,LT,Cases,0.343864459469341,2021-05-03,3
UMass-SemiMech,LT,Deaths,0.369602003346339,2021-05-03,3
UMass-SemiMech,LU,Deaths,0.423308217783773,2021-05-03,3
UMass-SemiMech,LV,Cases,0.323068187413101,2021-05-03,3
UMass-SemiMech,LV,Deaths,0.406625991745993,2021-05-03,3
UMass-SemiMech,MT,Cases,0.36675412608901,2021-05-03,3
UMass-SemiMech,NO,Cases,0.291323399859514,2021-05-03,3
UMass-SemiMech,PT,Cases,0.35796499607634,2021-05-03,3
UMass-SemiMech,RO,Cases,0.143482356795982,2021-05-03,3
UMass-SemiMech,SI,Cases,0.382433674763895,2021-05-03,3
UMass-SemiMech,SK,Cases,0.372684543756878,2021-05-03,3
UMass-SemiMech,SK,Deaths,0.332234892097326,2021-05-03,3
UNIPV-BayesINGARCHX,ES,Cases,0.421666740666586,2021-05-03,3
epiforecasts-EpiExpert,BE,Cases,0.344377792525868,2021-05-03,3
epiforecasts-EpiExpert,BE,Deaths,0.298506005884118,2021-05-03,3
epiforecasts-EpiExpert,IT,Cases,0.334518009619832,2021-05-03,3
epiforecasts-EpiNow2,AT,Cases,0.32655385445733,2021-05-03,3
epiforecasts-EpiNow2,AT,Deaths,0.319017866263271,2021-05-03,3
epiforecasts-EpiNow2,BG,Cases,0.486312647061329,2021-05-03,3
epiforecasts-EpiNow2,CY,Cases,0.300088409259159,2021-05-03,3
epiforecasts-EpiNow2,EE,Cases,0.350911967643785,2021-05-03,3
epiforecasts-EpiNow2,EE,Deaths,0.317772462123802,2021-05-03,3
epiforecasts-EpiNow2,FI,Cases,0.452178443478976,2021-05-03,3
epiforecasts-EpiNow2,FI,Deaths,0.266667717548443,2021-05-03,3
epiforecasts-EpiNow2,GR,Cases,0.320997352861065,2021-05-03,3
epiforecasts-EpiNow2,HR,Cases,0.281545204142065,2021-05-03,3
epiforecasts-EpiNow2,HR,Deaths,0.297250530675457,2021-05-03,3
epiforecasts-EpiNow2,HU,Cases,0.429086952230217,2021-05-03,3
epiforecasts-EpiNow2,HU,Deaths,0.24542845520789,2021-05-03,3
epiforecasts-EpiNow2,IT,Cases,0.322232695311851,2021-05-03,3
epiforecasts-EpiNow2,IT,Deaths,0.418603065677862,2021-05-03,3
epiforecasts-EpiNow2,LU,Deaths,0.292661410003453,2021-05-03,3
epiforecasts-EpiNow2,LV,Cases,0.336561583595464,2021-05-03,3
epiforecasts-EpiNow2,LV,Deaths,0.249132404071846,2021-05-03,3
epiforecasts-EpiNow2,MT,Deaths,0.362809823955978,2021-05-03,3
epiforecasts-EpiNow2,NO,Cases,0.426909223538217,2021-05-03,3
epiforecasts-EpiNow2,RO,Cases,0.714295998683291,2021-05-03,3
IEM_Health-CovidProject,AT,Cases,0.338638614099975,2021-05-10,3
IEM_Health-CovidProject,BE,Deaths,0.297626112681511,2021-05-10,3
IEM_Health-CovidProject,CY,Cases,0.234928396117359,2021-05-10,3
IEM_Health-CovidProject,CY,Deaths,0.292646363693556,2021-05-10,3
IEM_Health-CovidProject,EE,Cases,0.373730550422383,2021-05-10,3
IEM_Health-CovidProject,ES,Cases,0.287562793094594,2021-05-10,3
IEM_Health-CovidProject,FI,Cases,0.359493110643261,2021-05-10,3
IEM_Health-CovidProject,GR,Deaths,0.327589056127447,2021-05-10,3
IEM_Health-CovidProject,IT,Cases,0.34791143148664,2021-05-10,3
IEM_Health-CovidProject,LT,Cases,0.383525426614689,2021-05-10,3
IEM_Health-CovidProject,LT,Deaths,0.31706614234979,2021-05-10,3
IEM_Health-CovidProject,LU,Deaths,0.267245957329357,2021-05-10,3
IEM_Health-CovidProject,LV,Cases,0.356716205359958,2021-05-10,3
IEM_Health-CovidProject,MT,Cases,0.198688086259779,2021-05-10,3
IEM_Health-CovidProject,NO,Cases,0.400492097613951,2021-05-10,3
IEM_Health-CovidProject,PT,Cases,0.341326043849326,2021-05-10,3
IEM_Health-CovidProject,PT,Deaths,0.49787537720782,2021-05-10,3
IEM_Health-CovidProject,SK,Cases,0.372571084270542,2021-05-10,3
ILM-EKF,AT,Cases,0.387735781342563,2021-05-10,3
ILM-EKF,BE,Cases,0.340909651070322,2021-05-10,3
ILM-EKF,BG,Cases,0.433812484572174,2021-05-10,3
ILM-EKF,BG,Deaths,0.249154999077298,2021-05-10,3
ILM-EKF,EE,Cases,0.321840749562329,2021-05-10,3
ILM-EKF,ES,Cases,0.356537199699045,2021-05-10,3
ILM-EKF,FI,Cases,0.31441653596523,2021-05-10,3
ILM-EKF,GR,Cases,0.274035844313378,2021-05-10,3
ILM-EKF,HU,Cases,0.358061834404031,2021-05-10,3
ILM-EKF,IT,Deaths,0.269112959123371,2021-05-10,3
ILM-EKF,MT,Cases,0.50629072925664,2021-05-10,3
ILM-EKF,PT,Deaths,0.221067080782087,2021-05-10,3
ILM-EKF,RO,Cases,0.17497748748152,2021-05-10,3
ILM-EKF,RO,Deaths,0.394035355357276,2021-05-10,3
ILM-EKF,SI,Cases,0.28669459871168,2021-05-10,3
RobertWalraven-ESG,AT,Deaths,0.370054229810025,2021-05-10,3
RobertWalraven-ESG,BG,Deaths,0.389080608227725,2021-05-10,3
RobertWalraven-ESG,FI,Deaths,0.320922085201401,2021-05-10,3
RobertWalraven-ESG,GR,Deaths,0.35176310178485,2021-05-10,3
RobertWalraven-ESG,HR,Deaths,0.52070451984467,2021-05-10,3
RobertWalraven-ESG,LU,Deaths,0.348006516327311,2021-05-10,3
RobertWalraven-ESG,MT,Deaths,0.305656105027626,2021-05-10,3
RobertWalraven-ESG,PT,Deaths,0.281057542010093,2021-05-10,3
RobertWalraven-ESG,SI,Deaths,0.316678391977677,2021-05-10,3
UMass-MechBayes,BG,Deaths,0.361764392694978,2021-05-10,3
UMass-MechBayes,CY,Deaths,0.358186411070723,2021-05-10,3
UMass-MechBayes,EE,Deaths,0.329921056538263,2021-05-10,3
UMass-MechBayes,FI,Deaths,0.40901452874816,2021-05-10,3
UMass-MechBayes,HU,Deaths,0.352414938934993,2021-05-10,3
UMass-MechBayes,IT,Deaths,0.432332661632237,2021-05-10,3
UMass-MechBayes,LT,Deaths,0.366757511682603,2021-05-10,3
UMass-MechBayes,LV,Deaths,0.353726712741869,2021-05-10,3
UMass-MechBayes,MT,Deaths,0.272700963655622,2021-05-10,3
UMass-MechBayes,SI,Deaths,0.359326534249279,2021-05-10,3
UMass-MechBayes,SK,Deaths,0.337891583664352,2021-05-10,3
UMass-SemiMech,BG,Cases,0.194317232480839,2021-05-10,3
UMass-SemiMech,CY,Cases,0.386445979683073,2021-05-10,3
UMass-SemiMech,CY,Deaths,0.349167225235721,2021-05-10,3
UMass-SemiMech,EE,Deaths,0.3099181222325,2021-05-10,3
UMass-SemiMech,GR,Cases,0.325476657640063,2021-05-10,3
UMass-SemiMech,HR,Cases,0.35267608284535,2021-05-10,3
UMass-SemiMech,HU,Cases,0.227685771156364,2021-05-10,3
UMass-SemiMech,HU,Deaths,0.291123967137512,2021-05-10,3
UMass-SemiMech,LT,Cases,0.342407882089967,2021-05-10,3
UMass-SemiMech,LT,Deaths,0.316176345967607,2021-05-10,3
UMass-SemiMech,LU,Deaths,0.384747526343332,2021-05-10,3
UMass-SemiMech,LV,Cases,0.303447396009349,2021-05-10,3
UMass-SemiMech,LV,Deaths,0.362534625209468,2021-05-10,3
UMass-SemiMech,MT,Cases,0.295021184483581,2021-05-10,3
UMass-SemiMech,MT,Deaths,0.421642931316753,2021-05-10,3
UMass-SemiMech,NO,Cases,0.264537488393309,2021-05-10,3
UMass-SemiMech,PT,Cases,0.33860248066799,2021-05-10,3
UMass-SemiMech,RO,Cases,0.123104639236005,2021-05-10,3
UMass-SemiMech,RO,Deaths,0.299546289385377,2021-05-10,3
UMass-SemiMech,SI,Cases,0.341395112825839,2021-05-10,3
UMass-SemiMech,SI,Deaths,0.323995073773045,2021-05-10,3
UMass-SemiMech,SK,Cases,0.379042566158049,2021-05-10,3
UNIPV-BayesINGARCHX,ES,Cases,0.355900007206361,2021-05-10,3
epiforecasts-EpiExpert,AT,Cases,0.273625604557462,2021-05-10,3
epiforecasts-EpiExpert,AT,Deaths,0.330139206473177,2021-05-10,3
epiforecasts-EpiExpert,BE,Cases,0.334520823068573,2021-05-10,3
epiforecasts-EpiExpert,BE,Deaths,0.261869687639058,2021-05-10,3
epiforecasts-EpiExpert,IT,Cases,0.322235585130103,2021-05-10,3
epiforecasts-EpiExpert,SK,Cases,0.248386349571409,2021-05-10,3
epiforecasts-EpiExpert_Rt,AT,Deaths,0.299806563716798,2021-05-10,3
epiforecasts-EpiExpert_Rt,HR,Cases,0.245708225112377,2021-05-10,3
epiforecasts-EpiExpert_Rt,HR,Deaths,0.244301504610205,2021-05-10,3
epiforecasts-EpiExpert_Rt,HU,Deaths,0.356461093927495,2021-05-10,3
epiforecasts-EpiExpert_Rt,IT,Cases,0.329852983383257,2021-05-10,3
epiforecasts-EpiExpert_Rt,PT,Cases,0.320071475482684,2021-05-10,3
epiforecasts-EpiExpert_Rt,SK,Deaths,0.36100228510269,2021-05-10,3
epiforecasts-EpiNow2,BE,Cases,0.324569525861106,2021-05-10,3
epiforecasts-EpiNow2,BE,Deaths,0.440504199679431,2021-05-10,3
epiforecasts-EpiNow2,BG,Cases,0.371870282946987,2021-05-10,3
epiforecasts-EpiNow2,CY,Cases,0.378625624199568,2021-05-10,3
epiforecasts-EpiNow2,EE,Cases,0.304428700015288,2021-05-10,3
epiforecasts-EpiNow2,EE,Deaths,0.360160821229237,2021-05-10,3
epiforecasts-EpiNow2,FI,Cases,0.326090353391508,2021-05-10,3
epiforecasts-EpiNow2,FI,Deaths,0.270063386050439,2021-05-10,3
epiforecasts-EpiNow2,GR,Cases,0.400487498046559,2021-05-10,3
epiforecasts-EpiNow2,GR,Deaths,0.320647842087703,2021-05-10,3
epiforecasts-EpiNow2,HR,Cases,0.401615692042274,2021-05-10,3
epiforecasts-EpiNow2,HR,Deaths,0.234993975545125,2021-05-10,3
epiforecasts-EpiNow2,HU,Cases,0.414252394439606,2021-05-10,3
epiforecasts-EpiNow2,IT,Deaths,0.298554379244392,2021-05-10,3
epiforecasts-EpiNow2,LT,Cases,0.274066691295344,2021-05-10,3
epiforecasts-EpiNow2,LV,Cases,0.339836398630693,2021-05-10,3
epiforecasts-EpiNow2,LV,Deaths,0.283738662048663,2021-05-10,3
epiforecasts-EpiNow2,NO,Cases,0.33497041399274,2021-05-10,3
epiforecasts-EpiNow2,RO,Cases,0.701917873282475,2021-05-10,3
epiforecasts-EpiNow2,RO,Deaths,0.306418355257347,2021-05-10,3
epiforecasts-EpiNow2,SI,Cases,0.371910288462481,2021-05-10,3
epiforecasts-EpiNow2,SK,Deaths,0.301106131232957,2021-05-10,3
IEM_Health-CovidProject,AT,Cases,0.278794528239726,2021-05-17,3
IEM_Health-CovidProject,AT,Deaths,0.289834161143714,2021-05-17,3
IEM_Health-CovidProject,BE,Cases,0.304148263989525,2021-05-17,3
IEM_Health-CovidProject,BE,Deaths,0.280267690429868,2021-05-17,3
IEM_Health-CovidProject,CY,Cases,0.201934278524648,2021-05-17,3
IEM_Health-CovidProject,CY,Deaths,0.302811422057166,2021-05-17,3
IEM_Health-CovidProject,EE,Cases,0.416929573397654,2021-05-17,3
IEM_Health-CovidProject,FI,Cases,0.408667629474076,2021-05-17,3
IEM_Health-CovidProject,HR,Cases,0.22522823530208,2021-05-17,3
IEM_Health-CovidProject,LT,Cases,0.388201885133485,2021-05-17,3
IEM_Health-CovidProject,LT,Deaths,0.401908210470133,2021-05-17,3
IEM_Health-CovidProject,LU,Deaths,0.214351267909009,2021-05-17,3
IEM_Health-CovidProject,LV,Cases,0.334328255673069,2021-05-17,3
IEM_Health-CovidProject,LV,Deaths,0.282511100733061,2021-05-17,3
IEM_Health-CovidProject,MT,Cases,0.197910325707722,2021-05-17,3
IEM_Health-CovidProject,NO,Cases,0.393395512421586,2021-05-17,3
IEM_Health-CovidProject,PT,Cases,0.289626857511592,2021-05-17,3
IEM_Health-CovidProject,PT,Deaths,0.499419899870577,2021-05-17,3
IEM_Health-CovidProject,SI,Cases,0.289651945831814,2021-05-17,3
IEM_Health-CovidProject,SK,Cases,0.410047637119595,2021-05-17,3
ILM-EKF,AT,Cases,0.383779646133372,2021-05-17,3
ILM-EKF,BE,Cases,0.368196535767653,2021-05-17,3
ILM-EKF,BG,Cases,0.446349466980495,2021-05-17,3
ILM-EKF,EE,Cases,0.286891301071143,2021-05-17,3
ILM-EKF,ES,Cases,0.340253974511191,2021-05-17,3
ILM-EKF,FI,Cases,0.277103201766397,2021-05-17,3
ILM-EKF,GR,Cases,0.340298075608715,2021-05-17,3
ILM-EKF,HU,Cases,0.331004540161373,2021-05-17,3
ILM-EKF,IT,Cases,0.359061478982517,2021-05-17,3
ILM-EKF,IT,Deaths,0.276302570208945,2021-05-17,3
ILM-EKF,LV,Cases,0.311830110237584,2021-05-17,3
ILM-EKF,MT,Cases,0.519235055229347,2021-05-17,3
ILM-EKF,RO,Cases,0.356464917245144,2021-05-17,3
ILM-EKF,RO,Deaths,0.349563490553403,2021-05-17,3
ILM-EKF,SI,Cases,0.306411051913602,2021-05-17,3
ILM-EKF,SK,Cases,0.237268527111798,2021-05-17,3
RobertWalraven-ESG,AT,Deaths,0.379708942819442,2021-05-17,3
RobertWalraven-ESG,BE,Deaths,0.370661225316645,2021-05-17,3
RobertWalraven-ESG,BG,Deaths,0.381123255978763,2021-05-17,3
RobertWalraven-ESG,GR,Deaths,0.344716297247931,2021-05-17,3
RobertWalraven-ESG,HR,Deaths,0.342815612126379,2021-05-17,3
RobertWalraven-ESG,LT,Deaths,0.279923463978262,2021-05-17,3
RobertWalraven-ESG,LU,Deaths,0.459638974872199,2021-05-17,3
RobertWalraven-ESG,MT,Deaths,0.381440613236437,2021-05-17,3
RobertWalraven-ESG,PT,Deaths,0.232013596751261,2021-05-17,3
UB-BSLCoV,ES,Cases,0.309513248006462,2021-05-17,3
UMass-MechBayes,BG,Deaths,0.358320181777531,2021-05-17,3
UMass-MechBayes,CY,Deaths,0.373002231975751,2021-05-17,3
UMass-MechBayes,EE,Deaths,0.318035760089653,2021-05-17,3
UMass-MechBayes,FI,Deaths,0.363368016656409,2021-05-17,3
UMass-MechBayes,HR,Deaths,0.347986560595522,2021-05-17,3
UMass-MechBayes,HU,Deaths,0.311534509603768,2021-05-17,3
UMass-MechBayes,IT,Deaths,0.485979735956177,2021-05-17,3
UMass-MechBayes,LT,Deaths,0.318168325551605,2021-05-17,3
UMass-MechBayes,LV,Deaths,0.367146947765881,2021-05-17,3
UMass-MechBayes,MT,Deaths,0.248231544251362,2021-05-17,3
UMass-MechBayes,PT,Deaths,0.268566503378162,2021-05-17,3
UMass-MechBayes,RO,Deaths,0.334996338446596,2021-05-17,3
UMass-MechBayes,SI,Deaths,0.329324994987144,2021-05-17,3
UMass-MechBayes,SK,Deaths,0.353066513852867,2021-05-17,3
UMass-SemiMech,BG,Cases,0.143377547015577,2021-05-17,3
UMass-SemiMech,BG,Deaths,0.260556562243705,2021-05-17,3
UMass-SemiMech,CY,Cases,0.355428226646257,2021-05-17,3
UMass-SemiMech,CY,Deaths,0.324186345967084,2021-05-17,3
UMass-SemiMech,EE,Cases,0.296179125531202,2021-05-17,3
UMass-SemiMech,EE,Deaths,0.306369080503152,2021-05-17,3
UMass-SemiMech,FI,Cases,0.314229168759527,2021-05-17,3
UMass-SemiMech,FI,Deaths,0.323438534931886,2021-05-17,3
UMass-SemiMech,GR,Cases,0.33080202718417,2021-05-17,3
UMass-SemiMech,GR,Deaths,0.294337386524171,2021-05-17,3
UMass-SemiMech,HR,Cases,0.316370510496383,2021-05-17,3
UMass-SemiMech,HU,Cases,0.184372786591535,2021-05-17,3
UMass-SemiMech,HU,Deaths,0.269431611357003,2021-05-17,3
UMass-SemiMech,IT,Cases,0.267333114576802,2021-05-17,3
UMass-SemiMech,LT,Cases,0.341806379750381,2021-05-17,3
UMass-SemiMech,LU,Deaths,0.326009757218793,2021-05-17,3
UMass-SemiMech,LV,Deaths,0.350341951501058,2021-05-17,3
UMass-SemiMech,MT,Cases,0.282854619062931,2021-05-17,3
UMass-SemiMech,MT,Deaths,0.370327842512201,2021-05-17,3
UMass-SemiMech,NO,Cases,0.284402526131367,2021-05-17,3
UMass-SemiMech,PT,Cases,0.371202964773552,2021-05-17,3
UMass-SemiMech,RO,Cases,0.145330777544627,2021-05-17,3
UMass-SemiMech,SI,Deaths,0.304844952839954,2021-05-17,3
UMass-SemiMech,SK,Cases,0.352683835768607,2021-05-17,3
UMass-SemiMech,SK,Deaths,0.277353393993834,2021-05-17,3
epiforecasts-EpiNow2,AT,Cases,0.337425825626901,2021-05-17,3
epiforecasts-EpiNow2,AT,Deaths,0.330456896036844,2021-05-17,3
epiforecasts-EpiNow2,BE,Cases,0.327655200242822,2021-05-17,3
epiforecasts-EpiNow2,BE,Deaths,0.349071084253487,2021-05-17,3
epiforecasts-EpiNow2,BG,Cases,0.410272986003928,2021-05-17,3
epiforecasts-EpiNow2,CY,Cases,0.442637494829096,2021-05-17,3
epiforecasts-EpiNow2,EE,Deaths,0.375595159407196,2021-05-17,3
epiforecasts-EpiNow2,ES,Cases,0.350232777482347,2021-05-17,3
epiforecasts-EpiNow2,FI,Deaths,0.313193448411705,2021-05-17,3
epiforecasts-EpiNow2,GR,Cases,0.328899897207116,2021-05-17,3
epiforecasts-EpiNow2,GR,Deaths,0.360946316227898,2021-05-17,3
epiforecasts-EpiNow2,HR,Cases,0.458401254201537,2021-05-17,3
epiforecasts-EpiNow2,HR,Deaths,0.309197827278099,2021-05-17,3
epiforecasts-EpiNow2,HU,Cases,0.484622673247092,2021-05-17,3
epiforecasts-EpiNow2,HU,Deaths,0.419033879039228,2021-05-17,3
epiforecasts-EpiNow2,IT,Cases,0.373605406440681,2021-05-17,3
epiforecasts-EpiNow2,IT,Deaths,0.237717693834878,2021-05-17,3
epiforecasts-EpiNow2,LT,Cases,0.269991735116133,2021-05-17,3
epiforecasts-EpiNow2,LV,Cases,0.353841634089348,2021-05-17,3
epiforecasts-EpiNow2,NO,Cases,0.322201961447047,2021-05-17,3
epiforecasts-EpiNow2,PT,Cases,0.339170177714856,2021-05-17,3
epiforecasts-EpiNow2,RO,Cases,0.498204305210229,2021-05-17,3
epiforecasts-EpiNow2,RO,Deaths,0.315440171000002,2021-05-17,3
epiforecasts-EpiNow2,SI,Cases,0.403937002254584,2021-05-17,3
epiforecasts-EpiNow2,SI,Deaths,0.365830052172902,2021-05-17,3
epiforecasts-EpiNow2,SK,Deaths,0.369580092153299,2021-05-17,3
IEM_Health-CovidProject,BG,Cases,0.129606140902275,2021-05-24,3
IEM_Health-CovidProject,CY,Cases,0.167137852337272,2021-05-24,3
IEM_Health-CovidProject,EE,Cases,0.422754306205821,2021-05-24,3
IEM_Health-CovidProject,ES,Cases,0.245496259286392,2021-05-24,3
IEM_Health-CovidProject,FI,Cases,0.449548096916277,2021-05-24,3
IEM_Health-CovidProject,GR,Cases,0.379846471961178,2021-05-24,3
IEM_Health-CovidProject,GR,Deaths,0.260451745976836,2021-05-24,3
IEM_Health-CovidProject,HU,Cases,0.0908771650506513,2021-05-24,3
IEM_Health-CovidProject,IT,Deaths,0.257454062608463,2021-05-24,3
IEM_Health-CovidProject,LT,Cases,0.306242090927121,2021-05-24,3
IEM_Health-CovidProject,LT,Deaths,0.381401749336324,2021-05-24,3
IEM_Health-CovidProject,LU,Deaths,0.248243417439696,2021-05-24,3
IEM_Health-CovidProject,LV,Cases,0.33369553141084,2021-05-24,3
IEM_Health-CovidProject,NO,Cases,0.435523498411776,2021-05-24,3
IEM_Health-CovidProject,PT,Cases,0.332328491893025,2021-05-24,3
IEM_Health-CovidProject,PT,Deaths,0.498188530958004,2021-05-24,3
IEM_Health-CovidProject,RO,Cases,0.147447979907743,2021-05-24,3
IEM_Health-CovidProject,SI,Cases,0.271076119764409,2021-05-24,3
IEM_Health-CovidProject,SK,Cases,0.35249905579589,2021-05-24,3
ILM-EKF,AT,Cases,0.339116688751539,2021-05-24,3
ILM-EKF,BE,Cases,0.362284829418233,2021-05-24,3
ILM-EKF,BG,Cases,0.466708739920237,2021-05-24,3
ILM-EKF,EE,Cases,0.300734707938714,2021-05-24,3
ILM-EKF,GR,Cases,0.317005627277972,2021-05-24,3
ILM-EKF,HR,Cases,0.191764420880832,2021-05-24,3
ILM-EKF,HU,Cases,0.400050479106149,2021-05-24,3
ILM-EKF,HU,Deaths,0.274557442602226,2021-05-24,3
ILM-EKF,IT,Cases,0.323634137281144,2021-05-24,3
ILM-EKF,LV,Cases,0.329452213624131,2021-05-24,3
ILM-EKF,MT,Cases,0.382797418628232,2021-05-24,3
ILM-EKF,RO,Cases,0.526105739619068,2021-05-24,3
ILM-EKF,SI,Cases,0.355085112576789,2021-05-24,3
ILM-EKF,SK,Cases,0.222474734740611,2021-05-24,3
ILM-EKF,SK,Deaths,0.28516485641918,2021-05-24,3
RobertWalraven-ESG,AT,Deaths,0.34348459798516,2021-05-24,3
RobertWalraven-ESG,BE,Deaths,0.407316075292051,2021-05-24,3
RobertWalraven-ESG,BG,Deaths,0.366656581223974,2021-05-24,3
RobertWalraven-ESG,GR,Deaths,0.358000580392095,2021-05-24,3
RobertWalraven-ESG,IT,Deaths,0.362123227407594,2021-05-24,3
RobertWalraven-ESG,LT,Deaths,0.30218793127491,2021-05-24,3
RobertWalraven-ESG,LU,Deaths,0.453308085127591,2021-05-24,3
RobertWalraven-ESG,MT,Deaths,0.362178203694842,2021-05-24,3
UB-BSLCoV,ES,Cases,0.404218321740772,2021-05-24,3
UMass-MechBayes,BE,Deaths,0.338759550589716,2021-05-24,3
UMass-MechBayes,BG,Deaths,0.339033835371986,2021-05-24,3
UMass-MechBayes,CY,Deaths,0.341331427925481,2021-05-24,3
UMass-MechBayes,EE,Deaths,0.361383997388465,2021-05-24,3
UMass-MechBayes,FI,Deaths,0.326464321927848,2021-05-24,3
UMass-MechBayes,HR,Deaths,0.35706094618554,2021-05-24,3
UMass-MechBayes,HU,Deaths,0.245987478806649,2021-05-24,3
UMass-MechBayes,IT,Deaths,0.380422709983944,2021-05-24,3
UMass-MechBayes,LT,Deaths,0.316410319388765,2021-05-24,3
UMass-MechBayes,LV,Deaths,0.308585212732172,2021-05-24,3
UMass-MechBayes,PT,Deaths,0.259439943178175,2021-05-24,3
UMass-MechBayes,RO,Deaths,0.377122197917962,2021-05-24,3
UMass-MechBayes,SI,Deaths,0.35273686232169,2021-05-24,3
UMass-MechBayes,SK,Deaths,0.368029156315895,2021-05-24,3
UMass-SemiMech,BG,Deaths,0.29430958340404,2021-05-24,3
UMass-SemiMech,CY,Cases,0.308901249250308,2021-05-24,3
UMass-SemiMech,CY,Deaths,0.296994104610085,2021-05-24,3
UMass-SemiMech,EE,Cases,0.276510985855466,2021-05-24,3
UMass-SemiMech,EE,Deaths,0.310177309213807,2021-05-24,3
UMass-SemiMech,FI,Cases,0.244839165185707,2021-05-24,3
UMass-SemiMech,FI,Deaths,0.333378471482978,2021-05-24,3
UMass-SemiMech,HR,Cases,0.191408487209008,2021-05-24,3
UMass-SemiMech,HR,Deaths,0.239146015155296,2021-05-24,3
UMass-SemiMech,IT,Cases,0.323110405787734,2021-05-24,3
UMass-SemiMech,LT,Cases,0.381302753824026,2021-05-24,3
UMass-SemiMech,LU,Deaths,0.298448497432713,2021-05-24,3
UMass-SemiMech,LV,Cases,0.336852254965029,2021-05-24,3
UMass-SemiMech,LV,Deaths,0.333926671766716,2021-05-24,3
UMass-SemiMech,MT,Cases,0.196370486204188,2021-05-24,3
UMass-SemiMech,MT,Deaths,0.338186781284483,2021-05-24,3
UMass-SemiMech,NO,Cases,0.283902536791602,2021-05-24,3
UMass-SemiMech,PT,Cases,0.37394950439931,2021-05-24,3
UMass-SemiMech,RO,Deaths,0.278071839694369,2021-05-24,3
UMass-SemiMech,SI,Deaths,0.286049626137481,2021-05-24,3
UMass-SemiMech,SK,Cases,0.4250262094635,2021-05-24,3
epiforecasts-EpiExpert,AT,Cases,0.229980989981797,2021-05-24,3
epiforecasts-EpiExpert,AT,Deaths,0.309832928118473,2021-05-24,3
epiforecasts-EpiExpert,BE,Cases,0.311393204945946,2021-05-24,3
epiforecasts-EpiNow2,AT,Cases,0.430902321266664,2021-05-24,3
epiforecasts-EpiNow2,AT,Deaths,0.346682473896367,2021-05-24,3
epiforecasts-EpiNow2,BE,Cases,0.326321965635821,2021-05-24,3
epiforecasts-EpiNow2,BE,Deaths,0.253924374118233,2021-05-24,3
epiforecasts-EpiNow2,BG,Cases,0.403685119177488,2021-05-24,3
epiforecasts-EpiNow2,CY,Cases,0.52396089841242,2021-05-24,3
epiforecasts-EpiNow2,CY,Deaths,0.361674467464434,2021-05-24,3
epiforecasts-EpiNow2,EE,Deaths,0.328438693397728,2021-05-24,3
epiforecasts-EpiNow2,ES,Cases,0.350285418972836,2021-05-24,3
epiforecasts-EpiNow2,FI,Cases,0.305612737898016,2021-05-24,3
epiforecasts-EpiNow2,FI,Deaths,0.340157206589174,2021-05-24,3
epiforecasts-EpiNow2,GR,Cases,0.30314790076085,2021-05-24,3
epiforecasts-EpiNow2,GR,Deaths,0.38154767363107,2021-05-24,3
epiforecasts-EpiNow2,HR,Cases,0.61682709191016,2021-05-24,3
epiforecasts-EpiNow2,HR,Deaths,0.403793038659165,2021-05-24,3
epiforecasts-EpiNow2,HU,Cases,0.509072355843199,2021-05-24,3
epiforecasts-EpiNow2,HU,Deaths,0.479455078591125,2021-05-24,3
epiforecasts-EpiNow2,IT,Cases,0.353255456931122,2021-05-24,3
epiforecasts-EpiNow2,LT,Cases,0.312455155248854,2021-05-24,3
epiforecasts-EpiNow2,LV,Deaths,0.357488115501112,2021-05-24,3
epiforecasts-EpiNow2,MT,Cases,0.420832095167581,2021-05-24,3
epiforecasts-EpiNow2,MT,Deaths,0.299635015020676,2021-05-24,3
epiforecasts-EpiNow2,NO,Cases,0.280573964796622,2021-05-24,3
epiforecasts-EpiNow2,PT,Cases,0.293722003707665,2021-05-24,3
epiforecasts-EpiNow2,PT,Deaths,0.242371525863822,2021-05-24,3
epiforecasts-EpiNow2,RO,Cases,0.326446280473189,2021-05-24,3
epiforecasts-EpiNow2,RO,Deaths,0.344805962387669,2021-05-24,3
epiforecasts-EpiNow2,SI,Cases,0.373838767658802,2021-05-24,3
epiforecasts-EpiNow2,SI,Deaths,0.361213511540829,2021-05-24,3
epiforecasts-EpiNow2,SK,Deaths,0.346805987264925,2021-05-24,3
IEM_Health-CovidProject,BE,Cases,0.287527999046557,2021-05-31,3
IEM_Health-CovidProject,ES,Cases,0.275220670560566,2021-05-31,3
IEM_Health-CovidProject,FI,Cases,0.382281848699705,2021-05-31,3
IEM_Health-CovidProject,FI,Deaths,0.35429079017335,2021-05-31,3
IEM_Health-CovidProject,GR,Cases,0.419069598883764,2021-05-31,3
IEM_Health-CovidProject,GR,Deaths,0.302669907194796,2021-05-31,3
IEM_Health-CovidProject,LT,Deaths,0.3750007598962,2021-05-31,3
IEM_Health-CovidProject,LU,Deaths,0.420630946692315,2021-05-31,3
IEM_Health-CovidProject,LV,Cases,0.320309763030986,2021-05-31,3
IEM_Health-CovidProject,NO,Cases,0.424391397515991,2021-05-31,3
IEM_Health-CovidProject,PT,Cases,0.384767726222099,2021-05-31,3
IEM_Health-CovidProject,PT,Deaths,0.39330857332402,2021-05-31,3
IEM_Health-CovidProject,SK,Cases,0.35702687222381,2021-05-31,3
ILM-EKF,AT,Cases,0.2898484945614,2021-05-31,3
ILM-EKF,BE,Cases,0.390275740905381,2021-05-31,3
ILM-EKF,BG,Cases,0.352078935215184,2021-05-31,3
ILM-EKF,EE,Cases,0.36681390176852,2021-05-31,3
ILM-EKF,ES,Cases,0.20799349769637,2021-05-31,3
ILM-EKF,HR,Cases,0.201650571956957,2021-05-31,3
ILM-EKF,HU,Cases,0.350202033024022,2021-05-31,3
ILM-EKF,HU,Deaths,0.409524970785312,2021-05-31,3
ILM-EKF,IT,Cases,0.300655171683522,2021-05-31,3
ILM-EKF,MT,Cases,0.330664261597366,2021-05-31,3
ILM-EKF,RO,Cases,0.497811210282436,2021-05-31,3
ILM-EKF,RO,Deaths,0.278037302212966,2021-05-31,3
ILM-EKF,SI,Cases,0.322645073649733,2021-05-31,3
ILM-EKF,SK,Cases,0.22643713014439,2021-05-31,3
MUNI-ARIMA,AT,Cases,0.351549683892165,2021-05-31,3
MUNI-ARIMA,BE,Deaths,0.213881015809733,2021-05-31,3
MUNI-ARIMA,BG,Cases,0.281753004372295,2021-05-31,3
MUNI-ARIMA,CY,Cases,0.20464473833997,2021-05-31,3
MUNI-ARIMA,EE,Cases,0.253239835520686,2021-05-31,3
MUNI-ARIMA,FI,Cases,0.288235093475103,2021-05-31,3
MUNI-ARIMA,FI,Deaths,0.282051541304789,2021-05-31,3
MUNI-ARIMA,GR,Cases,0.292720603526591,2021-05-31,3
MUNI-ARIMA,GR,Deaths,0.281836003573934,2021-05-31,3
MUNI-ARIMA,HR,Cases,0.221502793771902,2021-05-31,3
MUNI-ARIMA,HU,Cases,0.282849677458589,2021-05-31,3
MUNI-ARIMA,IT,Cases,0.316781005685997,2021-05-31,3
MUNI-ARIMA,LT,Cases,0.282140411992508,2021-05-31,3
MUNI-ARIMA,MT,Cases,0.286791932651951,2021-05-31,3
MUNI-ARIMA,RO,Cases,0.26077082749138,2021-05-31,3
MUNI-ARIMA,SI,Cases,0.267485901431301,2021-05-31,3
RobertWalraven-ESG,AT,Deaths,0.384260702541644,2021-05-31,3
RobertWalraven-ESG,BE,Deaths,0.386220116188621,2021-05-31,3
RobertWalraven-ESG,BG,Deaths,0.456202788429405,2021-05-31,3
RobertWalraven-ESG,EE,Deaths,0.30184273793429,2021-05-31,3
RobertWalraven-ESG,GR,Deaths,0.415494089231271,2021-05-31,3
RobertWalraven-ESG,IT,Deaths,0.326713787856611,2021-05-31,3
RobertWalraven-ESG,LT,Deaths,0.302728864715056,2021-05-31,3
RobertWalraven-ESG,LU,Deaths,0.292869210547453,2021-05-31,3
RobertWalraven-ESG,MT,Deaths,0.368509355078108,2021-05-31,3
RobertWalraven-ESG,SK,Deaths,0.308114754273876,2021-05-31,3
UB-BSLCoV,ES,Cases,0.516785831743063,2021-05-31,3
UMass-MechBayes,BE,Deaths,0.399898868001646,2021-05-31,3
UMass-MechBayes,BG,Deaths,0.285542342628307,2021-05-31,3
UMass-MechBayes,CY,Deaths,0.350645563499511,2021-05-31,3
UMass-MechBayes,EE,Deaths,0.389339724949399,2021-05-31,3
UMass-MechBayes,HR,Deaths,0.309230371394015,2021-05-31,3
UMass-MechBayes,HU,Deaths,0.299873196938021,2021-05-31,3
UMass-MechBayes,IT,Deaths,0.408786602415741,2021-05-31,3
UMass-MechBayes,LT,Deaths,0.322270375388744,2021-05-31,3
UMass-MechBayes,LV,Deaths,0.356319764829671,2021-05-31,3
UMass-MechBayes,MT,Deaths,0.291899273273557,2021-05-31,3
UMass-MechBayes,PT,Deaths,0.283832519160874,2021-05-31,3
UMass-MechBayes,RO,Deaths,0.378881004525446,2021-05-31,3
UMass-MechBayes,SI,Deaths,0.364053665778006,2021-05-31,3
UMass-MechBayes,SK,Deaths,0.38240625345003,2021-05-31,3
UMass-SemiMech,AT,Deaths,0.288801595485456,2021-05-31,3
UMass-SemiMech,BG,Deaths,0.258254868942288,2021-05-31,3
UMass-SemiMech,CY,Cases,0.124266496425989,2021-05-31,3
UMass-SemiMech,CY,Deaths,0.291624798493907,2021-05-31,3
UMass-SemiMech,EE,Deaths,0.30881753711631,2021-05-31,3
UMass-SemiMech,FI,Cases,0.329483057825192,2021-05-31,3
UMass-SemiMech,FI,Deaths,0.363657668521861,2021-05-31,3
UMass-SemiMech,GR,Cases,0.288209797589644,2021-05-31,3
UMass-SemiMech,HR,Deaths,0.22317698318212,2021-05-31,3
UMass-SemiMech,HU,Deaths,0.290601832276667,2021-05-31,3
UMass-SemiMech,IT,Deaths,0.264499609727648,2021-05-31,3
UMass-SemiMech,LT,Cases,0.347412580238024,2021-05-31,3
UMass-SemiMech,LU,Deaths,0.286499842760232,2021-05-31,3
UMass-SemiMech,LV,Cases,0.347964888815352,2021-05-31,3
UMass-SemiMech,LV,Deaths,0.285406316001257,2021-05-31,3
UMass-SemiMech,MT,Deaths,0.339591371648335,2021-05-31,3
UMass-SemiMech,NO,Cases,0.304901902400984,2021-05-31,3
UMass-SemiMech,PT,Cases,0.307745844063576,2021-05-31,3
UMass-SemiMech,RO,Deaths,0.343081693261588,2021-05-31,3
UMass-SemiMech,SI,Deaths,0.263601791663605,2021-05-31,3
UMass-SemiMech,SK,Cases,0.4165359976318,2021-05-31,3
epiforecasts-EpiNow2,AT,Cases,0.358601821546435,2021-05-31,3
epiforecasts-EpiNow2,AT,Deaths,0.3269377019729,2021-05-31,3
epiforecasts-EpiNow2,BE,Cases,0.322196260048062,2021-05-31,3
epiforecasts-EpiNow2,BG,Cases,0.366168060412521,2021-05-31,3
epiforecasts-EpiNow2,CY,Cases,0.671088765234041,2021-05-31,3
epiforecasts-EpiNow2,CY,Deaths,0.357729638006582,2021-05-31,3
epiforecasts-EpiNow2,EE,Cases,0.379946262710794,2021-05-31,3
epiforecasts-EpiNow2,HR,Cases,0.576846634271141,2021-05-31,3
epiforecasts-EpiNow2,HR,Deaths,0.467592645423865,2021-05-31,3
epiforecasts-EpiNow2,HU,Cases,0.366948289517389,2021-05-31,3
epiforecasts-EpiNow2,IT,Cases,0.382563822630482,2021-05-31,3
epiforecasts-EpiNow2,LT,Cases,0.370447007769468,2021-05-31,3
epiforecasts-EpiNow2,LV,Cases,0.331725348153663,2021-05-31,3
epiforecasts-EpiNow2,LV,Deaths,0.358273919169072,2021-05-31,3
epiforecasts-EpiNow2,MT,Cases,0.382543805750684,2021-05-31,3
epiforecasts-EpiNow2,NO,Cases,0.270706700083025,2021-05-31,3
epiforecasts-EpiNow2,PT,Cases,0.307486429714325,2021-05-31,3
epiforecasts-EpiNow2,PT,Deaths,0.322858907515107,2021-05-31,3
epiforecasts-EpiNow2,RO,Cases,0.241417962226184,2021-05-31,3
epiforecasts-EpiNow2,SI,Cases,0.409869024918965,2021-05-31,3
epiforecasts-EpiNow2,SI,Deaths,0.372344542558389,2021-05-31,3
epiforecasts-EpiNow2,SK,Deaths,0.309478992276093,2021-05-31,3
IEM_Health-CovidProject,AT,Deaths,0.321456353825515,2021-06-07,3
IEM_Health-CovidProject,ES,Cases,0.328721452055361,2021-06-07,3
IEM_Health-CovidProject,LT,Deaths,0.327459403453314,2021-06-07,3
IEM_Health-CovidProject,LU,Deaths,0.449670010680203,2021-06-07,3
IEM_Health-CovidProject,LV,Cases,0.30013075290697,2021-06-07,3
IEM_Health-CovidProject,NO,Cases,0.381801325361209,2021-06-07,3
IEM_Health-CovidProject,PT,Cases,0.427431241692786,2021-06-07,3
IEM_Health-CovidProject,PT,Deaths,0.392309146449669,2021-06-07,3
IEM_Health-CovidProject,RO,Deaths,0.36791198526185,2021-06-07,3
IEM_Health-CovidProject,SK,Cases,0.327234996621509,2021-06-07,3
ILM-EKF,AT,Cases,0.277747632339907,2021-06-07,3
ILM-EKF,BE,Cases,0.383039140491163,2021-06-07,3
ILM-EKF,BG,Cases,0.361988334254225,2021-06-07,3
ILM-EKF,EE,Cases,0.331720548838126,2021-06-07,3
ILM-EKF,ES,Cases,0.312648214965527,2021-06-07,3
ILM-EKF,FI,Cases,0.350380302635941,2021-06-07,3
ILM-EKF,HU,Cases,0.366775422988653,2021-06-07,3
ILM-EKF,HU,Deaths,0.342714131906226,2021-06-07,3
ILM-EKF,IT,Cases,0.252611917920132,2021-06-07,3
ILM-EKF,MT,Cases,0.328574947334393,2021-06-07,3
ILM-EKF,RO,Cases,0.38186364521135,2021-06-07,3
ILM-EKF,RO,Deaths,0.288280160696558,2021-06-07,3
ILM-EKF,SI,Cases,0.300559138495037,2021-06-07,3
ILM-EKF,SK,Cases,0.230703380412963,2021-06-07,3
ILM-EKF,SK,Deaths,0.319277989808449,2021-06-07,3
MUNI-ARIMA,AT,Cases,0.39859389429108,2021-06-07,3
MUNI-ARIMA,BE,Deaths,0.25513661108633,2021-06-07,3
MUNI-ARIMA,BG,Cases,0.28127435324448,2021-06-07,3
MUNI-ARIMA,CY,Cases,0.237736473729849,2021-06-07,3
MUNI-ARIMA,EE,Cases,0.328125975378868,2021-06-07,3
MUNI-ARIMA,FI,Cases,0.327789906699186,2021-06-07,3
MUNI-ARIMA,FI,Deaths,0.330320422591951,2021-06-07,3
MUNI-ARIMA,GR,Cases,0.318297198274837,2021-06-07,3
MUNI-ARIMA,GR,Deaths,0.249564497242772,2021-06-07,3
MUNI-ARIMA,HR,Cases,0.19969081121211,2021-06-07,3
MUNI-ARIMA,HU,Deaths,0.26411016930852,2021-06-07,3
MUNI-ARIMA,IT,Cases,0.286405696244061,2021-06-07,3
MUNI-ARIMA,LT,Cases,0.391980215931955,2021-06-07,3
MUNI-ARIMA,LV,Deaths,0.224903716332515,2021-06-07,3
MUNI-ARIMA,MT,Cases,0.340391681912119,2021-06-07,3
MUNI-ARIMA,RO,Cases,0.396732472366273,2021-06-07,3
MUNI-ARIMA,RO,Deaths,0.343807854041592,2021-06-07,3
MUNI-ARIMA,SI,Cases,0.308100681902962,2021-06-07,3
RobertWalraven-ESG,AT,Deaths,0.36307473894555,2021-06-07,3
RobertWalraven-ESG,BE,Cases,0.295122325875868,2021-06-07,3
RobertWalraven-ESG,BE,Deaths,0.333365897854306,2021-06-07,3
RobertWalraven-ESG,BG,Deaths,0.369806580309052,2021-06-07,3
RobertWalraven-ESG,CY,Cases,0.270379890093636,2021-06-07,3
RobertWalraven-ESG,CY,Deaths,0.245958916992119,2021-06-07,3
RobertWalraven-ESG,EE,Deaths,0.270346527733465,2021-06-07,3
RobertWalraven-ESG,GR,Cases,0.343391247103007,2021-06-07,3
RobertWalraven-ESG,GR,Deaths,0.407694506253552,2021-06-07,3
RobertWalraven-ESG,HR,Cases,0.193517614762548,2021-06-07,3
RobertWalraven-ESG,HU,Cases,0.28032115950295,2021-06-07,3
RobertWalraven-ESG,HU,Deaths,0.393175698785254,2021-06-07,3
RobertWalraven-ESG,LT,Deaths,0.32490608048111,2021-06-07,3
RobertWalraven-ESG,MT,Deaths,0.353590120136917,2021-06-07,3
RobertWalraven-ESG,NO,Cases,0.262461333288453,2021-06-07,3
UB-BSLCoV,ES,Cases,0.358630332979112,2021-06-07,3
UMass-MechBayes,BE,Deaths,0.411497491059364,2021-06-07,3
UMass-MechBayes,BG,Deaths,0.344300542512906,2021-06-07,3
UMass-MechBayes,CY,Deaths,0.42359863241925,2021-06-07,3
UMass-MechBayes,EE,Deaths,0.420478641875356,2021-06-07,3
UMass-MechBayes,FI,Deaths,0.325773291401561,2021-06-07,3
UMass-MechBayes,GR,Deaths,0.342740996503677,2021-06-07,3
UMass-MechBayes,HR,Deaths,0.263683588738229,2021-06-07,3
UMass-MechBayes,IT,Deaths,0.395929164580746,2021-06-07,3
UMass-MechBayes,LT,Deaths,0.347634516065576,2021-06-07,3
UMass-MechBayes,LU,Deaths,0.268596554714179,2021-06-07,3
UMass-MechBayes,LV,Deaths,0.40487498631232,2021-06-07,3
UMass-MechBayes,MT,Deaths,0.302986481761969,2021-06-07,3
UMass-MechBayes,PT,Deaths,0.262183663086306,2021-06-07,3
UMass-MechBayes,SI,Deaths,0.404503757454283,2021-06-07,3
UMass-MechBayes,SK,Deaths,0.394488097145206,2021-06-07,3
UMass-SemiMech,BG,Deaths,0.285892877178043,2021-06-07,3
UMass-SemiMech,CY,Deaths,0.330442450588631,2021-06-07,3
UMass-SemiMech,EE,Deaths,0.309174830391179,2021-06-07,3
UMass-SemiMech,FI,Cases,0.321829790664873,2021-06-07,3
UMass-SemiMech,FI,Deaths,0.343906286006489,2021-06-07,3
UMass-SemiMech,HR,Deaths,0.223159386699241,2021-06-07,3
UMass-SemiMech,IT,Deaths,0.300500263555241,2021-06-07,3
UMass-SemiMech,LT,Cases,0.247809132446591,2021-06-07,3
UMass-SemiMech,LU,Deaths,0.281733434605618,2021-06-07,3
UMass-SemiMech,LV,Cases,0.304790902206473,2021-06-07,3
UMass-SemiMech,MT,Deaths,0.343423398101113,2021-06-07,3
UMass-SemiMech,NO,Cases,0.355737341350337,2021-06-07,3
UMass-SemiMech,PT,Cases,0.328435575012577,2021-06-07,3
UMass-SemiMech,SI,Deaths,0.24741565531814,2021-06-07,3
UMass-SemiMech,SK,Cases,0.442061622965528,2021-06-07,3
epiforecasts-EpiNow2,AT,Cases,0.323658473369013,2021-06-07,3
epiforecasts-EpiNow2,AT,Deaths,0.315468907228936,2021-06-07,3
epiforecasts-EpiNow2,BE,Cases,0.321838533632969,2021-06-07,3
epiforecasts-EpiNow2,BG,Cases,0.356737312501295,2021-06-07,3
epiforecasts-EpiNow2,CY,Cases,0.491883636176515,2021-06-07,3
epiforecasts-EpiNow2,EE,Cases,0.340153475783006,2021-06-07,3
epiforecasts-EpiNow2,GR,Cases,0.338311554622156,2021-06-07,3
epiforecasts-EpiNow2,HR,Cases,0.606791574025342,2021-06-07,3
epiforecasts-EpiNow2,HR,Deaths,0.51315702456253,2021-06-07,3
epiforecasts-EpiNow2,HU,Cases,0.352903417508396,2021-06-07,3
epiforecasts-EpiNow2,IT,Cases,0.460982385835807,2021-06-07,3
epiforecasts-EpiNow2,IT,Deaths,0.303570571864013,2021-06-07,3
epiforecasts-EpiNow2,LT,Cases,0.360210651621454,2021-06-07,3
epiforecasts-EpiNow2,LV,Cases,0.395078344886557,2021-06-07,3
epiforecasts-EpiNow2,LV,Deaths,0.370221297355165,2021-06-07,3
epiforecasts-EpiNow2,MT,Cases,0.331033370753488,2021-06-07,3
epiforecasts-EpiNow2,PT,Cases,0.244133183294637,2021-06-07,3
epiforecasts-EpiNow2,PT,Deaths,0.345507190464025,2021-06-07,3
epiforecasts-EpiNow2,RO,Cases,0.221403882422377,2021-06-07,3
epiforecasts-EpiNow2,SI,Cases,0.391340179602002,2021-06-07,3
epiforecasts-EpiNow2,SI,Deaths,0.348080587227577,2021-06-07,3
epiforecasts-EpiNow2,SK,Deaths,0.286233913046345,2021-06-07,3
IEM_Health-CovidProject,AT,Cases,0.269854537910803,2021-06-14,3
IEM_Health-CovidProject,AT,Deaths,0.382021375578675,2021-06-14,3
IEM_Health-CovidProject,BE,Cases,0.3071573996682,2021-06-14,3
IEM_Health-CovidProject,BE,Deaths,0.251811226791943,2021-06-14,3
IEM_Health-CovidProject,ES,Cases,0.381738778163735,2021-06-14,3
IEM_Health-CovidProject,GR,Deaths,0.330337064403724,2021-06-14,3
IEM_Health-CovidProject,LV,Cases,0.277685235894702,2021-06-14,3
IEM_Health-CovidProject,NO,Cases,0.304162478611232,2021-06-14,3
IEM_Health-CovidProject,PT,Cases,0.442223095689266,2021-06-14,3
IEM_Health-CovidProject,PT,Deaths,0.332757323398845,2021-06-14,3
IEM_Health-CovidProject,RO,Deaths,0.377159038673829,2021-06-14,3
IEM_Health-CovidProject,SK,Cases,0.281706623635579,2021-06-14,3
ILM-EKF,AT,Cases,0.373226264794476,2021-06-14,3
ILM-EKF,AT,Deaths,0.284875474830587,2021-06-14,3
ILM-EKF,BE,Cases,0.373095728337013,2021-06-14,3
ILM-EKF,BG,Cases,0.333034199708052,2021-06-14,3
ILM-EKF,EE,Cases,0.183519818484533,2021-06-14,3
ILM-EKF,FI,Cases,0.367538878309403,2021-06-14,3
ILM-EKF,HR,Cases,0.249990804389627,2021-06-14,3
ILM-EKF,HU,Cases,0.389700921171473,2021-06-14,3
ILM-EKF,HU,Deaths,0.337729617211804,2021-06-14,3
ILM-EKF,IT,Cases,0.234959279829673,2021-06-14,3
ILM-EKF,MT,Cases,0.37249194524552,2021-06-14,3
ILM-EKF,RO,Cases,0.216997082096806,2021-06-14,3
ILM-EKF,SI,Cases,0.294692386900695,2021-06-14,3
ILM-EKF,SK,Cases,0.226258493515404,2021-06-14,3
ILM-EKF,SK,Deaths,0.32619501129206,2021-06-14,3
MUNI-ARIMA,AT,Cases,0.356919197294721,2021-06-14,3
MUNI-ARIMA,AT,Deaths,0.333103149590738,2021-06-14,3
MUNI-ARIMA,BG,Cases,0.301280389808148,2021-06-14,3
MUNI-ARIMA,CY,Cases,0.307542789791627,2021-06-14,3
MUNI-ARIMA,EE,Cases,0.444760250394292,2021-06-14,3
MUNI-ARIMA,ES,Cases,0.317390981631885,2021-06-14,3
MUNI-ARIMA,HU,Cases,0.277972343693752,2021-06-14,3
MUNI-ARIMA,HU,Deaths,0.306325661762588,2021-06-14,3
MUNI-ARIMA,IT,Cases,0.286516839645074,2021-06-14,3
MUNI-ARIMA,LT,Cases,0.396947970543756,2021-06-14,3
MUNI-ARIMA,LV,Cases,0.357773291841757,2021-06-14,3
MUNI-ARIMA,MT,Cases,0.283105895848921,2021-06-14,3
MUNI-ARIMA,RO,Cases,0.284647246808984,2021-06-14,3
MUNI-ARIMA,RO,Deaths,0.322514997782161,2021-06-14,3
MUNI-ARIMA,SI,Cases,0.203063637062036,2021-06-14,3
RobertWalraven-ESG,BG,Deaths,0.301011647165301,2021-06-14,3
RobertWalraven-ESG,CY,Cases,0.301550831819847,2021-06-14,3
RobertWalraven-ESG,EE,Deaths,0.355330169652608,2021-06-14,3
RobertWalraven-ESG,FI,Cases,0.320544023601948,2021-06-14,3
RobertWalraven-ESG,GR,Cases,0.351181883618743,2021-06-14,3
RobertWalraven-ESG,GR,Deaths,0.432911909697395,2021-06-14,3
RobertWalraven-ESG,HR,Cases,0.248477737243544,2021-06-14,3
RobertWalraven-ESG,HU,Deaths,0.355944721025608,2021-06-14,3
RobertWalraven-ESG,LT,Cases,0.192384858670867,2021-06-14,3
RobertWalraven-ESG,LU,Deaths,0.319802307750881,2021-06-14,3
RobertWalraven-ESG,MT,Deaths,0.313580697463102,2021-06-14,3
RobertWalraven-ESG,NO,Cases,0.334632543962731,2021-06-14,3
UB-BSLCoV,ES,Cases,0.30087024020438,2021-06-14,3
UMass-MechBayes,BE,Deaths,0.44623051191868,2021-06-14,3
UMass-MechBayes,BG,Deaths,0.384776078523069,2021-06-14,3
UMass-MechBayes,CY,Deaths,0.353763501209414,2021-06-14,3
UMass-MechBayes,EE,Deaths,0.371486149971636,2021-06-14,3
UMass-MechBayes,FI,Deaths,0.380873277706571,2021-06-14,3
UMass-MechBayes,GR,Deaths,0.236751025898881,2021-06-14,3
UMass-MechBayes,HR,Deaths,0.228861668067143,2021-06-14,3
UMass-MechBayes,IT,Deaths,0.355658646030337,2021-06-14,3
UMass-MechBayes,LT,Deaths,0.340232127424855,2021-06-14,3
UMass-MechBayes,LU,Deaths,0.315527867384849,2021-06-14,3
UMass-MechBayes,LV,Deaths,0.430647727578997,2021-06-14,3
UMass-MechBayes,MT,Deaths,0.334551022064543,2021-06-14,3
UMass-MechBayes,PT,Deaths,0.288357979041457,2021-06-14,3
UMass-MechBayes,SI,Deaths,0.391473220808119,2021-06-14,3
UMass-MechBayes,SK,Deaths,0.392136869365192,2021-06-14,3
UMass-SemiMech,BE,Deaths,0.301958261289377,2021-06-14,3
UMass-SemiMech,CY,Deaths,0.323782142629024,2021-06-14,3
UMass-SemiMech,EE,Deaths,0.273183680375756,2021-06-14,3
UMass-SemiMech,FI,Cases,0.311917098088649,2021-06-14,3
UMass-SemiMech,FI,Deaths,0.347472366316194,2021-06-14,3
UMass-SemiMech,GR,Cases,0.331433198876511,2021-06-14,3
UMass-SemiMech,HR,Deaths,0.238468598238374,2021-06-14,3
UMass-SemiMech,IT,Deaths,0.340045544044029,2021-06-14,3
UMass-SemiMech,LT,Deaths,0.295659301094147,2021-06-14,3
UMass-SemiMech,LV,Deaths,0.25421944230302,2021-06-14,3
UMass-SemiMech,MT,Cases,0.344402158905559,2021-06-14,3
UMass-SemiMech,MT,Deaths,0.351868280472355,2021-06-14,3
UMass-SemiMech,NO,Cases,0.361204977426037,2021-06-14,3
UMass-SemiMech,PT,Cases,0.260679198724481,2021-06-14,3
UMass-SemiMech,RO,Deaths,0.30032596354401,2021-06-14,3
UMass-SemiMech,SI,Deaths,0.235839956525538,2021-06-14,3
UMass-SemiMech,SK,Cases,0.492034882849017,2021-06-14,3
epiforecasts-EpiNow2,BE,Cases,0.319746871994787,2021-06-14,3
epiforecasts-EpiNow2,BG,Cases,0.3656854104838,2021-06-14,3
epiforecasts-EpiNow2,BG,Deaths,0.31421227431163,2021-06-14,3
epiforecasts-EpiNow2,CY,Cases,0.390906378388525,2021-06-14,3
epiforecasts-EpiNow2,CY,Deaths,0.322454356161563,2021-06-14,3
epiforecasts-EpiNow2,EE,Cases,0.371719931121175,2021-06-14,3
epiforecasts-EpiNow2,FI,Deaths,0.271654355977234,2021-06-14,3
epiforecasts-EpiNow2,GR,Cases,0.317384917504745,2021-06-14,3
epiforecasts-EpiNow2,HR,Cases,0.501531458366829,2021-06-14,3
epiforecasts-EpiNow2,HR,Deaths,0.532669733694483,2021-06-14,3
epiforecasts-EpiNow2,HU,Cases,0.332326735134775,2021-06-14,3
epiforecasts-EpiNow2,IT,Cases,0.478523880525253,2021-06-14,3
epiforecasts-EpiNow2,IT,Deaths,0.304295809925634,2021-06-14,3
epiforecasts-EpiNow2,LT,Cases,0.410667170785377,2021-06-14,3
epiforecasts-EpiNow2,LT,Deaths,0.364108571480997,2021-06-14,3
epiforecasts-EpiNow2,LU,Deaths,0.36466982486427,2021-06-14,3
epiforecasts-EpiNow2,LV,Cases,0.364541472263541,2021-06-14,3
epiforecasts-EpiNow2,LV,Deaths,0.315132830117983,2021-06-14,3
epiforecasts-EpiNow2,PT,Cases,0.297097705586254,2021-06-14,3
epiforecasts-EpiNow2,PT,Deaths,0.378884697559699,2021-06-14,3
epiforecasts-EpiNow2,RO,Cases,0.49835567109421,2021-06-14,3
epiforecasts-EpiNow2,SI,Cases,0.502243976037269,2021-06-14,3
epiforecasts-EpiNow2,SI,Deaths,0.372686822666343,2021-06-14,3
epiforecasts-EpiNow2,SK,Deaths,0.281668119342748,2021-06-14,3
IEM_Health-CovidProject,AT,Cases,0.351179855505029,2021-06-21,3
IEM_Health-CovidProject,AT,Deaths,0.417273568779372,2021-06-21,3
IEM_Health-CovidProject,BE,Cases,0.291867748679462,2021-06-21,3
IEM_Health-CovidProject,BE,Deaths,0.328958948007114,2021-06-21,3
IEM_Health-CovidProject,EE,Cases,0.213948592486125,2021-06-21,3
IEM_Health-CovidProject,GR,Deaths,0.362488298774471,2021-06-21,3
IEM_Health-CovidProject,LT,Deaths,0.291772811406714,2021-06-21,3
IEM_Health-CovidProject,LV,Cases,0.180124892249325,2021-06-21,3
IEM_Health-CovidProject,NO,Cases,0.257662801014182,2021-06-21,3
IEM_Health-CovidProject,PT,Cases,0.352341290238716,2021-06-21,3
IEM_Health-CovidProject,RO,Deaths,0.354602049556243,2021-06-21,3
IEM_Health-CovidProject,SK,Cases,0.265355177985712,2021-06-21,3
ILM-EKF,AT,Cases,0.327640778241554,2021-06-21,3
ILM-EKF,AT,Deaths,0.309255953766229,2021-06-21,3
ILM-EKF,BE,Cases,0.380957096543906,2021-06-21,3
ILM-EKF,BG,Cases,0.371920391192224,2021-06-21,3
ILM-EKF,BG,Deaths,0.273896787455886,2021-06-21,3
ILM-EKF,CY,Cases,0.25136904221631,2021-06-21,3
ILM-EKF,ES,Cases,0.268149551333715,2021-06-21,3
ILM-EKF,FI,Cases,0.297847855629243,2021-06-21,3
ILM-EKF,GR,Cases,0.333569290986184,2021-06-21,3
ILM-EKF,HR,Cases,0.328439870861488,2021-06-21,3
ILM-EKF,HU,Cases,0.405843964933444,2021-06-21,3
ILM-EKF,HU,Deaths,0.314857550360876,2021-06-21,3
ILM-EKF,IT,Cases,0.290760286487296,2021-06-21,3
ILM-EKF,MT,Cases,0.494785933486819,2021-06-21,3
ILM-EKF,PT,Cases,0.324810005818679,2021-06-21,3
ILM-EKF,RO,Cases,0.23131361162748,2021-06-21,3
ILM-EKF,RO,Deaths,0.278491951451633,2021-06-21,3
ILM-EKF,SI,Cases,0.345384235752017,2021-06-21,3
ILM-EKF,SK,Deaths,0.295976721126432,2021-06-21,3
MUNI-ARIMA,AT,Deaths,0.273470477454399,2021-06-21,3
MUNI-ARIMA,BG,Cases,0.235127996072004,2021-06-21,3
MUNI-ARIMA,CY,Cases,0.422087572730669,2021-06-21,3
MUNI-ARIMA,EE,Cases,0.479110636695281,2021-06-21,3
MUNI-ARIMA,ES,Cases,0.376313312005534,2021-06-21,3
MUNI-ARIMA,GR,Cases,0.338173191152245,2021-06-21,3
MUNI-ARIMA,HR,Cases,0.28822664731573,2021-06-21,3
MUNI-ARIMA,HU,Cases,0.230511065782458,2021-06-21,3
MUNI-ARIMA,HU,Deaths,0.333315868828927,2021-06-21,3
MUNI-ARIMA,IT,Cases,0.267364515699051,2021-06-21,3
MUNI-ARIMA,LT,Cases,0.497495541112079,2021-06-21,3
MUNI-ARIMA,LV,Cases,0.298471531649685,2021-06-21,3
MUNI-ARIMA,LV,Deaths,0.275085022074173,2021-06-21,3
MUNI-ARIMA,MT,Cases,0.227848519533819,2021-06-21,3
MUNI-ARIMA,RO,Cases,0.223805572552219,2021-06-21,3
MUNI-ARIMA,RO,Deaths,0.366905998992124,2021-06-21,3
MUNI-ARIMA,SI,Cases,0.255397327900706,2021-06-21,3
MUNI-ARIMA,SK,Cases,0.24519013297562,2021-06-21,3
RobertWalraven-ESG,BE,Deaths,0.261992631665641,2021-06-21,3
RobertWalraven-ESG,CY,Deaths,0.311693367167617,2021-06-21,3
RobertWalraven-ESG,EE,Deaths,0.398060191180734,2021-06-21,3
RobertWalraven-ESG,FI,Cases,0.420891772993354,2021-06-21,3
RobertWalraven-ESG,GR,Deaths,0.403348751860044,2021-06-21,3
RobertWalraven-ESG,LT,Cases,0.155336941314556,2021-06-21,3
RobertWalraven-ESG,LU,Deaths,0.349956166789628,2021-06-21,3
RobertWalraven-ESG,NO,Cases,0.428441300197378,2021-06-21,3
UB-BSLCoV,ES,Cases,0.355537136660751,2021-06-21,3
UMass-MechBayes,BE,Deaths,0.409048420327245,2021-06-21,3
UMass-MechBayes,BG,Deaths,0.384794054209504,2021-06-21,3
UMass-MechBayes,CY,Deaths,0.364707573127117,2021-06-21,3
UMass-MechBayes,EE,Deaths,0.323504670823419,2021-06-21,3
UMass-MechBayes,FI,Deaths,0.438021929238561,2021-06-21,3
UMass-MechBayes,GR,Deaths,0.234162949365485,2021-06-21,3
UMass-MechBayes,HR,Deaths,0.212697507637103,2021-06-21,3
UMass-MechBayes,IT,Deaths,0.323308130804209,2021-06-21,3
UMass-MechBayes,LT,Deaths,0.351771430332641,2021-06-21,3
UMass-MechBayes,LV,Deaths,0.42156846178326,2021-06-21,3
UMass-MechBayes,MT,Deaths,0.333106376462666,2021-06-21,3
UMass-MechBayes,PT,Deaths,0.33540382773293,2021-06-21,3
UMass-MechBayes,SI,Deaths,0.382374500673013,2021-06-21,3
UMass-MechBayes,SK,Deaths,0.343237942233255,2021-06-21,3
UMass-SemiMech,BG,Deaths,0.34130915833461,2021-06-21,3
UMass-SemiMech,CY,Deaths,0.323599059705266,2021-06-21,3
UMass-SemiMech,EE,Deaths,0.278435137995848,2021-06-21,3
UMass-SemiMech,FI,Cases,0.281260371377403,2021-06-21,3
UMass-SemiMech,FI,Deaths,0.347338224683008,2021-06-21,3
UMass-SemiMech,GR,Cases,0.328257517861572,2021-06-21,3
UMass-SemiMech,HR,Deaths,0.249490932007011,2021-06-21,3
UMass-SemiMech,HU,Deaths,0.351826580810197,2021-06-21,3
UMass-SemiMech,IT,Deaths,0.336396025242687,2021-06-21,3
UMass-SemiMech,LU,Deaths,0.291088111517626,2021-06-21,3
UMass-SemiMech,LV,Deaths,0.303346516142567,2021-06-21,3
UMass-SemiMech,MT,Cases,0.277365546979362,2021-06-21,3
UMass-SemiMech,MT,Deaths,0.322328888636197,2021-06-21,3
UMass-SemiMech,NO,Cases,0.31389589878844,2021-06-21,3
UMass-SemiMech,PT,Cases,0.322848703942604,2021-06-21,3
UMass-SemiMech,PT,Deaths,0.309438673395037,2021-06-21,3
UMass-SemiMech,SI,Deaths,0.240579909654676,2021-06-21,3
UMass-SemiMech,SK,Cases,0.489454689038668,2021-06-21,3
UMass-SemiMech,SK,Deaths,0.360785336640314,2021-06-21,3
epiforecasts-EpiNow2,AT,Cases,0.321179366253417,2021-06-21,3
epiforecasts-EpiNow2,BE,Cases,0.327175154776633,2021-06-21,3
epiforecasts-EpiNow2,BG,Cases,0.392951612735772,2021-06-21,3
epiforecasts-EpiNow2,CY,Cases,0.326543385053021,2021-06-21,3
epiforecasts-EpiNow2,EE,Cases,0.306940770818594,2021-06-21,3
epiforecasts-EpiNow2,FI,Deaths,0.214639846078431,2021-06-21,3
epiforecasts-EpiNow2,HR,Cases,0.383333481822782,2021-06-21,3
epiforecasts-EpiNow2,HR,Deaths,0.537811560355887,2021-06-21,3
epiforecasts-EpiNow2,HU,Cases,0.363644969284097,2021-06-21,3
epiforecasts-EpiNow2,IT,Cases,0.441875197813653,2021-06-21,3
epiforecasts-EpiNow2,IT,Deaths,0.340295843953104,2021-06-21,3
epiforecasts-EpiNow2,LT,Cases,0.347167517573365,2021-06-21,3
epiforecasts-EpiNow2,LT,Deaths,0.356455758260645,2021-06-21,3
epiforecasts-EpiNow2,LU,Deaths,0.358955721692745,2021-06-21,3
epiforecasts-EpiNow2,LV,Cases,0.52140357610099,2021-06-21,3
epiforecasts-EpiNow2,MT,Deaths,0.344564734901137,2021-06-21,3
epiforecasts-EpiNow2,PT,Deaths,0.355157498872033,2021-06-21,3
epiforecasts-EpiNow2,RO,Cases,0.544880815820301,2021-06-21,3
epiforecasts-EpiNow2,SI,Cases,0.399218436347277,2021-06-21,3
epiforecasts-EpiNow2,SI,Deaths,0.377045589672311,2021-06-21,3
IEM_Health-CovidProject,AT,Cases,0.344260687601253,2021-06-28,3
IEM_Health-CovidProject,AT,Deaths,0.360946329738921,2021-06-28,3
IEM_Health-CovidProject,BE,Cases,0.305302219187247,2021-06-28,3
IEM_Health-CovidProject,BG,Cases,0.282726731607253,2021-06-28,3
IEM_Health-CovidProject,EE,Cases,0.340803304871741,2021-06-28,3
IEM_Health-CovidProject,FI,Cases,0.3251711833181,2021-06-28,3
IEM_Health-CovidProject,FI,Deaths,0.208690332551095,2021-06-28,3
IEM_Health-CovidProject,GR,Cases,0.346336588779114,2021-06-28,3
IEM_Health-CovidProject,GR,Deaths,0.417626111418634,2021-06-28,3
IEM_Health-CovidProject,HU,Cases,0.28446839096259,2021-06-28,3
IEM_Health-CovidProject,HU,Deaths,0.390467503863211,2021-06-28,3
IEM_Health-CovidProject,LT,Deaths,0.300458853897361,2021-06-28,3
IEM_Health-CovidProject,LV,Cases,0.216674770228344,2021-06-28,3
IEM_Health-CovidProject,RO,Cases,0.330148174232122,2021-06-28,3
IEM_Health-CovidProject,RO,Deaths,0.349698354695155,2021-06-28,3
IEM_Health-CovidProject,SK,Cases,0.255302931425477,2021-06-28,3
ILM-EKF,AT,Cases,0.359208753835184,2021-06-28,3
ILM-EKF,AT,Deaths,0.345916105686341,2021-06-28,3
ILM-EKF,BE,Cases,0.378691499693603,2021-06-28,3
ILM-EKF,BG,Cases,0.336955138099063,2021-06-28,3
ILM-EKF,ES,Cases,0.360395833357159,2021-06-28,3
ILM-EKF,GR,Cases,0.347922287344474,2021-06-28,3
ILM-EKF,HR,Cases,0.395524334101075,2021-06-28,3
ILM-EKF,HU,Cases,0.407696129412565,2021-06-28,3
ILM-EKF,HU,Deaths,0.288970853283727,2021-06-28,3
ILM-EKF,IT,Cases,0.304967468509138,2021-06-28,3
ILM-EKF,MT,Cases,0.500815303696999,2021-06-28,3
ILM-EKF,PT,Cases,0.370527466191456,2021-06-28,3
ILM-EKF,RO,Cases,0.292900366464282,2021-06-28,3
ILM-EKF,SI,Cases,0.302068698468456,2021-06-28,3
ILM-EKF,SK,Deaths,0.309423446241259,2021-06-28,3
MUNI-ARIMA,CY,Cases,0.376621316495326,2021-06-28,3
MUNI-ARIMA,EE,Cases,0.424208948274113,2021-06-28,3
MUNI-ARIMA,ES,Cases,0.338009096614555,2021-06-28,3
MUNI-ARIMA,HR,Cases,0.257612362191288,2021-06-28,3
MUNI-ARIMA,IT,Cases,0.281916067567561,2021-06-28,3
MUNI-ARIMA,LT,Cases,0.412772756023109,2021-06-28,3
MUNI-ARIMA,LV,Cases,0.376887474770968,2021-06-28,3
MUNI-ARIMA,NO,Cases,0.390672860753349,2021-06-28,3
MUNI-ARIMA,PT,Cases,0.318024606392759,2021-06-28,3
MUNI-ARIMA,RO,Deaths,0.371548673047137,2021-06-28,3
MUNI-ARIMA,SI,Cases,0.271371815095547,2021-06-28,3
MUNI-ARIMA,SK,Cases,0.264745126733471,2021-06-28,3
RobertWalraven-ESG,CY,Deaths,0.313743249174407,2021-06-28,3
RobertWalraven-ESG,EE,Deaths,0.386927572959228,2021-06-28,3
RobertWalraven-ESG,GR,Deaths,0.325363088281684,2021-06-28,3
RobertWalraven-ESG,LT,Cases,0.18805313738261,2021-06-28,3
RobertWalraven-ESG,LU,Deaths,0.370537759322603,2021-06-28,3
RobertWalraven-ESG,MT,Cases,0.24008343855413,2021-06-28,3
RobertWalraven-ESG,NO,Cases,0.290869777761695,2021-06-28,3
UB-BSLCoV,ES,Cases,0.301595070028286,2021-06-28,3
UMass-MechBayes,BE,Deaths,0.441601473994048,2021-06-28,3
UMass-MechBayes,BG,Deaths,0.385320092694663,2021-06-28,3
UMass-MechBayes,CY,Deaths,0.346149423326026,2021-06-28,3
UMass-MechBayes,EE,Deaths,0.317136344565958,2021-06-28,3
UMass-MechBayes,FI,Deaths,0.445785342447371,2021-06-28,3
UMass-MechBayes,GR,Deaths,0.257010800299683,2021-06-28,3
UMass-MechBayes,HR,Deaths,0.290965356512466,2021-06-28,3
UMass-MechBayes,IT,Deaths,0.32524454371849,2021-06-28,3
UMass-MechBayes,LT,Deaths,0.351087521996535,2021-06-28,3
UMass-MechBayes,LV,Deaths,0.344664203844154,2021-06-28,3
UMass-MechBayes,MT,Deaths,0.3186911942793,2021-06-28,3
UMass-MechBayes,PT,Deaths,0.380640689089238,2021-06-28,3
UMass-MechBayes,SI,Deaths,0.366593370410295,2021-06-28,3
UMass-MechBayes,SK,Deaths,0.330023632290624,2021-06-28,3
UMass-SemiMech,BE,Deaths,0.296672381399604,2021-06-28,3
UMass-SemiMech,BG,Deaths,0.329529297584207,2021-06-28,3
UMass-SemiMech,CY,Cases,0.346423849374595,2021-06-28,3
UMass-SemiMech,CY,Deaths,0.340107327499567,2021-06-28,3
UMass-SemiMech,EE,Deaths,0.295936082474814,2021-06-28,3
UMass-SemiMech,FI,Cases,0.346915338515529,2021-06-28,3
UMass-SemiMech,FI,Deaths,0.345524325001533,2021-06-28,3
UMass-SemiMech,HR,Deaths,0.326818016948161,2021-06-28,3
UMass-SemiMech,HU,Deaths,0.320561642853062,2021-06-28,3
UMass-SemiMech,IT,Deaths,0.357069057436148,2021-06-28,3
UMass-SemiMech,LU,Deaths,0.262628710349881,2021-06-28,3
UMass-SemiMech,LV,Deaths,0.339826280018513,2021-06-28,3
UMass-SemiMech,MT,Cases,0.259101257748871,2021-06-28,3
UMass-SemiMech,MT,Deaths,0.341536070677524,2021-06-28,3
UMass-SemiMech,NO,Cases,0.318457361484956,2021-06-28,3
UMass-SemiMech,PT,Cases,0.311447927415785,2021-06-28,3
UMass-SemiMech,PT,Deaths,0.317999434299988,2021-06-28,3
UMass-SemiMech,RO,Deaths,0.278752972257708,2021-06-28,3
UMass-SemiMech,SI,Deaths,0.265232614376423,2021-06-28,3
UMass-SemiMech,SK,Cases,0.479951941841052,2021-06-28,3
epiforecasts-EpiNow2,AT,Cases,0.296530558563563,2021-06-28,3
epiforecasts-EpiNow2,AT,Deaths,0.293137564574737,2021-06-28,3
epiforecasts-EpiNow2,BE,Cases,0.31600628111915,2021-06-28,3
epiforecasts-EpiNow2,BE,Deaths,0.261726144606348,2021-06-28,3
epiforecasts-EpiNow2,BG,Cases,0.380318130293685,2021-06-28,3
epiforecasts-EpiNow2,BG,Deaths,0.285150609721129,2021-06-28,3
epiforecasts-EpiNow2,CY,Cases,0.276954834130079,2021-06-28,3
epiforecasts-EpiNow2,EE,Cases,0.234987746854146,2021-06-28,3
epiforecasts-EpiNow2,FI,Cases,0.327913478166372,2021-06-28,3
epiforecasts-EpiNow2,GR,Cases,0.305741123876412,2021-06-28,3
epiforecasts-EpiNow2,HR,Cases,0.346863303707637,2021-06-28,3
epiforecasts-EpiNow2,HR,Deaths,0.382216626539373,2021-06-28,3
epiforecasts-EpiNow2,HU,Cases,0.307835479624845,2021-06-28,3
epiforecasts-EpiNow2,IT,Cases,0.413116463923301,2021-06-28,3
epiforecasts-EpiNow2,IT,Deaths,0.317686398845362,2021-06-28,3
epiforecasts-EpiNow2,LT,Cases,0.39917410659428,2021-06-28,3
epiforecasts-EpiNow2,LT,Deaths,0.348453624106104,2021-06-28,3
epiforecasts-EpiNow2,LU,Deaths,0.366833530327515,2021-06-28,3
epiforecasts-EpiNow2,LV,Cases,0.406437755000688,2021-06-28,3
epiforecasts-EpiNow2,LV,Deaths,0.315509516137333,2021-06-28,3
epiforecasts-EpiNow2,MT,Deaths,0.339772735043177,2021-06-28,3
epiforecasts-EpiNow2,PT,Deaths,0.301359876610774,2021-06-28,3
epiforecasts-EpiNow2,RO,Cases,0.376951459303596,2021-06-28,3
epiforecasts-EpiNow2,SI,Cases,0.426559486435998,2021-06-28,3
epiforecasts-EpiNow2,SI,Deaths,0.368174015213282,2021-06-28,3
epiforecasts-EpiNow2,SK,Deaths,0.360552921468118,2021-06-28,3
IEM_Health-CovidProject,AT,Cases,0.310974686536708,2021-07-05,3
IEM_Health-CovidProject,AT,Deaths,0.365399066327575,2021-07-05,3
IEM_Health-CovidProject,BE,Cases,0.356869043178025,2021-07-05,3
IEM_Health-CovidProject,BG,Cases,0.332662114481591,2021-07-05,3
IEM_Health-CovidProject,EE,Cases,0.357905633528369,2021-07-05,3
IEM_Health-CovidProject,FI,Cases,0.283364730442317,2021-07-05,3
IEM_Health-CovidProject,FI,Deaths,0.430748260937796,2021-07-05,3
IEM_Health-CovidProject,GR,Cases,0.299960793059501,2021-07-05,3
IEM_Health-CovidProject,GR,Deaths,0.417689705599837,2021-07-05,3
IEM_Health-CovidProject,HR,Cases,0.325682997012405,2021-07-05,3
IEM_Health-CovidProject,LT,Deaths,0.25091387705064,2021-07-05,3
IEM_Health-CovidProject,NO,Cases,0.360216237841419,2021-07-05,3
IEM_Health-CovidProject,RO,Cases,0.337666883242602,2021-07-05,3
IEM_Health-CovidProject,RO,Deaths,0.359691123394256,2021-07-05,3
IEM_Health-CovidProject,SK,Cases,0.345153045697359,2021-07-05,3
ILM-EKF,AT,Cases,0.396910319728654,2021-07-05,3
ILM-EKF,AT,Deaths,0.340196111026546,2021-07-05,3
ILM-EKF,BE,Cases,0.361745990430224,2021-07-05,3
ILM-EKF,BG,Cases,0.316975221368146,2021-07-05,3
ILM-EKF,ES,Cases,0.31661190500865,2021-07-05,3
ILM-EKF,HR,Cases,0.351851539209726,2021-07-05,3
ILM-EKF,HU,Cases,0.375767226798363,2021-07-05,3
ILM-EKF,IT,Cases,0.351071635793672,2021-07-05,3
ILM-EKF,LV,Cases,0.264312051321586,2021-07-05,3
ILM-EKF,MT,Cases,0.377577093271898,2021-07-05,3
ILM-EKF,PT,Cases,0.365751616597114,2021-07-05,3
ILM-EKF,RO,Cases,0.278191128071071,2021-07-05,3
ILM-EKF,SI,Cases,0.275021078987583,2021-07-05,3
ILM-EKF,SK,Cases,0.263974773990399,2021-07-05,3
MUNI-ARIMA,CY,Cases,0.311734496236378,2021-07-05,3
MUNI-ARIMA,EE,Cases,0.353222918770629,2021-07-05,3
MUNI-ARIMA,EE,Deaths,0.309402323100083,2021-07-05,3
MUNI-ARIMA,ES,Cases,0.36264806089094,2021-07-05,3
MUNI-ARIMA,FI,Cases,0.360188259972926,2021-07-05,3
MUNI-ARIMA,GR,Cases,0.361640661151101,2021-07-05,3
MUNI-ARIMA,IT,Cases,0.33581424499825,2021-07-05,3
MUNI-ARIMA,LT,Cases,0.408327970218371,2021-07-05,3
MUNI-ARIMA,LV,Cases,0.354936081499186,2021-07-05,3
MUNI-ARIMA,MT,Cases,0.276638619410225,2021-07-05,3
MUNI-ARIMA,NO,Cases,0.324311302764317,2021-07-05,3
MUNI-ARIMA,PT,Cases,0.325773586941358,2021-07-05,3
MUNI-ARIMA,RO,Deaths,0.370141644572911,2021-07-05,3
MUNI-ARIMA,SI,Cases,0.305108657567429,2021-07-05,3
RobertWalraven-ESG,CY,Deaths,0.334569764183581,2021-07-05,3
RobertWalraven-ESG,EE,Deaths,0.421456476169345,2021-07-05,3
RobertWalraven-ESG,GR,Deaths,0.269756714697248,2021-07-05,3
RobertWalraven-ESG,LT,Cases,0.242480076171664,2021-07-05,3
RobertWalraven-ESG,LU,Deaths,0.324833746441267,2021-07-05,3
RobertWalraven-ESG,LV,Deaths,0.311102065852016,2021-07-05,3
RobertWalraven-ESG,MT,Cases,0.345784287317877,2021-07-05,3
RobertWalraven-ESG,RO,Deaths,0.270167232032833,2021-07-05,3
UMass-MechBayes,BE,Deaths,0.417661383465489,2021-07-05,3
UMass-MechBayes,BG,Deaths,0.342276925509504,2021-07-05,3
UMass-MechBayes,CY,Deaths,0.33075545091113,2021-07-05,3
UMass-MechBayes,FI,Deaths,0.308590369468035,2021-07-05,3
UMass-MechBayes,GR,Deaths,0.312553579702915,2021-07-05,3
UMass-MechBayes,HR,Deaths,0.406259604017408,2021-07-05,3
UMass-MechBayes,HU,Deaths,0.342496392672074,2021-07-05,3
UMass-MechBayes,IT,Deaths,0.329591489921831,2021-07-05,3
UMass-MechBayes,LT,Deaths,0.224573727628821,2021-07-05,3
UMass-MechBayes,LV,Deaths,0.339110488309867,2021-07-05,3
UMass-MechBayes,MT,Deaths,0.335653374780773,2021-07-05,3
UMass-MechBayes,PT,Deaths,0.368168177662987,2021-07-05,3
UMass-MechBayes,SI,Deaths,0.332989070145513,2021-07-05,3
UMass-MechBayes,SK,Deaths,0.315510538613345,2021-07-05,3
UMass-SemiMech,AT,Deaths,0.294404822645878,2021-07-05,3
UMass-SemiMech,BE,Deaths,0.299618919085312,2021-07-05,3
UMass-SemiMech,BG,Deaths,0.34271053182877,2021-07-05,3
UMass-SemiMech,CY,Cases,0.26690221424487,2021-07-05,3
UMass-SemiMech,CY,Deaths,0.33467478490529,2021-07-05,3
UMass-SemiMech,FI,Cases,0.356447009584758,2021-07-05,3
UMass-SemiMech,FI,Deaths,0.260661369594169,2021-07-05,3
UMass-SemiMech,GR,Cases,0.338398545789398,2021-07-05,3
UMass-SemiMech,HR,Deaths,0.287724899914512,2021-07-05,3
UMass-SemiMech,HU,Cases,0.227511100174804,2021-07-05,3
UMass-SemiMech,HU,Deaths,0.340436140069378,2021-07-05,3
UMass-SemiMech,IT,Deaths,0.301009600609999,2021-07-05,3
UMass-SemiMech,LU,Deaths,0.282720379266162,2021-07-05,3
UMass-SemiMech,LV,Deaths,0.349787445838118,2021-07-05,3
UMass-SemiMech,MT,Deaths,0.323720607849109,2021-07-05,3
UMass-SemiMech,NO,Cases,0.315472459394264,2021-07-05,3
UMass-SemiMech,PT,Cases,0.308474796461529,2021-07-05,3
UMass-SemiMech,PT,Deaths,0.324662307836892,2021-07-05,3
UMass-SemiMech,SI,Deaths,0.276717061802988,2021-07-05,3
UMass-SemiMech,SK,Cases,0.390872180312242,2021-07-05,3
UMass-SemiMech,SK,Deaths,0.347395220269492,2021-07-05,3
epiforecasts-EpiNow2,AT,Cases,0.292114993734638,2021-07-05,3
epiforecasts-EpiNow2,BE,Cases,0.281384966391751,2021-07-05,3
epiforecasts-EpiNow2,BE,Deaths,0.282719697449199,2021-07-05,3
epiforecasts-EpiNow2,BG,Cases,0.350362664150263,2021-07-05,3
epiforecasts-EpiNow2,BG,Deaths,0.315012542661726,2021-07-05,3
epiforecasts-EpiNow2,CY,Cases,0.421363289518752,2021-07-05,3
epiforecasts-EpiNow2,EE,Cases,0.288871447701002,2021-07-05,3
epiforecasts-EpiNow2,EE,Deaths,0.269141200730573,2021-07-05,3
epiforecasts-EpiNow2,ES,Cases,0.32074003410041,2021-07-05,3
epiforecasts-EpiNow2,HR,Cases,0.322465463777869,2021-07-05,3
epiforecasts-EpiNow2,HR,Deaths,0.30601549606808,2021-07-05,3
epiforecasts-EpiNow2,HU,Cases,0.396721673026832,2021-07-05,3
epiforecasts-EpiNow2,HU,Deaths,0.317067467258548,2021-07-05,3
epiforecasts-EpiNow2,IT,Cases,0.313114119208078,2021-07-05,3
epiforecasts-EpiNow2,IT,Deaths,0.36939890946817,2021-07-05,3
epiforecasts-EpiNow2,LT,Cases,0.349191953609965,2021-07-05,3
epiforecasts-EpiNow2,LT,Deaths,0.52451239532054,2021-07-05,3
epiforecasts-EpiNow2,LU,Deaths,0.392445874292572,2021-07-05,3
epiforecasts-EpiNow2,LV,Cases,0.380751867179228,2021-07-05,3
epiforecasts-EpiNow2,MT,Deaths,0.340626017370118,2021-07-05,3
epiforecasts-EpiNow2,PT,Deaths,0.307169514500121,2021-07-05,3
epiforecasts-EpiNow2,RO,Cases,0.384141988686328,2021-07-05,3
epiforecasts-EpiNow2,SI,Cases,0.419870263444988,2021-07-05,3
epiforecasts-EpiNow2,SI,Deaths,0.390293868051499,2021-07-05,3
epiforecasts-EpiNow2,SK,Deaths,0.337094241117163,2021-07-05,3
IEM_Health-CovidProject,AT,Deaths,0.411619719210972,2021-07-12,3
IEM_Health-CovidProject,BE,Cases,0.353645344209863,2021-07-12,3
IEM_Health-CovidProject,BE,Deaths,0.181804114750313,2021-07-12,3
IEM_Health-CovidProject,BG,Cases,0.399550871028874,2021-07-12,3
IEM_Health-CovidProject,BG,Deaths,0.349921005818803,2021-07-12,3
IEM_Health-CovidProject,CY,Cases,0.278006409284267,2021-07-12,3
IEM_Health-CovidProject,EE,Cases,0.308521408820626,2021-07-12,3
IEM_Health-CovidProject,FI,Cases,0.305315479907395,2021-07-12,3
IEM_Health-CovidProject,FI,Deaths,0.493620317191452,2021-07-12,3
IEM_Health-CovidProject,GR,Cases,0.274004663648324,2021-07-12,3
IEM_Health-CovidProject,GR,Deaths,0.275060787274869,2021-07-12,3
IEM_Health-CovidProject,HR,Cases,0.359788613128681,2021-07-12,3
IEM_Health-CovidProject,HR,Deaths,0.306603115303842,2021-07-12,3
IEM_Health-CovidProject,HU,Cases,0.225722317301515,2021-07-12,3
IEM_Health-CovidProject,NO,Cases,0.38941146772184,2021-07-12,3
IEM_Health-CovidProject,PT,Deaths,0.181096374262173,2021-07-12,3
IEM_Health-CovidProject,RO,Cases,0.369581589349339,2021-07-12,3
IEM_Health-CovidProject,SK,Cases,0.388789971462643,2021-07-12,3
ILM-EKF,AT,Cases,0.356917136349025,2021-07-12,3
ILM-EKF,AT,Deaths,0.330054650100705,2021-07-12,3
ILM-EKF,BE,Cases,0.331355133880105,2021-07-12,3
ILM-EKF,BG,Cases,0.281492568699809,2021-07-12,3
ILM-EKF,BG,Deaths,0.32421114139353,2021-07-12,3
ILM-EKF,HU,Cases,0.379427202894689,2021-07-12,3
ILM-EKF,HU,Deaths,0.215534857002845,2021-07-12,3
ILM-EKF,IT,Cases,0.283089000245037,2021-07-12,3
ILM-EKF,IT,Deaths,0.235518924775959,2021-07-12,3
ILM-EKF,LT,Cases,0.295286310650569,2021-07-12,3
ILM-EKF,LV,Cases,0.3375118834548,2021-07-12,3
ILM-EKF,LV,Deaths,0.313940747156815,2021-07-12,3
ILM-EKF,NO,Cases,0.29139120144049,2021-07-12,3
ILM-EKF,PT,Cases,0.358639331006699,2021-07-12,3
ILM-EKF,RO,Cases,0.256742793045372,2021-07-12,3
ILM-EKF,RO,Deaths,0.28136824015701,2021-07-12,3
ILM-EKF,SI,Cases,0.266327599857912,2021-07-12,3
ILM-EKF,SK,Cases,0.32361011544561,2021-07-12,3
ILM-EKF,SK,Deaths,0.271856483296188,2021-07-12,3
MUNI-ARIMA,AT,Cases,0.304449995247545,2021-07-12,3
MUNI-ARIMA,BE,Cases,0.314999521910032,2021-07-12,3
MUNI-ARIMA,CY,Cases,0.329751114982185,2021-07-12,3
MUNI-ARIMA,CY,Deaths,0.239871519051757,2021-07-12,3
MUNI-ARIMA,EE,Cases,0.390941880419316,2021-07-12,3
MUNI-ARIMA,EE,Deaths,0.375864691547072,2021-07-12,3
MUNI-ARIMA,ES,Cases,0.363133024009626,2021-07-12,3
MUNI-ARIMA,FI,Cases,0.44023612570485,2021-07-12,3
MUNI-ARIMA,GR,Cases,0.380952412696265,2021-07-12,3
MUNI-ARIMA,HR,Cases,0.309679128336853,2021-07-12,3
MUNI-ARIMA,IT,Cases,0.449167649147385,2021-07-12,3
MUNI-ARIMA,LT,Cases,0.388273912369983,2021-07-12,3
MUNI-ARIMA,LT,Deaths,0.25663752215273,2021-07-12,3
MUNI-ARIMA,LU,Deaths,0.317798551170101,2021-07-12,3
MUNI-ARIMA,LV,Cases,0.353640231672512,2021-07-12,3
MUNI-ARIMA,MT,Cases,0.312184229410582,2021-07-12,3
MUNI-ARIMA,NO,Cases,0.31919733083767,2021-07-12,3
MUNI-ARIMA,PT,Cases,0.321503174217461,2021-07-12,3
MUNI-ARIMA,RO,Deaths,0.384001162864696,2021-07-12,3
MUNI-ARIMA,SI,Cases,0.429107899778486,2021-07-12,3
RobertWalraven-ESG,CY,Deaths,0.341816476703235,2021-07-12,3
RobertWalraven-ESG,EE,Deaths,0.310687283627507,2021-07-12,3
RobertWalraven-ESG,FI,Deaths,0.264892552701054,2021-07-12,3
RobertWalraven-ESG,MT,Cases,0.253043533526878,2021-07-12,3
RobertWalraven-ESG,MT,Deaths,0.212562409102739,2021-07-12,3
RobertWalraven-ESG,RO,Deaths,0.334630596978294,2021-07-12,3
RobertWalraven-ESG,SI,Deaths,0.288755141647447,2021-07-12,3
RobertWalraven-ESG,SK,Cases,0.287599913091747,2021-07-12,3
UB-BSLCoV,ES,Cases,0.299158792894853,2021-07-12,3
UMass-MechBayes,BE,Deaths,0.428816138929745,2021-07-12,3
UMass-MechBayes,CY,Deaths,0.418312004245008,2021-07-12,3
UMass-MechBayes,FI,Deaths,0.241487130107494,2021-07-12,3
UMass-MechBayes,GR,Deaths,0.431175890805682,2021-07-12,3
UMass-MechBayes,HR,Deaths,0.431194809305136,2021-07-12,3
UMass-MechBayes,HU,Deaths,0.415640055060721,2021-07-12,3
UMass-MechBayes,IT,Deaths,0.374424530775575,2021-07-12,3
UMass-MechBayes,LT,Deaths,0.316561320361704,2021-07-12,3
UMass-MechBayes,LU,Deaths,0.371203486490917,2021-07-12,3
UMass-MechBayes,LV,Deaths,0.321141033006155,2021-07-12,3
UMass-MechBayes,MT,Deaths,0.482845913094686,2021-07-12,3
UMass-MechBayes,PT,Deaths,0.441720178074465,2021-07-12,3
UMass-MechBayes,SI,Deaths,0.349475716330025,2021-07-12,3
UMass-MechBayes,SK,Deaths,0.354502620475837,2021-07-12,3
epiforecasts-EpiNow2,AT,Cases,0.33863286840343,2021-07-12,3
epiforecasts-EpiNow2,AT,Deaths,0.258325630688323,2021-07-12,3
epiforecasts-EpiNow2,BE,Deaths,0.389379746319942,2021-07-12,3
epiforecasts-EpiNow2,BG,Cases,0.318956560271316,2021-07-12,3
epiforecasts-EpiNow2,BG,Deaths,0.325867852787668,2021-07-12,3
epiforecasts-EpiNow2,CY,Cases,0.392242475733548,2021-07-12,3
epiforecasts-EpiNow2,EE,Cases,0.300536710760059,2021-07-12,3
epiforecasts-EpiNow2,EE,Deaths,0.313448024825421,2021-07-12,3
epiforecasts-EpiNow2,ES,Cases,0.33770818309552,2021-07-12,3
epiforecasts-EpiNow2,FI,Cases,0.254448394387755,2021-07-12,3
epiforecasts-EpiNow2,GR,Cases,0.345042923655411,2021-07-12,3
epiforecasts-EpiNow2,GR,Deaths,0.293763321919449,2021-07-12,3
epiforecasts-EpiNow2,HR,Cases,0.330532258534467,2021-07-12,3
epiforecasts-EpiNow2,HR,Deaths,0.262202075391022,2021-07-12,3
epiforecasts-EpiNow2,HU,Cases,0.394850479803797,2021-07-12,3
epiforecasts-EpiNow2,HU,Deaths,0.368825087936435,2021-07-12,3
epiforecasts-EpiNow2,IT,Cases,0.267743350607578,2021-07-12,3
epiforecasts-EpiNow2,IT,Deaths,0.390056544448467,2021-07-12,3
epiforecasts-EpiNow2,LT,Cases,0.316439776979449,2021-07-12,3
epiforecasts-EpiNow2,LT,Deaths,0.426801157485567,2021-07-12,3
epiforecasts-EpiNow2,LU,Deaths,0.310997962338982,2021-07-12,3
epiforecasts-EpiNow2,LV,Cases,0.308847884872688,2021-07-12,3
epiforecasts-EpiNow2,LV,Deaths,0.36491821983703,2021-07-12,3
epiforecasts-EpiNow2,MT,Cases,0.43477223706254,2021-07-12,3
epiforecasts-EpiNow2,MT,Deaths,0.304591677802576,2021-07-12,3
epiforecasts-EpiNow2,PT,Cases,0.319857494775841,2021-07-12,3
epiforecasts-EpiNow2,PT,Deaths,0.377183447663362,2021-07-12,3
epiforecasts-EpiNow2,RO,Cases,0.37367561760529,2021-07-12,3
epiforecasts-EpiNow2,SI,Cases,0.304564500363602,2021-07-12,3
epiforecasts-EpiNow2,SI,Deaths,0.361769142022528,2021-07-12,3
epiforecasts-EpiNow2,SK,Deaths,0.373640896227975,2021-07-12,3
IEM_Health-CovidProject,AT,Deaths,0.416199434668445,2021-07-19,3
IEM_Health-CovidProject,BE,Cases,0.366161564547842,2021-07-19,3
IEM_Health-CovidProject,BE,Deaths,0.216386836535854,2021-07-19,3
IEM_Health-CovidProject,BG,Cases,0.43880134118839,2021-07-19,3
IEM_Health-CovidProject,BG,Deaths,0.379249140974464,2021-07-19,3
IEM_Health-CovidProject,CY,Cases,0.329011831383899,2021-07-19,3
IEM_Health-CovidProject,CY,Deaths,0.28937867656984,2021-07-19,3
IEM_Health-CovidProject,EE,Deaths,0.362606603991755,2021-07-19,3
IEM_Health-CovidProject,ES,Cases,0.304476543068028,2021-07-19,3
IEM_Health-CovidProject,FI,Cases,0.322701532470404,2021-07-19,3
IEM_Health-CovidProject,FI,Deaths,0.292690372405137,2021-07-19,3
IEM_Health-CovidProject,GR,Cases,0.282268715019983,2021-07-19,3
IEM_Health-CovidProject,GR,Deaths,0.309560872557005,2021-07-19,3
IEM_Health-CovidProject,HR,Cases,0.389070827325603,2021-07-19,3
IEM_Health-CovidProject,HR,Deaths,0.331982896822517,2021-07-19,3
IEM_Health-CovidProject,HU,Cases,0.36603154827105,2021-07-19,3
IEM_Health-CovidProject,IT,Deaths,0.331115480748893,2021-07-19,3
IEM_Health-CovidProject,LU,Deaths,0.383346837350423,2021-07-19,3
IEM_Health-CovidProject,LV,Cases,0.393348274705977,2021-07-19,3
IEM_Health-CovidProject,MT,Deaths,0.270808417144672,2021-07-19,3
IEM_Health-CovidProject,NO,Cases,0.324992553359234,2021-07-19,3
IEM_Health-CovidProject,PT,Cases,0.340230021325453,2021-07-19,3
IEM_Health-CovidProject,RO,Cases,0.397725284107153,2021-07-19,3
IEM_Health-CovidProject,SK,Cases,0.333332384009713,2021-07-19,3
ILM-EKF,AT,Deaths,0.298161429720012,2021-07-19,3
ILM-EKF,BE,Cases,0.331205117094853,2021-07-19,3
ILM-EKF,BG,Cases,0.257579488493665,2021-07-19,3
ILM-EKF,BG,Deaths,0.290969431040929,2021-07-19,3
ILM-EKF,FI,Cases,0.208649465615884,2021-07-19,3
ILM-EKF,HU,Cases,0.338459259658502,2021-07-19,3
ILM-EKF,HU,Deaths,0.263333652618898,2021-07-19,3
ILM-EKF,IT,Cases,0.206994784670949,2021-07-19,3
ILM-EKF,LV,Cases,0.337621908866751,2021-07-19,3
ILM-EKF,LV,Deaths,0.299870684354144,2021-07-19,3
ILM-EKF,PT,Cases,0.297336164576733,2021-07-19,3
ILM-EKF,RO,Cases,0.236843755409122,2021-07-19,3
ILM-EKF,RO,Deaths,0.33356225145401,2021-07-19,3
ILM-EKF,SI,Cases,0.291799608002175,2021-07-19,3
ILM-EKF,SK,Cases,0.32832557268469,2021-07-19,3
ILM-EKF,SK,Deaths,0.222385879555663,2021-07-19,3
MUNI-ARIMA,AT,Cases,0.414953136607939,2021-07-19,3
MUNI-ARIMA,AT,Deaths,0.285639135611543,2021-07-19,3
MUNI-ARIMA,CY,Cases,0.467293455724532,2021-07-19,3
MUNI-ARIMA,CY,Deaths,0.355842362726675,2021-07-19,3
MUNI-ARIMA,EE,Cases,0.435268854699844,2021-07-19,3
MUNI-ARIMA,FI,Cases,0.468649001913711,2021-07-19,3
MUNI-ARIMA,GR,Cases,0.462202299351034,2021-07-19,3
MUNI-ARIMA,HR,Cases,0.327020378971024,2021-07-19,3
MUNI-ARIMA,IT,Cases,0.417144434641522,2021-07-19,3
MUNI-ARIMA,LT,Cases,0.41804313357228,2021-07-19,3
MUNI-ARIMA,LT,Deaths,0.255570571504952,2021-07-19,3
MUNI-ARIMA,LU,Deaths,0.318883989131442,2021-07-19,3
MUNI-ARIMA,LV,Cases,0.269029816427272,2021-07-19,3
MUNI-ARIMA,MT,Cases,0.392350768910273,2021-07-19,3
MUNI-ARIMA,NO,Cases,0.394731275360817,2021-07-19,3
MUNI-ARIMA,PT,Cases,0.362433814097814,2021-07-19,3
MUNI-ARIMA,RO,Deaths,0.332919551910811,2021-07-19,3
MUNI-ARIMA,SI,Cases,0.367813444355934,2021-07-19,3
RobertWalraven-ESG,AT,Cases,0.272166279296785,2021-07-19,3
RobertWalraven-ESG,BE,Cases,0.302633318357305,2021-07-19,3
RobertWalraven-ESG,CY,Cases,0.203694712891569,2021-07-19,3
RobertWalraven-ESG,CY,Deaths,0.354778960703485,2021-07-19,3
RobertWalraven-ESG,EE,Cases,0.284371068123471,2021-07-19,3
RobertWalraven-ESG,EE,Deaths,0.328182949267236,2021-07-19,3
RobertWalraven-ESG,FI,Deaths,0.450869025909093,2021-07-19,3
RobertWalraven-ESG,GR,Deaths,0.325849337092021,2021-07-19,3
RobertWalraven-ESG,LT,Cases,0.308563461215358,2021-07-19,3
RobertWalraven-ESG,MT,Cases,0.284340812595128,2021-07-19,3
RobertWalraven-ESG,MT,Deaths,0.341713787126344,2021-07-19,3
RobertWalraven-ESG,PT,Deaths,0.192813885795777,2021-07-19,3
RobertWalraven-ESG,RO,Deaths,0.333518196635179,2021-07-19,3
RobertWalraven-ESG,SI,Cases,0.340386947641892,2021-07-19,3
RobertWalraven-ESG,SI,Deaths,0.328045630822276,2021-07-19,3
RobertWalraven-ESG,SK,Cases,0.338342043305597,2021-07-19,3
UB-BSLCoV,ES,Cases,0.333424628362025,2021-07-19,3
UMass-MechBayes,BE,Deaths,0.505073587002232,2021-07-19,3
UMass-MechBayes,FI,Deaths,0.256440601685769,2021-07-19,3
UMass-MechBayes,GR,Deaths,0.364589790350975,2021-07-19,3
UMass-MechBayes,HR,Deaths,0.478119324576301,2021-07-19,3
UMass-MechBayes,HU,Deaths,0.350541177436973,2021-07-19,3
UMass-MechBayes,IT,Deaths,0.326249355769944,2021-07-19,3
UMass-MechBayes,LT,Deaths,0.367565760476594,2021-07-19,3
UMass-MechBayes,LU,Deaths,0.297769173518135,2021-07-19,3
UMass-MechBayes,LV,Deaths,0.318313406058533,2021-07-19,3
UMass-MechBayes,MT,Deaths,0.387477795728984,2021-07-19,3
UMass-MechBayes,PT,Deaths,0.372596640257031,2021-07-19,3
UMass-MechBayes,SI,Deaths,0.347447367120667,2021-07-19,3
UMass-MechBayes,SK,Deaths,0.429539143008789,2021-07-19,3
epiforecasts-EpiNow2,AT,Cases,0.312880584095276,2021-07-19,3
epiforecasts-EpiNow2,BE,Deaths,0.278539576461914,2021-07-19,3
epiforecasts-EpiNow2,BG,Cases,0.303619170317945,2021-07-19,3
epiforecasts-EpiNow2,BG,Deaths,0.329781427984607,2021-07-19,3
epiforecasts-EpiNow2,EE,Cases,0.280360077176685,2021-07-19,3
epiforecasts-EpiNow2,EE,Deaths,0.309210446741009,2021-07-19,3
epiforecasts-EpiNow2,ES,Cases,0.362098828569948,2021-07-19,3
epiforecasts-EpiNow2,GR,Cases,0.255528985628983,2021-07-19,3
epiforecasts-EpiNow2,HR,Cases,0.283908793703374,2021-07-19,3
epiforecasts-EpiNow2,HR,Deaths,0.189897778601183,2021-07-19,3
epiforecasts-EpiNow2,HU,Cases,0.295509192070448,2021-07-19,3
epiforecasts-EpiNow2,HU,Deaths,0.386125169944129,2021-07-19,3
epiforecasts-EpiNow2,IT,Cases,0.37586078068753,2021-07-19,3
epiforecasts-EpiNow2,IT,Deaths,0.342635163481163,2021-07-19,3
epiforecasts-EpiNow2,LT,Cases,0.273393405212362,2021-07-19,3
epiforecasts-EpiNow2,LT,Deaths,0.376863668018454,2021-07-19,3
epiforecasts-EpiNow2,LV,Deaths,0.381815909587323,2021-07-19,3
epiforecasts-EpiNow2,MT,Cases,0.323308418494599,2021-07-19,3
epiforecasts-EpiNow2,NO,Cases,0.280276171279949,2021-07-19,3
epiforecasts-EpiNow2,PT,Deaths,0.434589473947193,2021-07-19,3
epiforecasts-EpiNow2,RO,Cases,0.365430960483725,2021-07-19,3
epiforecasts-EpiNow2,SI,Deaths,0.324507002057057,2021-07-19,3
epiforecasts-EpiNow2,SK,Deaths,0.348074977435548,2021-07-19,3
IEM_Health-CovidProject,AT,Cases,0.258965394922756,2021-07-26,3
IEM_Health-CovidProject,AT,Deaths,0.435313741951928,2021-07-26,3
IEM_Health-CovidProject,BE,Cases,0.362637753533544,2021-07-26,3
IEM_Health-CovidProject,BE,Deaths,0.252642904215201,2021-07-26,3
IEM_Health-CovidProject,BG,Cases,0.344711436519556,2021-07-26,3
IEM_Health-CovidProject,BG,Deaths,0.381970503144172,2021-07-26,3
IEM_Health-CovidProject,CY,Cases,0.231390746200876,2021-07-26,3
IEM_Health-CovidProject,EE,Deaths,0.369140544093882,2021-07-26,3
IEM_Health-CovidProject,ES,Cases,0.369554247032923,2021-07-26,3
IEM_Health-CovidProject,FI,Cases,0.371555039396839,2021-07-26,3
IEM_Health-CovidProject,FI,Deaths,0.279889999936593,2021-07-26,3
IEM_Health-CovidProject,GR,Cases,0.27650636969488,2021-07-26,3
IEM_Health-CovidProject,GR,Deaths,0.294320304859442,2021-07-26,3
IEM_Health-CovidProject,HR,Cases,0.306668916171947,2021-07-26,3
IEM_Health-CovidProject,HR,Deaths,0.372856780220206,2021-07-26,3
IEM_Health-CovidProject,HU,Cases,0.390492905914038,2021-07-26,3
IEM_Health-CovidProject,IT,Deaths,0.456462117954253,2021-07-26,3
IEM_Health-CovidProject,LT,Cases,0.240063268454547,2021-07-26,3
IEM_Health-CovidProject,LT,Deaths,0.313056696283607,2021-07-26,3
IEM_Health-CovidProject,LU,Deaths,0.473314151646584,2021-07-26,3
IEM_Health-CovidProject,LV,Cases,0.512687495459199,2021-07-26,3
IEM_Health-CovidProject,LV,Deaths,0.308494432115496,2021-07-26,3
IEM_Health-CovidProject,MT,Deaths,0.356859455783413,2021-07-26,3
IEM_Health-CovidProject,NO,Cases,0.394659181335672,2021-07-26,3
IEM_Health-CovidProject,PT,Cases,0.395397187912273,2021-07-26,3
IEM_Health-CovidProject,SI,Cases,0.329497523749098,2021-07-26,3
IEM_Health-CovidProject,SI,Deaths,0.313225325237105,2021-07-26,3
IEM_Health-CovidProject,SK,Cases,0.301873544602842,2021-07-26,3
IEM_Health-CovidProject,SK,Deaths,0.28135489399344,2021-07-26,3
ILM-EKF,AT,Deaths,0.292370224568615,2021-07-26,3
ILM-EKF,BE,Cases,0.321899537775246,2021-07-26,3
ILM-EKF,CY,Deaths,0.303716759220744,2021-07-26,3
ILM-EKF,FI,Cases,0.187061962505403,2021-07-26,3
ILM-EKF,HR,Deaths,0.179851577760897,2021-07-26,3
ILM-EKF,HU,Cases,0.304972977993183,2021-07-26,3
ILM-EKF,HU,Deaths,0.296430349623281,2021-07-26,3
ILM-EKF,IT,Cases,0.175829704554047,2021-07-26,3
ILM-EKF,IT,Deaths,0.260311713266934,2021-07-26,3
ILM-EKF,LV,Cases,0.270674218883012,2021-07-26,3
ILM-EKF,MT,Cases,0.227054189787357,2021-07-26,3
ILM-EKF,PT,Deaths,0.197132592744269,2021-07-26,3
ILM-EKF,RO,Deaths,0.391415113524129,2021-07-26,3
MUNI-ARIMA,AT,Cases,0.472209094494457,2021-07-26,3
MUNI-ARIMA,BG,Cases,0.319558179609742,2021-07-26,3
MUNI-ARIMA,CY,Cases,0.566887807980559,2021-07-26,3
MUNI-ARIMA,CY,Deaths,0.349233769632843,2021-07-26,3
MUNI-ARIMA,EE,Cases,0.45484921303715,2021-07-26,3
MUNI-ARIMA,EE,Deaths,0.318032244064397,2021-07-26,3
MUNI-ARIMA,FI,Cases,0.441382998097758,2021-07-26,3
MUNI-ARIMA,FI,Deaths,0.288352248298568,2021-07-26,3
MUNI-ARIMA,GR,Cases,0.507491546939962,2021-07-26,3
MUNI-ARIMA,GR,Deaths,0.31259548818624,2021-07-26,3
MUNI-ARIMA,HR,Cases,0.340552313286651,2021-07-26,3
MUNI-ARIMA,IT,Cases,0.421514992675285,2021-07-26,3
MUNI-ARIMA,IT,Deaths,0.283226168778813,2021-07-26,3
MUNI-ARIMA,LT,Cases,0.490530786537005,2021-07-26,3
MUNI-ARIMA,LT,Deaths,0.321509160659182,2021-07-26,3
MUNI-ARIMA,LU,Deaths,0.264548154950972,2021-07-26,3
MUNI-ARIMA,LV,Cases,0.216638285657789,2021-07-26,3
MUNI-ARIMA,MT,Cases,0.474253664783858,2021-07-26,3
MUNI-ARIMA,MT,Deaths,0.295357967043092,2021-07-26,3
MUNI-ARIMA,NO,Cases,0.326196579468414,2021-07-26,3
MUNI-ARIMA,PT,Cases,0.38075971748324,2021-07-26,3
MUNI-ARIMA,RO,Cases,0.345054144214358,2021-07-26,3
MUNI-ARIMA,SI,Cases,0.327936582125228,2021-07-26,3
MUNI-ARIMA,SK,Cases,0.347382095629014,2021-07-26,3
RobertWalraven-ESG,AT,Cases,0.268825510582787,2021-07-26,3
RobertWalraven-ESG,BE,Cases,0.31546270869121,2021-07-26,3
RobertWalraven-ESG,BE,Deaths,0.217148509328138,2021-07-26,3
RobertWalraven-ESG,CY,Cases,0.201721445818565,2021-07-26,3
RobertWalraven-ESG,EE,Cases,0.298903796431422,2021-07-26,3
RobertWalraven-ESG,ES,Cases,0.263940884501795,2021-07-26,3
RobertWalraven-ESG,FI,Deaths,0.431757751764839,2021-07-26,3
RobertWalraven-ESG,GR,Cases,0.216002083365158,2021-07-26,3
RobertWalraven-ESG,GR,Deaths,0.393084206954318,2021-07-26,3
RobertWalraven-ESG,LT,Cases,0.269405945008447,2021-07-26,3
RobertWalraven-ESG,LU,Deaths,0.262137693402444,2021-07-26,3
RobertWalraven-ESG,MT,Cases,0.298692145428785,2021-07-26,3
RobertWalraven-ESG,MT,Deaths,0.347782577173495,2021-07-26,3
RobertWalraven-ESG,RO,Cases,0.293776591266172,2021-07-26,3
RobertWalraven-ESG,SI,Cases,0.342565894125674,2021-07-26,3
RobertWalraven-ESG,SI,Deaths,0.29962902053404,2021-07-26,3
RobertWalraven-ESG,SK,Cases,0.350744359768145,2021-07-26,3
UMass-MechBayes,AT,Deaths,0.272316033479458,2021-07-26,3
UMass-MechBayes,BE,Deaths,0.530208586456662,2021-07-26,3
UMass-MechBayes,BG,Deaths,0.290254967140655,2021-07-26,3
UMass-MechBayes,CY,Deaths,0.347049471146412,2021-07-26,3
UMass-MechBayes,HR,Deaths,0.447291642018896,2021-07-26,3
UMass-MechBayes,HU,Deaths,0.332082888749512,2021-07-26,3
UMass-MechBayes,LT,Deaths,0.365434143057211,2021-07-26,3
UMass-MechBayes,LV,Deaths,0.332741961186971,2021-07-26,3
UMass-MechBayes,PT,Deaths,0.378969937347082,2021-07-26,3
UMass-MechBayes,RO,Deaths,0.254037149085508,2021-07-26,3
UMass-MechBayes,SI,Deaths,0.387145654228855,2021-07-26,3
UMass-MechBayes,SK,Deaths,0.377029986753077,2021-07-26,3
epiforecasts-EpiNow2,BG,Cases,0.335730383870702,2021-07-26,3
epiforecasts-EpiNow2,BG,Deaths,0.327774529715173,2021-07-26,3
epiforecasts-EpiNow2,EE,Cases,0.246246990531429,2021-07-26,3
epiforecasts-EpiNow2,EE,Deaths,0.312827211841721,2021-07-26,3
epiforecasts-EpiNow2,ES,Cases,0.366504868465282,2021-07-26,3
epiforecasts-EpiNow2,HR,Cases,0.352778770541403,2021-07-26,3
epiforecasts-EpiNow2,HU,Cases,0.304534116092778,2021-07-26,3
epiforecasts-EpiNow2,HU,Deaths,0.371486761627207,2021-07-26,3
epiforecasts-EpiNow2,IT,Cases,0.402655302770668,2021-07-26,3
epiforecasts-EpiNow2,LV,Deaths,0.358763606697534,2021-07-26,3
epiforecasts-EpiNow2,NO,Cases,0.279144239195913,2021-07-26,3
epiforecasts-EpiNow2,PT,Cases,0.223843094604488,2021-07-26,3
epiforecasts-EpiNow2,PT,Deaths,0.423897469908649,2021-07-26,3
epiforecasts-EpiNow2,RO,Cases,0.36116926451947,2021-07-26,3
epiforecasts-EpiNow2,RO,Deaths,0.354547737390363,2021-07-26,3
epiforecasts-EpiNow2,SK,Deaths,0.341615119253483,2021-07-26,3
IEM_Health-CovidProject,AT,Cases,0.303301095053888,2021-08-02,3
IEM_Health-CovidProject,BE,Cases,0.359826237034766,2021-08-02,3
IEM_Health-CovidProject,BG,Deaths,0.310970315982759,2021-08-02,3
IEM_Health-CovidProject,CY,Cases,0.156581582431937,2021-08-02,3
IEM_Health-CovidProject,EE,Deaths,0.454370927488114,2021-08-02,3
IEM_Health-CovidProject,ES,Cases,0.324403661943305,2021-08-02,3
IEM_Health-CovidProject,FI,Cases,0.408979970646178,2021-08-02,3
IEM_Health-CovidProject,GR,Cases,0.212845213077659,2021-08-02,3
IEM_Health-CovidProject,GR,Deaths,0.384582929494723,2021-08-02,3
IEM_Health-CovidProject,HR,Deaths,0.300857864431506,2021-08-02,3
IEM_Health-CovidProject,HU,Cases,0.426084695552333,2021-08-02,3
IEM_Health-CovidProject,HU,Deaths,0.31555976270369,2021-08-02,3
IEM_Health-CovidProject,IT,Cases,0.235387708678496,2021-08-02,3
IEM_Health-CovidProject,IT,Deaths,0.363324897673764,2021-08-02,3
IEM_Health-CovidProject,LT,Cases,0.225877487366325,2021-08-02,3
IEM_Health-CovidProject,LT,Deaths,0.393009401009301,2021-08-02,3
IEM_Health-CovidProject,LU,Deaths,0.497457934491501,2021-08-02,3
IEM_Health-CovidProject,LV,Cases,0.388050128042778,2021-08-02,3
IEM_Health-CovidProject,LV,Deaths,0.277719181556296,2021-08-02,3
IEM_Health-CovidProject,MT,Deaths,0.329152950282901,2021-08-02,3
IEM_Health-CovidProject,NO,Cases,0.328882264608977,2021-08-02,3
IEM_Health-CovidProject,PT,Cases,0.375934135185864,2021-08-02,3
IEM_Health-CovidProject,PT,Deaths,0.210033151313869,2021-08-02,3
IEM_Health-CovidProject,SI,Cases,0.333297241592936,2021-08-02,3
IEM_Health-CovidProject,SI,Deaths,0.3486920861721,2021-08-02,3
IEM_Health-CovidProject,SK,Cases,0.280729075741971,2021-08-02,3
IEM_Health-CovidProject,SK,Deaths,0.314412503393649,2021-08-02,3
ILM-EKF,AT,Deaths,0.311864375958007,2021-08-02,3
ILM-EKF,BE,Cases,0.278228939411433,2021-08-02,3
ILM-EKF,FI,Cases,0.274940948827398,2021-08-02,3
ILM-EKF,HU,Deaths,0.312833117706313,2021-08-02,3
ILM-EKF,MT,Cases,0.213931379302523,2021-08-02,3
ILM-EKF,RO,Deaths,0.253003913691054,2021-08-02,3
ILM-EKF,SI,Deaths,0.215264120563492,2021-08-02,3
Karlen-pypm,AT,Deaths,0.315864752863371,2021-08-02,3
Karlen-pypm,BG,Cases,0.242445323842321,2021-08-02,3
Karlen-pypm,CY,Deaths,0.31384052857826,2021-08-02,3
Karlen-pypm,EE,Cases,0.273832560839984,2021-08-02,3
Karlen-pypm,EE,Deaths,0.279612878454224,2021-08-02,3
Karlen-pypm,HR,Cases,0.28969164020439,2021-08-02,3
Karlen-pypm,HR,Deaths,0.256368743510723,2021-08-02,3
MUNI-ARIMA,AT,Cases,0.418092544051945,2021-08-02,3
MUNI-ARIMA,BE,Deaths,0.240053718796705,2021-08-02,3
MUNI-ARIMA,BG,Cases,0.403091968636941,2021-08-02,3
MUNI-ARIMA,CY,Cases,0.678733124823952,2021-08-02,3
MUNI-ARIMA,EE,Cases,0.371474976328813,2021-08-02,3
MUNI-ARIMA,FI,Cases,0.316079080526424,2021-08-02,3
MUNI-ARIMA,FI,Deaths,0.283125829748529,2021-08-02,3
MUNI-ARIMA,GR,Cases,0.591384343121382,2021-08-02,3
MUNI-ARIMA,GR,Deaths,0.342260207804243,2021-08-02,3
MUNI-ARIMA,HR,Cases,0.334774724147044,2021-08-02,3
MUNI-ARIMA,HU,Cases,0.281664782723229,2021-08-02,3
MUNI-ARIMA,IT,Cases,0.554278580331065,2021-08-02,3
MUNI-ARIMA,IT,Deaths,0.312773929480649,2021-08-02,3
MUNI-ARIMA,LT,Cases,0.50308446574324,2021-08-02,3
MUNI-ARIMA,LT,Deaths,0.308958812079665,2021-08-02,3
MUNI-ARIMA,LU,Deaths,0.231408008523902,2021-08-02,3
MUNI-ARIMA,LV,Cases,0.322177234384356,2021-08-02,3
MUNI-ARIMA,MT,Cases,0.484359860323289,2021-08-02,3
MUNI-ARIMA,MT,Deaths,0.326903729936193,2021-08-02,3
MUNI-ARIMA,NO,Cases,0.361079278515413,2021-08-02,3
MUNI-ARIMA,PT,Cases,0.352903287144852,2021-08-02,3
MUNI-ARIMA,RO,Cases,0.37236084313299,2021-08-02,3
MUNI-ARIMA,SI,Cases,0.317723140722783,2021-08-02,3
MUNI-ARIMA,SK,Cases,0.436367027927039,2021-08-02,3
RobertWalraven-ESG,AT,Cases,0.278606360894167,2021-08-02,3
RobertWalraven-ESG,BE,Cases,0.361944823553801,2021-08-02,3
RobertWalraven-ESG,BE,Deaths,0.241704546676733,2021-08-02,3
RobertWalraven-ESG,CY,Cases,0.164685292744111,2021-08-02,3
RobertWalraven-ESG,ES,Cases,0.322643817147779,2021-08-02,3
RobertWalraven-ESG,GR,Cases,0.195770443800959,2021-08-02,3
RobertWalraven-ESG,GR,Deaths,0.273156862701034,2021-08-02,3
RobertWalraven-ESG,IT,Deaths,0.323901172845587,2021-08-02,3
RobertWalraven-ESG,LU,Deaths,0.271134056984597,2021-08-02,3
RobertWalraven-ESG,MT,Cases,0.301708760374188,2021-08-02,3
RobertWalraven-ESG,MT,Deaths,0.343943319780906,2021-08-02,3
RobertWalraven-ESG,PT,Cases,0.271162577669284,2021-08-02,3
RobertWalraven-ESG,RO,Cases,0.255797758225036,2021-08-02,3
RobertWalraven-ESG,SI,Cases,0.348979617684282,2021-08-02,3
RobertWalraven-ESG,SK,Cases,0.28290389633099,2021-08-02,3
UMass-MechBayes,AT,Deaths,0.372270871178621,2021-08-02,3
UMass-MechBayes,BE,Deaths,0.518241734526562,2021-08-02,3
UMass-MechBayes,BG,Deaths,0.405373462996261,2021-08-02,3
UMass-MechBayes,CY,Deaths,0.346727213210989,2021-08-02,3
UMass-MechBayes,EE,Deaths,0.266016194057662,2021-08-02,3
UMass-MechBayes,FI,Deaths,0.414621367375417,2021-08-02,3
UMass-MechBayes,HR,Deaths,0.442773392057771,2021-08-02,3
UMass-MechBayes,LT,Deaths,0.298031786911034,2021-08-02,3
UMass-MechBayes,LV,Deaths,0.287052994269758,2021-08-02,3
UMass-MechBayes,PT,Deaths,0.376652794375218,2021-08-02,3
UMass-MechBayes,RO,Deaths,0.231186297200308,2021-08-02,3
UMass-MechBayes,SI,Deaths,0.436043793264408,2021-08-02,3
UMass-MechBayes,SK,Deaths,0.338101401067458,2021-08-02,3
UNIPV-BayesINGARCHX,IT,Cases,0.21033371099044,2021-08-02,3
epiforecasts-EpiNow2,BG,Cases,0.354462707520738,2021-08-02,3
epiforecasts-EpiNow2,BG,Deaths,0.28365622102098,2021-08-02,3
epiforecasts-EpiNow2,CY,Deaths,0.339432258210752,2021-08-02,3
epiforecasts-EpiNow2,EE,Cases,0.354692462831203,2021-08-02,3
epiforecasts-EpiNow2,ES,Cases,0.352952520908916,2021-08-02,3
epiforecasts-EpiNow2,FI,Deaths,0.302252802876054,2021-08-02,3
epiforecasts-EpiNow2,HR,Cases,0.375533635648566,2021-08-02,3
epiforecasts-EpiNow2,HU,Cases,0.292250521724438,2021-08-02,3
epiforecasts-EpiNow2,HU,Deaths,0.371607119589998,2021-08-02,3
epiforecasts-EpiNow2,LT,Cases,0.271038046890435,2021-08-02,3
epiforecasts-EpiNow2,LV,Cases,0.289772637572866,2021-08-02,3
epiforecasts-EpiNow2,LV,Deaths,0.435227824173946,2021-08-02,3
epiforecasts-EpiNow2,NO,Cases,0.310038456875611,2021-08-02,3
epiforecasts-EpiNow2,PT,Deaths,0.413314054310913,2021-08-02,3
epiforecasts-EpiNow2,RO,Cases,0.371841398641974,2021-08-02,3
epiforecasts-EpiNow2,RO,Deaths,0.515809789108638,2021-08-02,3
epiforecasts-EpiNow2,SK,Deaths,0.347486095538893,2021-08-02,3
IEM_Health-CovidProject,AT,Cases,0.345894689853692,2021-08-09,3
IEM_Health-CovidProject,BE,Cases,0.340802061420765,2021-08-09,3
IEM_Health-CovidProject,CY,Cases,0.186986772441645,2021-08-09,3
IEM_Health-CovidProject,EE,Cases,0.247258282962143,2021-08-09,3
IEM_Health-CovidProject,ES,Cases,0.293599924090723,2021-08-09,3
IEM_Health-CovidProject,FI,Cases,0.387557047704716,2021-08-09,3
IEM_Health-CovidProject,GR,Cases,0.210399141622536,2021-08-09,3
IEM_Health-CovidProject,GR,Deaths,0.323090582455196,2021-08-09,3
IEM_Health-CovidProject,HR,Cases,0.350468484992046,2021-08-09,3
IEM_Health-CovidProject,HU,Cases,0.426131794133263,2021-08-09,3
IEM_Health-CovidProject,IT,Cases,0.214328633808022,2021-08-09,3
IEM_Health-CovidProject,IT,Deaths,0.306402300694505,2021-08-09,3
IEM_Health-CovidProject,LT,Cases,0.268922577955509,2021-08-09,3
IEM_Health-CovidProject,LT,Deaths,0.327750187305813,2021-08-09,3
IEM_Health-CovidProject,LU,Deaths,0.447021952477335,2021-08-09,3
IEM_Health-CovidProject,LV,Cases,0.381189631534582,2021-08-09,3
IEM_Health-CovidProject,LV,Deaths,0.305057232745043,2021-08-09,3
IEM_Health-CovidProject,MT,Cases,0.124652570005183,2021-08-09,3
IEM_Health-CovidProject,MT,Deaths,0.359100972587248,2021-08-09,3
IEM_Health-CovidProject,NO,Cases,0.262802791816144,2021-08-09,3
IEM_Health-CovidProject,PT,Cases,0.334491538934411,2021-08-09,3
IEM_Health-CovidProject,PT,Deaths,0.271162110558462,2021-08-09,3
IEM_Health-CovidProject,SI,Cases,0.37748021295058,2021-08-09,3
IEM_Health-CovidProject,SI,Deaths,0.426211688524691,2021-08-09,3
IEM_Health-CovidProject,SK,Cases,0.312340935127706,2021-08-09,3
ILM-EKF,BE,Cases,0.206350292996367,2021-08-09,3
ILM-EKF,FI,Cases,0.331406700456361,2021-08-09,3
ILM-EKF,FI,Deaths,0.285725311940349,2021-08-09,3
ILM-EKF,RO,Deaths,0.285006924540402,2021-08-09,3
ILM-EKF,SK,Deaths,0.34822830037438,2021-08-09,3
Karlen-pypm,AT,Deaths,0.341764668672695,2021-08-09,3
Karlen-pypm,BG,Cases,0.318426686168437,2021-08-09,3
Karlen-pypm,BG,Deaths,0.303619968966473,2021-08-09,3
Karlen-pypm,CY,Deaths,0.361164847560048,2021-08-09,3
Karlen-pypm,EE,Cases,0.407637312022821,2021-08-09,3
Karlen-pypm,EE,Deaths,0.293006956866045,2021-08-09,3
Karlen-pypm,HR,Deaths,0.382585659947809,2021-08-09,3
Karlen-pypm,HU,Deaths,0.33958784866965,2021-08-09,3
Karlen-pypm,LT,Cases,0.169385721522321,2021-08-09,3
Karlen-pypm,LU,Deaths,0.257221757192281,2021-08-09,3
Karlen-pypm,PT,Deaths,0.28726894109789,2021-08-09,3
Karlen-pypm,RO,Cases,0.208819564400746,2021-08-09,3
Karlen-pypm,SI,Deaths,0.255260285496906,2021-08-09,3
Karlen-pypm,SK,Cases,0.280603474154384,2021-08-09,3
MUNI-ARIMA,AT,Cases,0.368425400559391,2021-08-09,3
MUNI-ARIMA,BE,Deaths,0.25298745515491,2021-08-09,3
MUNI-ARIMA,BG,Cases,0.341963398009908,2021-08-09,3
MUNI-ARIMA,CY,Cases,0.567575972811774,2021-08-09,3
MUNI-ARIMA,EE,Cases,0.345104405015037,2021-08-09,3
MUNI-ARIMA,GR,Cases,0.576718088144735,2021-08-09,3
MUNI-ARIMA,GR,Deaths,0.342412886580414,2021-08-09,3
MUNI-ARIMA,HR,Cases,0.317615414268454,2021-08-09,3
MUNI-ARIMA,HU,Cases,0.263433948905883,2021-08-09,3
MUNI-ARIMA,IT,Cases,0.572145350621553,2021-08-09,3
MUNI-ARIMA,IT,Deaths,0.306268394404384,2021-08-09,3
MUNI-ARIMA,LT,Cases,0.56169170052217,2021-08-09,3
MUNI-ARIMA,LT,Deaths,0.351451102149012,2021-08-09,3
MUNI-ARIMA,LV,Cases,0.336289259265733,2021-08-09,3
MUNI-ARIMA,MT,Cases,0.61220593607909,2021-08-09,3
MUNI-ARIMA,MT,Deaths,0.34536234865386,2021-08-09,3
MUNI-ARIMA,NO,Cases,0.345979841823853,2021-08-09,3
MUNI-ARIMA,RO,Cases,0.415365835474099,2021-08-09,3
MUNI-ARIMA,SI,Cases,0.315312001485659,2021-08-09,3
MUNI-ARIMA,SK,Cases,0.40705559071791,2021-08-09,3
RobertWalraven-ESG,AT,Cases,0.285679909586917,2021-08-09,3
RobertWalraven-ESG,AT,Deaths,0.296680195804663,2021-08-09,3
RobertWalraven-ESG,BE,Cases,0.452847645582868,2021-08-09,3
RobertWalraven-ESG,BE,Deaths,0.271945856754391,2021-08-09,3
RobertWalraven-ESG,CY,Cases,0.245437254746581,2021-08-09,3
RobertWalraven-ESG,ES,Cases,0.383949147066443,2021-08-09,3
RobertWalraven-ESG,GR,Cases,0.212882770232729,2021-08-09,3
RobertWalraven-ESG,GR,Deaths,0.33449653096439,2021-08-09,3
RobertWalraven-ESG,IT,Deaths,0.387329304901111,2021-08-09,3
RobertWalraven-ESG,LU,Deaths,0.295756290330385,2021-08-09,3
RobertWalraven-ESG,MT,Cases,0.263141493915728,2021-08-09,3
RobertWalraven-ESG,MT,Deaths,0.295536678758892,2021-08-09,3
RobertWalraven-ESG,PT,Cases,0.341340429856183,2021-08-09,3
RobertWalraven-ESG,SI,Cases,0.307207785563761,2021-08-09,3
RobertWalraven-ESG,SK,Deaths,0.313506371668225,2021-08-09,3
UMass-MechBayes,AT,Deaths,0.361555135522641,2021-08-09,3
UMass-MechBayes,BE,Deaths,0.4750666880907,2021-08-09,3
UMass-MechBayes,BG,Deaths,0.392986560809335,2021-08-09,3
UMass-MechBayes,CY,Deaths,0.383922841340868,2021-08-09,3
UMass-MechBayes,EE,Deaths,0.372300944574202,2021-08-09,3
UMass-MechBayes,FI,Deaths,0.39778313565145,2021-08-09,3
UMass-MechBayes,HR,Deaths,0.344082387337154,2021-08-09,3
UMass-MechBayes,HU,Deaths,0.307808237163132,2021-08-09,3
UMass-MechBayes,LT,Deaths,0.320798710545175,2021-08-09,3
UMass-MechBayes,LV,Deaths,0.398855067551252,2021-08-09,3
UMass-MechBayes,RO,Deaths,0.304596915781792,2021-08-09,3
UMass-MechBayes,SI,Deaths,0.318528025978403,2021-08-09,3
UMass-MechBayes,SK,Deaths,0.338265327957395,2021-08-09,3
UNIPV-BayesINGARCHX,IT,Cases,0.213526015570424,2021-08-09,3
epiforecasts-EpiNow2,BG,Cases,0.339609915821655,2021-08-09,3
epiforecasts-EpiNow2,BG,Deaths,0.303393470224192,2021-08-09,3
epiforecasts-EpiNow2,CY,Deaths,0.254912311099084,2021-08-09,3
epiforecasts-EpiNow2,EE,Deaths,0.334692098559752,2021-08-09,3
epiforecasts-EpiNow2,ES,Cases,0.322450928842833,2021-08-09,3
epiforecasts-EpiNow2,FI,Cases,0.281036251838923,2021-08-09,3
epiforecasts-EpiNow2,FI,Deaths,0.316491552408201,2021-08-09,3
epiforecasts-EpiNow2,HR,Cases,0.331916100739501,2021-08-09,3
epiforecasts-EpiNow2,HR,Deaths,0.273331952715038,2021-08-09,3
epiforecasts-EpiNow2,HU,Cases,0.310434256960854,2021-08-09,3
epiforecasts-EpiNow2,HU,Deaths,0.352603914167219,2021-08-09,3
epiforecasts-EpiNow2,LV,Cases,0.282521109199684,2021-08-09,3
epiforecasts-EpiNow2,LV,Deaths,0.296087699703705,2021-08-09,3
epiforecasts-EpiNow2,NO,Cases,0.391217366360003,2021-08-09,3
epiforecasts-EpiNow2,PT,Cases,0.324168031209406,2021-08-09,3
epiforecasts-EpiNow2,PT,Deaths,0.441568948343649,2021-08-09,3
epiforecasts-EpiNow2,RO,Cases,0.375814600125155,2021-08-09,3
epiforecasts-EpiNow2,RO,Deaths,0.410396159677807,2021-08-09,3
IEM_Health-CovidProject,AT,Cases,0.481530563864169,2021-08-16,3
IEM_Health-CovidProject,BE,Cases,0.372821197956103,2021-08-16,3
IEM_Health-CovidProject,CY,Deaths,0.311494264409804,2021-08-16,3
IEM_Health-CovidProject,EE,Cases,0.300411502134005,2021-08-16,3
IEM_Health-CovidProject,FI,Cases,0.390627645273501,2021-08-16,3
IEM_Health-CovidProject,FI,Deaths,0.265531958412054,2021-08-16,3
IEM_Health-CovidProject,GR,Cases,0.201414416647088,2021-08-16,3
IEM_Health-CovidProject,GR,Deaths,0.349419292078471,2021-08-16,3
IEM_Health-CovidProject,HR,Cases,0.336021187514333,2021-08-16,3
IEM_Health-CovidProject,HU,Cases,0.511347846877168,2021-08-16,3
IEM_Health-CovidProject,IT,Cases,0.266057139222201,2021-08-16,3
IEM_Health-CovidProject,IT,Deaths,0.275390336573503,2021-08-16,3
IEM_Health-CovidProject,LT,Cases,0.278491540437999,2021-08-16,3
IEM_Health-CovidProject,LT,Deaths,0.248352224930585,2021-08-16,3
IEM_Health-CovidProject,LU,Deaths,0.316816818337953,2021-08-16,3
IEM_Health-CovidProject,LV,Cases,0.326734170710179,2021-08-16,3
IEM_Health-CovidProject,LV,Deaths,0.39945693824508,2021-08-16,3
IEM_Health-CovidProject,MT,Deaths,0.368511516402069,2021-08-16,3
IEM_Health-CovidProject,NO,Cases,0.263018428180745,2021-08-16,3
IEM_Health-CovidProject,PT,Cases,0.305972338972504,2021-08-16,3
IEM_Health-CovidProject,PT,Deaths,0.275918566067043,2021-08-16,3
IEM_Health-CovidProject,RO,Cases,0.225771325635083,2021-08-16,3
IEM_Health-CovidProject,SI,Cases,0.28703530995272,2021-08-16,3
IEM_Health-CovidProject,SI,Deaths,0.381603726195466,2021-08-16,3
IEM_Health-CovidProject,SK,Cases,0.321200603143203,2021-08-16,3
IEM_Health-CovidProject,SK,Deaths,0.345219891079741,2021-08-16,3
ILM-EKF,BE,Cases,0.218860399533302,2021-08-16,3
ILM-EKF,BG,Deaths,0.282044281100745,2021-08-16,3
ILM-EKF,FI,Cases,0.305694206951062,2021-08-16,3
ILM-EKF,FI,Deaths,0.319033581488771,2021-08-16,3
ILM-EKF,HU,Cases,0.230157187643817,2021-08-16,3
ILM-EKF,HU,Deaths,0.27500638219266,2021-08-16,3
ILM-EKF,LT,Deaths,0.378606333434867,2021-08-16,3
ILM-EKF,LV,Deaths,0.272673722090699,2021-08-16,3
ILM-EKF,RO,Deaths,0.288642189128014,2021-08-16,3
ILM-EKF,SI,Deaths,0.211214224577783,2021-08-16,3
ILM-EKF,SK,Deaths,0.341322119498889,2021-08-16,3
Karlen-pypm,AT,Deaths,0.370303327548807,2021-08-16,3
Karlen-pypm,BE,Deaths,0.348129506784151,2021-08-16,3
Karlen-pypm,BG,Cases,0.35268756391876,2021-08-16,3
Karlen-pypm,BG,Deaths,0.364164257048135,2021-08-16,3
Karlen-pypm,CY,Cases,0.301079239162576,2021-08-16,3
Karlen-pypm,CY,Deaths,0.428329370076481,2021-08-16,3
Karlen-pypm,EE,Cases,0.27006171544417,2021-08-16,3
Karlen-pypm,EE,Deaths,0.312801219548326,2021-08-16,3
Karlen-pypm,HR,Cases,0.337172249655463,2021-08-16,3
Karlen-pypm,HR,Deaths,0.382490770851433,2021-08-16,3
Karlen-pypm,HU,Deaths,0.414065322837027,2021-08-16,3
Karlen-pypm,LT,Deaths,0.373041441634548,2021-08-16,3
Karlen-pypm,LV,Deaths,0.327869339664221,2021-08-16,3
Karlen-pypm,PT,Deaths,0.379752987332737,2021-08-16,3
Karlen-pypm,RO,Deaths,0.235280518692468,2021-08-16,3
Karlen-pypm,SI,Cases,0.322354453892428,2021-08-16,3
Karlen-pypm,SI,Deaths,0.40718204922675,2021-08-16,3
Karlen-pypm,SK,Cases,0.327119456495885,2021-08-16,3
MUNI-ARIMA,AT,Cases,0.27844619394846,2021-08-16,3
MUNI-ARIMA,BG,Cases,0.351230263672857,2021-08-16,3
MUNI-ARIMA,CY,Cases,0.398294867259866,2021-08-16,3
MUNI-ARIMA,EE,Cases,0.429526782421825,2021-08-16,3
MUNI-ARIMA,ES,Cases,0.254234526971723,2021-08-16,3
MUNI-ARIMA,FI,Cases,0.303678147775437,2021-08-16,3
MUNI-ARIMA,GR,Cases,0.480423913676662,2021-08-16,3
MUNI-ARIMA,GR,Deaths,0.369096260826078,2021-08-16,3
MUNI-ARIMA,IT,Cases,0.525379794308171,2021-08-16,3
MUNI-ARIMA,IT,Deaths,0.35454309377354,2021-08-16,3
MUNI-ARIMA,LT,Cases,0.477302283523485,2021-08-16,3
MUNI-ARIMA,LU,Deaths,0.3382891537285,2021-08-16,3
MUNI-ARIMA,LV,Cases,0.341830419917182,2021-08-16,3
MUNI-ARIMA,MT,Cases,0.562164037613477,2021-08-16,3
MUNI-ARIMA,MT,Deaths,0.299289511716387,2021-08-16,3
MUNI-ARIMA,NO,Cases,0.328923905346965,2021-08-16,3
MUNI-ARIMA,RO,Cases,0.348195256440647,2021-08-16,3
MUNI-ARIMA,RO,Deaths,0.476077292179518,2021-08-16,3
MUNI-ARIMA,SI,Cases,0.390610236154853,2021-08-16,3
MUNI-ARIMA,SK,Cases,0.351679940360913,2021-08-16,3
RobertWalraven-ESG,AT,Cases,0.240023242187371,2021-08-16,3
RobertWalraven-ESG,AT,Deaths,0.316947529779558,2021-08-16,3
RobertWalraven-ESG,BE,Cases,0.408318402510595,2021-08-16,3
RobertWalraven-ESG,BE,Deaths,0.295380990428078,2021-08-16,3
RobertWalraven-ESG,CY,Deaths,0.260176365513715,2021-08-16,3
RobertWalraven-ESG,EE,Deaths,0.327765066190155,2021-08-16,3
RobertWalraven-ESG,ES,Cases,0.477375442760471,2021-08-16,3
RobertWalraven-ESG,GR,Cases,0.31816166967625,2021-08-16,3
RobertWalraven-ESG,GR,Deaths,0.281484447095451,2021-08-16,3
RobertWalraven-ESG,HR,Cases,0.326806562830204,2021-08-16,3
RobertWalraven-ESG,HR,Deaths,0.285839970827402,2021-08-16,3
RobertWalraven-ESG,IT,Deaths,0.370066569652958,2021-08-16,3
RobertWalraven-ESG,LU,Deaths,0.344894027933547,2021-08-16,3
RobertWalraven-ESG,MT,Cases,0.256670843000235,2021-08-16,3
RobertWalraven-ESG,MT,Deaths,0.332198971881545,2021-08-16,3
RobertWalraven-ESG,PT,Cases,0.317906219882982,2021-08-16,3
RobertWalraven-ESG,SK,Deaths,0.31345798942137,2021-08-16,3
UNIPV-BayesINGARCHX,IT,Cases,0.208563066469628,2021-08-16,3
epiforecasts-EpiNow2,AT,Deaths,0.312749142671635,2021-08-16,3
epiforecasts-EpiNow2,BE,Deaths,0.356489502787771,2021-08-16,3
epiforecasts-EpiNow2,BG,Cases,0.296082172408383,2021-08-16,3
epiforecasts-EpiNow2,BG,Deaths,0.35379146185112,2021-08-16,3
epiforecasts-EpiNow2,CY,Cases,0.300625893577558,2021-08-16,3
epiforecasts-EpiNow2,EE,Deaths,0.359433714261519,2021-08-16,3
epiforecasts-EpiNow2,ES,Cases,0.268390030267807,2021-08-16,3
epiforecasts-EpiNow2,FI,Deaths,0.415434460099175,2021-08-16,3
epiforecasts-EpiNow2,HR,Deaths,0.331669258321165,2021-08-16,3
epiforecasts-EpiNow2,HU,Cases,0.258494965479015,2021-08-16,3
epiforecasts-EpiNow2,HU,Deaths,0.310928294970313,2021-08-16,3
epiforecasts-EpiNow2,LT,Cases,0.244206176038516,2021-08-16,3
epiforecasts-EpiNow2,LV,Cases,0.33143540937264,2021-08-16,3
epiforecasts-EpiNow2,MT,Cases,0.181165119386288,2021-08-16,3
epiforecasts-EpiNow2,NO,Cases,0.408057666472291,2021-08-16,3
epiforecasts-EpiNow2,PT,Cases,0.376121441144514,2021-08-16,3
epiforecasts-EpiNow2,PT,Deaths,0.34432844660022,2021-08-16,3
epiforecasts-EpiNow2,RO,Cases,0.42603341792427,2021-08-16,3
IEM_Health-CovidProject,AT,Cases,0.337726058842584,2021-08-23,3
IEM_Health-CovidProject,BE,Cases,0.369687968812657,2021-08-23,3
IEM_Health-CovidProject,CY,Cases,0.459201659890707,2021-08-23,3
IEM_Health-CovidProject,CY,Deaths,0.385557810172804,2021-08-23,3
IEM_Health-CovidProject,EE,Cases,0.29877803207044,2021-08-23,3
IEM_Health-CovidProject,FI,Cases,0.360879140267131,2021-08-23,3
IEM_Health-CovidProject,FI,Deaths,0.277162909817249,2021-08-23,3
IEM_Health-CovidProject,GR,Cases,0.318766363238493,2021-08-23,3
IEM_Health-CovidProject,GR,Deaths,0.319500906693795,2021-08-23,3
IEM_Health-CovidProject,HR,Cases,0.325227597478323,2021-08-23,3
IEM_Health-CovidProject,HU,Cases,0.533403242029565,2021-08-23,3
IEM_Health-CovidProject,HU,Deaths,0.345093577162516,2021-08-23,3
IEM_Health-CovidProject,IT,Cases,0.240728941298388,2021-08-23,3
IEM_Health-CovidProject,LT,Cases,0.396637275170165,2021-08-23,3
IEM_Health-CovidProject,LV,Cases,0.288623592916191,2021-08-23,3
IEM_Health-CovidProject,MT,Cases,0.169740130613452,2021-08-23,3
IEM_Health-CovidProject,MT,Deaths,0.388728277993061,2021-08-23,3
IEM_Health-CovidProject,NO,Cases,0.29634053462138,2021-08-23,3
IEM_Health-CovidProject,PT,Cases,0.309419946268621,2021-08-23,3
IEM_Health-CovidProject,RO,Cases,0.239896250713109,2021-08-23,3
IEM_Health-CovidProject,RO,Deaths,0.278735884475606,2021-08-23,3
IEM_Health-CovidProject,SI,Cases,0.262497985625473,2021-08-23,3
IEM_Health-CovidProject,SI,Deaths,0.378611305399582,2021-08-23,3
IEM_Health-CovidProject,SK,Cases,0.322605968550698,2021-08-23,3
IEM_Health-CovidProject,SK,Deaths,0.421286608573764,2021-08-23,3
ILM-EKF,AT,Cases,0.302818794927667,2021-08-23,3
ILM-EKF,BE,Cases,0.297797707390614,2021-08-23,3
ILM-EKF,BG,Deaths,0.242921195796731,2021-08-23,3
ILM-EKF,FI,Deaths,0.296337702320329,2021-08-23,3
ILM-EKF,HR,Cases,0.338860681033731,2021-08-23,3
ILM-EKF,HU,Cases,0.265413207386692,2021-08-23,3
ILM-EKF,LT,Deaths,0.34551796711792,2021-08-23,3
ILM-EKF,LV,Deaths,0.323943521919866,2021-08-23,3
ILM-EKF,RO,Deaths,0.339056690544779,2021-08-23,3
ILM-EKF,SK,Deaths,0.297414854669979,2021-08-23,3
Karlen-pypm,AT,Deaths,0.335665278411656,2021-08-23,3
Karlen-pypm,BE,Cases,0.332514323796729,2021-08-23,3
Karlen-pypm,BE,Deaths,0.325466841926514,2021-08-23,3
Karlen-pypm,BG,Cases,0.312607226815514,2021-08-23,3
Karlen-pypm,BG,Deaths,0.360845525253545,2021-08-23,3
Karlen-pypm,CY,Cases,0.259320723403606,2021-08-23,3
Karlen-pypm,CY,Deaths,0.306087437736795,2021-08-23,3
Karlen-pypm,GR,Cases,0.276747179365128,2021-08-23,3
Karlen-pypm,GR,Deaths,0.358296322500041,2021-08-23,3
Karlen-pypm,HR,Deaths,0.355572625776347,2021-08-23,3
Karlen-pypm,HU,Deaths,0.309344933119437,2021-08-23,3
Karlen-pypm,IT,Deaths,0.302225979783836,2021-08-23,3
Karlen-pypm,LT,Deaths,0.296509323052689,2021-08-23,3
Karlen-pypm,LV,Deaths,0.320941728666555,2021-08-23,3
Karlen-pypm,PT,Deaths,0.381905476043639,2021-08-23,3
Karlen-pypm,SI,Cases,0.314785763879673,2021-08-23,3
Karlen-pypm,SI,Deaths,0.363865265459466,2021-08-23,3
Karlen-pypm,SK,Cases,0.34132220034944,2021-08-23,3
MUNI-ARIMA,AT,Cases,0.359455146229749,2021-08-23,3
MUNI-ARIMA,BG,Cases,0.444549130089322,2021-08-23,3
MUNI-ARIMA,CY,Cases,0.281477616705687,2021-08-23,3
MUNI-ARIMA,EE,Cases,0.441842793040954,2021-08-23,3
MUNI-ARIMA,EE,Deaths,0.295599042878394,2021-08-23,3
MUNI-ARIMA,ES,Cases,0.233026849520389,2021-08-23,3
MUNI-ARIMA,FI,Cases,0.413787454260454,2021-08-23,3
MUNI-ARIMA,GR,Cases,0.404486457396379,2021-08-23,3
MUNI-ARIMA,GR,Deaths,0.322202770806163,2021-08-23,3
MUNI-ARIMA,HR,Cases,0.335911721487946,2021-08-23,3
MUNI-ARIMA,IT,Cases,0.445388756042963,2021-08-23,3
MUNI-ARIMA,IT,Deaths,0.38944515825108,2021-08-23,3
MUNI-ARIMA,LT,Cases,0.368568230720644,2021-08-23,3
MUNI-ARIMA,LU,Deaths,0.337479065507703,2021-08-23,3
MUNI-ARIMA,LV,Cases,0.34196091056466,2021-08-23,3
MUNI-ARIMA,MT,Cases,0.484066835556414,2021-08-23,3
MUNI-ARIMA,MT,Deaths,0.273492463592485,2021-08-23,3
MUNI-ARIMA,NO,Cases,0.372589129732588,2021-08-23,3
MUNI-ARIMA,RO,Cases,0.331896938512824,2021-08-23,3
MUNI-ARIMA,SI,Cases,0.422716250494854,2021-08-23,3
MUNI-ARIMA,SK,Cases,0.336071831099862,2021-08-23,3
RobertWalraven-ESG,AT,Deaths,0.275104189271204,2021-08-23,3
RobertWalraven-ESG,BE,Deaths,0.274004598107948,2021-08-23,3
RobertWalraven-ESG,CY,Deaths,0.308354752090401,2021-08-23,3
RobertWalraven-ESG,EE,Cases,0.259379174888606,2021-08-23,3
RobertWalraven-ESG,EE,Deaths,0.421693461370954,2021-08-23,3
RobertWalraven-ESG,ES,Cases,0.346776104513607,2021-08-23,3
RobertWalraven-ESG,FI,Cases,0.225333405472416,2021-08-23,3
RobertWalraven-ESG,HR,Deaths,0.336732715542077,2021-08-23,3
RobertWalraven-ESG,IT,Cases,0.313882302658649,2021-08-23,3
RobertWalraven-ESG,IT,Deaths,0.308328861965084,2021-08-23,3
RobertWalraven-ESG,LT,Cases,0.234794494109191,2021-08-23,3
RobertWalraven-ESG,LU,Deaths,0.361605385229428,2021-08-23,3
RobertWalraven-ESG,LV,Deaths,0.355114749413579,2021-08-23,3
RobertWalraven-ESG,MT,Deaths,0.337779258414454,2021-08-23,3
RobertWalraven-ESG,PT,Cases,0.302530625843378,2021-08-23,3
RobertWalraven-ESG,PT,Deaths,0.263120411518174,2021-08-23,3
RobertWalraven-ESG,SI,Deaths,0.257523429140952,2021-08-23,3
RobertWalraven-ESG,SK,Deaths,0.281298536756258,2021-08-23,3
epiforecasts-EpiNow2,AT,Deaths,0.38923053231714,2021-08-23,3
epiforecasts-EpiNow2,BE,Deaths,0.400528559965537,2021-08-23,3
epiforecasts-EpiNow2,BG,Cases,0.242843643095164,2021-08-23,3
epiforecasts-EpiNow2,BG,Deaths,0.396233278949725,2021-08-23,3
epiforecasts-EpiNow2,EE,Deaths,0.282707495750653,2021-08-23,3
epiforecasts-EpiNow2,ES,Cases,0.420197045966003,2021-08-23,3
epiforecasts-EpiNow2,FI,Deaths,0.426499387862423,2021-08-23,3
epiforecasts-EpiNow2,HR,Deaths,0.307694658681576,2021-08-23,3
epiforecasts-EpiNow2,HU,Cases,0.201183550583743,2021-08-23,3
epiforecasts-EpiNow2,HU,Deaths,0.345561489718047,2021-08-23,3
epiforecasts-EpiNow2,LT,Deaths,0.357972709829391,2021-08-23,3
epiforecasts-EpiNow2,LU,Deaths,0.300915549262869,2021-08-23,3
epiforecasts-EpiNow2,LV,Cases,0.369415496519149,2021-08-23,3
epiforecasts-EpiNow2,MT,Cases,0.346193033830135,2021-08-23,3
epiforecasts-EpiNow2,NO,Cases,0.331070335646031,2021-08-23,3
epiforecasts-EpiNow2,PT,Cases,0.388049427888001,2021-08-23,3
epiforecasts-EpiNow2,PT,Deaths,0.354974112438187,2021-08-23,3
epiforecasts-EpiNow2,RO,Cases,0.428206810774067,2021-08-23,3
epiforecasts-EpiNow2,RO,Deaths,0.382207424979615,2021-08-23,3
IEM_Health-CovidProject,AT,Cases,0.351283229387892,2021-08-30,3
IEM_Health-CovidProject,BE,Cases,0.317390683683085,2021-08-30,3
IEM_Health-CovidProject,BG,Cases,0.236735812375783,2021-08-30,3
IEM_Health-CovidProject,CY,Cases,0.560793056463821,2021-08-30,3
IEM_Health-CovidProject,CY,Deaths,0.339413398740491,2021-08-30,3
IEM_Health-CovidProject,EE,Cases,0.285679530667687,2021-08-30,3
IEM_Health-CovidProject,FI,Cases,0.260614781880559,2021-08-30,3
IEM_Health-CovidProject,GR,Cases,0.296116571188459,2021-08-30,3
IEM_Health-CovidProject,GR,Deaths,0.417048465632346,2021-08-30,3
IEM_Health-CovidProject,HR,Cases,0.345820999043233,2021-08-30,3
IEM_Health-CovidProject,HU,Cases,0.4372320706678,2021-08-30,3
IEM_Health-CovidProject,HU,Deaths,0.318298277250719,2021-08-30,3
IEM_Health-CovidProject,IT,Cases,0.239584617473782,2021-08-30,3
IEM_Health-CovidProject,MT,Cases,0.405561679759802,2021-08-30,3
IEM_Health-CovidProject,MT,Deaths,0.36744032186689,2021-08-30,3
IEM_Health-CovidProject,NO,Cases,0.318757661599252,2021-08-30,3
IEM_Health-CovidProject,PT,Cases,0.311116478659318,2021-08-30,3
IEM_Health-CovidProject,PT,Deaths,0.30353345243276,2021-08-30,3
IEM_Health-CovidProject,SI,Cases,0.294574051265077,2021-08-30,3
IEM_Health-CovidProject,SK,Cases,0.283659510806912,2021-08-30,3
IEM_Health-CovidProject,SK,Deaths,0.408899445679526,2021-08-30,3
ILM-EKF,AT,Cases,0.277708891991518,2021-08-30,3
ILM-EKF,BE,Cases,0.278515555545917,2021-08-30,3
ILM-EKF,GR,Cases,0.278373945745201,2021-08-30,3
ILM-EKF,GR,Deaths,0.283267876762923,2021-08-30,3
ILM-EKF,HR,Cases,0.314625065599152,2021-08-30,3
ILM-EKF,HU,Cases,0.343725405060553,2021-08-30,3
ILM-EKF,HU,Deaths,0.279868563986853,2021-08-30,3
ILM-EKF,IT,Deaths,0.298643108826863,2021-08-30,3
ILM-EKF,LT,Deaths,0.272887131682631,2021-08-30,3
ILM-EKF,LV,Deaths,0.275101180008702,2021-08-30,3
ILM-EKF,NO,Cases,0.385004988683885,2021-08-30,3
ILM-EKF,PT,Cases,0.264607633519015,2021-08-30,3
ILM-EKF,RO,Cases,0.250060488322738,2021-08-30,3
ILM-EKF,RO,Deaths,0.30123417232457,2021-08-30,3
ILM-EKF,SI,Deaths,0.30227424879385,2021-08-30,3
Karlen-pypm,AT,Deaths,0.288773081658562,2021-08-30,3
Karlen-pypm,BE,Cases,0.404093760770998,2021-08-30,3
Karlen-pypm,BE,Deaths,0.359127996108255,2021-08-30,3
Karlen-pypm,BG,Deaths,0.361474938602575,2021-08-30,3
Karlen-pypm,CY,Cases,0.234168458718771,2021-08-30,3
Karlen-pypm,EE,Deaths,0.313345379288941,2021-08-30,3
Karlen-pypm,FI,Deaths,0.312269028727335,2021-08-30,3
Karlen-pypm,HR,Deaths,0.336881794432776,2021-08-30,3
Karlen-pypm,IT,Deaths,0.325413103249322,2021-08-30,3
Karlen-pypm,LT,Deaths,0.24717056797734,2021-08-30,3
Karlen-pypm,LU,Deaths,0.326654685859666,2021-08-30,3
Karlen-pypm,LV,Cases,0.326839476718346,2021-08-30,3
Karlen-pypm,LV,Deaths,0.329151540384999,2021-08-30,3
Karlen-pypm,PT,Deaths,0.351398343008695,2021-08-30,3
Karlen-pypm,SI,Cases,0.309077245120579,2021-08-30,3
Karlen-pypm,SI,Deaths,0.315741353101775,2021-08-30,3
Karlen-pypm,SK,Deaths,0.277844409199088,2021-08-30,3
MUNI-ARIMA,AT,Cases,0.37100787862059,2021-08-30,3
MUNI-ARIMA,BG,Cases,0.550736896470624,2021-08-30,3
MUNI-ARIMA,BG,Deaths,0.243018468128295,2021-08-30,3
MUNI-ARIMA,CY,Cases,0.205038484817409,2021-08-30,3
MUNI-ARIMA,CY,Deaths,0.361834800890799,2021-08-30,3
MUNI-ARIMA,EE,Cases,0.369016224010289,2021-08-30,3
MUNI-ARIMA,FI,Cases,0.486621320214779,2021-08-30,3
MUNI-ARIMA,FI,Deaths,0.287426062456823,2021-08-30,3
MUNI-ARIMA,GR,Cases,0.425509483066341,2021-08-30,3
MUNI-ARIMA,GR,Deaths,0.299683657604732,2021-08-30,3
MUNI-ARIMA,HR,Cases,0.339553935357615,2021-08-30,3
MUNI-ARIMA,IT,Cases,0.296301083941424,2021-08-30,3
MUNI-ARIMA,IT,Deaths,0.375943787923815,2021-08-30,3
MUNI-ARIMA,LT,Cases,0.309185195757004,2021-08-30,3
MUNI-ARIMA,LV,Cases,0.313155231949395,2021-08-30,3
MUNI-ARIMA,MT,Cases,0.41346758799017,2021-08-30,3
MUNI-ARIMA,RO,Cases,0.308822023160991,2021-08-30,3
MUNI-ARIMA,RO,Deaths,0.226815151892338,2021-08-30,3
MUNI-ARIMA,SI,Cases,0.396348703614344,2021-08-30,3
MUNI-ARIMA,SK,Cases,0.325901223860881,2021-08-30,3
RobertWalraven-ESG,AT,Deaths,0.307993227674643,2021-08-30,3
RobertWalraven-ESG,BE,Deaths,0.286791015671489,2021-08-30,3
RobertWalraven-ESG,CY,Deaths,0.29875180036871,2021-08-30,3
RobertWalraven-ESG,EE,Cases,0.345304245322024,2021-08-30,3
RobertWalraven-ESG,EE,Deaths,0.359453971426383,2021-08-30,3
RobertWalraven-ESG,ES,Cases,0.277514167447653,2021-08-30,3
RobertWalraven-ESG,FI,Cases,0.252763897904662,2021-08-30,3
RobertWalraven-ESG,HR,Deaths,0.30365315241205,2021-08-30,3
RobertWalraven-ESG,IT,Cases,0.464114298584794,2021-08-30,3
RobertWalraven-ESG,LT,Cases,0.371993424850009,2021-08-30,3
RobertWalraven-ESG,LU,Deaths,0.336175553936325,2021-08-30,3
RobertWalraven-ESG,LV,Deaths,0.395747279606298,2021-08-30,3
RobertWalraven-ESG,MT,Cases,0.180970732250029,2021-08-30,3
RobertWalraven-ESG,MT,Deaths,0.310511817685402,2021-08-30,3
RobertWalraven-ESG,PT,Cases,0.424275887821668,2021-08-30,3
RobertWalraven-ESG,SK,Deaths,0.313256145121385,2021-08-30,3
UB-BSLCoV,ES,Cases,0.392831608746785,2021-08-30,3
epiforecasts-EpiNow2,AT,Deaths,0.403233690666794,2021-08-30,3
epiforecasts-EpiNow2,BE,Deaths,0.354080988220256,2021-08-30,3
epiforecasts-EpiNow2,BG,Cases,0.212527291153592,2021-08-30,3
epiforecasts-EpiNow2,BG,Deaths,0.395506593269131,2021-08-30,3
epiforecasts-EpiNow2,EE,Deaths,0.327200649284677,2021-08-30,3
epiforecasts-EpiNow2,ES,Cases,0.329654223805562,2021-08-30,3
epiforecasts-EpiNow2,FI,Deaths,0.400304908815841,2021-08-30,3
epiforecasts-EpiNow2,HR,Deaths,0.359465053155175,2021-08-30,3
epiforecasts-EpiNow2,HU,Cases,0.219042524271647,2021-08-30,3
epiforecasts-EpiNow2,HU,Deaths,0.401833158762428,2021-08-30,3
epiforecasts-EpiNow2,LT,Cases,0.318821379392987,2021-08-30,3
epiforecasts-EpiNow2,LT,Deaths,0.479942300340029,2021-08-30,3
epiforecasts-EpiNow2,LU,Deaths,0.337169760204009,2021-08-30,3
epiforecasts-EpiNow2,LV,Cases,0.36000529133226,2021-08-30,3
epiforecasts-EpiNow2,MT,Deaths,0.322047860447708,2021-08-30,3
epiforecasts-EpiNow2,NO,Cases,0.296237349716863,2021-08-30,3
epiforecasts-EpiNow2,PT,Deaths,0.345068204558545,2021-08-30,3
epiforecasts-EpiNow2,RO,Cases,0.441117488516272,2021-08-30,3
epiforecasts-EpiNow2,RO,Deaths,0.471950675783091,2021-08-30,3
epiforecasts-EpiNow2,SI,Deaths,0.381984398104376,2021-08-30,3
epiforecasts-EpiNow2,SK,Cases,0.390439265332207,2021-08-30,3
IEM_Health-CovidProject,AT,Cases,0.317754729640542,2021-09-06,3
IEM_Health-CovidProject,BE,Cases,0.289114021233361,2021-09-06,3
IEM_Health-CovidProject,BG,Cases,0.214183603352467,2021-09-06,3
IEM_Health-CovidProject,CY,Cases,0.43277314310694,2021-09-06,3
IEM_Health-CovidProject,EE,Cases,0.325191701677196,2021-09-06,3
IEM_Health-CovidProject,FI,Cases,0.238372880632142,2021-09-06,3
IEM_Health-CovidProject,GR,Cases,0.253575268444412,2021-09-06,3
IEM_Health-CovidProject,GR,Deaths,0.45970270868714,2021-09-06,3
IEM_Health-CovidProject,HR,Cases,0.40044074605881,2021-09-06,3
IEM_Health-CovidProject,HU,Cases,0.37319637308935,2021-09-06,3
IEM_Health-CovidProject,HU,Deaths,0.303808562978023,2021-09-06,3
IEM_Health-CovidProject,LT,Deaths,0.32232040132832,2021-09-06,3
IEM_Health-CovidProject,MT,Cases,0.497294540321538,2021-09-06,3
IEM_Health-CovidProject,MT,Deaths,0.294861312201865,2021-09-06,3
IEM_Health-CovidProject,NO,Cases,0.306064893849278,2021-09-06,3
IEM_Health-CovidProject,PT,Cases,0.319393225496362,2021-09-06,3
IEM_Health-CovidProject,PT,Deaths,0.25939606783933,2021-09-06,3
IEM_Health-CovidProject,RO,Deaths,0.245646302095204,2021-09-06,3
IEM_Health-CovidProject,SI,Cases,0.362242852368727,2021-09-06,3
IEM_Health-CovidProject,SI,Deaths,0.29879873450269,2021-09-06,3
IEM_Health-CovidProject,SK,Deaths,0.3848248420031,2021-09-06,3
ILM-EKF,AT,Cases,0.244428329372875,2021-09-06,3
ILM-EKF,AT,Deaths,0.315933537908077,2021-09-06,3
ILM-EKF,BE,Cases,0.305915227228304,2021-09-06,3
ILM-EKF,CY,Cases,0.277966727432258,2021-09-06,3
ILM-EKF,ES,Cases,0.304312286812674,2021-09-06,3
ILM-EKF,HR,Cases,0.300998752699488,2021-09-06,3
ILM-EKF,HU,Cases,0.337787961521389,2021-09-06,3
ILM-EKF,NO,Cases,0.462050501189076,2021-09-06,3
ILM-EKF,RO,Cases,0.336921638532992,2021-09-06,3
ILM-EKF,RO,Deaths,0.266830535883018,2021-09-06,3
Karlen-pypm,BE,Cases,0.404970751538335,2021-09-06,3
Karlen-pypm,BE,Deaths,0.394956711167357,2021-09-06,3
Karlen-pypm,BG,Deaths,0.369883807603403,2021-09-06,3
Karlen-pypm,CY,Deaths,0.288889247996603,2021-09-06,3
Karlen-pypm,EE,Deaths,0.347157728909052,2021-09-06,3
Karlen-pypm,FI,Deaths,0.352130542526819,2021-09-06,3
Karlen-pypm,HR,Deaths,0.325795710535794,2021-09-06,3
Karlen-pypm,HU,Cases,0.289015665389261,2021-09-06,3
Karlen-pypm,HU,Deaths,0.308565586815608,2021-09-06,3
Karlen-pypm,IT,Deaths,0.380118534733271,2021-09-06,3
Karlen-pypm,LU,Deaths,0.396420820554808,2021-09-06,3
Karlen-pypm,LV,Cases,0.326532607903494,2021-09-06,3
Karlen-pypm,LV,Deaths,0.296429768882618,2021-09-06,3
Karlen-pypm,PT,Deaths,0.315160720296801,2021-09-06,3
Karlen-pypm,SI,Cases,0.282700804058223,2021-09-06,3
Karlen-pypm,SI,Deaths,0.336258547955762,2021-09-06,3
Karlen-pypm,SK,Cases,0.268304787328588,2021-09-06,3
Karlen-pypm,SK,Deaths,0.37085088147587,2021-09-06,3
MUNI-ARIMA,AT,Cases,0.437816940986583,2021-09-06,3
MUNI-ARIMA,BG,Cases,0.578762940341283,2021-09-06,3
MUNI-ARIMA,BG,Deaths,0.26502195917622,2021-09-06,3
MUNI-ARIMA,CY,Deaths,0.364220018465476,2021-09-06,3
MUNI-ARIMA,EE,Cases,0.281541554885498,2021-09-06,3
MUNI-ARIMA,EE,Deaths,0.258448979727408,2021-09-06,3
MUNI-ARIMA,FI,Cases,0.513264661411556,2021-09-06,3
MUNI-ARIMA,FI,Deaths,0.279354380280121,2021-09-06,3
MUNI-ARIMA,GR,Cases,0.482554167133125,2021-09-06,3
MUNI-ARIMA,GR,Deaths,0.262021912236332,2021-09-06,3
MUNI-ARIMA,HR,Cases,0.298560501241702,2021-09-06,3
MUNI-ARIMA,IT,Cases,0.32923555913676,2021-09-06,3
MUNI-ARIMA,IT,Deaths,0.309207836912314,2021-09-06,3
MUNI-ARIMA,LT,Cases,0.22446364531894,2021-09-06,3
MUNI-ARIMA,LT,Deaths,0.295774106178339,2021-09-06,3
MUNI-ARIMA,LU,Deaths,0.302680659732815,2021-09-06,3
MUNI-ARIMA,LV,Cases,0.254124262973974,2021-09-06,3
MUNI-ARIMA,MT,Cases,0.283079602926909,2021-09-06,3
MUNI-ARIMA,MT,Deaths,0.28659179313621,2021-09-06,3
MUNI-ARIMA,PT,Cases,0.30630996382349,2021-09-06,3
MUNI-ARIMA,RO,Cases,0.279130055503608,2021-09-06,3
MUNI-ARIMA,SI,Cases,0.35505634357305,2021-09-06,3
MUNI-ARIMA,SK,Cases,0.351631852222356,2021-09-06,3
RobertWalraven-ESG,AT,Deaths,0.318150833069109,2021-09-06,3
RobertWalraven-ESG,BE,Deaths,0.29151766741824,2021-09-06,3
RobertWalraven-ESG,BG,Cases,0.207053456306249,2021-09-06,3
RobertWalraven-ESG,CY,Cases,0.289260129460802,2021-09-06,3
RobertWalraven-ESG,CY,Deaths,0.346890733537921,2021-09-06,3
RobertWalraven-ESG,EE,Cases,0.393266743437307,2021-09-06,3
RobertWalraven-ESG,ES,Cases,0.346029414988039,2021-09-06,3
RobertWalraven-ESG,FI,Cases,0.248362457956303,2021-09-06,3
RobertWalraven-ESG,GR,Deaths,0.278275379076529,2021-09-06,3
RobertWalraven-ESG,HR,Deaths,0.250944582313808,2021-09-06,3
RobertWalraven-ESG,IT,Cases,0.431082631140924,2021-09-06,3
RobertWalraven-ESG,LT,Cases,0.530139424469924,2021-09-06,3
RobertWalraven-ESG,LV,Deaths,0.341688749230522,2021-09-06,3
RobertWalraven-ESG,MT,Cases,0.219625856751553,2021-09-06,3
RobertWalraven-ESG,PT,Cases,0.374296810680147,2021-09-06,3
RobertWalraven-ESG,SK,Deaths,0.24432427652103,2021-09-06,3
UB-BSLCoV,ES,Cases,0.349658298199287,2021-09-06,3
epiforecasts-EpiNow2,AT,Deaths,0.365915629022815,2021-09-06,3
epiforecasts-EpiNow2,BE,Deaths,0.313525621414403,2021-09-06,3
epiforecasts-EpiNow2,BG,Deaths,0.365094233220378,2021-09-06,3
epiforecasts-EpiNow2,EE,Deaths,0.39439329136354,2021-09-06,3
epiforecasts-EpiNow2,FI,Deaths,0.36851507719306,2021-09-06,3
epiforecasts-EpiNow2,GR,Cases,0.263870564422463,2021-09-06,3
epiforecasts-EpiNow2,HR,Deaths,0.423259707150398,2021-09-06,3
epiforecasts-EpiNow2,HU,Deaths,0.387625850206369,2021-09-06,3
epiforecasts-EpiNow2,IT,Cases,0.239681809722317,2021-09-06,3
epiforecasts-EpiNow2,IT,Deaths,0.310673628354415,2021-09-06,3
epiforecasts-EpiNow2,LT,Cases,0.245396930211136,2021-09-06,3
epiforecasts-EpiNow2,LT,Deaths,0.381905492493341,2021-09-06,3
epiforecasts-EpiNow2,LU,Deaths,0.300898519712377,2021-09-06,3
epiforecasts-EpiNow2,LV,Cases,0.419343129122531,2021-09-06,3
epiforecasts-EpiNow2,LV,Deaths,0.36188148188686,2021-09-06,3
epiforecasts-EpiNow2,MT,Deaths,0.418546894661926,2021-09-06,3
epiforecasts-EpiNow2,NO,Cases,0.231884604961647,2021-09-06,3
epiforecasts-EpiNow2,PT,Deaths,0.425443211863869,2021-09-06,3
epiforecasts-EpiNow2,RO,Cases,0.3839483059634,2021-09-06,3
epiforecasts-EpiNow2,RO,Deaths,0.487523162021778,2021-09-06,3
epiforecasts-EpiNow2,SI,Deaths,0.364942717541548,2021-09-06,3
epiforecasts-EpiNow2,SK,Cases,0.380063360449056,2021-09-06,3
IEM_Health-CovidProject,AT,Cases,0.356220732917417,2021-09-13,3
IEM_Health-CovidProject,CY,Cases,0.437054047036506,2021-09-13,3
IEM_Health-CovidProject,EE,Cases,0.43838287170362,2021-09-13,3
IEM_Health-CovidProject,GR,Deaths,0.347969798546092,2021-09-13,3
IEM_Health-CovidProject,HR,Cases,0.504655618464747,2021-09-13,3
IEM_Health-CovidProject,HU,Cases,0.391055996101496,2021-09-13,3
IEM_Health-CovidProject,IT,Deaths,0.350383948593565,2021-09-13,3
IEM_Health-CovidProject,LT,Cases,0.263105882933975,2021-09-13,3
IEM_Health-CovidProject,LT,Deaths,0.286998410142101,2021-09-13,3
IEM_Health-CovidProject,MT,Cases,0.517221029876607,2021-09-13,3
IEM_Health-CovidProject,MT,Deaths,0.272277567813699,2021-09-13,3
IEM_Health-CovidProject,NO,Cases,0.331883399403917,2021-09-13,3
IEM_Health-CovidProject,PT,Deaths,0.30114609254957,2021-09-13,3
IEM_Health-CovidProject,RO,Deaths,0.270426835488841,2021-09-13,3
IEM_Health-CovidProject,SI,Cases,0.448813655638748,2021-09-13,3
ILM-EKF,AT,Cases,0.188433249224735,2021-09-13,3
ILM-EKF,AT,Deaths,0.393066516029914,2021-09-13,3
ILM-EKF,BE,Cases,0.280384100382302,2021-09-13,3
ILM-EKF,CY,Cases,0.257176680697268,2021-09-13,3
ILM-EKF,EE,Deaths,0.277857256505711,2021-09-13,3
ILM-EKF,ES,Cases,0.344960609426319,2021-09-13,3
ILM-EKF,HR,Cases,0.258889577994916,2021-09-13,3
ILM-EKF,HR,Deaths,0.298584940770159,2021-09-13,3
ILM-EKF,HU,Cases,0.357011725653334,2021-09-13,3
ILM-EKF,HU,Deaths,0.301632784115595,2021-09-13,3
ILM-EKF,IT,Cases,0.298326876037198,2021-09-13,3
ILM-EKF,LV,Deaths,0.295703848674076,2021-09-13,3
ILM-EKF,NO,Cases,0.363383428039401,2021-09-13,3
ILM-EKF,PT,Cases,0.29277439011703,2021-09-13,3
ILM-EKF,RO,Cases,0.338067027698173,2021-09-13,3
ILM-EKF,RO,Deaths,0.260998785108238,2021-09-13,3
Karlen-pypm,BE,Cases,0.431950347144308,2021-09-13,3
Karlen-pypm,BE,Deaths,0.432154831754474,2021-09-13,3
Karlen-pypm,BG,Deaths,0.285180596599964,2021-09-13,3
Karlen-pypm,CY,Deaths,0.339151172697253,2021-09-13,3
Karlen-pypm,EE,Cases,0.284530270213111,2021-09-13,3
Karlen-pypm,EE,Deaths,0.358876757030255,2021-09-13,3
Karlen-pypm,ES,Cases,0.320428770579546,2021-09-13,3
Karlen-pypm,FI,Cases,0.289501934549882,2021-09-13,3
Karlen-pypm,FI,Deaths,0.388328674182914,2021-09-13,3
Karlen-pypm,HR,Deaths,0.302138956883508,2021-09-13,3
Karlen-pypm,HU,Deaths,0.300991523878304,2021-09-13,3
Karlen-pypm,IT,Deaths,0.339620964365298,2021-09-13,3
Karlen-pypm,LU,Deaths,0.407929690296078,2021-09-13,3
Karlen-pypm,LV,Cases,0.336299610265391,2021-09-13,3
Karlen-pypm,PT,Cases,0.369234641055994,2021-09-13,3
Karlen-pypm,PT,Deaths,0.272451402939936,2021-09-13,3
Karlen-pypm,RO,Cases,0.296793920125297,2021-09-13,3
Karlen-pypm,SI,Cases,0.283070993234119,2021-09-13,3
Karlen-pypm,SI,Deaths,0.351980058295958,2021-09-13,3
Karlen-pypm,SK,Cases,0.271422753221273,2021-09-13,3
Karlen-pypm,SK,Deaths,0.341148696299771,2021-09-13,3
MUNI-ARIMA,AT,Cases,0.455346017857848,2021-09-13,3
MUNI-ARIMA,AT,Deaths,0.297962179115488,2021-09-13,3
MUNI-ARIMA,BG,Cases,0.525780646376049,2021-09-13,3
MUNI-ARIMA,BG,Deaths,0.319167561074243,2021-09-13,3
MUNI-ARIMA,CY,Deaths,0.319354752401994,2021-09-13,3
MUNI-ARIMA,FI,Cases,0.427371481977328,2021-09-13,3
MUNI-ARIMA,GR,Cases,0.442211765873181,2021-09-13,3
MUNI-ARIMA,GR,Deaths,0.28018846919869,2021-09-13,3
MUNI-ARIMA,HR,Cases,0.236454803540337,2021-09-13,3
MUNI-ARIMA,HU,Cases,0.251932278245171,2021-09-13,3
MUNI-ARIMA,IT,Cases,0.385050929377474,2021-09-13,3
MUNI-ARIMA,LT,Cases,0.415476417333249,2021-09-13,3
MUNI-ARIMA,LT,Deaths,0.357106315766979,2021-09-13,3
MUNI-ARIMA,LV,Cases,0.324596525279608,2021-09-13,3
MUNI-ARIMA,MT,Cases,0.257244360500449,2021-09-13,3
MUNI-ARIMA,MT,Deaths,0.341216300660526,2021-09-13,3
MUNI-ARIMA,NO,Cases,0.304733172556683,2021-09-13,3
MUNI-ARIMA,SI,Cases,0.268115351127133,2021-09-13,3
MUNI-ARIMA,SK,Cases,0.357012926870844,2021-09-13,3
MUNI-ARIMA,SK,Deaths,0.297023599205528,2021-09-13,3
RobertWalraven-ESG,BE,Cases,0.28766555247339,2021-09-13,3
RobertWalraven-ESG,BE,Deaths,0.27228668263876,2021-09-13,3
RobertWalraven-ESG,BG,Cases,0.235646504856275,2021-09-13,3
RobertWalraven-ESG,CY,Cases,0.305769272266226,2021-09-13,3
RobertWalraven-ESG,CY,Deaths,0.341494074900753,2021-09-13,3
RobertWalraven-ESG,EE,Cases,0.277086858083269,2021-09-13,3
RobertWalraven-ESG,FI,Cases,0.28312658347279,2021-09-13,3
RobertWalraven-ESG,FI,Deaths,0.307623006976505,2021-09-13,3
RobertWalraven-ESG,GR,Cases,0.311127262492539,2021-09-13,3
RobertWalraven-ESG,GR,Deaths,0.371841732255218,2021-09-13,3
RobertWalraven-ESG,LT,Cases,0.321417699732777,2021-09-13,3
RobertWalraven-ESG,LU,Deaths,0.280355083063719,2021-09-13,3
RobertWalraven-ESG,LV,Deaths,0.308284462549456,2021-09-13,3
RobertWalraven-ESG,MT,Cases,0.225534609622944,2021-09-13,3
RobertWalraven-ESG,PT,Cases,0.337990968826976,2021-09-13,3
RobertWalraven-ESG,SI,Deaths,0.284238850699193,2021-09-13,3
RobertWalraven-ESG,SK,Deaths,0.361827704494701,2021-09-13,3
UB-BSLCoV,ES,Cases,0.334610619994135,2021-09-13,3
epiforecasts-EpiNow2,AT,Deaths,0.308971304854597,2021-09-13,3
epiforecasts-EpiNow2,BE,Deaths,0.295558485606766,2021-09-13,3
epiforecasts-EpiNow2,BG,Cases,0.238572848767676,2021-09-13,3
epiforecasts-EpiNow2,BG,Deaths,0.395651842325793,2021-09-13,3
epiforecasts-EpiNow2,EE,Deaths,0.363265986464035,2021-09-13,3
epiforecasts-EpiNow2,FI,Deaths,0.304048318840581,2021-09-13,3
epiforecasts-EpiNow2,GR,Cases,0.24666097163428,2021-09-13,3
epiforecasts-EpiNow2,HR,Deaths,0.399276102346333,2021-09-13,3
epiforecasts-EpiNow2,HU,Deaths,0.397375692006102,2021-09-13,3
epiforecasts-EpiNow2,IT,Cases,0.316622194585328,2021-09-13,3
epiforecasts-EpiNow2,IT,Deaths,0.309995087041137,2021-09-13,3
epiforecasts-EpiNow2,LT,Deaths,0.35589527409092,2021-09-13,3
epiforecasts-EpiNow2,LU,Deaths,0.311715226640204,2021-09-13,3
epiforecasts-EpiNow2,LV,Cases,0.339103864455001,2021-09-13,3
epiforecasts-EpiNow2,LV,Deaths,0.396011688776468,2021-09-13,3
epiforecasts-EpiNow2,MT,Deaths,0.386506131525775,2021-09-13,3
epiforecasts-EpiNow2,PT,Deaths,0.426402504510493,2021-09-13,3
epiforecasts-EpiNow2,RO,Cases,0.36513905217653,2021-09-13,3
epiforecasts-EpiNow2,RO,Deaths,0.468574379402921,2021-09-13,3
epiforecasts-EpiNow2,SI,Deaths,0.36378109100485,2021-09-13,3
epiforecasts-EpiNow2,SK,Cases,0.371564319907883,2021-09-13,3
IEM_Health-CovidProject,AT,Cases,0.343039933682705,2021-09-20,3
IEM_Health-CovidProject,AT,Deaths,0.331284048812616,2021-09-20,3
IEM_Health-CovidProject,CY,Cases,0.3611631573218,2021-09-20,3
IEM_Health-CovidProject,EE,Cases,0.505573799472698,2021-09-20,3
IEM_Health-CovidProject,HR,Cases,0.433971951389822,2021-09-20,3
IEM_Health-CovidProject,HU,Cases,0.407145593172774,2021-09-20,3
IEM_Health-CovidProject,LT,Cases,0.289102413266427,2021-09-20,3
IEM_Health-CovidProject,LT,Deaths,0.363097726989443,2021-09-20,3
IEM_Health-CovidProject,LV,Cases,0.312600349561194,2021-09-20,3
IEM_Health-CovidProject,MT,Cases,0.458472735303986,2021-09-20,3
IEM_Health-CovidProject,MT,Deaths,0.28883648667868,2021-09-20,3
IEM_Health-CovidProject,NO,Cases,0.249225271277275,2021-09-20,3
IEM_Health-CovidProject,SI,Cases,0.379728708568701,2021-09-20,3
ILM-EKF,AT,Deaths,0.339293383594351,2021-09-20,3
ILM-EKF,BE,Cases,0.273950418636854,2021-09-20,3
ILM-EKF,CY,Cases,0.261168578406527,2021-09-20,3
ILM-EKF,ES,Cases,0.344948010889939,2021-09-20,3
ILM-EKF,HR,Cases,0.286483600496027,2021-09-20,3
ILM-EKF,HU,Cases,0.367157166673765,2021-09-20,3
ILM-EKF,HU,Deaths,0.298560887613883,2021-09-20,3
ILM-EKF,LV,Deaths,0.285675912409756,2021-09-20,3
ILM-EKF,PT,Cases,0.284224530107714,2021-09-20,3
ILM-EKF,RO,Cases,0.318872885055214,2021-09-20,3
ILM-EKF,RO,Deaths,0.28941923991584,2021-09-20,3
ILM-EKF,SI,Cases,0.286673733085368,2021-09-20,3
Karlen-pypm,BE,Cases,0.328737311052985,2021-09-20,3
Karlen-pypm,BE,Deaths,0.439025241202272,2021-09-20,3
Karlen-pypm,BG,Deaths,0.346864613186425,2021-09-20,3
Karlen-pypm,CY,Deaths,0.340410116119413,2021-09-20,3
Karlen-pypm,EE,Cases,0.275132313239046,2021-09-20,3
Karlen-pypm,EE,Deaths,0.332437160871554,2021-09-20,3
Karlen-pypm,ES,Cases,0.260930849250689,2021-09-20,3
Karlen-pypm,FI,Cases,0.3742601365478,2021-09-20,3
Karlen-pypm,FI,Deaths,0.376213795265932,2021-09-20,3
Karlen-pypm,HR,Deaths,0.311465768395391,2021-09-20,3
Karlen-pypm,HU,Deaths,0.326736716697574,2021-09-20,3
Karlen-pypm,IT,Cases,0.318617013398363,2021-09-20,3
Karlen-pypm,IT,Deaths,0.31907514100011,2021-09-20,3
Karlen-pypm,LU,Deaths,0.383349651925814,2021-09-20,3
Karlen-pypm,LV,Cases,0.296730669678408,2021-09-20,3
Karlen-pypm,PT,Cases,0.426842232036796,2021-09-20,3
Karlen-pypm,PT,Deaths,0.275778308103839,2021-09-20,3
Karlen-pypm,RO,Cases,0.286542318352148,2021-09-20,3
Karlen-pypm,SI,Cases,0.33359755834593,2021-09-20,3
Karlen-pypm,SI,Deaths,0.382330617160431,2021-09-20,3
Karlen-pypm,SK,Cases,0.303223106483813,2021-09-20,3
MUNI-ARIMA,AT,Cases,0.417720357832833,2021-09-20,3
MUNI-ARIMA,AT,Deaths,0.329422567593033,2021-09-20,3
MUNI-ARIMA,BE,Deaths,0.285081875401818,2021-09-20,3
MUNI-ARIMA,BG,Cases,0.414825978380712,2021-09-20,3
MUNI-ARIMA,BG,Deaths,0.376892250445091,2021-09-20,3
MUNI-ARIMA,GR,Cases,0.460578026539303,2021-09-20,3
MUNI-ARIMA,GR,Deaths,0.252737478337941,2021-09-20,3
MUNI-ARIMA,HR,Deaths,0.278853792296802,2021-09-20,3
MUNI-ARIMA,IT,Cases,0.321962570857479,2021-09-20,3
MUNI-ARIMA,LT,Cases,0.490429880269319,2021-09-20,3
MUNI-ARIMA,LT,Deaths,0.3778873292159,2021-09-20,3
MUNI-ARIMA,LU,Deaths,0.312302394729544,2021-09-20,3
MUNI-ARIMA,LV,Cases,0.390668980760398,2021-09-20,3
MUNI-ARIMA,MT,Cases,0.262970338606485,2021-09-20,3
MUNI-ARIMA,MT,Deaths,0.308605077834523,2021-09-20,3
MUNI-ARIMA,NO,Cases,0.458958399448124,2021-09-20,3
MUNI-ARIMA,SK,Cases,0.327301469777759,2021-09-20,3
RobertWalraven-ESG,AT,Cases,0.239239708484462,2021-09-20,3
RobertWalraven-ESG,BE,Cases,0.397312270310161,2021-09-20,3
RobertWalraven-ESG,BG,Cases,0.358942025568785,2021-09-20,3
RobertWalraven-ESG,CY,Cases,0.377668264271673,2021-09-20,3
RobertWalraven-ESG,CY,Deaths,0.387494444400244,2021-09-20,3
RobertWalraven-ESG,EE,Cases,0.219293887288256,2021-09-20,3
RobertWalraven-ESG,FI,Cases,0.324736538285576,2021-09-20,3
RobertWalraven-ESG,GR,Cases,0.304602852001548,2021-09-20,3
RobertWalraven-ESG,GR,Deaths,0.558896668193618,2021-09-20,3
RobertWalraven-ESG,LV,Deaths,0.304067392754227,2021-09-20,3
RobertWalraven-ESG,MT,Cases,0.278556926089528,2021-09-20,3
RobertWalraven-ESG,NO,Cases,0.291816329274601,2021-09-20,3
RobertWalraven-ESG,SK,Deaths,0.39749463593592,2021-09-20,3
UB-BSLCoV,ES,Cases,0.394121139859372,2021-09-20,3
UMass-MechBayes,BG,Deaths,0.276243136368484,2021-09-20,3
UMass-MechBayes,CY,Deaths,0.272095439480343,2021-09-20,3
UMass-MechBayes,EE,Deaths,0.313230057908098,2021-09-20,3
UMass-MechBayes,FI,Deaths,0.315281233725241,2021-09-20,3
UMass-MechBayes,GR,Deaths,0.188365853468441,2021-09-20,3
UMass-MechBayes,IT,Deaths,0.365482979417559,2021-09-20,3
UMass-MechBayes,LT,Deaths,0.259014943794657,2021-09-20,3
UMass-MechBayes,PT,Deaths,0.320843496596185,2021-09-20,3
UMass-MechBayes,RO,Deaths,0.283191473260398,2021-09-20,3
UMass-MechBayes,SI,Deaths,0.267967085577087,2021-09-20,3
UMass-MechBayes,SK,Deaths,0.279331607779656,2021-09-20,3
epiforecasts-EpiNow2,BE,Deaths,0.27589288339591,2021-09-20,3
epiforecasts-EpiNow2,BG,Cases,0.226231996050502,2021-09-20,3
epiforecasts-EpiNow2,EE,Deaths,0.354332781220348,2021-09-20,3
epiforecasts-EpiNow2,FI,Cases,0.301003325166624,2021-09-20,3
epiforecasts-EpiNow2,FI,Deaths,0.308504971008828,2021-09-20,3
epiforecasts-EpiNow2,GR,Cases,0.234819121459149,2021-09-20,3
epiforecasts-EpiNow2,HR,Cases,0.279544448114152,2021-09-20,3
epiforecasts-EpiNow2,HR,Deaths,0.409680439307807,2021-09-20,3
epiforecasts-EpiNow2,HU,Cases,0.225697240153461,2021-09-20,3
epiforecasts-EpiNow2,HU,Deaths,0.374702395688543,2021-09-20,3
epiforecasts-EpiNow2,IT,Cases,0.359420415744158,2021-09-20,3
epiforecasts-EpiNow2,IT,Deaths,0.315441879582331,2021-09-20,3
epiforecasts-EpiNow2,LT,Cases,0.220467706464254,2021-09-20,3
epiforecasts-EpiNow2,LU,Deaths,0.304347953344643,2021-09-20,3
epiforecasts-EpiNow2,LV,Deaths,0.410256694836017,2021-09-20,3
epiforecasts-EpiNow2,MT,Deaths,0.402558435486797,2021-09-20,3
epiforecasts-EpiNow2,PT,Cases,0.28893323785549,2021-09-20,3
epiforecasts-EpiNow2,PT,Deaths,0.403378195299977,2021-09-20,3
epiforecasts-EpiNow2,RO,Cases,0.394584796592638,2021-09-20,3
epiforecasts-EpiNow2,RO,Deaths,0.427389286823763,2021-09-20,3
epiforecasts-EpiNow2,SI,Deaths,0.349702297262482,2021-09-20,3
epiforecasts-EpiNow2,SK,Cases,0.369475423738428,2021-09-20,3
epiforecasts-EpiNow2,SK,Deaths,0.323173756284424,2021-09-20,3
IEM_Health-CovidProject,AT,Cases,0.276442764510762,2021-09-27,3
IEM_Health-CovidProject,AT,Deaths,0.45679536702748,2021-09-27,3
IEM_Health-CovidProject,BG,Deaths,0.340860772493146,2021-09-27,3
IEM_Health-CovidProject,CY,Cases,0.389114032024833,2021-09-27,3
IEM_Health-CovidProject,EE,Cases,0.470145883378688,2021-09-27,3
IEM_Health-CovidProject,HR,Cases,0.374212181373264,2021-09-27,3
IEM_Health-CovidProject,HU,Cases,0.451646137130826,2021-09-27,3
IEM_Health-CovidProject,LT,Cases,0.293404858744663,2021-09-27,3
IEM_Health-CovidProject,LT,Deaths,0.351166984369625,2021-09-27,3
IEM_Health-CovidProject,LV,Cases,0.314652759040314,2021-09-27,3
IEM_Health-CovidProject,MT,Cases,0.347954560806874,2021-09-27,3
IEM_Health-CovidProject,MT,Deaths,0.414466660271114,2021-09-27,3
IEM_Health-CovidProject,NO,Cases,0.147024608061975,2021-09-27,3
IEM_Health-CovidProject,SI,Cases,0.358389947531901,2021-09-27,3
ILM-EKF,AT,Deaths,0.233214556325007,2021-09-27,3
ILM-EKF,BE,Cases,0.28755737224656,2021-09-27,3
ILM-EKF,CY,Cases,0.27912200475008,2021-09-27,3
ILM-EKF,ES,Cases,0.344842561886315,2021-09-27,3
ILM-EKF,FI,Cases,0.260234764729282,2021-09-27,3
ILM-EKF,GR,Deaths,0.312131020778331,2021-09-27,3
ILM-EKF,HU,Cases,0.320574353016128,2021-09-27,3
ILM-EKF,HU,Deaths,0.275295172031543,2021-09-27,3
ILM-EKF,PT,Cases,0.256556334851441,2021-09-27,3
ILM-EKF,RO,Cases,0.409877149892469,2021-09-27,3
ILM-EKF,SK,Deaths,0.296487149196413,2021-09-27,3
Karlen-pypm,BE,Deaths,0.419095780277891,2021-09-27,3
Karlen-pypm,CY,Deaths,0.334303375627794,2021-09-27,3
Karlen-pypm,EE,Cases,0.235495999868244,2021-09-27,3
Karlen-pypm,FI,Cases,0.240787100736922,2021-09-27,3
Karlen-pypm,FI,Deaths,0.335653560782137,2021-09-27,3
Karlen-pypm,HR,Cases,0.309010347360611,2021-09-27,3
Karlen-pypm,HR,Deaths,0.308287411919892,2021-09-27,3
Karlen-pypm,HU,Deaths,0.344397109239906,2021-09-27,3
Karlen-pypm,IT,Cases,0.314513964061534,2021-09-27,3
Karlen-pypm,IT,Deaths,0.284424439146263,2021-09-27,3
Karlen-pypm,LU,Deaths,0.318929486632604,2021-09-27,3
Karlen-pypm,LV,Cases,0.229246725615734,2021-09-27,3
Karlen-pypm,PT,Cases,0.436941986840541,2021-09-27,3
Karlen-pypm,PT,Deaths,0.291619022410316,2021-09-27,3
Karlen-pypm,RO,Cases,0.327788011197286,2021-09-27,3
Karlen-pypm,RO,Deaths,0.273506971081806,2021-09-27,3
Karlen-pypm,SI,Cases,0.297413071412801,2021-09-27,3
Karlen-pypm,SI,Deaths,0.346553617751719,2021-09-27,3
Karlen-pypm,SK,Cases,0.341654676501149,2021-09-27,3
Karlen-pypm,SK,Deaths,0.327470255691672,2021-09-27,3
MUNI-ARIMA,AT,Cases,0.406431661933616,2021-09-27,3
MUNI-ARIMA,AT,Deaths,0.309990076647513,2021-09-27,3
MUNI-ARIMA,BE,Cases,0.266778672624815,2021-09-27,3
MUNI-ARIMA,BE,Deaths,0.274503339265827,2021-09-27,3
MUNI-ARIMA,BG,Cases,0.324501770711265,2021-09-27,3
MUNI-ARIMA,BG,Deaths,0.350443996680811,2021-09-27,3
MUNI-ARIMA,EE,Cases,0.294358116753068,2021-09-27,3
MUNI-ARIMA,EE,Deaths,0.311846548562644,2021-09-27,3
MUNI-ARIMA,FI,Deaths,0.343481619895896,2021-09-27,3
MUNI-ARIMA,GR,Cases,0.507157166130029,2021-09-27,3
MUNI-ARIMA,GR,Deaths,0.369859477779435,2021-09-27,3
MUNI-ARIMA,HR,Cases,0.316777471266126,2021-09-27,3
MUNI-ARIMA,HR,Deaths,0.292925510432236,2021-09-27,3
MUNI-ARIMA,IT,Cases,0.284005744551412,2021-09-27,3
MUNI-ARIMA,LT,Cases,0.487294820553092,2021-09-27,3
MUNI-ARIMA,LV,Cases,0.456100515343952,2021-09-27,3
MUNI-ARIMA,MT,Cases,0.304445445739699,2021-09-27,3
MUNI-ARIMA,NO,Cases,0.639981170557857,2021-09-27,3
MUNI-ARIMA,SI,Cases,0.344196981055298,2021-09-27,3
MUNI-ARIMA,SK,Cases,0.296954586272426,2021-09-27,3
RobertWalraven-ESG,AT,Cases,0.317125573555622,2021-09-27,3
RobertWalraven-ESG,BE,Cases,0.445663955128626,2021-09-27,3
RobertWalraven-ESG,BG,Cases,0.46858461074172,2021-09-27,3
RobertWalraven-ESG,CY,Cases,0.331763963225087,2021-09-27,3
RobertWalraven-ESG,FI,Cases,0.498978134533796,2021-09-27,3
RobertWalraven-ESG,GR,Cases,0.245809770214979,2021-09-27,3
RobertWalraven-ESG,GR,Deaths,0.318009501442234,2021-09-27,3
RobertWalraven-ESG,LU,Deaths,0.360604173636453,2021-09-27,3
RobertWalraven-ESG,LV,Deaths,0.315144541182983,2021-09-27,3
RobertWalraven-ESG,MT,Cases,0.347599993453427,2021-09-27,3
RobertWalraven-ESG,NO,Cases,0.212994221380168,2021-09-27,3
UB-BSLCoV,ES,Cases,0.410384903719437,2021-09-27,3
UMass-MechBayes,BG,Deaths,0.308695230826043,2021-09-27,3
UMass-MechBayes,CY,Deaths,0.353082889476258,2021-09-27,3
UMass-MechBayes,EE,Deaths,0.363238282420653,2021-09-27,3
UMass-MechBayes,FI,Deaths,0.320864819321966,2021-09-27,3
UMass-MechBayes,IT,Deaths,0.416805173386966,2021-09-27,3
UMass-MechBayes,LT,Deaths,0.365668320887853,2021-09-27,3
UMass-MechBayes,LU,Deaths,0.320466339730943,2021-09-27,3
UMass-MechBayes,LV,Deaths,0.274407223191425,2021-09-27,3
UMass-MechBayes,MT,Deaths,0.293851820196941,2021-09-27,3
UMass-MechBayes,PT,Deaths,0.368164517861091,2021-09-27,3
UMass-MechBayes,RO,Deaths,0.306348397954331,2021-09-27,3
UMass-MechBayes,SI,Deaths,0.308675496905519,2021-09-27,3
epiforecasts-EpiNow2,BE,Deaths,0.306400880456282,2021-09-27,3
epiforecasts-EpiNow2,BG,Cases,0.206913618547016,2021-09-27,3
epiforecasts-EpiNow2,CY,Deaths,0.312613734895949,2021-09-27,3
epiforecasts-EpiNow2,EE,Deaths,0.324915169016703,2021-09-27,3
epiforecasts-EpiNow2,ES,Cases,0.244772534394249,2021-09-27,3
epiforecasts-EpiNow2,GR,Cases,0.247033063654992,2021-09-27,3
epiforecasts-EpiNow2,HR,Deaths,0.398787077647872,2021-09-27,3
epiforecasts-EpiNow2,HU,Cases,0.227779509853046,2021-09-27,3
epiforecasts-EpiNow2,HU,Deaths,0.380307718728551,2021-09-27,3
epiforecasts-EpiNow2,IT,Cases,0.401480291387054,2021-09-27,3
epiforecasts-EpiNow2,IT,Deaths,0.298770387466771,2021-09-27,3
epiforecasts-EpiNow2,LT,Cases,0.219300320702245,2021-09-27,3
epiforecasts-EpiNow2,LT,Deaths,0.283164694742522,2021-09-27,3
epiforecasts-EpiNow2,LV,Deaths,0.410448235625592,2021-09-27,3
epiforecasts-EpiNow2,MT,Deaths,0.291681519531946,2021-09-27,3
epiforecasts-EpiNow2,PT,Cases,0.306501678308018,2021-09-27,3
epiforecasts-EpiNow2,PT,Deaths,0.340216459728593,2021-09-27,3
epiforecasts-EpiNow2,RO,Cases,0.262334838910245,2021-09-27,3
epiforecasts-EpiNow2,RO,Deaths,0.420144630963864,2021-09-27,3
epiforecasts-EpiNow2,SI,Deaths,0.344770885342763,2021-09-27,3
epiforecasts-EpiNow2,SK,Cases,0.361390737226425,2021-09-27,3
epiforecasts-EpiNow2,SK,Deaths,0.376042595111915,2021-09-27,3
IEM_Health-CovidProject,AT,Cases,0.23146570377718,2021-10-04,3
IEM_Health-CovidProject,AT,Deaths,0.453095593993167,2021-10-04,3
IEM_Health-CovidProject,BG,Cases,0.289370895612151,2021-10-04,3
IEM_Health-CovidProject,BG,Deaths,0.346033750405852,2021-10-04,3
IEM_Health-CovidProject,CY,Cases,0.434042718047376,2021-10-04,3
IEM_Health-CovidProject,EE,Cases,0.360188228980604,2021-10-04,3
IEM_Health-CovidProject,FI,Cases,0.300297187115635,2021-10-04,3
IEM_Health-CovidProject,GR,Cases,0.31223980616791,2021-10-04,3
IEM_Health-CovidProject,HR,Cases,0.28331232011137,2021-10-04,3
IEM_Health-CovidProject,HU,Cases,0.392286420437122,2021-10-04,3
IEM_Health-CovidProject,LT,Cases,0.279164105122667,2021-10-04,3
IEM_Health-CovidProject,LT,Deaths,0.398291923473665,2021-10-04,3
IEM_Health-CovidProject,LU,Deaths,0.298249584106383,2021-10-04,3
IEM_Health-CovidProject,LV,Cases,0.348005167253357,2021-10-04,3
IEM_Health-CovidProject,LV,Deaths,0.324965297580738,2021-10-04,3
IEM_Health-CovidProject,MT,Cases,0.309373486485649,2021-10-04,3
IEM_Health-CovidProject,MT,Deaths,0.341433498728859,2021-10-04,3
IEM_Health-CovidProject,RO,Cases,0.243379162196234,2021-10-04,3
IEM_Health-CovidProject,SI,Cases,0.279700074695114,2021-10-04,3
IEM_Health-CovidProject,SK,Cases,0.272876558139411,2021-10-04,3
ILM-EKF,AT,Deaths,0.208406893210597,2021-10-04,3
ILM-EKF,BE,Cases,0.322271930682424,2021-10-04,3
ILM-EKF,CY,Cases,0.311564565371146,2021-10-04,3
ILM-EKF,ES,Cases,0.391602031269543,2021-10-04,3
ILM-EKF,FI,Cases,0.334170560859447,2021-10-04,3
ILM-EKF,FI,Deaths,0.324080581829498,2021-10-04,3
ILM-EKF,GR,Cases,0.242093212585835,2021-10-04,3
ILM-EKF,GR,Deaths,0.315937449933766,2021-10-04,3
ILM-EKF,HU,Cases,0.314190185248996,2021-10-04,3
ILM-EKF,IT,Cases,0.306723506098513,2021-10-04,3
ILM-EKF,LT,Cases,0.277536406787853,2021-10-04,3
ILM-EKF,LV,Cases,0.325799704445424,2021-10-04,3
ILM-EKF,PT,Cases,0.333974868276784,2021-10-04,3
ILM-EKF,RO,Cases,0.421184515097015,2021-10-04,3
ILM-EKF,SK,Deaths,0.294400834283677,2021-10-04,3
Karlen-pypm,BE,Deaths,0.424860409961096,2021-10-04,3
Karlen-pypm,CY,Cases,0.254392716581478,2021-10-04,3
Karlen-pypm,HR,Cases,0.278873080309611,2021-10-04,3
Karlen-pypm,HR,Deaths,0.267420853588406,2021-10-04,3
Karlen-pypm,HU,Deaths,0.353782772329026,2021-10-04,3
Karlen-pypm,IT,Cases,0.294993277906932,2021-10-04,3
Karlen-pypm,IT,Deaths,0.300292588966764,2021-10-04,3
Karlen-pypm,PT,Cases,0.328988961219307,2021-10-04,3
Karlen-pypm,PT,Deaths,0.283239756852058,2021-10-04,3
Karlen-pypm,RO,Cases,0.335436322706752,2021-10-04,3
Karlen-pypm,RO,Deaths,0.367376081930572,2021-10-04,3
Karlen-pypm,SI,Deaths,0.343454770499516,2021-10-04,3
Karlen-pypm,SK,Cases,0.38038524437376,2021-10-04,3
Karlen-pypm,SK,Deaths,0.332092325280784,2021-10-04,3
MUNI-ARIMA,AT,Cases,0.436829164364442,2021-10-04,3
MUNI-ARIMA,AT,Deaths,0.338497512796237,2021-10-04,3
MUNI-ARIMA,BE,Cases,0.287210465862666,2021-10-04,3
MUNI-ARIMA,BG,Cases,0.412697841044117,2021-10-04,3
MUNI-ARIMA,BG,Deaths,0.334108941035176,2021-10-04,3
MUNI-ARIMA,EE,Cases,0.400092120994765,2021-10-04,3
MUNI-ARIMA,EE,Deaths,0.348877149338586,2021-10-04,3
MUNI-ARIMA,FI,Deaths,0.355299506635204,2021-10-04,3
MUNI-ARIMA,GR,Cases,0.445666981246255,2021-10-04,3
MUNI-ARIMA,GR,Deaths,0.30127967296648,2021-10-04,3
MUNI-ARIMA,HR,Cases,0.437814599579019,2021-10-04,3
MUNI-ARIMA,HR,Deaths,0.323012517292645,2021-10-04,3
MUNI-ARIMA,HU,Deaths,0.252799041014629,2021-10-04,3
MUNI-ARIMA,LT,Cases,0.44329948808948,2021-10-04,3
MUNI-ARIMA,LV,Cases,0.32619512830122,2021-10-04,3
MUNI-ARIMA,MT,Cases,0.317426552516483,2021-10-04,3
MUNI-ARIMA,NO,Cases,0.643953308716348,2021-10-04,3
MUNI-ARIMA,SI,Cases,0.434723536475085,2021-10-04,3
RobertWalraven-ESG,AT,Cases,0.331705131858378,2021-10-04,3
RobertWalraven-ESG,BE,Cases,0.39051760345491,2021-10-04,3
RobertWalraven-ESG,BE,Deaths,0.259292440533782,2021-10-04,3
RobertWalraven-ESG,BG,Cases,0.297931263343732,2021-10-04,3
RobertWalraven-ESG,CY,Deaths,0.315060898179491,2021-10-04,3
RobertWalraven-ESG,EE,Deaths,0.320298592189824,2021-10-04,3
RobertWalraven-ESG,FI,Cases,0.365532252024918,2021-10-04,3
RobertWalraven-ESG,HR,Deaths,0.409566629118949,2021-10-04,3
RobertWalraven-ESG,LU,Deaths,0.381541130592566,2021-10-04,3
RobertWalraven-ESG,LV,Deaths,0.307666797287947,2021-10-04,3
RobertWalraven-ESG,MT,Cases,0.373199960997868,2021-10-04,3
RobertWalraven-ESG,NO,Cases,0.183201024207667,2021-10-04,3
RobertWalraven-ESG,SI,Cases,0.285576388829801,2021-10-04,3
UB-BSLCoV,ES,Cases,0.352931383039952,2021-10-04,3
UMass-MechBayes,BG,Deaths,0.319857308558972,2021-10-04,3
UMass-MechBayes,CY,Deaths,0.370196209033573,2021-10-04,3
UMass-MechBayes,EE,Deaths,0.33082425847159,2021-10-04,3
UMass-MechBayes,IT,Deaths,0.412733040880096,2021-10-04,3
UMass-MechBayes,LT,Deaths,0.349015870922757,2021-10-04,3
UMass-MechBayes,LU,Deaths,0.320209285301051,2021-10-04,3
UMass-MechBayes,MT,Deaths,0.330882162971521,2021-10-04,3
UMass-MechBayes,PT,Deaths,0.361971048971212,2021-10-04,3
UMass-MechBayes,RO,Deaths,0.314541000666143,2021-10-04,3
UMass-MechBayes,SI,Deaths,0.289522511761276,2021-10-04,3
epiforecasts-EpiNow2,BE,Deaths,0.315847149505122,2021-10-04,3
epiforecasts-EpiNow2,CY,Deaths,0.314742892786936,2021-10-04,3
epiforecasts-EpiNow2,EE,Cases,0.239719650024632,2021-10-04,3
epiforecasts-EpiNow2,ES,Cases,0.255466585690505,2021-10-04,3
epiforecasts-EpiNow2,FI,Deaths,0.320619911535298,2021-10-04,3
epiforecasts-EpiNow2,GR,Deaths,0.382782877099754,2021-10-04,3
epiforecasts-EpiNow2,HU,Cases,0.293523394313882,2021-10-04,3
epiforecasts-EpiNow2,HU,Deaths,0.393418186656345,2021-10-04,3
epiforecasts-EpiNow2,IT,Cases,0.398283215994554,2021-10-04,3
epiforecasts-EpiNow2,IT,Deaths,0.28697437015314,2021-10-04,3
epiforecasts-EpiNow2,LT,Deaths,0.252692205603578,2021-10-04,3
epiforecasts-EpiNow2,LV,Deaths,0.367367905131315,2021-10-04,3
epiforecasts-EpiNow2,MT,Deaths,0.32768433829962,2021-10-04,3
epiforecasts-EpiNow2,NO,Cases,0.172845667075984,2021-10-04,3
epiforecasts-EpiNow2,PT,Cases,0.337036170503909,2021-10-04,3
epiforecasts-EpiNow2,PT,Deaths,0.35478919417673,2021-10-04,3
epiforecasts-EpiNow2,RO,Deaths,0.318082917403285,2021-10-04,3
epiforecasts-EpiNow2,SI,Deaths,0.367022717739208,2021-10-04,3
epiforecasts-EpiNow2,SK,Cases,0.346738197486829,2021-10-04,3
epiforecasts-EpiNow2,SK,Deaths,0.373506840435539,2021-10-04,3
IEM_Health-CovidProject,AT,Cases,0.23136331565132,2021-10-11,3
IEM_Health-CovidProject,BE,Cases,0.336898629300071,2021-10-11,3
IEM_Health-CovidProject,BG,Cases,0.290013501537969,2021-10-11,3
IEM_Health-CovidProject,CY,Cases,0.568146479580802,2021-10-11,3
IEM_Health-CovidProject,EE,Cases,0.304498756324074,2021-10-11,3
IEM_Health-CovidProject,EE,Deaths,0.307813134488075,2021-10-11,3
IEM_Health-CovidProject,ES,Cases,0.240286710522284,2021-10-11,3
IEM_Health-CovidProject,FI,Cases,0.373260044235599,2021-10-11,3
IEM_Health-CovidProject,FI,Deaths,0.312250176202324,2021-10-11,3
IEM_Health-CovidProject,GR,Cases,0.375347762333941,2021-10-11,3
IEM_Health-CovidProject,HR,Cases,0.222342267339903,2021-10-11,3
IEM_Health-CovidProject,HU,Cases,0.40636256986986,2021-10-11,3
IEM_Health-CovidProject,HU,Deaths,0.23739303450774,2021-10-11,3
IEM_Health-CovidProject,LT,Cases,0.347393788525864,2021-10-11,3
IEM_Health-CovidProject,LT,Deaths,0.358861458549991,2021-10-11,3
IEM_Health-CovidProject,LU,Deaths,0.355838076289143,2021-10-11,3
IEM_Health-CovidProject,LV,Cases,0.314213075755455,2021-10-11,3
IEM_Health-CovidProject,LV,Deaths,0.369891898200218,2021-10-11,3
IEM_Health-CovidProject,MT,Deaths,0.309967974995197,2021-10-11,3
IEM_Health-CovidProject,PT,Deaths,0.34942088733223,2021-10-11,3
IEM_Health-CovidProject,RO,Cases,0.304974716607418,2021-10-11,3
IEM_Health-CovidProject,RO,Deaths,0.323615499235874,2021-10-11,3
IEM_Health-CovidProject,SI,Cases,0.247477769165067,2021-10-11,3
IEM_Health-CovidProject,SK,Cases,0.365486991811007,2021-10-11,3
ILM-EKF,BE,Cases,0.352571813018741,2021-10-11,3
ILM-EKF,BG,Cases,0.289349777974793,2021-10-11,3
ILM-EKF,BG,Deaths,0.315466463017493,2021-10-11,3
ILM-EKF,CY,Cases,0.236810210003752,2021-10-11,3
ILM-EKF,ES,Cases,0.406650677471549,2021-10-11,3
ILM-EKF,FI,Cases,0.302315405443783,2021-10-11,3
ILM-EKF,FI,Deaths,0.357821926849319,2021-10-11,3
ILM-EKF,GR,Cases,0.240035270588998,2021-10-11,3
ILM-EKF,HU,Cases,0.272380350548314,2021-10-11,3
ILM-EKF,IT,Cases,0.357934043999407,2021-10-11,3
ILM-EKF,LT,Cases,0.255798429134766,2021-10-11,3
ILM-EKF,LV,Cases,0.376300879835406,2021-10-11,3
ILM-EKF,PT,Cases,0.297442155835042,2021-10-11,3
ILM-EKF,SK,Cases,0.317883649462148,2021-10-11,3
Karlen-pypm,AT,Deaths,0.303491656446852,2021-10-11,3
Karlen-pypm,BE,Deaths,0.391166865538283,2021-10-11,3
Karlen-pypm,BG,Deaths,0.363225820819736,2021-10-11,3
Karlen-pypm,CY,Cases,0.195043310415446,2021-10-11,3
Karlen-pypm,CY,Deaths,0.272911968248496,2021-10-11,3
Karlen-pypm,EE,Deaths,0.320346125051468,2021-10-11,3
Karlen-pypm,GR,Deaths,0.25978830992474,2021-10-11,3
Karlen-pypm,HU,Deaths,0.408330009608482,2021-10-11,3
Karlen-pypm,IT,Cases,0.329603554297796,2021-10-11,3
Karlen-pypm,IT,Deaths,0.272402618030971,2021-10-11,3
Karlen-pypm,LV,Cases,0.309486044409139,2021-10-11,3
Karlen-pypm,NO,Cases,0.136056773233221,2021-10-11,3
Karlen-pypm,PT,Deaths,0.327360151638767,2021-10-11,3
Karlen-pypm,RO,Cases,0.368232065159912,2021-10-11,3
Karlen-pypm,RO,Deaths,0.338277852179001,2021-10-11,3
Karlen-pypm,SI,Deaths,0.349568430433081,2021-10-11,3
Karlen-pypm,SK,Deaths,0.388196366817062,2021-10-11,3
MUNI-ARIMA,AT,Cases,0.341680311245995,2021-10-11,3
MUNI-ARIMA,AT,Deaths,0.351541624807322,2021-10-11,3
MUNI-ARIMA,BG,Cases,0.420636720487237,2021-10-11,3
MUNI-ARIMA,EE,Cases,0.421665256310479,2021-10-11,3
MUNI-ARIMA,FI,Cases,0.324424550320618,2021-10-11,3
MUNI-ARIMA,FI,Deaths,0.329927896948357,2021-10-11,3
MUNI-ARIMA,GR,Cases,0.384616967077061,2021-10-11,3
MUNI-ARIMA,HR,Cases,0.420401142141611,2021-10-11,3
MUNI-ARIMA,HR,Deaths,0.264582393334198,2021-10-11,3
MUNI-ARIMA,LT,Cases,0.39680778233937,2021-10-11,3
MUNI-ARIMA,MT,Cases,0.390213227475528,2021-10-11,3
MUNI-ARIMA,NO,Cases,0.555795346337078,2021-10-11,3
MUNI-ARIMA,PT,Cases,0.245744222991019,2021-10-11,3
MUNI-ARIMA,RO,Cases,0.32679321823267,2021-10-11,3
MUNI-ARIMA,SI,Cases,0.453539767373315,2021-10-11,3
RobertWalraven-ESG,AT,Cases,0.426956373102685,2021-10-11,3
RobertWalraven-ESG,AT,Deaths,0.344966718745826,2021-10-11,3
RobertWalraven-ESG,BE,Cases,0.310529557681189,2021-10-11,3
RobertWalraven-ESG,BE,Deaths,0.277336618987048,2021-10-11,3
RobertWalraven-ESG,HR,Cases,0.357256590518485,2021-10-11,3
RobertWalraven-ESG,HR,Deaths,0.550589865287261,2021-10-11,3
RobertWalraven-ESG,LU,Deaths,0.345624526934878,2021-10-11,3
RobertWalraven-ESG,MT,Cases,0.31084852816535,2021-10-11,3
RobertWalraven-ESG,SI,Cases,0.298982463461618,2021-10-11,3
RobertWalraven-ESG,SI,Deaths,0.264451891023871,2021-10-11,3
UMass-MechBayes,CY,Deaths,0.398392101544937,2021-10-11,3
UMass-MechBayes,GR,Deaths,0.254637218796385,2021-10-11,3
UMass-MechBayes,IT,Deaths,0.433716378554618,2021-10-11,3
UMass-MechBayes,LT,Deaths,0.367077692311905,2021-10-11,3
UMass-MechBayes,LU,Deaths,0.29853739677598,2021-10-11,3
UMass-MechBayes,LV,Deaths,0.329970257111354,2021-10-11,3
UMass-MechBayes,MT,Deaths,0.364621692074932,2021-10-11,3
UMass-MechBayes,PT,Deaths,0.323218961029002,2021-10-11,3
UMass-MechBayes,RO,Deaths,0.338106648585125,2021-10-11,3
UMass-MechBayes,SK,Deaths,0.270930204965066,2021-10-11,3
epiforecasts-EpiNow2,BE,Deaths,0.331496515474669,2021-10-11,3
epiforecasts-EpiNow2,BG,Deaths,0.321307716162771,2021-10-11,3
epiforecasts-EpiNow2,CY,Deaths,0.328695930206566,2021-10-11,3
epiforecasts-EpiNow2,EE,Cases,0.273835987365448,2021-10-11,3
epiforecasts-EpiNow2,EE,Deaths,0.371840740460457,2021-10-11,3
epiforecasts-EpiNow2,ES,Cases,0.353062612006167,2021-10-11,3
epiforecasts-EpiNow2,GR,Deaths,0.485574471278875,2021-10-11,3
epiforecasts-EpiNow2,HR,Deaths,0.184827741378541,2021-10-11,3
epiforecasts-EpiNow2,HU,Cases,0.321257079581826,2021-10-11,3
epiforecasts-EpiNow2,HU,Deaths,0.354276955883778,2021-10-11,3
epiforecasts-EpiNow2,IT,Cases,0.312462401702798,2021-10-11,3
epiforecasts-EpiNow2,IT,Deaths,0.293881003414411,2021-10-11,3
epiforecasts-EpiNow2,LT,Deaths,0.274060849138104,2021-10-11,3
epiforecasts-EpiNow2,LV,Deaths,0.300137844688428,2021-10-11,3
epiforecasts-EpiNow2,MT,Cases,0.298938244359122,2021-10-11,3
epiforecasts-EpiNow2,MT,Deaths,0.325410332929871,2021-10-11,3
epiforecasts-EpiNow2,NO,Cases,0.308147880429701,2021-10-11,3
epiforecasts-EpiNow2,PT,Cases,0.456813621173939,2021-10-11,3
epiforecasts-EpiNow2,SI,Deaths,0.385979678543048,2021-10-11,3
epiforecasts-EpiNow2,SK,Cases,0.316629358726845,2021-10-11,3
epiforecasts-EpiNow2,SK,Deaths,0.340873428217872,2021-10-11,3
IEM_Health-CovidProject,AT,Cases,0.295397827535888,2021-10-18,3
IEM_Health-CovidProject,BE,Cases,0.366140057162552,2021-10-18,3
IEM_Health-CovidProject,BE,Deaths,0.311068295410392,2021-10-18,3
IEM_Health-CovidProject,CY,Cases,0.52728222990314,2021-10-18,3
IEM_Health-CovidProject,EE,Cases,0.29147665523423,2021-10-18,3
IEM_Health-CovidProject,ES,Cases,0.329483477683499,2021-10-18,3
IEM_Health-CovidProject,FI,Cases,0.412637139031966,2021-10-18,3
IEM_Health-CovidProject,FI,Deaths,0.32822263686604,2021-10-18,3
IEM_Health-CovidProject,GR,Cases,0.318390949697374,2021-10-18,3
IEM_Health-CovidProject,GR,Deaths,0.225907872901102,2021-10-18,3
IEM_Health-CovidProject,HU,Cases,0.38491256476593,2021-10-18,3
IEM_Health-CovidProject,HU,Deaths,0.227274457291759,2021-10-18,3
IEM_Health-CovidProject,IT,Cases,0.304994258494799,2021-10-18,3
IEM_Health-CovidProject,IT,Deaths,0.292186482474802,2021-10-18,3
IEM_Health-CovidProject,LT,Cases,0.361815371407182,2021-10-18,3
IEM_Health-CovidProject,LT,Deaths,0.297633211503901,2021-10-18,3
IEM_Health-CovidProject,LV,Cases,0.328775339450723,2021-10-18,3
IEM_Health-CovidProject,LV,Deaths,0.346941373679549,2021-10-18,3
IEM_Health-CovidProject,MT,Cases,0.29241207284376,2021-10-18,3
IEM_Health-CovidProject,MT,Deaths,0.315932229140706,2021-10-18,3
IEM_Health-CovidProject,PT,Cases,0.345105433924926,2021-10-18,3
IEM_Health-CovidProject,PT,Deaths,0.409496847158106,2021-10-18,3
IEM_Health-CovidProject,RO,Cases,0.264436750260518,2021-10-18,3
IEM_Health-CovidProject,RO,Deaths,0.40318954183678,2021-10-18,3
IEM_Health-CovidProject,SI,Cases,0.241493448217068,2021-10-18,3
IEM_Health-CovidProject,SK,Cases,0.375347545295287,2021-10-18,3
ILM-EKF,BE,Cases,0.315909414640558,2021-10-18,3
ILM-EKF,BG,Cases,0.344360042513731,2021-10-18,3
ILM-EKF,BG,Deaths,0.284556691238727,2021-10-18,3
ILM-EKF,CY,Cases,0.250757548644208,2021-10-18,3
ILM-EKF,ES,Cases,0.298949294360287,2021-10-18,3
ILM-EKF,FI,Cases,0.312264036483023,2021-10-18,3
ILM-EKF,FI,Deaths,0.339437397216961,2021-10-18,3
ILM-EKF,GR,Cases,0.29214309539569,2021-10-18,3
ILM-EKF,HU,Cases,0.293302052777673,2021-10-18,3
ILM-EKF,IT,Cases,0.332994641259935,2021-10-18,3
ILM-EKF,LV,Cases,0.359183883587532,2021-10-18,3
ILM-EKF,NO,Cases,0.231510659843663,2021-10-18,3
ILM-EKF,SK,Cases,0.367128294067557,2021-10-18,3
Karlen-pypm,AT,Deaths,0.363984001418164,2021-10-18,3
Karlen-pypm,BE,Deaths,0.363237244956192,2021-10-18,3
Karlen-pypm,BG,Deaths,0.333917422085446,2021-10-18,3
Karlen-pypm,CY,Cases,0.221960221452652,2021-10-18,3
Karlen-pypm,CY,Deaths,0.298543926009334,2021-10-18,3
Karlen-pypm,EE,Deaths,0.336614842100649,2021-10-18,3
Karlen-pypm,GR,Deaths,0.24754885994467,2021-10-18,3
Karlen-pypm,HU,Deaths,0.42907609322517,2021-10-18,3
Karlen-pypm,IT,Cases,0.362011100245266,2021-10-18,3
Karlen-pypm,LT,Cases,0.309518593074869,2021-10-18,3
Karlen-pypm,LV,Deaths,0.279145500999187,2021-10-18,3
Karlen-pypm,NO,Cases,0.304486951767766,2021-10-18,3
Karlen-pypm,RO,Cases,0.260971690925708,2021-10-18,3
Karlen-pypm,RO,Deaths,0.21462218252078,2021-10-18,3
Karlen-pypm,SI,Deaths,0.280358707593837,2021-10-18,3
Karlen-pypm,SK,Deaths,0.405792627791664,2021-10-18,3
MUNI-ARIMA,AT,Cases,0.348815598338047,2021-10-18,3
MUNI-ARIMA,AT,Deaths,0.269456988002685,2021-10-18,3
MUNI-ARIMA,BE,Cases,0.31795052819689,2021-10-18,3
MUNI-ARIMA,BG,Cases,0.322700653023772,2021-10-18,3
MUNI-ARIMA,EE,Cases,0.449649711971177,2021-10-18,3
MUNI-ARIMA,FI,Cases,0.275098824485011,2021-10-18,3
MUNI-ARIMA,FI,Deaths,0.332339965916999,2021-10-18,3
MUNI-ARIMA,GR,Cases,0.389465954906936,2021-10-18,3
MUNI-ARIMA,HR,Cases,0.299052956293874,2021-10-18,3
MUNI-ARIMA,HR,Deaths,0.28595428971106,2021-10-18,3
MUNI-ARIMA,LT,Cases,0.328666035517949,2021-10-18,3
MUNI-ARIMA,LU,Deaths,0.322602289458863,2021-10-18,3
MUNI-ARIMA,MT,Cases,0.424670897278722,2021-10-18,3
MUNI-ARIMA,NO,Cases,0.464002388388571,2021-10-18,3
MUNI-ARIMA,PT,Cases,0.194728551808139,2021-10-18,3
MUNI-ARIMA,PT,Deaths,0.302896081576985,2021-10-18,3
MUNI-ARIMA,RO,Cases,0.474591558813775,2021-10-18,3
MUNI-ARIMA,SI,Cases,0.48463558485826,2021-10-18,3
RobertWalraven-ESG,AT,Cases,0.355786574126064,2021-10-18,3
RobertWalraven-ESG,AT,Deaths,0.366559010579151,2021-10-18,3
RobertWalraven-ESG,HR,Cases,0.542439211215283,2021-10-18,3
RobertWalraven-ESG,HR,Deaths,0.402596640856968,2021-10-18,3
RobertWalraven-ESG,LT,Deaths,0.381516864230916,2021-10-18,3
RobertWalraven-ESG,LU,Deaths,0.341805571272162,2021-10-18,3
RobertWalraven-ESG,PT,Deaths,0.287607071264909,2021-10-18,3
RobertWalraven-ESG,SI,Cases,0.273870966924673,2021-10-18,3
RobertWalraven-ESG,SI,Deaths,0.450825966945431,2021-10-18,3
UMass-MechBayes,CY,Deaths,0.378880790903353,2021-10-18,3
UMass-MechBayes,EE,Deaths,0.296657765110319,2021-10-18,3
UMass-MechBayes,HR,Deaths,0.311449069431973,2021-10-18,3
UMass-MechBayes,IT,Deaths,0.389272841424895,2021-10-18,3
UMass-MechBayes,LT,Deaths,0.320849924265184,2021-10-18,3
UMass-MechBayes,LU,Deaths,0.335592139268974,2021-10-18,3
UMass-MechBayes,LV,Deaths,0.373913125321264,2021-10-18,3
UMass-MechBayes,MT,Deaths,0.365769936351707,2021-10-18,3
UMass-MechBayes,RO,Deaths,0.38218827564244,2021-10-18,3
UMass-MechBayes,SI,Deaths,0.268815325460733,2021-10-18,3
UMass-MechBayes,SK,Deaths,0.244623540555584,2021-10-18,3
epiforecasts-EpiNow2,BE,Deaths,0.325694459633416,2021-10-18,3
epiforecasts-EpiNow2,BG,Cases,0.332939304462497,2021-10-18,3
epiforecasts-EpiNow2,BG,Deaths,0.381525886675827,2021-10-18,3
epiforecasts-EpiNow2,CY,Deaths,0.322575283087313,2021-10-18,3
epiforecasts-EpiNow2,EE,Cases,0.258873632794593,2021-10-18,3
epiforecasts-EpiNow2,EE,Deaths,0.366727392789032,2021-10-18,3
epiforecasts-EpiNow2,ES,Cases,0.371567227956214,2021-10-18,3
epiforecasts-EpiNow2,GR,Deaths,0.526543267154227,2021-10-18,3
epiforecasts-EpiNow2,HR,Cases,0.158507832490842,2021-10-18,3
epiforecasts-EpiNow2,HU,Cases,0.321785382456397,2021-10-18,3
epiforecasts-EpiNow2,HU,Deaths,0.343649449483071,2021-10-18,3
epiforecasts-EpiNow2,IT,Deaths,0.318540676100303,2021-10-18,3
epiforecasts-EpiNow2,LV,Cases,0.312040776961745,2021-10-18,3
epiforecasts-EpiNow2,MT,Cases,0.282917029877518,2021-10-18,3
epiforecasts-EpiNow2,MT,Deaths,0.318297834507587,2021-10-18,3
epiforecasts-EpiNow2,PT,Cases,0.460166014266935,2021-10-18,3
epiforecasts-EpiNow2,SK,Cases,0.257524160637155,2021-10-18,3
epiforecasts-EpiNow2,SK,Deaths,0.349583831652753,2021-10-18,3
IEM_Health-CovidProject,AT,Cases,0.365164443929038,2021-10-25,3
IEM_Health-CovidProject,BE,Cases,0.35528261834746,2021-10-25,3
IEM_Health-CovidProject,BE,Deaths,0.421950957068499,2021-10-25,3
IEM_Health-CovidProject,CY,Cases,0.484680244275483,2021-10-25,3
IEM_Health-CovidProject,EE,Cases,0.34439421191393,2021-10-25,3
IEM_Health-CovidProject,EE,Deaths,0.310177923215644,2021-10-25,3
IEM_Health-CovidProject,ES,Cases,0.432061612551428,2021-10-25,3
IEM_Health-CovidProject,FI,Cases,0.374647461845394,2021-10-25,3
IEM_Health-CovidProject,FI,Deaths,0.341076287685702,2021-10-25,3
IEM_Health-CovidProject,GR,Cases,0.267207394565909,2021-10-25,3
IEM_Health-CovidProject,GR,Deaths,0.372897865374237,2021-10-25,3
IEM_Health-CovidProject,HR,Cases,0.344194929688741,2021-10-25,3
IEM_Health-CovidProject,HU,Cases,0.335957334982147,2021-10-25,3
IEM_Health-CovidProject,HU,Deaths,0.227246982466643,2021-10-25,3
IEM_Health-CovidProject,IT,Cases,0.390935046745978,2021-10-25,3
IEM_Health-CovidProject,IT,Deaths,0.323958822614148,2021-10-25,3
IEM_Health-CovidProject,LT,Cases,0.345880705168266,2021-10-25,3
IEM_Health-CovidProject,LV,Cases,0.366117134572296,2021-10-25,3
IEM_Health-CovidProject,LV,Deaths,0.266370415410072,2021-10-25,3
IEM_Health-CovidProject,MT,Cases,0.377534389240844,2021-10-25,3
IEM_Health-CovidProject,MT,Deaths,0.427636937427559,2021-10-25,3
IEM_Health-CovidProject,NO,Cases,0.33984066273859,2021-10-25,3
IEM_Health-CovidProject,PT,Cases,0.464301684582996,2021-10-25,3
IEM_Health-CovidProject,PT,Deaths,0.354882255770731,2021-10-25,3
IEM_Health-CovidProject,RO,Deaths,0.338305237259669,2021-10-25,3
IEM_Health-CovidProject,SI,Cases,0.311787578235008,2021-10-25,3
IEM_Health-CovidProject,SK,Cases,0.307979490472698,2021-10-25,3
ILM-EKF,AT,Cases,0.313984989565298,2021-10-25,3
ILM-EKF,BE,Cases,0.321183696004745,2021-10-25,3
ILM-EKF,BG,Cases,0.394191868965543,2021-10-25,3
ILM-EKF,BG,Deaths,0.34951976121397,2021-10-25,3
ILM-EKF,CY,Cases,0.28123430639305,2021-10-25,3
ILM-EKF,EE,Cases,0.225587137438389,2021-10-25,3
ILM-EKF,ES,Cases,0.315153398295824,2021-10-25,3
ILM-EKF,FI,Cases,0.330471495255157,2021-10-25,3
ILM-EKF,GR,Cases,0.318914316699691,2021-10-25,3
ILM-EKF,HU,Cases,0.371753191286499,2021-10-25,3
ILM-EKF,HU,Deaths,0.323638072348696,2021-10-25,3
ILM-EKF,IT,Cases,0.323340888815689,2021-10-25,3
ILM-EKF,LV,Cases,0.372039354292242,2021-10-25,3
ILM-EKF,PT,Cases,0.244006198233428,2021-10-25,3
ILM-EKF,RO,Deaths,0.19454173022954,2021-10-25,3
ILM-EKF,SK,Cases,0.411014889705016,2021-10-25,3
Karlen-pypm,AT,Deaths,0.355401928102623,2021-10-25,3
Karlen-pypm,BE,Deaths,0.293633422649983,2021-10-25,3
Karlen-pypm,BG,Cases,0.312363361002208,2021-10-25,3
Karlen-pypm,BG,Deaths,0.415743254582623,2021-10-25,3
Karlen-pypm,CY,Cases,0.234085449331467,2021-10-25,3
Karlen-pypm,CY,Deaths,0.310671888780862,2021-10-25,3
Karlen-pypm,EE,Deaths,0.351721002845532,2021-10-25,3
Karlen-pypm,FI,Cases,0.294881042899449,2021-10-25,3
Karlen-pypm,GR,Deaths,0.308993493265596,2021-10-25,3
Karlen-pypm,HU,Cases,0.292289473731354,2021-10-25,3
Karlen-pypm,HU,Deaths,0.44911494518466,2021-10-25,3
Karlen-pypm,IT,Deaths,0.380589659324585,2021-10-25,3
Karlen-pypm,LT,Cases,0.308629882398139,2021-10-25,3
Karlen-pypm,LV,Deaths,0.405324210296635,2021-10-25,3
Karlen-pypm,NO,Cases,0.334974541273904,2021-10-25,3
Karlen-pypm,RO,Cases,0.225177738202799,2021-10-25,3
Karlen-pypm,SI,Cases,0.274846575953972,2021-10-25,3
Karlen-pypm,SI,Deaths,0.327402152227081,2021-10-25,3
Karlen-pypm,SK,Cases,0.281005619822286,2021-10-25,3
Karlen-pypm,SK,Deaths,0.327611085870563,2021-10-25,3
MUNI-ARIMA,AT,Cases,0.320850566505664,2021-10-25,3
MUNI-ARIMA,AT,Deaths,0.364176528767754,2021-10-25,3
MUNI-ARIMA,BE,Cases,0.323533685647796,2021-10-25,3
MUNI-ARIMA,BE,Deaths,0.284415620281518,2021-10-25,3
MUNI-ARIMA,BG,Cases,0.29344477003225,2021-10-25,3
MUNI-ARIMA,CY,Deaths,0.342155758375233,2021-10-25,3
MUNI-ARIMA,EE,Cases,0.430018650647681,2021-10-25,3
MUNI-ARIMA,ES,Cases,0.252784989152749,2021-10-25,3
MUNI-ARIMA,FI,Deaths,0.347801116553732,2021-10-25,3
MUNI-ARIMA,GR,Cases,0.4138782887344,2021-10-25,3
MUNI-ARIMA,GR,Deaths,0.318108641360168,2021-10-25,3
MUNI-ARIMA,HR,Cases,0.340457002266551,2021-10-25,3
MUNI-ARIMA,HR,Deaths,0.335808458861005,2021-10-25,3
MUNI-ARIMA,IT,Cases,0.285724064438333,2021-10-25,3
MUNI-ARIMA,LT,Cases,0.345489412433595,2021-10-25,3
MUNI-ARIMA,LT,Deaths,0.31115754775468,2021-10-25,3
MUNI-ARIMA,LU,Deaths,0.325966664162277,2021-10-25,3
MUNI-ARIMA,LV,Cases,0.261843511135462,2021-10-25,3
MUNI-ARIMA,MT,Cases,0.348635139016386,2021-10-25,3
MUNI-ARIMA,MT,Deaths,0.256993077437115,2021-10-25,3
MUNI-ARIMA,NO,Cases,0.325184795987506,2021-10-25,3
MUNI-ARIMA,PT,Cases,0.291692117183576,2021-10-25,3
MUNI-ARIMA,RO,Cases,0.490448582076494,2021-10-25,3
MUNI-ARIMA,SI,Cases,0.413365845811021,2021-10-25,3
RobertWalraven-ESG,AT,Deaths,0.280421543129622,2021-10-25,3
RobertWalraven-ESG,BG,Deaths,0.234736984203407,2021-10-25,3
RobertWalraven-ESG,FI,Deaths,0.311122595760567,2021-10-25,3
RobertWalraven-ESG,HR,Cases,0.315348068044709,2021-10-25,3
RobertWalraven-ESG,HR,Deaths,0.326329320808467,2021-10-25,3
RobertWalraven-ESG,LT,Deaths,0.331877394549119,2021-10-25,3
RobertWalraven-ESG,LU,Deaths,0.333994221250838,2021-10-25,3
RobertWalraven-ESG,MT,Cases,0.273830471742771,2021-10-25,3
RobertWalraven-ESG,PT,Deaths,0.371995366612192,2021-10-25,3
RobertWalraven-ESG,RO,Cases,0.284373679720707,2021-10-25,3
RobertWalraven-ESG,SI,Deaths,0.420125506257771,2021-10-25,3
RobertWalraven-ESG,SK,Deaths,0.319846547426155,2021-10-25,3
UMass-MechBayes,CY,Deaths,0.347172352843905,2021-10-25,3
UMass-MechBayes,EE,Deaths,0.338101073938825,2021-10-25,3
UMass-MechBayes,HR,Deaths,0.337862220330528,2021-10-25,3
UMass-MechBayes,IT,Deaths,0.295451518061266,2021-10-25,3
UMass-MechBayes,LT,Deaths,0.356965057696201,2021-10-25,3
UMass-MechBayes,LU,Deaths,0.340039114586885,2021-10-25,3
UMass-MechBayes,LV,Deaths,0.328305374293293,2021-10-25,3
UMass-MechBayes,MT,Deaths,0.315369985135326,2021-10-25,3
UMass-MechBayes,PT,Deaths,0.273122377617078,2021-10-25,3
UMass-MechBayes,RO,Deaths,0.467153032510791,2021-10-25,3
UMass-MechBayes,SI,Deaths,0.252472341515148,2021-10-25,3
UMass-MechBayes,SK,Deaths,0.352542366703282,2021-10-25,3
IEM_Health-CovidProject,AT,Cases,0.316221747495205,2021-11-01,3
IEM_Health-CovidProject,BE,Cases,0.354293109764882,2021-11-01,3
IEM_Health-CovidProject,BE,Deaths,0.4499129867067,2021-11-01,3
IEM_Health-CovidProject,CY,Cases,0.441226262368715,2021-11-01,3
IEM_Health-CovidProject,EE,Cases,0.415302216519282,2021-11-01,3
IEM_Health-CovidProject,ES,Cases,0.414369515590754,2021-11-01,3
IEM_Health-CovidProject,FI,Cases,0.287112087318281,2021-11-01,3
IEM_Health-CovidProject,FI,Deaths,0.418309604235348,2021-11-01,3
IEM_Health-CovidProject,GR,Cases,0.232639854548734,2021-11-01,3
IEM_Health-CovidProject,GR,Deaths,0.427074744771906,2021-11-01,3
IEM_Health-CovidProject,HR,Cases,0.312715299968187,2021-11-01,3
IEM_Health-CovidProject,HR,Deaths,0.346734059576084,2021-11-01,3
IEM_Health-CovidProject,HU,Cases,0.298671143656369,2021-11-01,3
IEM_Health-CovidProject,HU,Deaths,0.239840332639728,2021-11-01,3
IEM_Health-CovidProject,IT,Deaths,0.376328288980047,2021-11-01,3
IEM_Health-CovidProject,LT,Cases,0.290437602272847,2021-11-01,3
IEM_Health-CovidProject,LT,Deaths,0.317130664632385,2021-11-01,3
IEM_Health-CovidProject,LV,Cases,0.344401912024796,2021-11-01,3
IEM_Health-CovidProject,MT,Cases,0.372247984818158,2021-11-01,3
IEM_Health-CovidProject,MT,Deaths,0.355343600199664,2021-11-01,3
IEM_Health-CovidProject,NO,Cases,0.295046311685413,2021-11-01,3
IEM_Health-CovidProject,PT,Cases,0.451923230817336,2021-11-01,3
IEM_Health-CovidProject,RO,Deaths,0.224633299614304,2021-11-01,3
IEM_Health-CovidProject,SI,Cases,0.274262011472709,2021-11-01,3
IEM_Health-CovidProject,SK,Cases,0.306659510241605,2021-11-01,3
ILM-EKF,AT,Cases,0.291955982952578,2021-11-01,3
ILM-EKF,AT,Deaths,0.32192254787992,2021-11-01,3
ILM-EKF,BE,Cases,0.355640045677121,2021-11-01,3
ILM-EKF,BE,Deaths,0.273944792416357,2021-11-01,3
ILM-EKF,BG,Cases,0.389862159182735,2021-11-01,3
ILM-EKF,BG,Deaths,0.324497038877308,2021-11-01,3
ILM-EKF,CY,Cases,0.278038436754238,2021-11-01,3
ILM-EKF,EE,Cases,0.268936136903841,2021-11-01,3
ILM-EKF,ES,Cases,0.330805115728397,2021-11-01,3
ILM-EKF,FI,Cases,0.306212398696414,2021-11-01,3
ILM-EKF,FI,Deaths,0.276363603854343,2021-11-01,3
ILM-EKF,GR,Cases,0.314953251124126,2021-11-01,3
ILM-EKF,GR,Deaths,0.239214586893383,2021-11-01,3
ILM-EKF,HR,Cases,0.322401892756122,2021-11-01,3
ILM-EKF,HU,Cases,0.331956103502667,2021-11-01,3
ILM-EKF,HU,Deaths,0.352958600099103,2021-11-01,3
ILM-EKF,IT,Cases,0.324062545381695,2021-11-01,3
ILM-EKF,IT,Deaths,0.296753118195987,2021-11-01,3
ILM-EKF,LV,Cases,0.284708623899622,2021-11-01,3
ILM-EKF,LV,Deaths,0.284680371532094,2021-11-01,3
ILM-EKF,PT,Deaths,0.296997650570158,2021-11-01,3
ILM-EKF,SI,Cases,0.269380518126284,2021-11-01,3
ILM-EKF,SK,Cases,0.39348579630325,2021-11-01,3
Karlen-pypm,AT,Deaths,0.305604630656259,2021-11-01,3
Karlen-pypm,BG,Cases,0.306011849171909,2021-11-01,3
Karlen-pypm,BG,Deaths,0.392416505850767,2021-11-01,3
Karlen-pypm,CY,Deaths,0.321601535037283,2021-11-01,3
Karlen-pypm,EE,Deaths,0.394780220473199,2021-11-01,3
Karlen-pypm,FI,Cases,0.406675513985305,2021-11-01,3
Karlen-pypm,HR,Deaths,0.326253409437235,2021-11-01,3
Karlen-pypm,HU,Cases,0.369372752840964,2021-11-01,3
Karlen-pypm,HU,Deaths,0.407201067261169,2021-11-01,3
Karlen-pypm,IT,Deaths,0.326918592823966,2021-11-01,3
Karlen-pypm,LT,Cases,0.329499042905101,2021-11-01,3
Karlen-pypm,LV,Deaths,0.451312092269291,2021-11-01,3
Karlen-pypm,NO,Cases,0.351354105973912,2021-11-01,3
Karlen-pypm,PT,Cases,0.255306061816796,2021-11-01,3
Karlen-pypm,PT,Deaths,0.279717368845091,2021-11-01,3
Karlen-pypm,RO,Cases,0.231870100878743,2021-11-01,3
Karlen-pypm,SI,Deaths,0.37760246384908,2021-11-01,3
Karlen-pypm,SK,Cases,0.299854693455145,2021-11-01,3
MUNI-ARIMA,AT,Cases,0.391822269552218,2021-11-01,3
MUNI-ARIMA,AT,Deaths,0.372472821463821,2021-11-01,3
MUNI-ARIMA,BE,Cases,0.290066844557996,2021-11-01,3
MUNI-ARIMA,BE,Deaths,0.276142220876943,2021-11-01,3
MUNI-ARIMA,BG,Cases,0.304125991645357,2021-11-01,3
MUNI-ARIMA,BG,Deaths,0.283086455271925,2021-11-01,3
MUNI-ARIMA,CY,Deaths,0.327929568144746,2021-11-01,3
MUNI-ARIMA,EE,Cases,0.315761646576877,2021-11-01,3
MUNI-ARIMA,EE,Deaths,0.264477166352044,2021-11-01,3
MUNI-ARIMA,ES,Cases,0.254825368680849,2021-11-01,3
MUNI-ARIMA,FI,Deaths,0.305326791910309,2021-11-01,3
MUNI-ARIMA,GR,Cases,0.452406894327141,2021-11-01,3
MUNI-ARIMA,GR,Deaths,0.333710668334711,2021-11-01,3
MUNI-ARIMA,HR,Cases,0.364882807275691,2021-11-01,3
MUNI-ARIMA,IT,Cases,0.356830462252461,2021-11-01,3
MUNI-ARIMA,LT,Cases,0.380063354822052,2021-11-01,3
MUNI-ARIMA,LU,Deaths,0.289779366230457,2021-11-01,3
MUNI-ARIMA,LV,Cases,0.370889464075582,2021-11-01,3
MUNI-ARIMA,MT,Cases,0.341634560461594,2021-11-01,3
MUNI-ARIMA,NO,Cases,0.353599582340674,2021-11-01,3
MUNI-ARIMA,PT,Cases,0.292770707365868,2021-11-01,3
MUNI-ARIMA,RO,Cases,0.389599240676885,2021-11-01,3
MUNI-ARIMA,RO,Deaths,0.28882507413751,2021-11-01,3
MUNI-ARIMA,SI,Cases,0.456357470401007,2021-11-01,3
MUNI-ARIMA,SK,Deaths,0.337278716032994,2021-11-01,3
RobertWalraven-ESG,CY,Cases,0.280735300877047,2021-11-01,3
RobertWalraven-ESG,LT,Deaths,0.352164954506861,2021-11-01,3
RobertWalraven-ESG,LU,Deaths,0.355662046054843,2021-11-01,3
RobertWalraven-ESG,MT,Cases,0.286117454720248,2021-11-01,3
RobertWalraven-ESG,MT,Deaths,0.326019871283195,2021-11-01,3
RobertWalraven-ESG,PT,Deaths,0.423284980584751,2021-11-01,3
RobertWalraven-ESG,RO,Cases,0.378530658444372,2021-11-01,3
RobertWalraven-ESG,SI,Deaths,0.332615300802548,2021-11-01,3
RobertWalraven-ESG,SK,Deaths,0.329803250054113,2021-11-01,3
UMass-MechBayes,CY,Deaths,0.350468896817971,2021-11-01,3
UMass-MechBayes,EE,Deaths,0.340742613174757,2021-11-01,3
UMass-MechBayes,HR,Deaths,0.32701253098668,2021-11-01,3
UMass-MechBayes,LT,Deaths,0.330704380860754,2021-11-01,3
UMass-MechBayes,LU,Deaths,0.3545585877147,2021-11-01,3
UMass-MechBayes,LV,Deaths,0.264007536198615,2021-11-01,3
UMass-MechBayes,MT,Deaths,0.318636528517142,2021-11-01,3
UMass-MechBayes,RO,Deaths,0.486541626248186,2021-11-01,3
UMass-MechBayes,SI,Deaths,0.289782235348372,2021-11-01,3
UMass-MechBayes,SK,Deaths,0.332918033912893,2021-11-01,3
UNIPV-BayesINGARCHX,IT,Cases,0.319106992365844,2021-11-01,3
IEM_Health-CovidProject,AT,Cases,0.299173215570697,2021-11-08,3
IEM_Health-CovidProject,BE,Cases,0.29111689644253,2021-11-08,3
IEM_Health-CovidProject,BE,Deaths,0.401983327810511,2021-11-08,3
IEM_Health-CovidProject,CY,Cases,0.446988104097218,2021-11-08,3
IEM_Health-CovidProject,CY,Deaths,0.302358197875021,2021-11-08,3
IEM_Health-CovidProject,EE,Cases,0.475219912719345,2021-11-08,3
IEM_Health-CovidProject,ES,Cases,0.479526773866522,2021-11-08,3
IEM_Health-CovidProject,FI,Cases,0.286000815811986,2021-11-08,3
IEM_Health-CovidProject,FI,Deaths,0.471534996770127,2021-11-08,3
IEM_Health-CovidProject,GR,Deaths,0.40678773252812,2021-11-08,3
IEM_Health-CovidProject,HR,Cases,0.288216037278716,2021-11-08,3
IEM_Health-CovidProject,HR,Deaths,0.312136044426084,2021-11-08,3
IEM_Health-CovidProject,HU,Cases,0.351176581096759,2021-11-08,3
IEM_Health-CovidProject,HU,Deaths,0.216735799890697,2021-11-08,3
IEM_Health-CovidProject,IT,Deaths,0.387083483673388,2021-11-08,3
IEM_Health-CovidProject,LT,Deaths,0.369788232229792,2021-11-08,3
IEM_Health-CovidProject,MT,Cases,0.349400990549487,2021-11-08,3
IEM_Health-CovidProject,MT,Deaths,0.329058582469192,2021-11-08,3
IEM_Health-CovidProject,NO,Cases,0.243463710597478,2021-11-08,3
IEM_Health-CovidProject,PT,Cases,0.433931286822975,2021-11-08,3
IEM_Health-CovidProject,SI,Cases,0.244369772627594,2021-11-08,3
IEM_Health-CovidProject,SK,Cases,0.290350575023236,2021-11-08,3
ILM-EKF,AT,Cases,0.272432107526291,2021-11-08,3
ILM-EKF,AT,Deaths,0.359960068521315,2021-11-08,3
ILM-EKF,BE,Cases,0.368797134597479,2021-11-08,3
ILM-EKF,BG,Cases,0.290322667142661,2021-11-08,3
ILM-EKF,BG,Deaths,0.312237506346487,2021-11-08,3
ILM-EKF,CY,Cases,0.30265823852672,2021-11-08,3
ILM-EKF,EE,Cases,0.267247333458259,2021-11-08,3
ILM-EKF,EE,Deaths,0.297661444317628,2021-11-08,3
ILM-EKF,ES,Cases,0.335774071391178,2021-11-08,3
ILM-EKF,FI,Cases,0.35811963904925,2021-11-08,3
ILM-EKF,FI,Deaths,0.27315152413982,2021-11-08,3
ILM-EKF,GR,Cases,0.371093352019602,2021-11-08,3
ILM-EKF,GR,Deaths,0.265552760189402,2021-11-08,3
ILM-EKF,HR,Cases,0.331814387340102,2021-11-08,3
ILM-EKF,HU,Cases,0.378828007309427,2021-11-08,3
ILM-EKF,HU,Deaths,0.355772382392646,2021-11-08,3
ILM-EKF,IT,Cases,0.243853987589703,2021-11-08,3
ILM-EKF,IT,Deaths,0.297169704873579,2021-11-08,3
ILM-EKF,LV,Deaths,0.269628083879777,2021-11-08,3
ILM-EKF,PT,Deaths,0.271696774736209,2021-11-08,3
ILM-EKF,RO,Cases,0.28558537816267,2021-11-08,3
ILM-EKF,RO,Deaths,0.176575561222793,2021-11-08,3
ILM-EKF,SI,Cases,0.263446142505464,2021-11-08,3
ILM-EKF,SK,Cases,0.418600781508577,2021-11-08,3
ILM-EKF,SK,Deaths,0.281332114701351,2021-11-08,3
Karlen-pypm,AT,Deaths,0.304475604269401,2021-11-08,3
Karlen-pypm,BG,Cases,0.301592269878483,2021-11-08,3
Karlen-pypm,BG,Deaths,0.384850607679943,2021-11-08,3
Karlen-pypm,EE,Deaths,0.358659154986345,2021-11-08,3
Karlen-pypm,FI,Cases,0.355879545138764,2021-11-08,3
Karlen-pypm,FI,Deaths,0.255313479090053,2021-11-08,3
Karlen-pypm,GR,Cases,0.32179447424226,2021-11-08,3
Karlen-pypm,HR,Deaths,0.36227319534463,2021-11-08,3
Karlen-pypm,HU,Deaths,0.427491817716658,2021-11-08,3
Karlen-pypm,LT,Cases,0.313632477566755,2021-11-08,3
Karlen-pypm,LU,Deaths,0.337669402306027,2021-11-08,3
Karlen-pypm,LV,Cases,0.2890974657875,2021-11-08,3
Karlen-pypm,LV,Deaths,0.463928762425729,2021-11-08,3
Karlen-pypm,NO,Cases,0.409339329744852,2021-11-08,3
Karlen-pypm,PT,Cases,0.269841769749478,2021-11-08,3
Karlen-pypm,PT,Deaths,0.318117857725276,2021-11-08,3
Karlen-pypm,SI,Deaths,0.416750492650603,2021-11-08,3
Karlen-pypm,SK,Cases,0.291048643468187,2021-11-08,3
MUNI-ARIMA,AT,Cases,0.428394676903013,2021-11-08,3
MUNI-ARIMA,AT,Deaths,0.335564327209284,2021-11-08,3
MUNI-ARIMA,BE,Cases,0.340085968959992,2021-11-08,3
MUNI-ARIMA,BE,Deaths,0.321301358178891,2021-11-08,3
MUNI-ARIMA,BG,Cases,0.408085062978856,2021-11-08,3
MUNI-ARIMA,BG,Deaths,0.30291188597357,2021-11-08,3
MUNI-ARIMA,CY,Deaths,0.326768684571087,2021-11-08,3
MUNI-ARIMA,EE,Cases,0.257532753822395,2021-11-08,3
MUNI-ARIMA,ES,Cases,0.1846991547423,2021-11-08,3
MUNI-ARIMA,GR,Cases,0.307112173738139,2021-11-08,3
MUNI-ARIMA,GR,Deaths,0.327659507282478,2021-11-08,3
MUNI-ARIMA,HR,Cases,0.379969575381183,2021-11-08,3
MUNI-ARIMA,HU,Cases,0.269995411593814,2021-11-08,3
MUNI-ARIMA,IT,Cases,0.285730490858276,2021-11-08,3
MUNI-ARIMA,LT,Cases,0.470021214600287,2021-11-08,3
MUNI-ARIMA,LT,Deaths,0.261728115822132,2021-11-08,3
MUNI-ARIMA,LU,Deaths,0.311191266070097,2021-11-08,3
MUNI-ARIMA,LV,Cases,0.346909677155095,2021-11-08,3
MUNI-ARIMA,MT,Cases,0.370090605997324,2021-11-08,3
MUNI-ARIMA,NO,Cases,0.347196959657671,2021-11-08,3
MUNI-ARIMA,PT,Cases,0.296226943427548,2021-11-08,3
MUNI-ARIMA,RO,Cases,0.39660676657573,2021-11-08,3
MUNI-ARIMA,RO,Deaths,0.484055296070231,2021-11-08,3
MUNI-ARIMA,SI,Cases,0.492184084866942,2021-11-08,3
MUNI-ARIMA,SK,Deaths,0.399901023865365,2021-11-08,3
RobertWalraven-ESG,BE,Deaths,0.276715314010598,2021-11-08,3
RobertWalraven-ESG,CY,Cases,0.250353657376062,2021-11-08,3
RobertWalraven-ESG,IT,Deaths,0.315746811453032,2021-11-08,3
RobertWalraven-ESG,LT,Cases,0.216346307832958,2021-11-08,3
RobertWalraven-ESG,LV,Cases,0.363992857057405,2021-11-08,3
RobertWalraven-ESG,MT,Cases,0.280508403453189,2021-11-08,3
RobertWalraven-ESG,MT,Deaths,0.324934950678327,2021-11-08,3
RobertWalraven-ESG,PT,Deaths,0.410185367538516,2021-11-08,3
RobertWalraven-ESG,RO,Cases,0.3178078552616,2021-11-08,3
RobertWalraven-ESG,SI,Deaths,0.306061714853292,2021-11-08,3
UMass-MechBayes,CY,Deaths,0.370873117553892,2021-11-08,3
UMass-MechBayes,EE,Deaths,0.343679400696026,2021-11-08,3
UMass-MechBayes,HR,Deaths,0.325590760229286,2021-11-08,3
UMass-MechBayes,LT,Deaths,0.368483651948076,2021-11-08,3
UMass-MechBayes,LU,Deaths,0.351139331623876,2021-11-08,3
UMass-MechBayes,LV,Deaths,0.266443153694493,2021-11-08,3
UMass-MechBayes,MT,Deaths,0.346006466852481,2021-11-08,3
UMass-MechBayes,RO,Deaths,0.339369142706976,2021-11-08,3
UMass-MechBayes,SI,Deaths,0.277187792496104,2021-11-08,3
UMass-MechBayes,SK,Deaths,0.318766861433284,2021-11-08,3
UNIPV-BayesINGARCHX,IT,Cases,0.470415521552021,2021-11-08,3
IEM_Health-CovidProject,AT,Deaths,0.276929129344333,2021-11-15,3
IEM_Health-CovidProject,BE,Cases,0.312366315364921,2021-11-15,3
IEM_Health-CovidProject,BE,Deaths,0.333178721850995,2021-11-15,3
IEM_Health-CovidProject,BG,Deaths,0.324397635256945,2021-11-15,3
IEM_Health-CovidProject,CY,Cases,0.42347497905408,2021-11-15,3
IEM_Health-CovidProject,EE,Cases,0.343296293609147,2021-11-15,3
IEM_Health-CovidProject,ES,Cases,0.427497008909268,2021-11-15,3
IEM_Health-CovidProject,FI,Cases,0.366516675232081,2021-11-15,3
IEM_Health-CovidProject,FI,Deaths,0.44028546771257,2021-11-15,3
IEM_Health-CovidProject,GR,Cases,0.257678328320504,2021-11-15,3
IEM_Health-CovidProject,GR,Deaths,0.415567905648618,2021-11-15,3
IEM_Health-CovidProject,HR,Cases,0.300208844683588,2021-11-15,3
IEM_Health-CovidProject,HU,Cases,0.421308276147537,2021-11-15,3
IEM_Health-CovidProject,HU,Deaths,0.232407178151603,2021-11-15,3
IEM_Health-CovidProject,IT,Deaths,0.41567261731421,2021-11-15,3
IEM_Health-CovidProject,LT,Deaths,0.27932807700128,2021-11-15,3
IEM_Health-CovidProject,MT,Cases,0.29444550510319,2021-11-15,3
IEM_Health-CovidProject,MT,Deaths,0.273932484452172,2021-11-15,3
IEM_Health-CovidProject,NO,Cases,0.262154484451818,2021-11-15,3
IEM_Health-CovidProject,PT,Cases,0.411679894379029,2021-11-15,3
IEM_Health-CovidProject,SI,Cases,0.209773614799361,2021-11-15,3
IEM_Health-CovidProject,SK,Cases,0.296288042159231,2021-11-15,3
ILM-EKF,AT,Cases,0.321391852955655,2021-11-15,3
ILM-EKF,AT,Deaths,0.421632978909562,2021-11-15,3
ILM-EKF,BE,Cases,0.358507988058481,2021-11-15,3
ILM-EKF,BG,Deaths,0.318373878121965,2021-11-15,3
ILM-EKF,CY,Cases,0.307882262914456,2021-11-15,3
ILM-EKF,EE,Deaths,0.289454917602794,2021-11-15,3
ILM-EKF,ES,Cases,0.343943483633353,2021-11-15,3
ILM-EKF,FI,Cases,0.369979647901086,2021-11-15,3
ILM-EKF,FI,Deaths,0.331162707489313,2021-11-15,3
ILM-EKF,GR,Cases,0.365699538418279,2021-11-15,3
ILM-EKF,HR,Cases,0.316020182921863,2021-11-15,3
ILM-EKF,HR,Deaths,0.313950594569357,2021-11-15,3
ILM-EKF,HU,Cases,0.349510047757193,2021-11-15,3
ILM-EKF,HU,Deaths,0.339970944270552,2021-11-15,3
ILM-EKF,IT,Cases,0.239569403735815,2021-11-15,3
ILM-EKF,IT,Deaths,0.295625307719847,2021-11-15,3
ILM-EKF,LV,Deaths,0.254468329328552,2021-11-15,3
ILM-EKF,PT,Cases,0.257193892209295,2021-11-15,3
ILM-EKF,PT,Deaths,0.251655768824949,2021-11-15,3
ILM-EKF,RO,Cases,0.319724092740152,2021-11-15,3
ILM-EKF,RO,Deaths,0.284732788278643,2021-11-15,3
ILM-EKF,SI,Cases,0.21875101781413,2021-11-15,3
ILM-EKF,SK,Cases,0.412519290816757,2021-11-15,3
ILM-EKF,SK,Deaths,0.367139959723693,2021-11-15,3
Karlen-pypm,AT,Cases,0.342058708003978,2021-11-15,3
Karlen-pypm,AT,Deaths,0.301437891746105,2021-11-15,3
Karlen-pypm,BG,Cases,0.215243658902397,2021-11-15,3
Karlen-pypm,BG,Deaths,0.35722848662109,2021-11-15,3
Karlen-pypm,CY,Cases,0.268642758031464,2021-11-15,3
Karlen-pypm,CY,Deaths,0.348268743347572,2021-11-15,3
Karlen-pypm,EE,Cases,0.339338521155755,2021-11-15,3
Karlen-pypm,EE,Deaths,0.399128735879944,2021-11-15,3
Karlen-pypm,FI,Cases,0.263503676866832,2021-11-15,3
Karlen-pypm,FI,Deaths,0.228551824798118,2021-11-15,3
Karlen-pypm,GR,Cases,0.376622133261218,2021-11-15,3
Karlen-pypm,HR,Deaths,0.373058790983817,2021-11-15,3
Karlen-pypm,HU,Deaths,0.427621877577845,2021-11-15,3
Karlen-pypm,LT,Cases,0.221554238393398,2021-11-15,3
Karlen-pypm,LU,Deaths,0.397867848801908,2021-11-15,3
Karlen-pypm,LV,Cases,0.33395582618597,2021-11-15,3
Karlen-pypm,LV,Deaths,0.465507691583799,2021-11-15,3
Karlen-pypm,NO,Cases,0.379711501541247,2021-11-15,3
Karlen-pypm,PT,Deaths,0.444593827911637,2021-11-15,3
Karlen-pypm,RO,Cases,0.265949353603585,2021-11-15,3
Karlen-pypm,SI,Deaths,0.400705003703661,2021-11-15,3
Karlen-pypm,SK,Cases,0.291192667024012,2021-11-15,3
Karlen-pypm,SK,Deaths,0.343382304531962,2021-11-15,3
MUNI-ARIMA,AT,Cases,0.336549439040366,2021-11-15,3
MUNI-ARIMA,BE,Cases,0.329125696576598,2021-11-15,3
MUNI-ARIMA,BE,Deaths,0.365256325056662,2021-11-15,3
MUNI-ARIMA,BG,Cases,0.517347581253845,2021-11-15,3
MUNI-ARIMA,CY,Deaths,0.325519105305549,2021-11-15,3
MUNI-ARIMA,ES,Cases,0.228559507457379,2021-11-15,3
MUNI-ARIMA,GR,Deaths,0.272854914997759,2021-11-15,3
MUNI-ARIMA,HR,Cases,0.38377097239455,2021-11-15,3
MUNI-ARIMA,HU,Cases,0.22918167609527,2021-11-15,3
MUNI-ARIMA,IT,Cases,0.302271075490998,2021-11-15,3
MUNI-ARIMA,LT,Cases,0.563038137224949,2021-11-15,3
MUNI-ARIMA,LT,Deaths,0.317157022189982,2021-11-15,3
MUNI-ARIMA,LU,Deaths,0.290916771737861,2021-11-15,3
MUNI-ARIMA,LV,Cases,0.286684531323464,2021-11-15,3
MUNI-ARIMA,MT,Cases,0.440731772289532,2021-11-15,3
MUNI-ARIMA,NO,Cases,0.358134014006935,2021-11-15,3
MUNI-ARIMA,PT,Cases,0.331126213411676,2021-11-15,3
MUNI-ARIMA,RO,Cases,0.414326553656263,2021-11-15,3
MUNI-ARIMA,RO,Deaths,0.404565104440443,2021-11-15,3
MUNI-ARIMA,SI,Cases,0.571475367386508,2021-11-15,3
MUNI-ARIMA,SI,Deaths,0.297748553554689,2021-11-15,3
MUNI-ARIMA,SK,Deaths,0.289477735744345,2021-11-15,3
RobertWalraven-ESG,BE,Deaths,0.301564953092343,2021-11-15,3
RobertWalraven-ESG,BG,Cases,0.267408759843758,2021-11-15,3
RobertWalraven-ESG,EE,Cases,0.317365185235098,2021-11-15,3
RobertWalraven-ESG,LT,Cases,0.215407624381653,2021-11-15,3
RobertWalraven-ESG,LV,Cases,0.379359642490566,2021-11-15,3
RobertWalraven-ESG,MT,Cases,0.264822722607279,2021-11-15,3
RobertWalraven-ESG,MT,Deaths,0.29518769464283,2021-11-15,3
RobertWalraven-ESG,PT,Deaths,0.303750403263413,2021-11-15,3
RobertWalraven-ESG,SI,Deaths,0.30154644274165,2021-11-15,3
UMass-MechBayes,CY,Deaths,0.326212151346879,2021-11-15,3
UMass-MechBayes,EE,Deaths,0.311416346517262,2021-11-15,3
UMass-MechBayes,GR,Deaths,0.311577179353624,2021-11-15,3
UMass-MechBayes,HR,Deaths,0.312990614446826,2021-11-15,3
UMass-MechBayes,IT,Deaths,0.288702074965943,2021-11-15,3
UMass-MechBayes,LT,Deaths,0.403514900808738,2021-11-15,3
UMass-MechBayes,LU,Deaths,0.311215379460231,2021-11-15,3
UMass-MechBayes,LV,Deaths,0.280023979087649,2021-11-15,3
UMass-MechBayes,MT,Deaths,0.430879820904998,2021-11-15,3
UMass-MechBayes,RO,Deaths,0.310702107280914,2021-11-15,3
UNIPV-BayesINGARCHX,IT,Cases,0.458159520773187,2021-11-15,3
IEM_Health-CovidProject,AT,Cases,0.285920359706746,2021-11-22,3
IEM_Health-CovidProject,BE,Cases,0.351695858067149,2021-11-22,3
IEM_Health-CovidProject,BE,Deaths,0.298361799149378,2021-11-22,3
IEM_Health-CovidProject,CY,Cases,0.352648174971382,2021-11-22,3
IEM_Health-CovidProject,EE,Cases,0.29011380538537,2021-11-22,3
IEM_Health-CovidProject,ES,Cases,0.346485986822154,2021-11-22,3
IEM_Health-CovidProject,FI,Cases,0.502107238377218,2021-11-22,3
IEM_Health-CovidProject,FI,Deaths,0.452277911973463,2021-11-22,3
IEM_Health-CovidProject,GR,Cases,0.284041952790261,2021-11-22,3
IEM_Health-CovidProject,GR,Deaths,0.430198730410791,2021-11-22,3
IEM_Health-CovidProject,HR,Cases,0.232712111681737,2021-11-22,3
IEM_Health-CovidProject,HU,Cases,0.410297980019839,2021-11-22,3
IEM_Health-CovidProject,IT,Deaths,0.348864901532623,2021-11-22,3
IEM_Health-CovidProject,MT,Cases,0.281948965762983,2021-11-22,3
IEM_Health-CovidProject,MT,Deaths,0.283160091842785,2021-11-22,3
IEM_Health-CovidProject,NO,Cases,0.231396454927626,2021-11-22,3
IEM_Health-CovidProject,PT,Cases,0.330503554291929,2021-11-22,3
IEM_Health-CovidProject,SI,Cases,0.139229155225592,2021-11-22,3
IEM_Health-CovidProject,SK,Cases,0.29118733163327,2021-11-22,3
ILM-EKF,AT,Deaths,0.417643412880891,2021-11-22,3
ILM-EKF,BE,Cases,0.418455423864288,2021-11-22,3
ILM-EKF,BG,Deaths,0.300987778880663,2021-11-22,3
ILM-EKF,CY,Cases,0.341824855626262,2021-11-22,3
ILM-EKF,EE,Deaths,0.275290946635122,2021-11-22,3
ILM-EKF,ES,Cases,0.353930656459375,2021-11-22,3
ILM-EKF,FI,Cases,0.294087753030774,2021-11-22,3
ILM-EKF,FI,Deaths,0.330370328847742,2021-11-22,3
ILM-EKF,GR,Deaths,0.234901858674175,2021-11-22,3
ILM-EKF,HR,Deaths,0.28918541093806,2021-11-22,3
ILM-EKF,HU,Cases,0.299976788427445,2021-11-22,3
ILM-EKF,HU,Deaths,0.334023846849966,2021-11-22,3
ILM-EKF,IT,Cases,0.281035907748991,2021-11-22,3
ILM-EKF,LT,Cases,0.174502101476667,2021-11-22,3
ILM-EKF,LV,Cases,0.264959076089751,2021-11-22,3
ILM-EKF,LV,Deaths,0.256384347721361,2021-11-22,3
ILM-EKF,MT,Cases,0.330878175981243,2021-11-22,3
ILM-EKF,PT,Cases,0.26086537280652,2021-11-22,3
ILM-EKF,PT,Deaths,0.315110503187531,2021-11-22,3
ILM-EKF,RO,Cases,0.293266916377499,2021-11-22,3
ILM-EKF,RO,Deaths,0.360864672201045,2021-11-22,3
ILM-EKF,SK,Cases,0.417834302571341,2021-11-22,3
ILM-EKF,SK,Deaths,0.343412451544062,2021-11-22,3
Karlen-pypm,AT,Cases,0.425781378030549,2021-11-22,3
Karlen-pypm,AT,Deaths,0.297627151286052,2021-11-22,3
Karlen-pypm,BE,Deaths,0.377920000316346,2021-11-22,3
Karlen-pypm,BG,Cases,0.194231487205748,2021-11-22,3
Karlen-pypm,CY,Cases,0.305526969402357,2021-11-22,3
Karlen-pypm,CY,Deaths,0.347286495751107,2021-11-22,3
Karlen-pypm,EE,Cases,0.377516453722175,2021-11-22,3
Karlen-pypm,EE,Deaths,0.370444565295333,2021-11-22,3
Karlen-pypm,FI,Deaths,0.217351759178795,2021-11-22,3
Karlen-pypm,GR,Cases,0.409597328605158,2021-11-22,3
Karlen-pypm,HR,Deaths,0.388601701891591,2021-11-22,3
Karlen-pypm,HU,Deaths,0.359333684057675,2021-11-22,3
Karlen-pypm,LT,Cases,0.193761180150219,2021-11-22,3
Karlen-pypm,LU,Deaths,0.404728763701277,2021-11-22,3
Karlen-pypm,LV,Cases,0.39850737528108,2021-11-22,3
Karlen-pypm,LV,Deaths,0.380073527454549,2021-11-22,3
Karlen-pypm,NO,Cases,0.387005767568229,2021-11-22,3
Karlen-pypm,PT,Deaths,0.341459882835232,2021-11-22,3
Karlen-pypm,RO,Cases,0.227358826187584,2021-11-22,3
Karlen-pypm,SI,Deaths,0.320274193302722,2021-11-22,3
Karlen-pypm,SK,Cases,0.290978365795389,2021-11-22,3
Karlen-pypm,SK,Deaths,0.405215036180502,2021-11-22,3
MUNI-ARIMA,AT,Cases,0.288298262262705,2021-11-22,3
MUNI-ARIMA,BE,Cases,0.229848718068563,2021-11-22,3
MUNI-ARIMA,BE,Deaths,0.323718200534276,2021-11-22,3
MUNI-ARIMA,BG,Cases,0.537463867483359,2021-11-22,3
MUNI-ARIMA,BG,Deaths,0.302983702083609,2021-11-22,3
MUNI-ARIMA,CY,Deaths,0.311076624234464,2021-11-22,3
MUNI-ARIMA,ES,Cases,0.299583356718472,2021-11-22,3
MUNI-ARIMA,FI,Cases,0.203805008592008,2021-11-22,3
MUNI-ARIMA,GR,Cases,0.306360718604581,2021-11-22,3
MUNI-ARIMA,HR,Cases,0.489089666133525,2021-11-22,3
MUNI-ARIMA,HU,Cases,0.289725231552716,2021-11-22,3
MUNI-ARIMA,HU,Deaths,0.30664246909236,2021-11-22,3
MUNI-ARIMA,IT,Cases,0.295905054723632,2021-11-22,3
MUNI-ARIMA,IT,Deaths,0.252016701584129,2021-11-22,3
MUNI-ARIMA,LT,Cases,0.631736718373114,2021-11-22,3
MUNI-ARIMA,LT,Deaths,0.322978547695,2021-11-22,3
MUNI-ARIMA,LU,Deaths,0.307473609664169,2021-11-22,3
MUNI-ARIMA,MT,Cases,0.387172858255775,2021-11-22,3
MUNI-ARIMA,NO,Cases,0.381597777504145,2021-11-22,3
MUNI-ARIMA,PT,Cases,0.408631072901552,2021-11-22,3
MUNI-ARIMA,RO,Cases,0.479374257434916,2021-11-22,3
MUNI-ARIMA,RO,Deaths,0.396792967657147,2021-11-22,3
MUNI-ARIMA,SI,Cases,0.693327041405506,2021-11-22,3
MUNI-ARIMA,SK,Deaths,0.251372512275436,2021-11-22,3
RobertWalraven-ESG,BG,Cases,0.268304645310894,2021-11-22,3
RobertWalraven-ESG,EE,Cases,0.332369740892456,2021-11-22,3
RobertWalraven-ESG,HR,Cases,0.278198222184738,2021-11-22,3
RobertWalraven-ESG,LT,Deaths,0.229138472724266,2021-11-22,3
RobertWalraven-ESG,LV,Cases,0.33653354862917,2021-11-22,3
RobertWalraven-ESG,MT,Deaths,0.256489476195278,2021-11-22,3
RobertWalraven-ESG,SI,Cases,0.167443803368902,2021-11-22,3
RobertWalraven-ESG,SI,Deaths,0.331651874922772,2021-11-22,3
UMass-MechBayes,AT,Deaths,0.284729435833057,2021-11-22,3
UMass-MechBayes,BG,Deaths,0.396028519035728,2021-11-22,3
UMass-MechBayes,CY,Deaths,0.341636880014429,2021-11-22,3
UMass-MechBayes,EE,Deaths,0.354264488069545,2021-11-22,3
UMass-MechBayes,GR,Deaths,0.334899410915034,2021-11-22,3
UMass-MechBayes,HR,Deaths,0.32221288717035,2021-11-22,3
UMass-MechBayes,IT,Deaths,0.399118396883248,2021-11-22,3
UMass-MechBayes,LT,Deaths,0.447882979580734,2021-11-22,3
UMass-MechBayes,LU,Deaths,0.287797626634553,2021-11-22,3
UMass-MechBayes,LV,Deaths,0.36354212482409,2021-11-22,3
UMass-MechBayes,MT,Deaths,0.460350431961937,2021-11-22,3
UMass-MechBayes,PT,Deaths,0.343429613977238,2021-11-22,3
UMass-MechBayes,RO,Deaths,0.242342360141808,2021-11-22,3
UMass-MechBayes,SI,Deaths,0.348073931774506,2021-11-22,3
UNIPV-BayesINGARCHX,IT,Cases,0.423059037527377,2021-11-22,3
IEM_Health-CovidProject,BE,Cases,0.431891326537294,2021-11-29,3
IEM_Health-CovidProject,CY,Cases,0.385389051585278,2021-11-29,3
IEM_Health-CovidProject,FI,Cases,0.542237005508365,2021-11-29,3
IEM_Health-CovidProject,FI,Deaths,0.416762601136119,2021-11-29,3
IEM_Health-CovidProject,GR,Deaths,0.413889197864026,2021-11-29,3
IEM_Health-CovidProject,HU,Cases,0.286903996247069,2021-11-29,3
IEM_Health-CovidProject,IT,Cases,0.353959528343588,2021-11-29,3
IEM_Health-CovidProject,MT,Cases,0.283034327400393,2021-11-29,3
IEM_Health-CovidProject,NO,Cases,0.335193915902556,2021-11-29,3
IEM_Health-CovidProject,PT,Cases,0.333078410715332,2021-11-29,3
IEM_Health-CovidProject,PT,Deaths,0.305798832942808,2021-11-29,3
ILM-EKF,AT,Deaths,0.359686561896905,2021-11-29,3
ILM-EKF,BE,Cases,0.358115994591958,2021-11-29,3
ILM-EKF,BG,Deaths,0.32213911799026,2021-11-29,3
ILM-EKF,CY,Cases,0.40516811350758,2021-11-29,3
ILM-EKF,EE,Cases,0.282017378390025,2021-11-29,3
ILM-EKF,ES,Cases,0.306862199309425,2021-11-29,3
ILM-EKF,FI,Cases,0.303768906476636,2021-11-29,3
ILM-EKF,FI,Deaths,0.351602336411088,2021-11-29,3
ILM-EKF,HU,Cases,0.249886448154961,2021-11-29,3
ILM-EKF,HU,Deaths,0.289316559552067,2021-11-29,3
ILM-EKF,LT,Cases,0.256558063614395,2021-11-29,3
ILM-EKF,LV,Cases,0.293004841437848,2021-11-29,3
ILM-EKF,LV,Deaths,0.247412601241595,2021-11-29,3
ILM-EKF,MT,Cases,0.385206263648108,2021-11-29,3
ILM-EKF,PT,Deaths,0.29951614773781,2021-11-29,3
ILM-EKF,RO,Cases,0.271732404701083,2021-11-29,3
ILM-EKF,RO,Deaths,0.381699802732573,2021-11-29,3
ILM-EKF,SK,Cases,0.384792274516882,2021-11-29,3
ILM-EKF,SK,Deaths,0.271465458318556,2021-11-29,3
Karlen-pypm,AT,Cases,0.365911788983462,2021-11-29,3
Karlen-pypm,AT,Deaths,0.304094524605784,2021-11-29,3
Karlen-pypm,BE,Cases,0.209992678870748,2021-11-29,3
Karlen-pypm,BE,Deaths,0.336156386320374,2021-11-29,3
Karlen-pypm,BG,Cases,0.219727491403185,2021-11-29,3
Karlen-pypm,EE,Cases,0.393433616174107,2021-11-29,3
Karlen-pypm,EE,Deaths,0.331051050723007,2021-11-29,3
Karlen-pypm,FI,Deaths,0.231635062452793,2021-11-29,3
Karlen-pypm,GR,Cases,0.285932841877633,2021-11-29,3
Karlen-pypm,HR,Deaths,0.355225388651286,2021-11-29,3
Karlen-pypm,IT,Cases,0.294537282964253,2021-11-29,3
Karlen-pypm,LU,Deaths,0.358300301317592,2021-11-29,3
Karlen-pypm,LV,Cases,0.458271431190434,2021-11-29,3
Karlen-pypm,LV,Deaths,0.337879832275122,2021-11-29,3
Karlen-pypm,SK,Cases,0.312199595293056,2021-11-29,3
Karlen-pypm,SK,Deaths,0.394870611825882,2021-11-29,3
MUNI-ARIMA,AT,Cases,0.446604844889606,2021-11-29,3
MUNI-ARIMA,BE,Deaths,0.344447700887192,2021-11-29,3
MUNI-ARIMA,BG,Cases,0.526609338655144,2021-11-29,3
MUNI-ARIMA,CY,Deaths,0.388928627194023,2021-11-29,3
MUNI-ARIMA,EE,Deaths,0.267242270879292,2021-11-29,3
MUNI-ARIMA,ES,Cases,0.370464793427401,2021-11-29,3
MUNI-ARIMA,FI,Cases,0.153994088014999,2021-11-29,3
MUNI-ARIMA,GR,Cases,0.334824984910572,2021-11-29,3
MUNI-ARIMA,HR,Cases,0.436666586273747,2021-11-29,3
MUNI-ARIMA,HR,Deaths,0.309993818100622,2021-11-29,3
MUNI-ARIMA,HU,Cases,0.46320955559797,2021-11-29,3
MUNI-ARIMA,HU,Deaths,0.432927347608871,2021-11-29,3
MUNI-ARIMA,IT,Deaths,0.273747065079411,2021-11-29,3
MUNI-ARIMA,LT,Cases,0.527405975914904,2021-11-29,3
MUNI-ARIMA,LT,Deaths,0.370116288802673,2021-11-29,3
MUNI-ARIMA,MT,Cases,0.331759408951499,2021-11-29,3
MUNI-ARIMA,NO,Cases,0.343145674815575,2021-11-29,3
MUNI-ARIMA,PT,Cases,0.416702686856044,2021-11-29,3
MUNI-ARIMA,RO,Cases,0.52148236031411,2021-11-29,3
MUNI-ARIMA,RO,Deaths,0.327085495209207,2021-11-29,3
MUNI-ARIMA,SI,Cases,0.597017169786643,2021-11-29,3
MUNI-VAR,AT,Cases,0.187483366126932,2021-11-29,3
MUNI-VAR,AT,Deaths,0.336218913497311,2021-11-29,3
MUNI-VAR,BE,Deaths,0.319395912792435,2021-11-29,3
MUNI-VAR,BG,Cases,0.253663169941671,2021-11-29,3
MUNI-VAR,BG,Deaths,0.252343453819293,2021-11-29,3
MUNI-VAR,CY,Cases,0.209442834907142,2021-11-29,3
MUNI-VAR,CY,Deaths,0.259818250533132,2021-11-29,3
MUNI-VAR,ES,Cases,0.322673007263174,2021-11-29,3
MUNI-VAR,GR,Cases,0.379242173211796,2021-11-29,3
MUNI-VAR,GR,Deaths,0.256240766158733,2021-11-29,3
MUNI-VAR,HR,Cases,0.220736648981016,2021-11-29,3
MUNI-VAR,IT,Deaths,0.317218510369142,2021-11-29,3
MUNI-VAR,LT,Cases,0.216035960470701,2021-11-29,3
MUNI-VAR,LT,Deaths,0.240824902127589,2021-11-29,3
MUNI-VAR,LU,Deaths,0.326511573569901,2021-11-29,3
MUNI-VAR,MT,Deaths,0.284066734994438,2021-11-29,3
MUNI-VAR,NO,Cases,0.321660409281869,2021-11-29,3
MUNI-VAR,PT,Cases,0.250218902428624,2021-11-29,3
MUNI-VAR,RO,Cases,0.206785234984808,2021-11-29,3
MUNI-VAR,RO,Deaths,0.29121470205822,2021-11-29,3
MUNI-VAR,SI,Cases,0.204461958608638,2021-11-29,3
MUNI-VAR,SI,Deaths,0.290254631921374,2021-11-29,3
MUNI-VAR,SK,Cases,0.303008130190062,2021-11-29,3
MUNI-VAR,SK,Deaths,0.333663929855562,2021-11-29,3
RobertWalraven-ESG,EE,Cases,0.324549005435867,2021-11-29,3
RobertWalraven-ESG,HR,Cases,0.342596764745237,2021-11-29,3
RobertWalraven-ESG,LV,Cases,0.248723727371718,2021-11-29,3
RobertWalraven-ESG,MT,Deaths,0.311616118127347,2021-11-29,3
RobertWalraven-ESG,SI,Cases,0.198520871604718,2021-11-29,3
RobertWalraven-ESG,SI,Deaths,0.35068982966246,2021-11-29,3
UMass-MechBayes,BG,Deaths,0.425517428190447,2021-11-29,3
UMass-MechBayes,CY,Deaths,0.351253122272846,2021-11-29,3
UMass-MechBayes,EE,Deaths,0.401706678397701,2021-11-29,3
UMass-MechBayes,GR,Deaths,0.329870035977241,2021-11-29,3
UMass-MechBayes,HR,Deaths,0.334780793248092,2021-11-29,3
UMass-MechBayes,HU,Deaths,0.277756092839062,2021-11-29,3
UMass-MechBayes,IT,Deaths,0.409034424551447,2021-11-29,3
UMass-MechBayes,LT,Deaths,0.389058809069738,2021-11-29,3
UMass-MechBayes,LU,Deaths,0.315188125112507,2021-11-29,3
UMass-MechBayes,LV,Deaths,0.414707566483284,2021-11-29,3
UMass-MechBayes,MT,Deaths,0.404317146878215,2021-11-29,3
UMass-MechBayes,PT,Deaths,0.394685019319382,2021-11-29,3
UMass-MechBayes,SI,Deaths,0.359055538416166,2021-11-29,3
UNIPV-BayesINGARCHX,IT,Cases,0.35150318869216,2021-11-29,3
IEM_Health-CovidProject,BE,Cases,0.338027280715577,2021-12-06,3
IEM_Health-CovidProject,CY,Cases,0.353309776007093,2021-12-06,3
IEM_Health-CovidProject,EE,Cases,0.277725693346136,2021-12-06,3
IEM_Health-CovidProject,FI,Cases,0.540185555665442,2021-12-06,3
IEM_Health-CovidProject,FI,Deaths,0.34493392084505,2021-12-06,3
IEM_Health-CovidProject,IT,Cases,0.424334098189022,2021-12-06,3
IEM_Health-CovidProject,LV,Cases,0.220629514444915,2021-12-06,3
IEM_Health-CovidProject,MT,Cases,0.420186284829186,2021-12-06,3
IEM_Health-CovidProject,NO,Cases,0.315724485173821,2021-12-06,3
IEM_Health-CovidProject,PT,Cases,0.302785145216468,2021-12-06,3
IEM_Health-CovidProject,PT,Deaths,0.322851009299368,2021-12-06,3
ILM-EKF,AT,Deaths,0.278349265575961,2021-12-06,3
ILM-EKF,BE,Cases,0.320168450464885,2021-12-06,3
ILM-EKF,BG,Deaths,0.310501053581375,2021-12-06,3
ILM-EKF,CY,Cases,0.382481000082791,2021-12-06,3
ILM-EKF,EE,Cases,0.302477820635235,2021-12-06,3
ILM-EKF,EE,Deaths,0.263220892641636,2021-12-06,3
ILM-EKF,ES,Cases,0.284485531320348,2021-12-06,3
ILM-EKF,FI,Cases,0.316849981692809,2021-12-06,3
ILM-EKF,FI,Deaths,0.362510794984886,2021-12-06,3
ILM-EKF,HU,Cases,0.261601588984068,2021-12-06,3
ILM-EKF,HU,Deaths,0.213275263214195,2021-12-06,3
ILM-EKF,IT,Cases,0.251319537204874,2021-12-06,3
ILM-EKF,LT,Cases,0.352935717145104,2021-12-06,3
ILM-EKF,LV,Cases,0.386058984266325,2021-12-06,3
ILM-EKF,LV,Deaths,0.271011868517308,2021-12-06,3
ILM-EKF,NO,Cases,0.3294728446826,2021-12-06,3
ILM-EKF,RO,Cases,0.337488069445779,2021-12-06,3
ILM-EKF,RO,Deaths,0.41477479240723,2021-12-06,3
ILM-EKF,SK,Cases,0.346963770380114,2021-12-06,3
Karlen-pypm,AT,Cases,0.320262699164354,2021-12-06,3
Karlen-pypm,AT,Deaths,0.328104153088089,2021-12-06,3
Karlen-pypm,BE,Cases,0.341804268819538,2021-12-06,3
Karlen-pypm,BE,Deaths,0.336946823569635,2021-12-06,3
Karlen-pypm,BG,Cases,0.253248557647161,2021-12-06,3
Karlen-pypm,CY,Deaths,0.335770505140593,2021-12-06,3
Karlen-pypm,EE,Cases,0.419796486018629,2021-12-06,3
Karlen-pypm,EE,Deaths,0.271258505261817,2021-12-06,3
Karlen-pypm,FI,Deaths,0.292555284170064,2021-12-06,3
Karlen-pypm,IT,Cases,0.324346364606104,2021-12-06,3
Karlen-pypm,LT,Cases,0.291924932256151,2021-12-06,3
Karlen-pypm,LU,Deaths,0.354066946393284,2021-12-06,3
Karlen-pypm,LV,Cases,0.39331150128876,2021-12-06,3
Karlen-pypm,LV,Deaths,0.271767749233269,2021-12-06,3
Karlen-pypm,RO,Cases,0.197538539625019,2021-12-06,3
Karlen-pypm,SI,Cases,0.189079961573717,2021-12-06,3
Karlen-pypm,SK,Cases,0.355238731931139,2021-12-06,3
Karlen-pypm,SK,Deaths,0.288077322924807,2021-12-06,3
MUNI-ARIMA,AT,Cases,0.406751429214122,2021-12-06,3
MUNI-ARIMA,BE,Deaths,0.361872047014113,2021-12-06,3
MUNI-ARIMA,BG,Cases,0.284235328515736,2021-12-06,3
MUNI-ARIMA,ES,Cases,0.295370266426578,2021-12-06,3
MUNI-ARIMA,GR,Cases,0.312605815285056,2021-12-06,3
MUNI-ARIMA,HR,Cases,0.394168241377224,2021-12-06,3
MUNI-ARIMA,HR,Deaths,0.334157461206594,2021-12-06,3
MUNI-ARIMA,HU,Cases,0.520763370595508,2021-12-06,3
MUNI-ARIMA,HU,Deaths,0.494792805750544,2021-12-06,3
MUNI-ARIMA,LT,Cases,0.355139350598745,2021-12-06,3
MUNI-ARIMA,LT,Deaths,0.323960212086302,2021-12-06,3
MUNI-ARIMA,LU,Deaths,0.277289811390766,2021-12-06,3
MUNI-ARIMA,MT,Cases,0.304352696568857,2021-12-06,3
MUNI-ARIMA,PT,Cases,0.404471112775733,2021-12-06,3
MUNI-ARIMA,PT,Deaths,0.272710290460773,2021-12-06,3
MUNI-ARIMA,RO,Cases,0.464973390929202,2021-12-06,3
MUNI-ARIMA,RO,Deaths,0.267424371273058,2021-12-06,3
MUNI-ARIMA,SI,Cases,0.470668294597339,2021-12-06,3
MUNI-ARIMA,SK,Deaths,0.254545657595112,2021-12-06,3
MUNI-VAR,AT,Deaths,0.39354658133595,2021-12-06,3
MUNI-VAR,BE,Deaths,0.301181129416252,2021-12-06,3
MUNI-VAR,BG,Cases,0.462516113837102,2021-12-06,3
MUNI-VAR,BG,Deaths,0.297256215991058,2021-12-06,3
MUNI-VAR,CY,Cases,0.264209223910116,2021-12-06,3
MUNI-VAR,CY,Deaths,0.321730325004166,2021-12-06,3
MUNI-VAR,ES,Cases,0.420144202253074,2021-12-06,3
MUNI-VAR,GR,Cases,0.506212581293116,2021-12-06,3
MUNI-VAR,GR,Deaths,0.274441750735872,2021-12-06,3
MUNI-VAR,HR,Cases,0.328818538769033,2021-12-06,3
MUNI-VAR,HR,Deaths,0.298670404997826,2021-12-06,3
MUNI-VAR,IT,Deaths,0.411391741696523,2021-12-06,3
MUNI-VAR,LT,Deaths,0.25743502043358,2021-12-06,3
MUNI-VAR,LU,Deaths,0.36864324221595,2021-12-06,3
MUNI-VAR,MT,Cases,0.275461018601957,2021-12-06,3
MUNI-VAR,MT,Deaths,0.378622560634514,2021-12-06,3
MUNI-VAR,NO,Cases,0.354802670143579,2021-12-06,3
MUNI-VAR,PT,Cases,0.292743742007799,2021-12-06,3
MUNI-VAR,RO,Deaths,0.317800836319712,2021-12-06,3
MUNI-VAR,SI,Cases,0.340251743828944,2021-12-06,3
MUNI-VAR,SI,Deaths,0.379249225147758,2021-12-06,3
MUNI-VAR,SK,Cases,0.297797497688747,2021-12-06,3
MUNI-VAR,SK,Deaths,0.457377019480081,2021-12-06,3
RobertWalraven-ESG,AT,Cases,0.272985871621525,2021-12-06,3
RobertWalraven-ESG,FI,Cases,0.14296446264175,2021-12-06,3
RobertWalraven-ESG,GR,Cases,0.181181603421828,2021-12-06,3
RobertWalraven-ESG,GR,Deaths,0.401113291619405,2021-12-06,3
RobertWalraven-ESG,HR,Cases,0.277013219853743,2021-12-06,3
RobertWalraven-ESG,HU,Cases,0.217635040420424,2021-12-06,3
RobertWalraven-ESG,IT,Deaths,0.334325939585356,2021-12-06,3
RobertWalraven-ESG,MT,Deaths,0.298344362665362,2021-12-06,3
RobertWalraven-ESG,SI,Deaths,0.297690334812142,2021-12-06,3
UMass-MechBayes,BG,Deaths,0.392242730427567,2021-12-06,3
UMass-MechBayes,CY,Deaths,0.342499169855241,2021-12-06,3
UMass-MechBayes,EE,Deaths,0.465520602096547,2021-12-06,3
UMass-MechBayes,GR,Deaths,0.324444957644724,2021-12-06,3
UMass-MechBayes,HR,Deaths,0.36717213379558,2021-12-06,3
UMass-MechBayes,HU,Deaths,0.291931931035262,2021-12-06,3
UMass-MechBayes,IT,Deaths,0.254282318718121,2021-12-06,3
UMass-MechBayes,LT,Deaths,0.418604767480119,2021-12-06,3
UMass-MechBayes,LV,Deaths,0.457220382249422,2021-12-06,3
UMass-MechBayes,MT,Deaths,0.323033076700125,2021-12-06,3
UMass-MechBayes,PT,Deaths,0.404438700239859,2021-12-06,3
UMass-MechBayes,SI,Deaths,0.323060440040099,2021-12-06,3
IEM_Health-CovidProject,AT,Deaths,0.245992334195506,2021-12-13,3
IEM_Health-CovidProject,CY,Cases,0.38729479862962,2021-12-13,3
IEM_Health-CovidProject,EE,Cases,0.392387445737366,2021-12-13,3
IEM_Health-CovidProject,FI,Cases,0.499774880293747,2021-12-13,3
IEM_Health-CovidProject,IT,Cases,0.447523049270021,2021-12-13,3
IEM_Health-CovidProject,LT,Cases,0.376834374045945,2021-12-13,3
IEM_Health-CovidProject,LV,Cases,0.448152333977113,2021-12-13,3
IEM_Health-CovidProject,NO,Cases,0.37109157827846,2021-12-13,3
IEM_Health-CovidProject,PT,Cases,0.275884186635883,2021-12-13,3
IEM_Health-CovidProject,PT,Deaths,0.340602648243822,2021-12-13,3
ILM-EKF,AT,Cases,0.273532646660622,2021-12-13,3
ILM-EKF,BE,Cases,0.317976687061899,2021-12-13,3
ILM-EKF,BG,Cases,0.344214968350113,2021-12-13,3
ILM-EKF,BG,Deaths,0.310650313800258,2021-12-13,3
ILM-EKF,CY,Cases,0.348489161131006,2021-12-13,3
ILM-EKF,EE,Cases,0.430201548258236,2021-12-13,3
ILM-EKF,EE,Deaths,0.212883411550262,2021-12-13,3
ILM-EKF,ES,Cases,0.28624696321696,2021-12-13,3
ILM-EKF,FI,Cases,0.336760541923589,2021-12-13,3
ILM-EKF,FI,Deaths,0.355235559337482,2021-12-13,3
ILM-EKF,GR,Cases,0.178752435607186,2021-12-13,3
ILM-EKF,HU,Cases,0.215891701675204,2021-12-13,3
ILM-EKF,IT,Cases,0.27085408611795,2021-12-13,3
ILM-EKF,LT,Cases,0.345280579627911,2021-12-13,3
ILM-EKF,LV,Cases,0.343031727307001,2021-12-13,3
ILM-EKF,LV,Deaths,0.297183945852374,2021-12-13,3
ILM-EKF,NO,Cases,0.311276849590943,2021-12-13,3
ILM-EKF,RO,Cases,0.504320417229287,2021-12-13,3
ILM-EKF,RO,Deaths,0.38417566545898,2021-12-13,3
ILM-EKF,SK,Cases,0.334267554155738,2021-12-13,3
MUNI-ARIMA,AT,Cases,0.372029129678901,2021-12-13,3
MUNI-ARIMA,AT,Deaths,0.266858801581114,2021-12-13,3
MUNI-ARIMA,BE,Cases,0.343583536836609,2021-12-13,3
MUNI-ARIMA,BE,Deaths,0.432176630999171,2021-12-13,3
MUNI-ARIMA,BG,Cases,0.276367249705495,2021-12-13,3
MUNI-ARIMA,CY,Deaths,0.296281419635371,2021-12-13,3
MUNI-ARIMA,ES,Cases,0.308388000397154,2021-12-13,3
MUNI-ARIMA,FI,Deaths,0.323162954347621,2021-12-13,3
MUNI-ARIMA,GR,Cases,0.358899410745477,2021-12-13,3
MUNI-ARIMA,GR,Deaths,0.340532423297806,2021-12-13,3
MUNI-ARIMA,HR,Cases,0.423413252206862,2021-12-13,3
MUNI-ARIMA,HR,Deaths,0.35154583691721,2021-12-13,3
MUNI-ARIMA,HU,Cases,0.480460094024085,2021-12-13,3
MUNI-ARIMA,HU,Deaths,0.441370505010543,2021-12-13,3
MUNI-ARIMA,IT,Cases,0.281622864612029,2021-12-13,3
MUNI-ARIMA,LT,Cases,0.277885046326145,2021-12-13,3
MUNI-ARIMA,LT,Deaths,0.377549099726602,2021-12-13,3
MUNI-ARIMA,MT,Cases,0.326721343750906,2021-12-13,3
MUNI-ARIMA,PT,Cases,0.402827142326014,2021-12-13,3
MUNI-ARIMA,PT,Deaths,0.272386450310351,2021-12-13,3
MUNI-ARIMA,RO,Cases,0.32502470724532,2021-12-13,3
MUNI-ARIMA,RO,Deaths,0.280351091905399,2021-12-13,3
MUNI-ARIMA,SI,Cases,0.402366086490611,2021-12-13,3
MUNI-ARIMA,SI,Deaths,0.267201707474117,2021-12-13,3
MUNI-ARIMA,SK,Cases,0.354405501757889,2021-12-13,3
MUNI-ARIMA,SK,Deaths,0.36480748807134,2021-12-13,3
MUNI-LaggedRegARIMA,BE,Deaths,0.298533735619068,2021-12-13,3
MUNI-LaggedRegARIMA,EE,Deaths,0.360834700403578,2021-12-13,3
MUNI-LaggedRegARIMA,GR,Deaths,0.315828027770999,2021-12-13,3
MUNI-LaggedRegARIMA,IT,Deaths,0.248542788506146,2021-12-13,3
MUNI-LaggedRegARIMA,LU,Deaths,0.249035510737075,2021-12-13,3
MUNI-LaggedRegARIMA,MT,Deaths,0.277804844370949,2021-12-13,3
MUNI-LaggedRegARIMA,RO,Deaths,0.335473242635622,2021-12-13,3
MUNI-LaggedRegARIMA,SK,Deaths,0.263500582108708,2021-12-13,3
MUNI-VAR,AT,Deaths,0.487148864223381,2021-12-13,3
MUNI-VAR,BG,Cases,0.379417781944392,2021-12-13,3
MUNI-VAR,BG,Deaths,0.317766270296726,2021-12-13,3
MUNI-VAR,CY,Cases,0.264216040239374,2021-12-13,3
MUNI-VAR,CY,Deaths,0.335375287095676,2021-12-13,3
MUNI-VAR,ES,Cases,0.405365036385887,2021-12-13,3
MUNI-VAR,GR,Cases,0.462348153647337,2021-12-13,3
MUNI-VAR,HR,Cases,0.319361510107171,2021-12-13,3
MUNI-VAR,HR,Deaths,0.267269427420799,2021-12-13,3
MUNI-VAR,IT,Deaths,0.368271091808686,2021-12-13,3
MUNI-VAR,LT,Deaths,0.269559045105943,2021-12-13,3
MUNI-VAR,LU,Deaths,0.426743530055704,2021-12-13,3
MUNI-VAR,LV,Deaths,0.226346947735831,2021-12-13,3
MUNI-VAR,MT,Cases,0.371642962803901,2021-12-13,3
MUNI-VAR,MT,Deaths,0.384868521902799,2021-12-13,3
MUNI-VAR,NO,Cases,0.317631572130597,2021-12-13,3
MUNI-VAR,PT,Cases,0.321288671038102,2021-12-13,3
MUNI-VAR,RO,Cases,0.170654875525393,2021-12-13,3
MUNI-VAR,SI,Cases,0.295287465591717,2021-12-13,3
MUNI-VAR,SI,Deaths,0.404985655327975,2021-12-13,3
MUNI-VAR,SK,Deaths,0.371691929819953,2021-12-13,3
RobertWalraven-ESG,AT,Cases,0.354438223660477,2021-12-13,3
RobertWalraven-ESG,BE,Cases,0.338439776101493,2021-12-13,3
RobertWalraven-ESG,BE,Deaths,0.269289633381762,2021-12-13,3
RobertWalraven-ESG,EE,Cases,0.177411006004397,2021-12-13,3
RobertWalraven-ESG,FI,Cases,0.163464577782663,2021-12-13,3
RobertWalraven-ESG,FI,Deaths,0.321601486314898,2021-12-13,3
RobertWalraven-ESG,HR,Cases,0.257225237685967,2021-12-13,3
RobertWalraven-ESG,HU,Cases,0.303648204300711,2021-12-13,3
RobertWalraven-ESG,HU,Deaths,0.305742734778282,2021-12-13,3
RobertWalraven-ESG,IT,Deaths,0.383186119685168,2021-12-13,3
RobertWalraven-ESG,LU,Deaths,0.324220959207222,2021-12-13,3
RobertWalraven-ESG,LV,Cases,0.208815938715886,2021-12-13,3
RobertWalraven-ESG,MT,Cases,0.301635693445193,2021-12-13,3
RobertWalraven-ESG,MT,Deaths,0.337326633726252,2021-12-13,3
RobertWalraven-ESG,SK,Cases,0.311326944086373,2021-12-13,3
ULZF-SEIRC19SI,SI,Cases,0.302346447917673,2021-12-13,3
UMass-MechBayes,BG,Deaths,0.371583415903016,2021-12-13,3
UMass-MechBayes,CY,Deaths,0.368343293268953,2021-12-13,3
UMass-MechBayes,EE,Deaths,0.42628188804616,2021-12-13,3
UMass-MechBayes,GR,Deaths,0.343639548931195,2021-12-13,3
UMass-MechBayes,HR,Deaths,0.381184735661992,2021-12-13,3
UMass-MechBayes,HU,Deaths,0.252886760211176,2021-12-13,3
UMass-MechBayes,LT,Deaths,0.352891855167455,2021-12-13,3
UMass-MechBayes,LV,Deaths,0.476469106411795,2021-12-13,3
UMass-MechBayes,PT,Deaths,0.387010901445827,2021-12-13,3
UMass-MechBayes,SI,Deaths,0.327812637197909,2021-12-13,3
IEM_Health-CovidProject,CY,Cases,0.368711448039623,2021-12-20,3
IEM_Health-CovidProject,EE,Cases,0.429845357062389,2021-12-20,3
IEM_Health-CovidProject,ES,Cases,0.494004117763038,2021-12-20,3
IEM_Health-CovidProject,FI,Cases,0.628125773779933,2021-12-20,3
IEM_Health-CovidProject,IT,Cases,0.479443011984464,2021-12-20,3
IEM_Health-CovidProject,IT,Deaths,0.301356892547566,2021-12-20,3
IEM_Health-CovidProject,LT,Cases,0.404896109359639,2021-12-20,3
IEM_Health-CovidProject,LV,Cases,0.453923467699767,2021-12-20,3
IEM_Health-CovidProject,NO,Cases,0.344337489462936,2021-12-20,3
IEM_Health-CovidProject,RO,Cases,0.335638912099651,2021-12-20,3
MUNI-ARIMA,AT,Cases,0.280134979192701,2021-12-20,3
MUNI-ARIMA,AT,Deaths,0.386681875227668,2021-12-20,3
MUNI-ARIMA,BE,Cases,0.443737843973711,2021-12-20,3
MUNI-ARIMA,BE,Deaths,0.460726380605493,2021-12-20,3
MUNI-ARIMA,BG,Cases,0.311399774724949,2021-12-20,3
MUNI-ARIMA,BG,Deaths,0.253872435959251,2021-12-20,3
MUNI-ARIMA,EE,Cases,0.274223722851587,2021-12-20,3
MUNI-ARIMA,ES,Cases,0.300126840088292,2021-12-20,3
MUNI-ARIMA,FI,Cases,0.186791951812046,2021-12-20,3
MUNI-ARIMA,FI,Deaths,0.375649548295259,2021-12-20,3
MUNI-ARIMA,GR,Cases,0.272550509960945,2021-12-20,3
MUNI-ARIMA,GR,Deaths,0.363948152414029,2021-12-20,3
MUNI-ARIMA,HR,Cases,0.315270322091773,2021-12-20,3
MUNI-ARIMA,HR,Deaths,0.376654201856113,2021-12-20,3
MUNI-ARIMA,HU,Cases,0.37095562633849,2021-12-20,3
MUNI-ARIMA,HU,Deaths,0.299457450771324,2021-12-20,3
MUNI-ARIMA,IT,Cases,0.274982050105948,2021-12-20,3
MUNI-ARIMA,LV,Cases,0.32922101745609,2021-12-20,3
MUNI-ARIMA,MT,Cases,0.370732900161502,2021-12-20,3
MUNI-ARIMA,MT,Deaths,0.303257813368642,2021-12-20,3
MUNI-ARIMA,NO,Cases,0.208320763907163,2021-12-20,3
MUNI-ARIMA,PT,Cases,0.420640670842482,2021-12-20,3
MUNI-ARIMA,PT,Deaths,0.322695453459894,2021-12-20,3
MUNI-ARIMA,RO,Cases,0.338395851357212,2021-12-20,3
MUNI-ARIMA,RO,Deaths,0.322145553534113,2021-12-20,3
MUNI-ARIMA,SI,Cases,0.337571814557182,2021-12-20,3
MUNI-ARIMA,SK,Cases,0.380430966765192,2021-12-20,3
MUNI-ARIMA,SK,Deaths,0.344370671009871,2021-12-20,3
MUNI-LaggedRegARIMA,BE,Deaths,0.256803879060826,2021-12-20,3
MUNI-LaggedRegARIMA,EE,Deaths,0.378792105141301,2021-12-20,3
MUNI-LaggedRegARIMA,GR,Deaths,0.34127247178568,2021-12-20,3
MUNI-LaggedRegARIMA,RO,Deaths,0.376396201622762,2021-12-20,3
MUNI-LaggedRegARIMA,SI,Deaths,0.222070902849637,2021-12-20,3
MUNI-VAR,BG,Cases,0.413635115011553,2021-12-20,3
MUNI-VAR,BG,Deaths,0.461320342459297,2021-12-20,3
MUNI-VAR,CY,Cases,0.35224789828678,2021-12-20,3
MUNI-VAR,GR,Cases,0.375825536549283,2021-12-20,3
MUNI-VAR,HR,Cases,0.379871866681585,2021-12-20,3
MUNI-VAR,IT,Deaths,0.35321937316095,2021-12-20,3
MUNI-VAR,LT,Deaths,0.316159044116298,2021-12-20,3
MUNI-VAR,LV,Deaths,0.312804370999433,2021-12-20,3
MUNI-VAR,MT,Cases,0.383000222370727,2021-12-20,3
MUNI-VAR,NO,Cases,0.447341746629901,2021-12-20,3
MUNI-VAR,PT,Deaths,0.322061272782375,2021-12-20,3
MUNI-VAR,SI,Cases,0.269760282699656,2021-12-20,3
MUNI-VAR,SI,Deaths,0.400793575639164,2021-12-20,3
MUNI-VAR,SK,Deaths,0.2984798478182,2021-12-20,3
RobertWalraven-ESG,AT,Cases,0.310971840879609,2021-12-20,3
RobertWalraven-ESG,BE,Cases,0.30925151109139,2021-12-20,3
RobertWalraven-ESG,BE,Deaths,0.282469740333681,2021-12-20,3
RobertWalraven-ESG,BG,Deaths,0.284807221581452,2021-12-20,3
RobertWalraven-ESG,CY,Cases,0.279040653673597,2021-12-20,3
RobertWalraven-ESG,CY,Deaths,0.282153419037357,2021-12-20,3
RobertWalraven-ESG,FI,Cases,0.185082274408021,2021-12-20,3
RobertWalraven-ESG,FI,Deaths,0.305626957566819,2021-12-20,3
RobertWalraven-ESG,GR,Deaths,0.294779375800291,2021-12-20,3
RobertWalraven-ESG,HU,Cases,0.304668093896431,2021-12-20,3
RobertWalraven-ESG,HU,Deaths,0.507667440061977,2021-12-20,3
RobertWalraven-ESG,IT,Deaths,0.345423734291485,2021-12-20,3
RobertWalraven-ESG,LT,Cases,0.269298992138885,2021-12-20,3
RobertWalraven-ESG,LU,Deaths,0.368966632094068,2021-12-20,3
RobertWalraven-ESG,LV,Cases,0.216855514844143,2021-12-20,3
RobertWalraven-ESG,MT,Deaths,0.377018602060451,2021-12-20,3
RobertWalraven-ESG,PT,Cases,0.329353028500099,2021-12-20,3
RobertWalraven-ESG,PT,Deaths,0.355243273757732,2021-12-20,3
RobertWalraven-ESG,SK,Cases,0.263426427071925,2021-12-20,3
RobertWalraven-ESG,SK,Deaths,0.357149481171929,2021-12-20,3
ULZF-SEIRC19SI,SI,Cases,0.392667902743162,2021-12-20,3
UMass-MechBayes,AT,Deaths,0.336713639179929,2021-12-20,3
UMass-MechBayes,CY,Deaths,0.41197356500498,2021-12-20,3
UMass-MechBayes,EE,Deaths,0.318283610892381,2021-12-20,3
UMass-MechBayes,FI,Deaths,0.318723494137922,2021-12-20,3
UMass-MechBayes,HR,Deaths,0.281910328770296,2021-12-20,3
UMass-MechBayes,LT,Deaths,0.368330672431662,2021-12-20,3
UMass-MechBayes,LU,Deaths,0.352486776350736,2021-12-20,3
UMass-MechBayes,LV,Deaths,0.376050770298765,2021-12-20,3
UMass-MechBayes,MT,Deaths,0.319723584570907,2021-12-20,3
UMass-MechBayes,SI,Deaths,0.377135521511199,2021-12-20,3
epiforecasts-EpiNow2,AT,Cases,0.408893179927689,2021-12-20,3
epiforecasts-EpiNow2,AT,Deaths,0.276604485592403,2021-12-20,3
epiforecasts-EpiNow2,BE,Cases,0.247010644934899,2021-12-20,3
epiforecasts-EpiNow2,BG,Cases,0.274965110263499,2021-12-20,3
epiforecasts-EpiNow2,CY,Deaths,0.305873015957664,2021-12-20,3
epiforecasts-EpiNow2,EE,Cases,0.295930920086025,2021-12-20,3
epiforecasts-EpiNow2,EE,Deaths,0.302924283966318,2021-12-20,3
epiforecasts-EpiNow2,ES,Cases,0.205869042148671,2021-12-20,3
epiforecasts-EpiNow2,GR,Cases,0.351623953489772,2021-12-20,3
epiforecasts-EpiNow2,HR,Cases,0.304857811226642,2021-12-20,3
epiforecasts-EpiNow2,HR,Deaths,0.341435469373591,2021-12-20,3
epiforecasts-EpiNow2,HU,Cases,0.32437627976508,2021-12-20,3
epiforecasts-EpiNow2,HU,Deaths,0.192875109166699,2021-12-20,3
epiforecasts-EpiNow2,IT,Cases,0.245574937909588,2021-12-20,3
epiforecasts-EpiNow2,LT,Cases,0.325804898501476,2021-12-20,3
epiforecasts-EpiNow2,LT,Deaths,0.315510283452041,2021-12-20,3
epiforecasts-EpiNow2,LU,Deaths,0.278546591555196,2021-12-20,3
epiforecasts-EpiNow2,LV,Deaths,0.311144858701802,2021-12-20,3
epiforecasts-EpiNow2,MT,Cases,0.24626687746777,2021-12-20,3
epiforecasts-EpiNow2,PT,Cases,0.250006300657419,2021-12-20,3
epiforecasts-EpiNow2,RO,Cases,0.325965236543137,2021-12-20,3
epiforecasts-EpiNow2,RO,Deaths,0.301458244843126,2021-12-20,3
epiforecasts-EpiNow2,SK,Cases,0.356142606162883,2021-12-20,3
IEM_Health-CovidProject,CY,Cases,0.356773487003549,2021-12-27,3
IEM_Health-CovidProject,EE,Cases,0.301185914778487,2021-12-27,3
IEM_Health-CovidProject,ES,Cases,0.303937079019993,2021-12-27,3
IEM_Health-CovidProject,FI,Cases,0.435110886575581,2021-12-27,3
IEM_Health-CovidProject,IT,Cases,0.32054345404196,2021-12-27,3
IEM_Health-CovidProject,IT,Deaths,0.33560486415086,2021-12-27,3
IEM_Health-CovidProject,LT,Cases,0.326786871366063,2021-12-27,3
IEM_Health-CovidProject,LV,Cases,0.403337146178915,2021-12-27,3
IEM_Health-CovidProject,MT,Cases,0.315928196375543,2021-12-27,3
IEM_Health-CovidProject,NO,Cases,0.22736089125579,2021-12-27,3
IEM_Health-CovidProject,PT,Cases,0.360129314940488,2021-12-27,3
IEM_Health-CovidProject,RO,Cases,0.388774758410115,2021-12-27,3
ILM-EKF,AT,Cases,0.202359583471359,2021-12-27,3
ILM-EKF,BG,Cases,0.29232591843359,2021-12-27,3
ILM-EKF,ES,Cases,0.334116518812909,2021-12-27,3
ILM-EKF,FI,Cases,0.340044502163039,2021-12-27,3
ILM-EKF,GR,Cases,0.291560139074916,2021-12-27,3
ILM-EKF,HR,Cases,0.312489060835441,2021-12-27,3
ILM-EKF,IT,Cases,0.339312625399902,2021-12-27,3
ILM-EKF,LV,Deaths,0.283707219333911,2021-12-27,3
ILM-EKF,MT,Cases,0.364358586293843,2021-12-27,3
ILM-EKF,PT,Cases,0.317891436960512,2021-12-27,3
ILM-EKF,RO,Cases,0.319128988640018,2021-12-27,3
ILM-EKF,RO,Deaths,0.289537605935779,2021-12-27,3
ILM-EKF,SK,Cases,0.138909552003652,2021-12-27,3
MUNI-ARIMA,AT,Deaths,0.254168358153671,2021-12-27,3
MUNI-ARIMA,BE,Cases,0.372397237829124,2021-12-27,3
MUNI-ARIMA,BE,Deaths,0.264252605663052,2021-12-27,3
MUNI-ARIMA,BG,Cases,0.390512712876474,2021-12-27,3
MUNI-ARIMA,BG,Deaths,0.215103317927197,2021-12-27,3
MUNI-ARIMA,EE,Cases,0.303665874065378,2021-12-27,3
MUNI-ARIMA,FI,Deaths,0.435704477401908,2021-12-27,3
MUNI-ARIMA,GR,Deaths,0.340989710219923,2021-12-27,3
MUNI-ARIMA,HR,Cases,0.32234196542023,2021-12-27,3
MUNI-ARIMA,HR,Deaths,0.284523010333814,2021-12-27,3
MUNI-ARIMA,HU,Cases,0.316064225887455,2021-12-27,3
MUNI-ARIMA,LT,Cases,0.327457573175562,2021-12-27,3
MUNI-ARIMA,LU,Deaths,0.29888086064106,2021-12-27,3
MUNI-ARIMA,LV,Cases,0.348496742417064,2021-12-27,3
MUNI-ARIMA,MT,Deaths,0.27672041114281,2021-12-27,3
MUNI-ARIMA,NO,Cases,0.314840643116596,2021-12-27,3
MUNI-ARIMA,RO,Deaths,0.344686045194011,2021-12-27,3
MUNI-ARIMA,SI,Cases,0.401411914729154,2021-12-27,3
MUNI-ARIMA,SK,Cases,0.238128188682707,2021-12-27,3
MUNI-LaggedRegARIMA,BE,Deaths,0.407797074355462,2021-12-27,3
MUNI-LaggedRegARIMA,EE,Deaths,0.34202874709917,2021-12-27,3
MUNI-LaggedRegARIMA,GR,Deaths,0.36006443869732,2021-12-27,3
MUNI-LaggedRegARIMA,HU,Deaths,0.394457335978353,2021-12-27,3
MUNI-LaggedRegARIMA,LT,Deaths,0.313375741851982,2021-12-27,3
MUNI-LaggedRegARIMA,PT,Deaths,0.309780980713239,2021-12-27,3
MUNI-LaggedRegARIMA,SI,Deaths,0.225357569479435,2021-12-27,3
MUNI-LaggedRegARIMA,SK,Deaths,0.342159410850743,2021-12-27,3
MUNI-VAR,AT,Cases,0.153122954944134,2021-12-27,3
MUNI-VAR,BE,Cases,0.268934339553718,2021-12-27,3
MUNI-VAR,BG,Cases,0.317161368689937,2021-12-27,3
MUNI-VAR,BG,Deaths,0.498185658811083,2021-12-27,3
MUNI-VAR,CY,Cases,0.335062584855714,2021-12-27,3
MUNI-VAR,CY,Deaths,0.257357543560137,2021-12-27,3
MUNI-VAR,FI,Cases,0.22484461126138,2021-12-27,3
MUNI-VAR,GR,Cases,0.347725562973634,2021-12-27,3
MUNI-VAR,HU,Cases,0.214104583459768,2021-12-27,3
MUNI-VAR,IT,Deaths,0.393349345426307,2021-12-27,3
MUNI-VAR,LT,Deaths,0.316125702474004,2021-12-27,3
MUNI-VAR,LV,Cases,0.248166111404022,2021-12-27,3
MUNI-VAR,NO,Cases,0.457798465627614,2021-12-27,3
MUNI-VAR,PT,Deaths,0.348446665718618,2021-12-27,3
MUNI-VAR,RO,Cases,0.292096252949867,2021-12-27,3
MUNI-VAR,SI,Cases,0.226371855735912,2021-12-27,3
MUNI-VAR,SI,Deaths,0.377251868685501,2021-12-27,3
MUNI-VAR,SK,Deaths,0.326433780240379,2021-12-27,3
RobertWalraven-ESG,BE,Deaths,0.327950319981485,2021-12-27,3
RobertWalraven-ESG,BG,Deaths,0.286711023261721,2021-12-27,3
RobertWalraven-ESG,CY,Cases,0.308163928140738,2021-12-27,3
RobertWalraven-ESG,CY,Deaths,0.327143982535832,2021-12-27,3
RobertWalraven-ESG,FI,Deaths,0.22707496461877,2021-12-27,3
RobertWalraven-ESG,HU,Deaths,0.287696628989062,2021-12-27,3
RobertWalraven-ESG,IT,Deaths,0.271045790422832,2021-12-27,3
RobertWalraven-ESG,LU,Deaths,0.364214090935104,2021-12-27,3
RobertWalraven-ESG,MT,Deaths,0.365949175705488,2021-12-27,3
RobertWalraven-ESG,PT,Deaths,0.341772353568144,2021-12-27,3
ULZF-SEIRC19SI,SI,Cases,0.372216229534934,2021-12-27,3
UMass-MechBayes,AT,Deaths,0.3800774788669,2021-12-27,3
UMass-MechBayes,CY,Deaths,0.415498473904031,2021-12-27,3
UMass-MechBayes,EE,Deaths,0.310941472496787,2021-12-27,3
UMass-MechBayes,FI,Deaths,0.337220557979322,2021-12-27,3
UMass-MechBayes,HR,Deaths,0.318048673633625,2021-12-27,3
UMass-MechBayes,LU,Deaths,0.336905048423835,2021-12-27,3
UMass-MechBayes,LV,Deaths,0.384176485134941,2021-12-27,3
UMass-MechBayes,MT,Deaths,0.357330413151701,2021-12-27,3
UMass-MechBayes,SI,Deaths,0.397390561835064,2021-12-27,3
UMass-MechBayes,SK,Deaths,0.331406808908878,2021-12-27,3
epiforecasts-EpiNow2,AT,Cases,0.644517461584507,2021-12-27,3
epiforecasts-EpiNow2,AT,Deaths,0.365754162979429,2021-12-27,3
epiforecasts-EpiNow2,BE,Cases,0.358668422617159,2021-12-27,3
epiforecasts-EpiNow2,EE,Cases,0.395148211156134,2021-12-27,3
epiforecasts-EpiNow2,EE,Deaths,0.347029780404042,2021-12-27,3
epiforecasts-EpiNow2,ES,Cases,0.361946402167098,2021-12-27,3
epiforecasts-EpiNow2,GR,Cases,0.36071429795145,2021-12-27,3
epiforecasts-EpiNow2,GR,Deaths,0.298945851082757,2021-12-27,3
epiforecasts-EpiNow2,HR,Cases,0.365168973744328,2021-12-27,3
epiforecasts-EpiNow2,HR,Deaths,0.397428316032561,2021-12-27,3
epiforecasts-EpiNow2,HU,Cases,0.469831190652777,2021-12-27,3
epiforecasts-EpiNow2,HU,Deaths,0.317846035032585,2021-12-27,3
epiforecasts-EpiNow2,IT,Cases,0.340143920558138,2021-12-27,3
epiforecasts-EpiNow2,LT,Cases,0.345755555458375,2021-12-27,3
epiforecasts-EpiNow2,LT,Deaths,0.370498555674014,2021-12-27,3
epiforecasts-EpiNow2,LV,Deaths,0.332116295531148,2021-12-27,3
epiforecasts-EpiNow2,MT,Cases,0.319713217330613,2021-12-27,3
epiforecasts-EpiNow2,PT,Cases,0.321979248099001,2021-12-27,3
epiforecasts-EpiNow2,RO,Deaths,0.365776348870209,2021-12-27,3
epiforecasts-EpiNow2,SK,Cases,0.622962259313641,2021-12-27,3
IEM_Health-CovidProject,BE,Deaths,0.340916776679432,2022-01-03,3
IEM_Health-CovidProject,BG,Cases,0.32902465710385,2022-01-03,3
IEM_Health-CovidProject,CY,Cases,0.281639160774705,2022-01-03,3
IEM_Health-CovidProject,CY,Deaths,0.280121913689769,2022-01-03,3
IEM_Health-CovidProject,EE,Cases,0.302169791575548,2022-01-03,3
IEM_Health-CovidProject,ES,Cases,0.510820113738978,2022-01-03,3
IEM_Health-CovidProject,FI,Cases,0.400728335827634,2022-01-03,3
IEM_Health-CovidProject,GR,Cases,0.319056737242507,2022-01-03,3
IEM_Health-CovidProject,IT,Cases,0.294162427501816,2022-01-03,3
IEM_Health-CovidProject,IT,Deaths,0.30753262696087,2022-01-03,3
IEM_Health-CovidProject,LT,Cases,0.433616047842592,2022-01-03,3
IEM_Health-CovidProject,LV,Cases,0.500712229258868,2022-01-03,3
IEM_Health-CovidProject,MT,Cases,0.431510487896559,2022-01-03,3
IEM_Health-CovidProject,MT,Deaths,0.358936440069117,2022-01-03,3
IEM_Health-CovidProject,NO,Cases,0.321780765228967,2022-01-03,3
IEM_Health-CovidProject,PT,Cases,0.339951109993589,2022-01-03,3
IEM_Health-CovidProject,RO,Cases,0.421655176704077,2022-01-03,3
IEM_Health-CovidProject,RO,Deaths,0.41295628790713,2022-01-03,3
IEM_Health-CovidProject,SI,Cases,0.339550906067125,2022-01-03,3
ILM-EKF,AT,Cases,0.212008634374856,2022-01-03,3
ILM-EKF,BE,Cases,0.243029709795209,2022-01-03,3
ILM-EKF,BG,Cases,0.294036256778769,2022-01-03,3
ILM-EKF,EE,Cases,0.200846643761259,2022-01-03,3
ILM-EKF,ES,Cases,0.207463520478865,2022-01-03,3
ILM-EKF,FI,Cases,0.270400245242921,2022-01-03,3
ILM-EKF,HR,Cases,0.275532387391182,2022-01-03,3
ILM-EKF,HR,Deaths,0.180620705384062,2022-01-03,3
ILM-EKF,HU,Cases,0.170688146280462,2022-01-03,3
ILM-EKF,HU,Deaths,0.259417897090986,2022-01-03,3
ILM-EKF,IT,Cases,0.24646647404367,2022-01-03,3
ILM-EKF,LT,Cases,0.253257242937927,2022-01-03,3
ILM-EKF,LT,Deaths,0.210934696843618,2022-01-03,3
ILM-EKF,LV,Cases,0.223410707468089,2022-01-03,3
ILM-EKF,LV,Deaths,0.29801383574479,2022-01-03,3
ILM-EKF,MT,Cases,0.279499184196485,2022-01-03,3
ILM-EKF,NO,Cases,0.297359339891464,2022-01-03,3
ILM-EKF,PT,Cases,0.251617956148094,2022-01-03,3
ILM-EKF,RO,Cases,0.257213826017332,2022-01-03,3
ILM-EKF,RO,Deaths,0.247203088891121,2022-01-03,3
ILM-EKF,SI,Cases,0.240256855359776,2022-01-03,3
ILM-EKF,SI,Deaths,0.190925766885858,2022-01-03,3
ILM-EKF,SK,Cases,0.190188320458154,2022-01-03,3
ILM-EKF,SK,Deaths,0.249789897973861,2022-01-03,3
MUNI-ARIMA,AT,Deaths,0.216261331242001,2022-01-03,3
MUNI-ARIMA,BE,Deaths,0.290607363972783,2022-01-03,3
MUNI-ARIMA,BG,Deaths,0.353470434645375,2022-01-03,3
MUNI-ARIMA,EE,Deaths,0.394796988146567,2022-01-03,3
MUNI-ARIMA,FI,Deaths,0.337576316795253,2022-01-03,3
MUNI-ARIMA,GR,Deaths,0.42936130910453,2022-01-03,3
MUNI-ARIMA,HR,Deaths,0.340803687753353,2022-01-03,3
MUNI-ARIMA,IT,Deaths,0.285355596028926,2022-01-03,3
MUNI-ARIMA,LU,Deaths,0.260025229345826,2022-01-03,3
MUNI-ARIMA,PT,Deaths,0.348794508532708,2022-01-03,3
MUNI-ARIMA,SK,Deaths,0.227398665962727,2022-01-03,3
RobertWalraven-ESG,AT,Cases,0.21423160362854,2022-01-03,3
RobertWalraven-ESG,BE,Cases,0.27107442350357,2022-01-03,3
RobertWalraven-ESG,BE,Deaths,0.368475859347785,2022-01-03,3
RobertWalraven-ESG,BG,Deaths,0.322781133078938,2022-01-03,3
RobertWalraven-ESG,CY,Cases,0.264670099194605,2022-01-03,3
RobertWalraven-ESG,CY,Deaths,0.373405216679625,2022-01-03,3
RobertWalraven-ESG,FI,Deaths,0.317177964067057,2022-01-03,3
RobertWalraven-ESG,GR,Cases,0.300773344507259,2022-01-03,3
RobertWalraven-ESG,GR,Deaths,0.184224706713824,2022-01-03,3
RobertWalraven-ESG,HR,Cases,0.362546620854065,2022-01-03,3
RobertWalraven-ESG,HU,Cases,0.21715042141759,2022-01-03,3
RobertWalraven-ESG,HU,Deaths,0.351194447923359,2022-01-03,3
RobertWalraven-ESG,IT,Deaths,0.407111777010204,2022-01-03,3
RobertWalraven-ESG,LT,Cases,0.313126709219482,2022-01-03,3
RobertWalraven-ESG,LU,Deaths,0.396872628184693,2022-01-03,3
RobertWalraven-ESG,MT,Deaths,0.33492514880129,2022-01-03,3
RobertWalraven-ESG,PT,Deaths,0.395250385137167,2022-01-03,3
RobertWalraven-ESG,SK,Cases,0.190647463344309,2022-01-03,3
ULZF-SEIRC19SI,SI,Cases,0.420192238573099,2022-01-03,3
ULZF-SEIRC19SI,SI,Deaths,0.281871953800164,2022-01-03,3
UMass-MechBayes,AT,Deaths,0.401219058290558,2022-01-03,3
UMass-MechBayes,CY,Deaths,0.346472869630607,2022-01-03,3
UMass-MechBayes,EE,Deaths,0.26985413896909,2022-01-03,3
UMass-MechBayes,FI,Deaths,0.34524571913769,2022-01-03,3
UMass-MechBayes,GR,Deaths,0.386413984181646,2022-01-03,3
UMass-MechBayes,HR,Deaths,0.478575606862585,2022-01-03,3
UMass-MechBayes,LT,Deaths,0.317354890860836,2022-01-03,3
UMass-MechBayes,LU,Deaths,0.343102142469481,2022-01-03,3
UMass-MechBayes,LV,Deaths,0.377703479394849,2022-01-03,3
UMass-MechBayes,MT,Deaths,0.306138411129594,2022-01-03,3
UMass-MechBayes,PT,Deaths,0.255955106330125,2022-01-03,3
UMass-MechBayes,SI,Deaths,0.527202279313978,2022-01-03,3
UMass-MechBayes,SK,Deaths,0.522811436063413,2022-01-03,3
epiforecasts-EpiNow2,AT,Cases,0.573759761996603,2022-01-03,3
epiforecasts-EpiNow2,AT,Deaths,0.382519610467441,2022-01-03,3
epiforecasts-EpiNow2,BE,Cases,0.48589586670122,2022-01-03,3
epiforecasts-EpiNow2,BG,Cases,0.376939086117381,2022-01-03,3
epiforecasts-EpiNow2,BG,Deaths,0.323748432275688,2022-01-03,3
epiforecasts-EpiNow2,CY,Cases,0.45369074003069,2022-01-03,3
epiforecasts-EpiNow2,EE,Cases,0.496983564663194,2022-01-03,3
epiforecasts-EpiNow2,EE,Deaths,0.335348872884343,2022-01-03,3
epiforecasts-EpiNow2,ES,Cases,0.281716365782157,2022-01-03,3
epiforecasts-EpiNow2,FI,Cases,0.328871418929444,2022-01-03,3
epiforecasts-EpiNow2,GR,Cases,0.380169918250234,2022-01-03,3
epiforecasts-EpiNow2,HR,Cases,0.361920991754753,2022-01-03,3
epiforecasts-EpiNow2,HU,Cases,0.612161432301948,2022-01-03,3
epiforecasts-EpiNow2,HU,Deaths,0.389387654985655,2022-01-03,3
epiforecasts-EpiNow2,IT,Cases,0.459371098454514,2022-01-03,3
epiforecasts-EpiNow2,LT,Deaths,0.471710412295546,2022-01-03,3
epiforecasts-EpiNow2,LV,Cases,0.275877063273043,2022-01-03,3
epiforecasts-EpiNow2,LV,Deaths,0.324282684860361,2022-01-03,3
epiforecasts-EpiNow2,MT,Cases,0.288990327906955,2022-01-03,3
epiforecasts-EpiNow2,NO,Cases,0.380859894879569,2022-01-03,3
epiforecasts-EpiNow2,PT,Cases,0.408430933858318,2022-01-03,3
epiforecasts-EpiNow2,RO,Cases,0.321130997278591,2022-01-03,3
epiforecasts-EpiNow2,RO,Deaths,0.339840623201749,2022-01-03,3
epiforecasts-EpiNow2,SK,Cases,0.619164216197537,2022-01-03,3
IEM_Health-CovidProject,BG,Cases,0.364205186888712,2022-01-10,3
IEM_Health-CovidProject,CY,Cases,0.281666200882563,2022-01-10,3
IEM_Health-CovidProject,CY,Deaths,0.315090672736625,2022-01-10,3
IEM_Health-CovidProject,EE,Cases,0.31831617489383,2022-01-10,3
IEM_Health-CovidProject,EE,Deaths,0.318548041654156,2022-01-10,3
IEM_Health-CovidProject,ES,Cases,0.587467380185793,2022-01-10,3
IEM_Health-CovidProject,FI,Cases,0.385353174657304,2022-01-10,3
IEM_Health-CovidProject,GR,Cases,0.285731699768755,2022-01-10,3
IEM_Health-CovidProject,HR,Cases,0.373793035792865,2022-01-10,3
IEM_Health-CovidProject,HR,Deaths,0.24564421457953,2022-01-10,3
IEM_Health-CovidProject,IT,Cases,0.388014811436276,2022-01-10,3
IEM_Health-CovidProject,IT,Deaths,0.293498335113707,2022-01-10,3
IEM_Health-CovidProject,LT,Cases,0.412760274048529,2022-01-10,3
IEM_Health-CovidProject,LV,Cases,0.509598316311212,2022-01-10,3
IEM_Health-CovidProject,LV,Deaths,0.313152358032892,2022-01-10,3
IEM_Health-CovidProject,MT,Cases,0.348068977570846,2022-01-10,3
IEM_Health-CovidProject,NO,Cases,0.297469551767633,2022-01-10,3
IEM_Health-CovidProject,PT,Cases,0.389768258927482,2022-01-10,3
IEM_Health-CovidProject,PT,Deaths,0.233164318845645,2022-01-10,3
IEM_Health-CovidProject,RO,Cases,0.380093769466746,2022-01-10,3
IEM_Health-CovidProject,RO,Deaths,0.367720033507918,2022-01-10,3
ILM-EKF,AT,Cases,0.188687578042723,2022-01-10,3
ILM-EKF,AT,Deaths,0.169516384885243,2022-01-10,3
ILM-EKF,BE,Cases,0.211973023264111,2022-01-10,3
ILM-EKF,BG,Cases,0.216915619353022,2022-01-10,3
ILM-EKF,BG,Deaths,0.256959012681854,2022-01-10,3
ILM-EKF,CY,Cases,0.225038712807999,2022-01-10,3
ILM-EKF,EE,Cases,0.195435094860261,2022-01-10,3
ILM-EKF,ES,Cases,0.170401326415872,2022-01-10,3
ILM-EKF,FI,Cases,0.261946698799742,2022-01-10,3
ILM-EKF,FI,Deaths,0.275712954320334,2022-01-10,3
ILM-EKF,GR,Cases,0.212262818251168,2022-01-10,3
ILM-EKF,HR,Cases,0.24112725546922,2022-01-10,3
ILM-EKF,HU,Cases,0.236490944232409,2022-01-10,3
ILM-EKF,HU,Deaths,0.282346846558973,2022-01-10,3
ILM-EKF,IT,Cases,0.216537299170472,2022-01-10,3
ILM-EKF,LT,Cases,0.216422625753656,2022-01-10,3
ILM-EKF,LT,Deaths,0.252201537261781,2022-01-10,3
ILM-EKF,LV,Cases,0.193391936880993,2022-01-10,3
ILM-EKF,MT,Cases,0.326019797127257,2022-01-10,3
ILM-EKF,PT,Cases,0.236989738295168,2022-01-10,3
ILM-EKF,RO,Cases,0.191038075190833,2022-01-10,3
ILM-EKF,RO,Deaths,0.29612188627287,2022-01-10,3
ILM-EKF,SI,Deaths,0.206458345745774,2022-01-10,3
ILM-EKF,SK,Cases,0.250032265756912,2022-01-10,3
ILM-EKF,SK,Deaths,0.213929407352399,2022-01-10,3
MUNI-ARIMA,AT,Deaths,0.192212082527791,2022-01-10,3
MUNI-ARIMA,BE,Deaths,0.22350254580142,2022-01-10,3
MUNI-ARIMA,BG,Deaths,0.355046910019035,2022-01-10,3
MUNI-ARIMA,EE,Deaths,0.354742491585977,2022-01-10,3
MUNI-ARIMA,GR,Deaths,0.330148107807843,2022-01-10,3
MUNI-ARIMA,HR,Deaths,0.320836101474893,2022-01-10,3
MUNI-ARIMA,IT,Deaths,0.285775587321275,2022-01-10,3
MUNI-ARIMA,LT,Deaths,0.298816686396356,2022-01-10,3
MUNI-ARIMA,LU,Deaths,0.26168697390061,2022-01-10,3
MUNI-ARIMA,LV,Deaths,0.350502385133489,2022-01-10,3
MUNI-ARIMA,PT,Deaths,0.353546708530789,2022-01-10,3
MUNI-ARIMA,SK,Deaths,0.176573437078232,2022-01-10,3
RobertWalraven-ESG,AT,Cases,0.30779259883633,2022-01-10,3
RobertWalraven-ESG,BE,Cases,0.281116858835383,2022-01-10,3
RobertWalraven-ESG,BE,Deaths,0.268551013602725,2022-01-10,3
RobertWalraven-ESG,CY,Deaths,0.290633833729467,2022-01-10,3
RobertWalraven-ESG,GR,Deaths,0.201230830071529,2022-01-10,3
RobertWalraven-ESG,HU,Cases,0.312365501810523,2022-01-10,3
RobertWalraven-ESG,HU,Deaths,0.330961489403728,2022-01-10,3
RobertWalraven-ESG,IT,Deaths,0.420726077565019,2022-01-10,3
RobertWalraven-ESG,LT,Cases,0.370817100197815,2022-01-10,3
RobertWalraven-ESG,LU,Deaths,0.386342609940862,2022-01-10,3
RobertWalraven-ESG,LV,Cases,0.297009746807795,2022-01-10,3
RobertWalraven-ESG,MT,Cases,0.325911225301897,2022-01-10,3
RobertWalraven-ESG,MT,Deaths,0.250319795434857,2022-01-10,3
RobertWalraven-ESG,NO,Cases,0.360135930356888,2022-01-10,3
RobertWalraven-ESG,PT,Deaths,0.413288972623566,2022-01-10,3
RobertWalraven-ESG,SI,Cases,0.302942557343078,2022-01-10,3
RobertWalraven-ESG,SK,Cases,0.241769962721691,2022-01-10,3
ULZF-SEIRC19SI,SI,Cases,0.356468724126219,2022-01-10,3
ULZF-SEIRC19SI,SI,Deaths,0.320888607792101,2022-01-10,3
UMass-MechBayes,AT,Deaths,0.638271532586966,2022-01-10,3
UMass-MechBayes,BE,Deaths,0.507946440595855,2022-01-10,3
UMass-MechBayes,CY,Deaths,0.394275493533909,2022-01-10,3
UMass-MechBayes,EE,Deaths,0.326709466759868,2022-01-10,3
UMass-MechBayes,FI,Deaths,0.324149573892967,2022-01-10,3
UMass-MechBayes,GR,Deaths,0.468621062120628,2022-01-10,3
UMass-MechBayes,HR,Deaths,0.433519683945577,2022-01-10,3
UMass-MechBayes,HU,Deaths,0.386691664037299,2022-01-10,3
UMass-MechBayes,LT,Deaths,0.448981776341863,2022-01-10,3
UMass-MechBayes,LU,Deaths,0.351970416158527,2022-01-10,3
UMass-MechBayes,MT,Deaths,0.519592326508762,2022-01-10,3
UMass-MechBayes,RO,Deaths,0.336158080219212,2022-01-10,3
UMass-MechBayes,SI,Deaths,0.472653046462126,2022-01-10,3
UMass-MechBayes,SK,Deaths,0.609497155569368,2022-01-10,3
epiforecasts-EpiNow2,AT,Cases,0.503519823120946,2022-01-10,3
epiforecasts-EpiNow2,BE,Cases,0.506910117900506,2022-01-10,3
epiforecasts-EpiNow2,BG,Cases,0.418879193758265,2022-01-10,3
epiforecasts-EpiNow2,BG,Deaths,0.387994077299112,2022-01-10,3
epiforecasts-EpiNow2,CY,Cases,0.493295086309438,2022-01-10,3
epiforecasts-EpiNow2,EE,Cases,0.486248730245908,2022-01-10,3
epiforecasts-EpiNow2,ES,Cases,0.242131293398336,2022-01-10,3
epiforecasts-EpiNow2,FI,Cases,0.352700126542954,2022-01-10,3
epiforecasts-EpiNow2,FI,Deaths,0.4001374717867,2022-01-10,3
epiforecasts-EpiNow2,GR,Cases,0.502005481980077,2022-01-10,3
epiforecasts-EpiNow2,HR,Cases,0.385079708737914,2022-01-10,3
epiforecasts-EpiNow2,HU,Cases,0.451143553957068,2022-01-10,3
epiforecasts-EpiNow2,IT,Cases,0.395447889393252,2022-01-10,3
epiforecasts-EpiNow2,LV,Deaths,0.336345256833619,2022-01-10,3
epiforecasts-EpiNow2,MT,Deaths,0.230087878056381,2022-01-10,3
epiforecasts-EpiNow2,NO,Cases,0.342394517875479,2022-01-10,3
epiforecasts-EpiNow2,PT,Cases,0.37324200277735,2022-01-10,3
epiforecasts-EpiNow2,RO,Cases,0.42886815534242,2022-01-10,3
epiforecasts-EpiNow2,SI,Cases,0.340588718530703,2022-01-10,3
epiforecasts-EpiNow2,SK,Cases,0.508197771521397,2022-01-10,3
IEM_Health-CovidProject,AT,Cases,0.237829849284599,2022-01-17,3
IEM_Health-CovidProject,BE,Cases,0.34976405735355,2022-01-17,3
IEM_Health-CovidProject,BG,Cases,0.351943491091305,2022-01-17,3
IEM_Health-CovidProject,BG,Deaths,0.406644274527322,2022-01-17,3
IEM_Health-CovidProject,CY,Cases,0.256623540930443,2022-01-17,3
IEM_Health-CovidProject,CY,Deaths,0.425885424869098,2022-01-17,3
IEM_Health-CovidProject,EE,Cases,0.290597149687404,2022-01-17,3
IEM_Health-CovidProject,EE,Deaths,0.330439562279403,2022-01-17,3
IEM_Health-CovidProject,ES,Cases,0.458414046835534,2022-01-17,3
IEM_Health-CovidProject,FI,Cases,0.385980579171963,2022-01-17,3
IEM_Health-CovidProject,FI,Deaths,0.303061605023702,2022-01-17,3
IEM_Health-CovidProject,GR,Cases,0.22941234951578,2022-01-17,3
IEM_Health-CovidProject,GR,Deaths,0.31662800391165,2022-01-17,3
IEM_Health-CovidProject,HR,Cases,0.302843421804324,2022-01-17,3
IEM_Health-CovidProject,HR,Deaths,0.338536749029408,2022-01-17,3
IEM_Health-CovidProject,HU,Cases,0.365605686888759,2022-01-17,3
IEM_Health-CovidProject,HU,Deaths,0.35903863511918,2022-01-17,3
IEM_Health-CovidProject,IT,Cases,0.410842413794752,2022-01-17,3
IEM_Health-CovidProject,IT,Deaths,0.397700554227645,2022-01-17,3
IEM_Health-CovidProject,LT,Cases,0.364112196115749,2022-01-17,3
IEM_Health-CovidProject,LU,Deaths,0.281188138103653,2022-01-17,3
IEM_Health-CovidProject,LV,Cases,0.418076702094582,2022-01-17,3
IEM_Health-CovidProject,LV,Deaths,0.340578892962783,2022-01-17,3
IEM_Health-CovidProject,MT,Cases,0.235167101650111,2022-01-17,3
IEM_Health-CovidProject,NO,Cases,0.327084957399853,2022-01-17,3
IEM_Health-CovidProject,PT,Cases,0.395857273554672,2022-01-17,3
IEM_Health-CovidProject,PT,Deaths,0.324069532967115,2022-01-17,3
IEM_Health-CovidProject,RO,Cases,0.421560616985084,2022-01-17,3
IEM_Health-CovidProject,RO,Deaths,0.364891840486564,2022-01-17,3
IEM_Health-CovidProject,SI,Deaths,0.309164489286981,2022-01-17,3
IEM_Health-CovidProject,SK,Cases,0.390827911860477,2022-01-17,3
ILM-EKF,AT,Cases,0.16333376617212,2022-01-17,3
ILM-EKF,BE,Cases,0.250171078208647,2022-01-17,3
ILM-EKF,BG,Cases,0.243171433149997,2022-01-17,3
ILM-EKF,BG,Deaths,0.212960831150172,2022-01-17,3
ILM-EKF,EE,Cases,0.205837929128168,2022-01-17,3
ILM-EKF,FI,Cases,0.254886221334644,2022-01-17,3
ILM-EKF,HR,Cases,0.245211762462548,2022-01-17,3
ILM-EKF,HU,Cases,0.218351167220754,2022-01-17,3
ILM-EKF,HU,Deaths,0.304843233630323,2022-01-17,3
ILM-EKF,LT,Cases,0.232650845102817,2022-01-17,3
ILM-EKF,LV,Cases,0.239867237201028,2022-01-17,3
ILM-EKF,RO,Cases,0.209583442721717,2022-01-17,3
ILM-EKF,RO,Deaths,0.287537956634781,2022-01-17,3
ILM-EKF,SK,Cases,0.32567953387667,2022-01-17,3
ILM-EKF,SK,Deaths,0.221742363647381,2022-01-17,3
MUNI-ARIMA,AT,Deaths,0.249797389123525,2022-01-17,3
MUNI-ARIMA,BE,Deaths,0.172883098799114,2022-01-17,3
MUNI-ARIMA,BG,Deaths,0.380394894322506,2022-01-17,3
MUNI-ARIMA,EE,Deaths,0.320839965576791,2022-01-17,3
MUNI-ARIMA,FI,Deaths,0.355281599731331,2022-01-17,3
MUNI-ARIMA,GR,Deaths,0.267320388943744,2022-01-17,3
MUNI-ARIMA,IT,Deaths,0.283818713085413,2022-01-17,3
MUNI-ARIMA,LT,Deaths,0.337924252622809,2022-01-17,3
MUNI-ARIMA,LV,Deaths,0.331508831394857,2022-01-17,3
MUNI-ARIMA,SK,Deaths,0.210913964387414,2022-01-17,3
RobertWalraven-ESG,AT,Deaths,0.184503109671692,2022-01-17,3
RobertWalraven-ESG,BE,Deaths,0.196381979680918,2022-01-17,3
RobertWalraven-ESG,CY,Cases,0.27765614079707,2022-01-17,3
RobertWalraven-ESG,CY,Deaths,0.273327266572986,2022-01-17,3
RobertWalraven-ESG,ES,Cases,0.206454380948885,2022-01-17,3
RobertWalraven-ESG,GR,Cases,0.254389815829972,2022-01-17,3
RobertWalraven-ESG,HR,Deaths,0.338852197281594,2022-01-17,3
RobertWalraven-ESG,HU,Deaths,0.336118131250497,2022-01-17,3
RobertWalraven-ESG,IT,Cases,0.303787465590707,2022-01-17,3
RobertWalraven-ESG,IT,Deaths,0.318480732686942,2022-01-17,3
RobertWalraven-ESG,LT,Deaths,0.219456572792633,2022-01-17,3
RobertWalraven-ESG,LU,Deaths,0.339816315614087,2022-01-17,3
RobertWalraven-ESG,MT,Cases,0.368820399362113,2022-01-17,3
RobertWalraven-ESG,MT,Deaths,0.213047157765324,2022-01-17,3
RobertWalraven-ESG,NO,Cases,0.302200677363424,2022-01-17,3
RobertWalraven-ESG,PT,Cases,0.265367169488621,2022-01-17,3
RobertWalraven-ESG,PT,Deaths,0.406986411959699,2022-01-17,3
RobertWalraven-ESG,SI,Cases,0.294429160382522,2022-01-17,3
RobertWalraven-ESG,SK,Cases,0.283492554262853,2022-01-17,3
ULZF-SEIRC19SI,SI,Cases,0.353305648996508,2022-01-17,3
ULZF-SEIRC19SI,SI,Deaths,0.366872829934468,2022-01-17,3
UMass-MechBayes,AT,Deaths,0.565699501204784,2022-01-17,3
UMass-MechBayes,BE,Deaths,0.630734921519969,2022-01-17,3
UMass-MechBayes,CY,Deaths,0.300787308557916,2022-01-17,3
UMass-MechBayes,EE,Deaths,0.348720472143806,2022-01-17,3
UMass-MechBayes,FI,Deaths,0.341656795244967,2022-01-17,3
UMass-MechBayes,GR,Deaths,0.416051607144605,2022-01-17,3
UMass-MechBayes,HR,Deaths,0.322611053688999,2022-01-17,3
UMass-MechBayes,LT,Deaths,0.442619174584558,2022-01-17,3
UMass-MechBayes,LU,Deaths,0.37899554628226,2022-01-17,3
UMass-MechBayes,MT,Deaths,0.555389779117817,2022-01-17,3
UMass-MechBayes,PT,Deaths,0.268944055073186,2022-01-17,3
UMass-MechBayes,RO,Deaths,0.347570202878655,2022-01-17,3
UMass-MechBayes,SI,Deaths,0.323962680778552,2022-01-17,3
UMass-MechBayes,SK,Deaths,0.567343671965206,2022-01-17,3
epiforecasts-EpiNow2,AT,Cases,0.598836384543282,2022-01-17,3
epiforecasts-EpiNow2,BE,Cases,0.400064864437803,2022-01-17,3
epiforecasts-EpiNow2,BG,Cases,0.404885075758698,2022-01-17,3
epiforecasts-EpiNow2,CY,Cases,0.465720318272487,2022-01-17,3
epiforecasts-EpiNow2,EE,Cases,0.503564921184428,2022-01-17,3
epiforecasts-EpiNow2,ES,Cases,0.335131572215581,2022-01-17,3
epiforecasts-EpiNow2,FI,Cases,0.359133199493393,2022-01-17,3
epiforecasts-EpiNow2,GR,Cases,0.516197834654248,2022-01-17,3
epiforecasts-EpiNow2,HR,Cases,0.451944815733128,2022-01-17,3
epiforecasts-EpiNow2,HU,Cases,0.416043145890487,2022-01-17,3
epiforecasts-EpiNow2,IT,Cases,0.285370120614541,2022-01-17,3
epiforecasts-EpiNow2,LT,Cases,0.403236958781434,2022-01-17,3
epiforecasts-EpiNow2,LV,Cases,0.34205606070439,2022-01-17,3
epiforecasts-EpiNow2,LV,Deaths,0.32791227564236,2022-01-17,3
epiforecasts-EpiNow2,MT,Cases,0.396012498987776,2022-01-17,3
epiforecasts-EpiNow2,MT,Deaths,0.231563063116859,2022-01-17,3
epiforecasts-EpiNow2,NO,Cases,0.370714365236723,2022-01-17,3
epiforecasts-EpiNow2,PT,Cases,0.338775556956707,2022-01-17,3
epiforecasts-EpiNow2,RO,Cases,0.3688559402932,2022-01-17,3
epiforecasts-EpiNow2,SI,Cases,0.35226519062097,2022-01-17,3
IEM_Health-CovidProject,AT,Cases,0.207430182383196,2022-01-24,3
IEM_Health-CovidProject,AT,Deaths,0.431198203609105,2022-01-24,3
IEM_Health-CovidProject,BE,Cases,0.373565320984885,2022-01-24,3
IEM_Health-CovidProject,BG,Cases,0.351378034951928,2022-01-24,3
IEM_Health-CovidProject,BG,Deaths,0.390977130037914,2022-01-24,3
IEM_Health-CovidProject,CY,Cases,0.205604744554853,2022-01-24,3
IEM_Health-CovidProject,CY,Deaths,0.413646948158582,2022-01-24,3
IEM_Health-CovidProject,EE,Cases,0.234652400558329,2022-01-24,3
IEM_Health-CovidProject,EE,Deaths,0.299444865666636,2022-01-24,3
IEM_Health-CovidProject,ES,Cases,0.295782704737143,2022-01-24,3
IEM_Health-CovidProject,FI,Cases,0.328602371108975,2022-01-24,3
IEM_Health-CovidProject,GR,Cases,0.154745898991348,2022-01-24,3
IEM_Health-CovidProject,GR,Deaths,0.384531380009709,2022-01-24,3
IEM_Health-CovidProject,HR,Cases,0.272612752283437,2022-01-24,3
IEM_Health-CovidProject,HR,Deaths,0.238924685301941,2022-01-24,3
IEM_Health-CovidProject,HU,Cases,0.349873298771513,2022-01-24,3
IEM_Health-CovidProject,HU,Deaths,0.369716880883806,2022-01-24,3
IEM_Health-CovidProject,IT,Cases,0.279320609505616,2022-01-24,3
IEM_Health-CovidProject,IT,Deaths,0.406261077437853,2022-01-24,3
IEM_Health-CovidProject,LT,Cases,0.29283490459363,2022-01-24,3
IEM_Health-CovidProject,LU,Deaths,0.295028104110357,2022-01-24,3
IEM_Health-CovidProject,LV,Cases,0.277360401777797,2022-01-24,3
IEM_Health-CovidProject,LV,Deaths,0.343627891017023,2022-01-24,3
IEM_Health-CovidProject,MT,Cases,0.183270049627718,2022-01-24,3
IEM_Health-CovidProject,NO,Cases,0.376466472820788,2022-01-24,3
IEM_Health-CovidProject,PT,Cases,0.442597728630743,2022-01-24,3
IEM_Health-CovidProject,PT,Deaths,0.359908580862574,2022-01-24,3
IEM_Health-CovidProject,RO,Cases,0.37548034195327,2022-01-24,3
IEM_Health-CovidProject,RO,Deaths,0.281845880964603,2022-01-24,3
IEM_Health-CovidProject,SI,Deaths,0.277217941944332,2022-01-24,3
IEM_Health-CovidProject,SK,Cases,0.385088952745462,2022-01-24,3
ILM-EKF,AT,Cases,0.229999451774867,2022-01-24,3
ILM-EKF,BE,Cases,0.347838436989255,2022-01-24,3
ILM-EKF,BG,Cases,0.348471900167979,2022-01-24,3
ILM-EKF,EE,Cases,0.269570786523079,2022-01-24,3
ILM-EKF,HR,Cases,0.325741404552381,2022-01-24,3
ILM-EKF,HU,Cases,0.260060342555519,2022-01-24,3
ILM-EKF,HU,Deaths,0.34485116346977,2022-01-24,3
ILM-EKF,LT,Cases,0.312221764551495,2022-01-24,3
ILM-EKF,LV,Cases,0.291664151060081,2022-01-24,3
ILM-EKF,RO,Cases,0.385022698935696,2022-01-24,3
ILM-EKF,SI,Cases,0.303212087230235,2022-01-24,3
ILM-EKF,SK,Cases,0.340924486135148,2022-01-24,3
ILM-EKF,SK,Deaths,0.336980219878865,2022-01-24,3
MUNI-ARIMA,AT,Deaths,0.219269540681161,2022-01-24,3
MUNI-ARIMA,BE,Deaths,0.282789998627568,2022-01-24,3
MUNI-ARIMA,BG,Deaths,0.355080733332527,2022-01-24,3
MUNI-ARIMA,FI,Deaths,0.391974213021139,2022-01-24,3
MUNI-ARIMA,GR,Deaths,0.200503813194975,2022-01-24,3
MUNI-ARIMA,IT,Deaths,0.308723962859541,2022-01-24,3
MUNI-ARIMA,LT,Deaths,0.448863586930003,2022-01-24,3
MUNI-ARIMA,LV,Deaths,0.402598621707743,2022-01-24,3
MUNI-ARIMA,SK,Deaths,0.336048053438602,2022-01-24,3
RobertWalraven-ESG,AT,Deaths,0.349532255709734,2022-01-24,3
RobertWalraven-ESG,BE,Deaths,0.234939986718293,2022-01-24,3
RobertWalraven-ESG,CY,Cases,0.290401064981658,2022-01-24,3
RobertWalraven-ESG,CY,Deaths,0.210001286256919,2022-01-24,3
RobertWalraven-ESG,EE,Deaths,0.314413125675571,2022-01-24,3
RobertWalraven-ESG,ES,Cases,0.320002195202508,2022-01-24,3
RobertWalraven-ESG,FI,Cases,0.308678988212628,2022-01-24,3
RobertWalraven-ESG,FI,Deaths,0.26059350458532,2022-01-24,3
RobertWalraven-ESG,GR,Cases,0.231855418259892,2022-01-24,3
RobertWalraven-ESG,HR,Deaths,0.319678851894553,2022-01-24,3
RobertWalraven-ESG,HU,Deaths,0.285431955646425,2022-01-24,3
RobertWalraven-ESG,IT,Cases,0.3755133268028,2022-01-24,3
RobertWalraven-ESG,IT,Deaths,0.285014959702606,2022-01-24,3
RobertWalraven-ESG,LT,Deaths,0.209787116540312,2022-01-24,3
RobertWalraven-ESG,LU,Deaths,0.332149814915063,2022-01-24,3
RobertWalraven-ESG,MT,Cases,0.360016310492575,2022-01-24,3
RobertWalraven-ESG,MT,Deaths,0.271704814851313,2022-01-24,3
RobertWalraven-ESG,NO,Cases,0.263093232770138,2022-01-24,3
RobertWalraven-ESG,PT,Cases,0.267349009039198,2022-01-24,3
RobertWalraven-ESG,PT,Deaths,0.344162161988333,2022-01-24,3
RobertWalraven-ESG,RO,Cases,0.239496959111034,2022-01-24,3
RobertWalraven-ESG,RO,Deaths,0.299889865219815,2022-01-24,3
RobertWalraven-ESG,SI,Deaths,0.272144578552404,2022-01-24,3
RobertWalraven-ESG,SK,Cases,0.27398656111939,2022-01-24,3
ULZF-SEIRC19SI,SI,Cases,0.425018797288551,2022-01-24,3
ULZF-SEIRC19SI,SI,Deaths,0.450637479503264,2022-01-24,3
UMass-MechBayes,BE,Deaths,0.482270014654139,2022-01-24,3
UMass-MechBayes,BG,Deaths,0.253942136629559,2022-01-24,3
UMass-MechBayes,CY,Deaths,0.376351765584499,2022-01-24,3
UMass-MechBayes,EE,Deaths,0.386142008657793,2022-01-24,3
UMass-MechBayes,FI,Deaths,0.347432282393541,2022-01-24,3
UMass-MechBayes,GR,Deaths,0.414964806795316,2022-01-24,3
UMass-MechBayes,HR,Deaths,0.441396462803506,2022-01-24,3
UMass-MechBayes,LT,Deaths,0.341349296529685,2022-01-24,3
UMass-MechBayes,LU,Deaths,0.37282208097458,2022-01-24,3
UMass-MechBayes,LV,Deaths,0.253773487275234,2022-01-24,3
UMass-MechBayes,MT,Deaths,0.467659684400836,2022-01-24,3
UMass-MechBayes,PT,Deaths,0.295929257149093,2022-01-24,3
UMass-MechBayes,RO,Deaths,0.418264253815581,2022-01-24,3
UMass-MechBayes,SK,Deaths,0.326971726682534,2022-01-24,3
epiforecasts-EpiNow2,AT,Cases,0.562570365841937,2022-01-24,3
epiforecasts-EpiNow2,BE,Cases,0.278596242025861,2022-01-24,3
epiforecasts-EpiNow2,BG,Cases,0.300150064880093,2022-01-24,3
epiforecasts-EpiNow2,CY,Cases,0.503994190463489,2022-01-24,3
epiforecasts-EpiNow2,EE,Cases,0.495776812918592,2022-01-24,3
epiforecasts-EpiNow2,ES,Cases,0.384215100060349,2022-01-24,3
epiforecasts-EpiNow2,FI,Cases,0.362718640678397,2022-01-24,3
epiforecasts-EpiNow2,GR,Cases,0.61339868274876,2022-01-24,3
epiforecasts-EpiNow2,HR,Cases,0.401645843164182,2022-01-24,3
epiforecasts-EpiNow2,HU,Cases,0.390066358672967,2022-01-24,3
epiforecasts-EpiNow2,IT,Cases,0.345166063691584,2022-01-24,3
epiforecasts-EpiNow2,LT,Cases,0.394943330854875,2022-01-24,3
epiforecasts-EpiNow2,LV,Cases,0.430975447162122,2022-01-24,3
epiforecasts-EpiNow2,MT,Cases,0.456713639879708,2022-01-24,3
epiforecasts-EpiNow2,MT,Deaths,0.260635500747851,2022-01-24,3
epiforecasts-EpiNow2,NO,Cases,0.360440294409075,2022-01-24,3
epiforecasts-EpiNow2,PT,Cases,0.290053262330059,2022-01-24,3
epiforecasts-EpiNow2,SI,Cases,0.271769115481213,2022-01-24,3
IEM_Health-CovidProject,AT,Cases,0.346904754585202,2022-01-31,3
IEM_Health-CovidProject,AT,Deaths,0.321819389159509,2022-01-31,3
IEM_Health-CovidProject,BE,Cases,0.404294101168746,2022-01-31,3
IEM_Health-CovidProject,BG,Cases,0.361080819850908,2022-01-31,3
IEM_Health-CovidProject,BG,Deaths,0.294995195605068,2022-01-31,3
IEM_Health-CovidProject,CY,Cases,0.187046397404237,2022-01-31,3
IEM_Health-CovidProject,CY,Deaths,0.367338411036034,2022-01-31,3
IEM_Health-CovidProject,EE,Cases,0.258797324866672,2022-01-31,3
IEM_Health-CovidProject,EE,Deaths,0.253070514084251,2022-01-31,3
IEM_Health-CovidProject,ES,Cases,0.191351688430085,2022-01-31,3
IEM_Health-CovidProject,FI,Cases,0.185713329511591,2022-01-31,3
IEM_Health-CovidProject,GR,Cases,0.161344419485844,2022-01-31,3
IEM_Health-CovidProject,GR,Deaths,0.371306277359198,2022-01-31,3
IEM_Health-CovidProject,HR,Deaths,0.238256492331025,2022-01-31,3
IEM_Health-CovidProject,HU,Cases,0.333238365353318,2022-01-31,3
IEM_Health-CovidProject,HU,Deaths,0.285537637696649,2022-01-31,3
IEM_Health-CovidProject,IT,Cases,0.245286508435013,2022-01-31,3
IEM_Health-CovidProject,IT,Deaths,0.285275414498107,2022-01-31,3
IEM_Health-CovidProject,LT,Cases,0.29524886319445,2022-01-31,3
IEM_Health-CovidProject,LT,Deaths,0.247710596208966,2022-01-31,3
IEM_Health-CovidProject,LU,Deaths,0.297984700339752,2022-01-31,3
IEM_Health-CovidProject,LV,Cases,0.257408266160307,2022-01-31,3
IEM_Health-CovidProject,LV,Deaths,0.289800674872304,2022-01-31,3
IEM_Health-CovidProject,MT,Cases,0.06489361875387,2022-01-31,3
IEM_Health-CovidProject,NO,Cases,0.401941257966017,2022-01-31,3
IEM_Health-CovidProject,PT,Cases,0.53302043937841,2022-01-31,3
IEM_Health-CovidProject,PT,Deaths,0.328656032154411,2022-01-31,3
IEM_Health-CovidProject,RO,Cases,0.525979977650988,2022-01-31,3
IEM_Health-CovidProject,RO,Deaths,0.315219283789372,2022-01-31,3
IEM_Health-CovidProject,SI,Cases,0.358856865299842,2022-01-31,3
IEM_Health-CovidProject,SI,Deaths,0.310329911389749,2022-01-31,3
IEM_Health-CovidProject,SK,Cases,0.33733597915386,2022-01-31,3
ILM-EKF,BE,Cases,0.355549318486862,2022-01-31,3
ILM-EKF,BG,Cases,0.307871092052693,2022-01-31,3
ILM-EKF,EE,Cases,0.377843526842327,2022-01-31,3
ILM-EKF,HR,Cases,0.308502748415136,2022-01-31,3
ILM-EKF,HU,Cases,0.268919824830193,2022-01-31,3
ILM-EKF,LT,Cases,0.366147462774967,2022-01-31,3
ILM-EKF,LV,Cases,0.299000688171734,2022-01-31,3
ILM-EKF,RO,Cases,0.263840677124814,2022-01-31,3
ILM-EKF,SI,Cases,0.356954923364176,2022-01-31,3
ILM-EKF,SK,Cases,0.332073132305762,2022-01-31,3
MUNI-ARIMA,AT,Deaths,0.266937163250089,2022-01-31,3
MUNI-ARIMA,BE,Deaths,0.336178169538622,2022-01-31,3
MUNI-ARIMA,BG,Deaths,0.438264926500409,2022-01-31,3
MUNI-ARIMA,EE,Deaths,0.308561460064195,2022-01-31,3
MUNI-ARIMA,FI,Deaths,0.397474483537087,2022-01-31,3
MUNI-ARIMA,GR,Deaths,0.223645942613608,2022-01-31,3
MUNI-ARIMA,HU,Deaths,0.310577561413409,2022-01-31,3
MUNI-ARIMA,IT,Deaths,0.339971714787026,2022-01-31,3
MUNI-ARIMA,LT,Deaths,0.54405914105022,2022-01-31,3
MUNI-ARIMA,LU,Deaths,0.388149610281235,2022-01-31,3
MUNI-ARIMA,LV,Deaths,0.47474628296683,2022-01-31,3
MUNI-ARIMA,PT,Deaths,0.272385057822242,2022-01-31,3
MUNI-ARIMA,SK,Deaths,0.384150399453649,2022-01-31,3
RobertWalraven-ESG,AT,Cases,0.215451417525447,2022-01-31,3
RobertWalraven-ESG,AT,Deaths,0.411243447590402,2022-01-31,3
RobertWalraven-ESG,BE,Cases,0.240156580344393,2022-01-31,3
RobertWalraven-ESG,BE,Deaths,0.282998832285156,2022-01-31,3
RobertWalraven-ESG,BG,Cases,0.331048088096399,2022-01-31,3
RobertWalraven-ESG,BG,Deaths,0.266739877894524,2022-01-31,3
RobertWalraven-ESG,CY,Cases,0.299991675735786,2022-01-31,3
RobertWalraven-ESG,CY,Deaths,0.311125377266952,2022-01-31,3
RobertWalraven-ESG,EE,Deaths,0.438368025851554,2022-01-31,3
RobertWalraven-ESG,ES,Cases,0.469995963170534,2022-01-31,3
RobertWalraven-ESG,FI,Cases,0.435181864348362,2022-01-31,3
RobertWalraven-ESG,FI,Deaths,0.267248038597389,2022-01-31,3
RobertWalraven-ESG,GR,Cases,0.283600283362035,2022-01-31,3
RobertWalraven-ESG,HR,Cases,0.318312978250978,2022-01-31,3
RobertWalraven-ESG,HR,Deaths,0.266670204864221,2022-01-31,3
RobertWalraven-ESG,HU,Deaths,0.403884800889942,2022-01-31,3
RobertWalraven-ESG,IT,Cases,0.422418578227191,2022-01-31,3
RobertWalraven-ESG,IT,Deaths,0.374752870714867,2022-01-31,3
RobertWalraven-ESG,LT,Deaths,0.208230262740814,2022-01-31,3
RobertWalraven-ESG,LU,Deaths,0.313865689379013,2022-01-31,3
RobertWalraven-ESG,LV,Deaths,0.235453042160866,2022-01-31,3
RobertWalraven-ESG,MT,Cases,0.162591509376581,2022-01-31,3
RobertWalraven-ESG,MT,Deaths,0.255995224727006,2022-01-31,3
RobertWalraven-ESG,NO,Cases,0.258016662545138,2022-01-31,3
RobertWalraven-ESG,PT,Cases,0.322124488420017,2022-01-31,3
RobertWalraven-ESG,PT,Deaths,0.398958910023347,2022-01-31,3
RobertWalraven-ESG,RO,Cases,0.210179345224197,2022-01-31,3
RobertWalraven-ESG,RO,Deaths,0.335786017415866,2022-01-31,3
RobertWalraven-ESG,SK,Deaths,0.306277774443605,2022-01-31,3
ULZF-SEIRC19SI,SI,Cases,0.284188211335982,2022-01-31,3
ULZF-SEIRC19SI,SI,Deaths,0.295256016238279,2022-01-31,3
UMass-MechBayes,BE,Deaths,0.380822998176222,2022-01-31,3
UMass-MechBayes,CY,Deaths,0.321536211697014,2022-01-31,3
UMass-MechBayes,FI,Deaths,0.335277477865525,2022-01-31,3
UMass-MechBayes,GR,Deaths,0.405047780027195,2022-01-31,3
UMass-MechBayes,HR,Deaths,0.495073302804754,2022-01-31,3
UMass-MechBayes,MT,Deaths,0.354044417266477,2022-01-31,3
UMass-MechBayes,RO,Deaths,0.348994698794761,2022-01-31,3
UMass-MechBayes,SI,Deaths,0.394414072371972,2022-01-31,3
UMass-MechBayes,SK,Deaths,0.309571826102747,2022-01-31,3
epiforecasts-EpiNow2,AT,Cases,0.43764382788935,2022-01-31,3
epiforecasts-EpiNow2,CY,Cases,0.512961926859977,2022-01-31,3
epiforecasts-EpiNow2,EE,Cases,0.363359148291001,2022-01-31,3
epiforecasts-EpiNow2,ES,Cases,0.338652348399381,2022-01-31,3
epiforecasts-EpiNow2,FI,Cases,0.379104806140047,2022-01-31,3
epiforecasts-EpiNow2,GR,Cases,0.555055297152121,2022-01-31,3
epiforecasts-EpiNow2,HR,Cases,0.373184273333886,2022-01-31,3
epiforecasts-EpiNow2,HU,Cases,0.39784180981649,2022-01-31,3
epiforecasts-EpiNow2,IT,Cases,0.332294913337796,2022-01-31,3
epiforecasts-EpiNow2,LT,Cases,0.338603674030583,2022-01-31,3
epiforecasts-EpiNow2,LV,Cases,0.44359104566796,2022-01-31,3
epiforecasts-EpiNow2,MT,Cases,0.772514871869549,2022-01-31,3
epiforecasts-EpiNow2,MT,Deaths,0.389960358006517,2022-01-31,3
epiforecasts-EpiNow2,NO,Cases,0.340042079488845,2022-01-31,3
epiforecasts-EpiNow2,PT,Cases,0.144855072201573,2022-01-31,3
epiforecasts-EpiNow2,SK,Cases,0.330590888540379,2022-01-31,3
IEM_Health-CovidProject,AT,Cases,0.447214353735521,2022-02-07,3
IEM_Health-CovidProject,AT,Deaths,0.244951116159813,2022-02-07,3
IEM_Health-CovidProject,BE,Cases,0.350891401514515,2022-02-07,3
IEM_Health-CovidProject,BE,Deaths,0.334983036243521,2022-02-07,3
IEM_Health-CovidProject,BG,Cases,0.315207604713527,2022-02-07,3
IEM_Health-CovidProject,EE,Cases,0.356024814942873,2022-02-07,3
IEM_Health-CovidProject,EE,Deaths,0.19253029842575,2022-02-07,3
IEM_Health-CovidProject,HR,Cases,0.344950385706434,2022-02-07,3
IEM_Health-CovidProject,HR,Deaths,0.251896533285704,2022-02-07,3
IEM_Health-CovidProject,HU,Cases,0.293278528083946,2022-02-07,3
IEM_Health-CovidProject,LT,Cases,0.295656749766143,2022-02-07,3
IEM_Health-CovidProject,LT,Deaths,0.359198350345389,2022-02-07,3
IEM_Health-CovidProject,LU,Deaths,0.265831394382491,2022-02-07,3
IEM_Health-CovidProject,LV,Cases,0.329725722577512,2022-02-07,3
IEM_Health-CovidProject,LV,Deaths,0.290566106085472,2022-02-07,3
IEM_Health-CovidProject,NO,Cases,0.345130869002174,2022-02-07,3
IEM_Health-CovidProject,PT,Cases,0.456155494660408,2022-02-07,3
IEM_Health-CovidProject,RO,Cases,0.473441995018811,2022-02-07,3
IEM_Health-CovidProject,RO,Deaths,0.300201807622976,2022-02-07,3
IEM_Health-CovidProject,SI,Cases,0.444817337270968,2022-02-07,3
IEM_Health-CovidProject,SI,Deaths,0.372188211637175,2022-02-07,3
IEM_Health-CovidProject,SK,Cases,0.358150035693278,2022-02-07,3
ILM-EKF,EE,Cases,0.380543159236403,2022-02-07,3
ILM-EKF,ES,Cases,0.321315886267432,2022-02-07,3
ILM-EKF,GR,Cases,0.257841321444972,2022-02-07,3
ILM-EKF,IT,Cases,0.214542517848765,2022-02-07,3
ILM-EKF,IT,Deaths,0.241122109373031,2022-02-07,3
ILM-EKF,LT,Cases,0.437034080206237,2022-02-07,3
ILM-EKF,SK,Cases,0.324013699020893,2022-02-07,3
ILM-EKF,SK,Deaths,0.274107733818089,2022-02-07,3
MUNI-ARIMA,AT,Deaths,0.338419917218272,2022-02-07,3
MUNI-ARIMA,BE,Deaths,0.264892681646204,2022-02-07,3
MUNI-ARIMA,BG,Deaths,0.313865650662108,2022-02-07,3
MUNI-ARIMA,CY,Deaths,0.374301269923213,2022-02-07,3
MUNI-ARIMA,EE,Deaths,0.323686720732935,2022-02-07,3
MUNI-ARIMA,FI,Deaths,0.43805146395934,2022-02-07,3
MUNI-ARIMA,GR,Deaths,0.307137385980566,2022-02-07,3
MUNI-ARIMA,HU,Deaths,0.316746865455288,2022-02-07,3
MUNI-ARIMA,IT,Deaths,0.346660962830055,2022-02-07,3
MUNI-ARIMA,LT,Deaths,0.320871443008755,2022-02-07,3
MUNI-ARIMA,LU,Deaths,0.411302297634636,2022-02-07,3
MUNI-ARIMA,LV,Deaths,0.430743180305756,2022-02-07,3
MUNI-ARIMA,PT,Deaths,0.290372700252254,2022-02-07,3
MUNI-ARIMA,SK,Deaths,0.402515808578715,2022-02-07,3
RobertWalraven-ESG,AT,Cases,0.269277095680216,2022-02-07,3
RobertWalraven-ESG,AT,Deaths,0.416628966621915,2022-02-07,3
RobertWalraven-ESG,BE,Cases,0.375281638663282,2022-02-07,3
RobertWalraven-ESG,BG,Cases,0.43433414705325,2022-02-07,3
RobertWalraven-ESG,BG,Deaths,0.445499284646503,2022-02-07,3
RobertWalraven-ESG,CY,Cases,0.275431502365948,2022-02-07,3
RobertWalraven-ESG,CY,Deaths,0.30001019331335,2022-02-07,3
RobertWalraven-ESG,EE,Deaths,0.483782980841315,2022-02-07,3
RobertWalraven-ESG,FI,Cases,0.486414724649282,2022-02-07,3
RobertWalraven-ESG,FI,Deaths,0.254243882677088,2022-02-07,3
RobertWalraven-ESG,GR,Deaths,0.238460283119874,2022-02-07,3
RobertWalraven-ESG,HR,Cases,0.348277831325383,2022-02-07,3
RobertWalraven-ESG,HR,Deaths,0.269514425697098,2022-02-07,3
RobertWalraven-ESG,HU,Deaths,0.411195843837256,2022-02-07,3
RobertWalraven-ESG,IT,Deaths,0.412216927796914,2022-02-07,3
RobertWalraven-ESG,LT,Deaths,0.319930206645856,2022-02-07,3
RobertWalraven-ESG,LU,Deaths,0.322866307982873,2022-02-07,3
RobertWalraven-ESG,LV,Deaths,0.278690713608772,2022-02-07,3
RobertWalraven-ESG,MT,Cases,0.0932990280582436,2022-02-07,3
RobertWalraven-ESG,MT,Deaths,0.357786634330129,2022-02-07,3
RobertWalraven-ESG,NO,Cases,0.323901852907236,2022-02-07,3
RobertWalraven-ESG,PT,Cases,0.301607355990087,2022-02-07,3
RobertWalraven-ESG,PT,Deaths,0.413484943349602,2022-02-07,3
RobertWalraven-ESG,RO,Cases,0.238433096901421,2022-02-07,3
RobertWalraven-ESG,RO,Deaths,0.256594455561259,2022-02-07,3
RobertWalraven-ESG,SI,Cases,0.258001707158152,2022-02-07,3
RobertWalraven-ESG,SK,Deaths,0.323376457603196,2022-02-07,3
ULZF-SEIRC19SI,SI,Deaths,0.275693271670151,2022-02-07,3
UMass-MechBayes,BE,Deaths,0.400124282110275,2022-02-07,3
UMass-MechBayes,BG,Deaths,0.240635064691389,2022-02-07,3
UMass-MechBayes,CY,Deaths,0.325688536763437,2022-02-07,3
UMass-MechBayes,FI,Deaths,0.307704653363572,2022-02-07,3
UMass-MechBayes,GR,Deaths,0.45440233089956,2022-02-07,3
UMass-MechBayes,HR,Deaths,0.478589041017199,2022-02-07,3
UMass-MechBayes,HU,Deaths,0.272057290707456,2022-02-07,3
UMass-MechBayes,MT,Deaths,0.340360764009034,2022-02-07,3
UMass-MechBayes,PT,Deaths,0.296142356398144,2022-02-07,3
UMass-MechBayes,RO,Deaths,0.443203736815765,2022-02-07,3
UMass-MechBayes,SI,Deaths,0.352118516692674,2022-02-07,3
epiforecasts-EpiNow2,CY,Cases,0.41307283732303,2022-02-07,3
epiforecasts-EpiNow2,ES,Cases,0.383433368262442,2022-02-07,3
epiforecasts-EpiNow2,FI,Cases,0.27001401535903,2022-02-07,3
epiforecasts-EpiNow2,GR,Cases,0.480411014056931,2022-02-07,3
epiforecasts-EpiNow2,HU,Cases,0.422790904480676,2022-02-07,3
epiforecasts-EpiNow2,IT,Cases,0.582936613100993,2022-02-07,3
epiforecasts-EpiNow2,LV,Cases,0.417224365222031,2022-02-07,3
epiforecasts-EpiNow2,MT,Cases,0.779359904084443,2022-02-07,3
epiforecasts-EpiNow2,MT,Deaths,0.301852601660837,2022-02-07,3
epiforecasts-weeklygrowth,AT,Cases,0.283508550584262,2022-02-07,3
epiforecasts-weeklygrowth,BE,Cases,0.273826959822204,2022-02-07,3
epiforecasts-weeklygrowth,BG,Cases,0.250458248233223,2022-02-07,3
epiforecasts-weeklygrowth,CY,Cases,0.311495660311022,2022-02-07,3
epiforecasts-weeklygrowth,EE,Cases,0.263432025820724,2022-02-07,3
epiforecasts-weeklygrowth,ES,Cases,0.295250745470126,2022-02-07,3
epiforecasts-weeklygrowth,FI,Cases,0.243571259991688,2022-02-07,3
epiforecasts-weeklygrowth,GR,Cases,0.261747664498097,2022-02-07,3
epiforecasts-weeklygrowth,HR,Cases,0.306771782968183,2022-02-07,3
epiforecasts-weeklygrowth,HU,Cases,0.283930567435379,2022-02-07,3
epiforecasts-weeklygrowth,IT,Cases,0.202520869050243,2022-02-07,3
epiforecasts-weeklygrowth,LT,Cases,0.26730917002762,2022-02-07,3
epiforecasts-weeklygrowth,LV,Cases,0.253049912200457,2022-02-07,3
epiforecasts-weeklygrowth,MT,Cases,0.127341067857313,2022-02-07,3
epiforecasts-weeklygrowth,NO,Cases,0.33096727809059,2022-02-07,3
epiforecasts-weeklygrowth,PT,Cases,0.242237149349505,2022-02-07,3
epiforecasts-weeklygrowth,RO,Cases,0.288124908079768,2022-02-07,3
epiforecasts-weeklygrowth,SI,Cases,0.29718095557088,2022-02-07,3
epiforecasts-weeklygrowth,SK,Cases,0.317836265285829,2022-02-07,3
IEM_Health-CovidProject,AT,Cases,0.358293089388642,2022-02-14,3
IEM_Health-CovidProject,AT,Deaths,0.260246302397915,2022-02-14,3
IEM_Health-CovidProject,BE,Deaths,0.339548607387468,2022-02-14,3
IEM_Health-CovidProject,EE,Cases,0.37028748598933,2022-02-14,3
IEM_Health-CovidProject,EE,Deaths,0.313828873185538,2022-02-14,3
IEM_Health-CovidProject,GR,Cases,0.193074238032885,2022-02-14,3
IEM_Health-CovidProject,HR,Cases,0.314326133069303,2022-02-14,3
IEM_Health-CovidProject,HR,Deaths,0.237903343024777,2022-02-14,3
IEM_Health-CovidProject,LT,Cases,0.371946119488987,2022-02-14,3
IEM_Health-CovidProject,LT,Deaths,0.355335141898286,2022-02-14,3
IEM_Health-CovidProject,LV,Cases,0.410928911024843,2022-02-14,3
IEM_Health-CovidProject,LV,Deaths,0.325159490995736,2022-02-14,3
IEM_Health-CovidProject,MT,Cases,0.245943502919101,2022-02-14,3
IEM_Health-CovidProject,NO,Cases,0.284478652621109,2022-02-14,3
IEM_Health-CovidProject,PT,Cases,0.409812480317504,2022-02-14,3
IEM_Health-CovidProject,RO,Cases,0.312493090374951,2022-02-14,3
IEM_Health-CovidProject,RO,Deaths,0.343802764629684,2022-02-14,3
IEM_Health-CovidProject,SI,Cases,0.377961401601378,2022-02-14,3
IEM_Health-CovidProject,SI,Deaths,0.36303719695403,2022-02-14,3
IEM_Health-CovidProject,SK,Cases,0.375462465431776,2022-02-14,3
IEM_Health-CovidProject,SK,Deaths,0.174893008201143,2022-02-14,3
ILM-EKF,CY,Deaths,0.30678144949105,2022-02-14,3
ILM-EKF,FI,Deaths,0.279317719092585,2022-02-14,3
ILM-EKF,GR,Cases,0.411651238884092,2022-02-14,3
ILM-EKF,IT,Cases,0.35626020063002,2022-02-14,3
ILM-EKF,IT,Deaths,0.248104740167427,2022-02-14,3
ILM-EKF,LT,Cases,0.298679692068407,2022-02-14,3
MUNI-ARIMA,AT,Deaths,0.370748299107414,2022-02-14,3
MUNI-ARIMA,BE,Deaths,0.283816481872241,2022-02-14,3
MUNI-ARIMA,BG,Deaths,0.273613598757051,2022-02-14,3
MUNI-ARIMA,CY,Deaths,0.369561616200549,2022-02-14,3
MUNI-ARIMA,EE,Deaths,0.382114640310201,2022-02-14,3
MUNI-ARIMA,FI,Deaths,0.435061948640821,2022-02-14,3
MUNI-ARIMA,GR,Deaths,0.371086475862386,2022-02-14,3
MUNI-ARIMA,HU,Deaths,0.273963600079888,2022-02-14,3
MUNI-ARIMA,IT,Deaths,0.368924897176638,2022-02-14,3
MUNI-ARIMA,LT,Deaths,0.259911312990883,2022-02-14,3
MUNI-ARIMA,LU,Deaths,0.469777862161873,2022-02-14,3
MUNI-ARIMA,LV,Deaths,0.377887230781659,2022-02-14,3
MUNI-ARIMA,MT,Deaths,0.436918959943649,2022-02-14,3
MUNI-ARIMA,PT,Deaths,0.358326681600847,2022-02-14,3
MUNI-ARIMA,RO,Deaths,0.219954284367412,2022-02-14,3
MUNI-ARIMA,SK,Deaths,0.468379146716606,2022-02-14,3
RobertWalraven-ESG,AT,Cases,0.327061823751504,2022-02-14,3
RobertWalraven-ESG,AT,Deaths,0.36900539849467,2022-02-14,3
RobertWalraven-ESG,BE,Cases,0.326058890629324,2022-02-14,3
RobertWalraven-ESG,BG,Cases,0.296682724407499,2022-02-14,3
RobertWalraven-ESG,BG,Deaths,0.453994455913841,2022-02-14,3
RobertWalraven-ESG,CY,Cases,0.296702592725524,2022-02-14,3
RobertWalraven-ESG,EE,Cases,0.305864107668312,2022-02-14,3
RobertWalraven-ESG,EE,Deaths,0.304056486504261,2022-02-14,3
RobertWalraven-ESG,ES,Cases,0.257593484701908,2022-02-14,3
RobertWalraven-ESG,FI,Cases,0.384989838213539,2022-02-14,3
RobertWalraven-ESG,GR,Deaths,0.282453196068576,2022-02-14,3
RobertWalraven-ESG,HR,Deaths,0.287022401503498,2022-02-14,3
RobertWalraven-ESG,HU,Cases,0.261653091076826,2022-02-14,3
RobertWalraven-ESG,HU,Deaths,0.398050996397614,2022-02-14,3
RobertWalraven-ESG,IT,Deaths,0.382970362655934,2022-02-14,3
RobertWalraven-ESG,LT,Deaths,0.384753545110831,2022-02-14,3
RobertWalraven-ESG,LU,Deaths,0.294741145059942,2022-02-14,3
RobertWalraven-ESG,LV,Cases,0.305095860914932,2022-02-14,3
RobertWalraven-ESG,LV,Deaths,0.296953278222606,2022-02-14,3
RobertWalraven-ESG,MT,Deaths,0.323397075963547,2022-02-14,3
RobertWalraven-ESG,NO,Cases,0.343385065270127,2022-02-14,3
RobertWalraven-ESG,PT,Cases,0.26722687570934,2022-02-14,3
RobertWalraven-ESG,PT,Deaths,0.366880525166393,2022-02-14,3
RobertWalraven-ESG,SK,Cases,0.319625072705886,2022-02-14,3
RobertWalraven-ESG,SK,Deaths,0.356727845082252,2022-02-14,3
ULZF-SEIRC19SI,SI,Cases,0.334643221151601,2022-02-14,3
ULZF-SEIRC19SI,SI,Deaths,0.32005543321957,2022-02-14,3
UMass-MechBayes,BE,Deaths,0.376634910740291,2022-02-14,3
UMass-MechBayes,BG,Deaths,0.272391945329108,2022-02-14,3
UMass-MechBayes,CY,Deaths,0.323656934308401,2022-02-14,3
UMass-MechBayes,FI,Deaths,0.285620332266595,2022-02-14,3
UMass-MechBayes,GR,Deaths,0.346460328069038,2022-02-14,3
UMass-MechBayes,HR,Deaths,0.475074255471725,2022-02-14,3
UMass-MechBayes,HU,Deaths,0.327985403522498,2022-02-14,3
UMass-MechBayes,LU,Deaths,0.235480992778185,2022-02-14,3
UMass-MechBayes,MT,Deaths,0.239683964092805,2022-02-14,3
UMass-MechBayes,PT,Deaths,0.27479279323276,2022-02-14,3
UMass-MechBayes,RO,Deaths,0.436242951002904,2022-02-14,3
UMass-MechBayes,SI,Deaths,0.3169073698264,2022-02-14,3
epiforecasts-EpiNow2,BE,Cases,0.335353703961496,2022-02-14,3
epiforecasts-EpiNow2,BG,Cases,0.322672274048597,2022-02-14,3
epiforecasts-EpiNow2,CY,Cases,0.28072539196246,2022-02-14,3
epiforecasts-EpiNow2,ES,Cases,0.398154562827825,2022-02-14,3
epiforecasts-EpiNow2,FI,Cases,0.238592923119909,2022-02-14,3
epiforecasts-EpiNow2,HR,Cases,0.306749232862203,2022-02-14,3
epiforecasts-EpiNow2,HU,Cases,0.430640061996208,2022-02-14,3
epiforecasts-EpiNow2,IT,Cases,0.371124519461449,2022-02-14,3
epiforecasts-EpiNow2,LV,Cases,0.283975228060225,2022-02-14,3
epiforecasts-EpiNow2,MT,Cases,0.491164925329711,2022-02-14,3
epiforecasts-EpiNow2,RO,Cases,0.361260877463898,2022-02-14,3
epiforecasts-weeklygrowth,AT,Cases,0.314645086859854,2022-02-14,3
epiforecasts-weeklygrowth,BE,Cases,0.33858740540918,2022-02-14,3
epiforecasts-weeklygrowth,BG,Cases,0.380645001543904,2022-02-14,3
epiforecasts-weeklygrowth,CY,Cases,0.422572015312016,2022-02-14,3
epiforecasts-weeklygrowth,EE,Cases,0.323848406342358,2022-02-14,3
epiforecasts-weeklygrowth,ES,Cases,0.344251952470267,2022-02-14,3
epiforecasts-weeklygrowth,FI,Cases,0.376417238666552,2022-02-14,3
epiforecasts-weeklygrowth,GR,Cases,0.395274523083023,2022-02-14,3
epiforecasts-weeklygrowth,HR,Cases,0.378924634068494,2022-02-14,3
epiforecasts-weeklygrowth,HU,Cases,0.307706846926966,2022-02-14,3
epiforecasts-weeklygrowth,IT,Cases,0.272615279908531,2022-02-14,3
epiforecasts-weeklygrowth,LT,Cases,0.329374188442606,2022-02-14,3
epiforecasts-weeklygrowth,MT,Cases,0.262891571751188,2022-02-14,3
epiforecasts-weeklygrowth,NO,Cases,0.372136282108765,2022-02-14,3
epiforecasts-weeklygrowth,PT,Cases,0.322960643973156,2022-02-14,3
epiforecasts-weeklygrowth,RO,Cases,0.32624603216115,2022-02-14,3
epiforecasts-weeklygrowth,SI,Cases,0.287395377247022,2022-02-14,3
epiforecasts-weeklygrowth,SK,Cases,0.304912461862337,2022-02-14,3
IEM_Health-CovidProject,AT,Cases,0.316743844047471,2022-02-21,3
IEM_Health-CovidProject,AT,Deaths,0.332960695142551,2022-02-21,3
IEM_Health-CovidProject,BE,Deaths,0.41868286586061,2022-02-21,3
IEM_Health-CovidProject,BG,Deaths,0.272351682366872,2022-02-21,3
IEM_Health-CovidProject,CY,Cases,0.30388023499154,2022-02-21,3
IEM_Health-CovidProject,EE,Cases,0.359985103625386,2022-02-21,3
IEM_Health-CovidProject,EE,Deaths,0.345442269231008,2022-02-21,3
IEM_Health-CovidProject,GR,Cases,0.266066898844145,2022-02-21,3
IEM_Health-CovidProject,HR,Deaths,0.322043458119979,2022-02-21,3
IEM_Health-CovidProject,HU,Deaths,0.244248464844403,2022-02-21,3
IEM_Health-CovidProject,LT,Cases,0.357600867296791,2022-02-21,3
IEM_Health-CovidProject,LT,Deaths,0.431706978917353,2022-02-21,3
IEM_Health-CovidProject,LU,Deaths,0.256413613422154,2022-02-21,3
IEM_Health-CovidProject,LV,Cases,0.422575737509334,2022-02-21,3
IEM_Health-CovidProject,LV,Deaths,0.345835470809252,2022-02-21,3
IEM_Health-CovidProject,MT,Cases,0.419961514331933,2022-02-21,3
IEM_Health-CovidProject,NO,Cases,0.306224529757735,2022-02-21,3
IEM_Health-CovidProject,PT,Cases,0.35618134704592,2022-02-21,3
IEM_Health-CovidProject,PT,Deaths,0.131311720797257,2022-02-21,3
IEM_Health-CovidProject,RO,Deaths,0.405416003138243,2022-02-21,3
IEM_Health-CovidProject,SI,Cases,0.261987103843046,2022-02-21,3
IEM_Health-CovidProject,SK,Cases,0.352459134964677,2022-02-21,3
IEM_Health-CovidProject,SK,Deaths,0.15932589212727,2022-02-21,3
ILM-EKF,BG,Cases,0.264500990033212,2022-02-21,3
ILM-EKF,CY,Deaths,0.317827851806241,2022-02-21,3
ILM-EKF,FI,Deaths,0.308153021760018,2022-02-21,3
ILM-EKF,GR,Cases,0.455093588504948,2022-02-21,3
ILM-EKF,GR,Deaths,0.182673394947355,2022-02-21,3
ILM-EKF,HR,Cases,0.326608498707311,2022-02-21,3
ILM-EKF,IT,Cases,0.419810522613341,2022-02-21,3
ILM-EKF,IT,Deaths,0.283021344804832,2022-02-21,3
ILM-EKF,MT,Cases,0.334903676891737,2022-02-21,3
ILM-EKF,MT,Deaths,0.289513881810565,2022-02-21,3
ILM-EKF,PT,Cases,0.29647710635346,2022-02-21,3
ILM-EKF,RO,Deaths,0.262646954810165,2022-02-21,3
MUNI-ARIMA,AT,Deaths,0.398219352474439,2022-02-21,3
MUNI-ARIMA,BE,Deaths,0.306327999244217,2022-02-21,3
MUNI-ARIMA,BG,Deaths,0.304750941847453,2022-02-21,3
MUNI-ARIMA,CY,Deaths,0.389818384067414,2022-02-21,3
MUNI-ARIMA,EE,Deaths,0.3742663859598,2022-02-21,3
MUNI-ARIMA,FI,Deaths,0.399112161696535,2022-02-21,3
MUNI-ARIMA,GR,Deaths,0.421487840173605,2022-02-21,3
MUNI-ARIMA,HR,Deaths,0.301938801001982,2022-02-21,3
MUNI-ARIMA,HU,Deaths,0.405969775215126,2022-02-21,3
MUNI-ARIMA,IT,Deaths,0.399267224789385,2022-02-21,3
MUNI-ARIMA,LT,Deaths,0.235298133289778,2022-02-21,3
MUNI-ARIMA,LU,Deaths,0.441669061830424,2022-02-21,3
MUNI-ARIMA,LV,Deaths,0.373204423955433,2022-02-21,3
MUNI-ARIMA,MT,Deaths,0.414609428817242,2022-02-21,3
MUNI-ARIMA,PT,Deaths,0.385583410770891,2022-02-21,3
MUNI-ARIMA,RO,Deaths,0.331937042051592,2022-02-21,3
MUNI-ARIMA,SI,Deaths,0.340191728219907,2022-02-21,3
MUNI-ARIMA,SK,Deaths,0.492821000696573,2022-02-21,3
RobertWalraven-ESG,AT,Cases,0.360098310930035,2022-02-21,3
RobertWalraven-ESG,AT,Deaths,0.26881995238301,2022-02-21,3
RobertWalraven-ESG,BE,Cases,0.273583807334939,2022-02-21,3
RobertWalraven-ESG,BE,Deaths,0.274989134895173,2022-02-21,3
RobertWalraven-ESG,BG,Deaths,0.422897375785675,2022-02-21,3
RobertWalraven-ESG,CY,Cases,0.356131877887233,2022-02-21,3
RobertWalraven-ESG,CY,Deaths,0.292353764126344,2022-02-21,3
RobertWalraven-ESG,EE,Cases,0.343760551170677,2022-02-21,3
RobertWalraven-ESG,EE,Deaths,0.280291344809192,2022-02-21,3
RobertWalraven-ESG,ES,Cases,0.239338232160649,2022-02-21,3
RobertWalraven-ESG,FI,Cases,0.399497021759816,2022-02-21,3
RobertWalraven-ESG,FI,Deaths,0.292734816543446,2022-02-21,3
RobertWalraven-ESG,GR,Deaths,0.39583876487904,2022-02-21,3
RobertWalraven-ESG,HR,Deaths,0.376017740878039,2022-02-21,3
RobertWalraven-ESG,HU,Cases,0.267029285459021,2022-02-21,3
RobertWalraven-ESG,HU,Deaths,0.349781759940471,2022-02-21,3
RobertWalraven-ESG,IT,Deaths,0.317711430405783,2022-02-21,3
RobertWalraven-ESG,LT,Cases,0.277566466022127,2022-02-21,3
RobertWalraven-ESG,LT,Deaths,0.332994887792868,2022-02-21,3
RobertWalraven-ESG,LU,Deaths,0.301917324747422,2022-02-21,3
RobertWalraven-ESG,LV,Cases,0.37544480790263,2022-02-21,3
RobertWalraven-ESG,LV,Deaths,0.280960105235315,2022-02-21,3
RobertWalraven-ESG,NO,Cases,0.320918343686638,2022-02-21,3
RobertWalraven-ESG,PT,Deaths,0.483104868431852,2022-02-21,3
RobertWalraven-ESG,RO,Cases,0.286102519435778,2022-02-21,3
RobertWalraven-ESG,SI,Deaths,0.275218306239629,2022-02-21,3
RobertWalraven-ESG,SK,Cases,0.36548294386017,2022-02-21,3
RobertWalraven-ESG,SK,Deaths,0.347853107176158,2022-02-21,3
ULZF-SEIRC19SI,SI,Cases,0.466761616062617,2022-02-21,3
ULZF-SEIRC19SI,SI,Deaths,0.384589965540464,2022-02-21,3
epiforecasts-EpiNow2,BE,Cases,0.48586203158261,2022-02-21,3
epiforecasts-EpiNow2,BG,Cases,0.381127805473121,2022-02-21,3
epiforecasts-EpiNow2,ES,Cases,0.428017986815223,2022-02-21,3
epiforecasts-EpiNow2,FI,Cases,0.249407915250667,2022-02-21,3
epiforecasts-EpiNow2,HR,Cases,0.333976063770687,2022-02-21,3
epiforecasts-EpiNow2,HU,Cases,0.473892929980687,2022-02-21,3
epiforecasts-EpiNow2,IT,Cases,0.291995597433941,2022-02-21,3
epiforecasts-EpiNow2,MT,Cases,0.245134808776329,2022-02-21,3
epiforecasts-EpiNow2,MT,Deaths,0.295876689372193,2022-02-21,3
epiforecasts-EpiNow2,RO,Cases,0.414218829054213,2022-02-21,3
epiforecasts-EpiNow2,SI,Cases,0.271251280094337,2022-02-21,3
epiforecasts-weeklygrowth,AT,Cases,0.323157845022494,2022-02-21,3
epiforecasts-weeklygrowth,BE,Cases,0.24055416108245,2022-02-21,3
epiforecasts-weeklygrowth,BG,Cases,0.354371204493667,2022-02-21,3
epiforecasts-weeklygrowth,CY,Cases,0.339987887121228,2022-02-21,3
epiforecasts-weeklygrowth,EE,Cases,0.296254345203938,2022-02-21,3
epiforecasts-weeklygrowth,ES,Cases,0.332643781024129,2022-02-21,3
epiforecasts-weeklygrowth,FI,Cases,0.351095062989517,2022-02-21,3
epiforecasts-weeklygrowth,GR,Cases,0.278839512650907,2022-02-21,3
epiforecasts-weeklygrowth,HR,Cases,0.339415437522002,2022-02-21,3
epiforecasts-weeklygrowth,HU,Cases,0.259077784560292,2022-02-21,3
epiforecasts-weeklygrowth,IT,Cases,0.288193879952719,2022-02-21,3
epiforecasts-weeklygrowth,LT,Cases,0.364832666681083,2022-02-21,3
epiforecasts-weeklygrowth,LV,Cases,0.201979454588036,2022-02-21,3
epiforecasts-weeklygrowth,NO,Cases,0.372857126555627,2022-02-21,3
epiforecasts-weeklygrowth,PT,Cases,0.34734154660062,2022-02-21,3
epiforecasts-weeklygrowth,RO,Cases,0.299678651510009,2022-02-21,3
epiforecasts-weeklygrowth,SK,Cases,0.282057921175153,2022-02-21,3
IEM_Health-CovidProject,AT,Cases,0.330280508060278,2022-02-28,3
IEM_Health-CovidProject,AT,Deaths,0.498757893671601,2022-02-28,3
IEM_Health-CovidProject,BE,Deaths,0.414478969276904,2022-02-28,3
IEM_Health-CovidProject,BG,Deaths,0.319792781524209,2022-02-28,3
IEM_Health-CovidProject,CY,Cases,0.344338419000033,2022-02-28,3
IEM_Health-CovidProject,CY,Deaths,0.289699515258129,2022-02-28,3
IEM_Health-CovidProject,EE,Cases,0.359253191036593,2022-02-28,3
IEM_Health-CovidProject,EE,Deaths,0.449500340481711,2022-02-28,3
IEM_Health-CovidProject,FI,Cases,0.297429626492018,2022-02-28,3
IEM_Health-CovidProject,FI,Deaths,0.345583047125698,2022-02-28,3
IEM_Health-CovidProject,GR,Cases,0.356325201797993,2022-02-28,3
IEM_Health-CovidProject,GR,Deaths,0.344058927629506,2022-02-28,3
IEM_Health-CovidProject,HR,Deaths,0.270501912436923,2022-02-28,3
IEM_Health-CovidProject,HU,Deaths,0.332373582590175,2022-02-28,3
IEM_Health-CovidProject,IT,Deaths,0.323792601984897,2022-02-28,3
IEM_Health-CovidProject,LT,Cases,0.35068469732971,2022-02-28,3
IEM_Health-CovidProject,LT,Deaths,0.506305145251738,2022-02-28,3
IEM_Health-CovidProject,LU,Deaths,0.364912069253139,2022-02-28,3
IEM_Health-CovidProject,LV,Cases,0.378516029740229,2022-02-28,3
IEM_Health-CovidProject,LV,Deaths,0.52418284724531,2022-02-28,3
IEM_Health-CovidProject,MT,Cases,0.394786040243185,2022-02-28,3
IEM_Health-CovidProject,MT,Deaths,0.253350276260632,2022-02-28,3
IEM_Health-CovidProject,NO,Cases,0.400024275219329,2022-02-28,3
IEM_Health-CovidProject,PT,Deaths,0.226395974127817,2022-02-28,3
IEM_Health-CovidProject,RO,Deaths,0.258225330896024,2022-02-28,3
IEM_Health-CovidProject,SI,Cases,0.0869905171108195,2022-02-28,3
IEM_Health-CovidProject,SI,Deaths,0.164690552468611,2022-02-28,3
IEM_Health-CovidProject,SK,Cases,0.372921228484299,2022-02-28,3
IEM_Health-CovidProject,SK,Deaths,0.503349314694537,2022-02-28,3
ILM-EKF,AT,Deaths,0.114617374509102,2022-02-28,3
ILM-EKF,BE,Cases,0.266489279165048,2022-02-28,3
ILM-EKF,BE,Deaths,0.243089027984467,2022-02-28,3
ILM-EKF,BG,Cases,0.322265598816436,2022-02-28,3
ILM-EKF,BG,Deaths,0.345631537677203,2022-02-28,3
ILM-EKF,CY,Deaths,0.323379534034577,2022-02-28,3
ILM-EKF,EE,Deaths,0.178206325081995,2022-02-28,3
ILM-EKF,FI,Deaths,0.334036946450049,2022-02-28,3
ILM-EKF,GR,Cases,0.408828131014179,2022-02-28,3
ILM-EKF,GR,Deaths,0.28583845205337,2022-02-28,3
ILM-EKF,HR,Cases,0.332006686273115,2022-02-28,3
ILM-EKF,HR,Deaths,0.278580703263645,2022-02-28,3
ILM-EKF,HU,Cases,0.227288593815968,2022-02-28,3
ILM-EKF,HU,Deaths,0.360892837389138,2022-02-28,3
ILM-EKF,IT,Cases,0.522655506301592,2022-02-28,3
ILM-EKF,IT,Deaths,0.355309486244732,2022-02-28,3
ILM-EKF,LT,Deaths,0.0830417221003156,2022-02-28,3
ILM-EKF,LU,Deaths,0.194503911072198,2022-02-28,3
ILM-EKF,LV,Deaths,0.100818420934714,2022-02-28,3
ILM-EKF,MT,Cases,0.394210585294503,2022-02-28,3
ILM-EKF,MT,Deaths,0.35790793192353,2022-02-28,3
ILM-EKF,PT,Cases,0.328327874243968,2022-02-28,3
ILM-EKF,RO,Deaths,0.460295118489328,2022-02-28,3
ILM-EKF,SK,Deaths,0.123614934027439,2022-02-28,3
RobertWalraven-ESG,AT,Cases,0.354294861178095,2022-02-28,3
RobertWalraven-ESG,AT,Deaths,0.386624731819297,2022-02-28,3
RobertWalraven-ESG,BE,Cases,0.169333939157315,2022-02-28,3
RobertWalraven-ESG,BE,Deaths,0.342432002738629,2022-02-28,3
RobertWalraven-ESG,BG,Deaths,0.334575680798588,2022-02-28,3
RobertWalraven-ESG,CY,Cases,0.365403516134428,2022-02-28,3
RobertWalraven-ESG,CY,Deaths,0.386920950707294,2022-02-28,3
RobertWalraven-ESG,EE,Cases,0.367883409847552,2022-02-28,3
RobertWalraven-ESG,EE,Deaths,0.372293334436293,2022-02-28,3
RobertWalraven-ESG,ES,Cases,0.264265173440906,2022-02-28,3
RobertWalraven-ESG,FI,Cases,0.402022945268665,2022-02-28,3
RobertWalraven-ESG,FI,Deaths,0.320380006424253,2022-02-28,3
RobertWalraven-ESG,GR,Deaths,0.370102620317124,2022-02-28,3
RobertWalraven-ESG,HR,Deaths,0.450917384299432,2022-02-28,3
RobertWalraven-ESG,HU,Deaths,0.306733580020687,2022-02-28,3
RobertWalraven-ESG,IT,Deaths,0.320897911770371,2022-02-28,3
RobertWalraven-ESG,LT,Cases,0.299379476404781,2022-02-28,3
RobertWalraven-ESG,LT,Deaths,0.410653132647946,2022-02-28,3
RobertWalraven-ESG,LU,Deaths,0.440584019674663,2022-02-28,3
RobertWalraven-ESG,LV,Cases,0.446714260998251,2022-02-28,3
RobertWalraven-ESG,LV,Deaths,0.374998731819976,2022-02-28,3
RobertWalraven-ESG,NO,Cases,0.248447567478143,2022-02-28,3
RobertWalraven-ESG,PT,Deaths,0.418128743480686,2022-02-28,3
RobertWalraven-ESG,RO,Cases,0.25266146822968,2022-02-28,3
RobertWalraven-ESG,RO,Deaths,0.281479550614648,2022-02-28,3
RobertWalraven-ESG,SI,Deaths,0.241971925614517,2022-02-28,3
RobertWalraven-ESG,SK,Cases,0.38277844928548,2022-02-28,3
RobertWalraven-ESG,SK,Deaths,0.373035751278024,2022-02-28,3
ULZF-SEIRC19SI,SI,Cases,0.676007496459473,2022-02-28,3
ULZF-SEIRC19SI,SI,Deaths,0.593337521916871,2022-02-28,3
epiforecasts-EpiNow2,BE,Cases,0.564176781677637,2022-02-28,3
epiforecasts-EpiNow2,BG,Cases,0.393724772025527,2022-02-28,3
epiforecasts-EpiNow2,ES,Cases,0.415854378180784,2022-02-28,3
epiforecasts-EpiNow2,HR,Cases,0.378851667336108,2022-02-28,3
epiforecasts-EpiNow2,HU,Cases,0.536683116638713,2022-02-28,3
epiforecasts-EpiNow2,IT,Cases,0.189770097456718,2022-02-28,3
epiforecasts-EpiNow2,MT,Cases,0.211003374462313,2022-02-28,3
epiforecasts-EpiNow2,MT,Deaths,0.388741791815838,2022-02-28,3
epiforecasts-EpiNow2,PT,Cases,0.341360874389056,2022-02-28,3
epiforecasts-EpiNow2,PT,Deaths,0.355475282391496,2022-02-28,3
epiforecasts-EpiNow2,RO,Cases,0.443562948739825,2022-02-28,3
epiforecasts-EpiNow2,SI,Cases,0.237001986429708,2022-02-28,3
epiforecasts-EpiNow2,SK,Cases,0.244300322230221,2022-02-28,3
epiforecasts-weeklygrowth,AT,Cases,0.315424630761627,2022-02-28,3
epiforecasts-weeklygrowth,BG,Cases,0.284009629158037,2022-02-28,3
epiforecasts-weeklygrowth,CY,Cases,0.29025806486554,2022-02-28,3
epiforecasts-weeklygrowth,EE,Cases,0.272863399115855,2022-02-28,3
epiforecasts-weeklygrowth,ES,Cases,0.31988044837831,2022-02-28,3
epiforecasts-weeklygrowth,FI,Cases,0.300547428239317,2022-02-28,3
epiforecasts-weeklygrowth,GR,Cases,0.234846667187828,2022-02-28,3
epiforecasts-weeklygrowth,HR,Cases,0.289141646390777,2022-02-28,3
epiforecasts-weeklygrowth,HU,Cases,0.236028289545319,2022-02-28,3
epiforecasts-weeklygrowth,IT,Cases,0.287574396241691,2022-02-28,3
epiforecasts-weeklygrowth,LT,Cases,0.349935826265509,2022-02-28,3
epiforecasts-weeklygrowth,LV,Cases,0.17476970926152,2022-02-28,3
epiforecasts-weeklygrowth,NO,Cases,0.351528157302528,2022-02-28,3
epiforecasts-weeklygrowth,PT,Cases,0.330311251366976,2022-02-28,3
epiforecasts-weeklygrowth,RO,Cases,0.303775583030496,2022-02-28,3
IEM_Health-CovidProject,AT,Cases,0.353468177394553,2022-03-07,3
IEM_Health-CovidProject,AT,Deaths,0.387948666987452,2022-03-07,3
IEM_Health-CovidProject,BE,Cases,0.193415645363554,2022-03-07,3
IEM_Health-CovidProject,BE,Deaths,0.425497232186505,2022-03-07,3
IEM_Health-CovidProject,BG,Cases,0.311176784760779,2022-03-07,3
IEM_Health-CovidProject,BG,Deaths,0.270386871511844,2022-03-07,3
IEM_Health-CovidProject,CY,Cases,0.49136939740695,2022-03-07,3
IEM_Health-CovidProject,CY,Deaths,0.275345833103607,2022-03-07,3
IEM_Health-CovidProject,EE,Cases,0.389012161396659,2022-03-07,3
IEM_Health-CovidProject,EE,Deaths,0.356053249648392,2022-03-07,3
IEM_Health-CovidProject,FI,Deaths,0.328309827021023,2022-03-07,3
IEM_Health-CovidProject,GR,Cases,0.405012374155687,2022-03-07,3
IEM_Health-CovidProject,GR,Deaths,0.457064939032633,2022-03-07,3
IEM_Health-CovidProject,HR,Deaths,0.247182248471007,2022-03-07,3
IEM_Health-CovidProject,HU,Deaths,0.271796411116115,2022-03-07,3
IEM_Health-CovidProject,IT,Cases,0.27457886784152,2022-03-07,3
IEM_Health-CovidProject,IT,Deaths,0.377994990622587,2022-03-07,3
IEM_Health-CovidProject,LT,Cases,0.336915653068062,2022-03-07,3
IEM_Health-CovidProject,LT,Deaths,0.428770681041634,2022-03-07,3
IEM_Health-CovidProject,LU,Deaths,0.314195349896265,2022-03-07,3
IEM_Health-CovidProject,LV,Cases,0.447932322850671,2022-03-07,3
IEM_Health-CovidProject,LV,Deaths,0.492364328088632,2022-03-07,3
IEM_Health-CovidProject,MT,Cases,0.34074476104623,2022-03-07,3
IEM_Health-CovidProject,MT,Deaths,0.184115363867195,2022-03-07,3
IEM_Health-CovidProject,NO,Cases,0.51590858539075,2022-03-07,3
IEM_Health-CovidProject,PT,Cases,0.255453890726881,2022-03-07,3
IEM_Health-CovidProject,PT,Deaths,0.195280386684144,2022-03-07,3
IEM_Health-CovidProject,SK,Cases,0.319898333421835,2022-03-07,3
IEM_Health-CovidProject,SK,Deaths,0.517375803673556,2022-03-07,3
ILM-EKF,AT,Cases,0.411764031445767,2022-03-07,3
ILM-EKF,BE,Cases,0.516104510586498,2022-03-07,3
ILM-EKF,BE,Deaths,0.225447890373445,2022-03-07,3
ILM-EKF,BG,Cases,0.325001945713904,2022-03-07,3
ILM-EKF,BG,Deaths,0.271693868079482,2022-03-07,3
ILM-EKF,CY,Cases,0.1798735751715,2022-03-07,3
ILM-EKF,CY,Deaths,0.353274749451263,2022-03-07,3
ILM-EKF,FI,Deaths,0.307434947492371,2022-03-07,3
ILM-EKF,GR,Cases,0.295840349486596,2022-03-07,3
ILM-EKF,GR,Deaths,0.259795985801415,2022-03-07,3
ILM-EKF,HR,Cases,0.385867306478994,2022-03-07,3
ILM-EKF,HR,Deaths,0.370557895715506,2022-03-07,3
ILM-EKF,HU,Cases,0.318182292659054,2022-03-07,3
ILM-EKF,HU,Deaths,0.431635310649668,2022-03-07,3
ILM-EKF,IT,Cases,0.406061301475135,2022-03-07,3
ILM-EKF,IT,Deaths,0.291213574991589,2022-03-07,3
ILM-EKF,LT,Cases,0.254851528827415,2022-03-07,3
ILM-EKF,LT,Deaths,0.108374821140843,2022-03-07,3
ILM-EKF,LV,Cases,0.298605525341699,2022-03-07,3
ILM-EKF,MT,Cases,0.416179078073806,2022-03-07,3
ILM-EKF,MT,Deaths,0.286675527538936,2022-03-07,3
ILM-EKF,PT,Cases,0.418726105212022,2022-03-07,3
ILM-EKF,RO,Cases,0.29507505046041,2022-03-07,3
ILM-EKF,RO,Deaths,0.345338600565959,2022-03-07,3
ILM-EKF,SI,Cases,0.105930832035128,2022-03-07,3
ILM-EKF,SK,Deaths,0.198082928585733,2022-03-07,3
RobertWalraven-ESG,AT,Cases,0.23476779115968,2022-03-07,3
RobertWalraven-ESG,AT,Deaths,0.365713335961133,2022-03-07,3
RobertWalraven-ESG,BE,Deaths,0.34905487744005,2022-03-07,3
RobertWalraven-ESG,CY,Cases,0.328757027421549,2022-03-07,3
RobertWalraven-ESG,CY,Deaths,0.37137941744513,2022-03-07,3
RobertWalraven-ESG,EE,Cases,0.291473095819797,2022-03-07,3
RobertWalraven-ESG,EE,Deaths,0.357102226210733,2022-03-07,3
RobertWalraven-ESG,ES,Cases,0.410316714711948,2022-03-07,3
RobertWalraven-ESG,FI,Cases,0.373041795034055,2022-03-07,3
RobertWalraven-ESG,FI,Deaths,0.364255225486606,2022-03-07,3
RobertWalraven-ESG,GR,Cases,0.299147276357717,2022-03-07,3
RobertWalraven-ESG,GR,Deaths,0.283139075165953,2022-03-07,3
RobertWalraven-ESG,HR,Deaths,0.382259855813487,2022-03-07,3
RobertWalraven-ESG,HU,Deaths,0.296568278234217,2022-03-07,3
RobertWalraven-ESG,IT,Deaths,0.330791434385824,2022-03-07,3
RobertWalraven-ESG,LT,Deaths,0.462854497817523,2022-03-07,3
RobertWalraven-ESG,LU,Deaths,0.340282899711137,2022-03-07,3
RobertWalraven-ESG,LV,Cases,0.253462151807631,2022-03-07,3
RobertWalraven-ESG,LV,Deaths,0.332653638733002,2022-03-07,3
RobertWalraven-ESG,NO,Cases,0.18064475156637,2022-03-07,3
RobertWalraven-ESG,PT,Deaths,0.309154382547634,2022-03-07,3
RobertWalraven-ESG,RO,Deaths,0.175956458054926,2022-03-07,3
RobertWalraven-ESG,SI,Deaths,0.182490359904652,2022-03-07,3
RobertWalraven-ESG,SK,Deaths,0.284541267740711,2022-03-07,3
ULZF-SEIRC19SI,SI,Cases,0.647644279467877,2022-03-07,3
ULZF-SEIRC19SI,SI,Deaths,0.616731007542549,2022-03-07,3
epiforecasts-EpiNow2,AT,Deaths,0.246337997051415,2022-03-07,3
epiforecasts-EpiNow2,BE,Cases,0.290479844049947,2022-03-07,3
epiforecasts-EpiNow2,BG,Cases,0.363821269525318,2022-03-07,3
epiforecasts-EpiNow2,BG,Deaths,0.457919260408674,2022-03-07,3
epiforecasts-EpiNow2,EE,Deaths,0.286844524140875,2022-03-07,3
epiforecasts-EpiNow2,ES,Cases,0.298157502874435,2022-03-07,3
epiforecasts-EpiNow2,FI,Cases,0.332407271869048,2022-03-07,3
epiforecasts-EpiNow2,HR,Cases,0.37328090993125,2022-03-07,3
epiforecasts-EpiNow2,HU,Cases,0.4812966769335,2022-03-07,3
epiforecasts-EpiNow2,LU,Deaths,0.345521750392598,2022-03-07,3
epiforecasts-EpiNow2,LV,Deaths,0.174982033178366,2022-03-07,3
epiforecasts-EpiNow2,MT,Cases,0.243076160879964,2022-03-07,3
epiforecasts-EpiNow2,MT,Deaths,0.529209108593869,2022-03-07,3
epiforecasts-EpiNow2,PT,Deaths,0.495565230768221,2022-03-07,3
epiforecasts-EpiNow2,RO,Cases,0.438079385690142,2022-03-07,3
epiforecasts-EpiNow2,RO,Deaths,0.478704941379115,2022-03-07,3
epiforecasts-EpiNow2,SI,Cases,0.246424888496995,2022-03-07,3
epiforecasts-EpiNow2,SI,Deaths,0.200778632552799,2022-03-07,3
epiforecasts-EpiNow2,SK,Cases,0.330899630950377,2022-03-07,3
epiforecasts-weeklygrowth,EE,Cases,0.319514742783544,2022-03-07,3
epiforecasts-weeklygrowth,ES,Cases,0.291525782413617,2022-03-07,3
epiforecasts-weeklygrowth,FI,Cases,0.294550933096898,2022-03-07,3
epiforecasts-weeklygrowth,HR,Cases,0.240851783589757,2022-03-07,3
epiforecasts-weeklygrowth,HU,Cases,0.200521030407446,2022-03-07,3
epiforecasts-weeklygrowth,IT,Cases,0.319359830683346,2022-03-07,3
epiforecasts-weeklygrowth,LT,Cases,0.408232818104523,2022-03-07,3
epiforecasts-weeklygrowth,NO,Cases,0.30344666304288,2022-03-07,3
epiforecasts-weeklygrowth,PT,Cases,0.325820004061097,2022-03-07,3
epiforecasts-weeklygrowth,RO,Cases,0.266845563849448,2022-03-07,3
epiforecasts-weeklygrowth,SK,Cases,0.349202035627788,2022-03-07,3
