model,location,target_type,weights,forecast_date,nmod
DSMPG-bayes,BG,Cases,0.260538543347575,2021-04-12,3
DSMPG-bayes,CY,Cases,0.305355362643073,2021-04-12,3
DSMPG-bayes,EE,Cases,0.225536379887656,2021-04-12,3
DSMPG-bayes,HU,Cases,0.247946312832105,2021-04-12,3
DSMPG-bayes,LT,Cases,0.386405356308286,2021-04-12,3
DSMPG-bayes,LV,Cases,0.396258097029568,2021-04-12,3
DSMPG-bayes,MT,Cases,0.27558588068422,2021-04-12,3
IEM_Health-CovidProject,AT,Cases,0.322986831199108,2021-04-12,3
IEM_Health-CovidProject,AT,Deaths,0.22717444256852,2021-04-12,3
IEM_Health-CovidProject,BE,Cases,0.353642754704591,2021-04-12,3
IEM_Health-CovidProject,BG,Cases,0.436781039420746,2021-04-12,3
IEM_Health-CovidProject,BG,Deaths,0.277780194312012,2021-04-12,3
IEM_Health-CovidProject,CY,Deaths,0.271933233752678,2021-04-12,3
IEM_Health-CovidProject,EE,Cases,0.155226306161593,2021-04-12,3
IEM_Health-CovidProject,EE,Deaths,0.30202246912501,2021-04-12,3
IEM_Health-CovidProject,ES,Cases,0.314337838749095,2021-04-12,3
IEM_Health-CovidProject,FI,Cases,0.352734219831926,2021-04-12,3
IEM_Health-CovidProject,FI,Deaths,0.328373742823446,2021-04-12,3
IEM_Health-CovidProject,GR,Cases,0.333144633018244,2021-04-12,3
IEM_Health-CovidProject,GR,Deaths,0.215996574771524,2021-04-12,3
IEM_Health-CovidProject,HR,Cases,0.363573278289578,2021-04-12,3
IEM_Health-CovidProject,HR,Deaths,0.15016347793985,2021-04-12,3
IEM_Health-CovidProject,HU,Deaths,0.448792313808871,2021-04-12,3
IEM_Health-CovidProject,IT,Deaths,0.288327359078856,2021-04-12,3
IEM_Health-CovidProject,LT,Cases,0.306126967431822,2021-04-12,3
IEM_Health-CovidProject,LT,Deaths,0.301104279504767,2021-04-12,3
IEM_Health-CovidProject,LV,Deaths,0.232163482701215,2021-04-12,3
IEM_Health-CovidProject,MT,Cases,0.233376352329548,2021-04-12,3
IEM_Health-CovidProject,MT,Deaths,0.280911027789105,2021-04-12,3
IEM_Health-CovidProject,NO,Cases,0.390842937462283,2021-04-12,3
IEM_Health-CovidProject,PT,Cases,0.236564146428826,2021-04-12,3
IEM_Health-CovidProject,PT,Deaths,0.34369067641859,2021-04-12,3
IEM_Health-CovidProject,RO,Cases,0.359173784983412,2021-04-12,3
IEM_Health-CovidProject,RO,Deaths,0.264541508234832,2021-04-12,3
IEM_Health-CovidProject,SI,Cases,0.300740855748055,2021-04-12,3
IEM_Health-CovidProject,SI,Deaths,0.261242385236446,2021-04-12,3
IEM_Health-CovidProject,SK,Cases,0.412893992229828,2021-04-12,3
IEM_Health-CovidProject,SK,Deaths,0.323970269877372,2021-04-12,3
ILM-EKF,AT,Cases,0.290734117146911,2021-04-12,3
ILM-EKF,AT,Deaths,0.277038913352203,2021-04-12,3
ILM-EKF,BE,Cases,0.292826291201032,2021-04-12,3
ILM-EKF,BE,Deaths,0.343007912125798,2021-04-12,3
ILM-EKF,BG,Deaths,0.155297078685678,2021-04-12,3
ILM-EKF,CY,Cases,0.400110430162145,2021-04-12,3
ILM-EKF,ES,Cases,0.322968608824487,2021-04-12,3
ILM-EKF,FI,Cases,0.325581824896333,2021-04-12,3
ILM-EKF,GR,Cases,0.323333374208905,2021-04-12,3
ILM-EKF,HR,Cases,0.319475653817206,2021-04-12,3
ILM-EKF,HR,Deaths,0.330227452575221,2021-04-12,3
ILM-EKF,HU,Cases,0.269415180625335,2021-04-12,3
ILM-EKF,HU,Deaths,0.213586011705326,2021-04-12,3
ILM-EKF,IT,Deaths,0.317099000482389,2021-04-12,3
ILM-EKF,LT,Cases,0.307467676259892,2021-04-12,3
ILM-EKF,LU,Deaths,0.246766180886792,2021-04-12,3
ILM-EKF,LV,Cases,0.25169283282476,2021-04-12,3
ILM-EKF,NO,Cases,0.356740633352696,2021-04-12,3
ILM-EKF,PT,Cases,0.351125161845237,2021-04-12,3
ILM-EKF,PT,Deaths,0.310226968579505,2021-04-12,3
ILM-EKF,RO,Cases,0.318212962368756,2021-04-12,3
ILM-EKF,RO,Deaths,0.283166884638706,2021-04-12,3
ILM-EKF,SI,Cases,0.31743622342029,2021-04-12,3
ILM-EKF,SI,Deaths,0.283030265209298,2021-04-12,3
ILM-EKF,SK,Cases,0.313741716650581,2021-04-12,3
ILM-EKF,SK,Deaths,0.326442132588569,2021-04-12,3
RobertWalraven-ESG,BE,Deaths,0.327880403835725,2021-04-12,3
RobertWalraven-ESG,BG,Deaths,0.566922727002309,2021-04-12,3
RobertWalraven-ESG,CY,Deaths,0.371296095122442,2021-04-12,3
RobertWalraven-ESG,EE,Deaths,0.390593340192312,2021-04-12,3
RobertWalraven-ESG,FI,Deaths,0.458904822977822,2021-04-12,3
RobertWalraven-ESG,GR,Deaths,0.369676739860409,2021-04-12,3
RobertWalraven-ESG,HU,Deaths,0.337621674485803,2021-04-12,3
RobertWalraven-ESG,LT,Deaths,0.293320439329625,2021-04-12,3
RobertWalraven-ESG,LU,Deaths,0.451040772107493,2021-04-12,3
RobertWalraven-ESG,LV,Deaths,0.27938598903874,2021-04-12,3
RobertWalraven-ESG,MT,Deaths,0.390949391441747,2021-04-12,3
RobertWalraven-ESG,SK,Deaths,0.349587597534059,2021-04-12,3
UNIPV-BayesINGARCHX,IT,Cases,0.233998250649466,2021-04-12,3
epiforecasts-EpiExpert,IT,Cases,0.315808102195435,2021-04-12,3
epiforecasts-EpiExpert,SK,Cases,0.273364291119591,2021-04-12,3
epiforecasts-EpiNow2,AT,Cases,0.38627905165398,2021-04-12,3
epiforecasts-EpiNow2,AT,Deaths,0.495786644079278,2021-04-12,3
epiforecasts-EpiNow2,BE,Cases,0.353530954094377,2021-04-12,3
epiforecasts-EpiNow2,BE,Deaths,0.329111684038477,2021-04-12,3
epiforecasts-EpiNow2,BG,Cases,0.302680417231679,2021-04-12,3
epiforecasts-EpiNow2,CY,Cases,0.294534207194781,2021-04-12,3
epiforecasts-EpiNow2,CY,Deaths,0.35677067112488,2021-04-12,3
epiforecasts-EpiNow2,EE,Cases,0.619237313950751,2021-04-12,3
epiforecasts-EpiNow2,EE,Deaths,0.307384190682679,2021-04-12,3
epiforecasts-EpiNow2,ES,Cases,0.362693552426419,2021-04-12,3
epiforecasts-EpiNow2,FI,Cases,0.321683955271741,2021-04-12,3
epiforecasts-EpiNow2,FI,Deaths,0.212721434198732,2021-04-12,3
epiforecasts-EpiNow2,GR,Cases,0.343521992772851,2021-04-12,3
epiforecasts-EpiNow2,GR,Deaths,0.414326685368067,2021-04-12,3
epiforecasts-EpiNow2,HR,Cases,0.316951067893215,2021-04-12,3
epiforecasts-EpiNow2,HR,Deaths,0.51960906948493,2021-04-12,3
epiforecasts-EpiNow2,HU,Cases,0.48263850654256,2021-04-12,3
epiforecasts-EpiNow2,IT,Cases,0.450193647155099,2021-04-12,3
epiforecasts-EpiNow2,IT,Deaths,0.394573640438755,2021-04-12,3
epiforecasts-EpiNow2,LT,Deaths,0.405575281165608,2021-04-12,3
epiforecasts-EpiNow2,LU,Deaths,0.302193047005716,2021-04-12,3
epiforecasts-EpiNow2,LV,Cases,0.352049070145673,2021-04-12,3
epiforecasts-EpiNow2,LV,Deaths,0.488450528260045,2021-04-12,3
epiforecasts-EpiNow2,MT,Cases,0.491037766986232,2021-04-12,3
epiforecasts-EpiNow2,MT,Deaths,0.328139580769148,2021-04-12,3
epiforecasts-EpiNow2,NO,Cases,0.252416429185021,2021-04-12,3
epiforecasts-EpiNow2,PT,Cases,0.412310691725937,2021-04-12,3
epiforecasts-EpiNow2,PT,Deaths,0.346082355001905,2021-04-12,3
epiforecasts-EpiNow2,RO,Cases,0.322613252647832,2021-04-12,3
epiforecasts-EpiNow2,RO,Deaths,0.452291607126462,2021-04-12,3
epiforecasts-EpiNow2,SI,Cases,0.381822920831655,2021-04-12,3
epiforecasts-EpiNow2,SI,Deaths,0.455727349554256,2021-04-12,3
DSMPG-bayes,EE,Cases,0.244892654429091,2021-04-19,3
DSMPG-bayes,FI,Cases,0.286080290282577,2021-04-19,3
DSMPG-bayes,HU,Cases,0.245406921961927,2021-04-19,3
DSMPG-bayes,LT,Cases,0.373442426193426,2021-04-19,3
DSMPG-bayes,LV,Cases,0.400905482556848,2021-04-19,3
DSMPG-bayes,MT,Cases,0.226677656133985,2021-04-19,3
DSMPG-bayes,NO,Cases,0.293359516211619,2021-04-19,3
IEM_Health-CovidProject,AT,Cases,0.296019271164334,2021-04-19,3
IEM_Health-CovidProject,AT,Deaths,0.287474209811493,2021-04-19,3
IEM_Health-CovidProject,BE,Cases,0.326828154454728,2021-04-19,3
IEM_Health-CovidProject,BE,Deaths,0.344385593597876,2021-04-19,3
IEM_Health-CovidProject,BG,Cases,0.310003550629936,2021-04-19,3
IEM_Health-CovidProject,CY,Cases,0.38516486604473,2021-04-19,3
IEM_Health-CovidProject,ES,Cases,0.487208280526686,2021-04-19,3
IEM_Health-CovidProject,FI,Deaths,0.293306513447995,2021-04-19,3
IEM_Health-CovidProject,GR,Cases,0.309308854312249,2021-04-19,3
IEM_Health-CovidProject,HR,Cases,0.345577625307848,2021-04-19,3
IEM_Health-CovidProject,LT,Deaths,0.298809917404348,2021-04-19,3
IEM_Health-CovidProject,PT,Deaths,0.325757546437768,2021-04-19,3
IEM_Health-CovidProject,RO,Cases,0.294048966729194,2021-04-19,3
IEM_Health-CovidProject,SI,Cases,0.337111864943068,2021-04-19,3
IEM_Health-CovidProject,SK,Cases,0.374727483791047,2021-04-19,3
IEM_Health-CovidProject,SK,Deaths,0.379129784984125,2021-04-19,3
ILM-EKF,CY,Cases,0.331954259863307,2021-04-19,3
ILM-EKF,GR,Cases,0.398645650881506,2021-04-19,3
ILM-EKF,HR,Cases,0.336878919508771,2021-04-19,3
ILM-EKF,IT,Cases,0.230038194156201,2021-04-19,3
ILM-EKF,IT,Deaths,0.249982613498024,2021-04-19,3
ILM-EKF,LT,Cases,0.288364778381183,2021-04-19,3
ILM-EKF,LU,Deaths,0.301224264237508,2021-04-19,3
ILM-EKF,LV,Cases,0.316791836601458,2021-04-19,3
ILM-EKF,PT,Cases,0.33393239892408,2021-04-19,3
ILM-EKF,SI,Cases,0.358458934890584,2021-04-19,3
ILM-EKF,SK,Cases,0.274100206211206,2021-04-19,3
RobertWalraven-ESG,BG,Deaths,0.414294719166513,2021-04-19,3
RobertWalraven-ESG,EE,Deaths,0.330466295268697,2021-04-19,3
RobertWalraven-ESG,FI,Deaths,0.424024059653264,2021-04-19,3
RobertWalraven-ESG,HU,Deaths,0.372501851607944,2021-04-19,3
RobertWalraven-ESG,IT,Deaths,0.297359440929407,2021-04-19,3
RobertWalraven-ESG,LU,Deaths,0.365453021060115,2021-04-19,3
RobertWalraven-ESG,MT,Deaths,0.264120924795322,2021-04-19,3
RobertWalraven-ESG,RO,Deaths,0.318376960810732,2021-04-19,3
UMass-MechBayes,BE,Deaths,0.33219279935548,2021-04-19,3
UMass-MechBayes,BG,Deaths,0.312370429621714,2021-04-19,3
UMass-MechBayes,CY,Deaths,0.321614487672262,2021-04-19,3
UMass-MechBayes,GR,Deaths,0.307753999330084,2021-04-19,3
UMass-MechBayes,HR,Deaths,0.313791759042683,2021-04-19,3
UMass-MechBayes,LT,Deaths,0.352620846380493,2021-04-19,3
UMass-MechBayes,LV,Deaths,0.274197592319984,2021-04-19,3
UMass-MechBayes,MT,Deaths,0.265514417245476,2021-04-19,3
UMass-MechBayes,PT,Deaths,0.328540883311494,2021-04-19,3
UMass-MechBayes,SI,Deaths,0.337915332882308,2021-04-19,3
UMass-MechBayes,SK,Deaths,0.304513057281421,2021-04-19,3
UMass-SemiMech,AT,Cases,0.309915516369371,2021-04-19,3
UMass-SemiMech,AT,Deaths,0.312044266806732,2021-04-19,3
UMass-SemiMech,BE,Cases,0.342251538815303,2021-04-19,3
UMass-SemiMech,BE,Deaths,0.323421607046645,2021-04-19,3
UMass-SemiMech,BG,Cases,0.336975889849489,2021-04-19,3
UMass-SemiMech,BG,Deaths,0.273334851211773,2021-04-19,3
UMass-SemiMech,CY,Cases,0.282880874091963,2021-04-19,3
UMass-SemiMech,CY,Deaths,0.310836757920978,2021-04-19,3
UMass-SemiMech,EE,Cases,0.202218981867873,2021-04-19,3
UMass-SemiMech,EE,Deaths,0.288449874295817,2021-04-19,3
UMass-SemiMech,FI,Cases,0.332666320306893,2021-04-19,3
UMass-SemiMech,GR,Cases,0.292045494806245,2021-04-19,3
UMass-SemiMech,GR,Deaths,0.306433907252697,2021-04-19,3
UMass-SemiMech,HR,Cases,0.31754345518338,2021-04-19,3
UMass-SemiMech,HR,Deaths,0.335219191907523,2021-04-19,3
UMass-SemiMech,HU,Cases,0.190263586652975,2021-04-19,3
UMass-SemiMech,HU,Deaths,0.290333491678296,2021-04-19,3
UMass-SemiMech,IT,Cases,0.213126220692896,2021-04-19,3
UMass-SemiMech,LT,Cases,0.338192795425391,2021-04-19,3
UMass-SemiMech,LT,Deaths,0.348569236215159,2021-04-19,3
UMass-SemiMech,LV,Cases,0.282302680841694,2021-04-19,3
UMass-SemiMech,LV,Deaths,0.334244940193044,2021-04-19,3
UMass-SemiMech,MT,Cases,0.314186396816537,2021-04-19,3
UMass-SemiMech,NO,Cases,0.317754981176825,2021-04-19,3
UMass-SemiMech,PT,Cases,0.310124124725439,2021-04-19,3
UMass-SemiMech,RO,Cases,0.299382349501548,2021-04-19,3
UMass-SemiMech,RO,Deaths,0.276667768754439,2021-04-19,3
UMass-SemiMech,SI,Cases,0.304429200166348,2021-04-19,3
UMass-SemiMech,SI,Deaths,0.30633944482126,2021-04-19,3
UMass-SemiMech,SK,Cases,0.351172309997747,2021-04-19,3
UMass-SemiMech,SK,Deaths,0.316357157734455,2021-04-19,3
UNIPV-BayesINGARCHX,ES,Cases,0.287563438807298,2021-04-19,3
epiforecasts-EpiNow2,AT,Cases,0.394065212466296,2021-04-19,3
epiforecasts-EpiNow2,AT,Deaths,0.400481523381774,2021-04-19,3
epiforecasts-EpiNow2,BE,Cases,0.330920306729969,2021-04-19,3
epiforecasts-EpiNow2,BG,Cases,0.353020559520576,2021-04-19,3
epiforecasts-EpiNow2,CY,Deaths,0.36754875440676,2021-04-19,3
epiforecasts-EpiNow2,EE,Cases,0.552888363703037,2021-04-19,3
epiforecasts-EpiNow2,EE,Deaths,0.381083830435486,2021-04-19,3
epiforecasts-EpiNow2,ES,Cases,0.225228280666016,2021-04-19,3
epiforecasts-EpiNow2,FI,Cases,0.38125338941053,2021-04-19,3
epiforecasts-EpiNow2,FI,Deaths,0.28266942689874,2021-04-19,3
epiforecasts-EpiNow2,GR,Deaths,0.385812093417219,2021-04-19,3
epiforecasts-EpiNow2,HR,Deaths,0.350989049049794,2021-04-19,3
epiforecasts-EpiNow2,HU,Cases,0.564329491385099,2021-04-19,3
epiforecasts-EpiNow2,HU,Deaths,0.33716465671376,2021-04-19,3
epiforecasts-EpiNow2,IT,Cases,0.556835585150903,2021-04-19,3
epiforecasts-EpiNow2,IT,Deaths,0.452657945572569,2021-04-19,3
epiforecasts-EpiNow2,LU,Deaths,0.333322714702377,2021-04-19,3
epiforecasts-EpiNow2,LV,Deaths,0.391557467486972,2021-04-19,3
epiforecasts-EpiNow2,MT,Cases,0.459135947049478,2021-04-19,3
epiforecasts-EpiNow2,MT,Deaths,0.470364657959202,2021-04-19,3
epiforecasts-EpiNow2,NO,Cases,0.388885502611555,2021-04-19,3
epiforecasts-EpiNow2,PT,Cases,0.355943476350481,2021-04-19,3
epiforecasts-EpiNow2,PT,Deaths,0.345701570250738,2021-04-19,3
epiforecasts-EpiNow2,RO,Cases,0.406568683769258,2021-04-19,3
epiforecasts-EpiNow2,RO,Deaths,0.40495527043483,2021-04-19,3
epiforecasts-EpiNow2,SI,Deaths,0.355745222296432,2021-04-19,3
DSMPG-bayes,AT,Cases,0.278470206666577,2021-04-26,3
DSMPG-bayes,BG,Cases,0.1779655327946,2021-04-26,3
DSMPG-bayes,EE,Cases,0.381237719725082,2021-04-26,3
DSMPG-bayes,FI,Cases,0.316271343003634,2021-04-26,3
DSMPG-bayes,HU,Cases,0.443121841591786,2021-04-26,3
DSMPG-bayes,LV,Cases,0.356062500435061,2021-04-26,3
DSMPG-bayes,MT,Cases,0.264188063053749,2021-04-26,3
IEM_Health-CovidProject,AT,Deaths,0.294698862008026,2021-04-26,3
IEM_Health-CovidProject,BE,Cases,0.247316190444941,2021-04-26,3
IEM_Health-CovidProject,BE,Deaths,0.296514009167682,2021-04-26,3
IEM_Health-CovidProject,ES,Cases,0.509771011438184,2021-04-26,3
IEM_Health-CovidProject,FI,Deaths,0.296587281193119,2021-04-26,3
IEM_Health-CovidProject,GR,Cases,0.306119969623936,2021-04-26,3
IEM_Health-CovidProject,HR,Cases,0.23300606653851,2021-04-26,3
IEM_Health-CovidProject,HR,Deaths,0.230730179455875,2021-04-26,3
IEM_Health-CovidProject,IT,Cases,0.25879922331106,2021-04-26,3
IEM_Health-CovidProject,LT,Cases,0.279254394152596,2021-04-26,3
IEM_Health-CovidProject,LT,Deaths,0.245266581084742,2021-04-26,3
IEM_Health-CovidProject,MT,Deaths,0.205603910868205,2021-04-26,3
IEM_Health-CovidProject,NO,Cases,0.157150247451739,2021-04-26,3
IEM_Health-CovidProject,PT,Cases,0.259041177355031,2021-04-26,3
IEM_Health-CovidProject,PT,Deaths,0.377539123562944,2021-04-26,3
IEM_Health-CovidProject,SI,Cases,0.341584754674013,2021-04-26,3
IEM_Health-CovidProject,SK,Cases,0.346159410973378,2021-04-26,3
ILM-EKF,CY,Cases,0.490266722465591,2021-04-26,3
ILM-EKF,GR,Cases,0.298371086044125,2021-04-26,3
ILM-EKF,HR,Cases,0.218391675786097,2021-04-26,3
ILM-EKF,IT,Deaths,0.257867769414034,2021-04-26,3
ILM-EKF,LT,Cases,0.285418465929839,2021-04-26,3
ILM-EKF,LV,Cases,0.291613642185785,2021-04-26,3
ILM-EKF,PT,Cases,0.35863062092267,2021-04-26,3
ILM-EKF,PT,Deaths,0.258514915278817,2021-04-26,3
ILM-EKF,RO,Cases,0.237863821560896,2021-04-26,3
ILM-EKF,SI,Cases,0.310148943630642,2021-04-26,3
ILM-EKF,SK,Cases,0.243139944018987,2021-04-26,3
ILM-EKF,SK,Deaths,0.280656926921453,2021-04-26,3
RobertWalraven-ESG,BG,Deaths,0.405752387515527,2021-04-26,3
RobertWalraven-ESG,FI,Deaths,0.348516599721588,2021-04-26,3
RobertWalraven-ESG,GR,Deaths,0.338671870853433,2021-04-26,3
RobertWalraven-ESG,LU,Deaths,0.35393020564787,2021-04-26,3
RobertWalraven-ESG,PT,Deaths,0.363945961158239,2021-04-26,3
RobertWalraven-ESG,RO,Deaths,0.565966168310693,2021-04-26,3
RobertWalraven-ESG,SI,Deaths,0.310768158330755,2021-04-26,3
UMass-MechBayes,BE,Deaths,0.357684833362274,2021-04-26,3
UMass-MechBayes,BG,Deaths,0.347785201133872,2021-04-26,3
UMass-MechBayes,CY,Deaths,0.394276346163514,2021-04-26,3
UMass-MechBayes,EE,Deaths,0.294477964139527,2021-04-26,3
UMass-MechBayes,GR,Deaths,0.32303842368842,2021-04-26,3
UMass-MechBayes,HR,Deaths,0.307537016208796,2021-04-26,3
UMass-MechBayes,HU,Deaths,0.323182501181854,2021-04-26,3
UMass-MechBayes,LT,Deaths,0.37420704773145,2021-04-26,3
UMass-MechBayes,LU,Deaths,0.30866544736434,2021-04-26,3
UMass-MechBayes,LV,Deaths,0.289738801376316,2021-04-26,3
UMass-MechBayes,MT,Deaths,0.246313644449837,2021-04-26,3
UMass-MechBayes,SI,Deaths,0.378669376730165,2021-04-26,3
UMass-MechBayes,SK,Deaths,0.343218578904664,2021-04-26,3
UMass-SemiMech,AT,Cases,0.358701683452245,2021-04-26,3
UMass-SemiMech,AT,Deaths,0.359706829471151,2021-04-26,3
UMass-SemiMech,BE,Cases,0.499529050200386,2021-04-26,3
UMass-SemiMech,BE,Deaths,0.345801157470044,2021-04-26,3
UMass-SemiMech,BG,Cases,0.315394552585284,2021-04-26,3
UMass-SemiMech,BG,Deaths,0.246462411350601,2021-04-26,3
UMass-SemiMech,CY,Cases,0.256095687021457,2021-04-26,3
UMass-SemiMech,CY,Deaths,0.349989382064455,2021-04-26,3
UMass-SemiMech,EE,Cases,0.162031735961347,2021-04-26,3
UMass-SemiMech,EE,Deaths,0.377459218518683,2021-04-26,3
UMass-SemiMech,ES,Cases,0.234077122613006,2021-04-26,3
UMass-SemiMech,FI,Cases,0.295271419424563,2021-04-26,3
UMass-SemiMech,GR,Cases,0.395508944331939,2021-04-26,3
UMass-SemiMech,GR,Deaths,0.338289705458146,2021-04-26,3
UMass-SemiMech,HR,Cases,0.548602257675393,2021-04-26,3
UMass-SemiMech,HR,Deaths,0.461732804335329,2021-04-26,3
UMass-SemiMech,HU,Cases,0.168964039721763,2021-04-26,3
UMass-SemiMech,HU,Deaths,0.29585023947995,2021-04-26,3
UMass-SemiMech,LT,Cases,0.435327139917565,2021-04-26,3
UMass-SemiMech,LT,Deaths,0.380526371183809,2021-04-26,3
UMass-SemiMech,LU,Deaths,0.33740434698779,2021-04-26,3
UMass-SemiMech,LV,Cases,0.352323857379154,2021-04-26,3
UMass-SemiMech,LV,Deaths,0.404065131213079,2021-04-26,3
UMass-SemiMech,MT,Cases,0.534585586600508,2021-04-26,3
UMass-SemiMech,NO,Cases,0.338518015897888,2021-04-26,3
UMass-SemiMech,PT,Cases,0.382328201722299,2021-04-26,3
UMass-SemiMech,RO,Cases,0.27499323448143,2021-04-26,3
UMass-SemiMech,RO,Deaths,0.22009724309034,2021-04-26,3
UMass-SemiMech,SI,Cases,0.348266301695346,2021-04-26,3
UMass-SemiMech,SI,Deaths,0.31056246493908,2021-04-26,3
UMass-SemiMech,SK,Cases,0.410700645007636,2021-04-26,3
UMass-SemiMech,SK,Deaths,0.376124494173883,2021-04-26,3
UNIPV-BayesINGARCHX,ES,Cases,0.256151865948811,2021-04-26,3
epiforecasts-EpiExpert,IT,Cases,0.26645910910685,2021-04-26,3
epiforecasts-EpiExpert,IT,Deaths,0.241645547298882,2021-04-26,3
epiforecasts-EpiNow2,AT,Cases,0.362828109881178,2021-04-26,3
epiforecasts-EpiNow2,AT,Deaths,0.345594308520823,2021-04-26,3
epiforecasts-EpiNow2,BE,Cases,0.253154759354674,2021-04-26,3
epiforecasts-EpiNow2,BG,Cases,0.506639914620117,2021-04-26,3
epiforecasts-EpiNow2,CY,Cases,0.253637590512952,2021-04-26,3
epiforecasts-EpiNow2,CY,Deaths,0.255734271772032,2021-04-26,3
epiforecasts-EpiNow2,EE,Cases,0.456730544313571,2021-04-26,3
epiforecasts-EpiNow2,EE,Deaths,0.32806281734179,2021-04-26,3
epiforecasts-EpiNow2,FI,Cases,0.388457237571803,2021-04-26,3
epiforecasts-EpiNow2,FI,Deaths,0.354896119085293,2021-04-26,3
epiforecasts-EpiNow2,HU,Cases,0.387914118686451,2021-04-26,3
epiforecasts-EpiNow2,HU,Deaths,0.380967259338196,2021-04-26,3
epiforecasts-EpiNow2,IT,Cases,0.47474166758209,2021-04-26,3
epiforecasts-EpiNow2,IT,Deaths,0.500486683287084,2021-04-26,3
epiforecasts-EpiNow2,LV,Deaths,0.306196067410605,2021-04-26,3
epiforecasts-EpiNow2,MT,Cases,0.201226350345743,2021-04-26,3
epiforecasts-EpiNow2,MT,Deaths,0.548082444681957,2021-04-26,3
epiforecasts-EpiNow2,NO,Cases,0.504331736650373,2021-04-26,3
epiforecasts-EpiNow2,RO,Cases,0.487142943957674,2021-04-26,3
epiforecasts-EpiNow2,RO,Deaths,0.213936588598968,2021-04-26,3
IEM_Health-CovidProject,AT,Cases,0.297156049956196,2021-05-03,3
IEM_Health-CovidProject,CY,Cases,0.298494144230794,2021-05-03,3
IEM_Health-CovidProject,ES,Cases,0.419254682065657,2021-05-03,3
IEM_Health-CovidProject,FI,Cases,0.249230515424635,2021-05-03,3
IEM_Health-CovidProject,GR,Cases,0.270531120846091,2021-05-03,3
IEM_Health-CovidProject,HR,Cases,0.189951116116636,2021-05-03,3
IEM_Health-CovidProject,IT,Cases,0.346207705418701,2021-05-03,3
IEM_Health-CovidProject,LT,Cases,0.335710694005556,2021-05-03,3
IEM_Health-CovidProject,LT,Deaths,0.250488126369721,2021-05-03,3
IEM_Health-CovidProject,LU,Deaths,0.332162292417849,2021-05-03,3
IEM_Health-CovidProject,LV,Cases,0.32098906183851,2021-05-03,3
IEM_Health-CovidProject,MT,Cases,0.321295215803195,2021-05-03,3
IEM_Health-CovidProject,NO,Cases,0.234298481843971,2021-05-03,3
IEM_Health-CovidProject,PT,Cases,0.294458875116051,2021-05-03,3
IEM_Health-CovidProject,PT,Deaths,0.436357678036967,2021-05-03,3
IEM_Health-CovidProject,SI,Cases,0.337435715326847,2021-05-03,3
IEM_Health-CovidProject,SI,Deaths,0.293882536073513,2021-05-03,3
IEM_Health-CovidProject,SK,Cases,0.357901071874331,2021-05-03,3
ILM-EKF,BE,Cases,0.339555899019332,2021-05-03,3
ILM-EKF,BG,Cases,0.1941425064248,2021-05-03,3
ILM-EKF,CY,Cases,0.42304692919348,2021-05-03,3
ILM-EKF,EE,Cases,0.396525698519135,2021-05-03,3
ILM-EKF,GR,Cases,0.247544849391692,2021-05-03,3
ILM-EKF,HU,Cases,0.282084572741054,2021-05-03,3
ILM-EKF,HU,Deaths,0.257635867068479,2021-05-03,3
ILM-EKF,IT,Deaths,0.280946471906871,2021-05-03,3
ILM-EKF,LT,Cases,0.292281336734848,2021-05-03,3
ILM-EKF,LV,Cases,0.317255417826022,2021-05-03,3
ILM-EKF,MT,Cases,0.356998657423147,2021-05-03,3
ILM-EKF,PT,Cases,0.379647023079567,2021-05-03,3
ILM-EKF,PT,Deaths,0.225250358695439,2021-05-03,3
ILM-EKF,RO,Cases,0.144424478122386,2021-05-03,3
ILM-EKF,RO,Deaths,0.345322299968919,2021-05-03,3
ILM-EKF,SI,Cases,0.288240701417355,2021-05-03,3
ILM-EKF,SK,Deaths,0.35940417039111,2021-05-03,3
RobertWalraven-ESG,AT,Deaths,0.312457927702068,2021-05-03,3
RobertWalraven-ESG,BE,Deaths,0.348685132532498,2021-05-03,3
RobertWalraven-ESG,BG,Deaths,0.511402217047371,2021-05-03,3
RobertWalraven-ESG,CY,Deaths,0.248204406087521,2021-05-03,3
RobertWalraven-ESG,FI,Deaths,0.32296635985682,2021-05-03,3
RobertWalraven-ESG,GR,Deaths,0.472367394362424,2021-05-03,3
RobertWalraven-ESG,HR,Deaths,0.29868457346473,2021-05-03,3
RobertWalraven-ESG,LU,Deaths,0.306072103837505,2021-05-03,3
RobertWalraven-ESG,MT,Deaths,0.230404959040621,2021-05-03,3
RobertWalraven-ESG,PT,Deaths,0.338391963267594,2021-05-03,3
RobertWalraven-ESG,RO,Deaths,0.33952673091505,2021-05-03,3
RobertWalraven-ESG,SI,Deaths,0.39014283588126,2021-05-03,3
UMass-MechBayes,BE,Deaths,0.309011586033238,2021-05-03,3
UMass-MechBayes,BG,Deaths,0.326262325001289,2021-05-03,3
UMass-MechBayes,CY,Deaths,0.404764838028674,2021-05-03,3
UMass-MechBayes,EE,Deaths,0.315752083605635,2021-05-03,3
UMass-MechBayes,FI,Deaths,0.387330706371052,2021-05-03,3
UMass-MechBayes,GR,Deaths,0.246478286814196,2021-05-03,3
UMass-MechBayes,HU,Deaths,0.447723096035304,2021-05-03,3
UMass-MechBayes,IT,Deaths,0.273703557519124,2021-05-03,3
UMass-MechBayes,LT,Deaths,0.355173147547573,2021-05-03,3
UMass-MechBayes,LV,Deaths,0.352457711139783,2021-05-03,3
UMass-MechBayes,MT,Deaths,0.419699385434544,2021-05-03,3
UMass-MechBayes,SI,Deaths,0.315974628045227,2021-05-03,3
UMass-MechBayes,SK,Deaths,0.317853500696257,2021-05-03,3
UMass-SemiMech,AT,Cases,0.295562049495449,2021-05-03,3
UMass-SemiMech,AT,Deaths,0.300705685100318,2021-05-03,3
UMass-SemiMech,BE,Cases,0.232097007698238,2021-05-03,3
UMass-SemiMech,BG,Cases,0.226466816087882,2021-05-03,3
UMass-SemiMech,CY,Deaths,0.347030755883805,2021-05-03,3
UMass-SemiMech,EE,Cases,0.309793023624026,2021-05-03,3
UMass-SemiMech,EE,Deaths,0.351619702085125,2021-05-03,3
UMass-SemiMech,ES,Cases,0.279714819538746,2021-05-03,3
UMass-SemiMech,FI,Cases,0.249626337368018,2021-05-03,3
UMass-SemiMech,GR,Cases,0.481924029762217,2021-05-03,3
UMass-SemiMech,GR,Deaths,0.28115431882338,2021-05-03,3
UMass-SemiMech,HR,Cases,0.532923344232398,2021-05-03,3
UMass-SemiMech,HR,Deaths,0.44876432878442,2021-05-03,3
UMass-SemiMech,HU,Cases,0.205268657096843,2021-05-03,3
UMass-SemiMech,HU,Deaths,0.294641036896217,2021-05-03,3
UMass-SemiMech,LT,Cases,0.372007969259596,2021-05-03,3
UMass-SemiMech,LT,Deaths,0.394338726082706,2021-05-03,3
UMass-SemiMech,LU,Deaths,0.361765603744646,2021-05-03,3
UMass-SemiMech,LV,Cases,0.361755520335468,2021-05-03,3
UMass-SemiMech,LV,Deaths,0.375651819581869,2021-05-03,3
UMass-SemiMech,MT,Cases,0.321706126773658,2021-05-03,3
UMass-SemiMech,NO,Cases,0.311217500489348,2021-05-03,3
UMass-SemiMech,PT,Cases,0.325894101804382,2021-05-03,3
UMass-SemiMech,RO,Cases,0.149912783950169,2021-05-03,3
UMass-SemiMech,RO,Deaths,0.315150969116032,2021-05-03,3
UMass-SemiMech,SI,Cases,0.374323583255799,2021-05-03,3
UMass-SemiMech,SK,Cases,0.392295071866633,2021-05-03,3
UMass-SemiMech,SK,Deaths,0.322742328912633,2021-05-03,3
UNIPV-BayesINGARCHX,ES,Cases,0.301030498395597,2021-05-03,3
epiforecasts-EpiExpert,BE,Cases,0.428347093282431,2021-05-03,3
epiforecasts-EpiExpert,BE,Deaths,0.342303281434264,2021-05-03,3
epiforecasts-EpiExpert,IT,Cases,0.345041496926468,2021-05-03,3
epiforecasts-EpiExpert,SK,Cases,0.249803856259036,2021-05-03,3
epiforecasts-EpiNow2,AT,Cases,0.407281900548356,2021-05-03,3
epiforecasts-EpiNow2,AT,Deaths,0.386836387197614,2021-05-03,3
epiforecasts-EpiNow2,BG,Cases,0.579390677487318,2021-05-03,3
epiforecasts-EpiNow2,BG,Deaths,0.162335457951341,2021-05-03,3
epiforecasts-EpiNow2,CY,Cases,0.278458926575726,2021-05-03,3
epiforecasts-EpiNow2,EE,Cases,0.29368127785684,2021-05-03,3
epiforecasts-EpiNow2,EE,Deaths,0.33262821430924,2021-05-03,3
epiforecasts-EpiNow2,FI,Cases,0.501143147207347,2021-05-03,3
epiforecasts-EpiNow2,FI,Deaths,0.289702933772129,2021-05-03,3
epiforecasts-EpiNow2,HR,Cases,0.277125539650967,2021-05-03,3
epiforecasts-EpiNow2,HR,Deaths,0.252551097750851,2021-05-03,3
epiforecasts-EpiNow2,HU,Cases,0.512646770162103,2021-05-03,3
epiforecasts-EpiNow2,IT,Cases,0.308750797654831,2021-05-03,3
epiforecasts-EpiNow2,IT,Deaths,0.445349970574005,2021-05-03,3
epiforecasts-EpiNow2,LV,Deaths,0.271890469278348,2021-05-03,3
epiforecasts-EpiNow2,MT,Deaths,0.349895655524836,2021-05-03,3
epiforecasts-EpiNow2,NO,Cases,0.454484017666681,2021-05-03,3
epiforecasts-EpiNow2,RO,Cases,0.705662737927445,2021-05-03,3
IEM_Health-CovidProject,CY,Cases,0.27944333712062,2021-05-10,3
IEM_Health-CovidProject,CY,Deaths,0.279344567297402,2021-05-10,3
IEM_Health-CovidProject,EE,Cases,0.388910962569229,2021-05-10,3
IEM_Health-CovidProject,ES,Cases,0.381930679205808,2021-05-10,3
IEM_Health-CovidProject,FI,Cases,0.389385567090954,2021-05-10,3
IEM_Health-CovidProject,IT,Cases,0.360862491688696,2021-05-10,3
IEM_Health-CovidProject,LT,Cases,0.336932399997437,2021-05-10,3
IEM_Health-CovidProject,LT,Deaths,0.372011157034635,2021-05-10,3
IEM_Health-CovidProject,LU,Deaths,0.277420210390222,2021-05-10,3
IEM_Health-CovidProject,LV,Cases,0.352918912631784,2021-05-10,3
IEM_Health-CovidProject,MT,Cases,0.220712134278674,2021-05-10,3
IEM_Health-CovidProject,NO,Cases,0.430198003334521,2021-05-10,3
IEM_Health-CovidProject,PT,Cases,0.364002386493003,2021-05-10,3
IEM_Health-CovidProject,PT,Deaths,0.491161243797586,2021-05-10,3
IEM_Health-CovidProject,SK,Cases,0.368251843497442,2021-05-10,3
ILM-EKF,AT,Cases,0.369052847973091,2021-05-10,3
ILM-EKF,BE,Cases,0.326169316567313,2021-05-10,3
ILM-EKF,BG,Cases,0.385064089795778,2021-05-10,3
ILM-EKF,BG,Deaths,0.266733109457783,2021-05-10,3
ILM-EKF,EE,Cases,0.326508831252333,2021-05-10,3
ILM-EKF,ES,Cases,0.34127635175244,2021-05-10,3
ILM-EKF,FI,Cases,0.336889695053275,2021-05-10,3
ILM-EKF,GR,Cases,0.225058967157367,2021-05-10,3
ILM-EKF,HU,Cases,0.375731649912627,2021-05-10,3
ILM-EKF,IT,Deaths,0.281665767080069,2021-05-10,3
ILM-EKF,MT,Cases,0.579091999461408,2021-05-10,3
ILM-EKF,NO,Cases,0.254239724109283,2021-05-10,3
ILM-EKF,PT,Cases,0.304992416770106,2021-05-10,3
ILM-EKF,PT,Deaths,0.194216046382024,2021-05-10,3
ILM-EKF,RO,Cases,0.136616626906343,2021-05-10,3
ILM-EKF,RO,Deaths,0.387100305452339,2021-05-10,3
ILM-EKF,SI,Cases,0.263630537862783,2021-05-10,3
RobertWalraven-ESG,AT,Deaths,0.393154370539499,2021-05-10,3
RobertWalraven-ESG,BE,Deaths,0.297894763273035,2021-05-10,3
RobertWalraven-ESG,BG,Deaths,0.352212707321167,2021-05-10,3
RobertWalraven-ESG,FI,Deaths,0.271519560546779,2021-05-10,3
RobertWalraven-ESG,GR,Deaths,0.445796941464848,2021-05-10,3
RobertWalraven-ESG,HR,Deaths,0.644027865183556,2021-05-10,3
RobertWalraven-ESG,LU,Deaths,0.381883256569704,2021-05-10,3
RobertWalraven-ESG,MT,Deaths,0.299356500323327,2021-05-10,3
RobertWalraven-ESG,PT,Deaths,0.31462270982039,2021-05-10,3
RobertWalraven-ESG,SI,Deaths,0.335584774353098,2021-05-10,3
UMass-MechBayes,BG,Deaths,0.38105418322105,2021-05-10,3
UMass-MechBayes,CY,Deaths,0.369695412309939,2021-05-10,3
UMass-MechBayes,EE,Deaths,0.327411447511936,2021-05-10,3
UMass-MechBayes,FI,Deaths,0.428672846664555,2021-05-10,3
UMass-MechBayes,GR,Deaths,0.273966612240311,2021-05-10,3
UMass-MechBayes,HU,Deaths,0.418749002447348,2021-05-10,3
UMass-MechBayes,IT,Deaths,0.427693684278278,2021-05-10,3
UMass-MechBayes,LT,Deaths,0.288057698864922,2021-05-10,3
UMass-MechBayes,LV,Deaths,0.351107186382297,2021-05-10,3
UMass-MechBayes,MT,Deaths,0.274057448180607,2021-05-10,3
UMass-MechBayes,RO,Deaths,0.297611726727674,2021-05-10,3
UMass-MechBayes,SI,Deaths,0.359424684927762,2021-05-10,3
UMass-MechBayes,SK,Deaths,0.329118073944417,2021-05-10,3
UMass-SemiMech,BG,Cases,0.221870597353373,2021-05-10,3
UMass-SemiMech,CY,Cases,0.371231435354717,2021-05-10,3
UMass-SemiMech,CY,Deaths,0.35096002039266,2021-05-10,3
UMass-SemiMech,EE,Deaths,0.275146742227277,2021-05-10,3
UMass-SemiMech,ES,Cases,0.276792969041752,2021-05-10,3
UMass-SemiMech,FI,Cases,0.273724737855771,2021-05-10,3
UMass-SemiMech,GR,Cases,0.401352066258934,2021-05-10,3
UMass-SemiMech,GR,Deaths,0.280236446294841,2021-05-10,3
UMass-SemiMech,HR,Cases,0.387541327966372,2021-05-10,3
UMass-SemiMech,HR,Deaths,0.176969303459817,2021-05-10,3
UMass-SemiMech,HU,Cases,0.193020151616962,2021-05-10,3
UMass-SemiMech,HU,Deaths,0.320334947369605,2021-05-10,3
UMass-SemiMech,LT,Cases,0.393057555367166,2021-05-10,3
UMass-SemiMech,LT,Deaths,0.339931144100443,2021-05-10,3
UMass-SemiMech,LU,Deaths,0.340696533040073,2021-05-10,3
UMass-SemiMech,LV,Cases,0.328350335884854,2021-05-10,3
UMass-SemiMech,LV,Deaths,0.365381187385427,2021-05-10,3
UMass-SemiMech,MT,Cases,0.200195866259917,2021-05-10,3
UMass-SemiMech,MT,Deaths,0.426586051496066,2021-05-10,3
UMass-SemiMech,RO,Cases,0.119878787163139,2021-05-10,3
UMass-SemiMech,RO,Deaths,0.315287967819987,2021-05-10,3
UMass-SemiMech,SI,Cases,0.359228162409134,2021-05-10,3
UMass-SemiMech,SI,Deaths,0.30499054071914,2021-05-10,3
UMass-SemiMech,SK,Cases,0.370423867134822,2021-05-10,3
epiforecasts-EpiExpert,AT,Cases,0.336826566379158,2021-05-10,3
epiforecasts-EpiExpert,BE,Cases,0.365889122096452,2021-05-10,3
epiforecasts-EpiExpert,BE,Deaths,0.303379162938826,2021-05-10,3
epiforecasts-EpiExpert,IT,Cases,0.334750078938234,2021-05-10,3
epiforecasts-EpiExpert,SK,Cases,0.261324289367737,2021-05-10,3
epiforecasts-EpiExpert_Rt,AT,Cases,0.294120585647751,2021-05-10,3
epiforecasts-EpiExpert_Rt,AT,Deaths,0.287423183040793,2021-05-10,3
epiforecasts-EpiExpert_Rt,HR,Cases,0.23237009858608,2021-05-10,3
epiforecasts-EpiExpert_Rt,HU,Deaths,0.260916050183047,2021-05-10,3
epiforecasts-EpiExpert_Rt,IT,Cases,0.304387429373071,2021-05-10,3
epiforecasts-EpiExpert_Rt,PT,Cases,0.331005196736891,2021-05-10,3
epiforecasts-EpiExpert_Rt,SK,Deaths,0.356837863364904,2021-05-10,3
epiforecasts-EpiNow2,AT,Deaths,0.319422446419708,2021-05-10,3
epiforecasts-EpiNow2,BE,Cases,0.307941561336235,2021-05-10,3
epiforecasts-EpiNow2,BE,Deaths,0.398726073788139,2021-05-10,3
epiforecasts-EpiNow2,BG,Cases,0.393065312850849,2021-05-10,3
epiforecasts-EpiNow2,CY,Cases,0.349325227524663,2021-05-10,3
epiforecasts-EpiNow2,EE,Cases,0.284580206178438,2021-05-10,3
epiforecasts-EpiNow2,EE,Deaths,0.397441810260787,2021-05-10,3
epiforecasts-EpiNow2,FI,Deaths,0.299807592788666,2021-05-10,3
epiforecasts-EpiNow2,GR,Cases,0.373588966583699,2021-05-10,3
epiforecasts-EpiNow2,HR,Cases,0.380088573447547,2021-05-10,3
epiforecasts-EpiNow2,HR,Deaths,0.179002831356626,2021-05-10,3
epiforecasts-EpiNow2,HU,Cases,0.431248198470412,2021-05-10,3
epiforecasts-EpiNow2,IT,Deaths,0.290640548641653,2021-05-10,3
epiforecasts-EpiNow2,LT,Cases,0.270010044635398,2021-05-10,3
epiforecasts-EpiNow2,LV,Cases,0.318730751483362,2021-05-10,3
epiforecasts-EpiNow2,LV,Deaths,0.283511626232276,2021-05-10,3
epiforecasts-EpiNow2,NO,Cases,0.315562272556196,2021-05-10,3
epiforecasts-EpiNow2,RO,Cases,0.743504585930518,2021-05-10,3
epiforecasts-EpiNow2,SI,Cases,0.377141299728084,2021-05-10,3
epiforecasts-EpiNow2,SK,Deaths,0.31404406269068,2021-05-10,3
IEM_Health-CovidProject,BE,Cases,0.27690334420945,2021-05-17,3
IEM_Health-CovidProject,BE,Deaths,0.250342949585044,2021-05-17,3
IEM_Health-CovidProject,CY,Cases,0.257095259805662,2021-05-17,3
IEM_Health-CovidProject,CY,Deaths,0.3587189793016,2021-05-17,3
IEM_Health-CovidProject,EE,Cases,0.420752772638695,2021-05-17,3
IEM_Health-CovidProject,ES,Cases,0.356433503440058,2021-05-17,3
IEM_Health-CovidProject,FI,Cases,0.417237895107551,2021-05-17,3
IEM_Health-CovidProject,HR,Cases,0.237954338719273,2021-05-17,3
IEM_Health-CovidProject,LT,Cases,0.379797366833847,2021-05-17,3
IEM_Health-CovidProject,LT,Deaths,0.37537952146563,2021-05-17,3
IEM_Health-CovidProject,LU,Deaths,0.177701363306242,2021-05-17,3
IEM_Health-CovidProject,LV,Cases,0.322622406602977,2021-05-17,3
IEM_Health-CovidProject,MT,Cases,0.155514248624969,2021-05-17,3
IEM_Health-CovidProject,NO,Cases,0.425895030935519,2021-05-17,3
IEM_Health-CovidProject,PT,Cases,0.264831254104874,2021-05-17,3
IEM_Health-CovidProject,PT,Deaths,0.461189626640789,2021-05-17,3
IEM_Health-CovidProject,SK,Cases,0.434443358262891,2021-05-17,3
ILM-EKF,AT,Cases,0.354344653095625,2021-05-17,3
ILM-EKF,BE,Cases,0.358803280501568,2021-05-17,3
ILM-EKF,BG,Cases,0.414747001429588,2021-05-17,3
ILM-EKF,BG,Deaths,0.304855408005799,2021-05-17,3
ILM-EKF,EE,Cases,0.299476603145881,2021-05-17,3
ILM-EKF,FI,Cases,0.294748152676052,2021-05-17,3
ILM-EKF,GR,Cases,0.306888512994486,2021-05-17,3
ILM-EKF,HU,Cases,0.312329037916333,2021-05-17,3
ILM-EKF,IT,Cases,0.365462887581591,2021-05-17,3
ILM-EKF,IT,Deaths,0.270889742520058,2021-05-17,3
ILM-EKF,LV,Cases,0.314055472422838,2021-05-17,3
ILM-EKF,MT,Cases,0.578354424332611,2021-05-17,3
ILM-EKF,NO,Cases,0.291095683293809,2021-05-17,3
ILM-EKF,RO,Cases,0.297476113915715,2021-05-17,3
ILM-EKF,RO,Deaths,0.362962665815259,2021-05-17,3
ILM-EKF,SI,Cases,0.275136956368422,2021-05-17,3
ILM-EKF,SK,Cases,0.246288784511645,2021-05-17,3
ILM-EKF,SK,Deaths,0.291075847216144,2021-05-17,3
RobertWalraven-ESG,AT,Deaths,0.368102008025338,2021-05-17,3
RobertWalraven-ESG,BE,Deaths,0.398094546216852,2021-05-17,3
RobertWalraven-ESG,CY,Deaths,0.323037459310291,2021-05-17,3
RobertWalraven-ESG,HR,Deaths,0.443350546831281,2021-05-17,3
RobertWalraven-ESG,LT,Deaths,0.313145986885414,2021-05-17,3
RobertWalraven-ESG,LU,Deaths,0.478007596109957,2021-05-17,3
RobertWalraven-ESG,LV,Deaths,0.267906855842293,2021-05-17,3
RobertWalraven-ESG,MT,Deaths,0.440760297840116,2021-05-17,3
RobertWalraven-ESG,PT,Deaths,0.284139529437071,2021-05-17,3
UB-BSLCoV,ES,Cases,0.271249702484081,2021-05-17,3
UMass-MechBayes,BG,Deaths,0.431141383126533,2021-05-17,3
UMass-MechBayes,CY,Deaths,0.318243561388109,2021-05-17,3
UMass-MechBayes,EE,Deaths,0.334124270853397,2021-05-17,3
UMass-MechBayes,FI,Deaths,0.344854265511085,2021-05-17,3
UMass-MechBayes,GR,Deaths,0.334003126073299,2021-05-17,3
UMass-MechBayes,HR,Deaths,0.317811250544266,2021-05-17,3
UMass-MechBayes,HU,Deaths,0.290137445003125,2021-05-17,3
UMass-MechBayes,IT,Deaths,0.510806917980678,2021-05-17,3
UMass-MechBayes,LT,Deaths,0.311474491648956,2021-05-17,3
UMass-MechBayes,LV,Deaths,0.375440047127473,2021-05-17,3
UMass-MechBayes,MT,Deaths,0.223479289189996,2021-05-17,3
UMass-MechBayes,PT,Deaths,0.25467084392214,2021-05-17,3
UMass-MechBayes,RO,Deaths,0.354050464101695,2021-05-17,3
UMass-MechBayes,SI,Deaths,0.332604174228752,2021-05-17,3
UMass-MechBayes,SK,Deaths,0.35033898433352,2021-05-17,3
UMass-SemiMech,AT,Cases,0.293115544114713,2021-05-17,3
UMass-SemiMech,AT,Deaths,0.279711764812846,2021-05-17,3
UMass-SemiMech,BG,Cases,0.162604821361001,2021-05-17,3
UMass-SemiMech,BG,Deaths,0.264003208867668,2021-05-17,3
UMass-SemiMech,CY,Cases,0.3692951648508,2021-05-17,3
UMass-SemiMech,EE,Cases,0.279770624215424,2021-05-17,3
UMass-SemiMech,EE,Deaths,0.310771944198745,2021-05-17,3
UMass-SemiMech,FI,Cases,0.288013952216397,2021-05-17,3
UMass-SemiMech,FI,Deaths,0.344663072354359,2021-05-17,3
UMass-SemiMech,GR,Cases,0.337360905877912,2021-05-17,3
UMass-SemiMech,GR,Deaths,0.334255813936043,2021-05-17,3
UMass-SemiMech,HR,Cases,0.408309948552942,2021-05-17,3
UMass-SemiMech,HR,Deaths,0.238838202624453,2021-05-17,3
UMass-SemiMech,HU,Cases,0.236013327239992,2021-05-17,3
UMass-SemiMech,HU,Deaths,0.275404064189983,2021-05-17,3
UMass-SemiMech,IT,Cases,0.322470063118517,2021-05-17,3
UMass-SemiMech,IT,Deaths,0.218303339499264,2021-05-17,3
UMass-SemiMech,LT,Cases,0.38160777143582,2021-05-17,3
UMass-SemiMech,LU,Deaths,0.344291040583801,2021-05-17,3
UMass-SemiMech,LV,Deaths,0.356653097030234,2021-05-17,3
UMass-SemiMech,MT,Cases,0.26613132704242,2021-05-17,3
UMass-SemiMech,MT,Deaths,0.335760412969889,2021-05-17,3
UMass-SemiMech,PT,Cases,0.413643031056745,2021-05-17,3
UMass-SemiMech,RO,Cases,0.152656651087165,2021-05-17,3
UMass-SemiMech,RO,Deaths,0.282986870083046,2021-05-17,3
UMass-SemiMech,SI,Cases,0.282015327761651,2021-05-17,3
UMass-SemiMech,SI,Deaths,0.305153139180731,2021-05-17,3
UMass-SemiMech,SK,Cases,0.319267857225464,2021-05-17,3
epiforecasts-EpiNow2,AT,Cases,0.352539802789662,2021-05-17,3
epiforecasts-EpiNow2,AT,Deaths,0.352186227161817,2021-05-17,3
epiforecasts-EpiNow2,BE,Cases,0.364293375288983,2021-05-17,3
epiforecasts-EpiNow2,BE,Deaths,0.351562504198104,2021-05-17,3
epiforecasts-EpiNow2,BG,Cases,0.422648177209411,2021-05-17,3
epiforecasts-EpiNow2,CY,Cases,0.373609575343538,2021-05-17,3
epiforecasts-EpiNow2,EE,Deaths,0.355103784947858,2021-05-17,3
epiforecasts-EpiNow2,ES,Cases,0.372316794075861,2021-05-17,3
epiforecasts-EpiNow2,FI,Deaths,0.310482662134556,2021-05-17,3
epiforecasts-EpiNow2,GR,Cases,0.355750581127602,2021-05-17,3
epiforecasts-EpiNow2,GR,Deaths,0.331741059990658,2021-05-17,3
epiforecasts-EpiNow2,HR,Cases,0.353735712727785,2021-05-17,3
epiforecasts-EpiNow2,HU,Cases,0.451657634843675,2021-05-17,3
epiforecasts-EpiNow2,HU,Deaths,0.434458490806892,2021-05-17,3
epiforecasts-EpiNow2,IT,Cases,0.312067049299892,2021-05-17,3
epiforecasts-EpiNow2,LT,Cases,0.238594861730333,2021-05-17,3
epiforecasts-EpiNow2,LV,Cases,0.363322120974185,2021-05-17,3
epiforecasts-EpiNow2,NO,Cases,0.283009285770673,2021-05-17,3
epiforecasts-EpiNow2,PT,Cases,0.321525714838381,2021-05-17,3
epiforecasts-EpiNow2,RO,Cases,0.54986723499712,2021-05-17,3
epiforecasts-EpiNow2,SI,Cases,0.442847715869927,2021-05-17,3
epiforecasts-EpiNow2,SI,Deaths,0.362242686590517,2021-05-17,3
epiforecasts-EpiNow2,SK,Deaths,0.358585168450336,2021-05-17,3
IEM_Health-CovidProject,BG,Cases,0.106619342389405,2021-05-24,3
IEM_Health-CovidProject,CY,Cases,0.163603882093744,2021-05-24,3
IEM_Health-CovidProject,CY,Deaths,0.305474778616923,2021-05-24,3
IEM_Health-CovidProject,EE,Cases,0.431823150279956,2021-05-24,3
IEM_Health-CovidProject,ES,Cases,0.233495913216682,2021-05-24,3
IEM_Health-CovidProject,FI,Cases,0.472466011712633,2021-05-24,3
IEM_Health-CovidProject,FI,Deaths,0.343731363212018,2021-05-24,3
IEM_Health-CovidProject,GR,Cases,0.333334853553198,2021-05-24,3
IEM_Health-CovidProject,HU,Cases,0.071450539983696,2021-05-24,3
IEM_Health-CovidProject,LT,Cases,0.283874218674961,2021-05-24,3
IEM_Health-CovidProject,LT,Deaths,0.349320673189149,2021-05-24,3
IEM_Health-CovidProject,LU,Deaths,0.219445872892517,2021-05-24,3
IEM_Health-CovidProject,LV,Cases,0.310415642136725,2021-05-24,3
IEM_Health-CovidProject,NO,Cases,0.477355553759342,2021-05-24,3
IEM_Health-CovidProject,PT,Cases,0.336239212023759,2021-05-24,3
IEM_Health-CovidProject,PT,Deaths,0.525614839672624,2021-05-24,3
IEM_Health-CovidProject,SI,Cases,0.23075644126629,2021-05-24,3
IEM_Health-CovidProject,SK,Cases,0.361137445422635,2021-05-24,3
ILM-EKF,AT,Cases,0.363431902183469,2021-05-24,3
ILM-EKF,BE,Cases,0.294042414270249,2021-05-24,3
ILM-EKF,BG,Cases,0.480340393794734,2021-05-24,3
ILM-EKF,BG,Deaths,0.332833966267561,2021-05-24,3
ILM-EKF,EE,Cases,0.294851883234709,2021-05-24,3
ILM-EKF,GR,Cases,0.354504426558704,2021-05-24,3
ILM-EKF,HR,Cases,0.176076624783988,2021-05-24,3
ILM-EKF,HU,Cases,0.414503068385815,2021-05-24,3
ILM-EKF,HU,Deaths,0.290901182964347,2021-05-24,3
ILM-EKF,IT,Cases,0.329483821428034,2021-05-24,3
ILM-EKF,LV,Cases,0.317658353307396,2021-05-24,3
ILM-EKF,MT,Cases,0.359748682947797,2021-05-24,3
ILM-EKF,PT,Cases,0.284189373558846,2021-05-24,3
ILM-EKF,RO,Cases,0.482131175477927,2021-05-24,3
ILM-EKF,RO,Deaths,0.252043324943364,2021-05-24,3
ILM-EKF,SI,Cases,0.368154493798141,2021-05-24,3
ILM-EKF,SK,Cases,0.227613102931541,2021-05-24,3
ILM-EKF,SK,Deaths,0.311349073739624,2021-05-24,3
RobertWalraven-ESG,AT,Deaths,0.378831815113157,2021-05-24,3
RobertWalraven-ESG,BE,Deaths,0.404963495102619,2021-05-24,3
RobertWalraven-ESG,GR,Deaths,0.297086569668109,2021-05-24,3
RobertWalraven-ESG,IT,Deaths,0.39468352541011,2021-05-24,3
RobertWalraven-ESG,LT,Deaths,0.334005357067376,2021-05-24,3
RobertWalraven-ESG,LU,Deaths,0.478662483996799,2021-05-24,3
RobertWalraven-ESG,MT,Deaths,0.397721985701039,2021-05-24,3
UB-BSLCoV,ES,Cases,0.307778422282228,2021-05-24,3
UMass-MechBayes,AT,Deaths,0.313122566217049,2021-05-24,3
UMass-MechBayes,BE,Deaths,0.358711481184505,2021-05-24,3
UMass-MechBayes,BG,Deaths,0.40237049664194,2021-05-24,3
UMass-MechBayes,CY,Deaths,0.379243045160854,2021-05-24,3
UMass-MechBayes,EE,Deaths,0.376844046580261,2021-05-24,3
UMass-MechBayes,HR,Deaths,0.367199601235118,2021-05-24,3
UMass-MechBayes,HU,Deaths,0.210427638425536,2021-05-24,3
UMass-MechBayes,IT,Deaths,0.380475998457748,2021-05-24,3
UMass-MechBayes,LT,Deaths,0.316673969743475,2021-05-24,3
UMass-MechBayes,LV,Deaths,0.30310852631048,2021-05-24,3
UMass-MechBayes,PT,Deaths,0.251765264794377,2021-05-24,3
UMass-MechBayes,RO,Deaths,0.406798715189037,2021-05-24,3
UMass-MechBayes,SI,Deaths,0.359815622369035,2021-05-24,3
UMass-MechBayes,SK,Deaths,0.401283679449505,2021-05-24,3
UMass-SemiMech,AT,Cases,0.276899766297296,2021-05-24,3
UMass-SemiMech,CY,Cases,0.339766376870842,2021-05-24,3
UMass-SemiMech,EE,Cases,0.273324966485335,2021-05-24,3
UMass-SemiMech,EE,Deaths,0.301151289434003,2021-05-24,3
UMass-SemiMech,FI,Cases,0.27687051013951,2021-05-24,3
UMass-SemiMech,FI,Deaths,0.342692704629367,2021-05-24,3
UMass-SemiMech,GR,Cases,0.312160719888098,2021-05-24,3
UMass-SemiMech,GR,Deaths,0.272805525075837,2021-05-24,3
UMass-SemiMech,HR,Cases,0.216637870312558,2021-05-24,3
UMass-SemiMech,HR,Deaths,0.212147162006291,2021-05-24,3
UMass-SemiMech,IT,Cases,0.374373896157245,2021-05-24,3
UMass-SemiMech,IT,Deaths,0.224840476132142,2021-05-24,3
UMass-SemiMech,LT,Cases,0.392914842550999,2021-05-24,3
UMass-SemiMech,LU,Deaths,0.301891643110685,2021-05-24,3
UMass-SemiMech,LV,Cases,0.37192600455588,2021-05-24,3
UMass-SemiMech,LV,Deaths,0.357594931371707,2021-05-24,3
UMass-SemiMech,MT,Cases,0.145135635718759,2021-05-24,3
UMass-SemiMech,MT,Deaths,0.271241422409408,2021-05-24,3
UMass-SemiMech,NO,Cases,0.299048736576431,2021-05-24,3
UMass-SemiMech,PT,Cases,0.379571414417396,2021-05-24,3
UMass-SemiMech,RO,Cases,0.106887179382767,2021-05-24,3
UMass-SemiMech,SI,Deaths,0.260600763107273,2021-05-24,3
UMass-SemiMech,SK,Cases,0.411249451645824,2021-05-24,3
epiforecasts-EpiExpert,BE,Cases,0.378989063248303,2021-05-24,3
epiforecasts-EpiNow2,AT,Cases,0.359668331519235,2021-05-24,3
epiforecasts-EpiNow2,AT,Deaths,0.308045618669794,2021-05-24,3
epiforecasts-EpiNow2,BE,Cases,0.326968522481448,2021-05-24,3
epiforecasts-EpiNow2,BE,Deaths,0.236325023712876,2021-05-24,3
epiforecasts-EpiNow2,BG,Cases,0.41304026381586,2021-05-24,3
epiforecasts-EpiNow2,BG,Deaths,0.264795537090499,2021-05-24,3
epiforecasts-EpiNow2,CY,Cases,0.496629741035414,2021-05-24,3
epiforecasts-EpiNow2,CY,Deaths,0.315282176222222,2021-05-24,3
epiforecasts-EpiNow2,EE,Deaths,0.322004663985736,2021-05-24,3
epiforecasts-EpiNow2,ES,Cases,0.458725664501089,2021-05-24,3
epiforecasts-EpiNow2,FI,Cases,0.250663478147858,2021-05-24,3
epiforecasts-EpiNow2,FI,Deaths,0.313575932158615,2021-05-24,3
epiforecasts-EpiNow2,GR,Deaths,0.430107905256053,2021-05-24,3
epiforecasts-EpiNow2,HR,Cases,0.607285504903454,2021-05-24,3
epiforecasts-EpiNow2,HR,Deaths,0.420653236758591,2021-05-24,3
epiforecasts-EpiNow2,HU,Cases,0.51404639163049,2021-05-24,3
epiforecasts-EpiNow2,HU,Deaths,0.498671178610117,2021-05-24,3
epiforecasts-EpiNow2,IT,Cases,0.296142282414721,2021-05-24,3
epiforecasts-EpiNow2,LT,Cases,0.32321093877404,2021-05-24,3
epiforecasts-EpiNow2,LV,Deaths,0.339296542317813,2021-05-24,3
epiforecasts-EpiNow2,MT,Cases,0.495115681333444,2021-05-24,3
epiforecasts-EpiNow2,MT,Deaths,0.331036591889553,2021-05-24,3
epiforecasts-EpiNow2,NO,Cases,0.223595709664227,2021-05-24,3
epiforecasts-EpiNow2,PT,Deaths,0.222619895533,2021-05-24,3
epiforecasts-EpiNow2,RO,Cases,0.410981645139306,2021-05-24,3
epiforecasts-EpiNow2,RO,Deaths,0.341157959867599,2021-05-24,3
epiforecasts-EpiNow2,SI,Cases,0.40108906493557,2021-05-24,3
epiforecasts-EpiNow2,SI,Deaths,0.379583614523692,2021-05-24,3
epiforecasts-EpiNow2,SK,Deaths,0.287367246810872,2021-05-24,3
IEM_Health-CovidProject,BE,Cases,0.253352337283168,2021-05-31,3
IEM_Health-CovidProject,EE,Cases,0.316910407523578,2021-05-31,3
IEM_Health-CovidProject,FI,Cases,0.374875186064493,2021-05-31,3
IEM_Health-CovidProject,FI,Deaths,0.355745528222139,2021-05-31,3
IEM_Health-CovidProject,GR,Cases,0.378593951813845,2021-05-31,3
IEM_Health-CovidProject,LT,Deaths,0.325185244579428,2021-05-31,3
IEM_Health-CovidProject,LU,Deaths,0.368658808810956,2021-05-31,3
IEM_Health-CovidProject,LV,Cases,0.308979251337239,2021-05-31,3
IEM_Health-CovidProject,NO,Cases,0.454847358114146,2021-05-31,3
IEM_Health-CovidProject,PT,Cases,0.434095555141561,2021-05-31,3
IEM_Health-CovidProject,PT,Deaths,0.378959544675931,2021-05-31,3
IEM_Health-CovidProject,SK,Cases,0.362054907930193,2021-05-31,3
ILM-EKF,AT,Cases,0.28859961964662,2021-05-31,3
ILM-EKF,BE,Cases,0.394203329650866,2021-05-31,3
ILM-EKF,BG,Cases,0.361212195695519,2021-05-31,3
ILM-EKF,BG,Deaths,0.269338882119105,2021-05-31,3
ILM-EKF,EE,Cases,0.480117699670688,2021-05-31,3
ILM-EKF,ES,Cases,0.205387871625561,2021-05-31,3
ILM-EKF,GR,Cases,0.331501125520346,2021-05-31,3
ILM-EKF,HR,Cases,0.198894281019705,2021-05-31,3
ILM-EKF,HU,Cases,0.348311605379851,2021-05-31,3
ILM-EKF,HU,Deaths,0.478941134152538,2021-05-31,3
ILM-EKF,LV,Cases,0.307473244386773,2021-05-31,3
ILM-EKF,MT,Cases,0.333145940271346,2021-05-31,3
ILM-EKF,PT,Cases,0.279547347105765,2021-05-31,3
ILM-EKF,RO,Cases,0.54686140066665,2021-05-31,3
ILM-EKF,RO,Deaths,0.28496491480577,2021-05-31,3
ILM-EKF,SI,Cases,0.356472386149811,2021-05-31,3
ILM-EKF,SK,Cases,0.245486690331054,2021-05-31,3
ILM-EKF,SK,Deaths,0.313363589672634,2021-05-31,3
MUNI-ARIMA,AT,Cases,0.320490572442596,2021-05-31,3
MUNI-ARIMA,BE,Deaths,0.198685664299618,2021-05-31,3
MUNI-ARIMA,BG,Cases,0.253580570466751,2021-05-31,3
MUNI-ARIMA,CY,Cases,0.150070123328542,2021-05-31,3
MUNI-ARIMA,EE,Cases,0.202971892805734,2021-05-31,3
MUNI-ARIMA,FI,Cases,0.284517407232718,2021-05-31,3
MUNI-ARIMA,FI,Deaths,0.276545051953147,2021-05-31,3
MUNI-ARIMA,GR,Deaths,0.253039381377944,2021-05-31,3
MUNI-ARIMA,HR,Cases,0.222130042877732,2021-05-31,3
MUNI-ARIMA,HU,Cases,0.26395003259362,2021-05-31,3
MUNI-ARIMA,IT,Cases,0.310701066550022,2021-05-31,3
MUNI-ARIMA,LT,Cases,0.285979390547707,2021-05-31,3
MUNI-ARIMA,MT,Cases,0.249054481381297,2021-05-31,3
MUNI-ARIMA,NO,Cases,0.241500690575706,2021-05-31,3
MUNI-ARIMA,RO,Cases,0.225283286292468,2021-05-31,3
MUNI-ARIMA,SI,Cases,0.280396460666541,2021-05-31,3
RobertWalraven-ESG,AT,Deaths,0.399782938691369,2021-05-31,3
RobertWalraven-ESG,BE,Deaths,0.40116852167231,2021-05-31,3
RobertWalraven-ESG,BG,Deaths,0.433437622051797,2021-05-31,3
RobertWalraven-ESG,EE,Deaths,0.347326348538188,2021-05-31,3
RobertWalraven-ESG,GR,Deaths,0.45575088395482,2021-05-31,3
RobertWalraven-ESG,HU,Deaths,0.241744947673645,2021-05-31,3
RobertWalraven-ESG,IT,Deaths,0.334328515383225,2021-05-31,3
RobertWalraven-ESG,LT,Deaths,0.38493829192174,2021-05-31,3
RobertWalraven-ESG,LU,Deaths,0.339185498998552,2021-05-31,3
RobertWalraven-ESG,MT,Deaths,0.359680636326129,2021-05-31,3
RobertWalraven-ESG,SK,Deaths,0.287452789065872,2021-05-31,3
UB-BSLCoV,ES,Cases,0.503812754315498,2021-05-31,3
UMass-MechBayes,AT,Deaths,0.296723936002945,2021-05-31,3
UMass-MechBayes,BE,Deaths,0.400145814028072,2021-05-31,3
UMass-MechBayes,BG,Deaths,0.297223495829098,2021-05-31,3
UMass-MechBayes,CY,Deaths,0.375982201698679,2021-05-31,3
UMass-MechBayes,EE,Deaths,0.382747900606056,2021-05-31,3
UMass-MechBayes,HR,Deaths,0.29525749155575,2021-05-31,3
UMass-MechBayes,HU,Deaths,0.279313918173817,2021-05-31,3
UMass-MechBayes,IT,Deaths,0.421185617684616,2021-05-31,3
UMass-MechBayes,LT,Deaths,0.289876463498831,2021-05-31,3
UMass-MechBayes,LV,Deaths,0.366960769271202,2021-05-31,3
UMass-MechBayes,MT,Deaths,0.301245305673002,2021-05-31,3
UMass-MechBayes,PT,Deaths,0.29942462433498,2021-05-31,3
UMass-MechBayes,RO,Deaths,0.359079882577536,2021-05-31,3
UMass-MechBayes,SI,Deaths,0.399283613447993,2021-05-31,3
UMass-MechBayes,SK,Deaths,0.399183621261494,2021-05-31,3
UMass-SemiMech,CY,Cases,0.113527230418069,2021-05-31,3
UMass-SemiMech,CY,Deaths,0.23720665062617,2021-05-31,3
UMass-SemiMech,EE,Deaths,0.269925750855756,2021-05-31,3
UMass-SemiMech,FI,Deaths,0.367709419824714,2021-05-31,3
UMass-SemiMech,GR,Cases,0.289904922665809,2021-05-31,3
UMass-SemiMech,HR,Deaths,0.185973537870443,2021-05-31,3
UMass-SemiMech,IT,Cases,0.337262181084142,2021-05-31,3
UMass-SemiMech,IT,Deaths,0.244485866932159,2021-05-31,3
UMass-SemiMech,LT,Cases,0.370602459754045,2021-05-31,3
UMass-SemiMech,LU,Deaths,0.292155692190492,2021-05-31,3
UMass-SemiMech,LV,Cases,0.383547504275988,2021-05-31,3
UMass-SemiMech,LV,Deaths,0.309834501119798,2021-05-31,3
UMass-SemiMech,MT,Deaths,0.339074058000869,2021-05-31,3
UMass-SemiMech,NO,Cases,0.303651951310148,2021-05-31,3
UMass-SemiMech,PT,Cases,0.286357097752674,2021-05-31,3
UMass-SemiMech,RO,Deaths,0.355955202616695,2021-05-31,3
UMass-SemiMech,SI,Deaths,0.239897826029397,2021-05-31,3
UMass-SemiMech,SK,Cases,0.392458401738753,2021-05-31,3
epiforecasts-EpiNow2,AT,Cases,0.390909807910784,2021-05-31,3
epiforecasts-EpiNow2,AT,Deaths,0.303493125305686,2021-05-31,3
epiforecasts-EpiNow2,BE,Cases,0.352444333065966,2021-05-31,3
epiforecasts-EpiNow2,BG,Cases,0.38520723383773,2021-05-31,3
epiforecasts-EpiNow2,CY,Cases,0.736402646253389,2021-05-31,3
epiforecasts-EpiNow2,CY,Deaths,0.386811147675151,2021-05-31,3
epiforecasts-EpiNow2,ES,Cases,0.290799374058941,2021-05-31,3
epiforecasts-EpiNow2,FI,Cases,0.340607406702789,2021-05-31,3
epiforecasts-EpiNow2,GR,Deaths,0.291209734667236,2021-05-31,3
epiforecasts-EpiNow2,HR,Cases,0.578975676102563,2021-05-31,3
epiforecasts-EpiNow2,HR,Deaths,0.518768970573807,2021-05-31,3
epiforecasts-EpiNow2,HU,Cases,0.387738362026529,2021-05-31,3
epiforecasts-EpiNow2,IT,Cases,0.352036752365836,2021-05-31,3
epiforecasts-EpiNow2,LT,Cases,0.343418149698248,2021-05-31,3
epiforecasts-EpiNow2,LV,Deaths,0.323204729609,2021-05-31,3
epiforecasts-EpiNow2,MT,Cases,0.417799578347357,2021-05-31,3
epiforecasts-EpiNow2,PT,Deaths,0.321615830989089,2021-05-31,3
epiforecasts-EpiNow2,RO,Cases,0.227855313040882,2021-05-31,3
epiforecasts-EpiNow2,SI,Cases,0.363131153183648,2021-05-31,3
epiforecasts-EpiNow2,SI,Deaths,0.36081856052261,2021-05-31,3
IEM_Health-CovidProject,ES,Cases,0.327358887721204,2021-06-07,3
IEM_Health-CovidProject,LT,Deaths,0.324516164974418,2021-06-07,3
IEM_Health-CovidProject,LU,Deaths,0.426595638086971,2021-06-07,3
IEM_Health-CovidProject,LV,Cases,0.294994080923444,2021-06-07,3
IEM_Health-CovidProject,NO,Cases,0.378094012819733,2021-06-07,3
IEM_Health-CovidProject,PT,Cases,0.399616043749979,2021-06-07,3
IEM_Health-CovidProject,PT,Deaths,0.364007869358831,2021-06-07,3
IEM_Health-CovidProject,RO,Deaths,0.369812157528556,2021-06-07,3
IEM_Health-CovidProject,SK,Cases,0.342451150227269,2021-06-07,3
ILM-EKF,AT,Cases,0.306878246003203,2021-06-07,3
ILM-EKF,AT,Deaths,0.292095675605816,2021-06-07,3
ILM-EKF,BE,Cases,0.363922927006268,2021-06-07,3
ILM-EKF,BG,Cases,0.416209799813049,2021-06-07,3
ILM-EKF,BG,Deaths,0.296391248363056,2021-06-07,3
ILM-EKF,EE,Cases,0.468760357973667,2021-06-07,3
ILM-EKF,ES,Cases,0.341471326839225,2021-06-07,3
ILM-EKF,FI,Cases,0.444532401886368,2021-06-07,3
ILM-EKF,HR,Deaths,0.16522390896935,2021-06-07,3
ILM-EKF,HU,Cases,0.362718404847422,2021-06-07,3
ILM-EKF,HU,Deaths,0.389000268250178,2021-06-07,3
ILM-EKF,IT,Cases,0.246548637901926,2021-06-07,3
ILM-EKF,MT,Cases,0.396649802077327,2021-06-07,3
ILM-EKF,NO,Cases,0.346354880607047,2021-06-07,3
ILM-EKF,PT,Cases,0.242547044594751,2021-06-07,3
ILM-EKF,RO,Cases,0.472671553258177,2021-06-07,3
ILM-EKF,SI,Cases,0.303801396852433,2021-06-07,3
ILM-EKF,SK,Cases,0.253477892614521,2021-06-07,3
ILM-EKF,SK,Deaths,0.307736907424275,2021-06-07,3
MUNI-ARIMA,AT,Cases,0.362139666885652,2021-06-07,3
MUNI-ARIMA,BE,Deaths,0.218497891350039,2021-06-07,3
MUNI-ARIMA,BG,Cases,0.221152760613412,2021-06-07,3
MUNI-ARIMA,CY,Cases,0.184096409235779,2021-06-07,3
MUNI-ARIMA,EE,Cases,0.264105618657615,2021-06-07,3
MUNI-ARIMA,FI,Cases,0.307870621081869,2021-06-07,3
MUNI-ARIMA,GR,Deaths,0.2166186526844,2021-06-07,3
MUNI-ARIMA,HR,Cases,0.185607807476894,2021-06-07,3
MUNI-ARIMA,IT,Cases,0.280519067378008,2021-06-07,3
MUNI-ARIMA,LT,Cases,0.355342847166814,2021-06-07,3
MUNI-ARIMA,MT,Cases,0.280296361574688,2021-06-07,3
MUNI-ARIMA,RO,Cases,0.380217586279558,2021-06-07,3
MUNI-ARIMA,RO,Deaths,0.329721448521437,2021-06-07,3
MUNI-ARIMA,SI,Cases,0.303087560443877,2021-06-07,3
RobertWalraven-ESG,AT,Deaths,0.389442889306022,2021-06-07,3
RobertWalraven-ESG,BE,Cases,0.302357507383365,2021-06-07,3
RobertWalraven-ESG,BE,Deaths,0.370780530663204,2021-06-07,3
RobertWalraven-ESG,BG,Deaths,0.338260613492392,2021-06-07,3
RobertWalraven-ESG,CY,Cases,0.209855018667858,2021-06-07,3
RobertWalraven-ESG,CY,Deaths,0.2232688390393,2021-06-07,3
RobertWalraven-ESG,EE,Deaths,0.315675995320833,2021-06-07,3
RobertWalraven-ESG,FI,Cases,0.247596977031763,2021-06-07,3
RobertWalraven-ESG,GR,Cases,0.331397956590224,2021-06-07,3
RobertWalraven-ESG,GR,Deaths,0.400044734548479,2021-06-07,3
RobertWalraven-ESG,HR,Cases,0.190428169602143,2021-06-07,3
RobertWalraven-ESG,HU,Cases,0.278030314589001,2021-06-07,3
RobertWalraven-ESG,HU,Deaths,0.415743841333824,2021-06-07,3
RobertWalraven-ESG,IT,Deaths,0.298972879924011,2021-06-07,3
RobertWalraven-ESG,LT,Deaths,0.386359958442574,2021-06-07,3
RobertWalraven-ESG,LV,Deaths,0.287135450466291,2021-06-07,3
RobertWalraven-ESG,MT,Deaths,0.344982639911279,2021-06-07,3
RobertWalraven-ESG,NO,Cases,0.27555110657322,2021-06-07,3
RobertWalraven-ESG,SI,Deaths,0.271036294000972,2021-06-07,3
UB-BSLCoV,ES,Cases,0.331169785439571,2021-06-07,3
UMass-MechBayes,BE,Deaths,0.410721577986757,2021-06-07,3
UMass-MechBayes,BG,Deaths,0.365348138144552,2021-06-07,3
UMass-MechBayes,CY,Deaths,0.470940148005443,2021-06-07,3
UMass-MechBayes,EE,Deaths,0.422375564313471,2021-06-07,3
UMass-MechBayes,FI,Deaths,0.357461214024572,2021-06-07,3
UMass-MechBayes,GR,Deaths,0.383336612767121,2021-06-07,3
UMass-MechBayes,HR,Deaths,0.226102821759605,2021-06-07,3
UMass-MechBayes,HU,Deaths,0.195255890415997,2021-06-07,3
UMass-MechBayes,IT,Deaths,0.383231099653065,2021-06-07,3
UMass-MechBayes,LT,Deaths,0.289123876583008,2021-06-07,3
UMass-MechBayes,LU,Deaths,0.277544694425785,2021-06-07,3
UMass-MechBayes,LV,Deaths,0.370314178521276,2021-06-07,3
UMass-MechBayes,MT,Deaths,0.31837782276992,2021-06-07,3
UMass-MechBayes,PT,Deaths,0.276788751232587,2021-06-07,3
UMass-MechBayes,SI,Deaths,0.450861370513764,2021-06-07,3
UMass-MechBayes,SK,Deaths,0.410379936928751,2021-06-07,3
UMass-SemiMech,AT,Deaths,0.318461435088161,2021-06-07,3
UMass-SemiMech,CY,Deaths,0.305791012955257,2021-06-07,3
UMass-SemiMech,EE,Deaths,0.261948440365696,2021-06-07,3
UMass-SemiMech,FI,Deaths,0.337315544552244,2021-06-07,3
UMass-SemiMech,GR,Cases,0.298199522790403,2021-06-07,3
UMass-SemiMech,LT,Cases,0.300174200948453,2021-06-07,3
UMass-SemiMech,LV,Cases,0.336404087403665,2021-06-07,3
UMass-SemiMech,MT,Deaths,0.336639537318801,2021-06-07,3
UMass-SemiMech,PT,Cases,0.35783691165527,2021-06-07,3
UMass-SemiMech,RO,Deaths,0.300466393950007,2021-06-07,3
UMass-SemiMech,SK,Cases,0.40407095715821,2021-06-07,3
epiforecasts-EpiNow2,AT,Cases,0.330982087111145,2021-06-07,3
epiforecasts-EpiNow2,BE,Cases,0.333719565610368,2021-06-07,3
epiforecasts-EpiNow2,BG,Cases,0.362637439573539,2021-06-07,3
epiforecasts-EpiNow2,CY,Cases,0.606048572096364,2021-06-07,3
epiforecasts-EpiNow2,EE,Cases,0.267134023368718,2021-06-07,3
epiforecasts-EpiNow2,FI,Deaths,0.305223241423184,2021-06-07,3
epiforecasts-EpiNow2,GR,Cases,0.370402520619373,2021-06-07,3
epiforecasts-EpiNow2,HR,Cases,0.623964022920963,2021-06-07,3
epiforecasts-EpiNow2,HR,Deaths,0.608673269271045,2021-06-07,3
epiforecasts-EpiNow2,HU,Cases,0.359251280563577,2021-06-07,3
epiforecasts-EpiNow2,IT,Cases,0.472932294720066,2021-06-07,3
epiforecasts-EpiNow2,IT,Deaths,0.317796020422924,2021-06-07,3
epiforecasts-EpiNow2,LT,Cases,0.344482951884734,2021-06-07,3
epiforecasts-EpiNow2,LU,Deaths,0.295859667487244,2021-06-07,3
epiforecasts-EpiNow2,LV,Cases,0.368601831672891,2021-06-07,3
epiforecasts-EpiNow2,LV,Deaths,0.342550371012433,2021-06-07,3
epiforecasts-EpiNow2,MT,Cases,0.323053836347984,2021-06-07,3
epiforecasts-EpiNow2,PT,Deaths,0.359203379408582,2021-06-07,3
epiforecasts-EpiNow2,RO,Cases,0.147110860462265,2021-06-07,3
epiforecasts-EpiNow2,SI,Cases,0.39311104270369,2021-06-07,3
epiforecasts-EpiNow2,SI,Deaths,0.278102335485264,2021-06-07,3
epiforecasts-EpiNow2,SK,Deaths,0.281883155646975,2021-06-07,3
IEM_Health-CovidProject,ES,Cases,0.424151460182258,2021-06-14,3
IEM_Health-CovidProject,GR,Deaths,0.224704340926527,2021-06-14,3
IEM_Health-CovidProject,PT,Cases,0.412757969961128,2021-06-14,3
IEM_Health-CovidProject,PT,Deaths,0.373999467608685,2021-06-14,3
IEM_Health-CovidProject,RO,Deaths,0.355423237057156,2021-06-14,3
IEM_Health-CovidProject,SK,Cases,0.311150775391063,2021-06-14,3
ILM-EKF,AT,Cases,0.411927179001956,2021-06-14,3
ILM-EKF,AT,Deaths,0.336149941368264,2021-06-14,3
ILM-EKF,BE,Cases,0.38051349065955,2021-06-14,3
ILM-EKF,BG,Cases,0.342566152824655,2021-06-14,3
ILM-EKF,BG,Deaths,0.294238308941908,2021-06-14,3
ILM-EKF,CY,Cases,0.27862289051527,2021-06-14,3
ILM-EKF,EE,Cases,0.166300278606822,2021-06-14,3
ILM-EKF,ES,Cases,0.23697717218517,2021-06-14,3
ILM-EKF,FI,Cases,0.391458873603411,2021-06-14,3
ILM-EKF,HR,Cases,0.262001803433979,2021-06-14,3
ILM-EKF,HR,Deaths,0.193598660119387,2021-06-14,3
ILM-EKF,HU,Cases,0.402818264266548,2021-06-14,3
ILM-EKF,HU,Deaths,0.353569031459687,2021-06-14,3
ILM-EKF,IT,Cases,0.242739132515868,2021-06-14,3
ILM-EKF,MT,Cases,0.402539567975009,2021-06-14,3
ILM-EKF,NO,Cases,0.305815598393013,2021-06-14,3
ILM-EKF,PT,Deaths,0.293326915568382,2021-06-14,3
ILM-EKF,RO,Cases,0.224807693561502,2021-06-14,3
ILM-EKF,SI,Cases,0.265469589725509,2021-06-14,3
ILM-EKF,SK,Cases,0.248221391377457,2021-06-14,3
ILM-EKF,SK,Deaths,0.310540341961709,2021-06-14,3
MUNI-ARIMA,AT,Cases,0.278220083999765,2021-06-14,3
MUNI-ARIMA,AT,Deaths,0.330334414813601,2021-06-14,3
MUNI-ARIMA,BG,Cases,0.280597813254543,2021-06-14,3
MUNI-ARIMA,EE,Cases,0.401085629282682,2021-06-14,3
MUNI-ARIMA,ES,Cases,0.338871367632571,2021-06-14,3
MUNI-ARIMA,HU,Cases,0.251370741184839,2021-06-14,3
MUNI-ARIMA,HU,Deaths,0.267997402242274,2021-06-14,3
MUNI-ARIMA,IT,Cases,0.264554286967153,2021-06-14,3
MUNI-ARIMA,LT,Cases,0.340306890149763,2021-06-14,3
MUNI-ARIMA,LV,Cases,0.34488860983362,2021-06-14,3
MUNI-ARIMA,LV,Deaths,0.252968798789283,2021-06-14,3
MUNI-ARIMA,MT,Cases,0.226936107166869,2021-06-14,3
MUNI-ARIMA,RO,Cases,0.263050320247504,2021-06-14,3
MUNI-ARIMA,RO,Deaths,0.35095369170677,2021-06-14,3
RobertWalraven-ESG,AT,Deaths,0.333515643818135,2021-06-14,3
RobertWalraven-ESG,BE,Cases,0.262841267520849,2021-06-14,3
RobertWalraven-ESG,BE,Deaths,0.27078986708198,2021-06-14,3
RobertWalraven-ESG,CY,Cases,0.344742058630566,2021-06-14,3
RobertWalraven-ESG,CY,Deaths,0.322710189725502,2021-06-14,3
RobertWalraven-ESG,EE,Deaths,0.399831053209479,2021-06-14,3
RobertWalraven-ESG,FI,Cases,0.361681176125105,2021-06-14,3
RobertWalraven-ESG,GR,Cases,0.37433968048182,2021-06-14,3
RobertWalraven-ESG,GR,Deaths,0.517383382214347,2021-06-14,3
RobertWalraven-ESG,HR,Cases,0.268628491133719,2021-06-14,3
RobertWalraven-ESG,HU,Deaths,0.37843356629804,2021-06-14,3
RobertWalraven-ESG,LT,Cases,0.255490672419846,2021-06-14,3
RobertWalraven-ESG,LT,Deaths,0.312458869705804,2021-06-14,3
RobertWalraven-ESG,LU,Deaths,0.328227606556087,2021-06-14,3
RobertWalraven-ESG,NO,Cases,0.409343049929889,2021-06-14,3
RobertWalraven-ESG,SI,Cases,0.188655556565745,2021-06-14,3
RobertWalraven-ESG,SI,Deaths,0.224996941835666,2021-06-14,3
UMass-MechBayes,BE,Deaths,0.439633764958591,2021-06-14,3
UMass-MechBayes,BG,Deaths,0.391577877326618,2021-06-14,3
UMass-MechBayes,CY,Deaths,0.338800256554415,2021-06-14,3
UMass-MechBayes,EE,Deaths,0.379418596798207,2021-06-14,3
UMass-MechBayes,FI,Deaths,0.406792234690735,2021-06-14,3
UMass-MechBayes,GR,Deaths,0.257912276859126,2021-06-14,3
UMass-MechBayes,HR,Deaths,0.203098548175818,2021-06-14,3
UMass-MechBayes,IT,Deaths,0.368297265338425,2021-06-14,3
UMass-MechBayes,LT,Deaths,0.329712322807012,2021-06-14,3
UMass-MechBayes,LU,Deaths,0.29736733170308,2021-06-14,3
UMass-MechBayes,LV,Deaths,0.423948609385097,2021-06-14,3
UMass-MechBayes,MT,Deaths,0.34847601422837,2021-06-14,3
UMass-MechBayes,SI,Deaths,0.388873517232378,2021-06-14,3
UMass-MechBayes,SK,Deaths,0.414109690757538,2021-06-14,3
UMass-SemiMech,AT,Cases,0.309852736998279,2021-06-14,3
UMass-SemiMech,BE,Deaths,0.289576367959429,2021-06-14,3
UMass-SemiMech,CY,Deaths,0.338489553720083,2021-06-14,3
UMass-SemiMech,EE,Deaths,0.220750349992314,2021-06-14,3
UMass-SemiMech,FI,Cases,0.246859950271484,2021-06-14,3
UMass-SemiMech,FI,Deaths,0.330235841037398,2021-06-14,3
UMass-SemiMech,GR,Cases,0.344957557602048,2021-06-14,3
UMass-SemiMech,IT,Deaths,0.341280865857474,2021-06-14,3
UMass-SemiMech,LV,Cases,0.274787724043261,2021-06-14,3
UMass-SemiMech,MT,Cases,0.370524324858122,2021-06-14,3
UMass-SemiMech,MT,Deaths,0.332233488141455,2021-06-14,3
UMass-SemiMech,NO,Cases,0.284841351677099,2021-06-14,3
UMass-SemiMech,PT,Cases,0.309299247081391,2021-06-14,3
UMass-SemiMech,RO,Deaths,0.293623071236074,2021-06-14,3
UMass-SemiMech,SK,Cases,0.44062783323148,2021-06-14,3
epiforecasts-EpiNow2,BE,Cases,0.356645241819601,2021-06-14,3
epiforecasts-EpiNow2,BG,Cases,0.376836033920802,2021-06-14,3
epiforecasts-EpiNow2,BG,Deaths,0.314183813731474,2021-06-14,3
epiforecasts-EpiNow2,CY,Cases,0.376635050854164,2021-06-14,3
epiforecasts-EpiNow2,EE,Cases,0.432614092110495,2021-06-14,3
epiforecasts-EpiNow2,FI,Deaths,0.262971924271867,2021-06-14,3
epiforecasts-EpiNow2,GR,Cases,0.280702761916132,2021-06-14,3
epiforecasts-EpiNow2,HR,Cases,0.469369705432303,2021-06-14,3
epiforecasts-EpiNow2,HR,Deaths,0.603302791704795,2021-06-14,3
epiforecasts-EpiNow2,HU,Cases,0.345810994548613,2021-06-14,3
epiforecasts-EpiNow2,IT,Cases,0.492706580516979,2021-06-14,3
epiforecasts-EpiNow2,IT,Deaths,0.290421868804101,2021-06-14,3
epiforecasts-EpiNow2,LT,Cases,0.404202437430391,2021-06-14,3
epiforecasts-EpiNow2,LT,Deaths,0.357828807487185,2021-06-14,3
epiforecasts-EpiNow2,LU,Deaths,0.374405061740834,2021-06-14,3
epiforecasts-EpiNow2,LV,Cases,0.38032366612312,2021-06-14,3
epiforecasts-EpiNow2,LV,Deaths,0.32308259182562,2021-06-14,3
epiforecasts-EpiNow2,MT,Deaths,0.319290497630175,2021-06-14,3
epiforecasts-EpiNow2,PT,Cases,0.277942782957481,2021-06-14,3
epiforecasts-EpiNow2,PT,Deaths,0.332673616822933,2021-06-14,3
epiforecasts-EpiNow2,RO,Cases,0.512141986190995,2021-06-14,3
epiforecasts-EpiNow2,SI,Cases,0.545874853708746,2021-06-14,3
epiforecasts-EpiNow2,SI,Deaths,0.386129540931956,2021-06-14,3
epiforecasts-EpiNow2,SK,Deaths,0.275349967280753,2021-06-14,3
IEM_Health-CovidProject,AT,Cases,0.270632606099469,2021-06-21,3
IEM_Health-CovidProject,AT,Deaths,0.328120155447062,2021-06-21,3
IEM_Health-CovidProject,BE,Cases,0.263645884107668,2021-06-21,3
IEM_Health-CovidProject,BE,Deaths,0.292336167133729,2021-06-21,3
IEM_Health-CovidProject,CY,Cases,0.303678620067503,2021-06-21,3
IEM_Health-CovidProject,ES,Cases,0.374282591110422,2021-06-21,3
IEM_Health-CovidProject,GR,Deaths,0.246744277262822,2021-06-21,3
IEM_Health-CovidProject,LV,Cases,0.135071060010087,2021-06-21,3
IEM_Health-CovidProject,MT,Cases,0.250309570062489,2021-06-21,3
IEM_Health-CovidProject,PT,Cases,0.388525799908597,2021-06-21,3
IEM_Health-CovidProject,RO,Deaths,0.348877944795126,2021-06-21,3
IEM_Health-CovidProject,SK,Cases,0.292273634006357,2021-06-21,3
ILM-EKF,AT,Cases,0.418490990297419,2021-06-21,3
ILM-EKF,AT,Deaths,0.341820622793248,2021-06-21,3
ILM-EKF,BE,Cases,0.377190368264908,2021-06-21,3
ILM-EKF,BG,Cases,0.388450832120026,2021-06-21,3
ILM-EKF,BG,Deaths,0.274867994661049,2021-06-21,3
ILM-EKF,CY,Cases,0.296952449030524,2021-06-21,3
ILM-EKF,EE,Cases,0.19714101514494,2021-06-21,3
ILM-EKF,ES,Cases,0.273076885769932,2021-06-21,3
ILM-EKF,FI,Cases,0.300570064128103,2021-06-21,3
ILM-EKF,GR,Cases,0.325425446071007,2021-06-21,3
ILM-EKF,HR,Cases,0.369595016995859,2021-06-21,3
ILM-EKF,HR,Deaths,0.22354719935562,2021-06-21,3
ILM-EKF,HU,Cases,0.417432498391002,2021-06-21,3
ILM-EKF,HU,Deaths,0.35138006622216,2021-06-21,3
ILM-EKF,IT,Cases,0.310351435460217,2021-06-21,3
ILM-EKF,LT,Deaths,0.274455319659225,2021-06-21,3
ILM-EKF,MT,Cases,0.498777909145164,2021-06-21,3
ILM-EKF,NO,Cases,0.232849920259761,2021-06-21,3
ILM-EKF,PT,Cases,0.312020496220177,2021-06-21,3
ILM-EKF,RO,Cases,0.259711446161246,2021-06-21,3
ILM-EKF,SI,Cases,0.307860292858243,2021-06-21,3
ILM-EKF,SK,Cases,0.261558713587251,2021-06-21,3
ILM-EKF,SK,Deaths,0.306461500411865,2021-06-21,3
MUNI-ARIMA,BG,Cases,0.209785070701138,2021-06-21,3
MUNI-ARIMA,CY,Cases,0.399368930901973,2021-06-21,3
MUNI-ARIMA,EE,Cases,0.466982814489994,2021-06-21,3
MUNI-ARIMA,ES,Cases,0.352640523119646,2021-06-21,3
MUNI-ARIMA,GR,Cases,0.333384221274989,2021-06-21,3
MUNI-ARIMA,HR,Cases,0.241047111629479,2021-06-21,3
MUNI-ARIMA,HU,Cases,0.213071423371525,2021-06-21,3
MUNI-ARIMA,HU,Deaths,0.340053037084238,2021-06-21,3
MUNI-ARIMA,IT,Cases,0.236462989761402,2021-06-21,3
MUNI-ARIMA,LT,Cases,0.458356087716494,2021-06-21,3
MUNI-ARIMA,LV,Cases,0.235031007118935,2021-06-21,3
MUNI-ARIMA,LV,Deaths,0.256306293231838,2021-06-21,3
MUNI-ARIMA,RO,Cases,0.211754604180572,2021-06-21,3
MUNI-ARIMA,RO,Deaths,0.384426416885766,2021-06-21,3
MUNI-ARIMA,SI,Cases,0.219866029214589,2021-06-21,3
RobertWalraven-ESG,BE,Deaths,0.265994259758991,2021-06-21,3
RobertWalraven-ESG,CY,Deaths,0.308839586467204,2021-06-21,3
RobertWalraven-ESG,EE,Deaths,0.466479564064983,2021-06-21,3
RobertWalraven-ESG,FI,Cases,0.473509857754547,2021-06-21,3
RobertWalraven-ESG,GR,Deaths,0.498162171717417,2021-06-21,3
RobertWalraven-ESG,HU,Deaths,0.308566896693602,2021-06-21,3
RobertWalraven-ESG,LT,Cases,0.187764321856857,2021-06-21,3
RobertWalraven-ESG,LU,Deaths,0.354979014437408,2021-06-21,3
RobertWalraven-ESG,MT,Deaths,0.333921316251805,2021-06-21,3
RobertWalraven-ESG,NO,Cases,0.532933898302986,2021-06-21,3
UMass-MechBayes,BE,Deaths,0.44166957310728,2021-06-21,3
UMass-MechBayes,BG,Deaths,0.382431892702847,2021-06-21,3
UMass-MechBayes,CY,Deaths,0.358928312952465,2021-06-21,3
UMass-MechBayes,EE,Deaths,0.31856981967378,2021-06-21,3
UMass-MechBayes,FI,Deaths,0.463736183533895,2021-06-21,3
UMass-MechBayes,GR,Deaths,0.255093551019762,2021-06-21,3
UMass-MechBayes,HR,Deaths,0.206037047272495,2021-06-21,3
UMass-MechBayes,IT,Deaths,0.36674239224301,2021-06-21,3
UMass-MechBayes,LT,Deaths,0.321666228823461,2021-06-21,3
UMass-MechBayes,LU,Deaths,0.255303144303512,2021-06-21,3
UMass-MechBayes,LV,Deaths,0.419905691248357,2021-06-21,3
UMass-MechBayes,MT,Deaths,0.333880091397947,2021-06-21,3
UMass-MechBayes,PT,Deaths,0.351748165132926,2021-06-21,3
UMass-MechBayes,SI,Deaths,0.413856422250197,2021-06-21,3
UMass-MechBayes,SK,Deaths,0.329942148743688,2021-06-21,3
UMass-SemiMech,BG,Deaths,0.342700112636105,2021-06-21,3
UMass-SemiMech,CY,Deaths,0.332232100580331,2021-06-21,3
UMass-SemiMech,EE,Deaths,0.214950616261236,2021-06-21,3
UMass-SemiMech,FI,Cases,0.22592007811735,2021-06-21,3
UMass-SemiMech,FI,Deaths,0.320303415433287,2021-06-21,3
UMass-SemiMech,IT,Deaths,0.280923519870654,2021-06-21,3
UMass-SemiMech,LV,Deaths,0.323788015519805,2021-06-21,3
UMass-SemiMech,MT,Cases,0.250912520792347,2021-06-21,3
UMass-SemiMech,MT,Deaths,0.332198592350248,2021-06-21,3
UMass-SemiMech,NO,Cases,0.234216181437253,2021-06-21,3
UMass-SemiMech,PT,Deaths,0.341196341871792,2021-06-21,3
UMass-SemiMech,RO,Deaths,0.266695638319108,2021-06-21,3
UMass-SemiMech,SI,Deaths,0.193156645566211,2021-06-21,3
UMass-SemiMech,SK,Cases,0.446167652406392,2021-06-21,3
UMass-SemiMech,SK,Deaths,0.363596350844447,2021-06-21,3
epiforecasts-EpiNow2,AT,Cases,0.310876403603111,2021-06-21,3
epiforecasts-EpiNow2,AT,Deaths,0.33005922175969,2021-06-21,3
epiforecasts-EpiNow2,BE,Cases,0.359163747627424,2021-06-21,3
epiforecasts-EpiNow2,BG,Cases,0.401764097178836,2021-06-21,3
epiforecasts-EpiNow2,EE,Cases,0.335876170365066,2021-06-21,3
epiforecasts-EpiNow2,FI,Deaths,0.215960401032818,2021-06-21,3
epiforecasts-EpiNow2,GR,Cases,0.341190332654005,2021-06-21,3
epiforecasts-EpiNow2,HR,Cases,0.389357871374662,2021-06-21,3
epiforecasts-EpiNow2,HR,Deaths,0.570415753371884,2021-06-21,3
epiforecasts-EpiNow2,HU,Cases,0.369496078237473,2021-06-21,3
epiforecasts-EpiNow2,IT,Cases,0.453185574778381,2021-06-21,3
epiforecasts-EpiNow2,IT,Deaths,0.352334087886336,2021-06-21,3
epiforecasts-EpiNow2,LT,Cases,0.353879590426649,2021-06-21,3
epiforecasts-EpiNow2,LT,Deaths,0.403878451517314,2021-06-21,3
epiforecasts-EpiNow2,LU,Deaths,0.389717841259081,2021-06-21,3
epiforecasts-EpiNow2,LV,Cases,0.629897932870978,2021-06-21,3
epiforecasts-EpiNow2,PT,Cases,0.299453703871226,2021-06-21,3
epiforecasts-EpiNow2,PT,Deaths,0.307055492995282,2021-06-21,3
epiforecasts-EpiNow2,RO,Cases,0.528533949658182,2021-06-21,3
epiforecasts-EpiNow2,SI,Cases,0.472273677927168,2021-06-21,3
epiforecasts-EpiNow2,SI,Deaths,0.392986932183593,2021-06-21,3
IEM_Health-CovidProject,AT,Cases,0.388130305504062,2021-06-28,3
IEM_Health-CovidProject,AT,Deaths,0.35476667956736,2021-06-28,3
IEM_Health-CovidProject,BE,Cases,0.27733728199041,2021-06-28,3
IEM_Health-CovidProject,BE,Deaths,0.278181346301766,2021-06-28,3
IEM_Health-CovidProject,BG,Cases,0.285244724744276,2021-06-28,3
IEM_Health-CovidProject,EE,Cases,0.380208341685358,2021-06-28,3
IEM_Health-CovidProject,FI,Cases,0.332143280546511,2021-06-28,3
IEM_Health-CovidProject,GR,Cases,0.353700437557802,2021-06-28,3
IEM_Health-CovidProject,GR,Deaths,0.391678859243277,2021-06-28,3
IEM_Health-CovidProject,HR,Cases,0.271518576320997,2021-06-28,3
IEM_Health-CovidProject,HU,Cases,0.316031946467245,2021-06-28,3
IEM_Health-CovidProject,HU,Deaths,0.417334453358527,2021-06-28,3
IEM_Health-CovidProject,IT,Cases,0.257059409204754,2021-06-28,3
IEM_Health-CovidProject,LV,Cases,0.232104899044952,2021-06-28,3
IEM_Health-CovidProject,MT,Cases,0.246636135377911,2021-06-28,3
IEM_Health-CovidProject,PT,Cases,0.351078605396677,2021-06-28,3
IEM_Health-CovidProject,RO,Cases,0.363204860530128,2021-06-28,3
IEM_Health-CovidProject,RO,Deaths,0.34736294095037,2021-06-28,3
IEM_Health-CovidProject,SI,Cases,0.244569304011375,2021-06-28,3
IEM_Health-CovidProject,SK,Cases,0.291853876558073,2021-06-28,3
ILM-EKF,AT,Cases,0.412053085893237,2021-06-28,3
ILM-EKF,AT,Deaths,0.336535514239092,2021-06-28,3
ILM-EKF,BE,Cases,0.352467987342855,2021-06-28,3
ILM-EKF,BG,Cases,0.337497489671215,2021-06-28,3
ILM-EKF,ES,Cases,0.396545931192981,2021-06-28,3
ILM-EKF,GR,Cases,0.323326653023506,2021-06-28,3
ILM-EKF,HR,Cases,0.397492686049035,2021-06-28,3
ILM-EKF,HU,Cases,0.416183639643282,2021-06-28,3
ILM-EKF,HU,Deaths,0.317606696750943,2021-06-28,3
ILM-EKF,IT,Cases,0.287399536844354,2021-06-28,3
ILM-EKF,IT,Deaths,0.249941569020366,2021-06-28,3
ILM-EKF,LT,Deaths,0.285395093810128,2021-06-28,3
ILM-EKF,LV,Deaths,0.308747421039467,2021-06-28,3
ILM-EKF,MT,Cases,0.508234721530514,2021-06-28,3
ILM-EKF,PT,Cases,0.347992059924838,2021-06-28,3
ILM-EKF,RO,Cases,0.308987158051218,2021-06-28,3
ILM-EKF,SI,Cases,0.300023831227512,2021-06-28,3
ILM-EKF,SK,Cases,0.293549364632933,2021-06-28,3
ILM-EKF,SK,Deaths,0.336689780673302,2021-06-28,3
MUNI-ARIMA,CY,Cases,0.412352599002265,2021-06-28,3
MUNI-ARIMA,EE,Cases,0.412490808130149,2021-06-28,3
MUNI-ARIMA,ES,Cases,0.287218207030089,2021-06-28,3
MUNI-ARIMA,LT,Cases,0.371543879157068,2021-06-28,3
MUNI-ARIMA,LV,Cases,0.289885061851304,2021-06-28,3
MUNI-ARIMA,NO,Cases,0.387688718799226,2021-06-28,3
MUNI-ARIMA,RO,Deaths,0.365007492264567,2021-06-28,3
RobertWalraven-ESG,AT,Cases,0.1998166086027,2021-06-28,3
RobertWalraven-ESG,BE,Deaths,0.27595425199373,2021-06-28,3
RobertWalraven-ESG,CY,Deaths,0.322763283066855,2021-06-28,3
RobertWalraven-ESG,EE,Deaths,0.406763817282278,2021-06-28,3
RobertWalraven-ESG,GR,Deaths,0.331419519481406,2021-06-28,3
RobertWalraven-ESG,LT,Cases,0.188268975096413,2021-06-28,3
RobertWalraven-ESG,LU,Deaths,0.37536832974858,2021-06-28,3
RobertWalraven-ESG,MT,Deaths,0.268182155966847,2021-06-28,3
RobertWalraven-ESG,NO,Cases,0.339161236298784,2021-06-28,3
UB-BSLCoV,ES,Cases,0.31623586177693,2021-06-28,3
UMass-MechBayes,BE,Deaths,0.445864401704503,2021-06-28,3
UMass-MechBayes,BG,Deaths,0.388000823894711,2021-06-28,3
UMass-MechBayes,CY,Deaths,0.341803914661816,2021-06-28,3
UMass-MechBayes,EE,Deaths,0.337172414122384,2021-06-28,3
UMass-MechBayes,FI,Deaths,0.47025197916124,2021-06-28,3
UMass-MechBayes,GR,Deaths,0.276901621275317,2021-06-28,3
UMass-MechBayes,HR,Deaths,0.364512509506403,2021-06-28,3
UMass-MechBayes,HU,Deaths,0.26505884989053,2021-06-28,3
UMass-MechBayes,IT,Deaths,0.375294554241984,2021-06-28,3
UMass-MechBayes,LT,Deaths,0.322789014391126,2021-06-28,3
UMass-MechBayes,LU,Deaths,0.234178723777786,2021-06-28,3
UMass-MechBayes,LV,Deaths,0.337900109719122,2021-06-28,3
UMass-MechBayes,MT,Deaths,0.35907063739634,2021-06-28,3
UMass-MechBayes,PT,Deaths,0.355273159295097,2021-06-28,3
UMass-MechBayes,SI,Deaths,0.390360014003336,2021-06-28,3
UMass-MechBayes,SK,Deaths,0.327683386525749,2021-06-28,3
UMass-SemiMech,AT,Deaths,0.308697806193548,2021-06-28,3
UMass-SemiMech,BG,Deaths,0.318169243885689,2021-06-28,3
UMass-SemiMech,CY,Cases,0.356321104727427,2021-06-28,3
UMass-SemiMech,CY,Deaths,0.335432802271329,2021-06-28,3
UMass-SemiMech,EE,Deaths,0.256063768595338,2021-06-28,3
UMass-SemiMech,FI,Cases,0.327416425202654,2021-06-28,3
UMass-SemiMech,FI,Deaths,0.311264712531422,2021-06-28,3
UMass-SemiMech,HR,Deaths,0.301127734718712,2021-06-28,3
UMass-SemiMech,MT,Cases,0.245129143091575,2021-06-28,3
UMass-SemiMech,MT,Deaths,0.372747206636814,2021-06-28,3
UMass-SemiMech,NO,Cases,0.27315004490199,2021-06-28,3
UMass-SemiMech,PT,Deaths,0.331982848390365,2021-06-28,3
UMass-SemiMech,RO,Deaths,0.287629566785064,2021-06-28,3
UMass-SemiMech,SI,Deaths,0.203069638845038,2021-06-28,3
UMass-SemiMech,SK,Cases,0.414596758808994,2021-06-28,3
UMass-SemiMech,SK,Deaths,0.335626832800949,2021-06-28,3
epiforecasts-EpiNow2,BE,Cases,0.370194730666735,2021-06-28,3
epiforecasts-EpiNow2,BG,Cases,0.377257785584509,2021-06-28,3
epiforecasts-EpiNow2,BG,Deaths,0.2938299322196,2021-06-28,3
epiforecasts-EpiNow2,CY,Cases,0.231326296270308,2021-06-28,3
epiforecasts-EpiNow2,EE,Cases,0.207300850184493,2021-06-28,3
epiforecasts-EpiNow2,FI,Cases,0.340440294250835,2021-06-28,3
epiforecasts-EpiNow2,FI,Deaths,0.218483308307338,2021-06-28,3
epiforecasts-EpiNow2,GR,Cases,0.322972909418691,2021-06-28,3
epiforecasts-EpiNow2,HR,Cases,0.330988737629968,2021-06-28,3
epiforecasts-EpiNow2,HR,Deaths,0.334359755774884,2021-06-28,3
epiforecasts-EpiNow2,HU,Cases,0.267784413889473,2021-06-28,3
epiforecasts-EpiNow2,IT,Cases,0.455541053950892,2021-06-28,3
epiforecasts-EpiNow2,IT,Deaths,0.37476387673765,2021-06-28,3
epiforecasts-EpiNow2,LT,Cases,0.440187145746519,2021-06-28,3
epiforecasts-EpiNow2,LT,Deaths,0.391815891798746,2021-06-28,3
epiforecasts-EpiNow2,LU,Deaths,0.390452946473634,2021-06-28,3
epiforecasts-EpiNow2,LV,Cases,0.478010039103744,2021-06-28,3
epiforecasts-EpiNow2,LV,Deaths,0.353352469241412,2021-06-28,3
epiforecasts-EpiNow2,PT,Cases,0.300929334678485,2021-06-28,3
epiforecasts-EpiNow2,PT,Deaths,0.312743992314539,2021-06-28,3
epiforecasts-EpiNow2,RO,Cases,0.327807981418654,2021-06-28,3
epiforecasts-EpiNow2,SI,Cases,0.455406864761114,2021-06-28,3
epiforecasts-EpiNow2,SI,Deaths,0.406570347151626,2021-06-28,3
IEM_Health-CovidProject,AT,Cases,0.273857511118928,2021-07-05,3
IEM_Health-CovidProject,AT,Deaths,0.331414713387188,2021-07-05,3
IEM_Health-CovidProject,BE,Cases,0.348037556619459,2021-07-05,3
IEM_Health-CovidProject,BG,Cases,0.337648982232403,2021-07-05,3
IEM_Health-CovidProject,EE,Cases,0.40879043285044,2021-07-05,3
IEM_Health-CovidProject,ES,Cases,0.307091663515571,2021-07-05,3
IEM_Health-CovidProject,FI,Deaths,0.43337688956956,2021-07-05,3
IEM_Health-CovidProject,GR,Cases,0.333167914786282,2021-07-05,3
IEM_Health-CovidProject,GR,Deaths,0.399999477651915,2021-07-05,3
IEM_Health-CovidProject,HR,Cases,0.359207087711147,2021-07-05,3
IEM_Health-CovidProject,HU,Cases,0.205476556831798,2021-07-05,3
IEM_Health-CovidProject,IT,Cases,0.285940940948696,2021-07-05,3
IEM_Health-CovidProject,LT,Deaths,0.264922057632748,2021-07-05,3
IEM_Health-CovidProject,NO,Cases,0.371755944869457,2021-07-05,3
IEM_Health-CovidProject,RO,Cases,0.340773516354653,2021-07-05,3
IEM_Health-CovidProject,RO,Deaths,0.33628260546645,2021-07-05,3
IEM_Health-CovidProject,SK,Cases,0.390340434938438,2021-07-05,3
ILM-EKF,AT,Cases,0.394997111684749,2021-07-05,3
ILM-EKF,AT,Deaths,0.349243633688605,2021-07-05,3
ILM-EKF,BE,Cases,0.366752965098976,2021-07-05,3
ILM-EKF,BG,Cases,0.321903612301157,2021-07-05,3
ILM-EKF,EE,Cases,0.273446064133626,2021-07-05,3
ILM-EKF,ES,Cases,0.3209569950917,2021-07-05,3
ILM-EKF,FI,Cases,0.304939942519555,2021-07-05,3
ILM-EKF,HR,Cases,0.345012786606998,2021-07-05,3
ILM-EKF,HU,Cases,0.370476476860895,2021-07-05,3
ILM-EKF,IT,Cases,0.35009935677799,2021-07-05,3
ILM-EKF,LV,Cases,0.242445513239086,2021-07-05,3
ILM-EKF,MT,Cases,0.346880141053152,2021-07-05,3
ILM-EKF,PT,Cases,0.349151367356521,2021-07-05,3
ILM-EKF,RO,Cases,0.272246364690515,2021-07-05,3
ILM-EKF,SI,Cases,0.295269881182461,2021-07-05,3
ILM-EKF,SK,Cases,0.314742448598768,2021-07-05,3
MUNI-ARIMA,CY,Cases,0.36891004589747,2021-07-05,3
MUNI-ARIMA,EE,Cases,0.317763503015934,2021-07-05,3
MUNI-ARIMA,EE,Deaths,0.298412813391291,2021-07-05,3
MUNI-ARIMA,ES,Cases,0.371951341392729,2021-07-05,3
MUNI-ARIMA,FI,Cases,0.341988419302124,2021-07-05,3
MUNI-ARIMA,GR,Cases,0.327454355452653,2021-07-05,3
MUNI-ARIMA,LT,Cases,0.406214575369817,2021-07-05,3
MUNI-ARIMA,LV,Cases,0.33866962582053,2021-07-05,3
MUNI-ARIMA,NO,Cases,0.301948207676842,2021-07-05,3
MUNI-ARIMA,PT,Cases,0.31542985301839,2021-07-05,3
MUNI-ARIMA,RO,Deaths,0.330680782503182,2021-07-05,3
MUNI-ARIMA,SI,Cases,0.265467877470013,2021-07-05,3
RobertWalraven-ESG,BE,Deaths,0.261530518547245,2021-07-05,3
RobertWalraven-ESG,CY,Deaths,0.340361498066123,2021-07-05,3
RobertWalraven-ESG,EE,Deaths,0.430598115615491,2021-07-05,3
RobertWalraven-ESG,GR,Deaths,0.256548822943279,2021-07-05,3
RobertWalraven-ESG,LT,Cases,0.252551805857568,2021-07-05,3
RobertWalraven-ESG,LU,Deaths,0.326090778282752,2021-07-05,3
RobertWalraven-ESG,MT,Cases,0.354749938244118,2021-07-05,3
RobertWalraven-ESG,MT,Deaths,0.211943129313941,2021-07-05,3
RobertWalraven-ESG,SI,Deaths,0.301657312746194,2021-07-05,3
UMass-MechBayes,BE,Deaths,0.475426444562743,2021-07-05,3
UMass-MechBayes,BG,Deaths,0.332135891464595,2021-07-05,3
UMass-MechBayes,CY,Deaths,0.329748867003864,2021-07-05,3
UMass-MechBayes,FI,Deaths,0.319003811326885,2021-07-05,3
UMass-MechBayes,GR,Deaths,0.343451699404806,2021-07-05,3
UMass-MechBayes,HR,Deaths,0.470196717200809,2021-07-05,3
UMass-MechBayes,HU,Deaths,0.369633922387181,2021-07-05,3
UMass-MechBayes,IT,Deaths,0.330694333436769,2021-07-05,3
UMass-MechBayes,LT,Deaths,0.189317281583101,2021-07-05,3
UMass-MechBayes,LV,Deaths,0.355352976842439,2021-07-05,3
UMass-MechBayes,MT,Deaths,0.402519072018418,2021-07-05,3
UMass-MechBayes,PT,Deaths,0.364773198502377,2021-07-05,3
UMass-MechBayes,RO,Deaths,0.333036612030368,2021-07-05,3
UMass-MechBayes,SI,Deaths,0.319418162715752,2021-07-05,3
UMass-MechBayes,SK,Deaths,0.349569027811533,2021-07-05,3
UMass-SemiMech,AT,Deaths,0.319341652924208,2021-07-05,3
UMass-SemiMech,BG,Deaths,0.358483616257089,2021-07-05,3
UMass-SemiMech,CY,Cases,0.292789109034234,2021-07-05,3
UMass-SemiMech,CY,Deaths,0.329889634930013,2021-07-05,3
UMass-SemiMech,FI,Cases,0.353071638178321,2021-07-05,3
UMass-SemiMech,FI,Deaths,0.247619299103555,2021-07-05,3
UMass-SemiMech,GR,Cases,0.339377729761065,2021-07-05,3
UMass-SemiMech,HR,Deaths,0.250421195212669,2021-07-05,3
UMass-SemiMech,HU,Deaths,0.324314179310506,2021-07-05,3
UMass-SemiMech,IT,Deaths,0.297193613604583,2021-07-05,3
UMass-SemiMech,LU,Deaths,0.279345498020977,2021-07-05,3
UMass-SemiMech,LV,Deaths,0.327108888596401,2021-07-05,3
UMass-SemiMech,MT,Cases,0.29836992070273,2021-07-05,3
UMass-SemiMech,MT,Deaths,0.385537798667641,2021-07-05,3
UMass-SemiMech,NO,Cases,0.326295847453701,2021-07-05,3
UMass-SemiMech,PT,Cases,0.335418779625089,2021-07-05,3
UMass-SemiMech,PT,Deaths,0.358460844961404,2021-07-05,3
UMass-SemiMech,SK,Cases,0.294917116462794,2021-07-05,3
UMass-SemiMech,SK,Deaths,0.29246041136765,2021-07-05,3
epiforecasts-EpiNow2,AT,Cases,0.331145377196323,2021-07-05,3
epiforecasts-EpiNow2,BE,Cases,0.285209478281565,2021-07-05,3
epiforecasts-EpiNow2,BE,Deaths,0.263043036890012,2021-07-05,3
epiforecasts-EpiNow2,BG,Cases,0.340447405466441,2021-07-05,3
epiforecasts-EpiNow2,BG,Deaths,0.309380492278315,2021-07-05,3
epiforecasts-EpiNow2,CY,Cases,0.338300845068296,2021-07-05,3
epiforecasts-EpiNow2,EE,Deaths,0.270989070993218,2021-07-05,3
epiforecasts-EpiNow2,HR,Cases,0.295780125681855,2021-07-05,3
epiforecasts-EpiNow2,HR,Deaths,0.279382087586522,2021-07-05,3
epiforecasts-EpiNow2,HU,Cases,0.424046966307307,2021-07-05,3
epiforecasts-EpiNow2,HU,Deaths,0.306051898302313,2021-07-05,3
epiforecasts-EpiNow2,IT,Cases,0.363959702273314,2021-07-05,3
epiforecasts-EpiNow2,IT,Deaths,0.372112052958648,2021-07-05,3
epiforecasts-EpiNow2,LT,Cases,0.341233618772615,2021-07-05,3
epiforecasts-EpiNow2,LT,Deaths,0.545760660784152,2021-07-05,3
epiforecasts-EpiNow2,LU,Deaths,0.394563723696271,2021-07-05,3
epiforecasts-EpiNow2,LV,Cases,0.418884860940384,2021-07-05,3
epiforecasts-EpiNow2,LV,Deaths,0.31753813456116,2021-07-05,3
epiforecasts-EpiNow2,PT,Deaths,0.276765956536219,2021-07-05,3
epiforecasts-EpiNow2,RO,Cases,0.386980118954831,2021-07-05,3
epiforecasts-EpiNow2,SI,Cases,0.439262241347526,2021-07-05,3
epiforecasts-EpiNow2,SI,Deaths,0.378924524538055,2021-07-05,3
epiforecasts-EpiNow2,SK,Deaths,0.357970560820817,2021-07-05,3
IEM_Health-CovidProject,AT,Cases,0.308234097159344,2021-07-12,3
IEM_Health-CovidProject,AT,Deaths,0.432669168637012,2021-07-12,3
IEM_Health-CovidProject,BE,Cases,0.350146627741782,2021-07-12,3
IEM_Health-CovidProject,BG,Cases,0.41826853421015,2021-07-12,3
IEM_Health-CovidProject,BG,Deaths,0.378768616028639,2021-07-12,3
IEM_Health-CovidProject,CY,Cases,0.287891555366033,2021-07-12,3
IEM_Health-CovidProject,EE,Cases,0.350817340474294,2021-07-12,3
IEM_Health-CovidProject,EE,Deaths,0.283794216829997,2021-07-12,3
IEM_Health-CovidProject,FI,Cases,0.311370025928123,2021-07-12,3
IEM_Health-CovidProject,FI,Deaths,0.491757464966652,2021-07-12,3
IEM_Health-CovidProject,GR,Cases,0.328390107955427,2021-07-12,3
IEM_Health-CovidProject,GR,Deaths,0.28555279279865,2021-07-12,3
IEM_Health-CovidProject,HR,Cases,0.436831768736066,2021-07-12,3
IEM_Health-CovidProject,HR,Deaths,0.254054259925673,2021-07-12,3
IEM_Health-CovidProject,HU,Cases,0.196054250642419,2021-07-12,3
IEM_Health-CovidProject,IT,Cases,0.331765427075003,2021-07-12,3
IEM_Health-CovidProject,NO,Cases,0.399928095923767,2021-07-12,3
IEM_Health-CovidProject,RO,Cases,0.410717924338351,2021-07-12,3
IEM_Health-CovidProject,SK,Cases,0.393092205598762,2021-07-12,3
ILM-EKF,AT,Cases,0.387637968347309,2021-07-12,3
ILM-EKF,AT,Deaths,0.322548587234937,2021-07-12,3
ILM-EKF,BE,Cases,0.289322113806499,2021-07-12,3
ILM-EKF,BE,Deaths,0.169632772659421,2021-07-12,3
ILM-EKF,BG,Cases,0.277689647096609,2021-07-12,3
ILM-EKF,BG,Deaths,0.316806666851756,2021-07-12,3
ILM-EKF,EE,Cases,0.312681436981714,2021-07-12,3
ILM-EKF,ES,Cases,0.306695569086985,2021-07-12,3
ILM-EKF,FI,Cases,0.289748977900079,2021-07-12,3
ILM-EKF,HU,Cases,0.406863369893424,2021-07-12,3
ILM-EKF,HU,Deaths,0.220012198216982,2021-07-12,3
ILM-EKF,IT,Cases,0.321006648383752,2021-07-12,3
ILM-EKF,IT,Deaths,0.253409626801456,2021-07-12,3
ILM-EKF,LT,Cases,0.343159977279753,2021-07-12,3
ILM-EKF,LT,Deaths,0.23910000645485,2021-07-12,3
ILM-EKF,LV,Cases,0.307372661551882,2021-07-12,3
ILM-EKF,LV,Deaths,0.309446026167083,2021-07-12,3
ILM-EKF,NO,Cases,0.316359974487201,2021-07-12,3
ILM-EKF,PT,Cases,0.376616652392796,2021-07-12,3
ILM-EKF,PT,Deaths,0.222344998281767,2021-07-12,3
ILM-EKF,RO,Cases,0.253223127612245,2021-07-12,3
ILM-EKF,RO,Deaths,0.300481320439649,2021-07-12,3
ILM-EKF,SI,Cases,0.310337138802832,2021-07-12,3
ILM-EKF,SK,Cases,0.336105778222999,2021-07-12,3
ILM-EKF,SK,Deaths,0.256796634477532,2021-07-12,3
MUNI-ARIMA,BE,Cases,0.360531258451719,2021-07-12,3
MUNI-ARIMA,CY,Cases,0.357011329830777,2021-07-12,3
MUNI-ARIMA,CY,Deaths,0.261063035868635,2021-07-12,3
MUNI-ARIMA,EE,Cases,0.336501222543992,2021-07-12,3
MUNI-ARIMA,EE,Deaths,0.371879677331639,2021-07-12,3
MUNI-ARIMA,ES,Cases,0.367456624206756,2021-07-12,3
MUNI-ARIMA,FI,Cases,0.398880996171798,2021-07-12,3
MUNI-ARIMA,GR,Cases,0.345845525932318,2021-07-12,3
MUNI-ARIMA,HR,Cases,0.265510622150616,2021-07-12,3
MUNI-ARIMA,IT,Cases,0.347227924541244,2021-07-12,3
MUNI-ARIMA,LT,Cases,0.336253034727741,2021-07-12,3
MUNI-ARIMA,LU,Deaths,0.276756642589532,2021-07-12,3
MUNI-ARIMA,LV,Cases,0.347086050757842,2021-07-12,3
MUNI-ARIMA,MT,Cases,0.367240312140974,2021-07-12,3
MUNI-ARIMA,NO,Cases,0.283711929589032,2021-07-12,3
MUNI-ARIMA,PT,Cases,0.335188533404327,2021-07-12,3
MUNI-ARIMA,RO,Deaths,0.363481074257235,2021-07-12,3
MUNI-ARIMA,SI,Cases,0.360904588535526,2021-07-12,3
RobertWalraven-ESG,CY,Deaths,0.363651166924822,2021-07-12,3
RobertWalraven-ESG,FI,Deaths,0.218530978832944,2021-07-12,3
RobertWalraven-ESG,MT,Cases,0.294282919535641,2021-07-12,3
RobertWalraven-ESG,MT,Deaths,0.161047477992425,2021-07-12,3
RobertWalraven-ESG,RO,Deaths,0.336037605303116,2021-07-12,3
RobertWalraven-ESG,SI,Deaths,0.293764879234457,2021-07-12,3
RobertWalraven-ESG,SK,Cases,0.270802016178238,2021-07-12,3
UB-BSLCoV,ES,Cases,0.325847806706259,2021-07-12,3
UMass-MechBayes,BE,Deaths,0.424127458425972,2021-07-12,3
UMass-MechBayes,CY,Deaths,0.375285797206543,2021-07-12,3
UMass-MechBayes,FI,Deaths,0.289711556200404,2021-07-12,3
UMass-MechBayes,GR,Deaths,0.426118075380644,2021-07-12,3
UMass-MechBayes,HR,Deaths,0.457631493567196,2021-07-12,3
UMass-MechBayes,HU,Deaths,0.413784449281309,2021-07-12,3
UMass-MechBayes,IT,Deaths,0.353954429742757,2021-07-12,3
UMass-MechBayes,LT,Deaths,0.339068338468598,2021-07-12,3
UMass-MechBayes,LU,Deaths,0.391605960828155,2021-07-12,3
UMass-MechBayes,LV,Deaths,0.312797960333274,2021-07-12,3
UMass-MechBayes,MT,Deaths,0.524537746557947,2021-07-12,3
UMass-MechBayes,PT,Deaths,0.429058828765846,2021-07-12,3
UMass-MechBayes,SI,Deaths,0.334589271962943,2021-07-12,3
UMass-MechBayes,SK,Deaths,0.385719832157825,2021-07-12,3
epiforecasts-EpiNow2,AT,Cases,0.304127934493346,2021-07-12,3
epiforecasts-EpiNow2,AT,Deaths,0.244782244128051,2021-07-12,3
epiforecasts-EpiNow2,BE,Deaths,0.406239768914607,2021-07-12,3
epiforecasts-EpiNow2,BG,Cases,0.304041818693241,2021-07-12,3
epiforecasts-EpiNow2,BG,Deaths,0.304424717119605,2021-07-12,3
epiforecasts-EpiNow2,CY,Cases,0.35509711480319,2021-07-12,3
epiforecasts-EpiNow2,EE,Deaths,0.344326105838364,2021-07-12,3
epiforecasts-EpiNow2,GR,Cases,0.325764366112255,2021-07-12,3
epiforecasts-EpiNow2,GR,Deaths,0.288329131820706,2021-07-12,3
epiforecasts-EpiNow2,HR,Cases,0.297657609113318,2021-07-12,3
epiforecasts-EpiNow2,HR,Deaths,0.288314246507131,2021-07-12,3
epiforecasts-EpiNow2,HU,Cases,0.397082379464157,2021-07-12,3
epiforecasts-EpiNow2,HU,Deaths,0.366203352501709,2021-07-12,3
epiforecasts-EpiNow2,IT,Deaths,0.392635943455787,2021-07-12,3
epiforecasts-EpiNow2,LT,Cases,0.320586987992506,2021-07-12,3
epiforecasts-EpiNow2,LT,Deaths,0.421831655076552,2021-07-12,3
epiforecasts-EpiNow2,LU,Deaths,0.331637396582313,2021-07-12,3
epiforecasts-EpiNow2,LV,Cases,0.345541287690276,2021-07-12,3
epiforecasts-EpiNow2,LV,Deaths,0.377756013499643,2021-07-12,3
epiforecasts-EpiNow2,MT,Cases,0.338476768323384,2021-07-12,3
epiforecasts-EpiNow2,MT,Deaths,0.314414775449628,2021-07-12,3
epiforecasts-EpiNow2,PT,Cases,0.288194814202877,2021-07-12,3
epiforecasts-EpiNow2,PT,Deaths,0.348596172952387,2021-07-12,3
epiforecasts-EpiNow2,RO,Cases,0.336058948049404,2021-07-12,3
epiforecasts-EpiNow2,SI,Cases,0.328758272661642,2021-07-12,3
epiforecasts-EpiNow2,SI,Deaths,0.3716458488026,2021-07-12,3
epiforecasts-EpiNow2,SK,Deaths,0.357483533364643,2021-07-12,3
IEM_Health-CovidProject,AT,Deaths,0.411462069364287,2021-07-19,3
IEM_Health-CovidProject,BE,Cases,0.329602613815276,2021-07-19,3
IEM_Health-CovidProject,BG,Cases,0.466313324606691,2021-07-19,3
IEM_Health-CovidProject,BG,Deaths,0.370340675229092,2021-07-19,3
IEM_Health-CovidProject,CY,Cases,0.341850525276526,2021-07-19,3
IEM_Health-CovidProject,CY,Deaths,0.280937283195397,2021-07-19,3
IEM_Health-CovidProject,EE,Cases,0.296962570526934,2021-07-19,3
IEM_Health-CovidProject,EE,Deaths,0.41336934059678,2021-07-19,3
IEM_Health-CovidProject,ES,Cases,0.323727066723759,2021-07-19,3
IEM_Health-CovidProject,FI,Cases,0.312483057364435,2021-07-19,3
IEM_Health-CovidProject,GR,Cases,0.319882420848796,2021-07-19,3
IEM_Health-CovidProject,HR,Cases,0.426306684401502,2021-07-19,3
IEM_Health-CovidProject,HR,Deaths,0.255393300764798,2021-07-19,3
IEM_Health-CovidProject,HU,Cases,0.42586701942668,2021-07-19,3
IEM_Health-CovidProject,IT,Cases,0.266837687221413,2021-07-19,3
IEM_Health-CovidProject,LU,Deaths,0.430120561673439,2021-07-19,3
IEM_Health-CovidProject,LV,Cases,0.373414482697141,2021-07-19,3
IEM_Health-CovidProject,MT,Deaths,0.238737595348331,2021-07-19,3
IEM_Health-CovidProject,NO,Cases,0.343804627822242,2021-07-19,3
IEM_Health-CovidProject,RO,Cases,0.460356693238084,2021-07-19,3
IEM_Health-CovidProject,SI,Cases,0.324650232324853,2021-07-19,3
IEM_Health-CovidProject,SK,Cases,0.355456056766647,2021-07-19,3
ILM-EKF,AT,Deaths,0.306338291468704,2021-07-19,3
ILM-EKF,BE,Deaths,0.197522355617555,2021-07-19,3
ILM-EKF,BG,Cases,0.260323236869052,2021-07-19,3
ILM-EKF,BG,Deaths,0.302621939365029,2021-07-19,3
ILM-EKF,FI,Cases,0.236013992307763,2021-07-19,3
ILM-EKF,GR,Cases,0.291479756685712,2021-07-19,3
ILM-EKF,GR,Deaths,0.300993804576262,2021-07-19,3
ILM-EKF,HU,Cases,0.315776399628133,2021-07-19,3
ILM-EKF,HU,Deaths,0.285623068783928,2021-07-19,3
ILM-EKF,IT,Deaths,0.328589349155183,2021-07-19,3
ILM-EKF,LT,Cases,0.297752045005739,2021-07-19,3
ILM-EKF,LT,Deaths,0.265216281288859,2021-07-19,3
ILM-EKF,LV,Cases,0.376007889884866,2021-07-19,3
ILM-EKF,LV,Deaths,0.301965472927953,2021-07-19,3
ILM-EKF,PT,Cases,0.339267634799997,2021-07-19,3
ILM-EKF,PT,Deaths,0.191620130762073,2021-07-19,3
ILM-EKF,RO,Deaths,0.395070768938131,2021-07-19,3
ILM-EKF,SI,Cases,0.331896707771656,2021-07-19,3
ILM-EKF,SK,Cases,0.322422130680015,2021-07-19,3
ILM-EKF,SK,Deaths,0.208315123796896,2021-07-19,3
MUNI-ARIMA,AT,Cases,0.397659096826518,2021-07-19,3
MUNI-ARIMA,AT,Deaths,0.28219963916701,2021-07-19,3
MUNI-ARIMA,BE,Cases,0.361949700051936,2021-07-19,3
MUNI-ARIMA,CY,Cases,0.40114445330324,2021-07-19,3
MUNI-ARIMA,CY,Deaths,0.363383544842098,2021-07-19,3
MUNI-ARIMA,EE,Cases,0.391966663344953,2021-07-19,3
MUNI-ARIMA,FI,Cases,0.451502950327802,2021-07-19,3
MUNI-ARIMA,GR,Cases,0.388637822465492,2021-07-19,3
MUNI-ARIMA,HR,Cases,0.311596314518853,2021-07-19,3
MUNI-ARIMA,IT,Cases,0.452174047564604,2021-07-19,3
MUNI-ARIMA,LT,Cases,0.337038920088018,2021-07-19,3
MUNI-ARIMA,LU,Deaths,0.277795234657558,2021-07-19,3
MUNI-ARIMA,LV,Cases,0.250577627417994,2021-07-19,3
MUNI-ARIMA,MT,Cases,0.357232209806725,2021-07-19,3
MUNI-ARIMA,NO,Cases,0.379864513232478,2021-07-19,3
MUNI-ARIMA,PT,Cases,0.310373062992694,2021-07-19,3
RobertWalraven-ESG,AT,Cases,0.321876407774454,2021-07-19,3
RobertWalraven-ESG,BE,Cases,0.308447686132789,2021-07-19,3
RobertWalraven-ESG,CY,Deaths,0.355679171962504,2021-07-19,3
RobertWalraven-ESG,EE,Cases,0.311070766128113,2021-07-19,3
RobertWalraven-ESG,FI,Deaths,0.366449531602504,2021-07-19,3
RobertWalraven-ESG,GR,Deaths,0.30216013513381,2021-07-19,3
RobertWalraven-ESG,LT,Cases,0.365209034906243,2021-07-19,3
RobertWalraven-ESG,MT,Cases,0.293296946064854,2021-07-19,3
RobertWalraven-ESG,MT,Deaths,0.271803887184605,2021-07-19,3
RobertWalraven-ESG,RO,Cases,0.25534633051823,2021-07-19,3
RobertWalraven-ESG,SI,Cases,0.343453059903491,2021-07-19,3
RobertWalraven-ESG,SI,Deaths,0.29523114928595,2021-07-19,3
RobertWalraven-ESG,SK,Cases,0.322121812553338,2021-07-19,3
UB-BSLCoV,ES,Cases,0.32421359122171,2021-07-19,3
UMass-MechBayes,BE,Deaths,0.492682497231821,2021-07-19,3
UMass-MechBayes,EE,Deaths,0.293939682910717,2021-07-19,3
UMass-MechBayes,FI,Deaths,0.337133569074304,2021-07-19,3
UMass-MechBayes,GR,Deaths,0.396846060289928,2021-07-19,3
UMass-MechBayes,HR,Deaths,0.523808165782718,2021-07-19,3
UMass-MechBayes,HU,Deaths,0.315574484204755,2021-07-19,3
UMass-MechBayes,IT,Deaths,0.332409854867375,2021-07-19,3
UMass-MechBayes,LT,Deaths,0.442105632206535,2021-07-19,3
UMass-MechBayes,LU,Deaths,0.292084203669003,2021-07-19,3
UMass-MechBayes,LV,Deaths,0.288589165723569,2021-07-19,3
UMass-MechBayes,MT,Deaths,0.489458517467064,2021-07-19,3
UMass-MechBayes,PT,Deaths,0.332739645346307,2021-07-19,3
UMass-MechBayes,RO,Deaths,0.271344240252441,2021-07-19,3
UMass-MechBayes,SI,Deaths,0.382240278231147,2021-07-19,3
UMass-MechBayes,SK,Deaths,0.43699879923074,2021-07-19,3
epiforecasts-EpiNow2,AT,Cases,0.280464495399028,2021-07-19,3
epiforecasts-EpiNow2,BE,Deaths,0.309795147150625,2021-07-19,3
epiforecasts-EpiNow2,BG,Cases,0.273363438524257,2021-07-19,3
epiforecasts-EpiNow2,BG,Deaths,0.327037385405879,2021-07-19,3
epiforecasts-EpiNow2,CY,Cases,0.257005021420235,2021-07-19,3
epiforecasts-EpiNow2,EE,Deaths,0.292690976492503,2021-07-19,3
epiforecasts-EpiNow2,ES,Cases,0.352059342054531,2021-07-19,3
epiforecasts-EpiNow2,FI,Deaths,0.296416899323191,2021-07-19,3
epiforecasts-EpiNow2,HR,Cases,0.262097001079645,2021-07-19,3
epiforecasts-EpiNow2,HR,Deaths,0.220798533452484,2021-07-19,3
epiforecasts-EpiNow2,HU,Cases,0.258356580945187,2021-07-19,3
epiforecasts-EpiNow2,HU,Deaths,0.398802447011317,2021-07-19,3
epiforecasts-EpiNow2,IT,Cases,0.280988265213984,2021-07-19,3
epiforecasts-EpiNow2,IT,Deaths,0.339000795977442,2021-07-19,3
epiforecasts-EpiNow2,LT,Deaths,0.292678086504607,2021-07-19,3
epiforecasts-EpiNow2,LV,Deaths,0.409445361348477,2021-07-19,3
epiforecasts-EpiNow2,MT,Cases,0.349470844128421,2021-07-19,3
epiforecasts-EpiNow2,NO,Cases,0.27633085894528,2021-07-19,3
epiforecasts-EpiNow2,PT,Cases,0.350359302207309,2021-07-19,3
epiforecasts-EpiNow2,PT,Deaths,0.47564022389162,2021-07-19,3
epiforecasts-EpiNow2,RO,Cases,0.284296976243686,2021-07-19,3
epiforecasts-EpiNow2,RO,Deaths,0.333584990809428,2021-07-19,3
epiforecasts-EpiNow2,SI,Deaths,0.322528572482904,2021-07-19,3
epiforecasts-EpiNow2,SK,Deaths,0.354686076972365,2021-07-19,3
IEM_Health-CovidProject,AT,Deaths,0.398532321803687,2021-07-26,3
IEM_Health-CovidProject,BE,Cases,0.357790052428155,2021-07-26,3
IEM_Health-CovidProject,BE,Deaths,0.231729495767936,2021-07-26,3
IEM_Health-CovidProject,BG,Cases,0.373424696983634,2021-07-26,3
IEM_Health-CovidProject,BG,Deaths,0.355682167657648,2021-07-26,3
IEM_Health-CovidProject,CY,Cases,0.279294138886777,2021-07-26,3
IEM_Health-CovidProject,EE,Deaths,0.348048552634222,2021-07-26,3
IEM_Health-CovidProject,ES,Cases,0.338514159298766,2021-07-26,3
IEM_Health-CovidProject,FI,Cases,0.343934801668726,2021-07-26,3
IEM_Health-CovidProject,FI,Deaths,0.287373636387571,2021-07-26,3
IEM_Health-CovidProject,GR,Cases,0.291837354062946,2021-07-26,3
IEM_Health-CovidProject,GR,Deaths,0.288848694989874,2021-07-26,3
IEM_Health-CovidProject,HR,Cases,0.318342649784422,2021-07-26,3
IEM_Health-CovidProject,HR,Deaths,0.357586485224435,2021-07-26,3
IEM_Health-CovidProject,HU,Cases,0.427408692748532,2021-07-26,3
IEM_Health-CovidProject,IT,Deaths,0.401346563803599,2021-07-26,3
IEM_Health-CovidProject,LT,Cases,0.258269676320768,2021-07-26,3
IEM_Health-CovidProject,LT,Deaths,0.291593856951458,2021-07-26,3
IEM_Health-CovidProject,LU,Deaths,0.489830476848469,2021-07-26,3
IEM_Health-CovidProject,LV,Cases,0.514744911338234,2021-07-26,3
IEM_Health-CovidProject,LV,Deaths,0.317867410344673,2021-07-26,3
IEM_Health-CovidProject,MT,Cases,0.271145665204731,2021-07-26,3
IEM_Health-CovidProject,MT,Deaths,0.363866079036772,2021-07-26,3
IEM_Health-CovidProject,NO,Cases,0.429258913738951,2021-07-26,3
IEM_Health-CovidProject,PT,Cases,0.419595847882582,2021-07-26,3
IEM_Health-CovidProject,SI,Cases,0.306462788136676,2021-07-26,3
IEM_Health-CovidProject,SI,Deaths,0.327781432243403,2021-07-26,3
IEM_Health-CovidProject,SK,Cases,0.310674621406145,2021-07-26,3
IEM_Health-CovidProject,SK,Deaths,0.279316800252974,2021-07-26,3
ILM-EKF,AT,Deaths,0.315295318015939,2021-07-26,3
ILM-EKF,BE,Cases,0.32518142877123,2021-07-26,3
ILM-EKF,BG,Deaths,0.301706345181331,2021-07-26,3
ILM-EKF,CY,Deaths,0.357555994973415,2021-07-26,3
ILM-EKF,FI,Cases,0.192015775008612,2021-07-26,3
ILM-EKF,HR,Deaths,0.194725568010986,2021-07-26,3
ILM-EKF,HU,Cases,0.301898295246552,2021-07-26,3
ILM-EKF,HU,Deaths,0.301741580573325,2021-07-26,3
ILM-EKF,IT,Cases,0.222722149193121,2021-07-26,3
ILM-EKF,IT,Deaths,0.303105009295357,2021-07-26,3
ILM-EKF,LV,Cases,0.296714839491421,2021-07-26,3
ILM-EKF,PT,Deaths,0.20210953582097,2021-07-26,3
ILM-EKF,RO,Deaths,0.381829988497669,2021-07-26,3
ILM-EKF,SK,Cases,0.305057289245238,2021-07-26,3
MUNI-ARIMA,AT,Cases,0.452193987919682,2021-07-26,3
MUNI-ARIMA,AT,Deaths,0.286172360180374,2021-07-26,3
MUNI-ARIMA,BG,Cases,0.291994979480687,2021-07-26,3
MUNI-ARIMA,CY,Cases,0.502406718140085,2021-07-26,3
MUNI-ARIMA,CY,Deaths,0.345909252494341,2021-07-26,3
MUNI-ARIMA,EE,Cases,0.443105293536934,2021-07-26,3
MUNI-ARIMA,EE,Deaths,0.328162441211898,2021-07-26,3
MUNI-ARIMA,ES,Cases,0.300877163277074,2021-07-26,3
MUNI-ARIMA,FI,Cases,0.464049423322662,2021-07-26,3
MUNI-ARIMA,FI,Deaths,0.33770022127213,2021-07-26,3
MUNI-ARIMA,GR,Cases,0.458181449199702,2021-07-26,3
MUNI-ARIMA,GR,Deaths,0.272787979009757,2021-07-26,3
MUNI-ARIMA,HR,Cases,0.345280731916001,2021-07-26,3
MUNI-ARIMA,IT,Cases,0.441133016418133,2021-07-26,3
MUNI-ARIMA,LT,Cases,0.416515133487247,2021-07-26,3
MUNI-ARIMA,LT,Deaths,0.297130757655113,2021-07-26,3
MUNI-ARIMA,LU,Deaths,0.24954514937036,2021-07-26,3
MUNI-ARIMA,LV,Cases,0.188540249170345,2021-07-26,3
MUNI-ARIMA,MT,Cases,0.412881553214142,2021-07-26,3
MUNI-ARIMA,MT,Deaths,0.291051579317458,2021-07-26,3
MUNI-ARIMA,NO,Cases,0.324685060970894,2021-07-26,3
MUNI-ARIMA,PT,Cases,0.349600884381458,2021-07-26,3
MUNI-ARIMA,RO,Cases,0.330666229506786,2021-07-26,3
MUNI-ARIMA,SI,Cases,0.335986673265949,2021-07-26,3
RobertWalraven-ESG,AT,Cases,0.293182065965677,2021-07-26,3
RobertWalraven-ESG,BE,Cases,0.317028518800615,2021-07-26,3
RobertWalraven-ESG,BG,Cases,0.334580323535679,2021-07-26,3
RobertWalraven-ESG,CY,Cases,0.218299142973138,2021-07-26,3
RobertWalraven-ESG,CY,Deaths,0.296534752532244,2021-07-26,3
RobertWalraven-ESG,EE,Cases,0.29370286927083,2021-07-26,3
RobertWalraven-ESG,FI,Deaths,0.374926142340299,2021-07-26,3
RobertWalraven-ESG,GR,Cases,0.249981196737353,2021-07-26,3
RobertWalraven-ESG,GR,Deaths,0.438363326000368,2021-07-26,3
RobertWalraven-ESG,LT,Cases,0.325215190191985,2021-07-26,3
RobertWalraven-ESG,LU,Deaths,0.260624373781171,2021-07-26,3
RobertWalraven-ESG,MT,Cases,0.315972781581127,2021-07-26,3
RobertWalraven-ESG,MT,Deaths,0.34508234164577,2021-07-26,3
RobertWalraven-ESG,RO,Cases,0.345694437272417,2021-07-26,3
RobertWalraven-ESG,SI,Cases,0.357550538597376,2021-07-26,3
RobertWalraven-ESG,SI,Deaths,0.270168663211491,2021-07-26,3
RobertWalraven-ESG,SK,Cases,0.384268089348617,2021-07-26,3
UMass-MechBayes,BE,Deaths,0.531214310834626,2021-07-26,3
UMass-MechBayes,HR,Deaths,0.447687946764578,2021-07-26,3
UMass-MechBayes,HU,Deaths,0.317318093898929,2021-07-26,3
UMass-MechBayes,IT,Deaths,0.295548426901044,2021-07-26,3
UMass-MechBayes,LT,Deaths,0.411275385393429,2021-07-26,3
UMass-MechBayes,LV,Deaths,0.373199342449823,2021-07-26,3
UMass-MechBayes,PT,Deaths,0.366458406954827,2021-07-26,3
UMass-MechBayes,RO,Deaths,0.159159303595627,2021-07-26,3
UMass-MechBayes,SI,Deaths,0.402049904545106,2021-07-26,3
UMass-MechBayes,SK,Deaths,0.367653450112156,2021-07-26,3
epiforecasts-EpiNow2,AT,Cases,0.254623946114641,2021-07-26,3
epiforecasts-EpiNow2,BE,Deaths,0.237056193397438,2021-07-26,3
epiforecasts-EpiNow2,BG,Deaths,0.342611487161021,2021-07-26,3
epiforecasts-EpiNow2,EE,Cases,0.263191837192236,2021-07-26,3
epiforecasts-EpiNow2,EE,Deaths,0.323789006153879,2021-07-26,3
epiforecasts-EpiNow2,ES,Cases,0.36060867742416,2021-07-26,3
epiforecasts-EpiNow2,HR,Cases,0.336376618299576,2021-07-26,3
epiforecasts-EpiNow2,HU,Cases,0.270693012004916,2021-07-26,3
epiforecasts-EpiNow2,HU,Deaths,0.380940325527747,2021-07-26,3
epiforecasts-EpiNow2,IT,Cases,0.336144834388746,2021-07-26,3
epiforecasts-EpiNow2,LV,Deaths,0.308933247205504,2021-07-26,3
epiforecasts-EpiNow2,NO,Cases,0.246056025290154,2021-07-26,3
epiforecasts-EpiNow2,PT,Cases,0.23080326773596,2021-07-26,3
epiforecasts-EpiNow2,PT,Deaths,0.431432057224203,2021-07-26,3
epiforecasts-EpiNow2,RO,Cases,0.323639333220796,2021-07-26,3
epiforecasts-EpiNow2,RO,Deaths,0.459010707906704,2021-07-26,3
epiforecasts-EpiNow2,SK,Deaths,0.35302974963487,2021-07-26,3
IEM_Health-CovidProject,AT,Cases,0.268497104948363,2021-08-02,3
IEM_Health-CovidProject,BE,Cases,0.352439010250318,2021-08-02,3
IEM_Health-CovidProject,BE,Deaths,0.269413412357973,2021-08-02,3
IEM_Health-CovidProject,BG,Deaths,0.272785140393044,2021-08-02,3
IEM_Health-CovidProject,CY,Cases,0.0936483050490631,2021-08-02,3
IEM_Health-CovidProject,EE,Deaths,0.424704827625196,2021-08-02,3
IEM_Health-CovidProject,ES,Cases,0.361869036639715,2021-08-02,3
IEM_Health-CovidProject,FI,Cases,0.39693164547207,2021-08-02,3
IEM_Health-CovidProject,GR,Cases,0.200360587896763,2021-08-02,3
IEM_Health-CovidProject,GR,Deaths,0.374179229924688,2021-08-02,3
IEM_Health-CovidProject,HR,Deaths,0.312241947372346,2021-08-02,3
IEM_Health-CovidProject,HU,Cases,0.407966257980135,2021-08-02,3
IEM_Health-CovidProject,HU,Deaths,0.324575677859509,2021-08-02,3
IEM_Health-CovidProject,IT,Deaths,0.399879170662322,2021-08-02,3
IEM_Health-CovidProject,LT,Cases,0.256086350980712,2021-08-02,3
IEM_Health-CovidProject,LT,Deaths,0.393829115182649,2021-08-02,3
IEM_Health-CovidProject,LU,Deaths,0.491066423415453,2021-08-02,3
IEM_Health-CovidProject,LV,Cases,0.405591716192296,2021-08-02,3
IEM_Health-CovidProject,LV,Deaths,0.260278041807032,2021-08-02,3
IEM_Health-CovidProject,MT,Deaths,0.318751695920934,2021-08-02,3
IEM_Health-CovidProject,NO,Cases,0.336274619031676,2021-08-02,3
IEM_Health-CovidProject,PT,Cases,0.320145129981643,2021-08-02,3
IEM_Health-CovidProject,PT,Deaths,0.225533974715414,2021-08-02,3
IEM_Health-CovidProject,SI,Cases,0.29296837915957,2021-08-02,3
IEM_Health-CovidProject,SI,Deaths,0.332309907280142,2021-08-02,3
IEM_Health-CovidProject,SK,Cases,0.268839921594865,2021-08-02,3
ILM-EKF,BE,Cases,0.317543523971791,2021-08-02,3
ILM-EKF,FI,Cases,0.270627312330549,2021-08-02,3
ILM-EKF,FI,Deaths,0.305443654149993,2021-08-02,3
ILM-EKF,HU,Deaths,0.315116016548493,2021-08-02,3
ILM-EKF,IT,Deaths,0.296709096589522,2021-08-02,3
ILM-EKF,MT,Cases,0.231497534893258,2021-08-02,3
ILM-EKF,RO,Deaths,0.246058411741982,2021-08-02,3
ILM-EKF,SI,Deaths,0.241419823854634,2021-08-02,3
ILM-EKF,SK,Deaths,0.306499124724011,2021-08-02,3
Karlen-pypm,AT,Deaths,0.300732433405925,2021-08-02,3
Karlen-pypm,BG,Cases,0.251563955166005,2021-08-02,3
Karlen-pypm,CY,Deaths,0.305729645132639,2021-08-02,3
Karlen-pypm,EE,Cases,0.289573103769727,2021-08-02,3
Karlen-pypm,EE,Deaths,0.291745433391182,2021-08-02,3
Karlen-pypm,HR,Cases,0.297451383977546,2021-08-02,3
Karlen-pypm,HR,Deaths,0.26843630560166,2021-08-02,3
MUNI-ARIMA,AT,Cases,0.450738599901106,2021-08-02,3
MUNI-ARIMA,BG,Cases,0.438305007305365,2021-08-02,3
MUNI-ARIMA,CY,Cases,0.720764557165667,2021-08-02,3
MUNI-ARIMA,CY,Deaths,0.283194602641898,2021-08-02,3
MUNI-ARIMA,EE,Cases,0.364976430605027,2021-08-02,3
MUNI-ARIMA,FI,Cases,0.332441042197381,2021-08-02,3
MUNI-ARIMA,FI,Deaths,0.313737420065503,2021-08-02,3
MUNI-ARIMA,GR,Cases,0.640503634691351,2021-08-02,3
MUNI-ARIMA,GR,Deaths,0.347474644083299,2021-08-02,3
MUNI-ARIMA,HR,Cases,0.369218823957543,2021-08-02,3
MUNI-ARIMA,HU,Cases,0.298986943878998,2021-08-02,3
MUNI-ARIMA,IT,Cases,0.464209031818191,2021-08-02,3
MUNI-ARIMA,LT,Cases,0.480480201052894,2021-08-02,3
MUNI-ARIMA,LT,Deaths,0.274876374268175,2021-08-02,3
MUNI-ARIMA,LU,Deaths,0.231203159494179,2021-08-02,3
MUNI-ARIMA,LV,Cases,0.304312818323849,2021-08-02,3
MUNI-ARIMA,MT,Cases,0.469916302086936,2021-08-02,3
MUNI-ARIMA,MT,Deaths,0.335361938663668,2021-08-02,3
MUNI-ARIMA,NO,Cases,0.348821982553705,2021-08-02,3
MUNI-ARIMA,PT,Cases,0.341018793281872,2021-08-02,3
MUNI-ARIMA,RO,Cases,0.39090687215884,2021-08-02,3
MUNI-ARIMA,SI,Cases,0.344030153214751,2021-08-02,3
MUNI-ARIMA,SK,Cases,0.398071218876615,2021-08-02,3
RobertWalraven-ESG,AT,Cases,0.280764295150531,2021-08-02,3
RobertWalraven-ESG,AT,Deaths,0.345336397712578,2021-08-02,3
RobertWalraven-ESG,BE,Cases,0.33001746577789,2021-08-02,3
RobertWalraven-ESG,BE,Deaths,0.273128951848802,2021-08-02,3
RobertWalraven-ESG,CY,Cases,0.18558713778527,2021-08-02,3
RobertWalraven-ESG,ES,Cases,0.29506548871853,2021-08-02,3
RobertWalraven-ESG,GR,Cases,0.159135777411885,2021-08-02,3
RobertWalraven-ESG,GR,Deaths,0.278346125992013,2021-08-02,3
RobertWalraven-ESG,IT,Deaths,0.303411732748156,2021-08-02,3
RobertWalraven-ESG,LT,Cases,0.263433447966393,2021-08-02,3
RobertWalraven-ESG,LU,Deaths,0.277730417090368,2021-08-02,3
RobertWalraven-ESG,MT,Cases,0.298586163019806,2021-08-02,3
RobertWalraven-ESG,MT,Deaths,0.345886365415399,2021-08-02,3
RobertWalraven-ESG,PT,Cases,0.338836076736485,2021-08-02,3
RobertWalraven-ESG,RO,Cases,0.317085605544773,2021-08-02,3
RobertWalraven-ESG,SI,Cases,0.363001467625679,2021-08-02,3
RobertWalraven-ESG,SK,Cases,0.33308885952852,2021-08-02,3
UMass-MechBayes,AT,Deaths,0.353931168881497,2021-08-02,3
UMass-MechBayes,BE,Deaths,0.457457635793225,2021-08-02,3
UMass-MechBayes,BG,Deaths,0.411818201084565,2021-08-02,3
UMass-MechBayes,EE,Deaths,0.283549738983622,2021-08-02,3
UMass-MechBayes,FI,Deaths,0.380818925784504,2021-08-02,3
UMass-MechBayes,HR,Deaths,0.419321747025993,2021-08-02,3
UMass-MechBayes,LT,Deaths,0.331294510549176,2021-08-02,3
UMass-MechBayes,LV,Deaths,0.317313518214383,2021-08-02,3
UMass-MechBayes,PT,Deaths,0.359742876044867,2021-08-02,3
UMass-MechBayes,RO,Deaths,0.220686759687756,2021-08-02,3
UMass-MechBayes,SI,Deaths,0.426270268865224,2021-08-02,3
UMass-MechBayes,SK,Deaths,0.321629247672771,2021-08-02,3
UNIPV-BayesINGARCHX,IT,Cases,0.193390528207007,2021-08-02,3
epiforecasts-EpiNow2,BG,Cases,0.310131037528629,2021-08-02,3
epiforecasts-EpiNow2,BG,Deaths,0.315396658522391,2021-08-02,3
epiforecasts-EpiNow2,CY,Deaths,0.411075752225462,2021-08-02,3
epiforecasts-EpiNow2,EE,Cases,0.345450465625245,2021-08-02,3
epiforecasts-EpiNow2,ES,Cases,0.343065474641755,2021-08-02,3
epiforecasts-EpiNow2,HR,Cases,0.333329792064911,2021-08-02,3
epiforecasts-EpiNow2,HU,Cases,0.293046798140867,2021-08-02,3
epiforecasts-EpiNow2,HU,Deaths,0.360308305591998,2021-08-02,3
epiforecasts-EpiNow2,IT,Cases,0.342400439974802,2021-08-02,3
epiforecasts-EpiNow2,LV,Cases,0.290095465483855,2021-08-02,3
epiforecasts-EpiNow2,LV,Deaths,0.422408439978585,2021-08-02,3
epiforecasts-EpiNow2,NO,Cases,0.314903398414619,2021-08-02,3
epiforecasts-EpiNow2,PT,Deaths,0.414723149239719,2021-08-02,3
epiforecasts-EpiNow2,RO,Cases,0.292007522296387,2021-08-02,3
epiforecasts-EpiNow2,RO,Deaths,0.533254828570262,2021-08-02,3
epiforecasts-EpiNow2,SK,Deaths,0.371871627603219,2021-08-02,3
IEM_Health-CovidProject,AT,Cases,0.321567835473396,2021-08-09,3
IEM_Health-CovidProject,BE,Cases,0.330903557356568,2021-08-09,3
IEM_Health-CovidProject,ES,Cases,0.267052219287695,2021-08-09,3
IEM_Health-CovidProject,FI,Cases,0.377114588294651,2021-08-09,3
IEM_Health-CovidProject,GR,Cases,0.213552445081774,2021-08-09,3
IEM_Health-CovidProject,GR,Deaths,0.304881172989831,2021-08-09,3
IEM_Health-CovidProject,HR,Cases,0.315080594752455,2021-08-09,3
IEM_Health-CovidProject,HU,Cases,0.434324080951022,2021-08-09,3
IEM_Health-CovidProject,IT,Cases,0.241166501599505,2021-08-09,3
IEM_Health-CovidProject,IT,Deaths,0.310019832378532,2021-08-09,3
IEM_Health-CovidProject,LT,Cases,0.255456343416096,2021-08-09,3
IEM_Health-CovidProject,LT,Deaths,0.328880396199237,2021-08-09,3
IEM_Health-CovidProject,LU,Deaths,0.421571547433072,2021-08-09,3
IEM_Health-CovidProject,LV,Cases,0.415577986866736,2021-08-09,3
IEM_Health-CovidProject,LV,Deaths,0.275402294306495,2021-08-09,3
IEM_Health-CovidProject,MT,Deaths,0.353489803009561,2021-08-09,3
IEM_Health-CovidProject,NO,Cases,0.282030591232434,2021-08-09,3
IEM_Health-CovidProject,PT,Cases,0.314085723392623,2021-08-09,3
IEM_Health-CovidProject,PT,Deaths,0.298028828841025,2021-08-09,3
IEM_Health-CovidProject,SI,Cases,0.351971250510492,2021-08-09,3
IEM_Health-CovidProject,SI,Deaths,0.381261353937743,2021-08-09,3
IEM_Health-CovidProject,SK,Cases,0.308144567184273,2021-08-09,3
ILM-EKF,AT,Deaths,0.267135511755511,2021-08-09,3
ILM-EKF,BG,Deaths,0.309640118351392,2021-08-09,3
ILM-EKF,FI,Cases,0.34904638795475,2021-08-09,3
ILM-EKF,FI,Deaths,0.28132630470855,2021-08-09,3
ILM-EKF,HU,Cases,0.252930244399918,2021-08-09,3
ILM-EKF,HU,Deaths,0.293021577403516,2021-08-09,3
ILM-EKF,MT,Cases,0.107242549368851,2021-08-09,3
ILM-EKF,RO,Deaths,0.289112456623709,2021-08-09,3
ILM-EKF,SK,Deaths,0.339792183389313,2021-08-09,3
Karlen-pypm,BG,Cases,0.352968348896798,2021-08-09,3
Karlen-pypm,BG,Deaths,0.336736016055654,2021-08-09,3
Karlen-pypm,CY,Deaths,0.358609257369836,2021-08-09,3
Karlen-pypm,EE,Cases,0.455222116896406,2021-08-09,3
Karlen-pypm,FI,Cases,0.273839023750599,2021-08-09,3
Karlen-pypm,HR,Cases,0.322400490210062,2021-08-09,3
Karlen-pypm,HR,Deaths,0.381972261152165,2021-08-09,3
Karlen-pypm,HU,Deaths,0.373747030818847,2021-08-09,3
Karlen-pypm,LT,Cases,0.21843490897335,2021-08-09,3
Karlen-pypm,LV,Cases,0.241865934391772,2021-08-09,3
Karlen-pypm,PT,Deaths,0.302143634164382,2021-08-09,3
Karlen-pypm,RO,Cases,0.25338496868039,2021-08-09,3
Karlen-pypm,SI,Deaths,0.271976121979273,2021-08-09,3
Karlen-pypm,SK,Cases,0.297245862094951,2021-08-09,3
MUNI-ARIMA,AT,Cases,0.40934712784098,2021-08-09,3
MUNI-ARIMA,BG,Cases,0.388502371115299,2021-08-09,3
MUNI-ARIMA,CY,Cases,0.520433702320846,2021-08-09,3
MUNI-ARIMA,EE,Cases,0.338532765700441,2021-08-09,3
MUNI-ARIMA,ES,Cases,0.300557151269968,2021-08-09,3
MUNI-ARIMA,GR,Cases,0.619617659477779,2021-08-09,3
MUNI-ARIMA,GR,Deaths,0.403030156939288,2021-08-09,3
MUNI-ARIMA,IT,Cases,0.535383464426335,2021-08-09,3
MUNI-ARIMA,IT,Deaths,0.287243109389676,2021-08-09,3
MUNI-ARIMA,LT,Cases,0.526108747610554,2021-08-09,3
MUNI-ARIMA,LT,Deaths,0.327297622140309,2021-08-09,3
MUNI-ARIMA,LU,Deaths,0.265560803405912,2021-08-09,3
MUNI-ARIMA,LV,Cases,0.342556078741492,2021-08-09,3
MUNI-ARIMA,MT,Cases,0.597595824828491,2021-08-09,3
MUNI-ARIMA,MT,Deaths,0.338862863414013,2021-08-09,3
MUNI-ARIMA,NO,Cases,0.345230452266074,2021-08-09,3
MUNI-ARIMA,PT,Cases,0.243234694138246,2021-08-09,3
MUNI-ARIMA,RO,Cases,0.433327222247728,2021-08-09,3
MUNI-ARIMA,SI,Cases,0.322035506149491,2021-08-09,3
MUNI-ARIMA,SK,Cases,0.394609570720776,2021-08-09,3
RobertWalraven-ESG,AT,Cases,0.269085036685624,2021-08-09,3
RobertWalraven-ESG,AT,Deaths,0.329710794838592,2021-08-09,3
RobertWalraven-ESG,BE,Cases,0.511184612212788,2021-08-09,3
RobertWalraven-ESG,BE,Deaths,0.315554103053752,2021-08-09,3
RobertWalraven-ESG,CY,Cases,0.334223627035679,2021-08-09,3
RobertWalraven-ESG,EE,Deaths,0.309964162614683,2021-08-09,3
RobertWalraven-ESG,ES,Cases,0.432390629442337,2021-08-09,3
RobertWalraven-ESG,GR,Cases,0.166829895440446,2021-08-09,3
RobertWalraven-ESG,GR,Deaths,0.292088670070881,2021-08-09,3
RobertWalraven-ESG,IT,Deaths,0.402737058231792,2021-08-09,3
RobertWalraven-ESG,LU,Deaths,0.312867649161016,2021-08-09,3
RobertWalraven-ESG,MT,Cases,0.295161625802658,2021-08-09,3
RobertWalraven-ESG,MT,Deaths,0.307647333576427,2021-08-09,3
RobertWalraven-ESG,PT,Cases,0.442679582469131,2021-08-09,3
RobertWalraven-ESG,SI,Cases,0.325993243340017,2021-08-09,3
UMass-MechBayes,AT,Deaths,0.403153693405896,2021-08-09,3
UMass-MechBayes,BE,Deaths,0.4307288369607,2021-08-09,3
UMass-MechBayes,CY,Deaths,0.293728599547633,2021-08-09,3
UMass-MechBayes,EE,Deaths,0.362655394822846,2021-08-09,3
UMass-MechBayes,FI,Deaths,0.418845196431481,2021-08-09,3
UMass-MechBayes,HR,Deaths,0.321549471971549,2021-08-09,3
UMass-MechBayes,LT,Deaths,0.343821981660455,2021-08-09,3
UMass-MechBayes,LV,Deaths,0.417719962064444,2021-08-09,3
UMass-MechBayes,RO,Deaths,0.321075430804467,2021-08-09,3
UMass-MechBayes,SI,Deaths,0.346762524082984,2021-08-09,3
UMass-MechBayes,SK,Deaths,0.341295101853635,2021-08-09,3
UNIPV-BayesINGARCHX,IT,Cases,0.22345003397416,2021-08-09,3
epiforecasts-EpiNow2,BE,Cases,0.157911830430644,2021-08-09,3
epiforecasts-EpiNow2,BE,Deaths,0.253717059985547,2021-08-09,3
epiforecasts-EpiNow2,BG,Cases,0.258529279987902,2021-08-09,3
epiforecasts-EpiNow2,BG,Deaths,0.353623865592955,2021-08-09,3
epiforecasts-EpiNow2,CY,Cases,0.145342670643475,2021-08-09,3
epiforecasts-EpiNow2,CY,Deaths,0.347662143082531,2021-08-09,3
epiforecasts-EpiNow2,EE,Cases,0.206245117403153,2021-08-09,3
epiforecasts-EpiNow2,EE,Deaths,0.327380442562471,2021-08-09,3
epiforecasts-EpiNow2,FI,Deaths,0.299828498859969,2021-08-09,3
epiforecasts-EpiNow2,HR,Cases,0.362518915037482,2021-08-09,3
epiforecasts-EpiNow2,HR,Deaths,0.296478266876286,2021-08-09,3
epiforecasts-EpiNow2,HU,Cases,0.31274567464906,2021-08-09,3
epiforecasts-EpiNow2,HU,Deaths,0.333231391777638,2021-08-09,3
epiforecasts-EpiNow2,LV,Deaths,0.306877743629061,2021-08-09,3
epiforecasts-EpiNow2,NO,Cases,0.372738956501493,2021-08-09,3
epiforecasts-EpiNow2,PT,Deaths,0.399827536994593,2021-08-09,3
epiforecasts-EpiNow2,RO,Cases,0.313287809071881,2021-08-09,3
epiforecasts-EpiNow2,RO,Deaths,0.389812112571824,2021-08-09,3
epiforecasts-EpiNow2,SK,Deaths,0.318912714757052,2021-08-09,3
IEM_Health-CovidProject,AT,Cases,0.563652037976408,2021-08-16,3
IEM_Health-CovidProject,BE,Cases,0.329765860404729,2021-08-16,3
IEM_Health-CovidProject,CY,Deaths,0.290526142538553,2021-08-16,3
IEM_Health-CovidProject,EE,Cases,0.255601259122325,2021-08-16,3
IEM_Health-CovidProject,FI,Cases,0.357447638588009,2021-08-16,3
IEM_Health-CovidProject,GR,Cases,0.190587914794797,2021-08-16,3
IEM_Health-CovidProject,GR,Deaths,0.334478030729326,2021-08-16,3
IEM_Health-CovidProject,HR,Cases,0.350437571075059,2021-08-16,3
IEM_Health-CovidProject,HR,Deaths,0.29720461052623,2021-08-16,3
IEM_Health-CovidProject,HU,Cases,0.533420581778606,2021-08-16,3
IEM_Health-CovidProject,IT,Cases,0.351415828127659,2021-08-16,3
IEM_Health-CovidProject,IT,Deaths,0.239380135761196,2021-08-16,3
IEM_Health-CovidProject,LT,Cases,0.27052993982428,2021-08-16,3
IEM_Health-CovidProject,LU,Deaths,0.319505209589456,2021-08-16,3
IEM_Health-CovidProject,LV,Cases,0.327387337212146,2021-08-16,3
IEM_Health-CovidProject,LV,Deaths,0.440994136525692,2021-08-16,3
IEM_Health-CovidProject,MT,Deaths,0.340435951258405,2021-08-16,3
IEM_Health-CovidProject,NO,Cases,0.272983056601736,2021-08-16,3
IEM_Health-CovidProject,PT,Cases,0.310919151387557,2021-08-16,3
IEM_Health-CovidProject,PT,Deaths,0.237770848373271,2021-08-16,3
IEM_Health-CovidProject,RO,Cases,0.225193819181417,2021-08-16,3
IEM_Health-CovidProject,SI,Cases,0.292976480916157,2021-08-16,3
IEM_Health-CovidProject,SI,Deaths,0.377806956897371,2021-08-16,3
IEM_Health-CovidProject,SK,Cases,0.325526544248729,2021-08-16,3
IEM_Health-CovidProject,SK,Deaths,0.374085674808318,2021-08-16,3
ILM-EKF,AT,Cases,0.19466710945157,2021-08-16,3
ILM-EKF,AT,Deaths,0.355034424888807,2021-08-16,3
ILM-EKF,BG,Deaths,0.248077148310636,2021-08-16,3
ILM-EKF,FI,Cases,0.357204531038916,2021-08-16,3
ILM-EKF,FI,Deaths,0.307552890978276,2021-08-16,3
ILM-EKF,HU,Cases,0.212240603489516,2021-08-16,3
ILM-EKF,HU,Deaths,0.339610204947973,2021-08-16,3
ILM-EKF,LT,Deaths,0.308970494589623,2021-08-16,3
ILM-EKF,LV,Deaths,0.3106945232865,2021-08-16,3
ILM-EKF,RO,Deaths,0.355075556909337,2021-08-16,3
ILM-EKF,SI,Deaths,0.218410973207631,2021-08-16,3
ILM-EKF,SK,Deaths,0.352196035542692,2021-08-16,3
Karlen-pypm,BG,Cases,0.331520199513998,2021-08-16,3
Karlen-pypm,BG,Deaths,0.357829552165103,2021-08-16,3
Karlen-pypm,CY,Cases,0.267814498287311,2021-08-16,3
Karlen-pypm,CY,Deaths,0.469551712204323,2021-08-16,3
Karlen-pypm,EE,Cases,0.363447940620121,2021-08-16,3
Karlen-pypm,EE,Deaths,0.305227487740202,2021-08-16,3
Karlen-pypm,FI,Cases,0.285347830373075,2021-08-16,3
Karlen-pypm,FI,Deaths,0.279641721689189,2021-08-16,3
Karlen-pypm,HR,Cases,0.35312357823371,2021-08-16,3
Karlen-pypm,HR,Deaths,0.373523028053017,2021-08-16,3
Karlen-pypm,HU,Deaths,0.369066909825823,2021-08-16,3
Karlen-pypm,LT,Deaths,0.428243680037964,2021-08-16,3
Karlen-pypm,PT,Deaths,0.389818967049838,2021-08-16,3
Karlen-pypm,RO,Deaths,0.22087617333854,2021-08-16,3
Karlen-pypm,SI,Cases,0.339103998615742,2021-08-16,3
Karlen-pypm,SI,Deaths,0.403782069894999,2021-08-16,3
Karlen-pypm,SK,Cases,0.339305164264036,2021-08-16,3
MUNI-ARIMA,AT,Cases,0.241680852572022,2021-08-16,3
MUNI-ARIMA,AT,Deaths,0.241161171327748,2021-08-16,3
MUNI-ARIMA,BE,Deaths,0.310611713796902,2021-08-16,3
MUNI-ARIMA,BG,Cases,0.360263461107074,2021-08-16,3
MUNI-ARIMA,CY,Cases,0.361908860146086,2021-08-16,3
MUNI-ARIMA,EE,Cases,0.380950800257555,2021-08-16,3
MUNI-ARIMA,ES,Cases,0.291308155434735,2021-08-16,3
MUNI-ARIMA,GR,Cases,0.482890432970598,2021-08-16,3
MUNI-ARIMA,GR,Deaths,0.395746795715637,2021-08-16,3
MUNI-ARIMA,IT,Cases,0.37215791598176,2021-08-16,3
MUNI-ARIMA,IT,Deaths,0.326474455530539,2021-08-16,3
MUNI-ARIMA,LT,Cases,0.523520624917597,2021-08-16,3
MUNI-ARIMA,LT,Deaths,0.262785825372412,2021-08-16,3
MUNI-ARIMA,LU,Deaths,0.345201286979217,2021-08-16,3
MUNI-ARIMA,LV,Cases,0.322573415492168,2021-08-16,3
MUNI-ARIMA,MT,Cases,0.473222942847997,2021-08-16,3
MUNI-ARIMA,MT,Deaths,0.328562620377955,2021-08-16,3
MUNI-ARIMA,NO,Cases,0.346445600480609,2021-08-16,3
MUNI-ARIMA,RO,Cases,0.395454687298665,2021-08-16,3
MUNI-ARIMA,RO,Deaths,0.424048269752123,2021-08-16,3
MUNI-ARIMA,SI,Cases,0.367919520468102,2021-08-16,3
MUNI-ARIMA,SK,Cases,0.335168291487234,2021-08-16,3
RobertWalraven-ESG,AT,Deaths,0.403804403783445,2021-08-16,3
RobertWalraven-ESG,BE,Cases,0.525044136664549,2021-08-16,3
RobertWalraven-ESG,BE,Deaths,0.386273636319694,2021-08-16,3
RobertWalraven-ESG,CY,Deaths,0.239922145257124,2021-08-16,3
RobertWalraven-ESG,EE,Deaths,0.348763176803078,2021-08-16,3
RobertWalraven-ESG,ES,Cases,0.523955725990697,2021-08-16,3
RobertWalraven-ESG,GR,Cases,0.326521652234606,2021-08-16,3
RobertWalraven-ESG,GR,Deaths,0.269775173555037,2021-08-16,3
RobertWalraven-ESG,HR,Deaths,0.329272361420753,2021-08-16,3
RobertWalraven-ESG,IT,Deaths,0.434145408708265,2021-08-16,3
RobertWalraven-ESG,LU,Deaths,0.335293503431328,2021-08-16,3
RobertWalraven-ESG,LV,Deaths,0.248311340187808,2021-08-16,3
RobertWalraven-ESG,MT,Cases,0.361177172489439,2021-08-16,3
RobertWalraven-ESG,MT,Deaths,0.33100142836364,2021-08-16,3
RobertWalraven-ESG,PT,Cases,0.345975531468302,2021-08-16,3
RobertWalraven-ESG,SK,Deaths,0.273718289648989,2021-08-16,3
UNIPV-BayesINGARCHX,IT,Cases,0.27642625589058,2021-08-16,3
epiforecasts-EpiNow2,BE,Cases,0.145190002930722,2021-08-16,3
epiforecasts-EpiNow2,BE,Deaths,0.303114649883404,2021-08-16,3
epiforecasts-EpiNow2,BG,Cases,0.308216339378928,2021-08-16,3
epiforecasts-EpiNow2,BG,Deaths,0.394093299524261,2021-08-16,3
epiforecasts-EpiNow2,CY,Cases,0.370276641566603,2021-08-16,3
epiforecasts-EpiNow2,EE,Deaths,0.34600933545672,2021-08-16,3
epiforecasts-EpiNow2,ES,Cases,0.184736118574568,2021-08-16,3
epiforecasts-EpiNow2,FI,Deaths,0.412805387332536,2021-08-16,3
epiforecasts-EpiNow2,HR,Cases,0.296438850691231,2021-08-16,3
epiforecasts-EpiNow2,HU,Cases,0.254338814731878,2021-08-16,3
epiforecasts-EpiNow2,HU,Deaths,0.291322885226204,2021-08-16,3
epiforecasts-EpiNow2,LT,Cases,0.205949435258123,2021-08-16,3
epiforecasts-EpiNow2,LV,Cases,0.350039247295686,2021-08-16,3
epiforecasts-EpiNow2,MT,Cases,0.165599884662564,2021-08-16,3
epiforecasts-EpiNow2,NO,Cases,0.380571342917655,2021-08-16,3
epiforecasts-EpiNow2,PT,Cases,0.343105317144142,2021-08-16,3
epiforecasts-EpiNow2,PT,Deaths,0.372410184576892,2021-08-16,3
epiforecasts-EpiNow2,RO,Cases,0.379351493519918,2021-08-16,3
IEM_Health-CovidProject,AT,Cases,0.322500881454236,2021-08-23,3
IEM_Health-CovidProject,BE,Cases,0.359786552801093,2021-08-23,3
IEM_Health-CovidProject,CY,Cases,0.462814276695831,2021-08-23,3
IEM_Health-CovidProject,CY,Deaths,0.388807942035312,2021-08-23,3
IEM_Health-CovidProject,EE,Cases,0.347073597770716,2021-08-23,3
IEM_Health-CovidProject,EE,Deaths,0.281265866475011,2021-08-23,3
IEM_Health-CovidProject,FI,Cases,0.376529785208525,2021-08-23,3
IEM_Health-CovidProject,FI,Deaths,0.312729122083714,2021-08-23,3
IEM_Health-CovidProject,GR,Cases,0.339865887516256,2021-08-23,3
IEM_Health-CovidProject,HR,Cases,0.327183614782289,2021-08-23,3
IEM_Health-CovidProject,HR,Deaths,0.272385464344551,2021-08-23,3
IEM_Health-CovidProject,HU,Cases,0.574615122120998,2021-08-23,3
IEM_Health-CovidProject,HU,Deaths,0.418709248129731,2021-08-23,3
IEM_Health-CovidProject,IT,Cases,0.240113501022928,2021-08-23,3
IEM_Health-CovidProject,IT,Deaths,0.262771691357632,2021-08-23,3
IEM_Health-CovidProject,LT,Cases,0.438664077915291,2021-08-23,3
IEM_Health-CovidProject,LV,Cases,0.293499474429286,2021-08-23,3
IEM_Health-CovidProject,LV,Deaths,0.340416580629565,2021-08-23,3
IEM_Health-CovidProject,MT,Cases,0.179934277873555,2021-08-23,3
IEM_Health-CovidProject,MT,Deaths,0.336605279226482,2021-08-23,3
IEM_Health-CovidProject,NO,Cases,0.275968550234775,2021-08-23,3
IEM_Health-CovidProject,PT,Cases,0.292110876063696,2021-08-23,3
IEM_Health-CovidProject,RO,Cases,0.286715745215174,2021-08-23,3
IEM_Health-CovidProject,SI,Cases,0.267876591890104,2021-08-23,3
IEM_Health-CovidProject,SI,Deaths,0.346270943662636,2021-08-23,3
IEM_Health-CovidProject,SK,Cases,0.376605617240497,2021-08-23,3
IEM_Health-CovidProject,SK,Deaths,0.419906280196752,2021-08-23,3
ILM-EKF,AT,Cases,0.314832824500402,2021-08-23,3
ILM-EKF,BG,Deaths,0.21775679618187,2021-08-23,3
ILM-EKF,HR,Cases,0.29798604159757,2021-08-23,3
ILM-EKF,HU,Cases,0.258071445290769,2021-08-23,3
ILM-EKF,HU,Deaths,0.30614671057386,2021-08-23,3
ILM-EKF,LT,Deaths,0.395867679406046,2021-08-23,3
ILM-EKF,LV,Deaths,0.338122246193229,2021-08-23,3
ILM-EKF,RO,Deaths,0.337957031711319,2021-08-23,3
ILM-EKF,SK,Deaths,0.324862434529513,2021-08-23,3
Karlen-pypm,AT,Deaths,0.243013821802102,2021-08-23,3
Karlen-pypm,BE,Cases,0.308370862691719,2021-08-23,3
Karlen-pypm,BE,Deaths,0.360897330222429,2021-08-23,3
Karlen-pypm,BG,Cases,0.362465174296146,2021-08-23,3
Karlen-pypm,BG,Deaths,0.378689866808864,2021-08-23,3
Karlen-pypm,CY,Cases,0.254659118282113,2021-08-23,3
Karlen-pypm,CY,Deaths,0.338941947664606,2021-08-23,3
Karlen-pypm,FI,Cases,0.225397850177867,2021-08-23,3
Karlen-pypm,FI,Deaths,0.29373548871646,2021-08-23,3
Karlen-pypm,GR,Cases,0.324341262964433,2021-08-23,3
Karlen-pypm,GR,Deaths,0.387231315475153,2021-08-23,3
Karlen-pypm,HR,Cases,0.374830343620141,2021-08-23,3
Karlen-pypm,HR,Deaths,0.353742690190667,2021-08-23,3
Karlen-pypm,LT,Deaths,0.322787921296712,2021-08-23,3
Karlen-pypm,PT,Deaths,0.349567632477785,2021-08-23,3
Karlen-pypm,SI,Cases,0.282736698315243,2021-08-23,3
Karlen-pypm,SI,Deaths,0.3812923666476,2021-08-23,3
Karlen-pypm,SK,Cases,0.300298771598286,2021-08-23,3
MUNI-ARIMA,AT,Cases,0.362666294045361,2021-08-23,3
MUNI-ARIMA,BG,Cases,0.399124114489037,2021-08-23,3
MUNI-ARIMA,EE,Cases,0.446874382881617,2021-08-23,3
MUNI-ARIMA,EE,Deaths,0.301869579941757,2021-08-23,3
MUNI-ARIMA,ES,Cases,0.20320341412063,2021-08-23,3
MUNI-ARIMA,FI,Cases,0.398072364613608,2021-08-23,3
MUNI-ARIMA,GR,Cases,0.335792849519311,2021-08-23,3
MUNI-ARIMA,GR,Deaths,0.298060468551969,2021-08-23,3
MUNI-ARIMA,IT,Cases,0.436678857810986,2021-08-23,3
MUNI-ARIMA,IT,Deaths,0.378021786430083,2021-08-23,3
MUNI-ARIMA,LT,Cases,0.397378511133448,2021-08-23,3
MUNI-ARIMA,LT,Deaths,0.281344399297242,2021-08-23,3
MUNI-ARIMA,LU,Deaths,0.331863791392892,2021-08-23,3
MUNI-ARIMA,LV,Cases,0.346617377760322,2021-08-23,3
MUNI-ARIMA,MT,Cases,0.458777228040758,2021-08-23,3
MUNI-ARIMA,MT,Deaths,0.30651124890784,2021-08-23,3
MUNI-ARIMA,NO,Cases,0.345326785735146,2021-08-23,3
MUNI-ARIMA,RO,Cases,0.437177370382073,2021-08-23,3
MUNI-ARIMA,RO,Deaths,0.285982372235429,2021-08-23,3
MUNI-ARIMA,SI,Cases,0.449386709794653,2021-08-23,3
MUNI-ARIMA,SK,Cases,0.323095611161217,2021-08-23,3
RobertWalraven-ESG,AT,Deaths,0.327530085935877,2021-08-23,3
RobertWalraven-ESG,BE,Cases,0.331842584507188,2021-08-23,3
RobertWalraven-ESG,BE,Deaths,0.294151850648438,2021-08-23,3
RobertWalraven-ESG,CY,Deaths,0.272250110300082,2021-08-23,3
RobertWalraven-ESG,EE,Cases,0.206052019347667,2021-08-23,3
RobertWalraven-ESG,EE,Deaths,0.416864553583232,2021-08-23,3
RobertWalraven-ESG,ES,Cases,0.301690185707007,2021-08-23,3
RobertWalraven-ESG,GR,Deaths,0.314708215972878,2021-08-23,3
RobertWalraven-ESG,HR,Deaths,0.373871845464782,2021-08-23,3
RobertWalraven-ESG,IT,Cases,0.323207641166086,2021-08-23,3
RobertWalraven-ESG,IT,Deaths,0.359206522212285,2021-08-23,3
RobertWalraven-ESG,LT,Cases,0.163957410951261,2021-08-23,3
RobertWalraven-ESG,LU,Deaths,0.368325153785369,2021-08-23,3
RobertWalraven-ESG,LV,Deaths,0.321461173177206,2021-08-23,3
RobertWalraven-ESG,MT,Deaths,0.356883471865678,2021-08-23,3
RobertWalraven-ESG,PT,Cases,0.290486935477065,2021-08-23,3
RobertWalraven-ESG,PT,Deaths,0.283822096589861,2021-08-23,3
RobertWalraven-ESG,SI,Deaths,0.272436689689764,2021-08-23,3
RobertWalraven-ESG,SK,Deaths,0.255231285273735,2021-08-23,3
epiforecasts-EpiNow2,AT,Deaths,0.429456092262021,2021-08-23,3
epiforecasts-EpiNow2,BE,Deaths,0.344950819129133,2021-08-23,3
epiforecasts-EpiNow2,BG,Cases,0.238410711214817,2021-08-23,3
epiforecasts-EpiNow2,BG,Deaths,0.403553337009266,2021-08-23,3
epiforecasts-EpiNow2,CY,Cases,0.282526605022057,2021-08-23,3
epiforecasts-EpiNow2,ES,Cases,0.495106400172363,2021-08-23,3
epiforecasts-EpiNow2,FI,Deaths,0.393535389199826,2021-08-23,3
epiforecasts-EpiNow2,HU,Cases,0.167313432588233,2021-08-23,3
epiforecasts-EpiNow2,HU,Deaths,0.275144041296409,2021-08-23,3
epiforecasts-EpiNow2,LU,Deaths,0.299811054821739,2021-08-23,3
epiforecasts-EpiNow2,LV,Cases,0.359883147810392,2021-08-23,3
epiforecasts-EpiNow2,MT,Cases,0.361288494085686,2021-08-23,3
epiforecasts-EpiNow2,NO,Cases,0.37870466403008,2021-08-23,3
epiforecasts-EpiNow2,PT,Cases,0.417402188459239,2021-08-23,3
epiforecasts-EpiNow2,PT,Deaths,0.366610270932355,2021-08-23,3
epiforecasts-EpiNow2,RO,Cases,0.276106884402753,2021-08-23,3
epiforecasts-EpiNow2,RO,Deaths,0.376060596053253,2021-08-23,3
IEM_Health-CovidProject,AT,Cases,0.294241641664426,2021-08-30,3
IEM_Health-CovidProject,BE,Cases,0.330325731620049,2021-08-30,3
IEM_Health-CovidProject,CY,Cases,0.557085786709551,2021-08-30,3
IEM_Health-CovidProject,CY,Deaths,0.376990095036096,2021-08-30,3
IEM_Health-CovidProject,EE,Cases,0.308348971596838,2021-08-30,3
IEM_Health-CovidProject,FI,Cases,0.247934372502872,2021-08-30,3
IEM_Health-CovidProject,GR,Cases,0.313632454694471,2021-08-30,3
IEM_Health-CovidProject,GR,Deaths,0.37185812859579,2021-08-30,3
IEM_Health-CovidProject,HU,Cases,0.426500758054168,2021-08-30,3
IEM_Health-CovidProject,HU,Deaths,0.371618629033804,2021-08-30,3
IEM_Health-CovidProject,IT,Cases,0.356395224870653,2021-08-30,3
IEM_Health-CovidProject,LT,Cases,0.355106564037488,2021-08-30,3
IEM_Health-CovidProject,LV,Cases,0.311682876816544,2021-08-30,3
IEM_Health-CovidProject,MT,Cases,0.422863698729909,2021-08-30,3
IEM_Health-CovidProject,MT,Deaths,0.3553081647009,2021-08-30,3
IEM_Health-CovidProject,NO,Cases,0.284600494607266,2021-08-30,3
IEM_Health-CovidProject,PT,Cases,0.284856365621406,2021-08-30,3
IEM_Health-CovidProject,PT,Deaths,0.286953793967516,2021-08-30,3
IEM_Health-CovidProject,SI,Cases,0.244698234329144,2021-08-30,3
IEM_Health-CovidProject,SI,Deaths,0.324048963631416,2021-08-30,3
IEM_Health-CovidProject,SK,Cases,0.325654153551159,2021-08-30,3
IEM_Health-CovidProject,SK,Deaths,0.413250640865697,2021-08-30,3
ILM-EKF,BG,Cases,0.252644614456106,2021-08-30,3
ILM-EKF,BG,Deaths,0.244827632848304,2021-08-30,3
ILM-EKF,GR,Cases,0.270910139642427,2021-08-30,3
ILM-EKF,GR,Deaths,0.315575298496046,2021-08-30,3
ILM-EKF,HR,Cases,0.338388903612789,2021-08-30,3
ILM-EKF,HU,Cases,0.336248695720631,2021-08-30,3
ILM-EKF,HU,Deaths,0.296610264967134,2021-08-30,3
ILM-EKF,IT,Deaths,0.295982053109796,2021-08-30,3
ILM-EKF,LT,Deaths,0.333185098056015,2021-08-30,3
ILM-EKF,LV,Deaths,0.318848487113441,2021-08-30,3
ILM-EKF,NO,Cases,0.336294458480348,2021-08-30,3
ILM-EKF,RO,Cases,0.244230684491322,2021-08-30,3
ILM-EKF,RO,Deaths,0.266447157744816,2021-08-30,3
ILM-EKF,SI,Deaths,0.342815184069867,2021-08-30,3
Karlen-pypm,AT,Cases,0.322808209570442,2021-08-30,3
Karlen-pypm,AT,Deaths,0.322437680961469,2021-08-30,3
Karlen-pypm,BE,Cases,0.447312845892097,2021-08-30,3
Karlen-pypm,BE,Deaths,0.358358683494827,2021-08-30,3
Karlen-pypm,BG,Cases,0.213431076379942,2021-08-30,3
Karlen-pypm,BG,Deaths,0.409014766776593,2021-08-30,3
Karlen-pypm,CY,Cases,0.274172970975732,2021-08-30,3
Karlen-pypm,EE,Deaths,0.320727212392889,2021-08-30,3
Karlen-pypm,FI,Deaths,0.358298915279124,2021-08-30,3
Karlen-pypm,HR,Cases,0.355524036946194,2021-08-30,3
Karlen-pypm,HR,Deaths,0.344566588160985,2021-08-30,3
Karlen-pypm,IT,Deaths,0.309055054670228,2021-08-30,3
Karlen-pypm,LT,Deaths,0.209353468485393,2021-08-30,3
Karlen-pypm,LU,Deaths,0.341135022059131,2021-08-30,3
Karlen-pypm,PT,Deaths,0.376094978165433,2021-08-30,3
Karlen-pypm,SI,Cases,0.318853897860419,2021-08-30,3
Karlen-pypm,SI,Deaths,0.333135852298717,2021-08-30,3
MUNI-ARIMA,AT,Cases,0.382950148765132,2021-08-30,3
MUNI-ARIMA,BE,Cases,0.222361422487854,2021-08-30,3
MUNI-ARIMA,BG,Cases,0.533924309163952,2021-08-30,3
MUNI-ARIMA,CY,Cases,0.168741242314717,2021-08-30,3
MUNI-ARIMA,CY,Deaths,0.359093769476536,2021-08-30,3
MUNI-ARIMA,EE,Cases,0.438106953720983,2021-08-30,3
MUNI-ARIMA,EE,Deaths,0.341907564361187,2021-08-30,3
MUNI-ARIMA,FI,Cases,0.357644360090327,2021-08-30,3
MUNI-ARIMA,FI,Deaths,0.313507838491337,2021-08-30,3
MUNI-ARIMA,GR,Cases,0.415457405663102,2021-08-30,3
MUNI-ARIMA,GR,Deaths,0.312566572908164,2021-08-30,3
MUNI-ARIMA,HR,Cases,0.306087059441017,2021-08-30,3
MUNI-ARIMA,IT,Cases,0.289891867809346,2021-08-30,3
MUNI-ARIMA,IT,Deaths,0.394962892219976,2021-08-30,3
MUNI-ARIMA,LT,Cases,0.325198845787304,2021-08-30,3
MUNI-ARIMA,LV,Cases,0.359163565896919,2021-08-30,3
MUNI-ARIMA,LV,Deaths,0.304854833405693,2021-08-30,3
MUNI-ARIMA,MT,Cases,0.384848476725034,2021-08-30,3
MUNI-ARIMA,RO,Cases,0.328654770371991,2021-08-30,3
MUNI-ARIMA,RO,Deaths,0.22825436389203,2021-08-30,3
MUNI-ARIMA,SI,Cases,0.436447867810437,2021-08-30,3
MUNI-ARIMA,SK,Cases,0.338808201587963,2021-08-30,3
MUNI-ARIMA,SK,Deaths,0.260011156148559,2021-08-30,3
RobertWalraven-ESG,AT,Deaths,0.305548412443912,2021-08-30,3
RobertWalraven-ESG,BE,Deaths,0.301275823876925,2021-08-30,3
RobertWalraven-ESG,CY,Deaths,0.263916135487368,2021-08-30,3
RobertWalraven-ESG,EE,Cases,0.253544074682179,2021-08-30,3
RobertWalraven-ESG,EE,Deaths,0.337365223245925,2021-08-30,3
RobertWalraven-ESG,ES,Cases,0.245427024470448,2021-08-30,3
RobertWalraven-ESG,FI,Cases,0.394421267406801,2021-08-30,3
RobertWalraven-ESG,HR,Deaths,0.284639392765211,2021-08-30,3
RobertWalraven-ESG,HU,Cases,0.237250546225201,2021-08-30,3
RobertWalraven-ESG,IT,Cases,0.353712907320001,2021-08-30,3
RobertWalraven-ESG,LT,Cases,0.319694590175208,2021-08-30,3
RobertWalraven-ESG,LU,Deaths,0.331587310957683,2021-08-30,3
RobertWalraven-ESG,LV,Deaths,0.376296679480865,2021-08-30,3
RobertWalraven-ESG,MT,Cases,0.192287824545056,2021-08-30,3
RobertWalraven-ESG,MT,Deaths,0.330752352033548,2021-08-30,3
RobertWalraven-ESG,PT,Cases,0.479761604796641,2021-08-30,3
RobertWalraven-ESG,SK,Deaths,0.326738202985744,2021-08-30,3
UB-BSLCoV,ES,Cases,0.383186025466592,2021-08-30,3
epiforecasts-EpiNow2,AT,Deaths,0.372013906594618,2021-08-30,3
epiforecasts-EpiNow2,BE,Deaths,0.340365492628248,2021-08-30,3
epiforecasts-EpiNow2,BG,Deaths,0.346157600375103,2021-08-30,3
epiforecasts-EpiNow2,ES,Cases,0.37138695006296,2021-08-30,3
epiforecasts-EpiNow2,FI,Deaths,0.328193246229539,2021-08-30,3
epiforecasts-EpiNow2,HR,Deaths,0.370794019073804,2021-08-30,3
epiforecasts-EpiNow2,HU,Deaths,0.331771105999062,2021-08-30,3
epiforecasts-EpiNow2,LT,Deaths,0.457461433458592,2021-08-30,3
epiforecasts-EpiNow2,LU,Deaths,0.327277666983186,2021-08-30,3
epiforecasts-EpiNow2,LV,Cases,0.329153557286538,2021-08-30,3
epiforecasts-EpiNow2,MT,Deaths,0.313939483265552,2021-08-30,3
epiforecasts-EpiNow2,NO,Cases,0.379105046912386,2021-08-30,3
epiforecasts-EpiNow2,PT,Cases,0.235382029581953,2021-08-30,3
epiforecasts-EpiNow2,PT,Deaths,0.33695122786705,2021-08-30,3
epiforecasts-EpiNow2,RO,Cases,0.427114545136687,2021-08-30,3
epiforecasts-EpiNow2,RO,Deaths,0.505298478363154,2021-08-30,3
epiforecasts-EpiNow2,SK,Cases,0.335537644860878,2021-08-30,3
IEM_Health-CovidProject,AT,Cases,0.326706017454844,2021-09-06,3
IEM_Health-CovidProject,BE,Cases,0.301275856290357,2021-09-06,3
IEM_Health-CovidProject,BG,Cases,0.200559602195696,2021-09-06,3
IEM_Health-CovidProject,CY,Cases,0.322861429602698,2021-09-06,3
IEM_Health-CovidProject,CY,Deaths,0.259684849974853,2021-09-06,3
IEM_Health-CovidProject,EE,Cases,0.309838655576589,2021-09-06,3
IEM_Health-CovidProject,FI,Cases,0.191241873545912,2021-09-06,3
IEM_Health-CovidProject,GR,Cases,0.269989300150002,2021-09-06,3
IEM_Health-CovidProject,GR,Deaths,0.419073169665767,2021-09-06,3
IEM_Health-CovidProject,HR,Cases,0.332709474309144,2021-09-06,3
IEM_Health-CovidProject,HU,Cases,0.356522037393365,2021-09-06,3
IEM_Health-CovidProject,HU,Deaths,0.322614984627947,2021-09-06,3
IEM_Health-CovidProject,IT,Cases,0.224007600045995,2021-09-06,3
IEM_Health-CovidProject,LT,Cases,0.26355217541663,2021-09-06,3
IEM_Health-CovidProject,MT,Cases,0.531336862815086,2021-09-06,3
IEM_Health-CovidProject,MT,Deaths,0.310838228461265,2021-09-06,3
IEM_Health-CovidProject,NO,Cases,0.279924434523268,2021-09-06,3
IEM_Health-CovidProject,PT,Cases,0.291728387606074,2021-09-06,3
IEM_Health-CovidProject,SI,Cases,0.29379938933254,2021-09-06,3
IEM_Health-CovidProject,SI,Deaths,0.328123708666792,2021-09-06,3
IEM_Health-CovidProject,SK,Deaths,0.462858967578058,2021-09-06,3
ILM-EKF,AT,Cases,0.261723399612785,2021-09-06,3
ILM-EKF,AT,Deaths,0.307600643190898,2021-09-06,3
ILM-EKF,BE,Cases,0.275344423951568,2021-09-06,3
ILM-EKF,BG,Deaths,0.325457503751075,2021-09-06,3
ILM-EKF,CY,Cases,0.331545146934318,2021-09-06,3
ILM-EKF,GR,Cases,0.253545181206217,2021-09-06,3
ILM-EKF,GR,Deaths,0.292026623562049,2021-09-06,3
ILM-EKF,HR,Cases,0.353980146995571,2021-09-06,3
ILM-EKF,HR,Deaths,0.236890684894573,2021-09-06,3
ILM-EKF,HU,Cases,0.3596129598469,2021-09-06,3
ILM-EKF,IT,Deaths,0.302659949107861,2021-09-06,3
ILM-EKF,LT,Deaths,0.25476192062883,2021-09-06,3
ILM-EKF,NO,Cases,0.438779181044302,2021-09-06,3
ILM-EKF,RO,Cases,0.373739227913475,2021-09-06,3
ILM-EKF,RO,Deaths,0.305843684722412,2021-09-06,3
Karlen-pypm,AT,Deaths,0.311466917680403,2021-09-06,3
Karlen-pypm,BE,Cases,0.423379719758075,2021-09-06,3
Karlen-pypm,BE,Deaths,0.37922213556349,2021-09-06,3
Karlen-pypm,BG,Deaths,0.344849291819063,2021-09-06,3
Karlen-pypm,EE,Deaths,0.300669623352698,2021-09-06,3
Karlen-pypm,ES,Cases,0.313124917031278,2021-09-06,3
Karlen-pypm,FI,Deaths,0.372430931622202,2021-09-06,3
Karlen-pypm,HR,Deaths,0.332833363138589,2021-09-06,3
Karlen-pypm,HU,Deaths,0.351107878651128,2021-09-06,3
Karlen-pypm,IT,Deaths,0.412440021528456,2021-09-06,3
Karlen-pypm,LT,Deaths,0.260933053636949,2021-09-06,3
Karlen-pypm,LU,Deaths,0.429618368262313,2021-09-06,3
Karlen-pypm,LV,Cases,0.366089704940688,2021-09-06,3
Karlen-pypm,LV,Deaths,0.325044253375698,2021-09-06,3
Karlen-pypm,PT,Deaths,0.346751311941515,2021-09-06,3
Karlen-pypm,SI,Cases,0.318041058665216,2021-09-06,3
Karlen-pypm,SI,Deaths,0.310535296203417,2021-09-06,3
Karlen-pypm,SK,Cases,0.257642764960315,2021-09-06,3
Karlen-pypm,SK,Deaths,0.29987066562055,2021-09-06,3
MUNI-ARIMA,AT,Cases,0.411570582932371,2021-09-06,3
MUNI-ARIMA,BG,Cases,0.603412815034622,2021-09-06,3
MUNI-ARIMA,CY,Deaths,0.368151739403233,2021-09-06,3
MUNI-ARIMA,EE,Cases,0.396314063145356,2021-09-06,3
MUNI-ARIMA,EE,Deaths,0.275683950584686,2021-09-06,3
MUNI-ARIMA,FI,Cases,0.510954211872898,2021-09-06,3
MUNI-ARIMA,FI,Deaths,0.301798296048635,2021-09-06,3
MUNI-ARIMA,GR,Cases,0.476465518643781,2021-09-06,3
MUNI-ARIMA,GR,Deaths,0.288900206772184,2021-09-06,3
MUNI-ARIMA,HR,Cases,0.313310378695285,2021-09-06,3
MUNI-ARIMA,IT,Cases,0.274476546775635,2021-09-06,3
MUNI-ARIMA,LV,Cases,0.230413467308096,2021-09-06,3
MUNI-ARIMA,MT,Cases,0.261440893088311,2021-09-06,3
MUNI-ARIMA,MT,Deaths,0.308831167499913,2021-09-06,3
MUNI-ARIMA,PT,Cases,0.277173914188863,2021-09-06,3
MUNI-ARIMA,RO,Cases,0.273962964265295,2021-09-06,3
MUNI-ARIMA,RO,Deaths,0.209973737460636,2021-09-06,3
MUNI-ARIMA,SI,Cases,0.388159552002244,2021-09-06,3
MUNI-ARIMA,SK,Cases,0.341635112944087,2021-09-06,3
RobertWalraven-ESG,BE,Deaths,0.309981453635863,2021-09-06,3
RobertWalraven-ESG,BG,Cases,0.196027582769683,2021-09-06,3
RobertWalraven-ESG,CY,Cases,0.345593423462984,2021-09-06,3
RobertWalraven-ESG,CY,Deaths,0.372163410621914,2021-09-06,3
RobertWalraven-ESG,EE,Cases,0.293847281278056,2021-09-06,3
RobertWalraven-ESG,ES,Cases,0.361161257000423,2021-09-06,3
RobertWalraven-ESG,FI,Cases,0.297803914581191,2021-09-06,3
RobertWalraven-ESG,HU,Cases,0.283865002759735,2021-09-06,3
RobertWalraven-ESG,IT,Cases,0.501515853178371,2021-09-06,3
RobertWalraven-ESG,LT,Cases,0.493194848161628,2021-09-06,3
RobertWalraven-ESG,LU,Deaths,0.287072264509464,2021-09-06,3
RobertWalraven-ESG,LV,Deaths,0.333282881617552,2021-09-06,3
RobertWalraven-ESG,MT,Cases,0.207222244096604,2021-09-06,3
RobertWalraven-ESG,PT,Cases,0.431097698205063,2021-09-06,3
RobertWalraven-ESG,PT,Deaths,0.266494709166191,2021-09-06,3
RobertWalraven-ESG,SK,Deaths,0.237270366801392,2021-09-06,3
UB-BSLCoV,ES,Cases,0.325713825968299,2021-09-06,3
epiforecasts-EpiNow2,AT,Deaths,0.3809324391287,2021-09-06,3
epiforecasts-EpiNow2,BE,Deaths,0.310796410800648,2021-09-06,3
epiforecasts-EpiNow2,BG,Deaths,0.329693204429862,2021-09-06,3
epiforecasts-EpiNow2,EE,Deaths,0.423646426062616,2021-09-06,3
epiforecasts-EpiNow2,FI,Deaths,0.325770772329163,2021-09-06,3
epiforecasts-EpiNow2,HR,Deaths,0.430275951966838,2021-09-06,3
epiforecasts-EpiNow2,HU,Deaths,0.326277136720925,2021-09-06,3
epiforecasts-EpiNow2,IT,Deaths,0.284900029363683,2021-09-06,3
epiforecasts-EpiNow2,LT,Cases,0.243252976421742,2021-09-06,3
epiforecasts-EpiNow2,LT,Deaths,0.48430502573422,2021-09-06,3
epiforecasts-EpiNow2,LU,Deaths,0.283309367228224,2021-09-06,3
epiforecasts-EpiNow2,LV,Cases,0.403496827751215,2021-09-06,3
epiforecasts-EpiNow2,LV,Deaths,0.34167286500675,2021-09-06,3
epiforecasts-EpiNow2,MT,Deaths,0.380330604038823,2021-09-06,3
epiforecasts-EpiNow2,NO,Cases,0.281296384432431,2021-09-06,3
epiforecasts-EpiNow2,PT,Deaths,0.386753978892293,2021-09-06,3
epiforecasts-EpiNow2,RO,Cases,0.352297807821229,2021-09-06,3
epiforecasts-EpiNow2,RO,Deaths,0.484182577816952,2021-09-06,3
epiforecasts-EpiNow2,SI,Deaths,0.361340995129791,2021-09-06,3
epiforecasts-EpiNow2,SK,Cases,0.400722122095598,2021-09-06,3
IEM_Health-CovidProject,AT,Cases,0.420438243678091,2021-09-13,3
IEM_Health-CovidProject,BG,Cases,0.147578391107291,2021-09-13,3
IEM_Health-CovidProject,BG,Deaths,0.313081862764461,2021-09-13,3
IEM_Health-CovidProject,CY,Cases,0.386195625928269,2021-09-13,3
IEM_Health-CovidProject,EE,Cases,0.361356117032832,2021-09-13,3
IEM_Health-CovidProject,GR,Deaths,0.379323609827245,2021-09-13,3
IEM_Health-CovidProject,HR,Cases,0.480369184599887,2021-09-13,3
IEM_Health-CovidProject,HU,Cases,0.347874092447408,2021-09-13,3
IEM_Health-CovidProject,LV,Cases,0.292087251935674,2021-09-13,3
IEM_Health-CovidProject,MT,Cases,0.54600795207388,2021-09-13,3
IEM_Health-CovidProject,NO,Cases,0.340352086183916,2021-09-13,3
IEM_Health-CovidProject,PT,Deaths,0.282737916856722,2021-09-13,3
IEM_Health-CovidProject,RO,Deaths,0.208005912813225,2021-09-13,3
IEM_Health-CovidProject,SI,Cases,0.464542921651277,2021-09-13,3
IEM_Health-CovidProject,SI,Deaths,0.265698513183108,2021-09-13,3
ILM-EKF,AT,Cases,0.166641491961059,2021-09-13,3
ILM-EKF,AT,Deaths,0.395886189296952,2021-09-13,3
ILM-EKF,CY,Cases,0.301136178225914,2021-09-13,3
ILM-EKF,EE,Deaths,0.231817391816421,2021-09-13,3
ILM-EKF,ES,Cases,0.313311182462143,2021-09-13,3
ILM-EKF,GR,Deaths,0.298007802551786,2021-09-13,3
ILM-EKF,HR,Cases,0.278618762437056,2021-09-13,3
ILM-EKF,HR,Deaths,0.309255020619572,2021-09-13,3
ILM-EKF,HU,Cases,0.36849174011139,2021-09-13,3
ILM-EKF,HU,Deaths,0.371725168480288,2021-09-13,3
ILM-EKF,IT,Deaths,0.276892088659801,2021-09-13,3
ILM-EKF,LV,Deaths,0.298163937912818,2021-09-13,3
ILM-EKF,NO,Cases,0.368329481062919,2021-09-13,3
ILM-EKF,PT,Cases,0.263381419007337,2021-09-13,3
ILM-EKF,RO,Cases,0.37473779245031,2021-09-13,3
ILM-EKF,RO,Deaths,0.328642005523322,2021-09-13,3
Karlen-pypm,AT,Deaths,0.293840625324357,2021-09-13,3
Karlen-pypm,BE,Cases,0.451275329934123,2021-09-13,3
Karlen-pypm,BE,Deaths,0.400143289874077,2021-09-13,3
Karlen-pypm,CY,Deaths,0.289546172022596,2021-09-13,3
Karlen-pypm,EE,Cases,0.306291764508337,2021-09-13,3
Karlen-pypm,EE,Deaths,0.402494311383832,2021-09-13,3
Karlen-pypm,ES,Cases,0.387698686769515,2021-09-13,3
Karlen-pypm,FI,Cases,0.234913158281297,2021-09-13,3
Karlen-pypm,FI,Deaths,0.378407106565964,2021-09-13,3
Karlen-pypm,HR,Deaths,0.265479543352886,2021-09-13,3
Karlen-pypm,IT,Cases,0.264779376368036,2021-09-13,3
Karlen-pypm,IT,Deaths,0.384964559717896,2021-09-13,3
Karlen-pypm,LT,Deaths,0.285096075086427,2021-09-13,3
Karlen-pypm,LU,Deaths,0.370343603623514,2021-09-13,3
Karlen-pypm,LV,Cases,0.348571628119585,2021-09-13,3
Karlen-pypm,NO,Cases,0.291318432753166,2021-09-13,3
Karlen-pypm,PT,Cases,0.359810919101696,2021-09-13,3
Karlen-pypm,PT,Deaths,0.3379277852022,2021-09-13,3
Karlen-pypm,RO,Cases,0.29400306389715,2021-09-13,3
Karlen-pypm,SI,Cases,0.266919281194225,2021-09-13,3
Karlen-pypm,SI,Deaths,0.411087429048931,2021-09-13,3
Karlen-pypm,SK,Cases,0.253335500311244,2021-09-13,3
Karlen-pypm,SK,Deaths,0.384915106538479,2021-09-13,3
MUNI-ARIMA,AT,Cases,0.412920264360851,2021-09-13,3
MUNI-ARIMA,BE,Cases,0.260389443393021,2021-09-13,3
MUNI-ARIMA,BG,Cases,0.593053665721103,2021-09-13,3
MUNI-ARIMA,BG,Deaths,0.429262112280886,2021-09-13,3
MUNI-ARIMA,CY,Deaths,0.307561284468031,2021-09-13,3
MUNI-ARIMA,EE,Cases,0.332352118458832,2021-09-13,3
MUNI-ARIMA,FI,Cases,0.470185346185821,2021-09-13,3
MUNI-ARIMA,FI,Deaths,0.308891750466356,2021-09-13,3
MUNI-ARIMA,GR,Cases,0.333315755668331,2021-09-13,3
MUNI-ARIMA,GR,Deaths,0.32266858762097,2021-09-13,3
MUNI-ARIMA,HR,Cases,0.241012052963057,2021-09-13,3
MUNI-ARIMA,HU,Cases,0.283634167441202,2021-09-13,3
MUNI-ARIMA,IT,Cases,0.342871546522142,2021-09-13,3
MUNI-ARIMA,LT,Cases,0.432307983133701,2021-09-13,3
MUNI-ARIMA,LT,Deaths,0.373781419376439,2021-09-13,3
MUNI-ARIMA,MT,Cases,0.233434137017373,2021-09-13,3
MUNI-ARIMA,MT,Deaths,0.408491612888748,2021-09-13,3
MUNI-ARIMA,SI,Cases,0.268537797154499,2021-09-13,3
MUNI-ARIMA,SK,Cases,0.366526405204294,2021-09-13,3
MUNI-ARIMA,SK,Deaths,0.273676276085461,2021-09-13,3
RobertWalraven-ESG,BE,Cases,0.288335226672856,2021-09-13,3
RobertWalraven-ESG,BE,Deaths,0.297595014043267,2021-09-13,3
RobertWalraven-ESG,BG,Cases,0.259367943171606,2021-09-13,3
RobertWalraven-ESG,CY,Cases,0.312668195845817,2021-09-13,3
RobertWalraven-ESG,CY,Deaths,0.402892543509373,2021-09-13,3
RobertWalraven-ESG,FI,Cases,0.294901495532882,2021-09-13,3
RobertWalraven-ESG,FI,Deaths,0.31270114296768,2021-09-13,3
RobertWalraven-ESG,GR,Cases,0.481204723345095,2021-09-13,3
RobertWalraven-ESG,HU,Deaths,0.319390341086138,2021-09-13,3
RobertWalraven-ESG,IT,Cases,0.392349077109822,2021-09-13,3
RobertWalraven-ESG,LT,Cases,0.28420650874743,2021-09-13,3
RobertWalraven-ESG,LU,Deaths,0.327292244249482,2021-09-13,3
RobertWalraven-ESG,LV,Deaths,0.277452941709512,2021-09-13,3
RobertWalraven-ESG,MT,Cases,0.220557910908747,2021-09-13,3
RobertWalraven-ESG,MT,Deaths,0.292106493487779,2021-09-13,3
RobertWalraven-ESG,PT,Cases,0.376807661890967,2021-09-13,3
RobertWalraven-ESG,SK,Deaths,0.34140861737606,2021-09-13,3
UB-BSLCoV,ES,Cases,0.298990130768342,2021-09-13,3
epiforecasts-EpiNow2,AT,Deaths,0.310273185378691,2021-09-13,3
epiforecasts-EpiNow2,BE,Deaths,0.302261696082656,2021-09-13,3
epiforecasts-EpiNow2,BG,Deaths,0.257656024954653,2021-09-13,3
epiforecasts-EpiNow2,EE,Deaths,0.365688296799747,2021-09-13,3
epiforecasts-EpiNow2,GR,Cases,0.185479520986574,2021-09-13,3
epiforecasts-EpiNow2,HR,Deaths,0.425265436027543,2021-09-13,3
epiforecasts-EpiNow2,HU,Deaths,0.308884490433574,2021-09-13,3
epiforecasts-EpiNow2,IT,Deaths,0.338143351622303,2021-09-13,3
epiforecasts-EpiNow2,LT,Cases,0.283485508118869,2021-09-13,3
epiforecasts-EpiNow2,LT,Deaths,0.341122505537134,2021-09-13,3
epiforecasts-EpiNow2,LU,Deaths,0.302364152127003,2021-09-13,3
epiforecasts-EpiNow2,LV,Cases,0.359341119944741,2021-09-13,3
epiforecasts-EpiNow2,LV,Deaths,0.42438312037767,2021-09-13,3
epiforecasts-EpiNow2,MT,Deaths,0.299401893623473,2021-09-13,3
epiforecasts-EpiNow2,PT,Deaths,0.379334297941079,2021-09-13,3
epiforecasts-EpiNow2,RO,Cases,0.331259143652539,2021-09-13,3
epiforecasts-EpiNow2,RO,Deaths,0.463352081663454,2021-09-13,3
epiforecasts-EpiNow2,SI,Deaths,0.323214057767961,2021-09-13,3
epiforecasts-EpiNow2,SK,Cases,0.380138094484462,2021-09-13,3
IEM_Health-CovidProject,AT,Cases,0.340524130096416,2021-09-20,3
IEM_Health-CovidProject,AT,Deaths,0.273309956077634,2021-09-20,3
IEM_Health-CovidProject,BG,Deaths,0.339383092042128,2021-09-20,3
IEM_Health-CovidProject,CY,Cases,0.328903510819869,2021-09-20,3
IEM_Health-CovidProject,EE,Cases,0.439825556997814,2021-09-20,3
IEM_Health-CovidProject,HR,Cases,0.483894535713914,2021-09-20,3
IEM_Health-CovidProject,HU,Cases,0.371520612668753,2021-09-20,3
IEM_Health-CovidProject,LT,Cases,0.329944712155055,2021-09-20,3
IEM_Health-CovidProject,LV,Cases,0.327090807483894,2021-09-20,3
IEM_Health-CovidProject,MT,Cases,0.485425475417732,2021-09-20,3
IEM_Health-CovidProject,MT,Deaths,0.25871863315538,2021-09-20,3
IEM_Health-CovidProject,NO,Cases,0.258209614150615,2021-09-20,3
IEM_Health-CovidProject,SI,Cases,0.423332705223753,2021-09-20,3
ILM-EKF,AT,Deaths,0.416536672630055,2021-09-20,3
ILM-EKF,CY,Cases,0.298730647688441,2021-09-20,3
ILM-EKF,ES,Cases,0.324031262534517,2021-09-20,3
ILM-EKF,HR,Cases,0.299943338248281,2021-09-20,3
ILM-EKF,HU,Cases,0.374256316041693,2021-09-20,3
ILM-EKF,HU,Deaths,0.377638732401301,2021-09-20,3
ILM-EKF,IT,Cases,0.293557260437785,2021-09-20,3
ILM-EKF,LV,Deaths,0.319985386217781,2021-09-20,3
ILM-EKF,PT,Cases,0.222936098853828,2021-09-20,3
ILM-EKF,RO,Cases,0.346630910039181,2021-09-20,3
ILM-EKF,RO,Deaths,0.298448851367366,2021-09-20,3
ILM-EKF,SI,Cases,0.281025871239014,2021-09-20,3
Karlen-pypm,BE,Cases,0.370821057272674,2021-09-20,3
Karlen-pypm,BE,Deaths,0.445206413842038,2021-09-20,3
Karlen-pypm,CY,Deaths,0.354573488321782,2021-09-20,3
Karlen-pypm,EE,Cases,0.341736030080458,2021-09-20,3
Karlen-pypm,EE,Deaths,0.35688928433882,2021-09-20,3
Karlen-pypm,ES,Cases,0.267292437530142,2021-09-20,3
Karlen-pypm,FI,Cases,0.408153133747936,2021-09-20,3
Karlen-pypm,FI,Deaths,0.378342724886556,2021-09-20,3
Karlen-pypm,GR,Cases,0.21742876913642,2021-09-20,3
Karlen-pypm,HR,Deaths,0.354208867015475,2021-09-20,3
Karlen-pypm,HU,Deaths,0.321855915304375,2021-09-20,3
Karlen-pypm,IT,Cases,0.413473411176814,2021-09-20,3
Karlen-pypm,IT,Deaths,0.350199660741225,2021-09-20,3
Karlen-pypm,LT,Cases,0.222558960506562,2021-09-20,3
Karlen-pypm,LT,Deaths,0.29436160981086,2021-09-20,3
Karlen-pypm,LU,Deaths,0.371008615584076,2021-09-20,3
Karlen-pypm,LV,Cases,0.344229198507877,2021-09-20,3
Karlen-pypm,PT,Cases,0.477552610323022,2021-09-20,3
Karlen-pypm,PT,Deaths,0.326329301781023,2021-09-20,3
Karlen-pypm,RO,Cases,0.323490381965957,2021-09-20,3
Karlen-pypm,SI,Cases,0.295641423537234,2021-09-20,3
Karlen-pypm,SI,Deaths,0.461165446979442,2021-09-20,3
Karlen-pypm,SK,Cases,0.277137786819214,2021-09-20,3
Karlen-pypm,SK,Deaths,0.330119464803136,2021-09-20,3
MUNI-ARIMA,AT,Cases,0.464310206002624,2021-09-20,3
MUNI-ARIMA,AT,Deaths,0.310153371292312,2021-09-20,3
MUNI-ARIMA,BE,Cases,0.249240316251574,2021-09-20,3
MUNI-ARIMA,BG,Cases,0.405811818631196,2021-09-20,3
MUNI-ARIMA,BG,Deaths,0.375261933070381,2021-09-20,3
MUNI-ARIMA,EE,Cases,0.218438412921728,2021-09-20,3
MUNI-ARIMA,GR,Cases,0.349799909682107,2021-09-20,3
MUNI-ARIMA,GR,Deaths,0.214370603561801,2021-09-20,3
MUNI-ARIMA,HR,Cases,0.216162126037806,2021-09-20,3
MUNI-ARIMA,HU,Cases,0.254223071289554,2021-09-20,3
MUNI-ARIMA,LT,Cases,0.447496327338382,2021-09-20,3
MUNI-ARIMA,LT,Deaths,0.42634266505368,2021-09-20,3
MUNI-ARIMA,LU,Deaths,0.332069533944032,2021-09-20,3
MUNI-ARIMA,LV,Cases,0.32867999400823,2021-09-20,3
MUNI-ARIMA,MT,Cases,0.230398486180034,2021-09-20,3
MUNI-ARIMA,MT,Deaths,0.394813819472027,2021-09-20,3
MUNI-ARIMA,NO,Cases,0.450267292921457,2021-09-20,3
MUNI-ARIMA,SK,Cases,0.343145745320953,2021-09-20,3
RobertWalraven-ESG,AT,Cases,0.19516566390096,2021-09-20,3
RobertWalraven-ESG,BE,Cases,0.379938626475752,2021-09-20,3
RobertWalraven-ESG,BE,Deaths,0.304150037260204,2021-09-20,3
RobertWalraven-ESG,BG,Cases,0.413033144674767,2021-09-20,3
RobertWalraven-ESG,CY,Cases,0.37236584149169,2021-09-20,3
RobertWalraven-ESG,CY,Deaths,0.360036738174814,2021-09-20,3
RobertWalraven-ESG,FI,Cases,0.267306496123638,2021-09-20,3
RobertWalraven-ESG,GR,Cases,0.432771321181473,2021-09-20,3
RobertWalraven-ESG,GR,Deaths,0.597200817767605,2021-09-20,3
RobertWalraven-ESG,LV,Deaths,0.254985299506105,2021-09-20,3
RobertWalraven-ESG,MT,Cases,0.284176038402234,2021-09-20,3
RobertWalraven-ESG,NO,Cases,0.291523092927928,2021-09-20,3
RobertWalraven-ESG,PT,Cases,0.29951129082315,2021-09-20,3
RobertWalraven-ESG,SK,Deaths,0.339521193650191,2021-09-20,3
UB-BSLCoV,ES,Cases,0.408676299935342,2021-09-20,3
UMass-MechBayes,BE,Deaths,0.250643548897757,2021-09-20,3
UMass-MechBayes,CY,Deaths,0.285389773503404,2021-09-20,3
UMass-MechBayes,EE,Deaths,0.310099815015578,2021-09-20,3
UMass-MechBayes,FI,Deaths,0.315651138838577,2021-09-20,3
UMass-MechBayes,GR,Deaths,0.188428578670594,2021-09-20,3
UMass-MechBayes,HR,Deaths,0.243326026642528,2021-09-20,3
UMass-MechBayes,IT,Deaths,0.28124680978364,2021-09-20,3
UMass-MechBayes,LT,Deaths,0.27929572513546,2021-09-20,3
UMass-MechBayes,LU,Deaths,0.296921850471892,2021-09-20,3
UMass-MechBayes,PT,Deaths,0.330257613800081,2021-09-20,3
UMass-MechBayes,RO,Deaths,0.298785237048306,2021-09-20,3
UMass-MechBayes,SI,Deaths,0.255899647738412,2021-09-20,3
epiforecasts-EpiNow2,BG,Cases,0.181155036694037,2021-09-20,3
epiforecasts-EpiNow2,BG,Deaths,0.285354974887491,2021-09-20,3
epiforecasts-EpiNow2,EE,Deaths,0.333010900645602,2021-09-20,3
epiforecasts-EpiNow2,FI,Cases,0.324540370128425,2021-09-20,3
epiforecasts-EpiNow2,FI,Deaths,0.306006136274868,2021-09-20,3
epiforecasts-EpiNow2,HR,Deaths,0.402465106341997,2021-09-20,3
epiforecasts-EpiNow2,HU,Deaths,0.300505352294324,2021-09-20,3
epiforecasts-EpiNow2,IT,Cases,0.292969328385401,2021-09-20,3
epiforecasts-EpiNow2,IT,Deaths,0.368553529475135,2021-09-20,3
epiforecasts-EpiNow2,LV,Deaths,0.425029314276115,2021-09-20,3
epiforecasts-EpiNow2,MT,Deaths,0.346467547372593,2021-09-20,3
epiforecasts-EpiNow2,PT,Deaths,0.343413084418895,2021-09-20,3
epiforecasts-EpiNow2,RO,Cases,0.329878707994862,2021-09-20,3
epiforecasts-EpiNow2,RO,Deaths,0.402765911584329,2021-09-20,3
epiforecasts-EpiNow2,SI,Deaths,0.282934905282147,2021-09-20,3
epiforecasts-EpiNow2,SK,Cases,0.379716467859833,2021-09-20,3
epiforecasts-EpiNow2,SK,Deaths,0.330359341546672,2021-09-20,3
IEM_Health-CovidProject,AT,Cases,0.199296438334536,2021-09-27,3
IEM_Health-CovidProject,AT,Deaths,0.478848965539562,2021-09-27,3
IEM_Health-CovidProject,BG,Deaths,0.288878095978075,2021-09-27,3
IEM_Health-CovidProject,CY,Cases,0.310394433820187,2021-09-27,3
IEM_Health-CovidProject,EE,Cases,0.467159288255992,2021-09-27,3
IEM_Health-CovidProject,FI,Cases,0.237501988928381,2021-09-27,3
IEM_Health-CovidProject,HR,Cases,0.416043402207301,2021-09-27,3
IEM_Health-CovidProject,HU,Cases,0.435252787704252,2021-09-27,3
IEM_Health-CovidProject,LT,Cases,0.324862109602342,2021-09-27,3
IEM_Health-CovidProject,LV,Cases,0.312299743767483,2021-09-27,3
IEM_Health-CovidProject,MT,Cases,0.330067612504462,2021-09-27,3
IEM_Health-CovidProject,MT,Deaths,0.424164019224595,2021-09-27,3
IEM_Health-CovidProject,NO,Cases,0.137758676355617,2021-09-27,3
IEM_Health-CovidProject,SI,Cases,0.374263815677696,2021-09-27,3
ILM-EKF,AT,Deaths,0.246934657572492,2021-09-27,3
ILM-EKF,BE,Cases,0.266149954615867,2021-09-27,3
ILM-EKF,CY,Cases,0.286891111221496,2021-09-27,3
ILM-EKF,ES,Cases,0.32497652212482,2021-09-27,3
ILM-EKF,FI,Cases,0.247955306567087,2021-09-27,3
ILM-EKF,GR,Deaths,0.30510299766077,2021-09-27,3
ILM-EKF,HU,Cases,0.359522463864101,2021-09-27,3
ILM-EKF,HU,Deaths,0.321226214811435,2021-09-27,3
ILM-EKF,LT,Cases,0.223113477082298,2021-09-27,3
ILM-EKF,LV,Deaths,0.295298465788626,2021-09-27,3
ILM-EKF,PT,Cases,0.196432780740308,2021-09-27,3
ILM-EKF,RO,Cases,0.38740511503754,2021-09-27,3
ILM-EKF,RO,Deaths,0.268230501021657,2021-09-27,3
ILM-EKF,SK,Deaths,0.345687013588125,2021-09-27,3
Karlen-pypm,BE,Cases,0.284163284765167,2021-09-27,3
Karlen-pypm,BE,Deaths,0.435961560484722,2021-09-27,3
Karlen-pypm,CY,Deaths,0.354533840009152,2021-09-27,3
Karlen-pypm,EE,Cases,0.290708749180102,2021-09-27,3
Karlen-pypm,EE,Deaths,0.295245359348712,2021-09-27,3
Karlen-pypm,FI,Deaths,0.32144707841304,2021-09-27,3
Karlen-pypm,GR,Cases,0.248048739563213,2021-09-27,3
Karlen-pypm,HR,Deaths,0.342513300878701,2021-09-27,3
Karlen-pypm,HU,Deaths,0.399488215472593,2021-09-27,3
Karlen-pypm,IT,Cases,0.403884201175506,2021-09-27,3
Karlen-pypm,IT,Deaths,0.351089623735982,2021-09-27,3
Karlen-pypm,LV,Cases,0.284409041775667,2021-09-27,3
Karlen-pypm,PT,Cases,0.519605494722736,2021-09-27,3
Karlen-pypm,PT,Deaths,0.276933789939275,2021-09-27,3
Karlen-pypm,RO,Cases,0.319961719183846,2021-09-27,3
Karlen-pypm,SI,Deaths,0.375791296140085,2021-09-27,3
Karlen-pypm,SK,Cases,0.300424115261226,2021-09-27,3
MUNI-ARIMA,AT,Cases,0.388600696726869,2021-09-27,3
MUNI-ARIMA,AT,Deaths,0.274216376887946,2021-09-27,3
MUNI-ARIMA,BE,Deaths,0.27209790691415,2021-09-27,3
MUNI-ARIMA,BG,Cases,0.274237402611309,2021-09-27,3
MUNI-ARIMA,BG,Deaths,0.395712444864613,2021-09-27,3
MUNI-ARIMA,EE,Cases,0.242131962563907,2021-09-27,3
MUNI-ARIMA,FI,Deaths,0.352509259201385,2021-09-27,3
MUNI-ARIMA,GR,Cases,0.431933611877992,2021-09-27,3
MUNI-ARIMA,GR,Deaths,0.345335815508286,2021-09-27,3
MUNI-ARIMA,HR,Cases,0.290893048004917,2021-09-27,3
MUNI-ARIMA,HU,Cases,0.205224748431646,2021-09-27,3
MUNI-ARIMA,HU,Deaths,0.279285569715972,2021-09-27,3
MUNI-ARIMA,IT,Cases,0.243690974094182,2021-09-27,3
MUNI-ARIMA,LT,Cases,0.45202441331536,2021-09-27,3
MUNI-ARIMA,LT,Deaths,0.354671324506102,2021-09-27,3
MUNI-ARIMA,LU,Deaths,0.301836220396069,2021-09-27,3
MUNI-ARIMA,LV,Cases,0.40329121445685,2021-09-27,3
MUNI-ARIMA,MT,Cases,0.256630028280943,2021-09-27,3
MUNI-ARIMA,MT,Deaths,0.293545345786088,2021-09-27,3
MUNI-ARIMA,NO,Cases,0.590886586283172,2021-09-27,3
MUNI-ARIMA,SI,Cases,0.391106254127271,2021-09-27,3
MUNI-ARIMA,SK,Cases,0.311734213439903,2021-09-27,3
RobertWalraven-ESG,AT,Cases,0.412102864938595,2021-09-27,3
RobertWalraven-ESG,BE,Cases,0.449686760618966,2021-09-27,3
RobertWalraven-ESG,BG,Cases,0.543547701932986,2021-09-27,3
RobertWalraven-ESG,BG,Deaths,0.315409459157313,2021-09-27,3
RobertWalraven-ESG,CY,Cases,0.402714454958318,2021-09-27,3
RobertWalraven-ESG,FI,Cases,0.514542704504531,2021-09-27,3
RobertWalraven-ESG,GR,Cases,0.320017648558796,2021-09-27,3
RobertWalraven-ESG,GR,Deaths,0.349561186830944,2021-09-27,3
RobertWalraven-ESG,IT,Deaths,0.262110008906109,2021-09-27,3
RobertWalraven-ESG,LU,Deaths,0.341433630979353,2021-09-27,3
RobertWalraven-ESG,MT,Cases,0.413302359214595,2021-09-27,3
RobertWalraven-ESG,MT,Deaths,0.282290634989317,2021-09-27,3
RobertWalraven-ESG,NO,Cases,0.271354737361211,2021-09-27,3
RobertWalraven-ESG,SI,Cases,0.234629930195034,2021-09-27,3
RobertWalraven-ESG,SK,Deaths,0.297374893506911,2021-09-27,3
UB-BSLCoV,ES,Cases,0.449760001940762,2021-09-27,3
UMass-MechBayes,CY,Deaths,0.383427492155565,2021-09-27,3
UMass-MechBayes,EE,Deaths,0.387945993068557,2021-09-27,3
UMass-MechBayes,FI,Deaths,0.326043662385575,2021-09-27,3
UMass-MechBayes,HR,Deaths,0.241047652127362,2021-09-27,3
UMass-MechBayes,LT,Deaths,0.387860604970383,2021-09-27,3
UMass-MechBayes,LU,Deaths,0.356730148624578,2021-09-27,3
UMass-MechBayes,LV,Deaths,0.260799256535034,2021-09-27,3
UMass-MechBayes,PT,Deaths,0.423420545439583,2021-09-27,3
UMass-MechBayes,RO,Deaths,0.357105573306608,2021-09-27,3
UMass-MechBayes,SI,Deaths,0.319184183298768,2021-09-27,3
epiforecasts-EpiNow2,BE,Deaths,0.291940532601129,2021-09-27,3
epiforecasts-EpiNow2,BG,Cases,0.182214895455705,2021-09-27,3
epiforecasts-EpiNow2,CY,Deaths,0.262038667835283,2021-09-27,3
epiforecasts-EpiNow2,EE,Deaths,0.316808647582731,2021-09-27,3
epiforecasts-EpiNow2,ES,Cases,0.225263475934418,2021-09-27,3
epiforecasts-EpiNow2,HR,Cases,0.293063549787783,2021-09-27,3
epiforecasts-EpiNow2,HR,Deaths,0.416439046993937,2021-09-27,3
epiforecasts-EpiNow2,IT,Cases,0.352424824730312,2021-09-27,3
epiforecasts-EpiNow2,IT,Deaths,0.386800367357909,2021-09-27,3
epiforecasts-EpiNow2,LT,Deaths,0.257468070523515,2021-09-27,3
epiforecasts-EpiNow2,LV,Deaths,0.443902277676341,2021-09-27,3
epiforecasts-EpiNow2,PT,Cases,0.283961724536956,2021-09-27,3
epiforecasts-EpiNow2,PT,Deaths,0.299645664621142,2021-09-27,3
epiforecasts-EpiNow2,RO,Cases,0.292633165778613,2021-09-27,3
epiforecasts-EpiNow2,RO,Deaths,0.374663925671735,2021-09-27,3
epiforecasts-EpiNow2,SI,Deaths,0.305024520561147,2021-09-27,3
epiforecasts-EpiNow2,SK,Cases,0.387841671298871,2021-09-27,3
epiforecasts-EpiNow2,SK,Deaths,0.356938092904965,2021-09-27,3
IEM_Health-CovidProject,AT,Cases,0.201824487364112,2021-10-04,3
IEM_Health-CovidProject,AT,Deaths,0.317741263254699,2021-10-04,3
IEM_Health-CovidProject,BE,Cases,0.266780582324764,2021-10-04,3
IEM_Health-CovidProject,BG,Cases,0.295705531220063,2021-10-04,3
IEM_Health-CovidProject,BG,Deaths,0.338194818057834,2021-10-04,3
IEM_Health-CovidProject,CY,Cases,0.32834860281999,2021-10-04,3
IEM_Health-CovidProject,EE,Cases,0.381939807586517,2021-10-04,3
IEM_Health-CovidProject,FI,Cases,0.344739064668966,2021-10-04,3
IEM_Health-CovidProject,GR,Cases,0.324606264429821,2021-10-04,3
IEM_Health-CovidProject,HR,Cases,0.299103506117497,2021-10-04,3
IEM_Health-CovidProject,HU,Cases,0.342213410160808,2021-10-04,3
IEM_Health-CovidProject,LT,Cases,0.238544053964231,2021-10-04,3
IEM_Health-CovidProject,LT,Deaths,0.396649152577196,2021-10-04,3
IEM_Health-CovidProject,LU,Deaths,0.310976348209903,2021-10-04,3
IEM_Health-CovidProject,LV,Cases,0.321372706980598,2021-10-04,3
IEM_Health-CovidProject,LV,Deaths,0.336562728056555,2021-10-04,3
IEM_Health-CovidProject,MT,Cases,0.285715649839771,2021-10-04,3
IEM_Health-CovidProject,MT,Deaths,0.27778578423039,2021-10-04,3
IEM_Health-CovidProject,RO,Cases,0.212978782012631,2021-10-04,3
IEM_Health-CovidProject,SI,Cases,0.281805840510682,2021-10-04,3
IEM_Health-CovidProject,SK,Cases,0.310153179668763,2021-10-04,3
ILM-EKF,AT,Deaths,0.274680824539828,2021-10-04,3
ILM-EKF,BE,Cases,0.290646442123771,2021-10-04,3
ILM-EKF,CY,Cases,0.33926827347203,2021-10-04,3
ILM-EKF,ES,Cases,0.403745968543068,2021-10-04,3
ILM-EKF,FI,Cases,0.329031981657795,2021-10-04,3
ILM-EKF,FI,Deaths,0.335519722764503,2021-10-04,3
ILM-EKF,GR,Deaths,0.333499658463718,2021-10-04,3
ILM-EKF,HU,Cases,0.373054685418122,2021-10-04,3
ILM-EKF,HU,Deaths,0.2515752747741,2021-10-04,3
ILM-EKF,IT,Cases,0.273318152811748,2021-10-04,3
ILM-EKF,LT,Cases,0.314855993256477,2021-10-04,3
ILM-EKF,PT,Cases,0.307944451349636,2021-10-04,3
ILM-EKF,RO,Cases,0.429277596217396,2021-10-04,3
ILM-EKF,SK,Deaths,0.335828809227982,2021-10-04,3
Karlen-pypm,BE,Deaths,0.418826734311175,2021-10-04,3
Karlen-pypm,CY,Deaths,0.32277785186111,2021-10-04,3
Karlen-pypm,EE,Deaths,0.302330909824129,2021-10-04,3
Karlen-pypm,GR,Cases,0.26928342267299,2021-10-04,3
Karlen-pypm,GR,Deaths,0.35161389253518,2021-10-04,3
Karlen-pypm,HR,Cases,0.258649148623876,2021-10-04,3
Karlen-pypm,HR,Deaths,0.321132183303217,2021-10-04,3
Karlen-pypm,HU,Deaths,0.387328712412958,2021-10-04,3
Karlen-pypm,IT,Cases,0.33329973577639,2021-10-04,3
Karlen-pypm,IT,Deaths,0.34837686384056,2021-10-04,3
Karlen-pypm,LV,Cases,0.322267852135753,2021-10-04,3
Karlen-pypm,PT,Cases,0.401181556064642,2021-10-04,3
Karlen-pypm,PT,Deaths,0.292613055822789,2021-10-04,3
Karlen-pypm,RO,Cases,0.357743621769973,2021-10-04,3
Karlen-pypm,RO,Deaths,0.351368767850255,2021-10-04,3
Karlen-pypm,SI,Deaths,0.365896005807963,2021-10-04,3
Karlen-pypm,SK,Cases,0.364953263946172,2021-10-04,3
Karlen-pypm,SK,Deaths,0.294844366784823,2021-10-04,3
MUNI-ARIMA,AT,Cases,0.300114891091175,2021-10-04,3
MUNI-ARIMA,AT,Deaths,0.407577912205473,2021-10-04,3
MUNI-ARIMA,BG,Cases,0.381546309054334,2021-10-04,3
MUNI-ARIMA,BG,Deaths,0.339949059667278,2021-10-04,3
MUNI-ARIMA,EE,Cases,0.376135545642491,2021-10-04,3
MUNI-ARIMA,EE,Deaths,0.333672702756282,2021-10-04,3
MUNI-ARIMA,FI,Deaths,0.366806766266974,2021-10-04,3
MUNI-ARIMA,GR,Cases,0.406110312897189,2021-10-04,3
MUNI-ARIMA,HR,Cases,0.442247345258627,2021-10-04,3
MUNI-ARIMA,HR,Deaths,0.308635902733811,2021-10-04,3
MUNI-ARIMA,HU,Cases,0.28473190442107,2021-10-04,3
MUNI-ARIMA,LT,Cases,0.446599952779292,2021-10-04,3
MUNI-ARIMA,LV,Cases,0.356359440883649,2021-10-04,3
MUNI-ARIMA,MT,Cases,0.256852461890192,2021-10-04,3
MUNI-ARIMA,MT,Deaths,0.302930379706609,2021-10-04,3
MUNI-ARIMA,NO,Cases,0.603914502141901,2021-10-04,3
MUNI-ARIMA,SI,Cases,0.373386126266749,2021-10-04,3
RobertWalraven-ESG,AT,Cases,0.498060621544713,2021-10-04,3
RobertWalraven-ESG,BE,Cases,0.442572975551466,2021-10-04,3
RobertWalraven-ESG,BE,Deaths,0.279704182921737,2021-10-04,3
RobertWalraven-ESG,BG,Cases,0.322748159725603,2021-10-04,3
RobertWalraven-ESG,BG,Deaths,0.321856122274889,2021-10-04,3
RobertWalraven-ESG,CY,Cases,0.33238312370798,2021-10-04,3
RobertWalraven-ESG,FI,Cases,0.326228953673239,2021-10-04,3
RobertWalraven-ESG,HR,Deaths,0.370231913962972,2021-10-04,3
RobertWalraven-ESG,LU,Deaths,0.345625309495226,2021-10-04,3
RobertWalraven-ESG,MT,Cases,0.457431888270037,2021-10-04,3
RobertWalraven-ESG,NO,Cases,0.251238888719784,2021-10-04,3
RobertWalraven-ESG,SI,Cases,0.344808033222569,2021-10-04,3
UB-BSLCoV,ES,Cases,0.385046754071169,2021-10-04,3
UMass-MechBayes,CY,Deaths,0.424381828938141,2021-10-04,3
UMass-MechBayes,EE,Deaths,0.363996387419588,2021-10-04,3
UMass-MechBayes,FI,Deaths,0.297673510968523,2021-10-04,3
UMass-MechBayes,IT,Deaths,0.325978367876764,2021-10-04,3
UMass-MechBayes,LT,Deaths,0.372039586132455,2021-10-04,3
UMass-MechBayes,LU,Deaths,0.343398342294871,2021-10-04,3
UMass-MechBayes,LV,Deaths,0.317761974930735,2021-10-04,3
UMass-MechBayes,MT,Deaths,0.419283836063001,2021-10-04,3
UMass-MechBayes,PT,Deaths,0.352602885810561,2021-10-04,3
UMass-MechBayes,RO,Deaths,0.310218640264685,2021-10-04,3
UMass-MechBayes,SI,Deaths,0.31915783393527,2021-10-04,3
epiforecasts-EpiNow2,BE,Deaths,0.301469082767088,2021-10-04,3
epiforecasts-EpiNow2,CY,Deaths,0.25284031920075,2021-10-04,3
epiforecasts-EpiNow2,EE,Cases,0.241924646770992,2021-10-04,3
epiforecasts-EpiNow2,ES,Cases,0.211207277385763,2021-10-04,3
epiforecasts-EpiNow2,GR,Deaths,0.314886449001102,2021-10-04,3
epiforecasts-EpiNow2,HU,Deaths,0.361096012812942,2021-10-04,3
epiforecasts-EpiNow2,IT,Cases,0.393382111411862,2021-10-04,3
epiforecasts-EpiNow2,IT,Deaths,0.325644768282676,2021-10-04,3
epiforecasts-EpiNow2,LT,Deaths,0.23131126129035,2021-10-04,3
epiforecasts-EpiNow2,LV,Deaths,0.34567529701271,2021-10-04,3
epiforecasts-EpiNow2,NO,Cases,0.144846609138316,2021-10-04,3
epiforecasts-EpiNow2,PT,Cases,0.290873992585722,2021-10-04,3
epiforecasts-EpiNow2,PT,Deaths,0.354784058366651,2021-10-04,3
epiforecasts-EpiNow2,RO,Deaths,0.33841259188506,2021-10-04,3
epiforecasts-EpiNow2,SI,Deaths,0.314946160256767,2021-10-04,3
epiforecasts-EpiNow2,SK,Cases,0.324893556385065,2021-10-04,3
epiforecasts-EpiNow2,SK,Deaths,0.369326823987195,2021-10-04,3
IEM_Health-CovidProject,AT,Cases,0.162733380069337,2021-10-11,3
IEM_Health-CovidProject,BE,Cases,0.345938165520903,2021-10-11,3
IEM_Health-CovidProject,BG,Cases,0.35503664922746,2021-10-11,3
IEM_Health-CovidProject,BG,Deaths,0.289339027294277,2021-10-11,3
IEM_Health-CovidProject,CY,Cases,0.499456383396101,2021-10-11,3
IEM_Health-CovidProject,EE,Cases,0.285524340979921,2021-10-11,3
IEM_Health-CovidProject,EE,Deaths,0.333112862771404,2021-10-11,3
IEM_Health-CovidProject,ES,Cases,0.277334662355281,2021-10-11,3
IEM_Health-CovidProject,FI,Cases,0.423417251593497,2021-10-11,3
IEM_Health-CovidProject,FI,Deaths,0.361481953324342,2021-10-11,3
IEM_Health-CovidProject,GR,Cases,0.392424437807904,2021-10-11,3
IEM_Health-CovidProject,HU,Cases,0.417756626276051,2021-10-11,3
IEM_Health-CovidProject,HU,Deaths,0.2504182071907,2021-10-11,3
IEM_Health-CovidProject,LT,Deaths,0.391788181819618,2021-10-11,3
IEM_Health-CovidProject,LU,Deaths,0.308429445337284,2021-10-11,3
IEM_Health-CovidProject,LV,Cases,0.340983471951512,2021-10-11,3
IEM_Health-CovidProject,PT,Deaths,0.313053570280978,2021-10-11,3
IEM_Health-CovidProject,RO,Cases,0.291954079339655,2021-10-11,3
IEM_Health-CovidProject,RO,Deaths,0.297361766678419,2021-10-11,3
IEM_Health-CovidProject,SI,Cases,0.205068094724576,2021-10-11,3
IEM_Health-CovidProject,SK,Cases,0.394068121888059,2021-10-11,3
ILM-EKF,BE,Cases,0.328421777271858,2021-10-11,3
ILM-EKF,BG,Cases,0.275717999241454,2021-10-11,3
ILM-EKF,BG,Deaths,0.317472804235796,2021-10-11,3
ILM-EKF,CY,Cases,0.27202257823569,2021-10-11,3
ILM-EKF,EE,Cases,0.292477129147778,2021-10-11,3
ILM-EKF,ES,Cases,0.414291504189178,2021-10-11,3
ILM-EKF,FI,Cases,0.31891039590828,2021-10-11,3
ILM-EKF,FI,Deaths,0.340423264625787,2021-10-11,3
ILM-EKF,IT,Cases,0.31324059695363,2021-10-11,3
ILM-EKF,LT,Cases,0.291128183448964,2021-10-11,3
ILM-EKF,LV,Cases,0.344235559269492,2021-10-11,3
ILM-EKF,PT,Cases,0.368242700452393,2021-10-11,3
ILM-EKF,RO,Cases,0.265106063599925,2021-10-11,3
ILM-EKF,RO,Deaths,0.282518920747343,2021-10-11,3
ILM-EKF,SK,Cases,0.311450988406283,2021-10-11,3
ILM-EKF,SK,Deaths,0.253039353121927,2021-10-11,3
Karlen-pypm,AT,Deaths,0.331737135380113,2021-10-11,3
Karlen-pypm,BE,Deaths,0.370903975643153,2021-10-11,3
Karlen-pypm,BG,Deaths,0.393188168469927,2021-10-11,3
Karlen-pypm,CY,Cases,0.228521038368209,2021-10-11,3
Karlen-pypm,CY,Deaths,0.30620551694386,2021-10-11,3
Karlen-pypm,GR,Cases,0.230035329615932,2021-10-11,3
Karlen-pypm,GR,Deaths,0.295056906814478,2021-10-11,3
Karlen-pypm,HR,Cases,0.214926332537023,2021-10-11,3
Karlen-pypm,HR,Deaths,0.18144875597321,2021-10-11,3
Karlen-pypm,HU,Deaths,0.421385346902385,2021-10-11,3
Karlen-pypm,IT,Cases,0.363641817168157,2021-10-11,3
Karlen-pypm,IT,Deaths,0.262025267224455,2021-10-11,3
Karlen-pypm,LV,Cases,0.314780968778997,2021-10-11,3
Karlen-pypm,LV,Deaths,0.306477439433256,2021-10-11,3
Karlen-pypm,NO,Cases,0.132299078243342,2021-10-11,3
Karlen-pypm,PT,Deaths,0.363411307454744,2021-10-11,3
Karlen-pypm,RO,Cases,0.44293985706042,2021-10-11,3
Karlen-pypm,RO,Deaths,0.420119312574238,2021-10-11,3
Karlen-pypm,SI,Deaths,0.361026058074006,2021-10-11,3
Karlen-pypm,SK,Deaths,0.420306366523168,2021-10-11,3
MUNI-ARIMA,AT,Cases,0.276559731159476,2021-10-11,3
MUNI-ARIMA,BG,Cases,0.369245351531086,2021-10-11,3
MUNI-ARIMA,EE,Cases,0.421998529872301,2021-10-11,3
MUNI-ARIMA,EE,Deaths,0.317358172045901,2021-10-11,3
MUNI-ARIMA,FI,Deaths,0.298094782049871,2021-10-11,3
MUNI-ARIMA,GR,Cases,0.377540232576165,2021-10-11,3
MUNI-ARIMA,HR,Cases,0.471266219665381,2021-10-11,3
MUNI-ARIMA,HR,Deaths,0.277653313844237,2021-10-11,3
MUNI-ARIMA,HU,Cases,0.306557529090666,2021-10-11,3
MUNI-ARIMA,LT,Cases,0.428052812994342,2021-10-11,3
MUNI-ARIMA,MT,Cases,0.33327852425768,2021-10-11,3
MUNI-ARIMA,MT,Deaths,0.245190747574832,2021-10-11,3
MUNI-ARIMA,NO,Cases,0.46876917768066,2021-10-11,3
MUNI-ARIMA,PT,Cases,0.237347132713708,2021-10-11,3
MUNI-ARIMA,SI,Cases,0.317565156498581,2021-10-11,3
MUNI-ARIMA,SI,Deaths,0.261351422098006,2021-10-11,3
MUNI-ARIMA,SK,Cases,0.294480889705658,2021-10-11,3
RobertWalraven-ESG,AT,Cases,0.560706888771187,2021-10-11,3
RobertWalraven-ESG,AT,Deaths,0.335403279103354,2021-10-11,3
RobertWalraven-ESG,BE,Cases,0.325640057207239,2021-10-11,3
RobertWalraven-ESG,BE,Deaths,0.326270459620043,2021-10-11,3
RobertWalraven-ESG,FI,Cases,0.257672352498223,2021-10-11,3
RobertWalraven-ESG,HR,Cases,0.313807447797596,2021-10-11,3
RobertWalraven-ESG,HR,Deaths,0.540897930182553,2021-10-11,3
RobertWalraven-ESG,LU,Deaths,0.370462066962296,2021-10-11,3
RobertWalraven-ESG,MT,Cases,0.364653397898454,2021-10-11,3
RobertWalraven-ESG,SI,Cases,0.477366748776843,2021-10-11,3
UMass-MechBayes,AT,Deaths,0.332859585516533,2021-10-11,3
UMass-MechBayes,CY,Deaths,0.402099679213861,2021-10-11,3
UMass-MechBayes,GR,Deaths,0.26006130438687,2021-10-11,3
UMass-MechBayes,IT,Deaths,0.428957475328558,2021-10-11,3
UMass-MechBayes,LT,Deaths,0.357102017535247,2021-10-11,3
UMass-MechBayes,LU,Deaths,0.321108487700419,2021-10-11,3
UMass-MechBayes,LV,Deaths,0.324176452332866,2021-10-11,3
UMass-MechBayes,MT,Deaths,0.354007729244755,2021-10-11,3
UMass-MechBayes,PT,Deaths,0.323535122264277,2021-10-11,3
epiforecasts-EpiNow2,BE,Deaths,0.302825564736804,2021-10-11,3
epiforecasts-EpiNow2,CY,Deaths,0.291694803842279,2021-10-11,3
epiforecasts-EpiNow2,EE,Deaths,0.349528965182695,2021-10-11,3
epiforecasts-EpiNow2,ES,Cases,0.308373833455541,2021-10-11,3
epiforecasts-EpiNow2,GR,Deaths,0.444881788798651,2021-10-11,3
epiforecasts-EpiNow2,HU,Cases,0.275685844633284,2021-10-11,3
epiforecasts-EpiNow2,HU,Deaths,0.328196445906915,2021-10-11,3
epiforecasts-EpiNow2,IT,Cases,0.323117585878213,2021-10-11,3
epiforecasts-EpiNow2,IT,Deaths,0.309017257446987,2021-10-11,3
epiforecasts-EpiNow2,LT,Cases,0.280819003556694,2021-10-11,3
epiforecasts-EpiNow2,LT,Deaths,0.251109800645134,2021-10-11,3
epiforecasts-EpiNow2,LV,Deaths,0.369346108233878,2021-10-11,3
epiforecasts-EpiNow2,MT,Cases,0.302068077843866,2021-10-11,3
epiforecasts-EpiNow2,MT,Deaths,0.400801523180412,2021-10-11,3
epiforecasts-EpiNow2,NO,Cases,0.398931744075999,2021-10-11,3
epiforecasts-EpiNow2,PT,Cases,0.394410166833899,2021-10-11,3
epiforecasts-EpiNow2,SI,Deaths,0.377622519827988,2021-10-11,3
epiforecasts-EpiNow2,SK,Deaths,0.326654280354905,2021-10-11,3
IEM_Health-CovidProject,AT,Cases,0.191399309803076,2021-10-18,3
IEM_Health-CovidProject,BE,Cases,0.410501894792377,2021-10-18,3
IEM_Health-CovidProject,BE,Deaths,0.369718007833892,2021-10-18,3
IEM_Health-CovidProject,CY,Cases,0.486180763377693,2021-10-18,3
IEM_Health-CovidProject,EE,Cases,0.278189353754085,2021-10-18,3
IEM_Health-CovidProject,EE,Deaths,0.333809621353866,2021-10-18,3
IEM_Health-CovidProject,ES,Cases,0.412518151980671,2021-10-18,3
IEM_Health-CovidProject,FI,Cases,0.371507716385879,2021-10-18,3
IEM_Health-CovidProject,FI,Deaths,0.334666178778204,2021-10-18,3
IEM_Health-CovidProject,GR,Cases,0.328830339006515,2021-10-18,3
IEM_Health-CovidProject,HU,Cases,0.450713365342366,2021-10-18,3
IEM_Health-CovidProject,HU,Deaths,0.269504013016107,2021-10-18,3
IEM_Health-CovidProject,IT,Cases,0.302500039420767,2021-10-18,3
IEM_Health-CovidProject,LT,Cases,0.348950120116358,2021-10-18,3
IEM_Health-CovidProject,LT,Deaths,0.290004298136397,2021-10-18,3
IEM_Health-CovidProject,LV,Cases,0.297188677066656,2021-10-18,3
IEM_Health-CovidProject,MT,Cases,0.350621654297587,2021-10-18,3
IEM_Health-CovidProject,PT,Cases,0.405273444838095,2021-10-18,3
IEM_Health-CovidProject,PT,Deaths,0.387286342862815,2021-10-18,3
IEM_Health-CovidProject,RO,Cases,0.258052405467111,2021-10-18,3
IEM_Health-CovidProject,RO,Deaths,0.515662034286814,2021-10-18,3
IEM_Health-CovidProject,SK,Cases,0.402210421930722,2021-10-18,3
ILM-EKF,BE,Cases,0.29955372343792,2021-10-18,3
ILM-EKF,BG,Cases,0.337584567285927,2021-10-18,3
ILM-EKF,BG,Deaths,0.294979175183396,2021-10-18,3
ILM-EKF,CY,Cases,0.290474841265861,2021-10-18,3
ILM-EKF,EE,Cases,0.29472651622635,2021-10-18,3
ILM-EKF,ES,Cases,0.273625234581907,2021-10-18,3
ILM-EKF,FI,Cases,0.290733693024308,2021-10-18,3
ILM-EKF,FI,Deaths,0.343049586509922,2021-10-18,3
ILM-EKF,GR,Cases,0.293647104600686,2021-10-18,3
ILM-EKF,GR,Deaths,0.2756097421022,2021-10-18,3
ILM-EKF,IT,Cases,0.333406266976083,2021-10-18,3
ILM-EKF,LV,Cases,0.415105152337285,2021-10-18,3
ILM-EKF,NO,Cases,0.240366501857679,2021-10-18,3
ILM-EKF,PT,Cases,0.200490504856795,2021-10-18,3
ILM-EKF,SK,Cases,0.265278607163151,2021-10-18,3
Karlen-pypm,AT,Deaths,0.343816215282188,2021-10-18,3
Karlen-pypm,BE,Deaths,0.340780386194499,2021-10-18,3
Karlen-pypm,BG,Deaths,0.35227193906765,2021-10-18,3
Karlen-pypm,CY,Cases,0.223344395356446,2021-10-18,3
Karlen-pypm,CY,Deaths,0.344106845458793,2021-10-18,3
Karlen-pypm,EE,Deaths,0.319720707122048,2021-10-18,3
Karlen-pypm,GR,Deaths,0.351539273795435,2021-10-18,3
Karlen-pypm,HU,Deaths,0.389739781774128,2021-10-18,3
Karlen-pypm,IT,Cases,0.36409369360315,2021-10-18,3
Karlen-pypm,IT,Deaths,0.265287833781792,2021-10-18,3
Karlen-pypm,LT,Cases,0.359220695624894,2021-10-18,3
Karlen-pypm,LV,Cases,0.287706170596058,2021-10-18,3
Karlen-pypm,LV,Deaths,0.306583358081988,2021-10-18,3
Karlen-pypm,NO,Cases,0.388754068249679,2021-10-18,3
Karlen-pypm,RO,Cases,0.231721651828414,2021-10-18,3
Karlen-pypm,RO,Deaths,0.258814660097114,2021-10-18,3
Karlen-pypm,SI,Deaths,0.255261594549878,2021-10-18,3
Karlen-pypm,SK,Deaths,0.400013569981107,2021-10-18,3
MUNI-ARIMA,AT,Cases,0.363771755407018,2021-10-18,3
MUNI-ARIMA,BE,Cases,0.289944381769703,2021-10-18,3
MUNI-ARIMA,BG,Cases,0.335345964965656,2021-10-18,3
MUNI-ARIMA,CY,Deaths,0.290768671159771,2021-10-18,3
MUNI-ARIMA,EE,Cases,0.427084130019564,2021-10-18,3
MUNI-ARIMA,FI,Cases,0.337758590589813,2021-10-18,3
MUNI-ARIMA,FI,Deaths,0.322284234711874,2021-10-18,3
MUNI-ARIMA,GR,Cases,0.377522556392799,2021-10-18,3
MUNI-ARIMA,HR,Cases,0.345462513449731,2021-10-18,3
MUNI-ARIMA,HR,Deaths,0.284000708297549,2021-10-18,3
MUNI-ARIMA,HU,Cases,0.27417286686549,2021-10-18,3
MUNI-ARIMA,LT,Cases,0.291829184258748,2021-10-18,3
MUNI-ARIMA,LU,Deaths,0.316071728365459,2021-10-18,3
MUNI-ARIMA,MT,Cases,0.374097444765777,2021-10-18,3
MUNI-ARIMA,MT,Deaths,0.219793704917954,2021-10-18,3
MUNI-ARIMA,NO,Cases,0.370879429892642,2021-10-18,3
MUNI-ARIMA,PT,Deaths,0.286355903604835,2021-10-18,3
MUNI-ARIMA,RO,Cases,0.510225942704475,2021-10-18,3
MUNI-ARIMA,SI,Cases,0.432401959148806,2021-10-18,3
MUNI-ARIMA,SK,Cases,0.332510970906127,2021-10-18,3
RobertWalraven-ESG,AT,Cases,0.444828934789906,2021-10-18,3
RobertWalraven-ESG,AT,Deaths,0.396462378947173,2021-10-18,3
RobertWalraven-ESG,HR,Cases,0.520089572971349,2021-10-18,3
RobertWalraven-ESG,HR,Deaths,0.366635275706913,2021-10-18,3
RobertWalraven-ESG,LT,Deaths,0.386183058430019,2021-10-18,3
RobertWalraven-ESG,LU,Deaths,0.331592224108822,2021-10-18,3
RobertWalraven-ESG,MT,Cases,0.275280900936636,2021-10-18,3
RobertWalraven-ESG,PT,Deaths,0.326357753532351,2021-10-18,3
RobertWalraven-ESG,SI,Cases,0.367256860714858,2021-10-18,3
RobertWalraven-ESG,SI,Deaths,0.588142378661939,2021-10-18,3
UMass-MechBayes,AT,Deaths,0.259721405770639,2021-10-18,3
UMass-MechBayes,CY,Deaths,0.365124483381436,2021-10-18,3
UMass-MechBayes,HR,Deaths,0.349364015995539,2021-10-18,3
UMass-MechBayes,IT,Deaths,0.443373703664595,2021-10-18,3
UMass-MechBayes,LT,Deaths,0.323812643433584,2021-10-18,3
UMass-MechBayes,LU,Deaths,0.352336047525719,2021-10-18,3
UMass-MechBayes,LV,Deaths,0.381361524517541,2021-10-18,3
UMass-MechBayes,MT,Deaths,0.382171864734557,2021-10-18,3
UMass-MechBayes,RO,Deaths,0.225523305616072,2021-10-18,3
UMass-MechBayes,SK,Deaths,0.267513548623321,2021-10-18,3
epiforecasts-EpiNow2,BE,Deaths,0.289501605971609,2021-10-18,3
epiforecasts-EpiNow2,BG,Cases,0.327069467748417,2021-10-18,3
epiforecasts-EpiNow2,BG,Deaths,0.352748885748954,2021-10-18,3
epiforecasts-EpiNow2,EE,Deaths,0.346469671524086,2021-10-18,3
epiforecasts-EpiNow2,ES,Cases,0.313856613437421,2021-10-18,3
epiforecasts-EpiNow2,GR,Deaths,0.372850984102365,2021-10-18,3
epiforecasts-EpiNow2,HR,Cases,0.134447913578921,2021-10-18,3
epiforecasts-EpiNow2,HU,Cases,0.275113767792144,2021-10-18,3
epiforecasts-EpiNow2,HU,Deaths,0.340756205209764,2021-10-18,3
epiforecasts-EpiNow2,IT,Deaths,0.291338462553613,2021-10-18,3
epiforecasts-EpiNow2,LV,Deaths,0.312055117400471,2021-10-18,3
epiforecasts-EpiNow2,MT,Deaths,0.39803443034749,2021-10-18,3
epiforecasts-EpiNow2,PT,Cases,0.39423605030511,2021-10-18,3
epiforecasts-EpiNow2,SI,Cases,0.200341180136335,2021-10-18,3
epiforecasts-EpiNow2,SI,Deaths,0.156596026788183,2021-10-18,3
epiforecasts-EpiNow2,SK,Deaths,0.332472881395572,2021-10-18,3
IEM_Health-CovidProject,AT,Cases,0.367376193504306,2021-10-25,3
IEM_Health-CovidProject,BE,Cases,0.3557199687149,2021-10-25,3
IEM_Health-CovidProject,BE,Deaths,0.436311406179229,2021-10-25,3
IEM_Health-CovidProject,CY,Cases,0.451624867578322,2021-10-25,3
IEM_Health-CovidProject,EE,Cases,0.314535378490658,2021-10-25,3
IEM_Health-CovidProject,EE,Deaths,0.305468271913715,2021-10-25,3
IEM_Health-CovidProject,ES,Cases,0.490220625707195,2021-10-25,3
IEM_Health-CovidProject,FI,Cases,0.367929263465447,2021-10-25,3
IEM_Health-CovidProject,FI,Deaths,0.340423395352543,2021-10-25,3
IEM_Health-CovidProject,HR,Cases,0.379111429076418,2021-10-25,3
IEM_Health-CovidProject,HU,Cases,0.335400258428474,2021-10-25,3
IEM_Health-CovidProject,HU,Deaths,0.208670323132314,2021-10-25,3
IEM_Health-CovidProject,IT,Cases,0.446592501938241,2021-10-25,3
IEM_Health-CovidProject,LT,Cases,0.323482287122622,2021-10-25,3
IEM_Health-CovidProject,LV,Cases,0.303237098348775,2021-10-25,3
IEM_Health-CovidProject,LV,Deaths,0.262746667224868,2021-10-25,3
IEM_Health-CovidProject,MT,Cases,0.396719628184729,2021-10-25,3
IEM_Health-CovidProject,MT,Deaths,0.40829651729056,2021-10-25,3
IEM_Health-CovidProject,NO,Cases,0.314560474690534,2021-10-25,3
IEM_Health-CovidProject,PT,Cases,0.453112815760906,2021-10-25,3
IEM_Health-CovidProject,PT,Deaths,0.401281471455862,2021-10-25,3
IEM_Health-CovidProject,RO,Cases,0.159998529535836,2021-10-25,3
IEM_Health-CovidProject,RO,Deaths,0.369635538907153,2021-10-25,3
IEM_Health-CovidProject,SI,Cases,0.338283198291506,2021-10-25,3
IEM_Health-CovidProject,SK,Cases,0.400700952989313,2021-10-25,3
ILM-EKF,AT,Cases,0.28548327767036,2021-10-25,3
ILM-EKF,BE,Cases,0.315137885946819,2021-10-25,3
ILM-EKF,BE,Deaths,0.285842085489946,2021-10-25,3
ILM-EKF,BG,Cases,0.390407236833084,2021-10-25,3
ILM-EKF,BG,Deaths,0.369989576771184,2021-10-25,3
ILM-EKF,CY,Cases,0.317282312204416,2021-10-25,3
ILM-EKF,EE,Cases,0.255331819788131,2021-10-25,3
ILM-EKF,ES,Cases,0.292606958044,2021-10-25,3
ILM-EKF,FI,Cases,0.337342773409648,2021-10-25,3
ILM-EKF,GR,Cases,0.331321229010683,2021-10-25,3
ILM-EKF,GR,Deaths,0.328644279487636,2021-10-25,3
ILM-EKF,HR,Cases,0.301675436979888,2021-10-25,3
ILM-EKF,HU,Cases,0.368959925128548,2021-10-25,3
ILM-EKF,HU,Deaths,0.34221622639602,2021-10-25,3
ILM-EKF,IT,Cases,0.289251608391984,2021-10-25,3
ILM-EKF,IT,Deaths,0.294764052327077,2021-10-25,3
ILM-EKF,LV,Cases,0.443360507147967,2021-10-25,3
ILM-EKF,PT,Cases,0.252931547514444,2021-10-25,3
ILM-EKF,PT,Deaths,0.249375707622534,2021-10-25,3
ILM-EKF,SK,Cases,0.328355536819045,2021-10-25,3
Karlen-pypm,AT,Deaths,0.333975636346596,2021-10-25,3
Karlen-pypm,BG,Cases,0.305566726369622,2021-10-25,3
Karlen-pypm,BG,Deaths,0.427984932246499,2021-10-25,3
Karlen-pypm,CY,Deaths,0.329619343118312,2021-10-25,3
Karlen-pypm,EE,Deaths,0.359087274408262,2021-10-25,3
Karlen-pypm,GR,Cases,0.307603565515501,2021-10-25,3
Karlen-pypm,GR,Deaths,0.383360471578447,2021-10-25,3
Karlen-pypm,HU,Cases,0.295639816442978,2021-10-25,3
Karlen-pypm,HU,Deaths,0.449113450471666,2021-10-25,3
Karlen-pypm,IT,Deaths,0.408014572061231,2021-10-25,3
Karlen-pypm,LT,Cases,0.367429953730629,2021-10-25,3
Karlen-pypm,LV,Cases,0.253402394503258,2021-10-25,3
Karlen-pypm,LV,Deaths,0.427796450958275,2021-10-25,3
Karlen-pypm,NO,Cases,0.367940556873993,2021-10-25,3
Karlen-pypm,RO,Deaths,0.11922901438777,2021-10-25,3
Karlen-pypm,SI,Deaths,0.381294247311454,2021-10-25,3
MUNI-ARIMA,AT,Cases,0.347140528825334,2021-10-25,3
MUNI-ARIMA,AT,Deaths,0.361099563187468,2021-10-25,3
MUNI-ARIMA,BE,Cases,0.329142145338281,2021-10-25,3
MUNI-ARIMA,BE,Deaths,0.277846508330825,2021-10-25,3
MUNI-ARIMA,BG,Cases,0.304026036797294,2021-10-25,3
MUNI-ARIMA,CY,Deaths,0.336491872186482,2021-10-25,3
MUNI-ARIMA,EE,Cases,0.430132801721211,2021-10-25,3
MUNI-ARIMA,ES,Cases,0.217172416248805,2021-10-25,3
MUNI-ARIMA,FI,Cases,0.294727963124906,2021-10-25,3
MUNI-ARIMA,FI,Deaths,0.349776719534445,2021-10-25,3
MUNI-ARIMA,GR,Cases,0.361075205473816,2021-10-25,3
MUNI-ARIMA,GR,Deaths,0.287995248933917,2021-10-25,3
MUNI-ARIMA,HR,Cases,0.319213133943694,2021-10-25,3
MUNI-ARIMA,HR,Deaths,0.328646684368841,2021-10-25,3
MUNI-ARIMA,IT,Cases,0.264155889669775,2021-10-25,3
MUNI-ARIMA,LT,Cases,0.309087759146749,2021-10-25,3
MUNI-ARIMA,LT,Deaths,0.280211364605516,2021-10-25,3
MUNI-ARIMA,LU,Deaths,0.320613381948142,2021-10-25,3
MUNI-ARIMA,MT,Cases,0.317327070046626,2021-10-25,3
MUNI-ARIMA,MT,Deaths,0.231829764193072,2021-10-25,3
MUNI-ARIMA,NO,Cases,0.317498968435472,2021-10-25,3
MUNI-ARIMA,PT,Cases,0.29395563672465,2021-10-25,3
MUNI-ARIMA,RO,Cases,0.525259566067117,2021-10-25,3
MUNI-ARIMA,SI,Cases,0.390661719511077,2021-10-25,3
MUNI-ARIMA,SK,Cases,0.270943510191643,2021-10-25,3
MUNI-ARIMA,SK,Deaths,0.36143682172797,2021-10-25,3
RobertWalraven-ESG,AT,Deaths,0.304924800465936,2021-10-25,3
RobertWalraven-ESG,BG,Deaths,0.202025490982318,2021-10-25,3
RobertWalraven-ESG,CY,Cases,0.231092820217262,2021-10-25,3
RobertWalraven-ESG,FI,Deaths,0.309799885113012,2021-10-25,3
RobertWalraven-ESG,HR,Deaths,0.315703421438813,2021-10-25,3
RobertWalraven-ESG,LT,Deaths,0.348590474636583,2021-10-25,3
RobertWalraven-ESG,LU,Deaths,0.334892177976277,2021-10-25,3
RobertWalraven-ESG,MT,Cases,0.285953301768645,2021-10-25,3
RobertWalraven-ESG,PT,Deaths,0.349342820921604,2021-10-25,3
RobertWalraven-ESG,RO,Cases,0.314741904397047,2021-10-25,3
RobertWalraven-ESG,SI,Cases,0.271055082197417,2021-10-25,3
RobertWalraven-ESG,SI,Deaths,0.464762256721247,2021-10-25,3
RobertWalraven-ESG,SK,Deaths,0.319378558082136,2021-10-25,3
UMass-MechBayes,CY,Deaths,0.333888784695206,2021-10-25,3
UMass-MechBayes,EE,Deaths,0.335444453678023,2021-10-25,3
UMass-MechBayes,HR,Deaths,0.355649894192346,2021-10-25,3
UMass-MechBayes,IT,Deaths,0.297221375611692,2021-10-25,3
UMass-MechBayes,LT,Deaths,0.371198160757901,2021-10-25,3
UMass-MechBayes,LU,Deaths,0.344494440075581,2021-10-25,3
UMass-MechBayes,LV,Deaths,0.309456881816857,2021-10-25,3
UMass-MechBayes,MT,Deaths,0.359873718516368,2021-10-25,3
UMass-MechBayes,RO,Deaths,0.511135446705077,2021-10-25,3
UMass-MechBayes,SI,Deaths,0.153943495967299,2021-10-25,3
UMass-MechBayes,SK,Deaths,0.319184620189894,2021-10-25,3
IEM_Health-CovidProject,AT,Cases,0.295808712081369,2021-11-01,3
IEM_Health-CovidProject,BE,Cases,0.335489409706473,2021-11-01,3
IEM_Health-CovidProject,BE,Deaths,0.472039721987282,2021-11-01,3
IEM_Health-CovidProject,CY,Cases,0.453783407826571,2021-11-01,3
IEM_Health-CovidProject,EE,Cases,0.387692599185507,2021-11-01,3
IEM_Health-CovidProject,ES,Cases,0.469367705660221,2021-11-01,3
IEM_Health-CovidProject,FI,Cases,0.249414476797385,2021-11-01,3
IEM_Health-CovidProject,FI,Deaths,0.403834743946118,2021-11-01,3
IEM_Health-CovidProject,GR,Cases,0.249686085131185,2021-11-01,3
IEM_Health-CovidProject,GR,Deaths,0.3870154879827,2021-11-01,3
IEM_Health-CovidProject,HR,Cases,0.344685368833204,2021-11-01,3
IEM_Health-CovidProject,HR,Deaths,0.271553478155907,2021-11-01,3
IEM_Health-CovidProject,HU,Cases,0.288474533450759,2021-11-01,3
IEM_Health-CovidProject,HU,Deaths,0.292190455625489,2021-11-01,3
IEM_Health-CovidProject,IT,Cases,0.320977673795735,2021-11-01,3
IEM_Health-CovidProject,IT,Deaths,0.355272142628058,2021-11-01,3
IEM_Health-CovidProject,LT,Cases,0.249587438425658,2021-11-01,3
IEM_Health-CovidProject,LV,Cases,0.298526259512326,2021-11-01,3
IEM_Health-CovidProject,LV,Deaths,0.22706015594242,2021-11-01,3
IEM_Health-CovidProject,MT,Cases,0.401289079351045,2021-11-01,3
IEM_Health-CovidProject,MT,Deaths,0.345585679591985,2021-11-01,3
IEM_Health-CovidProject,NO,Cases,0.256396384821885,2021-11-01,3
IEM_Health-CovidProject,PT,Cases,0.441897903565072,2021-11-01,3
IEM_Health-CovidProject,RO,Deaths,0.24474381063301,2021-11-01,3
IEM_Health-CovidProject,SI,Cases,0.293371848625866,2021-11-01,3
IEM_Health-CovidProject,SK,Cases,0.301113232391209,2021-11-01,3
ILM-EKF,AT,Cases,0.277795219653198,2021-11-01,3
ILM-EKF,AT,Deaths,0.323547730672045,2021-11-01,3
ILM-EKF,BE,Cases,0.336643832190651,2021-11-01,3
ILM-EKF,BE,Deaths,0.263685593529795,2021-11-01,3
ILM-EKF,BG,Cases,0.384322566954128,2021-11-01,3
ILM-EKF,BG,Deaths,0.375805890598907,2021-11-01,3
ILM-EKF,CY,Cases,0.274026939795349,2021-11-01,3
ILM-EKF,CY,Deaths,0.317792500036004,2021-11-01,3
ILM-EKF,EE,Cases,0.261121002035881,2021-11-01,3
ILM-EKF,EE,Deaths,0.303690897639019,2021-11-01,3
ILM-EKF,ES,Cases,0.293199733653508,2021-11-01,3
ILM-EKF,FI,Cases,0.336650125146432,2021-11-01,3
ILM-EKF,FI,Deaths,0.293332622709715,2021-11-01,3
ILM-EKF,GR,Cases,0.327565686842012,2021-11-01,3
ILM-EKF,GR,Deaths,0.273431149807388,2021-11-01,3
ILM-EKF,HR,Cases,0.341841420896661,2021-11-01,3
ILM-EKF,HR,Deaths,0.30275981023409,2021-11-01,3
ILM-EKF,HU,Cases,0.386173700764272,2021-11-01,3
ILM-EKF,HU,Deaths,0.375540069030743,2021-11-01,3
ILM-EKF,LV,Cases,0.275415727358919,2021-11-01,3
ILM-EKF,LV,Deaths,0.317582060934089,2021-11-01,3
ILM-EKF,PT,Cases,0.256165599323142,2021-11-01,3
ILM-EKF,PT,Deaths,0.299697208803883,2021-11-01,3
ILM-EKF,SI,Cases,0.288163364013865,2021-11-01,3
ILM-EKF,SK,Cases,0.41839103955158,2021-11-01,3
Karlen-pypm,AT,Deaths,0.272654761672473,2021-11-01,3
Karlen-pypm,BG,Cases,0.364578831295335,2021-11-01,3
Karlen-pypm,BG,Deaths,0.412221721921055,2021-11-01,3
Karlen-pypm,CY,Deaths,0.339778043873144,2021-11-01,3
Karlen-pypm,EE,Deaths,0.409540576690915,2021-11-01,3
Karlen-pypm,FI,Cases,0.413935398056184,2021-11-01,3
Karlen-pypm,HR,Deaths,0.425686711610002,2021-11-01,3
Karlen-pypm,HU,Cases,0.325351765784969,2021-11-01,3
Karlen-pypm,HU,Deaths,0.332269475343767,2021-11-01,3
Karlen-pypm,IT,Deaths,0.323768110011934,2021-11-01,3
Karlen-pypm,LT,Cases,0.394975559930081,2021-11-01,3
Karlen-pypm,LV,Deaths,0.455357783123491,2021-11-01,3
Karlen-pypm,NO,Cases,0.408422575892872,2021-11-01,3
Karlen-pypm,PT,Deaths,0.283060721956925,2021-11-01,3
Karlen-pypm,RO,Cases,0.139048000368171,2021-11-01,3
Karlen-pypm,SI,Deaths,0.398472582080519,2021-11-01,3
Karlen-pypm,SK,Cases,0.280495728057211,2021-11-01,3
MUNI-ARIMA,AT,Cases,0.426396068265434,2021-11-01,3
MUNI-ARIMA,AT,Deaths,0.403797507655481,2021-11-01,3
MUNI-ARIMA,BE,Cases,0.327866758102876,2021-11-01,3
MUNI-ARIMA,BE,Deaths,0.264274684482923,2021-11-01,3
MUNI-ARIMA,BG,Cases,0.251098601750537,2021-11-01,3
MUNI-ARIMA,BG,Deaths,0.211972387480038,2021-11-01,3
MUNI-ARIMA,CY,Deaths,0.342429456090852,2021-11-01,3
MUNI-ARIMA,EE,Cases,0.351186398778611,2021-11-01,3
MUNI-ARIMA,ES,Cases,0.237432560686271,2021-11-01,3
MUNI-ARIMA,FI,Deaths,0.302832633344168,2021-11-01,3
MUNI-ARIMA,GR,Cases,0.422748228026803,2021-11-01,3
MUNI-ARIMA,GR,Deaths,0.339553362209912,2021-11-01,3
MUNI-ARIMA,HR,Cases,0.313473210270135,2021-11-01,3
MUNI-ARIMA,IT,Cases,0.310706529876118,2021-11-01,3
MUNI-ARIMA,LT,Cases,0.355437001644261,2021-11-01,3
MUNI-ARIMA,LT,Deaths,0.281236936129248,2021-11-01,3
MUNI-ARIMA,LU,Deaths,0.290264526695921,2021-11-01,3
MUNI-ARIMA,LV,Cases,0.426058013128755,2021-11-01,3
MUNI-ARIMA,MT,Cases,0.292845544771428,2021-11-01,3
MUNI-ARIMA,NO,Cases,0.335181039285243,2021-11-01,3
MUNI-ARIMA,PT,Cases,0.301936497111787,2021-11-01,3
MUNI-ARIMA,RO,Cases,0.308804494506051,2021-11-01,3
MUNI-ARIMA,RO,Deaths,0.227638928634095,2021-11-01,3
MUNI-ARIMA,SI,Cases,0.41846478736027,2021-11-01,3
MUNI-ARIMA,SK,Deaths,0.400124014128613,2021-11-01,3
RobertWalraven-ESG,CY,Cases,0.27218965237808,2021-11-01,3
RobertWalraven-ESG,IT,Deaths,0.320959747360008,2021-11-01,3
RobertWalraven-ESG,LT,Deaths,0.384158531004791,2021-11-01,3
RobertWalraven-ESG,LU,Deaths,0.342627279485332,2021-11-01,3
RobertWalraven-ESG,MT,Cases,0.305865375877527,2021-11-01,3
RobertWalraven-ESG,MT,Deaths,0.319604991269208,2021-11-01,3
RobertWalraven-ESG,PT,Deaths,0.417242069239192,2021-11-01,3
RobertWalraven-ESG,RO,Cases,0.552147505125778,2021-11-01,3
RobertWalraven-ESG,SI,Deaths,0.310286612449249,2021-11-01,3
RobertWalraven-ESG,SK,Deaths,0.323899151323108,2021-11-01,3
UMass-MechBayes,EE,Deaths,0.286768525670065,2021-11-01,3
UMass-MechBayes,LT,Deaths,0.334604532865961,2021-11-01,3
UMass-MechBayes,LU,Deaths,0.367108193818747,2021-11-01,3
UMass-MechBayes,MT,Deaths,0.334809329138807,2021-11-01,3
UMass-MechBayes,RO,Deaths,0.527617260732896,2021-11-01,3
UMass-MechBayes,SI,Deaths,0.291240805470232,2021-11-01,3
UMass-MechBayes,SK,Deaths,0.275976834548279,2021-11-01,3
UNIPV-BayesINGARCHX,IT,Cases,0.368315796328147,2021-11-01,3
IEM_Health-CovidProject,AT,Cases,0.296914920062471,2021-11-08,3
IEM_Health-CovidProject,BE,Cases,0.303717917468655,2021-11-08,3
IEM_Health-CovidProject,BE,Deaths,0.459607972101876,2021-11-08,3
IEM_Health-CovidProject,CY,Cases,0.441393901026115,2021-11-08,3
IEM_Health-CovidProject,CY,Deaths,0.311080792984657,2021-11-08,3
IEM_Health-CovidProject,EE,Cases,0.436896750448403,2021-11-08,3
IEM_Health-CovidProject,ES,Cases,0.453988362999843,2021-11-08,3
IEM_Health-CovidProject,FI,Cases,0.273300858221951,2021-11-08,3
IEM_Health-CovidProject,FI,Deaths,0.458805447452322,2021-11-08,3
IEM_Health-CovidProject,GR,Cases,0.265424107078539,2021-11-08,3
IEM_Health-CovidProject,GR,Deaths,0.365400433382885,2021-11-08,3
IEM_Health-CovidProject,HR,Cases,0.326987598603467,2021-11-08,3
IEM_Health-CovidProject,HR,Deaths,0.321904879967181,2021-11-08,3
IEM_Health-CovidProject,HU,Cases,0.317504810931505,2021-11-08,3
IEM_Health-CovidProject,IT,Deaths,0.347790748977013,2021-11-08,3
IEM_Health-CovidProject,LT,Deaths,0.335602131248246,2021-11-08,3
IEM_Health-CovidProject,MT,Cases,0.374737307320434,2021-11-08,3
IEM_Health-CovidProject,MT,Deaths,0.316542751981689,2021-11-08,3
IEM_Health-CovidProject,NO,Cases,0.253883061659343,2021-11-08,3
IEM_Health-CovidProject,PT,Cases,0.387184132348673,2021-11-08,3
IEM_Health-CovidProject,SI,Cases,0.276794147647341,2021-11-08,3
IEM_Health-CovidProject,SI,Deaths,0.266111810344234,2021-11-08,3
IEM_Health-CovidProject,SK,Cases,0.28937403031023,2021-11-08,3
ILM-EKF,AT,Cases,0.304156974740256,2021-11-08,3
ILM-EKF,AT,Deaths,0.345940544615841,2021-11-08,3
ILM-EKF,BE,Cases,0.362422915675278,2021-11-08,3
ILM-EKF,BE,Deaths,0.235977421745437,2021-11-08,3
ILM-EKF,BG,Cases,0.317004399135188,2021-11-08,3
ILM-EKF,BG,Deaths,0.339381949658662,2021-11-08,3
ILM-EKF,CY,Cases,0.297003043682614,2021-11-08,3
ILM-EKF,EE,Cases,0.247319328728066,2021-11-08,3
ILM-EKF,EE,Deaths,0.339729651532539,2021-11-08,3
ILM-EKF,ES,Cases,0.316337593941473,2021-11-08,3
ILM-EKF,FI,Cases,0.317683123494572,2021-11-08,3
ILM-EKF,FI,Deaths,0.29514614789016,2021-11-08,3
ILM-EKF,GR,Cases,0.394770997881114,2021-11-08,3
ILM-EKF,GR,Deaths,0.303485317137765,2021-11-08,3
ILM-EKF,HR,Cases,0.346734273723429,2021-11-08,3
ILM-EKF,HR,Deaths,0.317096334329537,2021-11-08,3
ILM-EKF,HU,Cases,0.39897516819544,2021-11-08,3
ILM-EKF,HU,Deaths,0.408262968934938,2021-11-08,3
ILM-EKF,IT,Cases,0.237864173805751,2021-11-08,3
ILM-EKF,IT,Deaths,0.298626661639251,2021-11-08,3
ILM-EKF,LV,Deaths,0.295929682124305,2021-11-08,3
ILM-EKF,PT,Deaths,0.29090716292772,2021-11-08,3
ILM-EKF,RO,Deaths,0.138454794614651,2021-11-08,3
ILM-EKF,SI,Cases,0.283362756458302,2021-11-08,3
ILM-EKF,SK,Cases,0.429727783072032,2021-11-08,3
Karlen-pypm,AT,Deaths,0.275886611698555,2021-11-08,3
Karlen-pypm,BG,Cases,0.335104279314243,2021-11-08,3
Karlen-pypm,BG,Deaths,0.396662603322885,2021-11-08,3
Karlen-pypm,EE,Deaths,0.374684869948407,2021-11-08,3
Karlen-pypm,FI,Cases,0.409016018283477,2021-11-08,3
Karlen-pypm,HR,Deaths,0.360998785703282,2021-11-08,3
Karlen-pypm,HU,Cases,0.283520020873055,2021-11-08,3
Karlen-pypm,HU,Deaths,0.34643592647195,2021-11-08,3
Karlen-pypm,LT,Cases,0.475615172222215,2021-11-08,3
Karlen-pypm,LV,Cases,0.225496616153721,2021-11-08,3
Karlen-pypm,LV,Deaths,0.474769482562873,2021-11-08,3
Karlen-pypm,NO,Cases,0.402819256623659,2021-11-08,3
Karlen-pypm,PT,Cases,0.301608207301946,2021-11-08,3
Karlen-pypm,PT,Deaths,0.295865241871949,2021-11-08,3
Karlen-pypm,RO,Cases,0.23628869151902,2021-11-08,3
Karlen-pypm,SI,Deaths,0.430788363453299,2021-11-08,3
Karlen-pypm,SK,Cases,0.280898186617738,2021-11-08,3
Karlen-pypm,SK,Deaths,0.269475295862072,2021-11-08,3
MUNI-ARIMA,AT,Cases,0.398928105197273,2021-11-08,3
MUNI-ARIMA,AT,Deaths,0.378172843685605,2021-11-08,3
MUNI-ARIMA,BE,Cases,0.333859166856067,2021-11-08,3
MUNI-ARIMA,BE,Deaths,0.304414606152687,2021-11-08,3
MUNI-ARIMA,BG,Cases,0.347891321550569,2021-11-08,3
MUNI-ARIMA,BG,Deaths,0.263955447018453,2021-11-08,3
MUNI-ARIMA,CY,Deaths,0.318960859837347,2021-11-08,3
MUNI-ARIMA,EE,Cases,0.315783920823531,2021-11-08,3
MUNI-ARIMA,ES,Cases,0.229674043058685,2021-11-08,3
MUNI-ARIMA,GR,Cases,0.339804895040347,2021-11-08,3
MUNI-ARIMA,GR,Deaths,0.33111424947935,2021-11-08,3
MUNI-ARIMA,HR,Cases,0.326278127673105,2021-11-08,3
MUNI-ARIMA,HU,Deaths,0.245301104593112,2021-11-08,3
MUNI-ARIMA,IT,Cases,0.265001577826964,2021-11-08,3
MUNI-ARIMA,LT,Cases,0.312472391549123,2021-11-08,3
MUNI-ARIMA,LT,Deaths,0.285856097744057,2021-11-08,3
MUNI-ARIMA,LU,Deaths,0.335809984613435,2021-11-08,3
MUNI-ARIMA,LV,Cases,0.311558394609403,2021-11-08,3
MUNI-ARIMA,MT,Cases,0.338193822659493,2021-11-08,3
MUNI-ARIMA,MT,Deaths,0.31057466312732,2021-11-08,3
MUNI-ARIMA,NO,Cases,0.343297681716998,2021-11-08,3
MUNI-ARIMA,PT,Cases,0.311207660349381,2021-11-08,3
MUNI-ARIMA,RO,Cases,0.279261571728324,2021-11-08,3
MUNI-ARIMA,RO,Deaths,0.518242396123779,2021-11-08,3
MUNI-ARIMA,SI,Cases,0.439843095894357,2021-11-08,3
MUNI-ARIMA,SK,Deaths,0.407088149122883,2021-11-08,3
RobertWalraven-ESG,CY,Cases,0.261603055291271,2021-11-08,3
RobertWalraven-ESG,FI,Deaths,0.246048404657518,2021-11-08,3
RobertWalraven-ESG,IT,Deaths,0.353582589383736,2021-11-08,3
RobertWalraven-ESG,LT,Cases,0.211912436228662,2021-11-08,3
RobertWalraven-ESG,LU,Deaths,0.321095939863095,2021-11-08,3
RobertWalraven-ESG,LV,Cases,0.462944989236876,2021-11-08,3
RobertWalraven-ESG,MT,Cases,0.287068870020073,2021-11-08,3
RobertWalraven-ESG,PT,Deaths,0.413227595200331,2021-11-08,3
RobertWalraven-ESG,RO,Cases,0.484449736752656,2021-11-08,3
RobertWalraven-ESG,SI,Deaths,0.303099826202468,2021-11-08,3
UMass-MechBayes,CY,Deaths,0.369958347177995,2021-11-08,3
UMass-MechBayes,EE,Deaths,0.285585478519054,2021-11-08,3
UMass-MechBayes,LT,Deaths,0.378541771007697,2021-11-08,3
UMass-MechBayes,LU,Deaths,0.343094075523471,2021-11-08,3
UMass-MechBayes,LV,Deaths,0.229300835312822,2021-11-08,3
UMass-MechBayes,MT,Deaths,0.37288258489099,2021-11-08,3
UMass-MechBayes,RO,Deaths,0.34330280926157,2021-11-08,3
UMass-MechBayes,SK,Deaths,0.323436555015045,2021-11-08,3
UNIPV-BayesINGARCHX,IT,Cases,0.497134248367285,2021-11-08,3
IEM_Health-CovidProject,BE,Cases,0.320566622027779,2021-11-15,3
IEM_Health-CovidProject,BE,Deaths,0.407161765422746,2021-11-15,3
IEM_Health-CovidProject,CY,Cases,0.504688312597122,2021-11-15,3
IEM_Health-CovidProject,ES,Cases,0.382515959557914,2021-11-15,3
IEM_Health-CovidProject,FI,Cases,0.36932877066505,2021-11-15,3
IEM_Health-CovidProject,FI,Deaths,0.466171483283495,2021-11-15,3
IEM_Health-CovidProject,GR,Deaths,0.382887385640868,2021-11-15,3
IEM_Health-CovidProject,HR,Cases,0.312471400406042,2021-11-15,3
IEM_Health-CovidProject,HR,Deaths,0.321394385813292,2021-11-15,3
IEM_Health-CovidProject,HU,Cases,0.368991827806636,2021-11-15,3
IEM_Health-CovidProject,HU,Deaths,0.220337402253208,2021-11-15,3
IEM_Health-CovidProject,IT,Deaths,0.365038962901588,2021-11-15,3
IEM_Health-CovidProject,MT,Cases,0.331605496993945,2021-11-15,3
IEM_Health-CovidProject,MT,Deaths,0.298129425124828,2021-11-15,3
IEM_Health-CovidProject,NO,Cases,0.280662896491043,2021-11-15,3
IEM_Health-CovidProject,PT,Cases,0.383896183530917,2021-11-15,3
IEM_Health-CovidProject,SI,Cases,0.217847030034489,2021-11-15,3
IEM_Health-CovidProject,SK,Cases,0.309427988819284,2021-11-15,3
ILM-EKF,AT,Cases,0.313592659842232,2021-11-15,3
ILM-EKF,AT,Deaths,0.403705691959324,2021-11-15,3
ILM-EKF,BE,Cases,0.389864583032046,2021-11-15,3
ILM-EKF,BG,Deaths,0.308550459438729,2021-11-15,3
ILM-EKF,CY,Cases,0.271423305233271,2021-11-15,3
ILM-EKF,EE,Deaths,0.298746528297165,2021-11-15,3
ILM-EKF,ES,Cases,0.359177976695278,2021-11-15,3
ILM-EKF,FI,Cases,0.334074229981053,2021-11-15,3
ILM-EKF,FI,Deaths,0.323357934453463,2021-11-15,3
ILM-EKF,GR,Cases,0.400680870249468,2021-11-15,3
ILM-EKF,GR,Deaths,0.341409369922174,2021-11-15,3
ILM-EKF,HR,Cases,0.340295706620126,2021-11-15,3
ILM-EKF,HR,Deaths,0.346103863221004,2021-11-15,3
ILM-EKF,HU,Cases,0.392802440856113,2021-11-15,3
ILM-EKF,HU,Deaths,0.369908178935418,2021-11-15,3
ILM-EKF,IT,Cases,0.245664867224292,2021-11-15,3
ILM-EKF,IT,Deaths,0.343602823328686,2021-11-15,3
ILM-EKF,LV,Deaths,0.235944954376351,2021-11-15,3
ILM-EKF,PT,Cases,0.275457730432275,2021-11-15,3
ILM-EKF,PT,Deaths,0.294840875639956,2021-11-15,3
ILM-EKF,RO,Cases,0.321217480918183,2021-11-15,3
ILM-EKF,SI,Cases,0.231607981573614,2021-11-15,3
ILM-EKF,SI,Deaths,0.302498020006821,2021-11-15,3
ILM-EKF,SK,Cases,0.418713262290676,2021-11-15,3
ILM-EKF,SK,Deaths,0.350545013996255,2021-11-15,3
Karlen-pypm,AT,Cases,0.29607499843655,2021-11-15,3
Karlen-pypm,AT,Deaths,0.293511679088713,2021-11-15,3
Karlen-pypm,BG,Cases,0.228489508968219,2021-11-15,3
Karlen-pypm,BG,Deaths,0.411551020436997,2021-11-15,3
Karlen-pypm,CY,Cases,0.223888382169607,2021-11-15,3
Karlen-pypm,CY,Deaths,0.34071645146146,2021-11-15,3
Karlen-pypm,EE,Cases,0.365933505626179,2021-11-15,3
Karlen-pypm,EE,Deaths,0.410596954783307,2021-11-15,3
Karlen-pypm,FI,Cases,0.296596999353898,2021-11-15,3
Karlen-pypm,FI,Deaths,0.210470582263042,2021-11-15,3
Karlen-pypm,GR,Cases,0.318317367372773,2021-11-15,3
Karlen-pypm,HR,Deaths,0.332501750965704,2021-11-15,3
Karlen-pypm,HU,Cases,0.238205731337251,2021-11-15,3
Karlen-pypm,HU,Deaths,0.409754418811374,2021-11-15,3
Karlen-pypm,LT,Cases,0.319764667558004,2021-11-15,3
Karlen-pypm,LU,Deaths,0.340788245989948,2021-11-15,3
Karlen-pypm,LV,Cases,0.276370633623724,2021-11-15,3
Karlen-pypm,LV,Deaths,0.465078092213693,2021-11-15,3
Karlen-pypm,NO,Cases,0.354962023989644,2021-11-15,3
Karlen-pypm,PT,Deaths,0.366397367223416,2021-11-15,3
Karlen-pypm,RO,Cases,0.333067185288036,2021-11-15,3
Karlen-pypm,SI,Deaths,0.404414925634997,2021-11-15,3
Karlen-pypm,SK,Cases,0.27185874889004,2021-11-15,3
Karlen-pypm,SK,Deaths,0.393815678556626,2021-11-15,3
MUNI-ARIMA,AT,Cases,0.390332341721218,2021-11-15,3
MUNI-ARIMA,AT,Deaths,0.302782628951963,2021-11-15,3
MUNI-ARIMA,BE,Cases,0.289568794940175,2021-11-15,3
MUNI-ARIMA,BE,Deaths,0.31983760201377,2021-11-15,3
MUNI-ARIMA,BG,Cases,0.464614773838904,2021-11-15,3
MUNI-ARIMA,BG,Deaths,0.279898520124274,2021-11-15,3
MUNI-ARIMA,CY,Deaths,0.333924089792391,2021-11-15,3
MUNI-ARIMA,EE,Cases,0.303260619218312,2021-11-15,3
MUNI-ARIMA,ES,Cases,0.258306063746808,2021-11-15,3
MUNI-ARIMA,GR,Cases,0.281001762377759,2021-11-15,3
MUNI-ARIMA,GR,Deaths,0.275703244436958,2021-11-15,3
MUNI-ARIMA,HR,Cases,0.347232892973832,2021-11-15,3
MUNI-ARIMA,IT,Cases,0.340266212878013,2021-11-15,3
MUNI-ARIMA,IT,Deaths,0.291358213769726,2021-11-15,3
MUNI-ARIMA,LT,Cases,0.356958123809705,2021-11-15,3
MUNI-ARIMA,LT,Deaths,0.284951526851383,2021-11-15,3
MUNI-ARIMA,LU,Deaths,0.331971664588512,2021-11-15,3
MUNI-ARIMA,LV,Cases,0.259068806044566,2021-11-15,3
MUNI-ARIMA,MT,Cases,0.4030235784739,2021-11-15,3
MUNI-ARIMA,MT,Deaths,0.263463708097243,2021-11-15,3
MUNI-ARIMA,NO,Cases,0.364375079519314,2021-11-15,3
MUNI-ARIMA,PT,Cases,0.340646086036807,2021-11-15,3
MUNI-ARIMA,RO,Cases,0.345715333793781,2021-11-15,3
MUNI-ARIMA,RO,Deaths,0.335993485908336,2021-11-15,3
MUNI-ARIMA,SI,Cases,0.550544988391897,2021-11-15,3
MUNI-ARIMA,SI,Deaths,0.293087054358182,2021-11-15,3
MUNI-ARIMA,SK,Deaths,0.255639307447119,2021-11-15,3
RobertWalraven-ESG,BE,Deaths,0.273000632563484,2021-11-15,3
RobertWalraven-ESG,BG,Cases,0.306895717192877,2021-11-15,3
RobertWalraven-ESG,CY,Deaths,0.325359458746149,2021-11-15,3
RobertWalraven-ESG,EE,Cases,0.330805875155509,2021-11-15,3
RobertWalraven-ESG,LT,Cases,0.323277208632291,2021-11-15,3
RobertWalraven-ESG,LT,Deaths,0.315544331161913,2021-11-15,3
RobertWalraven-ESG,LV,Cases,0.46456056033171,2021-11-15,3
RobertWalraven-ESG,MT,Cases,0.265370924532156,2021-11-15,3
RobertWalraven-ESG,PT,Deaths,0.338761757136628,2021-11-15,3
RobertWalraven-ESG,RO,Deaths,0.280216572663205,2021-11-15,3
UMass-MechBayes,EE,Deaths,0.290656516919528,2021-11-15,3
UMass-MechBayes,LT,Deaths,0.399504141986705,2021-11-15,3
UMass-MechBayes,LU,Deaths,0.32724008942154,2021-11-15,3
UMass-MechBayes,LV,Deaths,0.298976953409956,2021-11-15,3
UMass-MechBayes,MT,Deaths,0.438406866777929,2021-11-15,3
UMass-MechBayes,RO,Deaths,0.383789941428459,2021-11-15,3
UNIPV-BayesINGARCHX,IT,Cases,0.414068919897694,2021-11-15,3
IEM_Health-CovidProject,AT,Deaths,0.254218230788893,2021-11-22,3
IEM_Health-CovidProject,BE,Cases,0.379638127539392,2021-11-22,3
IEM_Health-CovidProject,BE,Deaths,0.330328741576989,2021-11-22,3
IEM_Health-CovidProject,BG,Deaths,0.2637077125346,2021-11-22,3
IEM_Health-CovidProject,CY,Cases,0.311720671439787,2021-11-22,3
IEM_Health-CovidProject,ES,Cases,0.302693021512952,2021-11-22,3
IEM_Health-CovidProject,FI,Cases,0.448282069360963,2021-11-22,3
IEM_Health-CovidProject,FI,Deaths,0.478085286206377,2021-11-22,3
IEM_Health-CovidProject,GR,Cases,0.272631585755698,2021-11-22,3
IEM_Health-CovidProject,GR,Deaths,0.354308345454691,2021-11-22,3
IEM_Health-CovidProject,HR,Cases,0.245985669061588,2021-11-22,3
IEM_Health-CovidProject,HU,Cases,0.424619857821815,2021-11-22,3
IEM_Health-CovidProject,IT,Deaths,0.403253467553602,2021-11-22,3
IEM_Health-CovidProject,MT,Cases,0.280766263908078,2021-11-22,3
IEM_Health-CovidProject,MT,Deaths,0.306114201770141,2021-11-22,3
IEM_Health-CovidProject,NO,Cases,0.194459268176708,2021-11-22,3
IEM_Health-CovidProject,PT,Cases,0.336350929062364,2021-11-22,3
IEM_Health-CovidProject,SK,Cases,0.284017049414463,2021-11-22,3
ILM-EKF,AT,Cases,0.319741709312408,2021-11-22,3
ILM-EKF,AT,Deaths,0.421909612749092,2021-11-22,3
ILM-EKF,BE,Cases,0.323976919420021,2021-11-22,3
ILM-EKF,CY,Cases,0.318718920010713,2021-11-22,3
ILM-EKF,ES,Cases,0.396618617698453,2021-11-22,3
ILM-EKF,FI,Cases,0.33598656578685,2021-11-22,3
ILM-EKF,FI,Deaths,0.315267088840319,2021-11-22,3
ILM-EKF,GR,Cases,0.303602899508098,2021-11-22,3
ILM-EKF,GR,Deaths,0.335008032385486,2021-11-22,3
ILM-EKF,HR,Deaths,0.302895170490807,2021-11-22,3
ILM-EKF,HU,Cases,0.306916054924588,2021-11-22,3
ILM-EKF,HU,Deaths,0.365724421598176,2021-11-22,3
ILM-EKF,IT,Cases,0.266268974563052,2021-11-22,3
ILM-EKF,IT,Deaths,0.272904702901813,2021-11-22,3
ILM-EKF,MT,Cases,0.312874076440685,2021-11-22,3
ILM-EKF,PT,Cases,0.254415504686025,2021-11-22,3
ILM-EKF,PT,Deaths,0.346851657500516,2021-11-22,3
ILM-EKF,RO,Cases,0.271274379159947,2021-11-22,3
ILM-EKF,SI,Cases,0.167493212503658,2021-11-22,3
ILM-EKF,SK,Cases,0.445114153414032,2021-11-22,3
ILM-EKF,SK,Deaths,0.339916258326021,2021-11-22,3
Karlen-pypm,AT,Cases,0.4000899918195,2021-11-22,3
Karlen-pypm,AT,Deaths,0.323872156462015,2021-11-22,3
Karlen-pypm,BE,Cases,0.296384953040587,2021-11-22,3
Karlen-pypm,BE,Deaths,0.331627901621058,2021-11-22,3
Karlen-pypm,BG,Cases,0.174080368714615,2021-11-22,3
Karlen-pypm,CY,Cases,0.3695604085495,2021-11-22,3
Karlen-pypm,CY,Deaths,0.34099542235354,2021-11-22,3
Karlen-pypm,EE,Cases,0.353571696896464,2021-11-22,3
Karlen-pypm,EE,Deaths,0.415597627130392,2021-11-22,3
Karlen-pypm,FI,Deaths,0.206647624953304,2021-11-22,3
Karlen-pypm,GR,Cases,0.423765514736205,2021-11-22,3
Karlen-pypm,HR,Deaths,0.407369776071753,2021-11-22,3
Karlen-pypm,HU,Deaths,0.373240173503414,2021-11-22,3
Karlen-pypm,LT,Cases,0.205151074400095,2021-11-22,3
Karlen-pypm,LU,Deaths,0.435188103316247,2021-11-22,3
Karlen-pypm,LV,Cases,0.328823390086815,2021-11-22,3
Karlen-pypm,LV,Deaths,0.342958455785958,2021-11-22,3
Karlen-pypm,NO,Cases,0.509842659201105,2021-11-22,3
Karlen-pypm,PT,Deaths,0.319933024138019,2021-11-22,3
Karlen-pypm,RO,Cases,0.24904716356941,2021-11-22,3
Karlen-pypm,SI,Deaths,0.422312789959823,2021-11-22,3
Karlen-pypm,SK,Cases,0.270868797171506,2021-11-22,3
Karlen-pypm,SK,Deaths,0.452487572056719,2021-11-22,3
MUNI-ARIMA,AT,Cases,0.280168298868092,2021-11-22,3
MUNI-ARIMA,BE,Deaths,0.338043356801953,2021-11-22,3
MUNI-ARIMA,BG,Cases,0.431270116451381,2021-11-22,3
MUNI-ARIMA,BG,Deaths,0.31895621788402,2021-11-22,3
MUNI-ARIMA,CY,Deaths,0.309993957118023,2021-11-22,3
MUNI-ARIMA,EE,Cases,0.290285736415742,2021-11-22,3
MUNI-ARIMA,EE,Deaths,0.268054273564913,2021-11-22,3
MUNI-ARIMA,ES,Cases,0.300688360788595,2021-11-22,3
MUNI-ARIMA,FI,Cases,0.215731364852187,2021-11-22,3
MUNI-ARIMA,HR,Cases,0.496765543160838,2021-11-22,3
MUNI-ARIMA,HU,Cases,0.268464087253597,2021-11-22,3
MUNI-ARIMA,HU,Deaths,0.26103540489841,2021-11-22,3
MUNI-ARIMA,IT,Cases,0.306480340378022,2021-11-22,3
MUNI-ARIMA,LT,Cases,0.596261677214731,2021-11-22,3
MUNI-ARIMA,LT,Deaths,0.348982155851401,2021-11-22,3
MUNI-ARIMA,LU,Deaths,0.288442556585931,2021-11-22,3
MUNI-ARIMA,LV,Cases,0.284599024095785,2021-11-22,3
MUNI-ARIMA,LV,Deaths,0.261727426874118,2021-11-22,3
MUNI-ARIMA,MT,Cases,0.406359659651237,2021-11-22,3
MUNI-ARIMA,NO,Cases,0.295698072622187,2021-11-22,3
MUNI-ARIMA,PT,Cases,0.409233566251612,2021-11-22,3
MUNI-ARIMA,RO,Cases,0.479678457270643,2021-11-22,3
MUNI-ARIMA,RO,Deaths,0.465177388472065,2021-11-22,3
MUNI-ARIMA,SI,Cases,0.666749821382886,2021-11-22,3
MUNI-ARIMA,SK,Deaths,0.207596169617261,2021-11-22,3
RobertWalraven-ESG,BG,Cases,0.394649514834004,2021-11-22,3
RobertWalraven-ESG,EE,Cases,0.356142566687793,2021-11-22,3
RobertWalraven-ESG,HR,Cases,0.257248787777574,2021-11-22,3
RobertWalraven-ESG,LT,Cases,0.198587248385174,2021-11-22,3
RobertWalraven-ESG,LT,Deaths,0.25319932775962,2021-11-22,3
RobertWalraven-ESG,LV,Cases,0.3865775858174,2021-11-22,3
RobertWalraven-ESG,MT,Deaths,0.235945847955058,2021-11-22,3
RobertWalraven-ESG,RO,Deaths,0.27301278261644,2021-11-22,3
RobertWalraven-ESG,SI,Cases,0.165756966113456,2021-11-22,3
RobertWalraven-ESG,SI,Deaths,0.289971999329525,2021-11-22,3
UMass-MechBayes,BG,Deaths,0.417336069581381,2021-11-22,3
UMass-MechBayes,CY,Deaths,0.349010620528437,2021-11-22,3
UMass-MechBayes,EE,Deaths,0.316348099304696,2021-11-22,3
UMass-MechBayes,GR,Deaths,0.310683622159824,2021-11-22,3
UMass-MechBayes,HR,Deaths,0.289735053437439,2021-11-22,3
UMass-MechBayes,IT,Deaths,0.323841829544585,2021-11-22,3
UMass-MechBayes,LT,Deaths,0.397818516388979,2021-11-22,3
UMass-MechBayes,LU,Deaths,0.276369340097821,2021-11-22,3
UMass-MechBayes,LV,Deaths,0.395314117339924,2021-11-22,3
UMass-MechBayes,MT,Deaths,0.457939950274801,2021-11-22,3
UMass-MechBayes,PT,Deaths,0.333215318361465,2021-11-22,3
UMass-MechBayes,RO,Deaths,0.261809828911495,2021-11-22,3
UMass-MechBayes,SI,Deaths,0.287715210710652,2021-11-22,3
UNIPV-BayesINGARCHX,IT,Cases,0.427250685058926,2021-11-22,3
IEM_Health-CovidProject,AT,Cases,0.290249223638822,2021-11-29,3
IEM_Health-CovidProject,BE,Cases,0.471104459512965,2021-11-29,3
IEM_Health-CovidProject,CY,Cases,0.344194576855558,2021-11-29,3
IEM_Health-CovidProject,EE,Cases,0.268175279315999,2021-11-29,3
IEM_Health-CovidProject,FI,Cases,0.439803321422718,2021-11-29,3
IEM_Health-CovidProject,FI,Deaths,0.449092080444966,2021-11-29,3
IEM_Health-CovidProject,GR,Deaths,0.388947849252791,2021-11-29,3
IEM_Health-CovidProject,HU,Cases,0.363222670944325,2021-11-29,3
IEM_Health-CovidProject,IT,Cases,0.308656339120988,2021-11-29,3
IEM_Health-CovidProject,IT,Deaths,0.324000948029094,2021-11-29,3
IEM_Health-CovidProject,MT,Cases,0.247827692260217,2021-11-29,3
IEM_Health-CovidProject,NO,Cases,0.340341182960833,2021-11-29,3
IEM_Health-CovidProject,PT,Cases,0.326591447928555,2021-11-29,3
IEM_Health-CovidProject,SK,Cases,0.300072680284193,2021-11-29,3
ILM-EKF,AT,Deaths,0.37982822852694,2021-11-29,3
ILM-EKF,BE,Cases,0.242725501484664,2021-11-29,3
ILM-EKF,CY,Cases,0.364114295330334,2021-11-29,3
ILM-EKF,ES,Cases,0.273538987234963,2021-11-29,3
ILM-EKF,FI,Cases,0.353478094092264,2021-11-29,3
ILM-EKF,FI,Deaths,0.338599638764982,2021-11-29,3
ILM-EKF,HU,Deaths,0.254825352844058,2021-11-29,3
ILM-EKF,LV,Cases,0.233964979477066,2021-11-29,3
ILM-EKF,MT,Cases,0.421748555909007,2021-11-29,3
ILM-EKF,PT,Deaths,0.378681953646162,2021-11-29,3
ILM-EKF,RO,Cases,0.235120069828665,2021-11-29,3
ILM-EKF,RO,Deaths,0.353250484932959,2021-11-29,3
ILM-EKF,SK,Deaths,0.260423953962007,2021-11-29,3
Karlen-pypm,AT,Cases,0.32706128317636,2021-11-29,3
Karlen-pypm,AT,Deaths,0.291402727557162,2021-11-29,3
Karlen-pypm,BE,Cases,0.286170039002371,2021-11-29,3
Karlen-pypm,BE,Deaths,0.294458368685953,2021-11-29,3
Karlen-pypm,EE,Cases,0.363826909692925,2021-11-29,3
Karlen-pypm,EE,Deaths,0.346942621549777,2021-11-29,3
Karlen-pypm,FI,Deaths,0.212308280790053,2021-11-29,3
Karlen-pypm,GR,Cases,0.342630883672019,2021-11-29,3
Karlen-pypm,HR,Deaths,0.340913882749426,2021-11-29,3
Karlen-pypm,LT,Cases,0.201115436423757,2021-11-29,3
Karlen-pypm,LU,Deaths,0.364478331070138,2021-11-29,3
Karlen-pypm,LV,Cases,0.489566148759656,2021-11-29,3
Karlen-pypm,LV,Deaths,0.412524365706738,2021-11-29,3
Karlen-pypm,NO,Cases,0.383131397798301,2021-11-29,3
Karlen-pypm,RO,Cases,0.144348625857584,2021-11-29,3
Karlen-pypm,SK,Cases,0.36850878110933,2021-11-29,3
Karlen-pypm,SK,Deaths,0.455458599822002,2021-11-29,3
MUNI-ARIMA,AT,Cases,0.382689493184818,2021-11-29,3
MUNI-ARIMA,BE,Deaths,0.409070932194759,2021-11-29,3
MUNI-ARIMA,BG,Cases,0.462592161524387,2021-11-29,3
MUNI-ARIMA,BG,Deaths,0.314599644240018,2021-11-29,3
MUNI-ARIMA,CY,Cases,0.291691127814108,2021-11-29,3
MUNI-ARIMA,CY,Deaths,0.343957510694522,2021-11-29,3
MUNI-ARIMA,EE,Deaths,0.321302747139187,2021-11-29,3
MUNI-ARIMA,ES,Cases,0.436152779697128,2021-11-29,3
MUNI-ARIMA,FI,Cases,0.206718584485018,2021-11-29,3
MUNI-ARIMA,GR,Cases,0.304446045969373,2021-11-29,3
MUNI-ARIMA,HR,Cases,0.44786802797633,2021-11-29,3
MUNI-ARIMA,HR,Deaths,0.359787042225764,2021-11-29,3
MUNI-ARIMA,HU,Cases,0.443529189139759,2021-11-29,3
MUNI-ARIMA,HU,Deaths,0.433521497965243,2021-11-29,3
MUNI-ARIMA,IT,Cases,0.306424942977815,2021-11-29,3
MUNI-ARIMA,LT,Cases,0.590528072269307,2021-11-29,3
MUNI-ARIMA,LT,Deaths,0.394147424781128,2021-11-29,3
MUNI-ARIMA,MT,Cases,0.330423751830776,2021-11-29,3
MUNI-ARIMA,PT,Cases,0.406404710730363,2021-11-29,3
MUNI-ARIMA,PT,Deaths,0.328792613945662,2021-11-29,3
MUNI-ARIMA,RO,Cases,0.620531304313751,2021-11-29,3
MUNI-ARIMA,RO,Deaths,0.334633113751257,2021-11-29,3
MUNI-ARIMA,SI,Cases,0.588963094820131,2021-11-29,3
MUNI-VAR,AT,Deaths,0.328769043915898,2021-11-29,3
MUNI-VAR,BE,Deaths,0.296470699119288,2021-11-29,3
MUNI-VAR,BG,Cases,0.316438734842634,2021-11-29,3
MUNI-VAR,ES,Cases,0.290308233067909,2021-11-29,3
MUNI-VAR,GR,Cases,0.352923070358608,2021-11-29,3
MUNI-VAR,GR,Deaths,0.293181966220645,2021-11-29,3
MUNI-VAR,HR,Cases,0.218116347470677,2021-11-29,3
MUNI-VAR,HU,Cases,0.193248139915916,2021-11-29,3
MUNI-VAR,IT,Deaths,0.236697478537919,2021-11-29,3
MUNI-VAR,LT,Cases,0.208356491306936,2021-11-29,3
MUNI-VAR,LT,Deaths,0.258360687125882,2021-11-29,3
MUNI-VAR,LU,Deaths,0.321210070117196,2021-11-29,3
MUNI-VAR,LV,Deaths,0.239395884634249,2021-11-29,3
MUNI-VAR,MT,Deaths,0.266987742151552,2021-11-29,3
MUNI-VAR,NO,Cases,0.276527419240866,2021-11-29,3
MUNI-VAR,PT,Cases,0.267003841341082,2021-11-29,3
MUNI-VAR,RO,Deaths,0.312116401315784,2021-11-29,3
MUNI-VAR,SI,Cases,0.205487332864606,2021-11-29,3
MUNI-VAR,SI,Deaths,0.270825416673174,2021-11-29,3
MUNI-VAR,SK,Cases,0.331418538606477,2021-11-29,3
MUNI-VAR,SK,Deaths,0.284117446215991,2021-11-29,3
RobertWalraven-ESG,BG,Cases,0.220969103632979,2021-11-29,3
RobertWalraven-ESG,BG,Deaths,0.276775376599103,2021-11-29,3
RobertWalraven-ESG,CY,Deaths,0.306087804161245,2021-11-29,3
RobertWalraven-ESG,EE,Cases,0.367997810991076,2021-11-29,3
RobertWalraven-ESG,HR,Cases,0.334015624552993,2021-11-29,3
RobertWalraven-ESG,LV,Cases,0.276468871763278,2021-11-29,3
RobertWalraven-ESG,MT,Deaths,0.371137267197436,2021-11-29,3
RobertWalraven-ESG,SI,Cases,0.205549572315264,2021-11-29,3
RobertWalraven-ESG,SI,Deaths,0.347774940814683,2021-11-29,3
UMass-MechBayes,BG,Deaths,0.40862497916088,2021-11-29,3
UMass-MechBayes,CY,Deaths,0.349954685144232,2021-11-29,3
UMass-MechBayes,EE,Deaths,0.331754631311036,2021-11-29,3
UMass-MechBayes,GR,Deaths,0.317870184526564,2021-11-29,3
UMass-MechBayes,HR,Deaths,0.29929907502481,2021-11-29,3
UMass-MechBayes,HU,Deaths,0.311653149190699,2021-11-29,3
UMass-MechBayes,IT,Deaths,0.439301573432987,2021-11-29,3
UMass-MechBayes,LT,Deaths,0.34749188809299,2021-11-29,3
UMass-MechBayes,LU,Deaths,0.314311598812666,2021-11-29,3
UMass-MechBayes,LV,Deaths,0.348079749659013,2021-11-29,3
UMass-MechBayes,MT,Deaths,0.361874990651012,2021-11-29,3
UMass-MechBayes,PT,Deaths,0.292525432408176,2021-11-29,3
UMass-MechBayes,SI,Deaths,0.381399642512143,2021-11-29,3
UNIPV-BayesINGARCHX,IT,Cases,0.384918717901197,2021-11-29,3
IEM_Health-CovidProject,BE,Cases,0.365259128158357,2021-12-06,3
IEM_Health-CovidProject,CY,Cases,0.343812370760138,2021-12-06,3
IEM_Health-CovidProject,FI,Cases,0.531062679671817,2021-12-06,3
IEM_Health-CovidProject,FI,Deaths,0.395659434881716,2021-12-06,3
IEM_Health-CovidProject,HU,Cases,0.193394619981439,2021-12-06,3
IEM_Health-CovidProject,IT,Cases,0.460071898263759,2021-12-06,3
IEM_Health-CovidProject,LU,Deaths,0.314411562162217,2021-12-06,3
IEM_Health-CovidProject,MT,Cases,0.426473546992587,2021-12-06,3
IEM_Health-CovidProject,NO,Cases,0.301565577300679,2021-12-06,3
IEM_Health-CovidProject,PT,Cases,0.28397226363553,2021-12-06,3
IEM_Health-CovidProject,PT,Deaths,0.321230828616741,2021-12-06,3
IEM_Health-CovidProject,SK,Cases,0.280704633736901,2021-12-06,3
ILM-EKF,BE,Cases,0.334863604959529,2021-12-06,3
ILM-EKF,CY,Cases,0.376677116320883,2021-12-06,3
ILM-EKF,ES,Cases,0.227393848351786,2021-12-06,3
ILM-EKF,FI,Cases,0.314925437462509,2021-12-06,3
ILM-EKF,FI,Deaths,0.354120702158914,2021-12-06,3
ILM-EKF,IT,Cases,0.27950603048926,2021-12-06,3
ILM-EKF,LT,Cases,0.318232339060671,2021-12-06,3
ILM-EKF,LV,Cases,0.364036444257372,2021-12-06,3
ILM-EKF,LV,Deaths,0.312627972364137,2021-12-06,3
ILM-EKF,MT,Cases,0.272283597743658,2021-12-06,3
ILM-EKF,NO,Cases,0.30373264674045,2021-12-06,3
ILM-EKF,PT,Cases,0.300354510042586,2021-12-06,3
ILM-EKF,RO,Cases,0.350638678367881,2021-12-06,3
ILM-EKF,RO,Deaths,0.392846202081416,2021-12-06,3
ILM-EKF,SK,Deaths,0.238607557179269,2021-12-06,3
Karlen-pypm,AT,Cases,0.324988743104278,2021-12-06,3
Karlen-pypm,AT,Deaths,0.360640429200568,2021-12-06,3
Karlen-pypm,BE,Cases,0.299877266882113,2021-12-06,3
Karlen-pypm,BE,Deaths,0.362576675375056,2021-12-06,3
Karlen-pypm,BG,Cases,0.284789377941481,2021-12-06,3
Karlen-pypm,CY,Deaths,0.340619809950586,2021-12-06,3
Karlen-pypm,EE,Cases,0.433580047391832,2021-12-06,3
Karlen-pypm,EE,Deaths,0.247981786541137,2021-12-06,3
Karlen-pypm,FI,Deaths,0.25021986295937,2021-12-06,3
Karlen-pypm,IT,Cases,0.260422071246981,2021-12-06,3
Karlen-pypm,IT,Deaths,0.304732743702143,2021-12-06,3
Karlen-pypm,LT,Cases,0.277270587318189,2021-12-06,3
Karlen-pypm,LU,Deaths,0.373740701501252,2021-12-06,3
Karlen-pypm,LV,Cases,0.438515736982039,2021-12-06,3
Karlen-pypm,LV,Deaths,0.270988375639111,2021-12-06,3
Karlen-pypm,NO,Cases,0.394701775958872,2021-12-06,3
Karlen-pypm,RO,Cases,0.206140944434756,2021-12-06,3
Karlen-pypm,SK,Cases,0.435980429451242,2021-12-06,3
Karlen-pypm,SK,Deaths,0.38811682312758,2021-12-06,3
MUNI-ARIMA,AT,Cases,0.42907068965643,2021-12-06,3
MUNI-ARIMA,BE,Deaths,0.276589728625331,2021-12-06,3
MUNI-ARIMA,BG,Cases,0.318690112757863,2021-12-06,3
MUNI-ARIMA,EE,Cases,0.27044209042317,2021-12-06,3
MUNI-ARIMA,EE,Deaths,0.221381485382996,2021-12-06,3
MUNI-ARIMA,ES,Cases,0.302853272163424,2021-12-06,3
MUNI-ARIMA,FI,Cases,0.154011882865674,2021-12-06,3
MUNI-ARIMA,GR,Cases,0.29794028020092,2021-12-06,3
MUNI-ARIMA,HR,Cases,0.46351409556766,2021-12-06,3
MUNI-ARIMA,HR,Deaths,0.404787259789318,2021-12-06,3
MUNI-ARIMA,HU,Cases,0.584758105368776,2021-12-06,3
MUNI-ARIMA,HU,Deaths,0.508493887352987,2021-12-06,3
MUNI-ARIMA,LT,Cases,0.40449707362114,2021-12-06,3
MUNI-ARIMA,LT,Deaths,0.283005603004564,2021-12-06,3
MUNI-ARIMA,LU,Deaths,0.311847736336531,2021-12-06,3
MUNI-ARIMA,MT,Cases,0.301242855263755,2021-12-06,3
MUNI-ARIMA,PT,Cases,0.415673226321885,2021-12-06,3
MUNI-ARIMA,PT,Deaths,0.313034926044681,2021-12-06,3
MUNI-ARIMA,RO,Cases,0.443220377197363,2021-12-06,3
MUNI-ARIMA,RO,Deaths,0.217571056968177,2021-12-06,3
MUNI-ARIMA,SI,Cases,0.499003182057405,2021-12-06,3
MUNI-ARIMA,SI,Deaths,0.332374724262356,2021-12-06,3
MUNI-VAR,AT,Deaths,0.378227964692608,2021-12-06,3
MUNI-VAR,BE,Deaths,0.360833595999614,2021-12-06,3
MUNI-VAR,BG,Cases,0.396520509300657,2021-12-06,3
MUNI-VAR,BG,Deaths,0.337956788934794,2021-12-06,3
MUNI-VAR,CY,Cases,0.27951051291898,2021-12-06,3
MUNI-VAR,CY,Deaths,0.325601102507983,2021-12-06,3
MUNI-VAR,ES,Cases,0.46975287948479,2021-12-06,3
MUNI-VAR,GR,Cases,0.516905140560291,2021-12-06,3
MUNI-VAR,GR,Deaths,0.309326410418727,2021-12-06,3
MUNI-VAR,HR,Cases,0.244165030538468,2021-12-06,3
MUNI-VAR,HR,Deaths,0.274893126578511,2021-12-06,3
MUNI-VAR,IT,Deaths,0.368410495274659,2021-12-06,3
MUNI-VAR,LT,Deaths,0.291670033488387,2021-12-06,3
MUNI-VAR,MT,Deaths,0.354955908618888,2021-12-06,3
MUNI-VAR,RO,Deaths,0.389582740950408,2021-12-06,3
MUNI-VAR,SI,Cases,0.282261230654338,2021-12-06,3
MUNI-VAR,SK,Cases,0.283314936811857,2021-12-06,3
MUNI-VAR,SK,Deaths,0.373275619693151,2021-12-06,3
RobertWalraven-ESG,AT,Cases,0.245940567239292,2021-12-06,3
RobertWalraven-ESG,BG,Deaths,0.2677245117332,2021-12-06,3
RobertWalraven-ESG,EE,Cases,0.295977862184998,2021-12-06,3
RobertWalraven-ESG,GR,Cases,0.185154579238789,2021-12-06,3
RobertWalraven-ESG,GR,Deaths,0.393519734059078,2021-12-06,3
RobertWalraven-ESG,HR,Cases,0.292320873893873,2021-12-06,3
RobertWalraven-ESG,HU,Cases,0.221847274649786,2021-12-06,3
RobertWalraven-ESG,HU,Deaths,0.136969541068771,2021-12-06,3
RobertWalraven-ESG,LV,Cases,0.197447818760589,2021-12-06,3
RobertWalraven-ESG,MT,Deaths,0.32513557363536,2021-12-06,3
RobertWalraven-ESG,SI,Cases,0.218735587288257,2021-12-06,3
RobertWalraven-ESG,SI,Deaths,0.380824017706428,2021-12-06,3
UMass-MechBayes,AT,Deaths,0.261131606106824,2021-12-06,3
UMass-MechBayes,BG,Deaths,0.394318699332005,2021-12-06,3
UMass-MechBayes,CY,Deaths,0.333779087541431,2021-12-06,3
UMass-MechBayes,EE,Deaths,0.530636728075867,2021-12-06,3
UMass-MechBayes,GR,Deaths,0.297153855522195,2021-12-06,3
UMass-MechBayes,HR,Deaths,0.320319613632172,2021-12-06,3
UMass-MechBayes,HU,Deaths,0.354536571578242,2021-12-06,3
UMass-MechBayes,IT,Deaths,0.326856761023198,2021-12-06,3
UMass-MechBayes,LT,Deaths,0.425324363507049,2021-12-06,3
UMass-MechBayes,LV,Deaths,0.416383651996752,2021-12-06,3
UMass-MechBayes,MT,Deaths,0.319908517745752,2021-12-06,3
UMass-MechBayes,PT,Deaths,0.365734245338578,2021-12-06,3
UMass-MechBayes,SI,Deaths,0.286801258031216,2021-12-06,3
IEM_Health-CovidProject,CY,Cases,0.421314389060539,2021-12-13,3
IEM_Health-CovidProject,EE,Cases,0.364557712115727,2021-12-13,3
IEM_Health-CovidProject,FI,Cases,0.49962809964249,2021-12-13,3
IEM_Health-CovidProject,FI,Deaths,0.333646939651959,2021-12-13,3
IEM_Health-CovidProject,IT,Cases,0.501375732253913,2021-12-13,3
IEM_Health-CovidProject,LT,Cases,0.401240164042635,2021-12-13,3
IEM_Health-CovidProject,LT,Deaths,0.218909317423582,2021-12-13,3
IEM_Health-CovidProject,LV,Cases,0.472597326615632,2021-12-13,3
IEM_Health-CovidProject,NO,Cases,0.449948319522511,2021-12-13,3
IEM_Health-CovidProject,PT,Cases,0.344616739028195,2021-12-13,3
IEM_Health-CovidProject,PT,Deaths,0.356980868993696,2021-12-13,3
ILM-EKF,BG,Cases,0.365249996824559,2021-12-13,3
ILM-EKF,BG,Deaths,0.294545599727443,2021-12-13,3
ILM-EKF,CY,Cases,0.330704979390333,2021-12-13,3
ILM-EKF,EE,Cases,0.45708468523239,2021-12-13,3
ILM-EKF,EE,Deaths,0.21059778996708,2021-12-13,3
ILM-EKF,ES,Cases,0.279958999451583,2021-12-13,3
ILM-EKF,FI,Cases,0.345025666460515,2021-12-13,3
ILM-EKF,FI,Deaths,0.337046856312137,2021-12-13,3
ILM-EKF,HU,Cases,0.131449875523009,2021-12-13,3
ILM-EKF,IT,Cases,0.21443505245154,2021-12-13,3
ILM-EKF,LT,Cases,0.344396979358158,2021-12-13,3
ILM-EKF,LV,Cases,0.316545079014696,2021-12-13,3
ILM-EKF,LV,Deaths,0.341706431088653,2021-12-13,3
ILM-EKF,NO,Cases,0.334089157108608,2021-12-13,3
ILM-EKF,PT,Cases,0.260037733274546,2021-12-13,3
ILM-EKF,RO,Cases,0.535985189638672,2021-12-13,3
ILM-EKF,RO,Deaths,0.416018263760474,2021-12-13,3
ILM-EKF,SK,Cases,0.293394990390267,2021-12-13,3
MUNI-ARIMA,AT,Cases,0.393251574796572,2021-12-13,3
MUNI-ARIMA,AT,Deaths,0.394452531310686,2021-12-13,3
MUNI-ARIMA,BE,Cases,0.32367515913029,2021-12-13,3
MUNI-ARIMA,BE,Deaths,0.461004773447248,2021-12-13,3
MUNI-ARIMA,BG,Cases,0.232065688533932,2021-12-13,3
MUNI-ARIMA,ES,Cases,0.292232920445745,2021-12-13,3
MUNI-ARIMA,GR,Cases,0.389117625107428,2021-12-13,3
MUNI-ARIMA,GR,Deaths,0.329643638289095,2021-12-13,3
MUNI-ARIMA,HR,Cases,0.473368723798035,2021-12-13,3
MUNI-ARIMA,HR,Deaths,0.340242224217031,2021-12-13,3
MUNI-ARIMA,HU,Cases,0.436434290954808,2021-12-13,3
MUNI-ARIMA,HU,Deaths,0.36791645714371,2021-12-13,3
MUNI-ARIMA,IT,Cases,0.284189215294547,2021-12-13,3
MUNI-ARIMA,LT,Cases,0.254362856599207,2021-12-13,3
MUNI-ARIMA,LT,Deaths,0.382060127531558,2021-12-13,3
MUNI-ARIMA,MT,Cases,0.357625014501124,2021-12-13,3
MUNI-ARIMA,PT,Cases,0.395345527697259,2021-12-13,3
MUNI-ARIMA,PT,Deaths,0.229500233938774,2021-12-13,3
MUNI-ARIMA,RO,Cases,0.298608662040269,2021-12-13,3
MUNI-ARIMA,SI,Cases,0.433663269396673,2021-12-13,3
MUNI-ARIMA,SI,Deaths,0.330225887006988,2021-12-13,3
MUNI-ARIMA,SK,Cases,0.360680675785219,2021-12-13,3
MUNI-ARIMA,SK,Deaths,0.445828197289964,2021-12-13,3
MUNI-LaggedRegARIMA,BE,Deaths,0.287304082104655,2021-12-13,3
MUNI-LaggedRegARIMA,EE,Deaths,0.304042669990216,2021-12-13,3
MUNI-LaggedRegARIMA,GR,Deaths,0.31133045103961,2021-12-13,3
MUNI-LaggedRegARIMA,IT,Deaths,0.243135414139572,2021-12-13,3
MUNI-LaggedRegARIMA,LU,Deaths,0.262645954793139,2021-12-13,3
MUNI-LaggedRegARIMA,MT,Deaths,0.281317336670882,2021-12-13,3
MUNI-LaggedRegARIMA,RO,Deaths,0.338732273256022,2021-12-13,3
MUNI-LaggedRegARIMA,SK,Deaths,0.264610308085706,2021-12-13,3
MUNI-VAR,AT,Cases,0.190931014734986,2021-12-13,3
MUNI-VAR,AT,Deaths,0.243717903783137,2021-12-13,3
MUNI-VAR,BE,Cases,0.275250393506274,2021-12-13,3
MUNI-VAR,BG,Cases,0.402684314641509,2021-12-13,3
MUNI-VAR,BG,Deaths,0.360550468687896,2021-12-13,3
MUNI-VAR,CY,Cases,0.247980631549128,2021-12-13,3
MUNI-VAR,CY,Deaths,0.311485617669712,2021-12-13,3
MUNI-VAR,ES,Cases,0.427808080102672,2021-12-13,3
MUNI-VAR,GR,Cases,0.467988683655925,2021-12-13,3
MUNI-VAR,HR,Cases,0.256702147724673,2021-12-13,3
MUNI-VAR,IT,Deaths,0.47057082572726,2021-12-13,3
MUNI-VAR,LU,Deaths,0.36079698405043,2021-12-13,3
MUNI-VAR,LV,Deaths,0.162353036474695,2021-12-13,3
MUNI-VAR,MT,Cases,0.389405666438473,2021-12-13,3
MUNI-VAR,MT,Deaths,0.370793427928656,2021-12-13,3
MUNI-VAR,NO,Cases,0.215962523368881,2021-12-13,3
MUNI-VAR,RO,Deaths,0.245249462983504,2021-12-13,3
MUNI-VAR,SI,Cases,0.281494632996737,2021-12-13,3
MUNI-VAR,SI,Deaths,0.337069660830326,2021-12-13,3
RobertWalraven-ESG,AT,Cases,0.415817410468442,2021-12-13,3
RobertWalraven-ESG,BE,Cases,0.401074447363436,2021-12-13,3
RobertWalraven-ESG,BE,Deaths,0.251691144448097,2021-12-13,3
RobertWalraven-ESG,CY,Deaths,0.307298686834392,2021-12-13,3
RobertWalraven-ESG,EE,Cases,0.178357602651883,2021-12-13,3
RobertWalraven-ESG,FI,Cases,0.155346233896995,2021-12-13,3
RobertWalraven-ESG,FI,Deaths,0.329306204035903,2021-12-13,3
RobertWalraven-ESG,GR,Cases,0.142893691236648,2021-12-13,3
RobertWalraven-ESG,HR,Cases,0.269929128477292,2021-12-13,3
RobertWalraven-ESG,HR,Deaths,0.36170376622588,2021-12-13,3
RobertWalraven-ESG,HU,Cases,0.432115833522183,2021-12-13,3
RobertWalraven-ESG,HU,Deaths,0.238344941971709,2021-12-13,3
RobertWalraven-ESG,IT,Deaths,0.286293760133168,2021-12-13,3
RobertWalraven-ESG,LU,Deaths,0.376557061156431,2021-12-13,3
RobertWalraven-ESG,LV,Cases,0.210857594369672,2021-12-13,3
RobertWalraven-ESG,MT,Cases,0.252969319060403,2021-12-13,3
RobertWalraven-ESG,MT,Deaths,0.347889235400462,2021-12-13,3
RobertWalraven-ESG,RO,Cases,0.165406148321059,2021-12-13,3
RobertWalraven-ESG,SK,Cases,0.345924333824514,2021-12-13,3
RobertWalraven-ESG,SK,Deaths,0.28956149462433,2021-12-13,3
ULZF-SEIRC19SI,SI,Cases,0.28484209760659,2021-12-13,3
UMass-MechBayes,AT,Deaths,0.361829564906177,2021-12-13,3
UMass-MechBayes,BG,Deaths,0.34490393158466,2021-12-13,3
UMass-MechBayes,CY,Deaths,0.381215695495897,2021-12-13,3
UMass-MechBayes,EE,Deaths,0.485359540042703,2021-12-13,3
UMass-MechBayes,GR,Deaths,0.359025910671296,2021-12-13,3
UMass-MechBayes,HR,Deaths,0.298054009557089,2021-12-13,3
UMass-MechBayes,HU,Deaths,0.393738600884581,2021-12-13,3
UMass-MechBayes,LT,Deaths,0.39903055504486,2021-12-13,3
UMass-MechBayes,LV,Deaths,0.495940532436653,2021-12-13,3
UMass-MechBayes,PT,Deaths,0.41351889706753,2021-12-13,3
UMass-MechBayes,SI,Deaths,0.332704452162686,2021-12-13,3
IEM_Health-CovidProject,CY,Cases,0.390887961520281,2021-12-20,3
IEM_Health-CovidProject,EE,Cases,0.435858672793737,2021-12-20,3
IEM_Health-CovidProject,ES,Cases,0.489300583366662,2021-12-20,3
IEM_Health-CovidProject,FI,Cases,0.654511383276913,2021-12-20,3
IEM_Health-CovidProject,IT,Cases,0.535570803622263,2021-12-20,3
IEM_Health-CovidProject,IT,Deaths,0.2864154418646,2021-12-20,3
IEM_Health-CovidProject,LT,Cases,0.424878646181662,2021-12-20,3
IEM_Health-CovidProject,LT,Deaths,0.336130780018073,2021-12-20,3
IEM_Health-CovidProject,LV,Cases,0.481103377244067,2021-12-20,3
IEM_Health-CovidProject,MT,Cases,0.362342888206934,2021-12-20,3
IEM_Health-CovidProject,NO,Cases,0.420576166039696,2021-12-20,3
IEM_Health-CovidProject,RO,Cases,0.36633424614945,2021-12-20,3
MUNI-ARIMA,AT,Cases,0.301099650807414,2021-12-20,3
MUNI-ARIMA,BE,Cases,0.426668463459436,2021-12-20,3
MUNI-ARIMA,BE,Deaths,0.446063490100415,2021-12-20,3
MUNI-ARIMA,BG,Cases,0.299699290394194,2021-12-20,3
MUNI-ARIMA,EE,Cases,0.284091970250912,2021-12-20,3
MUNI-ARIMA,FI,Cases,0.167534118333763,2021-12-20,3
MUNI-ARIMA,FI,Deaths,0.36374873703757,2021-12-20,3
MUNI-ARIMA,GR,Cases,0.304785970520524,2021-12-20,3
MUNI-ARIMA,GR,Deaths,0.353083065022303,2021-12-20,3
MUNI-ARIMA,HR,Cases,0.325237084493223,2021-12-20,3
MUNI-ARIMA,HR,Deaths,0.446532015363441,2021-12-20,3
MUNI-ARIMA,HU,Cases,0.305342003384465,2021-12-20,3
MUNI-ARIMA,HU,Deaths,0.197155449257417,2021-12-20,3
MUNI-ARIMA,IT,Cases,0.236519976974081,2021-12-20,3
MUNI-ARIMA,LV,Cases,0.265048011855456,2021-12-20,3
MUNI-ARIMA,MT,Cases,0.381149464816463,2021-12-20,3
MUNI-ARIMA,MT,Deaths,0.315551674314948,2021-12-20,3
MUNI-ARIMA,PT,Cases,0.433399156353083,2021-12-20,3
MUNI-ARIMA,PT,Deaths,0.302499682575793,2021-12-20,3
MUNI-ARIMA,RO,Cases,0.322167060799131,2021-12-20,3
MUNI-ARIMA,RO,Deaths,0.312431495934187,2021-12-20,3
MUNI-ARIMA,SI,Cases,0.347042273537434,2021-12-20,3
MUNI-ARIMA,SK,Cases,0.309942621822758,2021-12-20,3
MUNI-ARIMA,SK,Deaths,0.406180624970884,2021-12-20,3
MUNI-LaggedRegARIMA,AT,Deaths,0.33786929949151,2021-12-20,3
MUNI-LaggedRegARIMA,BE,Deaths,0.305577971545935,2021-12-20,3
MUNI-LaggedRegARIMA,EE,Deaths,0.367282617457595,2021-12-20,3
MUNI-LaggedRegARIMA,GR,Deaths,0.348644988744833,2021-12-20,3
MUNI-LaggedRegARIMA,IT,Deaths,0.302209653335712,2021-12-20,3
MUNI-LaggedRegARIMA,LU,Deaths,0.34171540220811,2021-12-20,3
MUNI-LaggedRegARIMA,MT,Deaths,0.283385311056059,2021-12-20,3
MUNI-LaggedRegARIMA,RO,Deaths,0.368223854783762,2021-12-20,3
MUNI-LaggedRegARIMA,SI,Deaths,0.271834885610142,2021-12-20,3
MUNI-LaggedRegARIMA,SK,Deaths,0.29756448884482,2021-12-20,3
MUNI-VAR,BG,Cases,0.427152109468641,2021-12-20,3
MUNI-VAR,BG,Deaths,0.459156554681977,2021-12-20,3
MUNI-VAR,CY,Cases,0.379741738967277,2021-12-20,3
MUNI-VAR,CY,Deaths,0.292009971884475,2021-12-20,3
MUNI-VAR,ES,Cases,0.298187789221342,2021-12-20,3
MUNI-VAR,GR,Cases,0.36986202246469,2021-12-20,3
MUNI-VAR,HR,Cases,0.386530438169181,2021-12-20,3
MUNI-VAR,IT,Deaths,0.411374904799688,2021-12-20,3
MUNI-VAR,LV,Deaths,0.306280787158294,2021-12-20,3
MUNI-VAR,NO,Cases,0.393786418545471,2021-12-20,3
MUNI-VAR,PT,Cases,0.305427445645045,2021-12-20,3
MUNI-VAR,PT,Deaths,0.30774211807766,2021-12-20,3
MUNI-VAR,RO,Deaths,0.319344649282051,2021-12-20,3
MUNI-VAR,SI,Cases,0.286202706380842,2021-12-20,3
MUNI-VAR,SI,Deaths,0.371238261727144,2021-12-20,3
RobertWalraven-ESG,AT,Cases,0.310102698900542,2021-12-20,3
RobertWalraven-ESG,BE,Cases,0.317060341583565,2021-12-20,3
RobertWalraven-ESG,BE,Deaths,0.24835853835365,2021-12-20,3
RobertWalraven-ESG,BG,Deaths,0.262385383178256,2021-12-20,3
RobertWalraven-ESG,CY,Cases,0.229370299512443,2021-12-20,3
RobertWalraven-ESG,FI,Cases,0.177954498389324,2021-12-20,3
RobertWalraven-ESG,FI,Deaths,0.322230762935497,2021-12-20,3
RobertWalraven-ESG,GR,Deaths,0.298271946232864,2021-12-20,3
RobertWalraven-ESG,HU,Cases,0.382444034404117,2021-12-20,3
RobertWalraven-ESG,HU,Deaths,0.562384725331908,2021-12-20,3
RobertWalraven-ESG,LT,Cases,0.266333488942545,2021-12-20,3
RobertWalraven-ESG,LT,Deaths,0.32870171555758,2021-12-20,3
RobertWalraven-ESG,LU,Deaths,0.372972461226635,2021-12-20,3
RobertWalraven-ESG,LV,Cases,0.253848610900477,2021-12-20,3
RobertWalraven-ESG,MT,Deaths,0.401063014628993,2021-12-20,3
RobertWalraven-ESG,PT,Deaths,0.389758199346548,2021-12-20,3
RobertWalraven-ESG,SK,Cases,0.347513593644587,2021-12-20,3
RobertWalraven-ESG,SK,Deaths,0.296254886184297,2021-12-20,3
ULZF-SEIRC19SI,SI,Cases,0.366755020081725,2021-12-20,3
UMass-MechBayes,AT,Deaths,0.388941488985612,2021-12-20,3
UMass-MechBayes,BG,Deaths,0.278458062139767,2021-12-20,3
UMass-MechBayes,CY,Deaths,0.423087057864694,2021-12-20,3
UMass-MechBayes,EE,Deaths,0.330620401515631,2021-12-20,3
UMass-MechBayes,FI,Deaths,0.314020500026933,2021-12-20,3
UMass-MechBayes,HR,Deaths,0.2593854279004,2021-12-20,3
UMass-MechBayes,HU,Deaths,0.240459825410675,2021-12-20,3
UMass-MechBayes,LV,Deaths,0.421657522871812,2021-12-20,3
UMass-MechBayes,SI,Deaths,0.356926852662714,2021-12-20,3
epiforecasts-EpiNow2,AT,Cases,0.388797650292044,2021-12-20,3
epiforecasts-EpiNow2,AT,Deaths,0.273189211522878,2021-12-20,3
epiforecasts-EpiNow2,BE,Cases,0.256271194956999,2021-12-20,3
epiforecasts-EpiNow2,BG,Cases,0.273148600137164,2021-12-20,3
epiforecasts-EpiNow2,CY,Deaths,0.284902970250831,2021-12-20,3
epiforecasts-EpiNow2,EE,Cases,0.280049356955351,2021-12-20,3
epiforecasts-EpiNow2,EE,Deaths,0.302096981026774,2021-12-20,3
epiforecasts-EpiNow2,ES,Cases,0.212511627411996,2021-12-20,3
epiforecasts-EpiNow2,GR,Cases,0.325352007014786,2021-12-20,3
epiforecasts-EpiNow2,HR,Cases,0.288232477337596,2021-12-20,3
epiforecasts-EpiNow2,HR,Deaths,0.29408255673616,2021-12-20,3
epiforecasts-EpiNow2,HU,Cases,0.312213962211417,2021-12-20,3
epiforecasts-EpiNow2,IT,Cases,0.227909219403656,2021-12-20,3
epiforecasts-EpiNow2,LT,Cases,0.308787864875793,2021-12-20,3
epiforecasts-EpiNow2,LT,Deaths,0.335167504424347,2021-12-20,3
epiforecasts-EpiNow2,LU,Deaths,0.285312136565255,2021-12-20,3
epiforecasts-EpiNow2,LV,Deaths,0.272061689969894,2021-12-20,3
epiforecasts-EpiNow2,MT,Cases,0.256507646976604,2021-12-20,3
epiforecasts-EpiNow2,NO,Cases,0.185637415414833,2021-12-20,3
epiforecasts-EpiNow2,PT,Cases,0.261173398001872,2021-12-20,3
epiforecasts-EpiNow2,RO,Cases,0.311498693051419,2021-12-20,3
epiforecasts-EpiNow2,SK,Cases,0.342543784532656,2021-12-20,3
IEM_Health-CovidProject,CY,Cases,0.344438490596993,2021-12-27,3
IEM_Health-CovidProject,EE,Cases,0.258824892174936,2021-12-27,3
IEM_Health-CovidProject,ES,Cases,0.338758812787558,2021-12-27,3
IEM_Health-CovidProject,FI,Cases,0.433090650086376,2021-12-27,3
IEM_Health-CovidProject,IT,Cases,0.339849384804135,2021-12-27,3
IEM_Health-CovidProject,IT,Deaths,0.297405938828994,2021-12-27,3
IEM_Health-CovidProject,LT,Cases,0.320280517675458,2021-12-27,3
IEM_Health-CovidProject,LT,Deaths,0.256597939104888,2021-12-27,3
IEM_Health-CovidProject,LV,Cases,0.411071535930398,2021-12-27,3
IEM_Health-CovidProject,MT,Cases,0.310244798092142,2021-12-27,3
IEM_Health-CovidProject,PT,Cases,0.357510631776249,2021-12-27,3
IEM_Health-CovidProject,RO,Cases,0.452565720352185,2021-12-27,3
ILM-EKF,AT,Cases,0.174217397785193,2021-12-27,3
ILM-EKF,BG,Cases,0.316604379738352,2021-12-27,3
ILM-EKF,ES,Cases,0.343025119650725,2021-12-27,3
ILM-EKF,FI,Cases,0.379113029624487,2021-12-27,3
ILM-EKF,HR,Cases,0.29468886532884,2021-12-27,3
ILM-EKF,IT,Cases,0.354223914026022,2021-12-27,3
ILM-EKF,LV,Deaths,0.313772087289356,2021-12-27,3
ILM-EKF,MT,Cases,0.393171381281026,2021-12-27,3
ILM-EKF,PT,Cases,0.300236004755407,2021-12-27,3
ILM-EKF,RO,Cases,0.291200878734525,2021-12-27,3
ILM-EKF,SI,Cases,0.176317127434688,2021-12-27,3
MUNI-ARIMA,BE,Cases,0.328928153380788,2021-12-27,3
MUNI-ARIMA,BE,Deaths,0.277693452776036,2021-12-27,3
MUNI-ARIMA,BG,Cases,0.39085530677791,2021-12-27,3
MUNI-ARIMA,EE,Cases,0.379344697029681,2021-12-27,3
MUNI-ARIMA,FI,Deaths,0.458691596230306,2021-12-27,3
MUNI-ARIMA,GR,Deaths,0.340392677365938,2021-12-27,3
MUNI-ARIMA,HR,Cases,0.380951339291662,2021-12-27,3
MUNI-ARIMA,HR,Deaths,0.325889083669259,2021-12-27,3
MUNI-ARIMA,HU,Cases,0.274943030367993,2021-12-27,3
MUNI-ARIMA,LT,Cases,0.305140850714995,2021-12-27,3
MUNI-ARIMA,LU,Deaths,0.291234115176073,2021-12-27,3
MUNI-ARIMA,LV,Cases,0.346138871221703,2021-12-27,3
MUNI-ARIMA,MT,Deaths,0.290465278900215,2021-12-27,3
MUNI-ARIMA,NO,Cases,0.354888537330674,2021-12-27,3
MUNI-ARIMA,RO,Deaths,0.318089992745792,2021-12-27,3
MUNI-ARIMA,SI,Cases,0.348633257809358,2021-12-27,3
MUNI-ARIMA,SK,Cases,0.197844492453543,2021-12-27,3
MUNI-ARIMA,SK,Deaths,0.226158666694735,2021-12-27,3
MUNI-LaggedRegARIMA,AT,Deaths,0.29110531993608,2021-12-27,3
MUNI-LaggedRegARIMA,BE,Deaths,0.317961496801384,2021-12-27,3
MUNI-LaggedRegARIMA,BG,Deaths,0.303328186091602,2021-12-27,3
MUNI-LaggedRegARIMA,EE,Deaths,0.364752518938848,2021-12-27,3
MUNI-LaggedRegARIMA,GR,Deaths,0.374998756486646,2021-12-27,3
MUNI-LaggedRegARIMA,HU,Deaths,0.314369404797707,2021-12-27,3
MUNI-LaggedRegARIMA,LT,Deaths,0.332021728774929,2021-12-27,3
MUNI-LaggedRegARIMA,PT,Deaths,0.374764110665575,2021-12-27,3
MUNI-LaggedRegARIMA,RO,Deaths,0.371319193063665,2021-12-27,3
MUNI-LaggedRegARIMA,SI,Deaths,0.261417736312797,2021-12-27,3
MUNI-LaggedRegARIMA,SK,Deaths,0.393454070954946,2021-12-27,3
MUNI-VAR,AT,Cases,0.14860929341609,2021-12-27,3
MUNI-VAR,BG,Cases,0.292540313483739,2021-12-27,3
MUNI-VAR,BG,Deaths,0.409460659546717,2021-12-27,3
MUNI-VAR,CY,Cases,0.385578445408489,2021-12-27,3
MUNI-VAR,CY,Deaths,0.292311390040475,2021-12-27,3
MUNI-VAR,FI,Cases,0.187796320289137,2021-12-27,3
MUNI-VAR,GR,Cases,0.320452187290086,2021-12-27,3
MUNI-VAR,HU,Cases,0.227152949101789,2021-12-27,3
MUNI-VAR,IT,Deaths,0.435961472018523,2021-12-27,3
MUNI-VAR,LV,Cases,0.242789592847899,2021-12-27,3
MUNI-VAR,LV,Deaths,0.289987713216194,2021-12-27,3
MUNI-VAR,MT,Deaths,0.287237320603962,2021-12-27,3
MUNI-VAR,NO,Cases,0.408553357519531,2021-12-27,3
MUNI-VAR,PT,Deaths,0.315791516658247,2021-12-27,3
MUNI-VAR,RO,Cases,0.256233400913289,2021-12-27,3
MUNI-VAR,RO,Deaths,0.310590814190543,2021-12-27,3
MUNI-VAR,SI,Deaths,0.453352530605176,2021-12-27,3
RobertWalraven-ESG,BE,Cases,0.220676152412116,2021-12-27,3
RobertWalraven-ESG,BE,Deaths,0.40434505042258,2021-12-27,3
RobertWalraven-ESG,BG,Deaths,0.287211154361681,2021-12-27,3
RobertWalraven-ESG,CY,Cases,0.269983063994518,2021-12-27,3
RobertWalraven-ESG,CY,Deaths,0.30193823172516,2021-12-27,3
RobertWalraven-ESG,FI,Deaths,0.222090701438003,2021-12-27,3
RobertWalraven-ESG,GR,Cases,0.344586517610788,2021-12-27,3
RobertWalraven-ESG,HU,Deaths,0.368037055253705,2021-12-27,3
RobertWalraven-ESG,LU,Deaths,0.375708380348671,2021-12-27,3
RobertWalraven-ESG,MT,Deaths,0.422297400495824,2021-12-27,3
RobertWalraven-ESG,NO,Cases,0.236558105149795,2021-12-27,3
RobertWalraven-ESG,PT,Deaths,0.309444372676178,2021-12-27,3
RobertWalraven-ESG,SK,Cases,0.142846407958745,2021-12-27,3
ULZF-SEIRC19SI,SI,Cases,0.475049614755955,2021-12-27,3
UMass-MechBayes,AT,Deaths,0.26288749724224,2021-12-27,3
UMass-MechBayes,CY,Deaths,0.405750378234365,2021-12-27,3
UMass-MechBayes,EE,Deaths,0.275914006546937,2021-12-27,3
UMass-MechBayes,FI,Deaths,0.319217702331691,2021-12-27,3
UMass-MechBayes,HR,Deaths,0.295646783934709,2021-12-27,3
UMass-MechBayes,HU,Deaths,0.317593539948587,2021-12-27,3
UMass-MechBayes,IT,Deaths,0.266632589152483,2021-12-27,3
UMass-MechBayes,LU,Deaths,0.333057504475256,2021-12-27,3
UMass-MechBayes,LV,Deaths,0.39624019949445,2021-12-27,3
UMass-MechBayes,SI,Deaths,0.285229733082026,2021-12-27,3
UMass-MechBayes,SK,Deaths,0.380387262350319,2021-12-27,3
epiforecasts-EpiNow2,AT,Cases,0.677173308798718,2021-12-27,3
epiforecasts-EpiNow2,AT,Deaths,0.44600718282168,2021-12-27,3
epiforecasts-EpiNow2,BE,Cases,0.450395694207096,2021-12-27,3
epiforecasts-EpiNow2,EE,Cases,0.361830410795383,2021-12-27,3
epiforecasts-EpiNow2,EE,Deaths,0.359333474514215,2021-12-27,3
epiforecasts-EpiNow2,ES,Cases,0.318216067561716,2021-12-27,3
epiforecasts-EpiNow2,GR,Cases,0.334961295099126,2021-12-27,3
epiforecasts-EpiNow2,GR,Deaths,0.284608566147416,2021-12-27,3
epiforecasts-EpiNow2,HR,Cases,0.324359795379498,2021-12-27,3
epiforecasts-EpiNow2,HR,Deaths,0.378464132396032,2021-12-27,3
epiforecasts-EpiNow2,HU,Cases,0.497904020530218,2021-12-27,3
epiforecasts-EpiNow2,IT,Cases,0.305926701169843,2021-12-27,3
epiforecasts-EpiNow2,LT,Cases,0.374578631609547,2021-12-27,3
epiforecasts-EpiNow2,LT,Deaths,0.411380332120183,2021-12-27,3
epiforecasts-EpiNow2,MT,Cases,0.296583820626832,2021-12-27,3
epiforecasts-EpiNow2,PT,Cases,0.342253363468344,2021-12-27,3
epiforecasts-EpiNow2,SK,Cases,0.659309099587712,2021-12-27,3
IEM_Health-CovidProject,BG,Cases,0.391354440244691,2022-01-03,3
IEM_Health-CovidProject,CY,Cases,0.308415533567106,2022-01-03,3
IEM_Health-CovidProject,EE,Cases,0.328663020270681,2022-01-03,3
IEM_Health-CovidProject,ES,Cases,0.369482990809454,2022-01-03,3
IEM_Health-CovidProject,FI,Cases,0.353038637599559,2022-01-03,3
IEM_Health-CovidProject,GR,Cases,0.35685362161653,2022-01-03,3
IEM_Health-CovidProject,HR,Cases,0.349962004281976,2022-01-03,3
IEM_Health-CovidProject,IT,Cases,0.318379855680462,2022-01-03,3
IEM_Health-CovidProject,IT,Deaths,0.388681835361069,2022-01-03,3
IEM_Health-CovidProject,LT,Cases,0.439089357682143,2022-01-03,3
IEM_Health-CovidProject,LV,Cases,0.483878765574117,2022-01-03,3
IEM_Health-CovidProject,MT,Cases,0.365859018452144,2022-01-03,3
IEM_Health-CovidProject,MT,Deaths,0.310423374857989,2022-01-03,3
IEM_Health-CovidProject,NO,Cases,0.250972715722731,2022-01-03,3
IEM_Health-CovidProject,PT,Cases,0.3561681710177,2022-01-03,3
IEM_Health-CovidProject,RO,Cases,0.423624874186918,2022-01-03,3
IEM_Health-CovidProject,RO,Deaths,0.402497583589339,2022-01-03,3
IEM_Health-CovidProject,SI,Cases,0.365687950982917,2022-01-03,3
ILM-EKF,AT,Cases,0.321904761731923,2022-01-03,3
ILM-EKF,AT,Deaths,0.170737494508278,2022-01-03,3
ILM-EKF,BE,Cases,0.23875120798638,2022-01-03,3
ILM-EKF,BG,Cases,0.32013621639898,2022-01-03,3
ILM-EKF,BG,Deaths,0.309335100956491,2022-01-03,3
ILM-EKF,CY,Cases,0.257730973867532,2022-01-03,3
ILM-EKF,EE,Cases,0.243853060893457,2022-01-03,3
ILM-EKF,EE,Deaths,0.223760238420647,2022-01-03,3
ILM-EKF,ES,Cases,0.28492644821734,2022-01-03,3
ILM-EKF,FI,Cases,0.308609200003086,2022-01-03,3
ILM-EKF,GR,Cases,0.288375414758103,2022-01-03,3
ILM-EKF,GR,Deaths,0.194369681574277,2022-01-03,3
ILM-EKF,HR,Cases,0.293174973460851,2022-01-03,3
ILM-EKF,HR,Deaths,0.207785272824483,2022-01-03,3
ILM-EKF,HU,Cases,0.170088125334329,2022-01-03,3
ILM-EKF,HU,Deaths,0.256513699950117,2022-01-03,3
ILM-EKF,IT,Cases,0.320788705980889,2022-01-03,3
ILM-EKF,LT,Cases,0.257835619269199,2022-01-03,3
ILM-EKF,LT,Deaths,0.24259542040736,2022-01-03,3
ILM-EKF,LV,Cases,0.235505084706303,2022-01-03,3
ILM-EKF,LV,Deaths,0.298273457007251,2022-01-03,3
ILM-EKF,MT,Cases,0.338887902316684,2022-01-03,3
ILM-EKF,PT,Cases,0.321311842948816,2022-01-03,3
ILM-EKF,RO,Cases,0.264378595593244,2022-01-03,3
ILM-EKF,RO,Deaths,0.255689092035426,2022-01-03,3
ILM-EKF,SI,Cases,0.242287866871591,2022-01-03,3
ILM-EKF,SI,Deaths,0.211899286196707,2022-01-03,3
ILM-EKF,SK,Cases,0.207177579537126,2022-01-03,3
ILM-EKF,SK,Deaths,0.221960851526358,2022-01-03,3
MUNI-ARIMA,BE,Deaths,0.247166660023082,2022-01-03,3
MUNI-ARIMA,BG,Deaths,0.343783161788535,2022-01-03,3
MUNI-ARIMA,CY,Deaths,0.268937551661671,2022-01-03,3
MUNI-ARIMA,EE,Deaths,0.413702713480345,2022-01-03,3
MUNI-ARIMA,FI,Deaths,0.334636147688448,2022-01-03,3
MUNI-ARIMA,GR,Deaths,0.400488319345218,2022-01-03,3
MUNI-ARIMA,HR,Deaths,0.386655364695811,2022-01-03,3
MUNI-ARIMA,LU,Deaths,0.235744843579335,2022-01-03,3
MUNI-ARIMA,PT,Deaths,0.341620337888023,2022-01-03,3
RobertWalraven-ESG,AT,Cases,0.217064541636566,2022-01-03,3
RobertWalraven-ESG,BE,Cases,0.269520855832847,2022-01-03,3
RobertWalraven-ESG,BE,Deaths,0.403813218627078,2022-01-03,3
RobertWalraven-ESG,BG,Deaths,0.346881737254974,2022-01-03,3
RobertWalraven-ESG,CY,Deaths,0.426755436654074,2022-01-03,3
RobertWalraven-ESG,FI,Deaths,0.325536522448365,2022-01-03,3
RobertWalraven-ESG,HR,Cases,0.356863022257174,2022-01-03,3
RobertWalraven-ESG,HU,Cases,0.185101124935137,2022-01-03,3
RobertWalraven-ESG,HU,Deaths,0.399390344489645,2022-01-03,3
RobertWalraven-ESG,IT,Deaths,0.328528130436903,2022-01-03,3
RobertWalraven-ESG,LU,Deaths,0.417864211751063,2022-01-03,3
RobertWalraven-ESG,MT,Deaths,0.332607955764464,2022-01-03,3
RobertWalraven-ESG,NO,Cases,0.450416241032345,2022-01-03,3
RobertWalraven-ESG,PT,Deaths,0.45091910203138,2022-01-03,3
RobertWalraven-ESG,SK,Cases,0.193011468501249,2022-01-03,3
RobertWalraven-ESG,SK,Deaths,0.166102599209655,2022-01-03,3
ULZF-SEIRC19SI,SI,Cases,0.392024182145492,2022-01-03,3
ULZF-SEIRC19SI,SI,Deaths,0.255479519827247,2022-01-03,3
UMass-MechBayes,AT,Deaths,0.498473080676606,2022-01-03,3
UMass-MechBayes,BE,Deaths,0.349020121349839,2022-01-03,3
UMass-MechBayes,CY,Deaths,0.304307011684255,2022-01-03,3
UMass-MechBayes,FI,Deaths,0.339827329863188,2022-01-03,3
UMass-MechBayes,GR,Deaths,0.405141999080506,2022-01-03,3
UMass-MechBayes,HR,Deaths,0.405559362479706,2022-01-03,3
UMass-MechBayes,IT,Deaths,0.282790034202028,2022-01-03,3
UMass-MechBayes,LT,Deaths,0.255166915822718,2022-01-03,3
UMass-MechBayes,LU,Deaths,0.346390944669602,2022-01-03,3
UMass-MechBayes,LV,Deaths,0.377506051580161,2022-01-03,3
UMass-MechBayes,MT,Deaths,0.356968669377547,2022-01-03,3
UMass-MechBayes,PT,Deaths,0.207460560080597,2022-01-03,3
UMass-MechBayes,SI,Deaths,0.532621193976046,2022-01-03,3
UMass-MechBayes,SK,Deaths,0.611936549263987,2022-01-03,3
epiforecasts-EpiNow2,AT,Cases,0.461030696631511,2022-01-03,3
epiforecasts-EpiNow2,AT,Deaths,0.330789424815117,2022-01-03,3
epiforecasts-EpiNow2,BE,Cases,0.491727936180772,2022-01-03,3
epiforecasts-EpiNow2,BG,Cases,0.288509343356329,2022-01-03,3
epiforecasts-EpiNow2,CY,Cases,0.433853492565362,2022-01-03,3
epiforecasts-EpiNow2,EE,Cases,0.427483918835862,2022-01-03,3
epiforecasts-EpiNow2,EE,Deaths,0.362537048099008,2022-01-03,3
epiforecasts-EpiNow2,ES,Cases,0.345590560973206,2022-01-03,3
epiforecasts-EpiNow2,FI,Cases,0.338352162397356,2022-01-03,3
epiforecasts-EpiNow2,GR,Cases,0.354770963625367,2022-01-03,3
epiforecasts-EpiNow2,HU,Cases,0.644810749730533,2022-01-03,3
epiforecasts-EpiNow2,HU,Deaths,0.344095955560237,2022-01-03,3
epiforecasts-EpiNow2,IT,Cases,0.360831438338649,2022-01-03,3
epiforecasts-EpiNow2,LT,Cases,0.303075023048658,2022-01-03,3
epiforecasts-EpiNow2,LT,Deaths,0.502237663769921,2022-01-03,3
epiforecasts-EpiNow2,LV,Cases,0.28061614971958,2022-01-03,3
epiforecasts-EpiNow2,LV,Deaths,0.324220491412588,2022-01-03,3
epiforecasts-EpiNow2,MT,Cases,0.295253079231172,2022-01-03,3
epiforecasts-EpiNow2,NO,Cases,0.298611043244925,2022-01-03,3
epiforecasts-EpiNow2,PT,Cases,0.322519986033484,2022-01-03,3
epiforecasts-EpiNow2,RO,Cases,0.311996530219838,2022-01-03,3
epiforecasts-EpiNow2,RO,Deaths,0.341813324375236,2022-01-03,3
epiforecasts-EpiNow2,SK,Cases,0.599810951961625,2022-01-03,3
IEM_Health-CovidProject,AT,Cases,0.337815414633679,2022-01-10,3
IEM_Health-CovidProject,BG,Cases,0.366469381080366,2022-01-10,3
IEM_Health-CovidProject,CY,Cases,0.294904190353712,2022-01-10,3
IEM_Health-CovidProject,EE,Cases,0.27597284562429,2022-01-10,3
IEM_Health-CovidProject,EE,Deaths,0.335487839862616,2022-01-10,3
IEM_Health-CovidProject,ES,Cases,0.428895950307321,2022-01-10,3
IEM_Health-CovidProject,FI,Cases,0.339937144293132,2022-01-10,3
IEM_Health-CovidProject,GR,Cases,0.328128927795763,2022-01-10,3
IEM_Health-CovidProject,HR,Cases,0.416534843461761,2022-01-10,3
IEM_Health-CovidProject,IT,Cases,0.359429441347166,2022-01-10,3
IEM_Health-CovidProject,IT,Deaths,0.395284195954385,2022-01-10,3
IEM_Health-CovidProject,LT,Cases,0.4224556684281,2022-01-10,3
IEM_Health-CovidProject,LV,Cases,0.422646660762008,2022-01-10,3
IEM_Health-CovidProject,LV,Deaths,0.325605010627801,2022-01-10,3
IEM_Health-CovidProject,MT,Cases,0.351339784298537,2022-01-10,3
IEM_Health-CovidProject,NO,Cases,0.249075722349103,2022-01-10,3
IEM_Health-CovidProject,PT,Cases,0.377585545537665,2022-01-10,3
IEM_Health-CovidProject,RO,Cases,0.373849117134444,2022-01-10,3
IEM_Health-CovidProject,RO,Deaths,0.339343149371916,2022-01-10,3
IEM_Health-CovidProject,SI,Cases,0.365373513667165,2022-01-10,3
ILM-EKF,AT,Deaths,0.169949178410967,2022-01-10,3
ILM-EKF,BE,Cases,0.269231676019115,2022-01-10,3
ILM-EKF,BE,Deaths,0.202348292375987,2022-01-10,3
ILM-EKF,BG,Cases,0.263116423584823,2022-01-10,3
ILM-EKF,BG,Deaths,0.289680232738172,2022-01-10,3
ILM-EKF,CY,Cases,0.275819301767345,2022-01-10,3
ILM-EKF,EE,Cases,0.218923999390752,2022-01-10,3
ILM-EKF,ES,Cases,0.255331441902669,2022-01-10,3
ILM-EKF,FI,Cases,0.290320424404346,2022-01-10,3
ILM-EKF,FI,Deaths,0.299548940128369,2022-01-10,3
ILM-EKF,GR,Cases,0.278511322569895,2022-01-10,3
ILM-EKF,HR,Cases,0.258843199537561,2022-01-10,3
ILM-EKF,HR,Deaths,0.216539960980988,2022-01-10,3
ILM-EKF,HU,Cases,0.280435290670943,2022-01-10,3
ILM-EKF,HU,Deaths,0.280042465493867,2022-01-10,3
ILM-EKF,IT,Cases,0.276517767062949,2022-01-10,3
ILM-EKF,LT,Cases,0.252212650692438,2022-01-10,3
ILM-EKF,LT,Deaths,0.279519293177478,2022-01-10,3
ILM-EKF,LV,Cases,0.242047874069282,2022-01-10,3
ILM-EKF,MT,Cases,0.334817118392951,2022-01-10,3
ILM-EKF,PT,Cases,0.29445929016415,2022-01-10,3
ILM-EKF,RO,Cases,0.249734506974192,2022-01-10,3
ILM-EKF,RO,Deaths,0.286659551635578,2022-01-10,3
ILM-EKF,SI,Cases,0.257511226319311,2022-01-10,3
ILM-EKF,SI,Deaths,0.209070018795974,2022-01-10,3
ILM-EKF,SK,Cases,0.307486602984529,2022-01-10,3
ILM-EKF,SK,Deaths,0.18852702344814,2022-01-10,3
MUNI-ARIMA,AT,Deaths,0.151992363123103,2022-01-10,3
MUNI-ARIMA,BG,Deaths,0.338501344185156,2022-01-10,3
MUNI-ARIMA,CY,Deaths,0.264850849699214,2022-01-10,3
MUNI-ARIMA,EE,Deaths,0.347557660717869,2022-01-10,3
MUNI-ARIMA,FI,Deaths,0.344923776398345,2022-01-10,3
MUNI-ARIMA,GR,Deaths,0.342831797244039,2022-01-10,3
MUNI-ARIMA,HR,Deaths,0.315399193196226,2022-01-10,3
MUNI-ARIMA,HU,Deaths,0.297635900108972,2022-01-10,3
MUNI-ARIMA,IT,Deaths,0.300310399873976,2022-01-10,3
MUNI-ARIMA,LU,Deaths,0.229534760893484,2022-01-10,3
MUNI-ARIMA,LV,Deaths,0.348689971314994,2022-01-10,3
MUNI-ARIMA,MT,Deaths,0.260372514758035,2022-01-10,3
MUNI-ARIMA,PT,Deaths,0.295429490961961,2022-01-10,3
RobertWalraven-ESG,AT,Cases,0.308454023913914,2022-01-10,3
RobertWalraven-ESG,BE,Cases,0.341917874152724,2022-01-10,3
RobertWalraven-ESG,BE,Deaths,0.237903966288129,2022-01-10,3
RobertWalraven-ESG,CY,Deaths,0.338693493341097,2022-01-10,3
RobertWalraven-ESG,FI,Deaths,0.355527283473286,2022-01-10,3
RobertWalraven-ESG,GR,Deaths,0.18210411950027,2022-01-10,3
RobertWalraven-ESG,HR,Cases,0.324621957000678,2022-01-10,3
RobertWalraven-ESG,HU,Cases,0.34578749430476,2022-01-10,3
RobertWalraven-ESG,IT,Deaths,0.304405404171639,2022-01-10,3
RobertWalraven-ESG,LT,Cases,0.325331680879463,2022-01-10,3
RobertWalraven-ESG,LT,Deaths,0.30426529114579,2022-01-10,3
RobertWalraven-ESG,LU,Deaths,0.395051357779198,2022-01-10,3
RobertWalraven-ESG,MT,Cases,0.313843097308512,2022-01-10,3
RobertWalraven-ESG,NO,Cases,0.407847790049529,2022-01-10,3
RobertWalraven-ESG,PT,Deaths,0.472617685768085,2022-01-10,3
RobertWalraven-ESG,SK,Cases,0.250968657774667,2022-01-10,3
RobertWalraven-ESG,SK,Deaths,0.124878776770505,2022-01-10,3
ULZF-SEIRC19SI,SI,Cases,0.377115260013525,2022-01-10,3
ULZF-SEIRC19SI,SI,Deaths,0.32400789020211,2022-01-10,3
UMass-MechBayes,AT,Deaths,0.67805845846593,2022-01-10,3
UMass-MechBayes,BE,Deaths,0.559747741335884,2022-01-10,3
UMass-MechBayes,CY,Deaths,0.396455656959689,2022-01-10,3
UMass-MechBayes,EE,Deaths,0.316954499419515,2022-01-10,3
UMass-MechBayes,GR,Deaths,0.47506408325569,2022-01-10,3
UMass-MechBayes,HR,Deaths,0.468060845822786,2022-01-10,3
UMass-MechBayes,HU,Deaths,0.422321634397162,2022-01-10,3
UMass-MechBayes,LT,Deaths,0.416215415676733,2022-01-10,3
UMass-MechBayes,LU,Deaths,0.375413881327318,2022-01-10,3
UMass-MechBayes,MT,Deaths,0.431651685387764,2022-01-10,3
UMass-MechBayes,PT,Deaths,0.231952823269953,2022-01-10,3
UMass-MechBayes,RO,Deaths,0.373997298992507,2022-01-10,3
UMass-MechBayes,SI,Deaths,0.466922091001916,2022-01-10,3
UMass-MechBayes,SK,Deaths,0.686594199781355,2022-01-10,3
epiforecasts-EpiNow2,AT,Cases,0.353730561452408,2022-01-10,3
epiforecasts-EpiNow2,BE,Cases,0.388850449828162,2022-01-10,3
epiforecasts-EpiNow2,BG,Cases,0.370414195334811,2022-01-10,3
epiforecasts-EpiNow2,BG,Deaths,0.371818423076672,2022-01-10,3
epiforecasts-EpiNow2,CY,Cases,0.429276507878943,2022-01-10,3
epiforecasts-EpiNow2,EE,Cases,0.505103154984959,2022-01-10,3
epiforecasts-EpiNow2,ES,Cases,0.31577260779001,2022-01-10,3
epiforecasts-EpiNow2,FI,Cases,0.369742431302523,2022-01-10,3
epiforecasts-EpiNow2,GR,Cases,0.393359749634342,2022-01-10,3
epiforecasts-EpiNow2,HU,Cases,0.373777215024297,2022-01-10,3
epiforecasts-EpiNow2,IT,Cases,0.364052791589885,2022-01-10,3
epiforecasts-EpiNow2,LV,Cases,0.335305465168709,2022-01-10,3
epiforecasts-EpiNow2,LV,Deaths,0.325705018057204,2022-01-10,3
epiforecasts-EpiNow2,MT,Deaths,0.307975799854202,2022-01-10,3
epiforecasts-EpiNow2,NO,Cases,0.343076487601367,2022-01-10,3
epiforecasts-EpiNow2,PT,Cases,0.327955164298185,2022-01-10,3
epiforecasts-EpiNow2,RO,Cases,0.376416375891364,2022-01-10,3
epiforecasts-EpiNow2,SK,Cases,0.441544739240804,2022-01-10,3
IEM_Health-CovidProject,AT,Cases,0.301522532131683,2022-01-17,3
IEM_Health-CovidProject,BE,Cases,0.375593398916093,2022-01-17,3
IEM_Health-CovidProject,BG,Cases,0.343271324477263,2022-01-17,3
IEM_Health-CovidProject,BG,Deaths,0.45151213960898,2022-01-17,3
IEM_Health-CovidProject,CY,Cases,0.279253784506779,2022-01-17,3
IEM_Health-CovidProject,CY,Deaths,0.407605075348073,2022-01-17,3
IEM_Health-CovidProject,EE,Cases,0.301840085350617,2022-01-17,3
IEM_Health-CovidProject,EE,Deaths,0.305629199460788,2022-01-17,3
IEM_Health-CovidProject,ES,Cases,0.514285403358278,2022-01-17,3
IEM_Health-CovidProject,FI,Cases,0.365326484650077,2022-01-17,3
IEM_Health-CovidProject,GR,Cases,0.271822197741986,2022-01-17,3
IEM_Health-CovidProject,GR,Deaths,0.294847172718508,2022-01-17,3
IEM_Health-CovidProject,HR,Cases,0.373566768810688,2022-01-17,3
IEM_Health-CovidProject,HR,Deaths,0.310343874625956,2022-01-17,3
IEM_Health-CovidProject,HU,Cases,0.426062335327426,2022-01-17,3
IEM_Health-CovidProject,IT,Cases,0.357921440000808,2022-01-17,3
IEM_Health-CovidProject,IT,Deaths,0.469037821747868,2022-01-17,3
IEM_Health-CovidProject,LT,Cases,0.408712193514531,2022-01-17,3
IEM_Health-CovidProject,LV,Cases,0.400496320943584,2022-01-17,3
IEM_Health-CovidProject,LV,Deaths,0.339420839378466,2022-01-17,3
IEM_Health-CovidProject,MT,Cases,0.210816439826887,2022-01-17,3
IEM_Health-CovidProject,NO,Cases,0.336255462482666,2022-01-17,3
IEM_Health-CovidProject,PT,Cases,0.374416332915302,2022-01-17,3
IEM_Health-CovidProject,PT,Deaths,0.358914094788963,2022-01-17,3
IEM_Health-CovidProject,RO,Cases,0.385338005325657,2022-01-17,3
IEM_Health-CovidProject,SI,Deaths,0.317526884499339,2022-01-17,3
IEM_Health-CovidProject,SK,Cases,0.38308123503517,2022-01-17,3
IEM_Health-CovidProject,SK,Deaths,0.182091983535127,2022-01-17,3
ILM-EKF,AT,Cases,0.22271408891141,2022-01-17,3
ILM-EKF,AT,Deaths,0.236055904962419,2022-01-17,3
ILM-EKF,BE,Cases,0.259435161523103,2022-01-17,3
ILM-EKF,BE,Deaths,0.191828116668456,2022-01-17,3
ILM-EKF,BG,Cases,0.275264300851416,2022-01-17,3
ILM-EKF,BG,Deaths,0.240533431896197,2022-01-17,3
ILM-EKF,EE,Cases,0.238946134516291,2022-01-17,3
ILM-EKF,ES,Cases,0.169931074557739,2022-01-17,3
ILM-EKF,FI,Cases,0.285203380637865,2022-01-17,3
ILM-EKF,HR,Cases,0.269507901309628,2022-01-17,3
ILM-EKF,HU,Cases,0.223510370606135,2022-01-17,3
ILM-EKF,HU,Deaths,0.312845361199616,2022-01-17,3
ILM-EKF,LT,Cases,0.24804925817936,2022-01-17,3
ILM-EKF,LV,Cases,0.247247723900516,2022-01-17,3
ILM-EKF,RO,Cases,0.24557895545267,2022-01-17,3
ILM-EKF,RO,Deaths,0.284676238953324,2022-01-17,3
ILM-EKF,SK,Cases,0.301440154281141,2022-01-17,3
ILM-EKF,SK,Deaths,0.190981601922785,2022-01-17,3
MUNI-ARIMA,AT,Deaths,0.217146995065129,2022-01-17,3
MUNI-ARIMA,BG,Deaths,0.307954428494822,2022-01-17,3
MUNI-ARIMA,FI,Deaths,0.351399349494118,2022-01-17,3
MUNI-ARIMA,HU,Deaths,0.352269102891137,2022-01-17,3
MUNI-ARIMA,IT,Deaths,0.311683707132378,2022-01-17,3
MUNI-ARIMA,LT,Deaths,0.306804687791951,2022-01-17,3
MUNI-ARIMA,LU,Deaths,0.316026891138999,2022-01-17,3
MUNI-ARIMA,LV,Deaths,0.350939659574582,2022-01-17,3
RobertWalraven-ESG,BE,Deaths,0.20601076999278,2022-01-17,3
RobertWalraven-ESG,CY,Cases,0.271796750432371,2022-01-17,3
RobertWalraven-ESG,CY,Deaths,0.260073259628985,2022-01-17,3
RobertWalraven-ESG,EE,Deaths,0.304713981898576,2022-01-17,3
RobertWalraven-ESG,FI,Deaths,0.33964740751927,2022-01-17,3
RobertWalraven-ESG,GR,Cases,0.279377680953658,2022-01-17,3
RobertWalraven-ESG,GR,Deaths,0.330315034670369,2022-01-17,3
RobertWalraven-ESG,HR,Deaths,0.339532001896413,2022-01-17,3
RobertWalraven-ESG,IT,Cases,0.270160961179925,2022-01-17,3
RobertWalraven-ESG,IT,Deaths,0.219278471119753,2022-01-17,3
RobertWalraven-ESG,LT,Deaths,0.245536476450725,2022-01-17,3
RobertWalraven-ESG,LU,Deaths,0.363391826396311,2022-01-17,3
RobertWalraven-ESG,MT,Cases,0.36189698738113,2022-01-17,3
RobertWalraven-ESG,MT,Deaths,0.213180515218118,2022-01-17,3
RobertWalraven-ESG,NO,Cases,0.332593528019592,2022-01-17,3
RobertWalraven-ESG,PT,Cases,0.26508975192302,2022-01-17,3
RobertWalraven-ESG,PT,Deaths,0.344407757985003,2022-01-17,3
RobertWalraven-ESG,SI,Cases,0.305737817721922,2022-01-17,3
RobertWalraven-ESG,SK,Cases,0.315478610683689,2022-01-17,3
ULZF-SEIRC19SI,SI,Cases,0.354958662668419,2022-01-17,3
ULZF-SEIRC19SI,SI,Deaths,0.370507405819114,2022-01-17,3
UMass-MechBayes,AT,Deaths,0.546797099972453,2022-01-17,3
UMass-MechBayes,BE,Deaths,0.602161113338764,2022-01-17,3
UMass-MechBayes,CY,Deaths,0.332321665022942,2022-01-17,3
UMass-MechBayes,EE,Deaths,0.389656818640637,2022-01-17,3
UMass-MechBayes,FI,Deaths,0.308953242986612,2022-01-17,3
UMass-MechBayes,GR,Deaths,0.374837792611123,2022-01-17,3
UMass-MechBayes,HR,Deaths,0.350124123477632,2022-01-17,3
UMass-MechBayes,HU,Deaths,0.334885535909248,2022-01-17,3
UMass-MechBayes,LT,Deaths,0.447658835757324,2022-01-17,3
UMass-MechBayes,LU,Deaths,0.320581282464691,2022-01-17,3
UMass-MechBayes,MT,Deaths,0.497824077920004,2022-01-17,3
UMass-MechBayes,PT,Deaths,0.296678147226034,2022-01-17,3
UMass-MechBayes,RO,Deaths,0.362936002796172,2022-01-17,3
UMass-MechBayes,SI,Deaths,0.311965709681547,2022-01-17,3
UMass-MechBayes,SK,Deaths,0.626926414542088,2022-01-17,3
epiforecasts-EpiNow2,AT,Cases,0.475763378956907,2022-01-17,3
epiforecasts-EpiNow2,BE,Cases,0.364971439560804,2022-01-17,3
epiforecasts-EpiNow2,BG,Cases,0.381464374671321,2022-01-17,3
epiforecasts-EpiNow2,CY,Cases,0.44894946506085,2022-01-17,3
epiforecasts-EpiNow2,EE,Cases,0.459213780133092,2022-01-17,3
epiforecasts-EpiNow2,ES,Cases,0.315783522083982,2022-01-17,3
epiforecasts-EpiNow2,FI,Cases,0.349470134712058,2022-01-17,3
epiforecasts-EpiNow2,GR,Cases,0.448800121304356,2022-01-17,3
epiforecasts-EpiNow2,HR,Cases,0.356925329879685,2022-01-17,3
epiforecasts-EpiNow2,HU,Cases,0.350427294066439,2022-01-17,3
epiforecasts-EpiNow2,IT,Cases,0.371917598819267,2022-01-17,3
epiforecasts-EpiNow2,LT,Cases,0.343238548306109,2022-01-17,3
epiforecasts-EpiNow2,LV,Cases,0.3522559551559,2022-01-17,3
epiforecasts-EpiNow2,LV,Deaths,0.309639501046953,2022-01-17,3
epiforecasts-EpiNow2,MT,Cases,0.427286572791982,2022-01-17,3
epiforecasts-EpiNow2,MT,Deaths,0.288995406861879,2022-01-17,3
epiforecasts-EpiNow2,NO,Cases,0.331151009497742,2022-01-17,3
epiforecasts-EpiNow2,PT,Cases,0.360493915161678,2022-01-17,3
epiforecasts-EpiNow2,RO,Cases,0.369083039221674,2022-01-17,3
epiforecasts-EpiNow2,RO,Deaths,0.352387758250504,2022-01-17,3
epiforecasts-EpiNow2,SI,Cases,0.339303519609659,2022-01-17,3
IEM_Health-CovidProject,AT,Cases,0.256835610533506,2022-01-24,3
IEM_Health-CovidProject,AT,Deaths,0.444371406585181,2022-01-24,3
IEM_Health-CovidProject,BE,Cases,0.344443978301621,2022-01-24,3
IEM_Health-CovidProject,BG,Cases,0.321323204684051,2022-01-24,3
IEM_Health-CovidProject,BG,Deaths,0.450828576997478,2022-01-24,3
IEM_Health-CovidProject,CY,Cases,0.215108382389337,2022-01-24,3
IEM_Health-CovidProject,CY,Deaths,0.354470786600098,2022-01-24,3
IEM_Health-CovidProject,EE,Cases,0.308819362971847,2022-01-24,3
IEM_Health-CovidProject,ES,Cases,0.300280323460892,2022-01-24,3
IEM_Health-CovidProject,FI,Cases,0.376827762833238,2022-01-24,3
IEM_Health-CovidProject,GR,Cases,0.156854997555215,2022-01-24,3
IEM_Health-CovidProject,GR,Deaths,0.43643352788316,2022-01-24,3
IEM_Health-CovidProject,HR,Cases,0.308990652481222,2022-01-24,3
IEM_Health-CovidProject,HR,Deaths,0.310722192964546,2022-01-24,3
IEM_Health-CovidProject,HU,Cases,0.348980992530673,2022-01-24,3
IEM_Health-CovidProject,HU,Deaths,0.458124559066805,2022-01-24,3
IEM_Health-CovidProject,IT,Cases,0.289265479766201,2022-01-24,3
IEM_Health-CovidProject,IT,Deaths,0.468004018037086,2022-01-24,3
IEM_Health-CovidProject,LT,Cases,0.320704782230196,2022-01-24,3
IEM_Health-CovidProject,LU,Deaths,0.338894678035682,2022-01-24,3
IEM_Health-CovidProject,LV,Cases,0.336070232271525,2022-01-24,3
IEM_Health-CovidProject,LV,Deaths,0.366155790787278,2022-01-24,3
IEM_Health-CovidProject,MT,Cases,0.112326814692169,2022-01-24,3
IEM_Health-CovidProject,NO,Cases,0.377841547318552,2022-01-24,3
IEM_Health-CovidProject,PT,Cases,0.443606717909533,2022-01-24,3
IEM_Health-CovidProject,PT,Deaths,0.326038103191089,2022-01-24,3
IEM_Health-CovidProject,RO,Cases,0.356009537850708,2022-01-24,3
IEM_Health-CovidProject,RO,Deaths,0.389392688238416,2022-01-24,3
IEM_Health-CovidProject,SI,Deaths,0.265387669525721,2022-01-24,3
IEM_Health-CovidProject,SK,Cases,0.397990049539841,2022-01-24,3
IEM_Health-CovidProject,SK,Deaths,0.318757574711404,2022-01-24,3
ILM-EKF,AT,Cases,0.270714837489097,2022-01-24,3
ILM-EKF,BE,Cases,0.352742948635809,2022-01-24,3
ILM-EKF,BG,Cases,0.340836967880185,2022-01-24,3
ILM-EKF,BG,Deaths,0.233609979591022,2022-01-24,3
ILM-EKF,EE,Cases,0.325799918602958,2022-01-24,3
ILM-EKF,FI,Cases,0.271492287821887,2022-01-24,3
ILM-EKF,HR,Cases,0.357346528363236,2022-01-24,3
ILM-EKF,HU,Cases,0.294264698788546,2022-01-24,3
ILM-EKF,HU,Deaths,0.274489737999696,2022-01-24,3
ILM-EKF,LT,Cases,0.342271137581203,2022-01-24,3
ILM-EKF,LV,Cases,0.330283582477767,2022-01-24,3
ILM-EKF,LV,Deaths,0.250557113966649,2022-01-24,3
ILM-EKF,RO,Cases,0.354297489373214,2022-01-24,3
ILM-EKF,SI,Cases,0.317134260184437,2022-01-24,3
ILM-EKF,SK,Cases,0.328703785587643,2022-01-24,3
ILM-EKF,SK,Deaths,0.291110928223304,2022-01-24,3
MUNI-ARIMA,BE,Deaths,0.378550035374586,2022-01-24,3
MUNI-ARIMA,BG,Deaths,0.315561443411501,2022-01-24,3
MUNI-ARIMA,CY,Deaths,0.208700846544238,2022-01-24,3
MUNI-ARIMA,EE,Deaths,0.291926810654609,2022-01-24,3
MUNI-ARIMA,FI,Deaths,0.388209640963179,2022-01-24,3
MUNI-ARIMA,IT,Deaths,0.298860573911489,2022-01-24,3
MUNI-ARIMA,LT,Deaths,0.4344256254133,2022-01-24,3
MUNI-ARIMA,LU,Deaths,0.322308409059208,2022-01-24,3
MUNI-ARIMA,LV,Deaths,0.383287095246073,2022-01-24,3
MUNI-ARIMA,SK,Deaths,0.390131497065292,2022-01-24,3
RobertWalraven-ESG,AT,Deaths,0.319811711205766,2022-01-24,3
RobertWalraven-ESG,BE,Deaths,0.287893023323294,2022-01-24,3
RobertWalraven-ESG,CY,Cases,0.284649849973776,2022-01-24,3
RobertWalraven-ESG,EE,Deaths,0.316549136314668,2022-01-24,3
RobertWalraven-ESG,ES,Cases,0.290437161514278,2022-01-24,3
RobertWalraven-ESG,FI,Deaths,0.265878970797697,2022-01-24,3
RobertWalraven-ESG,GR,Cases,0.217440221106469,2022-01-24,3
RobertWalraven-ESG,GR,Deaths,0.275476783362628,2022-01-24,3
RobertWalraven-ESG,HR,Deaths,0.341522853036546,2022-01-24,3
RobertWalraven-ESG,HU,Deaths,0.267385702933498,2022-01-24,3
RobertWalraven-ESG,IT,Cases,0.26434788370518,2022-01-24,3
RobertWalraven-ESG,IT,Deaths,0.233135408051425,2022-01-24,3
RobertWalraven-ESG,LT,Deaths,0.191739618400641,2022-01-24,3
RobertWalraven-ESG,LU,Deaths,0.33879691290511,2022-01-24,3
RobertWalraven-ESG,MT,Cases,0.365944522642488,2022-01-24,3
RobertWalraven-ESG,MT,Deaths,0.217470266045733,2022-01-24,3
RobertWalraven-ESG,NO,Cases,0.305793108542797,2022-01-24,3
RobertWalraven-ESG,PT,Cases,0.243193157092374,2022-01-24,3
RobertWalraven-ESG,PT,Deaths,0.341768218040066,2022-01-24,3
RobertWalraven-ESG,RO,Cases,0.289692972776078,2022-01-24,3
RobertWalraven-ESG,RO,Deaths,0.305143469398283,2022-01-24,3
RobertWalraven-ESG,SI,Cases,0.30841533225437,2022-01-24,3
RobertWalraven-ESG,SI,Deaths,0.236285578318903,2022-01-24,3
RobertWalraven-ESG,SK,Cases,0.273306164872516,2022-01-24,3
ULZF-SEIRC19SI,SI,Cases,0.374450407561194,2022-01-24,3
ULZF-SEIRC19SI,SI,Deaths,0.498326752155376,2022-01-24,3
UMass-MechBayes,AT,Deaths,0.235816882209052,2022-01-24,3
UMass-MechBayes,BE,Deaths,0.333556941302121,2022-01-24,3
UMass-MechBayes,CY,Deaths,0.436828366855665,2022-01-24,3
UMass-MechBayes,EE,Deaths,0.391524053030723,2022-01-24,3
UMass-MechBayes,FI,Deaths,0.345911388239123,2022-01-24,3
UMass-MechBayes,GR,Deaths,0.288089688754212,2022-01-24,3
UMass-MechBayes,HR,Deaths,0.347754953998909,2022-01-24,3
UMass-MechBayes,LT,Deaths,0.373834756186059,2022-01-24,3
UMass-MechBayes,MT,Deaths,0.540921763925404,2022-01-24,3
UMass-MechBayes,PT,Deaths,0.332193678768846,2022-01-24,3
UMass-MechBayes,RO,Deaths,0.305463842363301,2022-01-24,3
epiforecasts-EpiNow2,AT,Cases,0.472449551977397,2022-01-24,3
epiforecasts-EpiNow2,BE,Cases,0.302813073062571,2022-01-24,3
epiforecasts-EpiNow2,BG,Cases,0.337839827435765,2022-01-24,3
epiforecasts-EpiNow2,CY,Cases,0.500241767636887,2022-01-24,3
epiforecasts-EpiNow2,EE,Cases,0.365380718425194,2022-01-24,3
epiforecasts-EpiNow2,ES,Cases,0.40928251502483,2022-01-24,3
epiforecasts-EpiNow2,FI,Cases,0.351679949344875,2022-01-24,3
epiforecasts-EpiNow2,GR,Cases,0.625704781338316,2022-01-24,3
epiforecasts-EpiNow2,HR,Cases,0.333662819155542,2022-01-24,3
epiforecasts-EpiNow2,HU,Cases,0.356754308680781,2022-01-24,3
epiforecasts-EpiNow2,IT,Cases,0.446386636528619,2022-01-24,3
epiforecasts-EpiNow2,LT,Cases,0.337024080188601,2022-01-24,3
epiforecasts-EpiNow2,LV,Cases,0.333646185250708,2022-01-24,3
epiforecasts-EpiNow2,MT,Cases,0.521728662665343,2022-01-24,3
epiforecasts-EpiNow2,MT,Deaths,0.241607970028863,2022-01-24,3
epiforecasts-EpiNow2,NO,Cases,0.316365344138651,2022-01-24,3
epiforecasts-EpiNow2,PT,Cases,0.313200124998094,2022-01-24,3
IEM_Health-CovidProject,AT,Cases,0.287036708776766,2022-01-31,3
IEM_Health-CovidProject,AT,Deaths,0.387649191707209,2022-01-31,3
IEM_Health-CovidProject,BE,Cases,0.340222657159595,2022-01-31,3
IEM_Health-CovidProject,BE,Deaths,0.322611805854003,2022-01-31,3
IEM_Health-CovidProject,BG,Cases,0.339845284019385,2022-01-31,3
IEM_Health-CovidProject,BG,Deaths,0.326644706977797,2022-01-31,3
IEM_Health-CovidProject,CY,Cases,0.15229692590432,2022-01-31,3
IEM_Health-CovidProject,CY,Deaths,0.385808352863915,2022-01-31,3
IEM_Health-CovidProject,EE,Cases,0.290527868547518,2022-01-31,3
IEM_Health-CovidProject,EE,Deaths,0.272057839939265,2022-01-31,3
IEM_Health-CovidProject,ES,Cases,0.125698617347538,2022-01-31,3
IEM_Health-CovidProject,FI,Cases,0.182313336437573,2022-01-31,3
IEM_Health-CovidProject,GR,Cases,0.144294410394344,2022-01-31,3
IEM_Health-CovidProject,GR,Deaths,0.395281565785506,2022-01-31,3
IEM_Health-CovidProject,HR,Cases,0.313860556072972,2022-01-31,3
IEM_Health-CovidProject,HR,Deaths,0.293361548098197,2022-01-31,3
IEM_Health-CovidProject,HU,Cases,0.302130276323268,2022-01-31,3
IEM_Health-CovidProject,HU,Deaths,0.348716229524529,2022-01-31,3
IEM_Health-CovidProject,IT,Cases,0.205387080962884,2022-01-31,3
IEM_Health-CovidProject,IT,Deaths,0.40626271428765,2022-01-31,3
IEM_Health-CovidProject,LT,Cases,0.302683666095771,2022-01-31,3
IEM_Health-CovidProject,LT,Deaths,0.213828773763027,2022-01-31,3
IEM_Health-CovidProject,LU,Deaths,0.305864961382665,2022-01-31,3
IEM_Health-CovidProject,LV,Cases,0.298948679290167,2022-01-31,3
IEM_Health-CovidProject,LV,Deaths,0.308053880246567,2022-01-31,3
IEM_Health-CovidProject,MT,Cases,0.037586675916132,2022-01-31,3
IEM_Health-CovidProject,NO,Cases,0.385321147136172,2022-01-31,3
IEM_Health-CovidProject,PT,Cases,0.577862331515912,2022-01-31,3
IEM_Health-CovidProject,PT,Deaths,0.283450579995809,2022-01-31,3
IEM_Health-CovidProject,RO,Cases,0.424623291757138,2022-01-31,3
IEM_Health-CovidProject,RO,Deaths,0.283883110920063,2022-01-31,3
IEM_Health-CovidProject,SI,Cases,0.308792217867559,2022-01-31,3
IEM_Health-CovidProject,SK,Cases,0.346239976388527,2022-01-31,3
ILM-EKF,AT,Cases,0.262271033678981,2022-01-31,3
ILM-EKF,BE,Cases,0.407893159481751,2022-01-31,3
ILM-EKF,BG,Cases,0.302027860121938,2022-01-31,3
ILM-EKF,EE,Cases,0.395638773764358,2022-01-31,3
ILM-EKF,HR,Cases,0.37841283352513,2022-01-31,3
ILM-EKF,HU,Cases,0.272166033320981,2022-01-31,3
ILM-EKF,LT,Cases,0.362316146244019,2022-01-31,3
ILM-EKF,LV,Cases,0.335070184093435,2022-01-31,3
ILM-EKF,RO,Cases,0.312558484947033,2022-01-31,3
ILM-EKF,SI,Cases,0.369294899592825,2022-01-31,3
ILM-EKF,SK,Cases,0.340641989010074,2022-01-31,3
ILM-EKF,SK,Deaths,0.298433438111102,2022-01-31,3
MUNI-ARIMA,AT,Deaths,0.269968626593763,2022-01-31,3
MUNI-ARIMA,BE,Deaths,0.377826963115874,2022-01-31,3
MUNI-ARIMA,BG,Deaths,0.445020134112577,2022-01-31,3
MUNI-ARIMA,CY,Deaths,0.301855606301137,2022-01-31,3
MUNI-ARIMA,EE,Deaths,0.277078333416846,2022-01-31,3
MUNI-ARIMA,FI,Deaths,0.425547538225301,2022-01-31,3
MUNI-ARIMA,GR,Deaths,0.252322946076202,2022-01-31,3
MUNI-ARIMA,HU,Deaths,0.34161547233765,2022-01-31,3
MUNI-ARIMA,IT,Deaths,0.301905184472084,2022-01-31,3
MUNI-ARIMA,LT,Deaths,0.539891346715789,2022-01-31,3
MUNI-ARIMA,LU,Deaths,0.384195100894696,2022-01-31,3
MUNI-ARIMA,LV,Deaths,0.439661270897581,2022-01-31,3
MUNI-ARIMA,PT,Deaths,0.26460039783799,2022-01-31,3
MUNI-ARIMA,RO,Deaths,0.389847683228909,2022-01-31,3
MUNI-ARIMA,SK,Deaths,0.405916243842295,2022-01-31,3
RobertWalraven-ESG,AT,Deaths,0.342382181699027,2022-01-31,3
RobertWalraven-ESG,BE,Cases,0.251884183358654,2022-01-31,3
RobertWalraven-ESG,BG,Deaths,0.228335158909626,2022-01-31,3
RobertWalraven-ESG,CY,Cases,0.310656217525823,2022-01-31,3
RobertWalraven-ESG,CY,Deaths,0.312336040834948,2022-01-31,3
RobertWalraven-ESG,EE,Deaths,0.45086382664389,2022-01-31,3
RobertWalraven-ESG,ES,Cases,0.559461340647689,2022-01-31,3
RobertWalraven-ESG,FI,Cases,0.444315609598397,2022-01-31,3
RobertWalraven-ESG,FI,Deaths,0.257070868155682,2022-01-31,3
RobertWalraven-ESG,GR,Cases,0.35711759364818,2022-01-31,3
RobertWalraven-ESG,HR,Cases,0.307726610401898,2022-01-31,3
RobertWalraven-ESG,HR,Deaths,0.30356220004957,2022-01-31,3
RobertWalraven-ESG,HU,Deaths,0.309668298137821,2022-01-31,3
RobertWalraven-ESG,IT,Cases,0.451452548151613,2022-01-31,3
RobertWalraven-ESG,IT,Deaths,0.291832101240266,2022-01-31,3
RobertWalraven-ESG,LU,Deaths,0.309939937722639,2022-01-31,3
RobertWalraven-ESG,LV,Deaths,0.252284848855852,2022-01-31,3
RobertWalraven-ESG,MT,Cases,0.140141696515704,2022-01-31,3
RobertWalraven-ESG,MT,Deaths,0.240944292776571,2022-01-31,3
RobertWalraven-ESG,NO,Cases,0.289754728965931,2022-01-31,3
RobertWalraven-ESG,PT,Cases,0.268191229330429,2022-01-31,3
RobertWalraven-ESG,PT,Deaths,0.451949022166201,2022-01-31,3
RobertWalraven-ESG,RO,Cases,0.262818223295829,2022-01-31,3
RobertWalraven-ESG,RO,Deaths,0.326269205851027,2022-01-31,3
RobertWalraven-ESG,SI,Deaths,0.320887148301616,2022-01-31,3
RobertWalraven-ESG,SK,Cases,0.313118034601399,2022-01-31,3
RobertWalraven-ESG,SK,Deaths,0.295650318046603,2022-01-31,3
ULZF-SEIRC19SI,SI,Cases,0.321912882539617,2022-01-31,3
ULZF-SEIRC19SI,SI,Deaths,0.320659154987971,2022-01-31,3
UMass-MechBayes,BE,Deaths,0.299561231030123,2022-01-31,3
UMass-MechBayes,FI,Deaths,0.317381593619017,2022-01-31,3
UMass-MechBayes,GR,Deaths,0.352395488138292,2022-01-31,3
UMass-MechBayes,HR,Deaths,0.403076251852234,2022-01-31,3
UMass-MechBayes,LT,Deaths,0.246279879521183,2022-01-31,3
UMass-MechBayes,MT,Deaths,0.294697365756024,2022-01-31,3
UMass-MechBayes,SI,Deaths,0.358453696710413,2022-01-31,3
epiforecasts-EpiNow2,AT,Cases,0.450692257544254,2022-01-31,3
epiforecasts-EpiNow2,BG,Cases,0.358126855858678,2022-01-31,3
epiforecasts-EpiNow2,CY,Cases,0.537046856569857,2022-01-31,3
epiforecasts-EpiNow2,EE,Cases,0.313833357688125,2022-01-31,3
epiforecasts-EpiNow2,ES,Cases,0.314840042004772,2022-01-31,3
epiforecasts-EpiNow2,FI,Cases,0.373371053964031,2022-01-31,3
epiforecasts-EpiNow2,GR,Cases,0.498587995957475,2022-01-31,3
epiforecasts-EpiNow2,HU,Cases,0.425703690355752,2022-01-31,3
epiforecasts-EpiNow2,IT,Cases,0.343160370885502,2022-01-31,3
epiforecasts-EpiNow2,LT,Cases,0.33500018766021,2022-01-31,3
epiforecasts-EpiNow2,LV,Cases,0.365981136616398,2022-01-31,3
epiforecasts-EpiNow2,MT,Cases,0.822271627568164,2022-01-31,3
epiforecasts-EpiNow2,MT,Deaths,0.464358341467405,2022-01-31,3
epiforecasts-EpiNow2,NO,Cases,0.324924123897897,2022-01-31,3
epiforecasts-EpiNow2,PT,Cases,0.153946439153659,2022-01-31,3
IEM_Health-CovidProject,AT,Cases,0.421594416530036,2022-02-07,3
IEM_Health-CovidProject,AT,Deaths,0.253745900646256,2022-02-07,3
IEM_Health-CovidProject,BE,Cases,0.351321960836271,2022-02-07,3
IEM_Health-CovidProject,BE,Deaths,0.312158686439671,2022-02-07,3
IEM_Health-CovidProject,BG,Deaths,0.209676692368281,2022-02-07,3
IEM_Health-CovidProject,CY,Deaths,0.254842859678627,2022-02-07,3
IEM_Health-CovidProject,EE,Cases,0.308910331777281,2022-02-07,3
IEM_Health-CovidProject,EE,Deaths,0.217462845668347,2022-02-07,3
IEM_Health-CovidProject,GR,Deaths,0.235867608919034,2022-02-07,3
IEM_Health-CovidProject,HR,Cases,0.333605868823342,2022-02-07,3
IEM_Health-CovidProject,HR,Deaths,0.213129118010219,2022-02-07,3
IEM_Health-CovidProject,HU,Cases,0.264407577046987,2022-02-07,3
IEM_Health-CovidProject,HU,Deaths,0.288917058020744,2022-02-07,3
IEM_Health-CovidProject,IT,Deaths,0.222289845145325,2022-02-07,3
IEM_Health-CovidProject,LT,Cases,0.278169111233874,2022-02-07,3
IEM_Health-CovidProject,LT,Deaths,0.339914610510015,2022-02-07,3
IEM_Health-CovidProject,LV,Cases,0.347296760210925,2022-02-07,3
IEM_Health-CovidProject,LV,Deaths,0.277503196087794,2022-02-07,3
IEM_Health-CovidProject,NO,Cases,0.38494866819327,2022-02-07,3
IEM_Health-CovidProject,PT,Cases,0.367052652579728,2022-02-07,3
IEM_Health-CovidProject,PT,Deaths,0.300340428838336,2022-02-07,3
IEM_Health-CovidProject,RO,Cases,0.499309712737629,2022-02-07,3
IEM_Health-CovidProject,SI,Cases,0.434199716897679,2022-02-07,3
IEM_Health-CovidProject,SI,Deaths,0.264929390646365,2022-02-07,3
IEM_Health-CovidProject,SK,Cases,0.350531224626529,2022-02-07,3
ILM-EKF,EE,Cases,0.421021320431246,2022-02-07,3
ILM-EKF,LT,Cases,0.455987607788814,2022-02-07,3
ILM-EKF,LV,Cases,0.363474272519055,2022-02-07,3
ILM-EKF,SK,Cases,0.336783453336986,2022-02-07,3
ILM-EKF,SK,Deaths,0.279733129145765,2022-02-07,3
MUNI-ARIMA,AT,Deaths,0.359143949883362,2022-02-07,3
MUNI-ARIMA,BE,Deaths,0.370441020330185,2022-02-07,3
MUNI-ARIMA,BG,Deaths,0.328236576122313,2022-02-07,3
MUNI-ARIMA,CY,Deaths,0.419974159824599,2022-02-07,3
MUNI-ARIMA,EE,Deaths,0.293343469702714,2022-02-07,3
MUNI-ARIMA,FI,Deaths,0.423389544031694,2022-02-07,3
MUNI-ARIMA,GR,Deaths,0.237949863867645,2022-02-07,3
MUNI-ARIMA,HU,Deaths,0.312402358414542,2022-02-07,3
MUNI-ARIMA,IT,Deaths,0.390043364682245,2022-02-07,3
MUNI-ARIMA,LT,Deaths,0.319953566425206,2022-02-07,3
MUNI-ARIMA,LU,Deaths,0.413789470105462,2022-02-07,3
MUNI-ARIMA,LV,Deaths,0.450941497494451,2022-02-07,3
MUNI-ARIMA,RO,Deaths,0.336060007925299,2022-02-07,3
MUNI-ARIMA,SK,Deaths,0.396935908631462,2022-02-07,3
RobertWalraven-ESG,AT,Cases,0.288836445979143,2022-02-07,3
RobertWalraven-ESG,AT,Deaths,0.387110149470382,2022-02-07,3
RobertWalraven-ESG,BE,Cases,0.361576035346039,2022-02-07,3
RobertWalraven-ESG,BG,Cases,0.427115908253796,2022-02-07,3
RobertWalraven-ESG,BG,Deaths,0.462086731509406,2022-02-07,3
RobertWalraven-ESG,CY,Cases,0.284657547405325,2022-02-07,3
RobertWalraven-ESG,CY,Deaths,0.325182980496774,2022-02-07,3
RobertWalraven-ESG,EE,Deaths,0.489193684628939,2022-02-07,3
RobertWalraven-ESG,ES,Cases,0.352851209465124,2022-02-07,3
RobertWalraven-ESG,FI,Cases,0.454852366503946,2022-02-07,3
RobertWalraven-ESG,FI,Deaths,0.273752634179413,2022-02-07,3
RobertWalraven-ESG,GR,Cases,0.268956377656737,2022-02-07,3
RobertWalraven-ESG,HR,Cases,0.400688706580724,2022-02-07,3
RobertWalraven-ESG,HR,Deaths,0.26205328580822,2022-02-07,3
RobertWalraven-ESG,HU,Deaths,0.398680583564714,2022-02-07,3
RobertWalraven-ESG,IT,Cases,0.29145502149896,2022-02-07,3
RobertWalraven-ESG,IT,Deaths,0.387666790172431,2022-02-07,3
RobertWalraven-ESG,LT,Deaths,0.340131823064779,2022-02-07,3
RobertWalraven-ESG,LU,Deaths,0.326605031677325,2022-02-07,3
RobertWalraven-ESG,LV,Deaths,0.271555306417754,2022-02-07,3
RobertWalraven-ESG,MT,Cases,0.107538688462544,2022-02-07,3
RobertWalraven-ESG,MT,Deaths,0.413992124204188,2022-02-07,3
RobertWalraven-ESG,NO,Cases,0.300309532545997,2022-02-07,3
RobertWalraven-ESG,PT,Cases,0.354795809520613,2022-02-07,3
RobertWalraven-ESG,PT,Deaths,0.403066086412927,2022-02-07,3
RobertWalraven-ESG,RO,Cases,0.229946963482226,2022-02-07,3
RobertWalraven-ESG,RO,Deaths,0.357538580605754,2022-02-07,3
RobertWalraven-ESG,SI,Cases,0.262906967537484,2022-02-07,3
RobertWalraven-ESG,SK,Deaths,0.323330962222773,2022-02-07,3
ULZF-SEIRC19SI,SI,Deaths,0.267788519551619,2022-02-07,3
UMass-MechBayes,BE,Deaths,0.317400293230144,2022-02-07,3
UMass-MechBayes,FI,Deaths,0.302857821788893,2022-02-07,3
UMass-MechBayes,GR,Deaths,0.526182527213321,2022-02-07,3
UMass-MechBayes,HR,Deaths,0.524817596181562,2022-02-07,3
UMass-MechBayes,LU,Deaths,0.259605498217213,2022-02-07,3
UMass-MechBayes,MT,Deaths,0.31943361131747,2022-02-07,3
UMass-MechBayes,PT,Deaths,0.296593484748737,2022-02-07,3
UMass-MechBayes,RO,Deaths,0.306401411468946,2022-02-07,3
UMass-MechBayes,SI,Deaths,0.467282089802017,2022-02-07,3
epiforecasts-EpiNow2,BG,Cases,0.279117350423892,2022-02-07,3
epiforecasts-EpiNow2,CY,Cases,0.401379070657024,2022-02-07,3
epiforecasts-EpiNow2,ES,Cases,0.403635282896039,2022-02-07,3
epiforecasts-EpiNow2,FI,Cases,0.304985428381652,2022-02-07,3
epiforecasts-EpiNow2,GR,Cases,0.378820448929311,2022-02-07,3
epiforecasts-EpiNow2,HU,Cases,0.483988925230663,2022-02-07,3
epiforecasts-EpiNow2,IT,Cases,0.447315539026451,2022-02-07,3
epiforecasts-EpiNow2,MT,Cases,0.752218962385366,2022-02-07,3
epiforecasts-EpiNow2,MT,Deaths,0.266574264478342,2022-02-07,3
epiforecasts-weeklygrowth,AT,Cases,0.289569137490821,2022-02-07,3
epiforecasts-weeklygrowth,BE,Cases,0.28710200381769,2022-02-07,3
epiforecasts-weeklygrowth,BG,Cases,0.293766741322312,2022-02-07,3
epiforecasts-weeklygrowth,CY,Cases,0.313963381937651,2022-02-07,3
epiforecasts-weeklygrowth,EE,Cases,0.270068347791473,2022-02-07,3
epiforecasts-weeklygrowth,ES,Cases,0.243513507638836,2022-02-07,3
epiforecasts-weeklygrowth,FI,Cases,0.240162205114402,2022-02-07,3
epiforecasts-weeklygrowth,GR,Cases,0.352223173413952,2022-02-07,3
epiforecasts-weeklygrowth,HR,Cases,0.265705424595934,2022-02-07,3
epiforecasts-weeklygrowth,HU,Cases,0.25160349772235,2022-02-07,3
epiforecasts-weeklygrowth,IT,Cases,0.261229439474589,2022-02-07,3
epiforecasts-weeklygrowth,LT,Cases,0.265843280977312,2022-02-07,3
epiforecasts-weeklygrowth,LV,Cases,0.28922896727002,2022-02-07,3
epiforecasts-weeklygrowth,MT,Cases,0.14024234915209,2022-02-07,3
epiforecasts-weeklygrowth,NO,Cases,0.314741799260733,2022-02-07,3
epiforecasts-weeklygrowth,PT,Cases,0.278151537899659,2022-02-07,3
epiforecasts-weeklygrowth,RO,Cases,0.270743323780145,2022-02-07,3
epiforecasts-weeklygrowth,SI,Cases,0.302893315564837,2022-02-07,3
epiforecasts-weeklygrowth,SK,Cases,0.312685322036485,2022-02-07,3
IEM_Health-CovidProject,AT,Cases,0.348098755087197,2022-02-14,3
IEM_Health-CovidProject,AT,Deaths,0.188778596378069,2022-02-14,3
IEM_Health-CovidProject,BE,Deaths,0.385772577174362,2022-02-14,3
IEM_Health-CovidProject,EE,Cases,0.418348974764683,2022-02-14,3
IEM_Health-CovidProject,GR,Cases,0.199940699749841,2022-02-14,3
IEM_Health-CovidProject,HR,Deaths,0.208936788631285,2022-02-14,3
IEM_Health-CovidProject,LT,Cases,0.373748947132735,2022-02-14,3
IEM_Health-CovidProject,LT,Deaths,0.370611985628278,2022-02-14,3
IEM_Health-CovidProject,LV,Cases,0.449984634521965,2022-02-14,3
IEM_Health-CovidProject,LV,Deaths,0.283382957060784,2022-02-14,3
IEM_Health-CovidProject,MT,Cases,0.230546444538916,2022-02-14,3
IEM_Health-CovidProject,NO,Cases,0.280343895732378,2022-02-14,3
IEM_Health-CovidProject,PT,Cases,0.316514692897179,2022-02-14,3
IEM_Health-CovidProject,RO,Deaths,0.312656574100135,2022-02-14,3
IEM_Health-CovidProject,SI,Cases,0.353830699565934,2022-02-14,3
IEM_Health-CovidProject,SI,Deaths,0.298761774802816,2022-02-14,3
IEM_Health-CovidProject,SK,Cases,0.34858203758925,2022-02-14,3
ILM-EKF,CY,Cases,0.30292550483332,2022-02-14,3
ILM-EKF,GR,Cases,0.34325427774507,2022-02-14,3
ILM-EKF,IT,Cases,0.284824068349973,2022-02-14,3
ILM-EKF,IT,Deaths,0.214434064130409,2022-02-14,3
ILM-EKF,LT,Cases,0.31160244180246,2022-02-14,3
ILM-EKF,SK,Deaths,0.176674887177384,2022-02-14,3
MUNI-ARIMA,AT,Deaths,0.329637450554837,2022-02-14,3
MUNI-ARIMA,BE,Deaths,0.335478683160112,2022-02-14,3
MUNI-ARIMA,BG,Deaths,0.293497127257753,2022-02-14,3
MUNI-ARIMA,CY,Deaths,0.402801119175597,2022-02-14,3
MUNI-ARIMA,EE,Deaths,0.332677600222472,2022-02-14,3
MUNI-ARIMA,FI,Deaths,0.452890177318784,2022-02-14,3
MUNI-ARIMA,GR,Deaths,0.379464587060361,2022-02-14,3
MUNI-ARIMA,HU,Deaths,0.287578239397273,2022-02-14,3
MUNI-ARIMA,IT,Deaths,0.289449820968369,2022-02-14,3
MUNI-ARIMA,LT,Deaths,0.290715461829989,2022-02-14,3
MUNI-ARIMA,LU,Deaths,0.457816941922736,2022-02-14,3
MUNI-ARIMA,LV,Deaths,0.370013945137994,2022-02-14,3
MUNI-ARIMA,MT,Deaths,0.443813508378615,2022-02-14,3
MUNI-ARIMA,PT,Deaths,0.330144266325784,2022-02-14,3
MUNI-ARIMA,SK,Deaths,0.4438628867637,2022-02-14,3
RobertWalraven-ESG,AT,Cases,0.376734126705525,2022-02-14,3
RobertWalraven-ESG,AT,Deaths,0.481583953067094,2022-02-14,3
RobertWalraven-ESG,BE,Cases,0.371184458015544,2022-02-14,3
RobertWalraven-ESG,BG,Cases,0.377427711841981,2022-02-14,3
RobertWalraven-ESG,BG,Deaths,0.487188359778632,2022-02-14,3
RobertWalraven-ESG,CY,Cases,0.277938287075908,2022-02-14,3
RobertWalraven-ESG,CY,Deaths,0.33252673735138,2022-02-14,3
RobertWalraven-ESG,EE,Cases,0.249366427962368,2022-02-14,3
RobertWalraven-ESG,EE,Deaths,0.291324617368188,2022-02-14,3
RobertWalraven-ESG,ES,Cases,0.266992597894681,2022-02-14,3
RobertWalraven-ESG,FI,Cases,0.397433231555732,2022-02-14,3
RobertWalraven-ESG,FI,Deaths,0.282421279124479,2022-02-14,3
RobertWalraven-ESG,GR,Deaths,0.304523405419147,2022-02-14,3
RobertWalraven-ESG,HR,Cases,0.349155480669748,2022-02-14,3
RobertWalraven-ESG,HR,Deaths,0.303515183551156,2022-02-14,3
RobertWalraven-ESG,HU,Cases,0.259112353387995,2022-02-14,3
RobertWalraven-ESG,HU,Deaths,0.436175299924111,2022-02-14,3
RobertWalraven-ESG,IT,Deaths,0.496116114901222,2022-02-14,3
RobertWalraven-ESG,LT,Deaths,0.338672552541733,2022-02-14,3
RobertWalraven-ESG,LU,Deaths,0.304333232917566,2022-02-14,3
RobertWalraven-ESG,LV,Cases,0.232336233431358,2022-02-14,3
RobertWalraven-ESG,LV,Deaths,0.346603097801222,2022-02-14,3
RobertWalraven-ESG,MT,Deaths,0.359501120900977,2022-02-14,3
RobertWalraven-ESG,NO,Cases,0.358212447986331,2022-02-14,3
RobertWalraven-ESG,PT,Cases,0.351975793123751,2022-02-14,3
RobertWalraven-ESG,PT,Deaths,0.367444761125316,2022-02-14,3
RobertWalraven-ESG,RO,Cases,0.309986786673436,2022-02-14,3
RobertWalraven-ESG,RO,Deaths,0.313063774693683,2022-02-14,3
RobertWalraven-ESG,SI,Cases,0.328297048935165,2022-02-14,3
RobertWalraven-ESG,SK,Cases,0.297718148313486,2022-02-14,3
RobertWalraven-ESG,SK,Deaths,0.379462226058916,2022-02-14,3
ULZF-SEIRC19SI,SI,Deaths,0.298489234723321,2022-02-14,3
UMass-MechBayes,BE,Deaths,0.278748739665526,2022-02-14,3
UMass-MechBayes,BG,Deaths,0.219314512963615,2022-02-14,3
UMass-MechBayes,CY,Deaths,0.264672143473024,2022-02-14,3
UMass-MechBayes,EE,Deaths,0.37599778240934,2022-02-14,3
UMass-MechBayes,FI,Deaths,0.264688543556738,2022-02-14,3
UMass-MechBayes,GR,Deaths,0.316012007520492,2022-02-14,3
UMass-MechBayes,HR,Deaths,0.487548027817559,2022-02-14,3
UMass-MechBayes,HU,Deaths,0.276246460678617,2022-02-14,3
UMass-MechBayes,LU,Deaths,0.237849825159698,2022-02-14,3
UMass-MechBayes,PT,Deaths,0.3024109725489,2022-02-14,3
UMass-MechBayes,RO,Deaths,0.374279651206182,2022-02-14,3
UMass-MechBayes,SI,Deaths,0.402748990473863,2022-02-14,3
epiforecasts-EpiNow2,BE,Cases,0.302432384777111,2022-02-14,3
epiforecasts-EpiNow2,BG,Cases,0.344743170999653,2022-02-14,3
epiforecasts-EpiNow2,ES,Cases,0.438688713701406,2022-02-14,3
epiforecasts-EpiNow2,FI,Cases,0.276520792046797,2022-02-14,3
epiforecasts-EpiNow2,HR,Cases,0.305555692345703,2022-02-14,3
epiforecasts-EpiNow2,HU,Cases,0.484894552251595,2022-02-14,3
epiforecasts-EpiNow2,IT,Cases,0.433149039253569,2022-02-14,3
epiforecasts-EpiNow2,MT,Cases,0.536411959751693,2022-02-14,3
epiforecasts-EpiNow2,MT,Deaths,0.196685370720408,2022-02-14,3
epiforecasts-EpiNow2,RO,Cases,0.438566792879133,2022-02-14,3
epiforecasts-weeklygrowth,AT,Cases,0.275167118207277,2022-02-14,3
epiforecasts-weeklygrowth,BE,Cases,0.326383157207345,2022-02-14,3
epiforecasts-weeklygrowth,BG,Cases,0.277829117158366,2022-02-14,3
epiforecasts-weeklygrowth,CY,Cases,0.419136208090772,2022-02-14,3
epiforecasts-weeklygrowth,EE,Cases,0.332284597272949,2022-02-14,3
epiforecasts-weeklygrowth,ES,Cases,0.294318688403913,2022-02-14,3
epiforecasts-weeklygrowth,FI,Cases,0.32604597639747,2022-02-14,3
epiforecasts-weeklygrowth,GR,Cases,0.456805022505088,2022-02-14,3
epiforecasts-weeklygrowth,HR,Cases,0.345288826984549,2022-02-14,3
epiforecasts-weeklygrowth,HU,Cases,0.255993094360409,2022-02-14,3
epiforecasts-weeklygrowth,IT,Cases,0.282026892396459,2022-02-14,3
epiforecasts-weeklygrowth,LT,Cases,0.314648611064805,2022-02-14,3
epiforecasts-weeklygrowth,LV,Cases,0.317679132046677,2022-02-14,3
epiforecasts-weeklygrowth,MT,Cases,0.23304159570939,2022-02-14,3
epiforecasts-weeklygrowth,NO,Cases,0.361443656281291,2022-02-14,3
epiforecasts-weeklygrowth,PT,Cases,0.33150951397907,2022-02-14,3
epiforecasts-weeklygrowth,RO,Cases,0.251446420447431,2022-02-14,3
epiforecasts-weeklygrowth,SI,Cases,0.317872251498902,2022-02-14,3
epiforecasts-weeklygrowth,SK,Cases,0.353699814097264,2022-02-14,3
IEM_Health-CovidProject,AT,Cases,0.24605718580745,2022-02-21,3
IEM_Health-CovidProject,AT,Deaths,0.2970962036603,2022-02-21,3
IEM_Health-CovidProject,BE,Deaths,0.457843957924173,2022-02-21,3
IEM_Health-CovidProject,BG,Deaths,0.209002362033018,2022-02-21,3
IEM_Health-CovidProject,CY,Cases,0.291024114211861,2022-02-21,3
IEM_Health-CovidProject,EE,Cases,0.376184416350641,2022-02-21,3
IEM_Health-CovidProject,EE,Deaths,0.38882949282367,2022-02-21,3
IEM_Health-CovidProject,GR,Cases,0.24053674804795,2022-02-21,3
IEM_Health-CovidProject,HR,Cases,0.279319898154857,2022-02-21,3
IEM_Health-CovidProject,HR,Deaths,0.273139529482633,2022-02-21,3
IEM_Health-CovidProject,HU,Deaths,0.225052381097327,2022-02-21,3
IEM_Health-CovidProject,LT,Cases,0.37159376628007,2022-02-21,3
IEM_Health-CovidProject,LT,Deaths,0.445352964772754,2022-02-21,3
IEM_Health-CovidProject,LU,Deaths,0.24147804674952,2022-02-21,3
IEM_Health-CovidProject,LV,Cases,0.384881851345165,2022-02-21,3
IEM_Health-CovidProject,LV,Deaths,0.269578976122258,2022-02-21,3
IEM_Health-CovidProject,MT,Cases,0.441398121315679,2022-02-21,3
IEM_Health-CovidProject,NO,Cases,0.216360053913245,2022-02-21,3
IEM_Health-CovidProject,PT,Cases,0.352538590872124,2022-02-21,3
IEM_Health-CovidProject,RO,Deaths,0.479924253207626,2022-02-21,3
IEM_Health-CovidProject,SI,Deaths,0.318213138638241,2022-02-21,3
IEM_Health-CovidProject,SK,Cases,0.423428323841632,2022-02-21,3
IEM_Health-CovidProject,SK,Deaths,0.115302014422722,2022-02-21,3
ILM-EKF,CY,Deaths,0.277078808136743,2022-02-21,3
ILM-EKF,FI,Deaths,0.297378768307294,2022-02-21,3
ILM-EKF,GR,Cases,0.442776740547723,2022-02-21,3
ILM-EKF,GR,Deaths,0.203125372291748,2022-02-21,3
ILM-EKF,IT,Cases,0.37861847243554,2022-02-21,3
ILM-EKF,IT,Deaths,0.331255962896854,2022-02-21,3
ILM-EKF,MT,Cases,0.325034481096892,2022-02-21,3
ILM-EKF,MT,Deaths,0.313690322237255,2022-02-21,3
ILM-EKF,PT,Deaths,0.091557176592074,2022-02-21,3
MUNI-ARIMA,AT,Deaths,0.425811554359928,2022-02-21,3
MUNI-ARIMA,BE,Deaths,0.30164086948399,2022-02-21,3
MUNI-ARIMA,BG,Deaths,0.295050398201095,2022-02-21,3
MUNI-ARIMA,CY,Deaths,0.412437236255501,2022-02-21,3
MUNI-ARIMA,EE,Deaths,0.347638949589096,2022-02-21,3
MUNI-ARIMA,FI,Deaths,0.452970131223443,2022-02-21,3
MUNI-ARIMA,GR,Deaths,0.304783606581533,2022-02-21,3
MUNI-ARIMA,HR,Deaths,0.302647520260975,2022-02-21,3
MUNI-ARIMA,HU,Deaths,0.433772784891501,2022-02-21,3
MUNI-ARIMA,IT,Deaths,0.326332740141549,2022-02-21,3
MUNI-ARIMA,LT,Deaths,0.243296430352018,2022-02-21,3
MUNI-ARIMA,LU,Deaths,0.435433353714334,2022-02-21,3
MUNI-ARIMA,LV,Deaths,0.375957308125814,2022-02-21,3
MUNI-ARIMA,MT,Deaths,0.375580129840641,2022-02-21,3
MUNI-ARIMA,PT,Deaths,0.425329113220446,2022-02-21,3
MUNI-ARIMA,RO,Deaths,0.301046090690055,2022-02-21,3
MUNI-ARIMA,SI,Deaths,0.336325702010789,2022-02-21,3
MUNI-ARIMA,SK,Deaths,0.502595422146753,2022-02-21,3
RobertWalraven-ESG,AT,Cases,0.486879501288987,2022-02-21,3
RobertWalraven-ESG,AT,Deaths,0.277092241979772,2022-02-21,3
RobertWalraven-ESG,BE,Cases,0.260203539481039,2022-02-21,3
RobertWalraven-ESG,BE,Deaths,0.240515172591837,2022-02-21,3
RobertWalraven-ESG,BG,Cases,0.269907715388832,2022-02-21,3
RobertWalraven-ESG,BG,Deaths,0.495947239765888,2022-02-21,3
RobertWalraven-ESG,CY,Cases,0.354409663588509,2022-02-21,3
RobertWalraven-ESG,CY,Deaths,0.310483955607756,2022-02-21,3
RobertWalraven-ESG,EE,Cases,0.393473282582156,2022-02-21,3
RobertWalraven-ESG,EE,Deaths,0.263531557587234,2022-02-21,3
RobertWalraven-ESG,ES,Cases,0.218574477704826,2022-02-21,3
RobertWalraven-ESG,FI,Cases,0.396121653653166,2022-02-21,3
RobertWalraven-ESG,FI,Deaths,0.249651100469263,2022-02-21,3
RobertWalraven-ESG,GR,Deaths,0.492091021126719,2022-02-21,3
RobertWalraven-ESG,HR,Deaths,0.424212950256393,2022-02-21,3
RobertWalraven-ESG,HU,Cases,0.276967478710701,2022-02-21,3
RobertWalraven-ESG,HU,Deaths,0.341174834011172,2022-02-21,3
RobertWalraven-ESG,IT,Deaths,0.342411296961598,2022-02-21,3
RobertWalraven-ESG,LT,Cases,0.326716423942555,2022-02-21,3
RobertWalraven-ESG,LT,Deaths,0.311350604875228,2022-02-21,3
RobertWalraven-ESG,LU,Deaths,0.323088599536147,2022-02-21,3
RobertWalraven-ESG,LV,Cases,0.423223117618839,2022-02-21,3
RobertWalraven-ESG,LV,Deaths,0.354463715751928,2022-02-21,3
RobertWalraven-ESG,NO,Cases,0.467896984023304,2022-02-21,3
RobertWalraven-ESG,PT,Deaths,0.48311371018748,2022-02-21,3
RobertWalraven-ESG,RO,Cases,0.36128371750169,2022-02-21,3
RobertWalraven-ESG,RO,Deaths,0.219029656102319,2022-02-21,3
RobertWalraven-ESG,SI,Cases,0.208447035178088,2022-02-21,3
RobertWalraven-ESG,SK,Cases,0.351399302976411,2022-02-21,3
RobertWalraven-ESG,SK,Deaths,0.382102563430524,2022-02-21,3
ULZF-SEIRC19SI,SI,Cases,0.519222254818822,2022-02-21,3
ULZF-SEIRC19SI,SI,Deaths,0.34546115935097,2022-02-21,3
epiforecasts-EpiNow2,BE,Cases,0.540027680781124,2022-02-21,3
epiforecasts-EpiNow2,BG,Cases,0.500612998516884,2022-02-21,3
epiforecasts-EpiNow2,ES,Cases,0.491950617450166,2022-02-21,3
epiforecasts-EpiNow2,FI,Cases,0.231563653749845,2022-02-21,3
epiforecasts-EpiNow2,HR,Cases,0.373431482972217,2022-02-21,3
epiforecasts-EpiNow2,HU,Cases,0.57424496859421,2022-02-21,3
epiforecasts-EpiNow2,IT,Cases,0.324832274956805,2022-02-21,3
epiforecasts-EpiNow2,MT,Cases,0.233567397587429,2022-02-21,3
epiforecasts-EpiNow2,MT,Deaths,0.310729547922103,2022-02-21,3
epiforecasts-EpiNow2,PT,Cases,0.349211669086628,2022-02-21,3
epiforecasts-EpiNow2,RO,Cases,0.457633034461344,2022-02-21,3
epiforecasts-EpiNow2,SI,Cases,0.272330710003089,2022-02-21,3
epiforecasts-weeklygrowth,AT,Cases,0.267063312903563,2022-02-21,3
epiforecasts-weeklygrowth,BE,Cases,0.199768779737837,2022-02-21,3
epiforecasts-weeklygrowth,BG,Cases,0.229479286094284,2022-02-21,3
epiforecasts-weeklygrowth,CY,Cases,0.35456622219963,2022-02-21,3
epiforecasts-weeklygrowth,EE,Cases,0.230342301067204,2022-02-21,3
epiforecasts-weeklygrowth,ES,Cases,0.289474904845008,2022-02-21,3
epiforecasts-weeklygrowth,FI,Cases,0.372314692596989,2022-02-21,3
epiforecasts-weeklygrowth,GR,Cases,0.316686511404327,2022-02-21,3
epiforecasts-weeklygrowth,HR,Cases,0.347248618872926,2022-02-21,3
epiforecasts-weeklygrowth,HU,Cases,0.148787552695089,2022-02-21,3
epiforecasts-weeklygrowth,IT,Cases,0.296549252607655,2022-02-21,3
epiforecasts-weeklygrowth,LT,Cases,0.301689809777376,2022-02-21,3
epiforecasts-weeklygrowth,LV,Cases,0.191895031035996,2022-02-21,3
epiforecasts-weeklygrowth,NO,Cases,0.315742962063451,2022-02-21,3
epiforecasts-weeklygrowth,PT,Cases,0.298249740041248,2022-02-21,3
epiforecasts-weeklygrowth,RO,Cases,0.181083248036966,2022-02-21,3
epiforecasts-weeklygrowth,SK,Cases,0.225172373181957,2022-02-21,3
IEM_Health-CovidProject,AT,Cases,0.239102118424142,2022-02-28,3
IEM_Health-CovidProject,AT,Deaths,0.503922813701048,2022-02-28,3
IEM_Health-CovidProject,BE,Deaths,0.411091234562119,2022-02-28,3
IEM_Health-CovidProject,BG,Deaths,0.341961140572992,2022-02-28,3
IEM_Health-CovidProject,CY,Cases,0.320009079614385,2022-02-28,3
IEM_Health-CovidProject,CY,Deaths,0.299944399156893,2022-02-28,3
IEM_Health-CovidProject,EE,Cases,0.312597473377441,2022-02-28,3
IEM_Health-CovidProject,EE,Deaths,0.59436626586964,2022-02-28,3
IEM_Health-CovidProject,FI,Cases,0.327504139960277,2022-02-28,3
IEM_Health-CovidProject,FI,Deaths,0.286604624115836,2022-02-28,3
IEM_Health-CovidProject,GR,Cases,0.354222529926428,2022-02-28,3
IEM_Health-CovidProject,GR,Deaths,0.199734234221352,2022-02-28,3
IEM_Health-CovidProject,HR,Deaths,0.209243553513067,2022-02-28,3
IEM_Health-CovidProject,HU,Deaths,0.339522026530538,2022-02-28,3
IEM_Health-CovidProject,IT,Deaths,0.223470531018495,2022-02-28,3
IEM_Health-CovidProject,LT,Cases,0.323516556727239,2022-02-28,3
IEM_Health-CovidProject,LT,Deaths,0.539412734166853,2022-02-28,3
IEM_Health-CovidProject,LU,Deaths,0.382484638000149,2022-02-28,3
IEM_Health-CovidProject,LV,Cases,0.239125760992456,2022-02-28,3
IEM_Health-CovidProject,LV,Deaths,0.554959221975234,2022-02-28,3
IEM_Health-CovidProject,MT,Cases,0.400502290119827,2022-02-28,3
IEM_Health-CovidProject,NO,Cases,0.307368643590798,2022-02-28,3
IEM_Health-CovidProject,PT,Cases,0.278000992119311,2022-02-28,3
IEM_Health-CovidProject,PT,Deaths,0.199320051978351,2022-02-28,3
IEM_Health-CovidProject,RO,Deaths,0.359824471896251,2022-02-28,3
IEM_Health-CovidProject,SI,Cases,0.0545443895675627,2022-02-28,3
IEM_Health-CovidProject,SI,Deaths,0.0996014125296345,2022-02-28,3
IEM_Health-CovidProject,SK,Cases,0.284043949824872,2022-02-28,3
IEM_Health-CovidProject,SK,Deaths,0.506836079889941,2022-02-28,3
ILM-EKF,AT,Deaths,0.099729152587159,2022-02-28,3
ILM-EKF,BE,Cases,0.204282964834177,2022-02-28,3
ILM-EKF,BE,Deaths,0.180201730230996,2022-02-28,3
ILM-EKF,BG,Cases,0.226521588860518,2022-02-28,3
ILM-EKF,BG,Deaths,0.250384879920865,2022-02-28,3
ILM-EKF,CY,Deaths,0.311878049723738,2022-02-28,3
ILM-EKF,EE,Deaths,0.103481782074391,2022-02-28,3
ILM-EKF,FI,Deaths,0.369797585686822,2022-02-28,3
ILM-EKF,GR,Cases,0.391067375669907,2022-02-28,3
ILM-EKF,GR,Deaths,0.367302296359506,2022-02-28,3
ILM-EKF,HR,Cases,0.287731369088977,2022-02-28,3
ILM-EKF,HR,Deaths,0.292586510813648,2022-02-28,3
ILM-EKF,HU,Deaths,0.259572355709022,2022-02-28,3
ILM-EKF,IT,Cases,0.563243800681351,2022-02-28,3
ILM-EKF,IT,Deaths,0.467268406655127,2022-02-28,3
ILM-EKF,LT,Deaths,0.0609676829570343,2022-02-28,3
ILM-EKF,LU,Deaths,0.14987938507777,2022-02-28,3
ILM-EKF,LV,Deaths,0.0491166162520513,2022-02-28,3
ILM-EKF,MT,Cases,0.390921112337801,2022-02-28,3
ILM-EKF,MT,Deaths,0.384815969535894,2022-02-28,3
ILM-EKF,RO,Deaths,0.223257803227068,2022-02-28,3
ILM-EKF,SK,Deaths,0.039677181349692,2022-02-28,3
RobertWalraven-ESG,AT,Cases,0.489973704062623,2022-02-28,3
RobertWalraven-ESG,AT,Deaths,0.396348033711793,2022-02-28,3
RobertWalraven-ESG,BE,Cases,0.159907257907976,2022-02-28,3
RobertWalraven-ESG,BE,Deaths,0.408707035206885,2022-02-28,3
RobertWalraven-ESG,BG,Deaths,0.407653979506144,2022-02-28,3
RobertWalraven-ESG,CY,Cases,0.378242684329131,2022-02-28,3
RobertWalraven-ESG,CY,Deaths,0.388177551119369,2022-02-28,3
RobertWalraven-ESG,EE,Cases,0.470141304474968,2022-02-28,3
RobertWalraven-ESG,EE,Deaths,0.302151952055969,2022-02-28,3
RobertWalraven-ESG,ES,Cases,0.236042425044996,2022-02-28,3
RobertWalraven-ESG,FI,Cases,0.382744661995436,2022-02-28,3
RobertWalraven-ESG,FI,Deaths,0.343597790197342,2022-02-28,3
RobertWalraven-ESG,GR,Deaths,0.432963469419142,2022-02-28,3
RobertWalraven-ESG,HR,Deaths,0.498169935673286,2022-02-28,3
RobertWalraven-ESG,HU,Cases,0.173874358541578,2022-02-28,3
RobertWalraven-ESG,HU,Deaths,0.40090561776044,2022-02-28,3
RobertWalraven-ESG,IT,Deaths,0.309261062326379,2022-02-28,3
RobertWalraven-ESG,LT,Cases,0.400533310894071,2022-02-28,3
RobertWalraven-ESG,LT,Deaths,0.399619582876113,2022-02-28,3
RobertWalraven-ESG,LU,Deaths,0.467635976922081,2022-02-28,3
RobertWalraven-ESG,LV,Cases,0.662091381029751,2022-02-28,3
RobertWalraven-ESG,LV,Deaths,0.395924161772714,2022-02-28,3
RobertWalraven-ESG,MT,Deaths,0.184588601572647,2022-02-28,3
RobertWalraven-ESG,NO,Cases,0.335427819592797,2022-02-28,3
RobertWalraven-ESG,PT,Deaths,0.533826560302559,2022-02-28,3
RobertWalraven-ESG,RO,Cases,0.266646000861167,2022-02-28,3
RobertWalraven-ESG,RO,Deaths,0.416917724876682,2022-02-28,3
RobertWalraven-ESG,SI,Deaths,0.242091157332674,2022-02-28,3
RobertWalraven-ESG,SK,Cases,0.532506342897678,2022-02-28,3
RobertWalraven-ESG,SK,Deaths,0.453486738760367,2022-02-28,3
ULZF-SEIRC19SI,SI,Cases,0.757704354107606,2022-02-28,3
ULZF-SEIRC19SI,SI,Deaths,0.658307430137692,2022-02-28,3
epiforecasts-EpiNow2,BE,Cases,0.635809777257848,2022-02-28,3
epiforecasts-EpiNow2,BG,Cases,0.546420478964277,2022-02-28,3
epiforecasts-EpiNow2,EE,Cases,0.217261222147591,2022-02-28,3
epiforecasts-EpiNow2,ES,Cases,0.476817096852583,2022-02-28,3
epiforecasts-EpiNow2,HR,Cases,0.425479508092727,2022-02-28,3
epiforecasts-EpiNow2,HU,Cases,0.69508867886563,2022-02-28,3
epiforecasts-EpiNow2,IT,Cases,0.17791585988352,2022-02-28,3
epiforecasts-EpiNow2,LT,Cases,0.275950132378691,2022-02-28,3
epiforecasts-EpiNow2,LV,Cases,0.0987828579777936,2022-02-28,3
epiforecasts-EpiNow2,MT,Cases,0.208576597542372,2022-02-28,3
epiforecasts-EpiNow2,MT,Deaths,0.430595428891459,2022-02-28,3
epiforecasts-EpiNow2,PT,Cases,0.451330924467227,2022-02-28,3
epiforecasts-EpiNow2,PT,Deaths,0.26685338771909,2022-02-28,3
epiforecasts-EpiNow2,RO,Cases,0.534735100023659,2022-02-28,3
epiforecasts-EpiNow2,SI,Cases,0.187751256324832,2022-02-28,3
epiforecasts-EpiNow2,SK,Cases,0.183449707277449,2022-02-28,3
epiforecasts-weeklygrowth,AT,Cases,0.270924177513235,2022-02-28,3
epiforecasts-weeklygrowth,BG,Cases,0.227057932175205,2022-02-28,3
epiforecasts-weeklygrowth,CY,Cases,0.301748236056485,2022-02-28,3
epiforecasts-weeklygrowth,ES,Cases,0.287140478102422,2022-02-28,3
epiforecasts-weeklygrowth,FI,Cases,0.289751198044287,2022-02-28,3
epiforecasts-weeklygrowth,GR,Cases,0.254710094403665,2022-02-28,3
epiforecasts-weeklygrowth,HR,Cases,0.286789122818296,2022-02-28,3
epiforecasts-weeklygrowth,HU,Cases,0.131036962592792,2022-02-28,3
epiforecasts-weeklygrowth,IT,Cases,0.258840339435129,2022-02-28,3
epiforecasts-weeklygrowth,NO,Cases,0.357203536816405,2022-02-28,3
epiforecasts-weeklygrowth,PT,Cases,0.270668083413462,2022-02-28,3
epiforecasts-weeklygrowth,RO,Cases,0.198618899115173,2022-02-28,3
IEM_Health-CovidProject,AT,Cases,0.310441512328006,2022-03-07,3
IEM_Health-CovidProject,AT,Deaths,0.364041264365672,2022-03-07,3
IEM_Health-CovidProject,BE,Cases,0.177432391789431,2022-03-07,3
IEM_Health-CovidProject,BE,Deaths,0.330789083714748,2022-03-07,3
IEM_Health-CovidProject,BG,Cases,0.242942252644376,2022-03-07,3
IEM_Health-CovidProject,BG,Deaths,0.244704033640815,2022-03-07,3
IEM_Health-CovidProject,CY,Cases,0.414740957297036,2022-03-07,3
IEM_Health-CovidProject,CY,Deaths,0.241413302695981,2022-03-07,3
IEM_Health-CovidProject,EE,Cases,0.364347890192859,2022-03-07,3
IEM_Health-CovidProject,EE,Deaths,0.424910814363281,2022-03-07,3
IEM_Health-CovidProject,FI,Deaths,0.216225550734266,2022-03-07,3
IEM_Health-CovidProject,GR,Cases,0.453239259557115,2022-03-07,3
IEM_Health-CovidProject,GR,Deaths,0.313623407164326,2022-03-07,3
IEM_Health-CovidProject,HR,Deaths,0.18636860437892,2022-03-07,3
IEM_Health-CovidProject,HU,Deaths,0.318250541220541,2022-03-07,3
IEM_Health-CovidProject,IT,Cases,0.307203596515648,2022-03-07,3
IEM_Health-CovidProject,IT,Deaths,0.250652171364439,2022-03-07,3
IEM_Health-CovidProject,LT,Cases,0.298312793910594,2022-03-07,3
IEM_Health-CovidProject,LT,Deaths,0.444662519341059,2022-03-07,3
IEM_Health-CovidProject,LU,Deaths,0.338989673409911,2022-03-07,3
IEM_Health-CovidProject,LV,Cases,0.384388761708191,2022-03-07,3
IEM_Health-CovidProject,LV,Deaths,0.429569883288794,2022-03-07,3
IEM_Health-CovidProject,MT,Cases,0.375815237211401,2022-03-07,3
IEM_Health-CovidProject,MT,Deaths,0.132384023961964,2022-03-07,3
IEM_Health-CovidProject,NO,Cases,0.516531783871664,2022-03-07,3
IEM_Health-CovidProject,PT,Cases,0.238358381122006,2022-03-07,3
IEM_Health-CovidProject,PT,Deaths,0.157290141206715,2022-03-07,3
IEM_Health-CovidProject,SK,Deaths,0.408675104051849,2022-03-07,3
ILM-EKF,AT,Cases,0.392998649775504,2022-03-07,3
ILM-EKF,BE,Cases,0.552473923233558,2022-03-07,3
ILM-EKF,BE,Deaths,0.222683627427165,2022-03-07,3
ILM-EKF,BG,Cases,0.274418142402547,2022-03-07,3
ILM-EKF,BG,Deaths,0.291469155028746,2022-03-07,3
ILM-EKF,CY,Deaths,0.343785565809804,2022-03-07,3
ILM-EKF,FI,Deaths,0.362460241659833,2022-03-07,3
ILM-EKF,GR,Cases,0.254168580599662,2022-03-07,3
ILM-EKF,GR,Deaths,0.353114992470839,2022-03-07,3
ILM-EKF,HR,Cases,0.383953957148799,2022-03-07,3
ILM-EKF,HR,Deaths,0.452389665995878,2022-03-07,3
ILM-EKF,HU,Cases,0.213470427869669,2022-03-07,3
ILM-EKF,HU,Deaths,0.394856142848847,2022-03-07,3
ILM-EKF,IT,Cases,0.390361960939269,2022-03-07,3
ILM-EKF,IT,Deaths,0.379972705471424,2022-03-07,3
ILM-EKF,LT,Deaths,0.0799173435852637,2022-03-07,3
ILM-EKF,LV,Cases,0.214211907139356,2022-03-07,3
ILM-EKF,MT,Cases,0.394041808607906,2022-03-07,3
ILM-EKF,MT,Deaths,0.317520903050464,2022-03-07,3
ILM-EKF,PT,Cases,0.473227513592281,2022-03-07,3
ILM-EKF,RO,Cases,0.213818774202745,2022-03-07,3
ILM-EKF,RO,Deaths,0.265889221341447,2022-03-07,3
ILM-EKF,SI,Cases,0.0681014701436192,2022-03-07,3
ILM-EKF,SK,Deaths,0.170908642328697,2022-03-07,3
RobertWalraven-ESG,AT,Cases,0.29655983789649,2022-03-07,3
RobertWalraven-ESG,AT,Deaths,0.414145349816032,2022-03-07,3
RobertWalraven-ESG,BE,Deaths,0.446527288858087,2022-03-07,3
RobertWalraven-ESG,CY,Cases,0.402083770985226,2022-03-07,3
RobertWalraven-ESG,CY,Deaths,0.414801131494215,2022-03-07,3
RobertWalraven-ESG,EE,Cases,0.359241582895159,2022-03-07,3
RobertWalraven-ESG,EE,Deaths,0.307511530910832,2022-03-07,3
RobertWalraven-ESG,ES,Cases,0.460049011393167,2022-03-07,3
RobertWalraven-ESG,FI,Cases,0.396861533185377,2022-03-07,3
RobertWalraven-ESG,FI,Deaths,0.421314207605901,2022-03-07,3
RobertWalraven-ESG,GR,Cases,0.292592159843223,2022-03-07,3
RobertWalraven-ESG,GR,Deaths,0.333261600364835,2022-03-07,3
RobertWalraven-ESG,HR,Deaths,0.361241729625202,2022-03-07,3
RobertWalraven-ESG,HU,Deaths,0.286893315930612,2022-03-07,3
RobertWalraven-ESG,IT,Deaths,0.369375123164137,2022-03-07,3
RobertWalraven-ESG,LT,Cases,0.324151216206666,2022-03-07,3
RobertWalraven-ESG,LT,Deaths,0.475420137073678,2022-03-07,3
RobertWalraven-ESG,LU,Deaths,0.344632015096094,2022-03-07,3
RobertWalraven-ESG,LV,Cases,0.401399331152453,2022-03-07,3
RobertWalraven-ESG,LV,Deaths,0.392907038822863,2022-03-07,3
RobertWalraven-ESG,MT,Cases,0.230142954180693,2022-03-07,3
RobertWalraven-ESG,NO,Cases,0.184106673037565,2022-03-07,3
RobertWalraven-ESG,PT,Deaths,0.353988074369368,2022-03-07,3
RobertWalraven-ESG,RO,Deaths,0.275479378199472,2022-03-07,3
RobertWalraven-ESG,SI,Deaths,0.155562487355755,2022-03-07,3
RobertWalraven-ESG,SK,Cases,0.415765939887152,2022-03-07,3
RobertWalraven-ESG,SK,Deaths,0.420416253619454,2022-03-07,3
ULZF-SEIRC19SI,SI,Cases,0.744992436406526,2022-03-07,3
ULZF-SEIRC19SI,SI,Deaths,0.662875315373592,2022-03-07,3
epiforecasts-EpiNow2,AT,Deaths,0.221813385818296,2022-03-07,3
epiforecasts-EpiNow2,BE,Cases,0.270093684977011,2022-03-07,3
epiforecasts-EpiNow2,BG,Cases,0.482639604953077,2022-03-07,3
epiforecasts-EpiNow2,BG,Deaths,0.463826811330439,2022-03-07,3
epiforecasts-EpiNow2,EE,Deaths,0.267577654725888,2022-03-07,3
epiforecasts-EpiNow2,ES,Cases,0.263147352023729,2022-03-07,3
epiforecasts-EpiNow2,FI,Cases,0.306170519255428,2022-03-07,3
epiforecasts-EpiNow2,HR,Cases,0.376804422973855,2022-03-07,3
epiforecasts-EpiNow2,HU,Cases,0.645620509355392,2022-03-07,3
epiforecasts-EpiNow2,LU,Deaths,0.316378311493995,2022-03-07,3
epiforecasts-EpiNow2,LV,Deaths,0.177523077888343,2022-03-07,3
epiforecasts-EpiNow2,MT,Deaths,0.550095072987571,2022-03-07,3
epiforecasts-EpiNow2,PT,Deaths,0.488721784423917,2022-03-07,3
epiforecasts-EpiNow2,RO,Cases,0.580180415841134,2022-03-07,3
epiforecasts-EpiNow2,RO,Deaths,0.458631400459081,2022-03-07,3
epiforecasts-EpiNow2,SI,Cases,0.186906093449855,2022-03-07,3
epiforecasts-EpiNow2,SI,Deaths,0.181562197270653,2022-03-07,3
epiforecasts-EpiNow2,SK,Cases,0.323185368500812,2022-03-07,3
epiforecasts-weeklygrowth,CY,Cases,0.183175271717738,2022-03-07,3
epiforecasts-weeklygrowth,EE,Cases,0.276410526911982,2022-03-07,3
epiforecasts-weeklygrowth,ES,Cases,0.276803636583104,2022-03-07,3
epiforecasts-weeklygrowth,FI,Cases,0.296967947559195,2022-03-07,3
epiforecasts-weeklygrowth,HR,Cases,0.239241619877346,2022-03-07,3
epiforecasts-weeklygrowth,HU,Cases,0.14090906277494,2022-03-07,3
epiforecasts-weeklygrowth,IT,Cases,0.302434442545083,2022-03-07,3
epiforecasts-weeklygrowth,LT,Cases,0.377535989882741,2022-03-07,3
epiforecasts-weeklygrowth,NO,Cases,0.299361543090771,2022-03-07,3
epiforecasts-weeklygrowth,PT,Cases,0.288414105285713,2022-03-07,3
epiforecasts-weeklygrowth,RO,Cases,0.20600080995612,2022-03-07,3
epiforecasts-weeklygrowth,SK,Cases,0.261048691612037,2022-03-07,3
