model,location,target_type,forecast_date,target_val,current_val,rel_score,average,nmod
mean_ensemble,CZ,Cases,2021-04-12,1382.58634057971,1466.66956521739,0.942670641955254,,3
mean_ensemble,CZ,Deaths,2021-04-12,29.1617391304348,28.1125543478261,1.03732086275859,,3
mean_ensemble,DE,Cases,2021-04-12,19594.3947826087,13536.7779891304,1.44749325122583,,3
mean_ensemble,DE,Deaths,2021-04-12,131.082608695652,139.261956521739,0.941266459050429,,3
mean_ensemble,FR,Cases,2021-04-12,65222.8826811594,48169.5078804348,1.3540284206983,,3
mean_ensemble,FR,Deaths,2021-04-12,259.743079710145,259.95027173913,0.999202955135998,,3
mean_ensemble,GB,Cases,2021-04-12,6399.35902173913,5043.48777173913,1.26883603398377,,3
mean_ensemble,GB,Deaths,2021-04-12,36.7544927536232,41.0977717391304,0.894318382683217,,3
mean_ensemble,PL,Cases,2021-04-12,7398.88134057973,21065.6732608696,0.351229284198739,,3
mean_ensemble,PL,Deaths,2021-04-12,269.156413043478,186.638043478261,1.4421304897296,,3
mean_ensemble,CZ,Cases,2021-04-19,1101.42260869565,1190.77119565217,0.924965780762286,,3
mean_ensemble,CZ,Deaths,2021-04-19,30.1270652173913,20.7639673913044,1.45093009681801,,3
mean_ensemble,DE,Cases,2021-04-19,15391.179057971,29133.4591304348,0.528299059478741,,3
mean_ensemble,DE,Deaths,2021-04-19,112.782065217391,207.764347826087,0.542836470248484,,3
mean_ensemble,FR,Cases,2021-04-19,68251.0875362319,53654.6421739131,1.2720444079192,,3
mean_ensemble,FR,Deaths,2021-04-19,215.526920289855,353.267608695652,0.610095335617187,,3
mean_ensemble,GB,Cases,2021-04-19,1919.04221014493,2292.33673913044,0.837155456869259,,3
mean_ensemble,GB,Deaths,2021-04-19,16.438731884058,17.7688043478261,0.925145640768403,,3
mean_ensemble,PL,Cases,2021-04-19,21830.1775362319,18061.3927173913,1.20866523849025,,3
mean_ensemble,PL,Deaths,2021-04-19,533.090217391304,184.177119565217,2.89444323295835,,3
mean_ensemble,CZ,Cases,2021-04-26,1321.39956521739,2377.40782608696,0.555815266828797,,3
mean_ensemble,CZ,Deaths,2021-04-26,27.2327898550725,23.9485869565217,1.13713556062882,,3
mean_ensemble,DE,Cases,2021-04-26,21432.3780434783,38831.9802173913,0.551925962144973,,3
mean_ensemble,DE,Deaths,2021-04-26,99.3813405797102,137.62652173913,0.722108931649718,,3
mean_ensemble,FR,Cases,2021-04-26,139606.081376812,132008.749836957,1.05755172705778,,3
mean_ensemble,FR,Deaths,2021-04-26,249.672065217391,269.893423913044,0.92507650463478,,3
mean_ensemble,GB,Cases,2021-04-26,2038.73329710145,2126.60934782609,0.958677859281268,,3
mean_ensemble,GB,Deaths,2021-04-26,17.9819565217392,14.929347826087,1.20447033127048,,3
mean_ensemble,PL,Cases,2021-04-26,3306.4677173913,4160.10260869565,0.794804366238458,,3
mean_ensemble,PL,Deaths,2021-04-26,239.535253623188,158.412336956522,1.51209974062141,,3
mean_ensemble,CZ,Cases,2021-05-03,1081.02985507246,2149.0277173913,0.503032067164178,,3
mean_ensemble,CZ,Deaths,2021-05-03,21.0164492753623,33.0164130434783,0.636545503828246,,3
mean_ensemble,DE,Cases,2021-05-03,43663.100615942,27765.1694021739,1.57258542108961,,3
mean_ensemble,DE,Deaths,2021-05-03,252.890688405797,101.690434782609,2.4868680023487,,3
mean_ensemble,FR,Cases,2021-05-03,104493.31115942,97406.355326087,1.07275660617429,,3
mean_ensemble,FR,Deaths,2021-05-03,116.546884057971,216.115652173913,0.539280162661162,,3
mean_ensemble,GB,Cases,2021-05-03,1877.09985507247,1683.55315217391,1.11496322682098,,3
mean_ensemble,GB,Deaths,2021-05-03,12.2347826086956,10.2663043478261,1.19174166225516,,3
mean_ensemble,PL,Cases,2021-05-03,1354.23753623188,3823.07945652174,0.354226887417082,,3
mean_ensemble,PL,Deaths,2021-05-03,162.398260869565,101.31402173913,1.60291989284285,,3
mean_ensemble,CZ,Cases,2021-05-10,1263.0665942029,1586.90065217391,0.795932998371769,,3
mean_ensemble,CZ,Deaths,2021-05-10,28.2734057971014,40.8302173913044,0.692462778881086,,3
mean_ensemble,DE,Cases,2021-05-10,19910.8147463768,15884.2697826087,1.25349260739557,,3
mean_ensemble,DE,Deaths,2021-05-10,93.0222463768115,78.1940217391304,1.1896337380772,,3
mean_ensemble,FR,Cases,2021-05-10,103845.257101449,98018.0625543478,1.05945021147373,,3
mean_ensemble,FR,Deaths,2021-05-10,103.575398550724,127.557608695652,0.811989183631151,,3
mean_ensemble,GB,Cases,2021-05-10,4816.51177536232,4421.32461956522,1.08938207207141,,3
mean_ensemble,GB,Deaths,2021-05-10,7.58771739130435,10.4979891304348,0.722778171803089,,3
mean_ensemble,PL,Cases,2021-05-10,1817.91003623189,3954.45336956522,0.459712093262529,,3
mean_ensemble,PL,Deaths,2021-05-10,125.722934782609,93.7517391304348,1.34101976079284,,3
mean_ensemble,CZ,Cases,2021-05-17,470.751413043478,651.893695652174,0.72212910814013,,3
mean_ensemble,CZ,Deaths,2021-05-17,18.0106884057971,23.27625,0.773779642588351,,3
mean_ensemble,DE,Cases,2021-05-17,3772.77855072464,3014.46076086957,1.25156001355159,,3
mean_ensemble,DE,Deaths,2021-05-17,62.2587681159421,59.1986956521739,1.05169155215425,,3
mean_ensemble,FR,Cases,2021-05-17,95941.2863043478,93609.6234782609,1.02490836667694,,3
mean_ensemble,FR,Deaths,2021-05-17,114.760036231884,93.4338043478261,1.22824963655196,,3
mean_ensemble,GB,Cases,2021-05-17,9340.25235507246,9673.26592391304,0.965573822588983,,3
mean_ensemble,GB,Deaths,2021-05-17,8.30126811594203,8.85217391304348,0.937766044531761,,3
mean_ensemble,PL,Cases,2021-05-17,2677.25014492754,4637.23880434783,0.577337130539272,,3
mean_ensemble,PL,Deaths,2021-05-17,179.635579710145,81.9801086956522,2.19120933807291,,3
mean_ensemble,CZ,Cases,2021-05-24,248.033333333333,506.792934782609,0.489417504290443,,3
mean_ensemble,CZ,Deaths,2021-05-24,10.825652173913,10.441902173913,1.03675096678828,,3
mean_ensemble,DE,Cases,2021-05-24,6355.15456521739,8713.84505434783,0.729316911831758,,3
mean_ensemble,DE,Deaths,2021-05-24,64.0242028985507,50.7050543478261,1.26267891282313,,3
mean_ensemble,FR,Cases,2021-05-24,14473.6569202899,9026.72369565217,1.60342305894012,,3
mean_ensemble,FR,Deaths,2021-05-24,114.090760869565,122.513586956522,0.931249861372962,,3
mean_ensemble,GB,Cases,2021-05-24,17521.9581884058,21411.5259782609,0.818342336094861,,3
mean_ensemble,GB,Deaths,2021-05-24,23.6835869565217,23.6632065217391,1.00086127105234,,3
mean_ensemble,PL,Cases,2021-05-24,292.625833333333,817.855489130435,0.357796502221267,,3
mean_ensemble,PL,Deaths,2021-05-24,50.7532246376812,63.9291304347826,0.793898247833312,,3
mean_ensemble,CZ,Cases,2021-05-31,218.785434782609,199.126956521739,1.09872334014568,,3
mean_ensemble,CZ,Deaths,2021-05-31,9.76452898550725,8.90652173913044,1.0963347164592,,3
mean_ensemble,DE,Cases,2021-05-31,1657.42141304348,1835.58195652174,0.902940567243393,,3
mean_ensemble,DE,Deaths,2021-05-31,56.8214855072464,48.7001086956522,1.16676301201601,,3
mean_ensemble,FR,Cases,2021-05-31,8327.91576086956,4840.98891304348,1.72029226062282,,3
mean_ensemble,FR,Deaths,2021-05-31,68.6669565217392,62.4085869565217,1.10028058429808,,3
mean_ensemble,GB,Cases,2021-05-31,15003.9676449275,17098.0723913043,0.877523927934601,,3
mean_ensemble,GB,Deaths,2021-05-31,10.9365942028986,13.2704347826087,0.824132319856716,,3
mean_ensemble,PL,Cases,2021-05-31,198.982173913044,263.645434782609,0.754734001281366,,3
mean_ensemble,PL,Deaths,2021-05-31,29.9210507246377,35.0245652173913,0.854287570421588,,3
mean_ensemble,CZ,Cases,2021-06-07,152.05036231884,187.318043478261,0.811722989923748,,3
mean_ensemble,CZ,Deaths,2021-06-07,9.46311594202899,8.41146739130435,1.12502557542003,,3
mean_ensemble,DE,Cases,2021-06-07,1514.9365942029,1793.64076086957,0.84461539191853,,3
mean_ensemble,DE,Deaths,2021-06-07,91.1755434782609,50.9749456521739,1.78863444211191,,3
mean_ensemble,FR,Cases,2021-06-07,11024.3861594203,14553.0702173913,0.75752992287812,,3
mean_ensemble,FR,Deaths,2021-06-07,62.401231884058,49.0535326086957,1.27210475098375,,3
mean_ensemble,GB,Cases,2021-06-07,13795.7262318841,12449.9569565217,1.10809429141499,,3
mean_ensemble,GB,Deaths,2021-06-07,32.4609420289855,24.3733152173913,1.33182300969149,,3
mean_ensemble,PL,Cases,2021-06-07,198.196123188406,150.006956521739,1.32124621273603,,3
mean_ensemble,PL,Deaths,2021-06-07,30.5485869565217,26.0697826086957,1.17180060206302,,3
mean_ensemble,CZ,Cases,2021-06-14,329.357753623188,233.128804347826,1.41277159870725,,3
mean_ensemble,CZ,Deaths,2021-06-14,7.44108695652174,5.46336956521739,1.36199590155781,,3
mean_ensemble,DE,Cases,2021-06-14,1244.2559057971,1481.86054347826,0.839657895793994,,3
mean_ensemble,DE,Deaths,2021-06-14,35.7344927536232,40.2708695652174,0.887353393145692,,3
mean_ensemble,FR,Cases,2021-06-14,8855.80623188406,5086.19739130435,1.74114481813554,,3
mean_ensemble,FR,Deaths,2021-06-14,73.9127536231884,45.0498369565217,1.64068859326889,,3
mean_ensemble,GB,Cases,2021-06-14,26129.1462681159,17458.8858695652,1.49661017680773,,3
mean_ensemble,GB,Deaths,2021-06-14,33.0035507246377,25.1922826086957,1.31006591333037,,3
mean_ensemble,PL,Cases,2021-06-14,98.621304347826,206.125869565217,0.478451853500235,,3
mean_ensemble,PL,Deaths,2021-06-14,11.5239130434782,11.1182608695652,1.03648521820741,,3
mean_ensemble,CZ,Cases,2021-06-21,753.409492753623,488.987065217391,1.54075546439797,,3
mean_ensemble,CZ,Deaths,2021-06-21,7.13695652173913,4.39184782608696,1.62504640514788,,3
mean_ensemble,DE,Cases,2021-06-21,1973.53641304348,1550.90967391304,1.27250248434141,,3
mean_ensemble,DE,Deaths,2021-06-21,45.4765942028985,31.9963043478261,1.4213077144326,,3
mean_ensemble,FR,Cases,2021-06-21,11667.2954710145,11416.744673913,1.02194590526965,,3
mean_ensemble,FR,Deaths,2021-06-21,26.1114492753623,32.7422826086957,0.797484084644351,,3
mean_ensemble,GB,Cases,2021-06-21,62546.7388043479,63172.4954347826,0.990094476621067,,3
mean_ensemble,GB,Deaths,2021-06-21,21.3997101449275,34.8577173913044,0.613915991821827,,3
mean_ensemble,PL,Cases,2021-06-21,126.120289855073,71.2167391304348,1.77093603828281,,3
mean_ensemble,PL,Deaths,2021-06-21,9.63840579710144,7.90086956521739,1.21991708856116,,3
mean_ensemble,CZ,Cases,2021-06-28,631.21134057971,572.845652173913,1.10188728531726,,3
mean_ensemble,CZ,Deaths,2021-06-28,4.24909420289855,4.12076086956522,1.03114311589424,,3
mean_ensemble,DE,Cases,2021-06-28,4590.19594202899,3635.72152173913,1.26252682296561,,3
mean_ensemble,DE,Deaths,2021-06-28,24.0702898550725,26.9844565217391,0.892005730620554,,3
mean_ensemble,FR,Cases,2021-06-28,43707.6565217391,40474.5481521739,1.07988003615036,,3
mean_ensemble,FR,Deaths,2021-06-28,24.4915579710145,27.0605434782609,0.905065265621507,,3
mean_ensemble,GB,Cases,2021-06-28,22081.4147463768,26321.1841304348,0.838921783949849,,3
mean_ensemble,GB,Deaths,2021-06-28,27.0101086956521,34.2927717391304,0.787632708756281,,3
mean_ensemble,PL,Cases,2021-06-28,111.877282608696,111.57875,1.00267553282946,,3
mean_ensemble,PL,Deaths,2021-06-28,5.07010869565217,5.44548913043478,0.931065800373265,,3
mean_ensemble,CZ,Cases,2021-07-05,291.265471014493,337.438260869565,0.863166702744119,,3
mean_ensemble,CZ,Deaths,2021-07-05,3.98858695652174,4.56146739130435,0.87440874051304,,3
mean_ensemble,DE,Cases,2021-07-05,5191.48347826087,4029.78869565217,1.28827684783127,,3
mean_ensemble,DE,Deaths,2021-07-05,17.9284057971015,22.4128260869565,0.799917231657598,,3
mean_ensemble,FR,Cases,2021-07-05,65458.3364130435,63389.0876086957,1.03264361236939,,3
mean_ensemble,FR,Deaths,2021-07-05,33.8981521739131,30.5835869565217,1.10837725549012,,3
mean_ensemble,GB,Cases,2021-07-05,168843.448804348,95610.5691304348,1.76594962607122,,3
mean_ensemble,GB,Deaths,2021-07-05,43.7130797101449,57.7308695652174,0.757187273279561,,3
mean_ensemble,PL,Cases,2021-07-05,134.964963768116,126.592065217391,1.06614078486156,,3
mean_ensemble,PL,Deaths,2021-07-05,4.25471014492754,4.92815217391304,0.863347963857459,,3
mean_ensemble,CZ,Cases,2021-07-12,907.739202898551,692.418369565217,1.31096926771099,,3
mean_ensemble,CZ,Deaths,2021-07-12,14.3554347826087,7.8466847826087,1.82949043836015,,3
mean_ensemble,DE,Cases,2021-07-12,2279.42018115942,3078.42918478261,0.740449120099018,,3
mean_ensemble,DE,Deaths,2021-07-12,26.7654347826087,17.4077173913044,1.53756142640383,,3
mean_ensemble,FR,Cases,2021-07-12,35646.2912681159,31214.1509782609,1.1419913773385,,3
mean_ensemble,FR,Deaths,2021-07-12,91.6507971014493,26.9430434782609,3.40164974960599,,3
mean_ensemble,GB,Cases,2021-07-12,131274.024311594,110810.593913043,1.18467034311366,,3
mean_ensemble,GB,Deaths,2021-07-12,58.9834420289855,60.6806521739131,0.972030456428463,,3
mean_ensemble,PL,Cases,2021-07-12,158.984166666667,198.436032608696,0.801185977045682,,3
mean_ensemble,PL,Deaths,2021-07-12,3.23507246376811,5.29875,0.610535025009316,,3
mean_ensemble,CZ,Cases,2021-07-19,522.198840579711,532.10847826087,0.981376658921979,,3
mean_ensemble,CZ,Deaths,2021-07-19,8.76521739130435,8.52923913043478,1.0276669767679,,3
mean_ensemble,DE,Cases,2021-07-19,6017.03876811595,2607.75956521739,2.30735948527308,,3
mean_ensemble,DE,Deaths,2021-07-19,23.9584420289855,23.8509782608696,1.00450563356104,,3
mean_ensemble,FR,Cases,2021-07-19,38997.8926086957,27471.3414130435,1.4195845780643,,3
mean_ensemble,FR,Deaths,2021-07-19,199.392282608696,79.0440217391304,2.52254728721612,,3
mean_ensemble,GB,Cases,2021-07-19,296705.657318841,225848.945543478,1.31373496832077,,3
mean_ensemble,GB,Deaths,2021-07-19,62.7365942028986,78.563152173913,0.798549860423374,,3
mean_ensemble,PL,Cases,2021-07-19,57.7793115942028,112.88875,0.511825240284819,,3
mean_ensemble,PL,Deaths,2021-07-19,15.7257246376812,7.04902173913044,2.2309088012007,,3
mean_ensemble,CZ,Cases,2021-07-26,229.39365942029,191.025760869565,1.20085196036425,,3
mean_ensemble,CZ,Deaths,2021-07-26,9.26489130434782,8.73864130434783,1.06022103227171,,3
mean_ensemble,DE,Cases,2021-07-26,2581.95815217391,2592.4652173913,0.995947075722789,,3
mean_ensemble,DE,Deaths,2021-07-26,147.156666666667,102.158260869565,1.44047740646794,,3
mean_ensemble,FR,Cases,2021-07-26,541919.284746377,232343.429347826,2.3324063274245,,3
mean_ensemble,FR,Deaths,2021-07-26,93.7316666666667,370.298695652174,0.253124485090571,,3
mean_ensemble,GB,Cases,2021-07-26,27437.9617391305,39314.3890217391,0.697911437055743,,3
mean_ensemble,GB,Deaths,2021-07-26,67.6885144927536,54.4948913043478,1.24210752370751,,3
mean_ensemble,PL,Cases,2021-07-26,137.825615942029,150.603913043478,0.915152954241233,,3
mean_ensemble,PL,Deaths,2021-07-26,3.97800724637681,5.55646739130435,0.715923799463349,,3
mean_ensemble,CZ,Cases,2021-08-02,206.75902173913,148.727934782609,1.39018283311299,,3
mean_ensemble,CZ,Deaths,2021-08-02,7.64778985507247,7.15565217391304,1.0687760764775,,3
mean_ensemble,DE,Cases,2021-08-02,4260.84311594203,4832.54130434783,0.881698230309704,,3
mean_ensemble,DE,Deaths,2021-08-02,102.216920289855,109.809456521739,0.930857173212756,,3
mean_ensemble,FR,Cases,2021-08-02,106566.746630435,21971.7364130435,4.85017408852455,,3
mean_ensemble,FR,Deaths,2021-08-02,157.666956521739,70.4975,2.23649003896222,,3
mean_ensemble,GB,Cases,2021-08-02,23244.0197826087,40584.2334782609,0.572735217361182,,3
mean_ensemble,GB,Deaths,2021-08-02,260.513224637681,165.367282608696,1.57536134432424,,3
mean_ensemble,PL,Cases,2021-08-02,192.924130434783,151.385108695652,1.27439305026125,,3
mean_ensemble,PL,Deaths,2021-08-02,3.81010869565218,4.94445652173913,0.770581898920618,,3
mean_ensemble,CZ,Cases,2021-08-09,207.855471014493,160.41902173913,1.2957033945295,,3
mean_ensemble,CZ,Deaths,2021-08-09,3.10996376811594,2.74097826086957,1.13461818085683,,3
mean_ensemble,DE,Cases,2021-08-09,9186.08862318841,10201.9520652174,0.900424601533615,,3
mean_ensemble,DE,Deaths,2021-08-09,27.3265579710145,59.4744565217391,0.459467132096047,,3
mean_ensemble,FR,Cases,2021-08-09,18524.4452536232,17281.2047282609,1.07194177402049,,3
mean_ensemble,FR,Deaths,2021-08-09,111.973550724638,63.7803804347826,1.75561120773079,,3
mean_ensemble,GB,Cases,2021-08-09,68713.1606884058,17022.5809782609,4.03658885665797,,3
mean_ensemble,GB,Deaths,2021-08-09,165.066231884058,167.005489130435,0.9883880628327,,3
mean_ensemble,PL,Cases,2021-08-09,117.312427536232,174.535,0.672142707973943,,3
mean_ensemble,PL,Deaths,2021-08-09,4.48188405797102,7.3416847826087,0.610470783026247,,3
mean_ensemble,CZ,Cases,2021-08-16,286.699891304348,268.049130434783,1.06957963579032,,3
mean_ensemble,CZ,Deaths,2021-08-16,3.5931884057971,3.59434782608696,0.999677432361598,,3
mean_ensemble,DE,Cases,2021-08-16,14525.1141666667,6106.12510869565,2.37877768766671,,3
mean_ensemble,DE,Deaths,2021-08-16,32.1475362318841,27.1496739130435,1.1840855376329,,3
mean_ensemble,FR,Cases,2021-08-16,46569.2402173913,19917.1479891304,2.33814802414512,,3
mean_ensemble,FR,Deaths,2021-08-16,69.0881884057971,78.0733152173913,0.884914240075812,,3
mean_ensemble,GB,Cases,2021-08-16,31984.114057971,16825.6944565217,1.90090900203966,,3
mean_ensemble,GB,Deaths,2021-08-16,167.837210144928,222.007173913044,0.755999039070092,,3
mean_ensemble,PL,Cases,2021-08-16,172.122572463768,208.383695652174,0.825988674042275,,3
mean_ensemble,PL,Deaths,2021-08-16,5.86427536231884,4.83048913043478,1.214012743631,,3
mean_ensemble,CZ,Cases,2021-08-23,407.463405797101,446.721739130435,0.912119044374801,,3
mean_ensemble,CZ,Deaths,2021-08-23,3.01336956521739,2.92510869565217,1.03017353498569,,3
mean_ensemble,DE,Cases,2021-08-23,71630.0825362319,27438.1152173913,2.61060506411279,,3
mean_ensemble,DE,Deaths,2021-08-23,70.0488043478261,62.4788586956522,1.12116011416035,,3
mean_ensemble,FR,Cases,2021-08-23,37878.1501811594,20825.2663043478,1.81885550117798,,3
mean_ensemble,FR,Deaths,2021-08-23,269.193152173913,63.4608152173913,4.24187983170032,,3
mean_ensemble,GB,Cases,2021-08-23,20293.9497101449,18266.4993478261,1.11099282482717,,3
mean_ensemble,GB,Deaths,2021-08-23,128.245942028985,139.599782608696,0.918668637102856,,3
mean_ensemble,PL,Cases,2021-08-23,526.237028985508,474.557826086957,1.10889969579615,,3
mean_ensemble,PL,Deaths,2021-08-23,9.04445652173913,7.38347826086957,1.22495877988458,,3
mean_ensemble,CZ,Cases,2021-08-30,640.544275362319,609.3125,1.05125740135369,,3
mean_ensemble,CZ,Deaths,2021-08-30,3.84463768115942,4.07228260869565,0.944098936785444,,3
mean_ensemble,DE,Cases,2021-08-30,76872.611557971,44869.5389673913,1.71324719012241,,3
mean_ensemble,DE,Deaths,2021-08-30,20.8152898550725,30.6541304347826,0.679037035461094,,3
mean_ensemble,FR,Cases,2021-08-30,21817.1681521739,16074.4796195652,1.35725501966601,,3
mean_ensemble,FR,Deaths,2021-08-30,47.4639130434783,65.5710869565217,0.723854296863344,,3
mean_ensemble,GB,Cases,2021-08-30,21441.5006884058,15816.7819565217,1.35561713800858,,3
mean_ensemble,GB,Deaths,2021-08-30,91.0712318840579,125.536576086957,0.725455757380023,,3
mean_ensemble,PL,Cases,2021-08-30,1097.68344202899,763.076956521739,1.43849638315964,,3
mean_ensemble,PL,Deaths,2021-08-30,20.2409057971015,16.166902173913,1.25199655316541,,3
mean_ensemble,CZ,Cases,2021-09-06,739.36018115942,726.521630434783,1.0176712573815,,3
mean_ensemble,CZ,Deaths,2021-09-06,5.29278985507247,4.66125,1.13548723090855,,3
mean_ensemble,DE,Cases,2021-09-06,41655.9457971014,29440.6620652174,1.41491199161298,,3
mean_ensemble,DE,Deaths,2021-09-06,47.2423550724638,34.6486956521739,1.36346705650086,,3
mean_ensemble,FR,Cases,2021-09-06,10520.4294565217,9260.86130434783,1.13600982789609,,3
mean_ensemble,FR,Deaths,2021-09-06,51.5211956521739,49.6246739130435,1.03821731388006,,3
mean_ensemble,GB,Cases,2021-09-06,31312.919057971,26468.5034782609,1.18302566987548,,3
mean_ensemble,GB,Deaths,2021-09-06,114.302971014493,104.317391304348,1.09572305811417,,3
mean_ensemble,PL,Cases,2021-09-06,631.803586956522,557.109347826087,1.13407464696455,,3
mean_ensemble,PL,Deaths,2021-09-06,7.47159420289855,9.75989130434783,0.765540718631786,,3
mean_ensemble,CZ,Cases,2021-09-13,1271.53503623188,509.433586956522,2.49597802105735,,3
mean_ensemble,CZ,Deaths,2021-09-13,4.79376811594203,5.07722826086957,0.944170297185144,,3
mean_ensemble,DE,Cases,2021-09-13,13759.7352173913,9392.32320652174,1.46499805371231,,3
mean_ensemble,DE,Deaths,2021-09-13,41.8805797101449,43.330652173913,0.966534718703331,,3
mean_ensemble,FR,Cases,2021-09-13,3291.40344202898,6362.61255434783,0.517303766953378,,3
mean_ensemble,FR,Deaths,2021-09-13,49.5069927536232,67.2540217391304,0.736119439007743,,3
mean_ensemble,GB,Cases,2021-09-13,19929.3979347826,21409.2316304348,0.930878710586301,,3
mean_ensemble,GB,Deaths,2021-09-13,296.335579710145,79.1276630434783,3.74503136213333,,3
mean_ensemble,PL,Cases,2021-09-13,948.741956521739,872.490760869565,1.08739484596511,,3
mean_ensemble,PL,Deaths,2021-09-13,9.40409420289856,11.2979347826087,0.832372852547761,,3
mean_ensemble,CZ,Cases,2021-09-20,586.953876811594,724.122663043478,0.810572444100333,,3
mean_ensemble,CZ,Deaths,2021-09-20,4.27213768115942,4.6304347826087,0.922621283255087,,3
mean_ensemble,DE,Cases,2021-09-20,5524.6775,4933.83336956522,1.11975356405011,,3
mean_ensemble,DE,Deaths,2021-09-20,30.920036231884,43.6676630434783,0.708076276055765,,3
mean_ensemble,FR,Cases,2021-09-20,4645.70398550725,5717.40260869565,0.812554984048447,,3
mean_ensemble,FR,Deaths,2021-09-20,41.3319565217392,31.7951086956522,1.29994701126438,,3
mean_ensemble,GB,Cases,2021-09-20,42795.4561594203,36453.1843478261,1.173984027049,,3
mean_ensemble,GB,Deaths,2021-09-20,148.506557971014,74.7102173913044,1.9877677131254,,3
mean_ensemble,PL,Cases,2021-09-20,988.525724637681,856.977282608696,1.15350283455419,,3
mean_ensemble,PL,Deaths,2021-09-20,12.1082608695652,15.1552173913043,0.798949995696702,,3
mean_ensemble,CZ,Cases,2021-09-27,3368.13344202899,3790.77576086957,0.888507697236191,,3
mean_ensemble,CZ,Deaths,2021-09-27,6.83757246376812,7.88130434782609,0.867568636104522,,3
mean_ensemble,DE,Cases,2021-09-27,16018.6530072464,11975.1623913043,1.33765643285791,,3
mean_ensemble,DE,Deaths,2021-09-27,26.960615942029,36.3751086956522,0.741183103193078,,3
mean_ensemble,FR,Cases,2021-09-27,7903.30992753623,6505.03,1.21495364779812,,3
mean_ensemble,FR,Deaths,2021-09-27,30.6047826086957,26.6479347826087,1.14848609689143,,3
mean_ensemble,GB,Cases,2021-09-27,53257.0038768116,35650.1969565217,1.49387684847191,,3
mean_ensemble,GB,Deaths,2021-09-27,88.9893115942028,81.2608695652174,1.09510656322454,,3
mean_ensemble,PL,Cases,2021-09-27,2613.94974637681,4660.11798913044,0.560919219743741,,3
mean_ensemble,PL,Deaths,2021-09-27,35.9441304347826,33.2423913043478,1.08127391034235,,3
mean_ensemble,CZ,Cases,2021-10-04,8481.18442028986,6628.5547826087,1.27949224204074,,3
mean_ensemble,CZ,Deaths,2021-10-04,14.0254710144928,17.2595108695652,0.812622740035162,,3
mean_ensemble,DE,Cases,2021-10-04,22155.9447463768,15286.4033695652,1.44938899038139,,3
mean_ensemble,DE,Deaths,2021-10-04,62.2297463768116,54.2392391304348,1.14731967805008,,3
mean_ensemble,FR,Cases,2021-10-04,10266.244673913,7206.2089673913,1.42463876920148,,3
mean_ensemble,FR,Deaths,2021-10-04,26.1471376811594,28.1897826086957,0.92753952891761,,3
mean_ensemble,GB,Cases,2021-10-04,74614.6161594203,59842.8130978261,1.24684339349901,,3
mean_ensemble,GB,Deaths,2021-10-04,188.135434782609,200.691630434783,0.937435379716773,,3
mean_ensemble,PL,Cases,2021-10-04,6684.02876811594,6469.36782608696,1.03318113110888,,3
mean_ensemble,PL,Deaths,2021-10-04,34.8920289855073,48.1332608695652,0.724904740612942,,3
mean_ensemble,CZ,Cases,2021-10-11,15065.1016304348,13983.4866304348,1.07734945000383,,3
mean_ensemble,CZ,Deaths,2021-10-11,50.0181884057971,58.1027717391304,0.860857183033686,,3
mean_ensemble,DE,Cases,2021-10-11,31112.8763405797,30576.7833695652,1.01753268041753,,3
mean_ensemble,DE,Deaths,2021-10-11,90.3510869565218,87.1671195652174,1.03652716078248,,3
mean_ensemble,FR,Cases,2021-10-11,15332.7176086957,11915.098423913,1.28683096548524,,3
mean_ensemble,FR,Deaths,2021-10-11,35.6413043478261,33.3976086956522,1.06718132644227,,3
mean_ensemble,GB,Cases,2021-10-11,23963.110326087,24303.7488043478,0.985984117882261,,3
mean_ensemble,GB,Deaths,2021-10-11,249.961485507246,207.541739130435,1.20439139883159,,3
mean_ensemble,PL,Cases,2021-10-11,10678.8859057971,12438.2626086957,0.858551249619979,,3
mean_ensemble,PL,Deaths,2021-10-11,35.6872463768116,50.0216304347826,0.713436288793906,,3
mean_ensemble,CZ,Cases,2021-10-18,10833.0419565217,13532.7582608696,0.800505096425601,,3
mean_ensemble,CZ,Deaths,2021-10-18,103.537282608696,97.5654347826087,1.06120864258324,,3
mean_ensemble,DE,Cases,2021-10-18,54221.9156884058,55266.4732608696,0.981099615900345,,3
mean_ensemble,DE,Deaths,2021-10-18,174.887391304348,151.710652173913,1.15276935929236,,3
mean_ensemble,FR,Cases,2021-10-18,11315.4830072464,7986.25733695652,1.41686932061202,,3
mean_ensemble,FR,Deaths,2021-10-18,36.3607971014493,32.159347826087,1.13064472880741,,3
mean_ensemble,GB,Cases,2021-10-18,56104.0054710145,34912.1221739131,1.60700644869238,,3
mean_ensemble,GB,Deaths,2021-10-18,148.895615942029,138.561195652174,1.07458379845247,,3
mean_ensemble,PL,Cases,2021-10-18,13951.2438405797,14817.1605434783,0.941559875769877,,3
mean_ensemble,PL,Deaths,2021-10-18,49.3457608695653,66.3151086956522,0.744110382085531,,3
mean_ensemble,CZ,Cases,2021-10-25,8200.43800724637,10860.6039130435,0.755062800642028,,3
mean_ensemble,CZ,Deaths,2021-10-25,53.723115942029,128.692717391304,0.417452650243432,,3
mean_ensemble,DE,Cases,2021-10-25,18238.6625,32965.7807065217,0.553260444894963,,3
mean_ensemble,DE,Deaths,2021-10-25,66.0285507246378,121.45652173913,0.543639400990396,,3
mean_ensemble,FR,Cases,2021-10-25,16400.9929347826,12669.6185869565,1.29451355005016,,3
mean_ensemble,FR,Deaths,2021-10-25,39.5407608695652,43.3024456521739,0.913129969313411,,3
mean_ensemble,GB,Cases,2021-10-25,88402.441594203,61728.8575,1.43210882518282,,3
mean_ensemble,GB,Deaths,2021-10-25,126.810797101449,127.128097826087,0.99750408658618,,3
mean_ensemble,PL,Cases,2021-10-25,21119.7838043478,7546.22782608696,2.79872067092087,,3
mean_ensemble,PL,Deaths,2021-10-25,102.416449275362,111.422826086957,0.919169373746044,,3
mean_ensemble,CZ,Cases,2021-11-01,8226.23369565217,5803.44701086957,1.41747373246363,,3
mean_ensemble,CZ,Deaths,2021-11-01,70.1920289855073,94.6821739130435,0.741343656198388,,3
mean_ensemble,DE,Cases,2021-11-01,25837.9085144927,28177.1170108696,0.916981978835008,,3
mean_ensemble,DE,Deaths,2021-11-01,195.05347826087,82.0348913043478,2.3776892388048,,3
mean_ensemble,FR,Cases,2021-11-01,32879.3385869565,42042.4265217391,0.782051401575392,,3
mean_ensemble,FR,Deaths,2021-11-01,58.9917028985508,63.9125,0.923007281807952,,3
mean_ensemble,GB,Cases,2021-11-01,26434.7986594203,22283.4444565217,1.18629768889628,,3
mean_ensemble,GB,Deaths,2021-11-01,151.553623188406,105.064782608696,1.44247786389901,,3
mean_ensemble,PL,Cases,2021-11-01,39699.3071739131,5848.39168478261,6.78807256996993,,3
mean_ensemble,PL,Deaths,2021-11-01,377.867608695652,146.40097826087,2.58104565409622,,3
mean_ensemble,CZ,Cases,2021-11-08,30410.0398550725,20957.8892391304,1.45100680264566,,3
mean_ensemble,CZ,Deaths,2021-11-08,118.105869565217,126.351304347826,0.934741989208831,,3
mean_ensemble,DE,Cases,2021-11-08,25036.8413768116,55359.6719565217,0.452257762590699,,3
mean_ensemble,DE,Deaths,2021-11-08,145.931123188406,93.2020108695652,1.56575080115636,,3
mean_ensemble,FR,Cases,2021-11-08,66739.5605072464,74220.7824456522,0.89920313836783,,3
mean_ensemble,FR,Deaths,2021-11-08,63.8436231884058,78.8205434782609,0.809987096904683,,3
mean_ensemble,GB,Cases,2021-11-08,41949.1486231884,31999.764673913,1.31092053490588,,3
mean_ensemble,GB,Deaths,2021-11-08,270.58152173913,91.0375,2.97219850873684,,3
mean_ensemble,PL,Cases,2021-11-08,33202.057173913,26051.5427173913,1.27447566288457,,3
mean_ensemble,PL,Deaths,2021-11-08,250.911086956522,162.883695652174,1.54043095566989,,3
mean_ensemble,CZ,Cases,2021-11-15,37002.6057971015,21340.8614130435,1.73388529548697,,3
mean_ensemble,CZ,Deaths,2021-11-15,297.577101449275,202.371576086957,1.47044909766088,,3
mean_ensemble,DE,Cases,2021-11-15,77539.1988405797,47485.2813043478,1.63291017154573,,3
mean_ensemble,DE,Deaths,2021-11-15,714.753442028986,246.956847826087,2.89424427109765,,3
mean_ensemble,FR,Cases,2021-11-15,55650.7432608696,87639.5603804348,0.634995691663618,,3
mean_ensemble,FR,Deaths,2021-11-15,109.808224637681,171.51847826087,0.64021221358243,,3
mean_ensemble,GB,Cases,2021-11-15,72624.2405797101,39697.0048369565,1.82946398293756,,3
mean_ensemble,GB,Deaths,2021-11-15,130.113442028986,75.0054347826087,1.73472018935826,,3
mean_ensemble,PL,Cases,2021-11-15,25759.8577536232,26587.3404347826,0.968876816273173,,3
mean_ensemble,PL,Deaths,2021-11-15,211.905507246377,171.578913043478,1.23503234452057,,3
mean_ensemble,CZ,Cases,2021-11-22,54199.3660869565,38063.025,1.42393743237582,,3
mean_ensemble,CZ,Deaths,2021-11-22,295.235724637681,232.973369565217,1.26725095313967,,3
mean_ensemble,DE,Cases,2021-11-22,128337.208297102,117190.0375,1.09512046446014,,3
mean_ensemble,DE,Deaths,2021-11-22,244.229166666666,241.258260869565,1.01231421376575,,3
mean_ensemble,FR,Cases,2021-11-22,48518.655,67023.5869565217,0.72390418363425,,3
mean_ensemble,FR,Deaths,2021-11-22,112.220362318841,134.188913043478,0.836286394856484,,3
mean_ensemble,GB,Cases,2021-11-22,45490.3125,38978.5127173913,1.16706126859744,,3
mean_ensemble,GB,Deaths,2021-11-22,57.6459057971013,81.2486956521739,0.709499461306846,,3
mean_ensemble,PL,Cases,2021-11-22,28011.7492391304,33260.4215217391,0.842194655314932,,3
mean_ensemble,PL,Deaths,2021-11-22,1403.84253623188,814.002010869565,1.72461801996314,,3
mean_ensemble,CZ,Cases,2021-11-29,71409.2976086957,81540.1948369565,0.87575578831375,,3
mean_ensemble,CZ,Deaths,2021-11-29,436.239130434783,425.551739130435,1.02511419957109,,3
mean_ensemble,DE,Cases,2021-11-29,198600.109637681,145713.154836957,1.3629525066553,,3
mean_ensemble,DE,Deaths,2021-11-29,222.982862318841,251.013804347826,0.888329081733914,,3
mean_ensemble,FR,Cases,2021-11-29,45898.9072826087,46062.2334782609,0.996454227610799,,3
mean_ensemble,FR,Deaths,2021-11-29,180.576811594203,93.5488043478261,1.93029523843828,,3
mean_ensemble,GB,Cases,2021-11-29,128126.304601449,109044.942065217,1.17498622288065,,3
mean_ensemble,GB,Deaths,2021-11-29,39.8206884057971,69.1297826086957,0.576027970913772,,3
mean_ensemble,PL,Cases,2021-11-29,29926.3488043479,43320.7041304348,0.690809380988875,,3
mean_ensemble,PL,Deaths,2021-11-29,1245.8165942029,636.545652173913,1.95715199679429,,3
mean_ensemble,CZ,Cases,2021-12-06,31722.2570652174,24703.5763043478,1.28411597877164,,3
mean_ensemble,CZ,Deaths,2021-12-06,99.3531521739129,125.559891304348,0.791280966730756,,3
mean_ensemble,DE,Cases,2021-12-06,63146.9956159421,61549.5110869565,1.02595446333812,,3
mean_ensemble,DE,Deaths,2021-12-06,254.977101449276,183.082065217391,1.39269294972458,,3
mean_ensemble,FR,Cases,2021-12-06,130564.585543478,116884.642282609,1.11703798714457,,3
mean_ensemble,FR,Deaths,2021-12-06,463.538405797101,249.877282608696,1.85506421775442,,3
mean_ensemble,GB,Cases,2021-12-06,286203.019528986,290927.458369565,0.983760766800574,,3
mean_ensemble,GB,Deaths,2021-12-06,103.310833333333,72.455,1.42586202930555,,3
mean_ensemble,PL,Cases,2021-12-06,17652.9408695652,21351.0627717391,0.826794481300068,,3
mean_ensemble,PL,Deaths,2021-12-06,293.832246376811,206.756847826087,1.42114880095274,,3
mean_ensemble,CZ,Cases,2021-12-13,10070.0487318841,9186.78076086957,1.09614553715886,,3
mean_ensemble,CZ,Deaths,2021-12-13,49.1984057971015,74.8716304347826,0.657103438397218,,3
mean_ensemble,DE,Cases,2021-12-13,34848.6086231884,35019.2485869565,0.99512725227829,,3
mean_ensemble,DE,Deaths,2021-12-13,300.050905797102,210.22097826087,1.42731190901775,,3
mean_ensemble,FR,Cases,2021-12-13,276428.898623188,376920.359945652,0.733388078752356,,3
mean_ensemble,FR,Deaths,2021-12-13,272.496630434782,129.078315217391,2.11109534530141,,3
mean_ensemble,GB,Cases,2021-12-13,381055.824601449,440296.680054348,0.865452413936925,,3
mean_ensemble,GB,Deaths,2021-12-13,147.483369565217,95.5620652173913,1.54332547365643,,3
mean_ensemble,PL,Cases,2021-12-13,16576.6067028986,14333.3019565217,1.15650997608099,,3
mean_ensemble,PL,Deaths,2021-12-13,228.915543478261,178.783804347826,1.28040425313303,,3
mean_ensemble,CZ,Cases,2021-12-20,30530.5291666667,10098.4534782609,3.02328759867937,,3
mean_ensemble,CZ,Deaths,2021-12-20,124.503007246377,54.6176086956522,2.27953969827112,,3
mean_ensemble,DE,Cases,2021-12-20,92308.7695289855,82775.1929891305,1.11517431969149,,3
mean_ensemble,DE,Deaths,2021-12-20,170.501231884058,138.626956521739,1.22992840759164,,3
mean_ensemble,FR,Cases,2021-12-20,748091.628043478,810938.149130435,0.922501461850886,,3
mean_ensemble,FR,Deaths,2021-12-20,166.228115942029,81.0241304347826,2.0515877807023,,3
mean_ensemble,GB,Cases,2021-12-20,158742.937572464,239886.714565217,0.661741263413346,,3
mean_ensemble,GB,Deaths,2021-12-20,164.069927536232,192.341630434783,0.85301308492268,,3
mean_ensemble,PL,Cases,2021-12-20,7842.18942028986,12693.9239673913,0.61779079821458,,3
mean_ensemble,PL,Deaths,2021-12-20,318.108224637682,264.400760869565,1.20312900610226,,3
mean_ensemble,CZ,Cases,2021-12-27,16938.7166666667,57383.4991304348,0.295184450640843,,3
mean_ensemble,CZ,Deaths,2021-12-27,53.6500362318841,35.4354347826087,1.51402223680955,,3
mean_ensemble,DE,Cases,2021-12-27,87816.8226086956,250160.288043478,0.351042218952965,,3
mean_ensemble,DE,Deaths,2021-12-27,180.30615942029,228.866413043478,0.787822717289832,,3
mean_ensemble,FR,Cases,2021-12-27,1065225.07014493,1002695.33173913,1.06236165306299,,3
mean_ensemble,FR,Deaths,2021-12-27,91.6025362318837,113.833315217391,0.804707620584951,,3
mean_ensemble,GB,Cases,2021-12-27,190973.066847826,230156.500054348,0.829753088888347,,3
mean_ensemble,GB,Deaths,2021-12-27,482.503623188406,482.834021739131,0.999315709879899,,3
mean_ensemble,PL,Cases,2021-12-27,40871.6904347826,46505.1748913044,0.878863277695681,,3
mean_ensemble,PL,Deaths,2021-12-27,320.094891304348,275.064293478261,1.16370935411741,,3
mean_ensemble,CZ,Cases,2022-01-03,79517.7093115942,113099.24576087,0.703079041567808,,3
mean_ensemble,CZ,Deaths,2022-01-03,68.9772826086956,74.4088586956522,0.927003636634546,,3
mean_ensemble,DE,Cases,2022-01-03,470556.233007246,352812.420326087,1.3337292167105,,3
mean_ensemble,DE,Deaths,2022-01-03,416.785797101449,201.471195652174,2.06871158803763,,3
mean_ensemble,FR,Cases,2022-01-03,1850543.83141304,408216.496195652,4.53324118123366,,3
mean_ensemble,FR,Deaths,2022-01-03,106.178007246377,188.845326086957,0.562248531358863,,3
mean_ensemble,GB,Cases,2022-01-03,1912344.16163044,426131.062989131,4.48769012100677,,3
mean_ensemble,GB,Deaths,2022-01-03,148.967173913043,223.88,0.665388484514218,,3
mean_ensemble,PL,Cases,2022-01-03,37204.6385144928,104237.08576087,0.356923241310142,,3
mean_ensemble,PL,Deaths,2022-01-03,434.752608695652,238.311195652174,1.82430627107504,,3
mean_ensemble,CZ,Cases,2022-01-10,160488.123876812,163614.054782609,0.980894484218055,,3
mean_ensemble,CZ,Deaths,2022-01-10,42.0440217391304,44.6,0.94269107038409,,3
mean_ensemble,DE,Cases,2022-01-10,204053.43115942,119748.737391304,1.7040132163785,,3
mean_ensemble,DE,Deaths,2022-01-10,981.479347826087,483.949673913043,2.02806076898492,,3
mean_ensemble,FR,Cases,2022-01-10,1030948.62786232,498566.48298913,2.06782578259437,,3
mean_ensemble,FR,Deaths,2022-01-10,187.312210144927,369.060543478261,0.507537891695433,,3
mean_ensemble,GB,Cases,2022-01-10,349128.333985508,473578.821141304,0.737212726582924,,3
mean_ensemble,GB,Deaths,2022-01-10,496.957608695652,319.864673913043,1.55364955628314,,3
mean_ensemble,PL,Cases,2022-01-10,85441.8180072463,121570.86326087,0.702814932093583,,3
mean_ensemble,PL,Deaths,2022-01-10,251.64634057971,385.558206521739,0.6526805455651,,3
mean_ensemble,CZ,Cases,2022-01-17,166778.76826087,120635.819402174,1.38249791054898,,3
mean_ensemble,CZ,Deaths,2022-01-17,48.7038768115942,47.570597826087,1.02382309740253,,3
mean_ensemble,DE,Cases,2022-01-17,156208.683949275,119823.167391304,1.30366011306601,,3
mean_ensemble,DE,Deaths,2022-01-17,403.553586956521,382.152391304348,1.0560017316106,,3
mean_ensemble,FR,Cases,2022-01-17,267719.265688406,451676.080434783,0.592724027871257,,3
mean_ensemble,FR,Deaths,2022-01-17,202.220942028986,290.366956521739,0.696432350469072,,3
mean_ensemble,GB,Cases,2022-01-17,179454.35173913,197403.952282609,0.90907172659957,,3
mean_ensemble,GB,Deaths,2022-01-17,1301.76554347826,968.249565217391,1.34445249473052,,3
mean_ensemble,PL,Cases,2022-01-17,77053.6924275363,83801.8510869565,0.919474825771831,,3
mean_ensemble,PL,Deaths,2022-01-17,153.144963768116,543.896195652174,0.281570205845038,,3
mean_ensemble,CZ,Cases,2022-01-24,183389.564202899,68262.2880978261,2.68654288206813,,3
mean_ensemble,CZ,Deaths,2022-01-24,71.9180434782609,75.3805434782609,0.954066396443553,,3
mean_ensemble,DE,Cases,2022-01-24,382271.761811595,85788.7776086957,4.45596466655852,,3
mean_ensemble,DE,Deaths,2022-01-24,122.362536231884,286.693695652174,0.426805814315284,,3
mean_ensemble,FR,Cases,2022-01-24,429509.641376812,910032.602065217,0.471971707829025,,3
mean_ensemble,FR,Deaths,2022-01-24,188.853297101449,284.55875,0.663670672932916,,3
mean_ensemble,GB,Cases,2022-01-24,225119.243405797,215826.097608696,1.04305848968251,,3
mean_ensemble,GB,Deaths,2022-01-24,662.937862318841,600.781195652174,1.10345974061188,,3
mean_ensemble,PL,Cases,2022-01-24,268380.107862319,136919.59326087,1.96012930998839,,3
mean_ensemble,PL,Deaths,2022-01-24,3057.19829710145,567.319402173913,5.38884847827619,,3
mean_ensemble,CZ,Cases,2022-01-31,240469.098333333,142710.75173913,1.68501038220933,,3
mean_ensemble,CZ,Deaths,2022-01-31,193.334963768116,175.424619565217,1.10209709587679,,3
mean_ensemble,DE,Cases,2022-01-31,608284.707971014,212440.150217391,2.86332271629705,,3
mean_ensemble,DE,Deaths,2022-01-31,97.6554710144926,167.917717391304,0.581567404152611,,3
mean_ensemble,FR,Cases,2022-01-31,695014.478405797,785885.062173913,0.884371661783785,,3
mean_ensemble,FR,Deaths,2022-01-31,222.889456521739,240.846793478261,0.925440830258997,,3
mean_ensemble,GB,Cases,2022-01-31,253966.078876812,221245.188369565,1.14789424686873,,3
mean_ensemble,GB,Deaths,2022-01-31,482.337101449275,447.875326086957,1.07694501874753,,3
mean_ensemble,PL,Cases,2022-01-31,68055.0520289855,197814.242173913,0.344035147727904,,3
mean_ensemble,PL,Deaths,2022-01-31,1698.44894927536,500.316032608696,3.39475219376738,,3
mean_ensemble,CZ,Cases,2022-02-07,54693.4290217392,64345.94625,0.849990282359693,,3
mean_ensemble,CZ,Deaths,2022-02-07,49.7374275362319,43.5443478260869,1.1422246518625,,3
mean_ensemble,DE,Cases,2022-02-07,452268.369057972,233892.076195652,1.93366263797516,,3
mean_ensemble,DE,Deaths,2022-02-07,163.261014492754,149.720869565217,1.09043592230566,,3
mean_ensemble,FR,Cases,2022-02-07,558955.640688406,336326.47826087,1.66194360782637,,3
mean_ensemble,FR,Deaths,2022-02-07,287.856775362319,202.886793478261,1.41880489324783,,3
mean_ensemble,GB,Cases,2022-02-07,326715.730398551,204775.503586957,1.59548249021794,,3
mean_ensemble,GB,Deaths,2022-02-07,1189.32637681159,1293.00298913044,0.919817190532123,,3
mean_ensemble,PL,Cases,2022-02-07,36395.374057971,120275.29423913,0.302600582174507,,3
mean_ensemble,PL,Deaths,2022-02-07,435.881195652174,126.244891304348,3.45266403375772,,3
mean_ensemble,CZ,Cases,2022-02-14,21423.6614855073,10019.8354347826,2.13812508448369,,3
mean_ensemble,CZ,Deaths,2022-02-14,139.057608695652,42.5658152173913,3.26688465815725,,3
mean_ensemble,DE,Cases,2022-02-14,192832.351956522,103214.074565217,1.86827574406703,,3
mean_ensemble,DE,Deaths,2022-02-14,100.236992753623,96.9526086956522,1.03387618035407,,3
mean_ensemble,FR,Cases,2022-02-14,94096.0779710145,73456.9247826087,1.28096946951545,,3
mean_ensemble,FR,Deaths,2022-02-14,771.832210144928,377.385,2.04521168076348,,3
mean_ensemble,GB,Cases,2022-02-14,247320.667753623,103687.715652174,2.38524560212392,,3
mean_ensemble,GB,Deaths,2022-02-14,206.872971014493,215.018206521739,0.962118391558519,,3
mean_ensemble,PL,Cases,2022-02-14,15756.1783695652,10851.3276086957,1.45200467055654,,3
mean_ensemble,PL,Deaths,2022-02-14,215.080760869565,117.380326086957,1.83234080224169,,3
mean_ensemble,CZ,Cases,2022-02-21,12547.5175,10100.8373913043,1.24222547239519,,3
mean_ensemble,CZ,Deaths,2022-02-21,85.948152173913,52.61625,1.63349064545484,,3
mean_ensemble,DE,Cases,2022-02-21,190920.813405797,143345.581032609,1.33189186600992,,3
mean_ensemble,DE,Deaths,2022-02-21,130.966231884058,136.923043478261,0.956495185595634,,3
mean_ensemble,FR,Cases,2022-02-21,114790.351304348,171491.482228261,0.669364739360979,,3
mean_ensemble,FR,Deaths,2022-02-21,178.855724637681,169.796304347826,1.05335463763273,,3
mean_ensemble,GB,Cases,2022-02-21,140509.387355072,104064.690434783,1.3502119380553,,3
mean_ensemble,GB,Deaths,2022-02-21,154.608297101449,167.149184782609,0.924971888451207,,3
mean_ensemble,PL,Cases,2022-02-21,10112.6334057971,9090.82054347826,1.11240050966047,,3
mean_ensemble,PL,Deaths,2022-02-21,172.516739130435,114.923804347826,1.50114016943173,,3
mean_ensemble,CZ,Cases,2022-02-28,19885.5586231884,18567.9911956522,1.0709590721825,,3
mean_ensemble,CZ,Deaths,2022-02-28,51.0715942028986,42.4278260869565,1.20372875334754,,3
mean_ensemble,DE,Cases,2022-02-28,289108.921485508,260271.143586957,1.11079898255765,,3
mean_ensemble,DE,Deaths,2022-02-28,108.946413043478,140.178152173913,0.77719966595303,,3
mean_ensemble,FR,Cases,2022-02-28,216654.202608696,248573.482717391,0.871590164164915,,3
mean_ensemble,FR,Deaths,2022-02-28,1033.72202898551,280.44652173913,3.68598627137572,,3
mean_ensemble,GB,Cases,2022-02-28,307400.367065217,277790.789239131,1.10658948738793,,3
mean_ensemble,GB,Deaths,2022-02-28,377.988315217391,418.795869565217,0.902559797473191,,3
mean_ensemble,PL,Cases,2022-02-28,10086.4097101449,10661.3838043478,0.94606946858358,,3
mean_ensemble,PL,Deaths,2022-02-28,212.260108695652,103.000217391304,2.06077340486829,,3
mean_ensemble,CZ,Cases,2022-03-07,12463.1821014493,16127.6155434783,0.772785168883145,,3
mean_ensemble,CZ,Deaths,2022-03-07,26.8268115942029,36.2782608695652,0.73947347395334,,3
mean_ensemble,DE,Cases,2022-03-07,243621.744637681,207524.574891304,1.17394166336822,,3
mean_ensemble,DE,Deaths,2022-03-07,97.2908695652176,137.937173913043,0.705327409611498,,3
mean_ensemble,FR,Cases,2022-03-07,302601.114818841,311058.151847826,0.972812038589097,,3
mean_ensemble,FR,Deaths,2022-03-07,132.212753623188,155.894836956522,0.848089367193488,,3
mean_ensemble,GB,Cases,2022-03-07,228817.595398551,215627.591630435,1.06117029675276,,3
mean_ensemble,GB,Deaths,2022-03-07,287.898586956522,443.039891304348,0.649825427929127,,3
mean_ensemble,PL,Cases,2022-03-07,11306.4146376812,6602.26369565218,1.71250576451935,,3
mean_ensemble,PL,Deaths,2022-03-07,78.2200000000001,84.9841304347826,0.920407134835916,,3
mean_ensemble,Average,Cases,2021-04-12,19999.6208333333,17856.4232934783,1.12002389866272,average,3
mean_ensemble,Average,Deaths,2021-04-12,145.179666666667,131.012119565217,1.10813920993314,average,3
mean_ensemble,Average,Cases,2021-04-19,21698.5817898551,20866.5203913043,1.0398754264222,average,3
mean_ensemble,Average,Deaths,2021-04-19,181.593,156.748369565217,1.15850008841365,average,3
mean_ensemble,Average,Cases,2021-04-26,33541.012,35900.9699673913,0.934264785337699,average,3
mean_ensemble,Average,Deaths,2021-04-26,126.76068115942,120.962043478261,1.04793766304222,average,3
mean_ensemble,Average,Cases,2021-05-03,30493.7558043478,26565.4370108696,1.14787329837152,average,3
mean_ensemble,Average,Deaths,2021-05-03,113.017413043478,92.4805652173913,1.22206663397668,average,3
mean_ensemble,Average,Cases,2021-05-10,26330.7120507246,24773.0021956522,1.06287933302431,average,3
mean_ensemble,Average,Deaths,2021-05-10,71.6363405797101,70.1663152173913,1.02095058515991,average,3
mean_ensemble,Average,Cases,2021-05-17,22440.4637536232,22317.2965326087,1.00551891313693,average,3
mean_ensemble,Average,Deaths,2021-05-17,76.5932681159421,53.3482065217391,1.43572339371391,average,3
mean_ensemble,Average,Cases,2021-05-24,7778.28576811594,8095.34863043478,0.960833945912245,average,3
mean_ensemble,Average,Deaths,2021-05-24,52.6754855072464,54.2505760869565,0.970966380574734,average,3
mean_ensemble,Average,Cases,2021-05-31,5081.41448550725,4847.48313043478,1.04825831236085,average,3
mean_ensemble,Average,Deaths,2021-05-31,35.2221231884058,33.6620434782609,1.04634536554955,average,3
mean_ensemble,Average,Cases,2021-06-07,5337.0590942029,5826.79858695652,0.915950502588176,average,3
mean_ensemble,Average,Deaths,2021-06-07,45.209884057971,31.7766086956522,1.42274100080909,average,3
mean_ensemble,Average,Cases,2021-06-14,7331.43749275361,4893.23969565217,1.49827883953199,average,3
mean_ensemble,Average,Deaths,2021-06-14,32.3231594202899,25.4189239130435,1.27161793043896,average,3
mean_ensemble,Average,Cases,2021-06-21,15413.4200942029,15340.0707173913,1.00478155402038,average,3
mean_ensemble,Average,Deaths,2021-06-21,21.9526231884058,22.3778043478261,0.980999871443527,average,3
mean_ensemble,Average,Cases,2021-06-28,14224.4711666667,14223.1756413043,1.00009108552091,average,3
mean_ensemble,Average,Deaths,2021-06-28,16.978231884058,19.5808043478261,0.867085518166823,average,3
mean_ensemble,Average,Cases,2021-07-05,47983.899826087,32698.6951521739,1.46745610498457,average,3
mean_ensemble,Average,Deaths,2021-07-05,20.7565869565217,24.0433804347826,0.863297364229782,average,3
mean_ensemble,Average,Cases,2021-07-12,34053.291826087,29198.8056956522,1.16625632503721,average,3
mean_ensemble,Average,Deaths,2021-07-12,38.9980362318841,23.6353695652174,1.64998631073977,average,3
mean_ensemble,Average,Cases,2021-07-19,68460.1133695652,51314.60875,1.33412521379821,average,3
mean_ensemble,Average,Deaths,2021-07-19,62.115652173913,39.4072826086957,1.57624804508105,average,3
mean_ensemble,Average,Cases,2021-07-26,114461.284782609,54918.3826521739,2.08420713165481,average,3
mean_ensemble,Average,Deaths,2021-07-26,64.3639492753623,108.249391304348,0.594589479902019,average,3
mean_ensemble,Average,Cases,2021-08-02,26894.2585362319,13537.7248478261,1.98661583379357,average,3
mean_ensemble,Average,Deaths,2021-08-02,106.371,71.5548695652174,1.48656549367406,average,3
mean_ensemble,Average,Cases,2021-08-09,19349.7724927536,8968.13835869565,2.15761306514543,average,3
mean_ensemble,Average,Deaths,2021-08-09,62.3916376811594,60.068597826087,1.03867311605638,average,3
mean_ensemble,Average,Cases,2021-08-16,18707.4581811594,8665.08007608696,2.15894810167842,average,3
mean_ensemble,Average,Deaths,2021-08-16,55.706079710145,67.131,0.829811558149662,average,3
mean_ensemble,Average,Cases,2021-08-23,26147.1765724638,13490.2320869565,1.93823029907284,average,3
mean_ensemble,Average,Deaths,2021-08-23,95.9091449275362,55.1696086956522,1.73844163834163,average,3
mean_ensemble,Average,Cases,2021-08-30,24373.9016231884,15626.638,1.55976619047478,average,3
mean_ensemble,Average,Deaths,2021-08-30,36.6871956521739,48.4001956521739,0.757996846042214,average,3
mean_ensemble,Average,Cases,2021-09-06,16972.091615942,13290.7315652174,1.27698701404511,average,3
mean_ensemble,Average,Deaths,2021-09-06,45.1661811594203,40.6023804347826,1.11240229453956,average,3
mean_ensemble,Average,Cases,2021-09-13,7840.1627173913,7709.21834782609,1.01698542753068,average,3
mean_ensemble,Average,Deaths,2021-09-13,80.3842028985507,41.2175,1.9502445053327,average,3
mean_ensemble,Average,Cases,2021-09-20,10908.2634492754,9737.10405434783,1.12027799933026,average,3
mean_ensemble,Average,Deaths,2021-09-20,47.4277898550725,33.9917282608696,1.39527444709748,average,3
mean_ensemble,Average,Cases,2021-09-27,16632.21,12516.2566195652,1.32884859311695,average,3
mean_ensemble,Average,Deaths,2021-09-27,37.8672826086956,37.0815217391304,1.02119009233475,average,3
mean_ensemble,Average,Cases,2021-10-04,24440.4037536232,19086.6696086957,1.2804959825201,average,3
mean_ensemble,Average,Deaths,2021-10-04,65.0859637681159,69.7026847826087,0.933765520956738,average,3
mean_ensemble,Average,Cases,2021-10-11,19230.5383623188,18643.4759673913,1.03148889166132,average,3
mean_ensemble,Average,Deaths,2021-10-11,92.3318623188405,87.2461739130435,1.05829124851785,average,3
mean_ensemble,Average,Cases,2021-10-18,29285.1379927536,25302.9543152174,1.15738018683223,average,3
mean_ensemble,Average,Deaths,2021-10-18,102.605369565217,97.262347826087,1.05493412259268,average,3
mean_ensemble,Average,Cases,2021-10-25,30472.463768116,25154.2177065217,1.21142561949821,average,3
mean_ensemble,Average,Deaths,2021-10-25,77.7039347826087,106.40052173913,0.730296557878925,average,3
mean_ensemble,Average,Cases,2021-11-01,26615.517326087,20830.9653369565,1.27769005879281,average,3
mean_ensemble,Average,Deaths,2021-11-01,170.731688405797,98.4190652173913,1.73474202410559,average,3
mean_ensemble,Average,Cases,2021-11-08,39467.5295072464,41717.9302065217,0.946056750942942,average,3
mean_ensemble,Average,Deaths,2021-11-08,169.874644927536,110.459010869565,1.53789757476764,average,3
mean_ensemble,Average,Cases,2021-11-15,53715.3292463768,44550.009673913,1.20573103439371,average,3
mean_ensemble,Average,Deaths,2021-11-15,292.831543478261,173.48625,1.68792364512035,average,3
mean_ensemble,Average,Cases,2021-11-22,60911.4582246377,58903.1167391304,1.03409567433251,average,3
mean_ensemble,Average,Deaths,2021-11-22,422.634739130435,300.73425,1.40534288705206,average,3
mean_ensemble,Average,Cases,2021-11-29,94792.1935869565,85136.2458695652,1.11341758869877,average,3
mean_ensemble,Average,Deaths,2021-11-29,425.087217391304,295.157956521739,1.44020246786061,average,3
mean_ensemble,Average,Cases,2021-12-06,105857.959724638,103083.250163043,1.02691717187036,average,3
mean_ensemble,Average,Deaths,2021-12-06,243.002347826087,167.546217391304,1.45036009531958,average,3
mean_ensemble,Average,Cases,2021-12-13,143795.997456522,175151.27426087,0.820981737434308,average,3
mean_ensemble,Average,Deaths,2021-12-13,199.628971014493,137.703358695652,1.4497029913098,average,3
mean_ensemble,Average,Cases,2021-12-20,207503.210746377,231278.486826087,0.897200658798895,average,3
mean_ensemble,Average,Deaths,2021-12-20,188.682101449275,146.202217391304,1.29055567566582,average,3
mean_ensemble,Average,Cases,2021-12-27,280365.07334058,317380.158771739,0.883373032597854,average,3
mean_ensemble,Average,Deaths,2021-12-27,225.631449275362,227.206695652174,0.99306690160565,average,3
mean_ensemble,Average,Cases,2022-01-03,870033.314775362,280899.262206522,3.09731434657774,average,3
mean_ensemble,Average,Deaths,2022-01-03,235.132173913043,185.383315217391,1.26835672151679,average,3
mean_ensemble,Average,Cases,2022-01-10,366012.066978261,275415.791913044,1.328943647116,average,3
mean_ensemble,Average,Deaths,2022-01-10,391.887905797101,320.606619565217,1.22233254674701,average,3
mean_ensemble,Average,Cases,2022-01-17,169442.952413044,194668.174119565,0.870419385086396,average,3
mean_ensemble,Average,Deaths,2022-01-17,421.877782608696,446.447141304348,0.94496692570621,average,3
mean_ensemble,Average,Cases,2022-01-24,297734.063731884,283365.871728261,1.05070544281141,average,3
mean_ensemble,Average,Deaths,2022-01-24,820.654007246377,362.946717391304,2.26108673235803,average,3
mean_ensemble,Average,Cases,2022-01-31,373157.883123188,312019.078934783,1.19594572356643,average,3
mean_ensemble,Average,Deaths,2022-01-31,538.933188405797,306.476097826087,1.75848358886252,average,3
mean_ensemble,Average,Cases,2022-02-07,285805.708644928,191923.059706522,1.48916815458219,average,3
mean_ensemble,Average,Deaths,2022-02-07,425.212557971014,363.07997826087,1.17112642786792,average,3
mean_ensemble,Average,Cases,2022-02-14,114285.787507246,60245.9756086957,1.89698625265105,average,3
mean_ensemble,Average,Deaths,2022-02-14,286.616108695652,169.860391304348,1.68736281892879,average,3
mean_ensemble,Average,Cases,2022-02-21,93776.140594203,87618.682326087,1.07027563191603,average,3
mean_ensemble,Average,Deaths,2022-02-21,144.579028985507,128.281717391304,1.12704313541805,average,3
mean_ensemble,Average,Cases,2022-02-28,168627.091898551,163172.958108696,1.03342547596779,average,3
mean_ensemble,Average,Deaths,2022-02-28,356.797692028986,196.969717391304,1.81143424864729,average,3
mean_ensemble,Average,Cases,2022-03-07,159762.010318841,151388.039521739,1.05531461285552,average,3
mean_ensemble,Average,Deaths,2022-03-07,124.489804347826,171.626858695652,0.725351528857062,average,3
median_ensemble,CZ,Cases,2021-04-12,1727.39065217391,1466.66956521739,1.17776402615805,,3
median_ensemble,CZ,Deaths,2021-04-12,26.0586956521739,28.1125543478261,0.926941583811967,,3
median_ensemble,DE,Cases,2021-04-12,19642.5143478261,13536.7779891304,1.4510479793344,,3
median_ensemble,DE,Deaths,2021-04-12,156.635434782609,139.261956521739,1.12475394353775,,3
median_ensemble,FR,Cases,2021-04-12,41336.8810869565,48169.5078804348,0.858154523595341,,3
median_ensemble,FR,Deaths,2021-04-12,215.894891304348,259.95027173913,0.830523814651005,,3
median_ensemble,GB,Cases,2021-04-12,6882.2397826087,5043.48777173913,1.36457945257108,,3
median_ensemble,GB,Deaths,2021-04-12,43.2816304347826,41.0977717391304,1.05313812898457,,3
median_ensemble,PL,Cases,2021-04-12,8222.28119565217,21065.6732608696,0.390316563531128,,3
median_ensemble,PL,Deaths,2021-04-12,334.729239130435,186.638043478261,1.79346736009598,,3
median_ensemble,CZ,Cases,2021-04-19,1110.23673913043,1190.77119565217,0.93236781607097,,3
median_ensemble,CZ,Deaths,2021-04-19,25.15,20.7639673913044,1.21123287886363,,3
median_ensemble,DE,Cases,2021-04-19,17977.24,29133.4591304348,0.617065070080187,,3
median_ensemble,DE,Deaths,2021-04-19,116.38097826087,207.764347826087,0.560158561748469,,3
median_ensemble,FR,Cases,2021-04-19,64283.8375,53654.6421739131,1.19810392717995,,3
median_ensemble,FR,Deaths,2021-04-19,192.079891304348,353.267608695652,0.543723473582966,,3
median_ensemble,GB,Cases,2021-04-19,2194.89543478261,2292.33673913044,0.957492587068692,,3
median_ensemble,GB,Deaths,2021-04-19,19.2329347826087,17.7688043478261,1.08239892826338,,3
median_ensemble,PL,Cases,2021-04-19,19361.6895652174,18061.3927173913,1.07199316620661,,3
median_ensemble,PL,Deaths,2021-04-19,729.181413043478,184.177119565217,3.95913137725706,,3
median_ensemble,CZ,Cases,2021-04-26,1022.7347826087,2377.40782608696,0.430189036725787,,3
median_ensemble,CZ,Deaths,2021-04-26,24.4940217391304,23.9485869565217,1.02277523862259,,3
median_ensemble,DE,Cases,2021-04-26,16975.1679347826,38831.9802173913,0.437144019948282,,3
median_ensemble,DE,Deaths,2021-04-26,111.60597826087,137.62652173913,0.810933654724033,,3
median_ensemble,FR,Cases,2021-04-26,141822.251956522,132008.749836957,1.07433978529216,,3
median_ensemble,FR,Deaths,2021-04-26,221.253586956522,269.893423913044,0.819781318672689,,3
median_ensemble,GB,Cases,2021-04-26,930.829782608696,2126.60934782609,0.43770605238815,,3
median_ensemble,GB,Deaths,2021-04-26,15.8509782608696,14.929347826087,1.06173279941755,,3
median_ensemble,PL,Cases,2021-04-26,4437.85945652174,4160.10260869565,1.0667668261945,,3
median_ensemble,PL,Deaths,2021-04-26,261.271630434783,158.412336956522,1.64931365482281,,3
median_ensemble,CZ,Cases,2021-05-03,1302.69130434783,2149.0277173913,0.606177060354139,,3
median_ensemble,CZ,Deaths,2021-05-03,19.564347826087,33.0164130434783,0.592564304315047,,3
median_ensemble,DE,Cases,2021-05-03,39742.9486956522,27765.1694021739,1.43139586580518,,3
median_ensemble,DE,Deaths,2021-05-03,266.821413043478,101.690434782609,2.62385949685319,,3
median_ensemble,FR,Cases,2021-05-03,97295.4013043478,97406.355326087,0.998860915990875,,3
median_ensemble,FR,Deaths,2021-05-03,119.395869565217,216.115652173913,0.552462852015628,,3
median_ensemble,GB,Cases,2021-05-03,1645.98445652174,1683.55315217391,0.97768487700928,,3
median_ensemble,GB,Deaths,2021-05-03,10.8117391304348,10.2663043478261,1.05312863949179,,3
median_ensemble,PL,Cases,2021-05-03,1658.21195652174,3823.07945652174,0.433737246473656,,3
median_ensemble,PL,Deaths,2021-05-03,156.713152173913,101.31402173913,1.54680615263135,,3
median_ensemble,CZ,Cases,2021-05-10,1182.42195652174,1586.90065217391,0.745114040316214,,3
median_ensemble,CZ,Deaths,2021-05-10,36.1328260869565,40.8302173913044,0.884953066516167,,3
median_ensemble,DE,Cases,2021-05-10,20249.0906521739,15884.2697826087,1.27478889047479,,3
median_ensemble,DE,Deaths,2021-05-10,131.58652173913,78.1940217391304,1.68282074271774,,3
median_ensemble,FR,Cases,2021-05-10,106263.111304348,98018.0625543478,1.0841176466371,,3
median_ensemble,FR,Deaths,2021-05-10,98.8639130434783,127.557608695652,0.775053045086193,,3
median_ensemble,GB,Cases,2021-05-10,4665.76880434783,4421.32461956522,1.05528754520781,,3
median_ensemble,GB,Deaths,2021-05-10,8.68641304347826,10.4979891304348,0.827435896108468,,3
median_ensemble,PL,Cases,2021-05-10,1916.15184782609,3954.45336956522,0.484555428715743,,3
median_ensemble,PL,Deaths,2021-05-10,121.970760869565,93.7517391304348,1.30099731483242,,3
median_ensemble,CZ,Cases,2021-05-17,516.385652173913,651.893695652174,0.792131685914381,,3
median_ensemble,CZ,Deaths,2021-05-17,21.9197826086957,23.27625,0.941723112988374,,3
median_ensemble,DE,Cases,2021-05-17,3438.63510869565,3014.46076086957,1.14071317607854,,3
median_ensemble,DE,Deaths,2021-05-17,75.3936956521739,59.1986956521739,1.27357021673509,,3
median_ensemble,FR,Cases,2021-05-17,94747.7870652174,93609.6234782609,1.01215861729452,,3
median_ensemble,FR,Deaths,2021-05-17,109.050326086957,93.4338043478261,1.16713995376871,,3
median_ensemble,GB,Cases,2021-05-17,9556.60141304348,9673.26592391304,0.987939490986063,,3
median_ensemble,GB,Deaths,2021-05-17,7.96532608695652,8.85217391304348,0.899815815324165,,3
median_ensemble,PL,Cases,2021-05-17,2302.69010869565,4637.23880434783,0.49656491844601,,3
median_ensemble,PL,Deaths,2021-05-17,78.405,81.9801086956522,0.956390534819554,,3
median_ensemble,CZ,Cases,2021-05-24,287.228913043478,506.792934782609,0.566757926818152,,3
median_ensemble,CZ,Deaths,2021-05-24,10.2526086956522,10.441902173913,0.981871743758165,,3
median_ensemble,DE,Cases,2021-05-24,9245.36913043478,8713.84505434783,1.0609976506091,,3
median_ensemble,DE,Deaths,2021-05-24,104.868913043478,50.7050543478261,2.06821419269368,,3
median_ensemble,FR,Cases,2021-05-24,11134.7677173913,9026.72369565217,1.2335336820772,,3
median_ensemble,FR,Deaths,2021-05-24,129.148260869565,122.513586956522,1.05415459687257,,3
median_ensemble,GB,Cases,2021-05-24,17930.8898913044,21411.5259782609,0.837441007684814,,3
median_ensemble,GB,Deaths,2021-05-24,22.2532608695652,23.6632065217391,0.940416120238032,,3
median_ensemble,PL,Cases,2021-05-24,249.711304347826,817.855489130435,0.305324482951537,,3
median_ensemble,PL,Deaths,2021-05-24,56.6491304347826,63.9291304347826,0.886123900786877,,3
median_ensemble,CZ,Cases,2021-05-31,233.567173913044,199.126956521739,1.17295607783542,,3
median_ensemble,CZ,Deaths,2021-05-31,9.5829347826087,8.90652173913044,1.07594581401025,,3
median_ensemble,DE,Cases,2021-05-31,2424.21793478261,1835.58195652174,1.32068084792917,,3
median_ensemble,DE,Deaths,2021-05-31,42.3096739130435,48.7001086956522,0.868779866128323,,3
median_ensemble,FR,Cases,2021-05-31,8669.99521739131,4840.98891304348,1.79095539633049,,3
median_ensemble,FR,Deaths,2021-05-31,63.994347826087,62.4085869565217,1.02540933783151,,3
median_ensemble,GB,Cases,2021-05-31,14402.7802173913,17098.0723913043,0.84236280486894,,3
median_ensemble,GB,Deaths,2021-05-31,10.4336956521739,13.2704347826087,0.786236157525719,,3
median_ensemble,PL,Cases,2021-05-31,176.84402173913,263.645434782609,0.670764589134452,,3
median_ensemble,PL,Deaths,2021-05-31,35.0714130434783,35.0245652173913,1.00133757052504,,3
median_ensemble,CZ,Cases,2021-06-07,154.008804347826,187.318043478261,0.822178160139173,,3
median_ensemble,CZ,Deaths,2021-06-07,10.8925,8.41146739130435,1.29495835783189,,3
median_ensemble,DE,Cases,2021-06-07,1595.40445652174,1793.64076086957,0.889478256364045,,3
median_ensemble,DE,Deaths,2021-06-07,104.720543478261,50.9749456521739,2.05435321486792,,3
median_ensemble,FR,Cases,2021-06-07,7506.80032608696,14553.0702173913,0.515822449418002,,3
median_ensemble,FR,Deaths,2021-06-07,49.5697826086957,49.0535326086957,1.01052421655578,,3
median_ensemble,GB,Cases,2021-06-07,11107.4765217391,12449.9569565217,0.892169873400296,,3
median_ensemble,GB,Deaths,2021-06-07,36.3790217391304,24.3733152173913,1.49257585251155,,3
median_ensemble,PL,Cases,2021-06-07,226.183369565217,150.006956521739,1.50781920258771,,3
median_ensemble,PL,Deaths,2021-06-07,34.1486956521739,26.0697826086957,1.30989568132354,,3
median_ensemble,CZ,Cases,2021-06-14,333.854347826087,233.128804347826,1.43205962369189,,3
median_ensemble,CZ,Deaths,2021-06-14,7.87489130434783,5.46336956521739,1.44139824523009,,3
median_ensemble,DE,Cases,2021-06-14,1216.72858695652,1481.86054347826,0.821081708607063,,3
median_ensemble,DE,Deaths,2021-06-14,36.3926086956522,40.2708695652174,0.903695626356305,,3
median_ensemble,FR,Cases,2021-06-14,5206.22119565218,5086.19739130435,1.02359794461635,,3
median_ensemble,FR,Deaths,2021-06-14,54.7186956521739,45.0498369565217,1.21462583105426,,3
median_ensemble,GB,Cases,2021-06-14,18571.2352173913,17458.8858695652,1.06371250468881,,3
median_ensemble,GB,Deaths,2021-06-14,34.3798913043478,25.1922826086957,1.36469933425091,,3
median_ensemble,PL,Cases,2021-06-14,93.5404347826087,206.125869565217,0.453802499317112,,3
median_ensemble,PL,Deaths,2021-06-14,11.2376086956522,11.1182608695652,1.01073439699672,,3
median_ensemble,CZ,Cases,2021-06-21,809.789891304348,488.987065217391,1.65605585281553,,3
median_ensemble,CZ,Deaths,2021-06-21,6.46771739130435,4.39184782608696,1.47266427422349,,3
median_ensemble,DE,Cases,2021-06-21,1862.11456521739,1550.90967391304,1.20065958484814,,3
median_ensemble,DE,Deaths,2021-06-21,55.4561956521739,31.9963043478261,1.73320628061665,,3
median_ensemble,FR,Cases,2021-06-21,11737.5455434783,11416.744673913,1.02809915424475,,3
median_ensemble,FR,Deaths,2021-06-21,29.3330434782609,32.7422826086957,0.895876559029841,,3
median_ensemble,GB,Cases,2021-06-21,64127.0326086957,63172.4954347826,1.0151100121555,,3
median_ensemble,GB,Deaths,2021-06-21,21.4364130434783,34.8577173913044,0.614968926474394,,3
median_ensemble,PL,Cases,2021-06-21,132.396086956522,71.2167391304348,1.8590585383871,,3
median_ensemble,PL,Deaths,2021-06-21,11.2564130434783,7.90086956521739,1.42470559101915,,3
median_ensemble,CZ,Cases,2021-06-28,619.340434782609,572.845652173913,1.08116459020375,,3
median_ensemble,CZ,Deaths,2021-06-28,4.49739130434783,4.12076086956522,1.09139827490702,,3
median_ensemble,DE,Cases,2021-06-28,4625.45902173913,3635.72152173913,1.2722258825606,,3
median_ensemble,DE,Deaths,2021-06-28,20.4278260869565,26.9844565217391,0.757021957084795,,3
median_ensemble,FR,Cases,2021-06-28,43208.5482608696,40474.5481521739,1.06754862582818,,3
median_ensemble,FR,Deaths,2021-06-28,28.5269565217391,27.0605434782609,1.05419008101801,,3
median_ensemble,GB,Cases,2021-06-28,22174.5710869565,26321.1841304348,0.84246099936349,,3
median_ensemble,GB,Deaths,2021-06-28,27.6485869565217,34.2927717391304,0.806251158898678,,3
median_ensemble,PL,Cases,2021-06-28,130.465869565217,111.57875,1.16927165401313,,3
median_ensemble,PL,Deaths,2021-06-28,5.27978260869565,5.44548913043478,0.969569947204008,,3
median_ensemble,CZ,Cases,2021-07-05,528.602608695652,337.438260869565,1.56651651574265,,3
median_ensemble,CZ,Deaths,2021-07-05,4.6125,4.56146739130435,1.01118776137542,,3
median_ensemble,DE,Cases,2021-07-05,6384.89358695652,4029.78869565217,1.58442391628259,,3
median_ensemble,DE,Deaths,2021-07-05,13.3977173913044,22.4128260869565,0.597770104462701,,3
median_ensemble,FR,Cases,2021-07-05,64419.3785869565,63389.0876086957,1.01625344388329,,3
median_ensemble,FR,Deaths,2021-07-05,33.5215217391304,30.5835869565217,1.09606246601438,,3
median_ensemble,GB,Cases,2021-07-05,137284.723152174,95610.5691304348,1.43587392482609,,3
median_ensemble,GB,Deaths,2021-07-05,53.304347826087,57.7308695652174,0.923324873287594,,3
median_ensemble,PL,Cases,2021-07-05,207.697826086957,126.592065217391,1.64068597609404,,3
median_ensemble,PL,Deaths,2021-07-05,3.62119565217391,4.92815217391304,0.734797856150334,,3
median_ensemble,CZ,Cases,2021-07-12,146.500869565217,692.418369565217,0.211578542691188,,3
median_ensemble,CZ,Deaths,2021-07-12,9.57880434782609,7.8466847826087,1.22074539926167,,3
median_ensemble,DE,Cases,2021-07-12,3312.84184782609,3078.42918478261,1.07614684274767,,3
median_ensemble,DE,Deaths,2021-07-12,26.1805434782609,17.4077173913044,1.50396188597012,,3
median_ensemble,FR,Cases,2021-07-12,32604.9773913043,31214.1509782609,1.04455756025567,,3
median_ensemble,FR,Deaths,2021-07-12,66.9252173913043,26.9430434782609,2.48395165324598,,3
median_ensemble,GB,Cases,2021-07-12,125463.978043478,110810.593913043,1.13223811562578,,3
median_ensemble,GB,Deaths,2021-07-12,54.0659782608696,60.6806521739131,0.890992043162529,,3
median_ensemble,PL,Cases,2021-07-12,299.194565217391,198.436032608696,1.50776328917735,,3
median_ensemble,PL,Deaths,2021-07-12,3.76532608695652,5.29875,0.710606480199391,,3
median_ensemble,CZ,Cases,2021-07-19,345.344565217391,532.10847826087,0.649011581897938,,3
median_ensemble,CZ,Deaths,2021-07-19,8.84163043478261,8.52923913043478,1.0366259287107,,3
median_ensemble,DE,Cases,2021-07-19,5842.23206521739,2607.75956521739,2.24032619538311,,3
median_ensemble,DE,Deaths,2021-07-19,20.360652173913,23.8509782608696,0.853661093109844,,3
median_ensemble,FR,Cases,2021-07-19,27410.4606521739,27471.3414130435,0.997783844627235,,3
median_ensemble,FR,Deaths,2021-07-19,263.380652173913,79.0440217391304,3.33207554953555,,3
median_ensemble,GB,Cases,2021-07-19,271690.750543478,225848.945543478,1.20297551042219,,3
median_ensemble,GB,Deaths,2021-07-19,76.4456521739131,78.563152173913,0.973047160896593,,3
median_ensemble,PL,Cases,2021-07-19,58.36,112.88875,0.516969139971875,,3
median_ensemble,PL,Deaths,2021-07-19,13.0496739130435,7.04902173913044,1.85127445991581,,3
median_ensemble,CZ,Cases,2021-07-26,188.771847826087,191.025760869565,0.988200999523738,,3
median_ensemble,CZ,Deaths,2021-07-26,9.41195652173913,8.73864130434783,1.0770503324191,,3
median_ensemble,DE,Cases,2021-07-26,2482.17152173913,2592.4652173913,0.957456055760255,,3
median_ensemble,DE,Deaths,2021-07-26,136.474565217391,102.158260869565,1.33591316116511,,3
median_ensemble,FR,Cases,2021-07-26,356122.22076087,232343.429347826,1.53274065791524,,3
median_ensemble,FR,Deaths,2021-07-26,103.664239130435,370.298695652174,0.279947621602772,,3
median_ensemble,GB,Cases,2021-07-26,37451.6468478261,39314.3890217391,0.952619327928942,,3
median_ensemble,GB,Deaths,2021-07-26,63.025,54.4948913043478,1.15653042866005,,3
median_ensemble,PL,Cases,2021-07-26,135.97152173913,150.603913043478,0.902841891630508,,3
median_ensemble,PL,Deaths,2021-07-26,3.77913043478261,5.55646739130435,0.68013184792496,,3
median_ensemble,CZ,Cases,2021-08-02,155.122282608696,148.727934782609,1.04299358984197,,3
median_ensemble,CZ,Deaths,2021-08-02,6.7020652173913,7.15565217391304,0.936611374407583,,3
median_ensemble,DE,Cases,2021-08-02,4930.2397826087,4832.54130434783,1.02021679114734,,3
median_ensemble,DE,Deaths,2021-08-02,106.350108695652,109.809456521739,0.968496813155595,,3
median_ensemble,FR,Cases,2021-08-02,109940.58423913,21971.7364130435,5.00372761498561,,3
median_ensemble,FR,Deaths,2021-08-02,72.4521739130435,70.4975,1.02772685432878,,3
median_ensemble,GB,Cases,2021-08-02,20552.4419565217,40584.2334782609,0.506414442138737,,3
median_ensemble,GB,Deaths,2021-08-02,280.093695652174,165.367282608696,1.69376729927257,,3
median_ensemble,PL,Cases,2021-08-02,190.674456521739,151.385108695652,1.25953244783855,,3
median_ensemble,PL,Deaths,2021-08-02,2.8070652173913,4.94445652173913,0.567719668491284,,3
median_ensemble,CZ,Cases,2021-08-09,160.197717391304,160.41902173913,0.998620460682113,,3
median_ensemble,CZ,Deaths,2021-08-09,3.03804347826087,2.74097826086957,1.10837926795416,,3
median_ensemble,DE,Cases,2021-08-09,9320.67097826087,10201.9520652174,0.913616425432818,,3
median_ensemble,DE,Deaths,2021-08-09,27.8408695652174,59.4744565217391,0.468114736870962,,3
median_ensemble,FR,Cases,2021-08-09,22245.607173913,17281.2047282609,1.2872717801632,,3
median_ensemble,FR,Deaths,2021-08-09,69.8602173913044,63.7803804347826,1.09532456399721,,3
median_ensemble,GB,Cases,2021-08-09,87410.2401086957,17022.5809782609,5.13495810184867,,3
median_ensemble,GB,Deaths,2021-08-09,155.181195652174,167.005489130435,0.929198174623914,,3
median_ensemble,PL,Cases,2021-08-09,84.4327173913044,174.535,0.48375808514799,,3
median_ensemble,PL,Deaths,2021-08-09,3.36902173913044,7.3416847826087,0.458889456424378,,3
median_ensemble,CZ,Cases,2021-08-16,200.245869565217,268.049130434783,0.747049129539848,,3
median_ensemble,CZ,Deaths,2021-08-16,3.92804347826087,3.59434782608696,1.09283899842748,,3
median_ensemble,DE,Cases,2021-08-16,27978.9361956522,6106.12510869565,4.58210988107789,,3
median_ensemble,DE,Deaths,2021-08-16,36.9345652173913,27.1496739130435,1.36040548168967,,3
median_ensemble,FR,Cases,2021-08-16,44177.4155434783,19917.1479891304,2.21805931088063,,3
median_ensemble,FR,Deaths,2021-08-16,63.6096739130435,78.0733152173913,0.814742831605465,,3
median_ensemble,GB,Cases,2021-08-16,24130.0475,16825.6944565217,1.43411896384741,,3
median_ensemble,GB,Deaths,2021-08-16,264.616630434783,222.007173913044,1.19192828668874,,3
median_ensemble,PL,Cases,2021-08-16,175.19847826087,208.383695652174,0.840749453610345,,3
median_ensemble,PL,Deaths,2021-08-16,4.83315217391304,4.83048913043478,1.00055129892778,,3
median_ensemble,CZ,Cases,2021-08-23,398.621086956522,446.721739130435,0.892325248671481,,3
median_ensemble,CZ,Deaths,2021-08-23,2.93663043478261,2.92510869565217,1.00393890973951,,3
median_ensemble,DE,Cases,2021-08-23,63855.6525,27438.1152173913,2.32726089215945,,3
median_ensemble,DE,Deaths,2021-08-23,90.5807608695652,62.4788586956522,1.44978257862877,,3
median_ensemble,FR,Cases,2021-08-23,34243.96,20825.2663043478,1.64434679967817,,3
median_ensemble,FR,Deaths,2021-08-23,50.4053260869565,63.4608152173913,0.79427479641237,,3
median_ensemble,GB,Cases,2021-08-23,23939.8994565217,18266.4993478261,1.31059044213476,,3
median_ensemble,GB,Deaths,2021-08-23,107.692826086957,139.599782608696,0.771439783604995,,3
median_ensemble,PL,Cases,2021-08-23,440.999782608696,474.557826086957,0.929285659969051,,3
median_ensemble,PL,Deaths,2021-08-23,10.2661956521739,7.38347826086957,1.39042810034154,,3
median_ensemble,CZ,Cases,2021-08-30,701.800652173913,609.3125,1.15179099751591,,3
median_ensemble,CZ,Deaths,2021-08-30,4.21902173913044,4.07228260869565,1.0360336313893,,3
median_ensemble,DE,Cases,2021-08-30,81393.1809782609,44869.5389673913,1.81399637374061,,3
median_ensemble,DE,Deaths,2021-08-30,52.3846739130435,30.6541304347826,1.70889446772901,,3
median_ensemble,FR,Cases,2021-08-30,14968.4438043478,16074.4796195652,0.931193056236099,,3
median_ensemble,FR,Deaths,2021-08-30,45.1272826086957,65.5710869565217,0.688219224406303,,3
median_ensemble,GB,Cases,2021-08-30,28041.0051086957,15816.7819565217,1.77286411267328,,3
median_ensemble,GB,Deaths,2021-08-30,90.1861956521739,125.536576086957,0.718405730531505,,3
median_ensemble,PL,Cases,2021-08-30,1124.3527173913,763.076956521739,1.47344603684055,,3
median_ensemble,PL,Deaths,2021-08-30,22.9486956521739,16.166902173913,1.41948626924978,,3
median_ensemble,CZ,Cases,2021-09-06,716.819347826087,726.521630434783,0.986645569516094,,3
median_ensemble,CZ,Deaths,2021-09-06,5.06086956521739,4.66125,1.08573227465109,,3
median_ensemble,DE,Cases,2021-09-06,35806.3698913044,29440.6620652174,1.21622162613006,,3
median_ensemble,DE,Deaths,2021-09-06,48.0472826086957,34.6486956521739,1.38669816292727,,3
median_ensemble,FR,Cases,2021-09-06,5797.66402173913,9260.86130434783,0.626039396467067,,3
median_ensemble,FR,Deaths,2021-09-06,46.9911956521739,49.6246739130435,0.946932079282089,,3
median_ensemble,GB,Cases,2021-09-06,31866.4491304348,26468.5034782609,1.2039384529846,,3
median_ensemble,GB,Deaths,2021-09-06,120.986847826087,104.317391304348,1.15979556537323,,3
median_ensemble,PL,Cases,2021-09-06,835.729130434783,557.109347826087,1.50011686879049,,3
median_ensemble,PL,Deaths,2021-09-06,8.5720652173913,9.75989130434783,0.878295152075375,,3
median_ensemble,CZ,Cases,2021-09-13,499.506739130435,509.433586956522,0.980513951022758,,3
median_ensemble,CZ,Deaths,2021-09-13,4.1279347826087,5.07722826086957,0.813029190438981,,3
median_ensemble,DE,Cases,2021-09-13,9591.50543478261,9392.32320652174,1.0212069180203,,3
median_ensemble,DE,Deaths,2021-09-13,40.4809782608696,43.330652173913,0.934234225194535,,3
median_ensemble,FR,Cases,2021-09-13,3711.26543478261,6362.61255434783,0.58329269668425,,3
median_ensemble,FR,Deaths,2021-09-13,42.1805434782609,67.2540217391304,0.627182470096341,,3
median_ensemble,GB,Cases,2021-09-13,26325.0011956522,21409.2316304348,1.22960980805258,,3
median_ensemble,GB,Deaths,2021-09-13,256.873913043478,79.1276630434783,3.24632250168103,,3
median_ensemble,PL,Cases,2021-09-13,732.167391304348,872.490760869565,0.839169220055277,,3
median_ensemble,PL,Deaths,2021-09-13,10.2279347826087,11.2979347826087,0.905292425510626,,3
median_ensemble,CZ,Cases,2021-09-20,762.826086956522,724.122663043478,1.05344871233608,,3
median_ensemble,CZ,Deaths,2021-09-20,4.02945652173913,4.6304347826087,0.870211267605634,,3
median_ensemble,DE,Cases,2021-09-20,4642.92760869565,4933.83336956522,0.941038592291332,,3
median_ensemble,DE,Deaths,2021-09-20,34.5978260869565,43.6676630434783,0.792298549443985,,3
median_ensemble,FR,Cases,2021-09-20,5296.37532608696,5717.40260869565,0.926360392747512,,3
median_ensemble,FR,Deaths,2021-09-20,35.3329347826087,31.7951086956522,1.11126950754662,,3
median_ensemble,GB,Cases,2021-09-20,47255.6265217391,36453.1843478261,1.29633740829989,,3
median_ensemble,GB,Deaths,2021-09-20,158.138369565217,74.7102173913044,2.11668999351116,,3
median_ensemble,PL,Cases,2021-09-20,840.212065217391,856.977282608696,0.980436800681262,,3
median_ensemble,PL,Deaths,2021-09-20,14.7316304347826,15.1552173913043,0.972050090369223,,3
median_ensemble,CZ,Cases,2021-09-27,3435.46326086957,3790.77576086957,0.906269185408505,,3
median_ensemble,CZ,Deaths,2021-09-27,8.44858695652174,7.88130434782609,1.07197826446737,,3
median_ensemble,DE,Cases,2021-09-27,18563.2422826087,11975.1623913043,1.5501453488504,,3
median_ensemble,DE,Deaths,2021-09-27,31.5247826086957,36.3751086956522,0.866658100528611,,3
median_ensemble,FR,Cases,2021-09-27,7197.37891304348,6505.03,1.10643285473602,,3
median_ensemble,FR,Deaths,2021-09-27,32.2510869565217,26.6479347826087,1.21026590689384,,3
median_ensemble,GB,Cases,2021-09-27,75956.5440217391,35650.1969565217,2.13060657461091,,3
median_ensemble,GB,Deaths,2021-09-27,104.633260869565,81.2608695652174,1.28762172284644,,3
median_ensemble,PL,Cases,2021-09-27,2795.75434782609,4660.11798913044,0.599932094927014,,3
median_ensemble,PL,Deaths,2021-09-27,37.4186956521739,33.2423913043478,1.12563188699604,,3
median_ensemble,CZ,Cases,2021-10-04,7662.91684782609,6628.5547826087,1.15604639308877,,3
median_ensemble,CZ,Deaths,2021-10-04,16.1583695652174,17.2595108695652,0.936200897425805,,3
median_ensemble,DE,Cases,2021-10-04,17534.6255434783,15286.4033695652,1.14707332520017,,3
median_ensemble,DE,Deaths,2021-10-04,68.5483695652174,54.2392391304348,1.26381510257495,,3
median_ensemble,FR,Cases,2021-10-04,9263.88130434783,7206.2089673913,1.28554158591121,,3
median_ensemble,FR,Deaths,2021-10-04,25.0088043478261,28.1897826086957,0.887158467838332,,3
median_ensemble,GB,Cases,2021-10-04,85264.3626086957,59842.8130978261,1.42480538923383,,3
median_ensemble,GB,Deaths,2021-10-04,182.525543478261,200.691630434783,0.909482588201778,,3
median_ensemble,PL,Cases,2021-10-04,6534.93913043478,6469.36782608696,1.01013565870894,,3
median_ensemble,PL,Deaths,2021-10-04,43.9608695652174,48.1332608695652,0.913315839630013,,3
median_ensemble,CZ,Cases,2021-10-11,15227.780326087,13983.4866304348,1.08898307900864,,3
median_ensemble,CZ,Deaths,2021-10-11,56.8046739130435,58.1027717391304,0.977658590335154,,3
median_ensemble,DE,Cases,2021-10-11,31025.5242391304,30576.7833695652,1.01467586907823,,3
median_ensemble,DE,Deaths,2021-10-11,98.6057608695652,87.1671195652174,1.13122656067337,,3
median_ensemble,FR,Cases,2021-10-11,15296.3297826087,11915.098423913,1.28377703971876,,3
median_ensemble,FR,Deaths,2021-10-11,35.5288043478261,33.3976086956522,1.06381282179797,,3
median_ensemble,GB,Cases,2021-10-11,24129.1830434783,24303.7488043478,0.992817331915547,,3
median_ensemble,GB,Deaths,2021-10-11,243.341956521739,207.541739130435,1.17249647006574,,3
median_ensemble,PL,Cases,2021-10-11,12789.8902173913,12438.2626086957,1.02826983315578,,3
median_ensemble,PL,Deaths,2021-10-11,29.8145652173913,50.0216304347826,0.596033455092254,,3
median_ensemble,CZ,Cases,2021-10-18,10446.6241304348,13532.7582608696,0.771950841732062,,3
median_ensemble,CZ,Deaths,2021-10-18,110.716304347826,97.5654347826087,1.13479025224988,,3
median_ensemble,DE,Cases,2021-10-18,62235.7390217391,55266.4732608696,1.12610295808045,,3
median_ensemble,DE,Deaths,2021-10-18,209.979782608696,151.710652173913,1.38408067989838,,3
median_ensemble,FR,Cases,2021-10-18,8086.6475,7986.25733695652,1.01257036416532,,3
median_ensemble,FR,Deaths,2021-10-18,34.1933695652174,32.159347826087,1.06324822723801,,3
median_ensemble,GB,Cases,2021-10-18,53038.0098913044,34912.1221739131,1.51918607603107,,3
median_ensemble,GB,Deaths,2021-10-18,185.757608695652,138.561195652174,1.34061782464662,,3
median_ensemble,PL,Cases,2021-10-18,14911.5051086957,14817.1605434783,1.00636724998292,,3
median_ensemble,PL,Deaths,2021-10-18,41.8526086956522,66.3151086956522,0.631117244906155,,3
median_ensemble,CZ,Cases,2021-10-25,10852.382173913,10860.6039130435,0.999242975879034,,3
median_ensemble,CZ,Deaths,2021-10-25,57.529347826087,128.692717391304,0.447028775149433,,3
median_ensemble,DE,Cases,2021-10-25,47781.3527173913,32965.7807065217,1.44942275575893,,3
median_ensemble,DE,Deaths,2021-10-25,76.8157608695652,121.45652173913,0.632454805799177,,3
median_ensemble,FR,Cases,2021-10-25,21039.6455434783,12669.6185869565,1.66063764264686,,3
median_ensemble,FR,Deaths,2021-10-25,48.295,43.3024456521739,1.11529497405132,,3
median_ensemble,GB,Cases,2021-10-25,77816.1965217391,61728.8575,1.26061293977034,,3
median_ensemble,GB,Deaths,2021-10-25,116.55347826087,127.128097826087,0.916819178875125,,3
median_ensemble,PL,Cases,2021-10-25,23774.2464130435,7546.22782608696,3.15048087083417,,3
median_ensemble,PL,Deaths,2021-10-25,94.4982608695652,111.422826086957,0.848105044435123,,3
median_ensemble,CZ,Cases,2021-11-01,8606.66597826087,5803.44701086957,1.48302654648884,,3
median_ensemble,CZ,Deaths,2021-11-01,66.1989130434783,94.6821739130435,0.699169762454711,,3
median_ensemble,DE,Cases,2021-11-01,36242.3673913044,28177.1170108696,1.28623405216806,,3
median_ensemble,DE,Deaths,2021-11-01,73.8260869565217,82.0348913043478,0.899935207845018,,3
median_ensemble,FR,Cases,2021-11-01,31087.0645652174,42042.4265217391,0.739421273630413,,3
median_ensemble,FR,Deaths,2021-11-01,71.6727173913044,63.9125,1.12141939982483,,3
median_ensemble,GB,Cases,2021-11-01,22173.4673913044,22283.4444565217,0.995064629014963,,3
median_ensemble,GB,Deaths,2021-11-01,136.118695652174,105.064782608696,1.29556919333413,,3
median_ensemble,PL,Cases,2021-11-01,39323.9805434783,5848.39168478261,6.72389652796314,,3
median_ensemble,PL,Deaths,2021-11-01,423.427391304348,146.40097826087,2.89224427551194,,3
median_ensemble,CZ,Cases,2021-11-08,24537.3541304348,20957.8892391304,1.17079319632156,,3
median_ensemble,CZ,Deaths,2021-11-08,163.572282608696,126.351304347826,1.2945832530419,,3
median_ensemble,DE,Cases,2021-11-08,37202.0680434783,55359.6719565217,0.672006656265882,,3
median_ensemble,DE,Deaths,2021-11-08,83.8190217391304,93.2020108695652,0.899326323081525,,3
median_ensemble,FR,Cases,2021-11-08,67179.0976086957,74220.7824456522,0.905125160299775,,3
median_ensemble,FR,Deaths,2021-11-08,62.6510869565217,78.8205434782609,0.794857332768852,,3
median_ensemble,GB,Cases,2021-11-08,40609.1804347826,31999.764673913,1.269046221077,,3
median_ensemble,GB,Deaths,2021-11-08,236.219565217391,91.0375,2.59475013282868,,3
median_ensemble,PL,Cases,2021-11-08,42013.5943478261,26051.5427173913,1.61271041809662,,3
median_ensemble,PL,Deaths,2021-11-08,282.245217391304,162.883695652174,1.73280214610318,,3
median_ensemble,CZ,Cases,2021-11-15,29812.977826087,21340.8614130435,1.3969903674022,,3
median_ensemble,CZ,Deaths,2021-11-15,340.560217391304,202.371576086957,1.68284609912298,,3
median_ensemble,DE,Cases,2021-11-15,147723.125869565,47485.2813043478,3.11092451833153,,3
median_ensemble,DE,Deaths,2021-11-15,661.546195652174,246.956847826087,2.67879267765051,,3
median_ensemble,FR,Cases,2021-11-15,48890.504673913,87639.5603804348,0.55785885348676,,3
median_ensemble,FR,Deaths,2021-11-15,121.340869565217,171.51847826087,0.707450711990722,,3
median_ensemble,GB,Cases,2021-11-15,74583.2226086957,39697.0048369565,1.878812341511,,3
median_ensemble,GB,Deaths,2021-11-15,94.1154347826087,75.0054347826087,1.25478153756974,,3
median_ensemble,PL,Cases,2021-11-15,20686.5344565217,26587.3404347826,0.778059562116217,,3
median_ensemble,PL,Deaths,2021-11-15,322.45847826087,171.578913043478,1.87935960509995,,3
median_ensemble,CZ,Cases,2021-11-22,46805.3477173913,38063.025,1.22968018746254,,3
median_ensemble,CZ,Deaths,2021-11-22,418.151739130435,232.973369565217,1.79484779702849,,3
median_ensemble,DE,Cases,2021-11-22,116387.277717391,117190.0375,0.993149931515222,,3
median_ensemble,DE,Deaths,2021-11-22,281.374456521739,241.258260869565,1.16627905509881,,3
median_ensemble,FR,Cases,2021-11-22,30938.0933695652,67023.5869565217,0.461600084006766,,3
median_ensemble,FR,Deaths,2021-11-22,118.913369565217,134.188913043478,0.886163892889486,,3
median_ensemble,GB,Cases,2021-11-22,39034.4209782609,38978.5127173913,1.00143433540615,,3
median_ensemble,GB,Deaths,2021-11-22,57.6996739130435,81.2486956521739,0.710161233357592,,3
median_ensemble,PL,Cases,2021-11-22,17387.2939130435,33260.4215217391,0.522762283745535,,3
median_ensemble,PL,Deaths,2021-11-22,1047.93565217391,814.002010869565,1.2873870557819,,3
median_ensemble,CZ,Cases,2021-11-29,100153.587934783,81540.1948369565,1.22827261003048,,3
median_ensemble,CZ,Deaths,2021-11-29,376.079782608696,425.551739130435,0.883746318079138,,3
median_ensemble,DE,Cases,2021-11-29,184034.374891304,145713.154836957,1.26299080613021,,3
median_ensemble,DE,Deaths,2021-11-29,193.377717391304,251.013804347826,0.770386783681999,,3
median_ensemble,FR,Cases,2021-11-29,153598.286195652,46062.2334782609,3.33458181675326,,3
median_ensemble,FR,Deaths,2021-11-29,103.385760869565,93.5488043478261,1.10515320415175,,3
median_ensemble,GB,Cases,2021-11-29,108954.531413044,109044.942065217,0.99917088632942,,3
median_ensemble,GB,Deaths,2021-11-29,45.6913043478261,69.1297826086957,0.660949631600298,,3
median_ensemble,PL,Cases,2021-11-29,28169.5495652174,43320.7041304348,0.650256041092993,,3
median_ensemble,PL,Deaths,2021-11-29,1046.44934782609,636.545652173913,1.64395019312799,,3
median_ensemble,CZ,Cases,2021-12-06,29595.6707608696,24703.5763043478,1.19803183135313,,3
median_ensemble,CZ,Deaths,2021-12-06,71.9998913043478,125.559891304348,0.573430659714617,,3
median_ensemble,DE,Cases,2021-12-06,56805.2610869565,61549.5110869565,0.922919777651891,,3
median_ensemble,DE,Deaths,2021-12-06,234.75402173913,183.082065217391,1.28223385212737,,3
median_ensemble,FR,Cases,2021-12-06,160246.382934783,116884.642282609,1.37097893962264,,3
median_ensemble,FR,Deaths,2021-12-06,519.400217391304,249.877282608696,2.07862120145063,,3
median_ensemble,GB,Cases,2021-12-06,282799.726304348,290927.458369565,0.972062684936075,,3
median_ensemble,GB,Deaths,2021-12-06,161.368152173913,72.455,2.2271499851482,,3
median_ensemble,PL,Cases,2021-12-06,17812.7915217391,21351.0627717391,0.834281258603981,,3
median_ensemble,PL,Deaths,2021-12-06,291.362173913043,206.756847826087,1.40920205050776,,3
median_ensemble,CZ,Cases,2021-12-13,13170.9876086957,9186.78076086957,1.43368911825963,,3
median_ensemble,CZ,Deaths,2021-12-13,65.4661956521739,74.8716304347826,0.874379191050189,,3
median_ensemble,DE,Cases,2021-12-13,40733.1020652174,35019.2485869565,1.16316322333624,,3
median_ensemble,DE,Deaths,2021-12-13,277.732717391304,210.22097826087,1.32114653679642,,3
median_ensemble,FR,Cases,2021-12-13,220439.452173913,376920.359945652,0.584843578642709,,3
median_ensemble,FR,Deaths,2021-12-13,266.571956521739,129.078315217391,2.06519550609863,,3
median_ensemble,GB,Cases,2021-12-13,423046.269021739,440296.680054348,0.960820937758424,,3
median_ensemble,GB,Deaths,2021-12-13,127.919782608696,95.5620652173913,1.3386042078276,,3
median_ensemble,PL,Cases,2021-12-13,13891.190326087,14333.3019565217,0.969154935005495,,3
median_ensemble,PL,Deaths,2021-12-13,224.771739130435,178.783804347826,1.25722651417093,,3
median_ensemble,CZ,Cases,2021-12-20,9909.69369565217,10098.4534782609,0.981308050483666,,3
median_ensemble,CZ,Deaths,2021-12-20,113.159239130435,54.6176086956522,2.07184535963477,,3
median_ensemble,DE,Cases,2021-12-20,87924.4966304348,82775.1929891305,1.06220829520724,,3
median_ensemble,DE,Deaths,2021-12-20,182.328695652174,138.626956521739,1.31524705026314,,3
median_ensemble,FR,Cases,2021-12-20,731210.721521739,810938.149130435,0.901684946386864,,3
median_ensemble,FR,Deaths,2021-12-20,159.516630434783,81.0241304347826,1.96875461148182,,3
median_ensemble,GB,Cases,2021-12-20,210121.208478261,239886.714565217,0.875918488687858,,3
median_ensemble,GB,Deaths,2021-12-20,179.111086956522,192.341630434783,0.931213313267889,,3
median_ensemble,PL,Cases,2021-12-20,16922.9448913044,12693.9239673913,1.33315316325958,,3
median_ensemble,PL,Deaths,2021-12-20,422.473913043478,264.400760869565,1.59785437702236,,3
median_ensemble,CZ,Cases,2021-12-27,55860.3741304348,57383.4991304348,0.973457090921941,,3
median_ensemble,CZ,Deaths,2021-12-27,33.0127173913044,35.4354347826087,0.93163009269768,,3
median_ensemble,DE,Cases,2021-12-27,239219.214782609,250160.288043478,0.956263748549218,,3
median_ensemble,DE,Deaths,2021-12-27,308.118369565218,228.866413043478,1.3462804151463,,3
median_ensemble,FR,Cases,2021-12-27,1107438.43304348,1002695.33173913,1.10446154279254,,3
median_ensemble,FR,Deaths,2021-12-27,110.350869565217,113.833315217391,0.96940750038314,,3
median_ensemble,GB,Cases,2021-12-27,224855.789565217,230156.500054348,0.976969103684324,,3
median_ensemble,GB,Deaths,2021-12-27,552.476195652174,482.834021739131,1.14423626086289,,3
median_ensemble,PL,Cases,2021-12-27,45823.8329347826,46505.1748913044,0.985349115273424,,3
median_ensemble,PL,Deaths,2021-12-27,471.821847826087,275.064293478261,1.71531477917317,,3
median_ensemble,CZ,Cases,2022-01-03,98718.9583695652,113099.24576087,0.872852490796365,,3
median_ensemble,CZ,Deaths,2022-01-03,74.0365217391304,74.4088586956522,0.99499606682526,,3
median_ensemble,DE,Cases,2022-01-03,279699.201521739,352812.420326087,0.792770280771939,,3
median_ensemble,DE,Deaths,2022-01-03,214.874456521739,201.471195652174,1.06652693366999,,3
median_ensemble,FR,Cases,2022-01-03,301329.614782609,408216.496195652,0.738161288411495,,3
median_ensemble,FR,Deaths,2022-01-03,85.8948913043478,188.845326086957,0.454842558638684,,3
median_ensemble,GB,Cases,2022-01-03,659620.916521739,426131.062989131,1.54792967190605,,3
median_ensemble,GB,Deaths,2022-01-03,228.625326086957,223.88,1.02119584637733,,3
median_ensemble,PL,Cases,2022-01-03,78480.9788043478,104237.08576087,0.752908412888587,,3
median_ensemble,PL,Deaths,2022-01-03,221.952391304348,238.311195652174,0.931355283988829,,3
median_ensemble,CZ,Cases,2022-01-10,163890.422826087,163614.054782609,1.00168914610573,,3
median_ensemble,CZ,Deaths,2022-01-10,44.0538043478261,44.6,0.987753460713589,,3
median_ensemble,DE,Cases,2022-01-10,121603.23673913,119748.737391304,1.01548658790252,,3
median_ensemble,DE,Deaths,2022-01-10,302.844565217391,483.949673913043,0.62577697959521,,3
median_ensemble,FR,Cases,2022-01-10,934315.517282609,498566.48298913,1.87400386740995,,3
median_ensemble,FR,Deaths,2022-01-10,202.2225,369.060543478261,0.547938552558685,,3
median_ensemble,GB,Cases,2022-01-10,338374.184673913,473578.821141304,0.714504470150177,,3
median_ensemble,GB,Deaths,2022-01-10,500.286086956522,319.864673913043,1.56405545143921,,3
median_ensemble,PL,Cases,2022-01-10,87296.5426086956,121570.86326087,0.718071257101899,,3
median_ensemble,PL,Deaths,2022-01-10,158.341847826087,385.558206521739,0.4106820841775,,3
median_ensemble,CZ,Cases,2022-01-17,169185.213586957,120635.819402174,1.40244592713321,,3
median_ensemble,CZ,Deaths,2022-01-17,49.1403260869565,47.570597826087,1.03299786701459,,3
median_ensemble,DE,Cases,2022-01-17,107409.847608696,119823.167391304,0.89640300742451,,3
median_ensemble,DE,Deaths,2022-01-17,288.205,382.152391304348,0.754162492654592,,3
median_ensemble,FR,Cases,2022-01-17,306798.2425,451676.080434783,0.679243944476043,,3
median_ensemble,FR,Deaths,2022-01-17,97.5011956521739,290.366956521739,0.335786126700247,,3
median_ensemble,GB,Cases,2022-01-17,237554.862717391,197403.952282609,1.20339466343258,,3
median_ensemble,GB,Deaths,2022-01-17,982.209347826087,968.249565217391,1.01441754596147,,3
median_ensemble,PL,Cases,2022-01-17,72583.4483695652,83801.8510869565,0.866131802915062,,3
median_ensemble,PL,Deaths,2022-01-17,205.858369565217,543.896195652174,0.378488342464645,,3
median_ensemble,CZ,Cases,2022-01-24,60070.5756521739,68262.2880978261,0.879996515295346,,3
median_ensemble,CZ,Deaths,2022-01-24,97.3655434782609,75.3805434782609,1.2916535087909,,3
median_ensemble,DE,Cases,2022-01-24,540404.616086957,85788.7776086957,6.29924602203657,,3
median_ensemble,DE,Deaths,2022-01-24,133.141847826087,286.693695652174,0.464404518987467,,3
median_ensemble,FR,Cases,2022-01-24,912266.433695652,910032.602065217,1.00245467209127,,3
median_ensemble,FR,Deaths,2022-01-24,145.674456521739,284.55875,0.511931038921626,,3
median_ensemble,GB,Cases,2022-01-24,240949.31576087,215826.097608696,1.11640491317099,,3
median_ensemble,GB,Deaths,2022-01-24,554.113804347826,600.781195652174,0.922322150489933,,3
median_ensemble,PL,Cases,2022-01-24,97172.6953260869,136919.59326087,0.709706280977232,,3
median_ensemble,PL,Deaths,2022-01-24,3122.98923913043,567.319402173913,5.5048165586501,,3
median_ensemble,CZ,Cases,2022-01-31,228706.047173913,142710.75173913,1.60258455923474,,3
median_ensemble,CZ,Deaths,2022-01-31,194.651956521739,175.424619565217,1.1096045526801,,3
median_ensemble,DE,Cases,2022-01-31,776420.6475,212440.150217391,3.65477357601886,,3
median_ensemble,DE,Deaths,2022-01-31,90.08,167.917717391304,0.536453218870785,,3
median_ensemble,FR,Cases,2022-01-31,1039870.24934783,785885.062173913,1.32318363002261,,3
median_ensemble,FR,Deaths,2022-01-31,228.089891304348,240.846793478261,0.947033124295821,,3
median_ensemble,GB,Cases,2022-01-31,246064.027608696,221245.188369565,1.11217798417235,,3
median_ensemble,GB,Deaths,2022-01-31,392.647065217391,447.875326086957,0.876688315580836,,3
median_ensemble,PL,Cases,2022-01-31,32962.7245652174,197814.242173913,0.166634738747665,,3
median_ensemble,PL,Deaths,2022-01-31,1815.7252173913,500.316032608696,3.62915657114552,,3
median_ensemble,CZ,Cases,2022-02-07,69558.7226086957,64345.94625,1.081011728982,,3
median_ensemble,CZ,Deaths,2022-02-07,54.131847826087,43.5443478260869,1.24314292275741,,3
median_ensemble,DE,Cases,2022-02-07,387348.153695652,233892.076195652,1.65609780372223,,3
median_ensemble,DE,Deaths,2022-02-07,248.437934782609,149.720869565217,1.65934071518594,,3
median_ensemble,FR,Cases,2022-02-07,461229.618804348,336326.47826087,1.37137468684995,,3
median_ensemble,FR,Deaths,2022-02-07,276.843804347826,202.886793478261,1.36452353355119,,3
median_ensemble,GB,Cases,2022-02-07,324462.217282609,204775.503586957,1.58447769190727,,3
median_ensemble,GB,Deaths,2022-02-07,1325.85239130435,1293.00298913044,1.02540551139484,,3
median_ensemble,PL,Cases,2022-02-07,12865.0083695652,120275.29423913,0.106963017226024,,3
median_ensemble,PL,Deaths,2022-02-07,240.794239130435,126.244891304348,1.90735828311606,,3
median_ensemble,CZ,Cases,2022-02-14,23725.5502173913,10019.8354347826,2.36785827190644,,3
median_ensemble,CZ,Deaths,2022-02-14,67.2638043478261,42.5658152173913,1.58023061473856,,3
median_ensemble,DE,Cases,2022-02-14,199783.213804348,103214.074565217,1.93561987205642,,3
median_ensemble,DE,Deaths,2022-02-14,113.754782608696,96.9526086956522,1.17330295841536,,3
median_ensemble,FR,Cases,2022-02-14,113156.064130435,73456.9247826087,1.54044107434817,,3
median_ensemble,FR,Deaths,2022-02-14,848.88,377.385,2.2493739814778,,3
median_ensemble,GB,Cases,2022-02-14,192815.682717391,103687.715652174,1.8595807758385,,3
median_ensemble,GB,Deaths,2022-02-14,227.217934782609,215.018206521739,1.05673811747489,,3
median_ensemble,PL,Cases,2022-02-14,27694.4382608696,10851.3276086957,2.55217050480319,,3
median_ensemble,PL,Deaths,2022-02-14,303.015,117.380326086957,2.58148030510261,,3
median_ensemble,CZ,Cases,2022-02-21,14879.2684782609,10100.8373913043,1.47307276633027,,3
median_ensemble,CZ,Deaths,2022-02-21,97.0044565217391,52.61625,1.84362162871241,,3
median_ensemble,DE,Cases,2022-02-21,195378.43673913,143345.581032609,1.36298890647131,,3
median_ensemble,DE,Deaths,2022-02-21,128.306304347826,136.923043478261,0.937068743788164,,3
median_ensemble,FR,Cases,2022-02-21,97896.5495652174,171491.482228261,0.570853714092423,,3
median_ensemble,FR,Deaths,2022-02-21,214.920869565217,169.796304347826,1.26575705160787,,3
median_ensemble,GB,Cases,2022-02-21,146898.435108696,104064.690434783,1.41160690042851,,3
median_ensemble,GB,Deaths,2022-02-21,145.129130434783,167.149184782609,0.868261072427814,,3
median_ensemble,PL,Cases,2022-02-21,10918.1619565217,9090.82054347826,1.20100951331114,,3
median_ensemble,PL,Deaths,2022-02-21,218.301956521739,114.923804347826,1.89953646035795,,3
median_ensemble,CZ,Cases,2022-02-28,20552.5905434783,18567.9911956522,1.10688282469085,,3
median_ensemble,CZ,Deaths,2022-02-28,58.9426086956522,42.4278260869565,1.38924413838334,,3
median_ensemble,DE,Cases,2022-02-28,276078.475652174,260271.143586957,1.06073409386598,,3
median_ensemble,DE,Deaths,2022-02-28,107.614782608696,140.178152173913,0.767700108324888,,3
median_ensemble,FR,Cases,2022-02-28,220563.310434783,248573.482717391,0.887316330059011,,3
median_ensemble,FR,Deaths,2022-02-28,280.44652173913,280.44652173913,1,,3
median_ensemble,GB,Cases,2022-02-28,320668.437934783,277790.789239131,1.15435230524775,,3
median_ensemble,GB,Deaths,2022-02-28,377.988315217391,418.795869565217,0.902559797473191,,3
median_ensemble,PL,Cases,2022-02-28,10609.0869565217,10661.3838043478,0.995094741096858,,3
median_ensemble,PL,Deaths,2022-02-28,359.90347826087,103.000217391304,3.49420115196042,,3
median_ensemble,CZ,Cases,2022-03-07,13302.355,16127.6155434783,0.824818459005197,,3
median_ensemble,CZ,Deaths,2022-03-07,28.0616304347826,36.2782608695652,0.773510906040269,,3
median_ensemble,DE,Cases,2022-03-07,254473.981956522,207524.574891304,1.22623540893799,,3
median_ensemble,DE,Deaths,2022-03-07,127.068695652174,137.937173913043,0.921207039751872,,3
median_ensemble,FR,Cases,2022-03-07,309969.315978261,311058.151847826,0.996499574555121,,3
median_ensemble,FR,Deaths,2022-03-07,141.863804347826,155.894836956522,0.909996810140615,,3
median_ensemble,GB,Cases,2022-03-07,254273.583804348,215627.591630435,1.17922563565125,,3
median_ensemble,GB,Deaths,2022-03-07,287.898586956522,443.039891304348,0.649825427929127,,3
median_ensemble,PL,Cases,2022-03-07,6843.53391304348,6602.26369565218,1.03654355968093,,3
median_ensemble,PL,Deaths,2022-03-07,99.3665217391304,84.9841304347826,1.16923620010897,,3
median_ensemble,Average,Cases,2021-04-12,15562.2614130435,17856.4232934783,0.871521757592256,average,3
median_ensemble,Average,Deaths,2021-04-12,155.31997826087,131.012119565217,1.18553900796599,average,3
median_ensemble,Average,Cases,2021-04-19,20985.5798478261,20866.5203913043,1.00570576475086,average,3
median_ensemble,Average,Deaths,2021-04-19,216.405043478261,156.748369565217,1.38058880024409,average,3
median_ensemble,Average,Cases,2021-04-26,33037.7687826087,35900.9699673913,0.920247247152842,average,3
median_ensemble,Average,Deaths,2021-04-26,126.895239130435,120.962043478261,1.04905006133796,average,3
median_ensemble,Average,Cases,2021-05-03,28329.0475434783,26565.4370108696,1.06638740901899,average,3
median_ensemble,Average,Deaths,2021-05-03,114.661304347826,92.4805652173913,1.23984216660328,average,3
median_ensemble,Average,Cases,2021-05-10,26855.3089130435,24773.0021956522,1.08405548511826,average,3
median_ensemble,Average,Deaths,2021-05-10,79.4480869565218,70.1663152173913,1.13228244507886,average,3
median_ensemble,Average,Cases,2021-05-17,22112.4198695652,22317.2965326087,0.990819826104648,average,3
median_ensemble,Average,Deaths,2021-05-17,58.5468260869565,53.3482065217391,1.09744694159679,average,3
median_ensemble,Average,Cases,2021-05-24,7769.59339130435,8095.34863043478,0.959760196379221,average,3
median_ensemble,Average,Deaths,2021-05-24,64.6344347826087,54.2505760869565,1.1914055010035,average,3
median_ensemble,Average,Cases,2021-05-31,5181.48091304348,4847.48313043478,1.06890127796664,average,3
median_ensemble,Average,Deaths,2021-05-31,32.2784130434783,33.6620434782609,0.958896421850439,average,3
median_ensemble,Average,Cases,2021-06-07,4117.97469565217,5826.79858695652,0.706730228305882,average,3
median_ensemble,Average,Deaths,2021-06-07,47.1421086956522,31.7766086956522,1.48354750965299,average,3
median_ensemble,Average,Cases,2021-06-14,5084.31595652174,4893.23969565217,1.03904902942714,average,3
median_ensemble,Average,Deaths,2021-06-14,28.9207391304348,25.4189239130435,1.13776410163431,average,3
median_ensemble,Average,Cases,2021-06-21,15733.7757391304,15340.0707173913,1.02566513733817,average,3
median_ensemble,Average,Deaths,2021-06-21,24.7899565217391,22.3778043478261,1.10779217372804,average,3
median_ensemble,Average,Cases,2021-06-28,14151.6769347826,14223.1756413043,0.994973084188449,average,3
median_ensemble,Average,Deaths,2021-06-28,17.2761086956522,19.5808043478261,0.882298213534329,average,3
median_ensemble,Average,Cases,2021-07-05,41765.0591521739,32698.6951521739,1.27726990198865,average,3
median_ensemble,Average,Deaths,2021-07-05,21.6914565217391,24.0433804347826,0.902179981744953,average,3
median_ensemble,Average,Cases,2021-07-12,32365.4985434783,29198.8056956522,1.10845282101033,average,3
median_ensemble,Average,Deaths,2021-07-12,32.1031739130435,23.6353695652174,1.35826832850913,average,3
median_ensemble,Average,Cases,2021-07-19,61069.4295652174,51314.60875,1.19009831805874,average,3
median_ensemble,Average,Deaths,2021-07-19,76.4156521739131,39.4072826086957,1.93912513412054,average,3
median_ensemble,Average,Cases,2021-07-26,79276.1565,54918.3826521739,1.44352678778063,average,3
median_ensemble,Average,Deaths,2021-07-26,63.2709782608696,108.249391304348,0.584492693201207,average,3
median_ensemble,Average,Cases,2021-08-02,27153.8125434783,13537.7248478261,2.00578847987435,average,3
median_ensemble,Average,Deaths,2021-08-02,93.6810217391304,71.5548695652174,1.30921937679932,average,3
median_ensemble,Average,Cases,2021-08-09,23844.2297391304,8968.13835869565,2.65877139551607,average,3
median_ensemble,Average,Deaths,2021-08-09,51.8578695652174,60.068597826087,0.863310805345555,average,3
median_ensemble,Average,Cases,2021-08-16,19332.3687173913,8665.08007608696,2.23106636610813,average,3
median_ensemble,Average,Deaths,2021-08-16,74.7844130434783,67.131,1.11400713595028,average,3
median_ensemble,Average,Cases,2021-08-23,24575.8265652174,13490.2320869565,1.82174972282199,average,3
median_ensemble,Average,Deaths,2021-08-23,52.376347826087,55.1696086956522,0.949369572567127,average,3
median_ensemble,Average,Cases,2021-08-30,25245.7566521739,15626.638,1.61555906345139,average,3
median_ensemble,Average,Deaths,2021-08-30,42.9731739130435,48.4001956521739,0.887871904937503,average,3
median_ensemble,Average,Cases,2021-09-06,15004.6063043478,13290.7315652174,1.12895262617565,average,3
median_ensemble,Average,Deaths,2021-09-06,45.9316521739131,40.6023804347826,1.13125515504419,average,3
median_ensemble,Average,Cases,2021-09-13,8171.88923913043,7709.21834782609,1.06001527916703,average,3
median_ensemble,Average,Deaths,2021-09-13,70.7782608695652,41.2175,1.71718956437351,average,3
median_ensemble,Average,Cases,2021-09-20,11759.5935217391,9737.10405434783,1.20770954650405,average,3
median_ensemble,Average,Deaths,2021-09-20,49.3660434782609,33.9917282608696,1.45229577912018,average,3
median_ensemble,Average,Cases,2021-09-27,21589.6765652174,12516.2566195652,1.72493080171181,average,3
median_ensemble,Average,Deaths,2021-09-27,42.8552826086957,37.0815217391304,1.15570452879965,average,3
median_ensemble,Average,Cases,2021-10-04,25252.1450869565,19086.6696086957,1.32302521103273,average,3
median_ensemble,Average,Deaths,2021-10-04,67.2403913043478,69.7026847826087,0.964674338069755,average,3
median_ensemble,Average,Cases,2021-10-11,19693.7415217391,18643.4759673913,1.05633421343664,average,3
median_ensemble,Average,Deaths,2021-10-11,92.8191521739131,87.2461739130435,1.0638764774536,average,3
median_ensemble,Average,Cases,2021-10-18,29743.7051304348,25302.9543152174,1.17550325388473,average,3
median_ensemble,Average,Deaths,2021-10-18,116.499934782609,97.262347826087,1.19779069070922,average,3
median_ensemble,Average,Cases,2021-10-25,36252.764673913,25154.2177065217,1.4412201204935,average,3
median_ensemble,Average,Deaths,2021-10-25,78.7383695652174,106.40052173913,0.740018641621568,average,3
median_ensemble,Average,Cases,2021-11-01,27486.709173913,20830.9653369565,1.31951202113272,average,3
median_ensemble,Average,Deaths,2021-11-01,154.248760869565,98.4190652173913,1.56726504695869,average,3
median_ensemble,Average,Cases,2021-11-08,42308.2589130435,41717.9302065217,1.01415047926873,average,3
median_ensemble,Average,Deaths,2021-11-08,165.701434782609,110.459010869565,1.50011695268823,average,3
median_ensemble,Average,Cases,2021-11-15,64339.2730869565,44550.009673913,1.44420334715733,average,3
median_ensemble,Average,Deaths,2021-11-15,308.004239130435,173.48625,1.77538127160184,average,3
median_ensemble,Average,Cases,2021-11-22,50110.4867391304,58903.1167391304,0.850727253721722,average,3
median_ensemble,Average,Deaths,2021-11-22,384.81497826087,300.73425,1.2795848103795,average,3
median_ensemble,Average,Cases,2021-11-29,114982.066,85136.2458695652,1.35056537700947,average,3
median_ensemble,Average,Deaths,2021-11-29,352.996782608696,295.157956521739,1.19595889187116,average,3
median_ensemble,Average,Cases,2021-12-06,109451.966521739,103083.250163043,1.06178226189631,average,3
median_ensemble,Average,Deaths,2021-12-06,255.776891304348,167.546217391304,1.5266049886819,average,3
median_ensemble,Average,Cases,2021-12-13,142256.20023913,175151.27426087,0.8121904955556,average,3
median_ensemble,Average,Deaths,2021-12-13,192.49247826087,137.703358695652,1.39787787374388,average,3
median_ensemble,Average,Cases,2021-12-20,211217.813043478,231278.486826087,0.913261825352163,average,3
median_ensemble,Average,Deaths,2021-12-20,211.317913043478,146.202217391304,1.44538104013768,average,3
median_ensemble,Average,Cases,2021-12-27,334639.528891304,317380.158771739,1.05438074700813,average,3
median_ensemble,Average,Deaths,2021-12-27,295.156,227.206695652174,1.29906382887522,average,3
median_ensemble,Average,Cases,2022-01-03,283569.934,280899.262206522,1.00950757852655,average,3
median_ensemble,Average,Deaths,2022-01-03,165.076717391304,185.383315217391,0.890461567146567,average,3
median_ensemble,Average,Cases,2022-01-10,329095.980826087,275415.791913044,1.19490599482397,average,3
median_ensemble,Average,Deaths,2022-01-10,241.549760869565,320.606619565217,0.753414764789127,average,3
median_ensemble,Average,Cases,2022-01-17,178706.322956522,194668.174119565,0.918004824182305,average,3
median_ensemble,Average,Deaths,2022-01-17,324.582847826087,446.447141304348,0.727035336989235,average,3
median_ensemble,Average,Cases,2022-01-24,370172.727304348,283365.871728261,1.30634195659007,average,3
median_ensemble,Average,Deaths,2022-01-24,810.65697826087,362.946717391304,2.23354266457485,average,3
median_ensemble,Average,Cases,2022-01-31,464804.73923913,312019.078934783,1.48966768579008,average,3
median_ensemble,Average,Deaths,2022-01-31,544.238826086957,306.476097826087,1.77579533917125,average,3
median_ensemble,Average,Cases,2022-02-07,251092.744152174,191923.059706522,1.30829898468757,average,3
median_ensemble,Average,Deaths,2022-02-07,429.212043478261,363.07997826087,1.1821418672937,average,3
median_ensemble,Average,Cases,2022-02-14,111434.989826087,60245.9756086957,1.84966694787831,average,3
median_ensemble,Average,Deaths,2022-02-14,312.026304347826,169.860391304348,1.83695740926884,average,3
median_ensemble,Average,Cases,2022-02-21,93194.1703695652,87618.682326087,1.06363355274767,average,3
median_ensemble,Average,Deaths,2022-02-21,160.732543478261,128.281717391304,1.25296532309409,average,3
median_ensemble,Average,Cases,2022-02-28,169694.380304348,163172.958108696,1.03996631715966,average,3
median_ensemble,Average,Deaths,2022-02-28,236.979141304348,196.969717391304,1.20312474649877,average,3
median_ensemble,Average,Cases,2022-03-07,167772.554130435,151388.039521739,1.10822859362244,average,3
median_ensemble,Average,Deaths,2022-03-07,136.851847826087,171.626858695652,0.797380135406241,average,3
weighted.mean_ensemble,CZ,Cases,2021-04-12,1367.81813681668,1466.66956521739,0.932601432016451,,3
weighted.mean_ensemble,CZ,Deaths,2021-04-12,30.5363167499575,28.1125543478261,1.08621637052767,,3
weighted.mean_ensemble,CZ,Cases,2021-04-19,1102.29118374691,1190.77119565217,0.925695203051326,,3
weighted.mean_ensemble,CZ,Deaths,2021-04-19,29.5433636563453,20.7639673913044,1.42281882357018,,3
weighted.mean_ensemble,CZ,Cases,2021-04-26,1164.13129796445,2377.40782608696,0.489664114499246,,3
weighted.mean_ensemble,CZ,Deaths,2021-04-26,26.4016191758382,23.9485869565217,1.102429100463,,3
weighted.mean_ensemble,CZ,Cases,2021-05-03,946.681429877364,2149.0277173913,0.440516156313952,,3
weighted.mean_ensemble,CZ,Deaths,2021-05-03,21.3230138691507,33.0164130434783,0.645830721861612,,3
weighted.mean_ensemble,CZ,Cases,2021-05-10,1254.28951846813,1586.90065217391,0.790402043599806,,3
weighted.mean_ensemble,CZ,Deaths,2021-05-10,29.5652564102619,40.8302173913044,0.7241023511317,,3
weighted.mean_ensemble,CZ,Cases,2021-05-17,485.381183295736,651.893695652174,0.744571065087761,,3
weighted.mean_ensemble,CZ,Deaths,2021-05-17,18.3906425403897,23.27625,0.79010332593909,,3
weighted.mean_ensemble,CZ,Cases,2021-05-24,260.238677694524,506.792934782609,0.513500997811176,,3
weighted.mean_ensemble,CZ,Deaths,2021-05-24,10.7988347466196,10.441902173913,1.03418271563569,,3
weighted.mean_ensemble,CZ,Cases,2021-05-31,214.157132339308,199.126956521739,1.07548036729988,,3
weighted.mean_ensemble,CZ,Deaths,2021-05-31,9.82905929814129,8.90652173913044,1.10358000418477,,3
weighted.mean_ensemble,CZ,Cases,2021-06-07,151.751059518055,187.318043478261,0.81012515772762,,3
weighted.mean_ensemble,CZ,Deaths,2021-06-07,9.45181695690426,8.41146739130435,1.12368229194771,,3
weighted.mean_ensemble,CZ,Cases,2021-06-14,350.4821261102,233.128804347826,1.50338405024925,,3
weighted.mean_ensemble,CZ,Deaths,2021-06-14,7.46162393419734,5.46336956521739,1.36575493294502,,3
weighted.mean_ensemble,CZ,Cases,2021-06-21,754.43627291183,488.987065217391,1.54285527486586,,3
weighted.mean_ensemble,CZ,Deaths,2021-06-21,7.22575015283987,4.39184782608696,1.64526423477606,,3
weighted.mean_ensemble,CZ,Cases,2021-06-28,647.122777862968,572.845652173913,1.12966341877114,,3
weighted.mean_ensemble,CZ,Deaths,2021-06-28,4.27736122986132,4.12076086956522,1.03800277794635,,3
weighted.mean_ensemble,CZ,Cases,2021-07-05,293.317987627992,337.438260869565,0.869249346153346,,3
weighted.mean_ensemble,CZ,Deaths,2021-07-05,4.03603534667785,4.56146739130435,0.884810741905522,,3
weighted.mean_ensemble,CZ,Cases,2021-07-12,826.41930477317,692.418369565217,1.19352596796658,,3
weighted.mean_ensemble,CZ,Deaths,2021-07-12,15.247563736972,7.8466847826087,1.94318545467336,,3
weighted.mean_ensemble,CZ,Cases,2021-07-19,494.770343848702,532.10847826087,0.929829844970329,,3
weighted.mean_ensemble,CZ,Deaths,2021-07-19,8.7219779409481,8.52923913043478,1.02259742136031,,3
weighted.mean_ensemble,CZ,Cases,2021-07-26,237.145236361726,191.025760869565,1.24143065983468,,3
weighted.mean_ensemble,CZ,Deaths,2021-07-26,9.29027735413392,8.73864130434783,1.06312606623545,,3
weighted.mean_ensemble,CZ,Cases,2021-08-02,201.988513408452,148.727934782609,1.35810743088507,,3
weighted.mean_ensemble,CZ,Deaths,2021-08-02,7.58824726484973,7.15565217391304,1.06045501939205,,3
weighted.mean_ensemble,CZ,Cases,2021-08-09,203.234796048949,160.41902173913,1.26689960981962,,3
weighted.mean_ensemble,CZ,Deaths,2021-08-09,3.15280575898478,2.74097826086957,1.15024836351112,,3
weighted.mean_ensemble,CZ,Cases,2021-08-16,278.063178074803,268.049130434783,1.037359000657,,3
weighted.mean_ensemble,CZ,Deaths,2021-08-16,3.58533519421262,3.59434782608696,0.99749255433519,,3
weighted.mean_ensemble,CZ,Cases,2021-08-23,405.384200477107,446.721739130435,0.907464680958232,,3
weighted.mean_ensemble,CZ,Deaths,2021-08-23,3.0412204905781,2.92510869565217,1.03969486504844,,3
weighted.mean_ensemble,CZ,Cases,2021-08-30,666.851916339106,609.3125,1.09443334305321,,3
weighted.mean_ensemble,CZ,Deaths,2021-08-30,3.83565099213925,4.07228260869565,0.941892142738052,,3
weighted.mean_ensemble,CZ,Cases,2021-09-06,729.547184834937,726.521630434783,1.00416443815767,,3
weighted.mean_ensemble,CZ,Deaths,2021-09-06,5.46489167202648,4.66125,1.17240904736422,,3
weighted.mean_ensemble,CZ,Cases,2021-09-13,1480.72810896967,509.433586956522,2.90661657747361,,3
weighted.mean_ensemble,CZ,Deaths,2021-09-13,4.61683140902273,5.07722826086957,0.909321222487644,,3
weighted.mean_ensemble,CZ,Cases,2021-09-20,583.080152008752,724.122663043478,0.805222901818973,,3
weighted.mean_ensemble,CZ,Deaths,2021-09-20,4.35160634715273,4.6304347826087,0.939783530371013,,3
weighted.mean_ensemble,CZ,Cases,2021-09-27,3452.72889770146,3790.77576086957,0.910823830135877,,3
weighted.mean_ensemble,CZ,Deaths,2021-09-27,7.09963354449712,7.88130434782609,0.900819614516653,,3
weighted.mean_ensemble,CZ,Cases,2021-10-04,8103.32822493649,6628.5547826087,1.22248793148654,,3
weighted.mean_ensemble,CZ,Deaths,2021-10-04,13.4922099905348,17.2595108695652,0.781726092500482,,3
weighted.mean_ensemble,CZ,Cases,2021-10-11,15097.5260221215,13983.4866304348,1.07966821302364,,3
weighted.mean_ensemble,CZ,Deaths,2021-10-11,51.3272386241166,58.1027717391304,0.883387093038614,,3
weighted.mean_ensemble,CZ,Cases,2021-10-18,10661.0185169085,13532.7582608696,0.787793464672694,,3
weighted.mean_ensemble,CZ,Deaths,2021-10-18,104.193153912762,97.5654347826087,1.0679310161936,,3
weighted.mean_ensemble,CZ,Cases,2021-10-25,8450.50965672257,10860.6039130435,0.778088375598855,,3
weighted.mean_ensemble,CZ,Deaths,2021-10-25,54.002290724861,128.692717391304,0.419621963227811,,3
weighted.mean_ensemble,CZ,Cases,2021-11-01,7713.92535565097,5803.44701086957,1.32919717216392,,3
weighted.mean_ensemble,CZ,Deaths,2021-11-01,71.1836327373305,94.6821739130435,0.751816628151207,,3
weighted.mean_ensemble,CZ,Cases,2021-11-08,33524.6111060903,20957.8892391304,1.59961772502818,,3
weighted.mean_ensemble,CZ,Deaths,2021-11-08,132.795757974483,126.351304347826,1.05100425088542,,3
weighted.mean_ensemble,CZ,Cases,2021-11-15,38478.9144249078,21340.8614130435,1.80306285112698,,3
weighted.mean_ensemble,CZ,Deaths,2021-11-15,309.255685490001,202.371576086957,1.52815771596856,,3
weighted.mean_ensemble,CZ,Cases,2021-11-22,53172.3027046879,38063.025,1.39695420174009,,3
weighted.mean_ensemble,CZ,Deaths,2021-11-22,305.196499231031,232.973369565217,1.31000594531726,,3
weighted.mean_ensemble,CZ,Cases,2021-11-29,70659.0484568063,81540.1948369565,0.86655481505891,,3
weighted.mean_ensemble,CZ,Deaths,2021-11-29,422.540735202729,425.551739130435,0.992924470397281,,3
weighted.mean_ensemble,CZ,Cases,2021-12-06,32260.8223595269,24703.5763043478,1.30591708512459,,3
weighted.mean_ensemble,CZ,Deaths,2021-12-06,93.3067045007488,125.559891304348,0.743125081835092,,3
weighted.mean_ensemble,CZ,Cases,2021-12-13,14643.1255064747,9186.78076086957,1.59393435934011,,3
weighted.mean_ensemble,CZ,Deaths,2021-12-13,70.1804774270204,74.8716304347826,0.937344051671901,,3
weighted.mean_ensemble,CZ,Cases,2021-12-20,37117.4199005094,10098.4534782609,3.67555487386388,,3
weighted.mean_ensemble,CZ,Deaths,2021-12-20,129.49466022072,54.6176086956522,2.37093243943191,,3
weighted.mean_ensemble,CZ,Cases,2021-12-27,21822.6341639897,57383.4991304348,0.38029458807289,,3
weighted.mean_ensemble,CZ,Deaths,2021-12-27,50.7987443012696,35.4354347826087,1.43355781050558,,3
weighted.mean_ensemble,CZ,Cases,2022-01-03,82828.3121412089,113099.24576087,0.732350702995281,,3
weighted.mean_ensemble,CZ,Deaths,2022-01-03,52.6821553294442,74.4088586956522,0.708009184026397,,3
weighted.mean_ensemble,CZ,Cases,2022-01-10,161062.242497548,163614.054782609,0.984403465286336,,3
weighted.mean_ensemble,CZ,Deaths,2022-01-10,40.0260397101388,44.6,0.897444836550196,,3
weighted.mean_ensemble,CZ,Cases,2022-01-17,165631.155595756,120635.819402174,1.37298487643689,,3
weighted.mean_ensemble,CZ,Deaths,2022-01-17,51.0106142654048,47.570597826087,1.07231392070989,,3
weighted.mean_ensemble,CZ,Cases,2022-01-24,128523.426022442,68262.2880978261,1.88278813388523,,3
weighted.mean_ensemble,CZ,Deaths,2022-01-24,57.9331884859607,75.3805434782609,0.768542992830346,,3
weighted.mean_ensemble,CZ,Cases,2022-01-31,146833.687242939,142710.75173913,1.02889015335961,,3
weighted.mean_ensemble,CZ,Deaths,2022-01-31,192.966742242016,175.424619565217,1.0999980659515,,3
weighted.mean_ensemble,CZ,Cases,2022-02-07,30961.6781082212,64345.94625,0.481175270745532,,3
weighted.mean_ensemble,CZ,Deaths,2022-02-07,49.5406788151138,43.5443478260869,1.13770629917287,,3
weighted.mean_ensemble,CZ,Cases,2022-02-14,11881.9137155784,10019.8354347826,1.18583920793068,,3
weighted.mean_ensemble,CZ,Deaths,2022-02-14,133.036190672794,42.5658152173913,3.12542330020825,,3
weighted.mean_ensemble,CZ,Cases,2022-02-21,12512.116861731,10100.8373913043,1.23872074928189,,3
weighted.mean_ensemble,CZ,Deaths,2022-02-21,86.4713986752522,52.61625,1.64343522533917,,3
weighted.mean_ensemble,CZ,Cases,2022-02-28,19342.5707305299,18567.9911956522,1.04171584996546,,3
weighted.mean_ensemble,CZ,Deaths,2022-02-28,52.7606483454546,42.4278260869565,1.24353880958503,,3
weighted.mean_ensemble,CZ,Cases,2022-03-07,12565.3916994054,16127.6155434783,0.779122720623545,,3
weighted.mean_ensemble,CZ,Deaths,2022-03-07,26.3929556344032,36.2782608695652,0.7275143571324,,3
weighted.mean_ensemble,DE,Cases,2021-04-12,19530.3502068635,13536.7779891304,1.44276209763843,,3
weighted.mean_ensemble,DE,Deaths,2021-04-12,120.059826135763,139.261956521739,0.862115032234389,,3
weighted.mean_ensemble,DE,Cases,2021-04-19,15526.9882535329,29133.4591304348,0.532960682218213,,3
weighted.mean_ensemble,DE,Deaths,2021-04-19,114.876504314568,207.764347826087,0.552917310003195,,3
weighted.mean_ensemble,DE,Cases,2021-04-26,20464.4731383688,38831.9802173913,0.527000503806488,,3
weighted.mean_ensemble,DE,Deaths,2021-04-26,98.8411144108361,137.62652173913,0.718183625959743,,3
weighted.mean_ensemble,DE,Cases,2021-05-03,42889.8690711896,27765.1694021739,1.5447364447858,,3
weighted.mean_ensemble,DE,Deaths,2021-05-03,257.439725434567,101.690434782609,2.53160217069497,,3
weighted.mean_ensemble,DE,Cases,2021-05-10,20093.3255706075,15884.2697826087,1.26498264292937,,3
weighted.mean_ensemble,DE,Deaths,2021-05-10,93.822936258333,78.1940217391304,1.19987352193424,,3
weighted.mean_ensemble,DE,Cases,2021-05-17,3822.87303794428,3014.46076086957,1.26817807269832,,3
weighted.mean_ensemble,DE,Deaths,2021-05-17,63.385554966698,59.1986956521739,1.07072553319628,,3
weighted.mean_ensemble,DE,Cases,2021-05-24,5148.97194816596,8713.84505434783,0.59089551352498,,3
weighted.mean_ensemble,DE,Deaths,2021-05-24,67.5655871442273,50.7050543478261,1.33252173798575,,3
weighted.mean_ensemble,DE,Cases,2021-05-31,1671.14224200509,1835.58195652174,0.910415487615576,,3
weighted.mean_ensemble,DE,Deaths,2021-05-31,60.3852313907494,48.7001086956522,1.23994038223041,,3
weighted.mean_ensemble,DE,Cases,2021-06-07,1489.72985077422,1793.64076086957,0.830561996178092,,3
weighted.mean_ensemble,DE,Deaths,2021-06-07,91.3219099814511,50.9749456521739,1.79150578412743,,3
weighted.mean_ensemble,DE,Cases,2021-06-14,1268.3615437179,1481.86054347826,0.855925039167834,,3
weighted.mean_ensemble,DE,Deaths,2021-06-14,34.9368108967537,40.2708695652174,0.867545480739486,,3
weighted.mean_ensemble,DE,Cases,2021-06-21,1969.06607438815,1550.90967391304,1.26962008652642,,3
weighted.mean_ensemble,DE,Deaths,2021-06-21,47.6947820389718,31.9963043478261,1.49063409075281,,3
weighted.mean_ensemble,DE,Cases,2021-06-28,4577.63317352495,3635.72152173913,1.25907145147224,,3
weighted.mean_ensemble,DE,Deaths,2021-06-28,23.737137011213,26.9844565217391,0.879659628945646,,3
weighted.mean_ensemble,DE,Cases,2021-07-05,5321.81556017448,4029.78869565217,1.32061901059882,,3
weighted.mean_ensemble,DE,Deaths,2021-07-05,17.6490400309704,22.4128260869565,0.787452682785127,,3
weighted.mean_ensemble,DE,Cases,2021-07-12,2294.17822742289,3078.42918478261,0.745243138534271,,3
weighted.mean_ensemble,DE,Deaths,2021-07-12,26.7326580827108,17.4077173913044,1.53567854313079,,3
weighted.mean_ensemble,DE,Cases,2021-07-19,5999.6186798198,2607.75956521739,2.30067938771788,,3
weighted.mean_ensemble,DE,Deaths,2021-07-19,23.6559528842164,23.8509782608696,0.991823170751316,,3
weighted.mean_ensemble,DE,Cases,2021-07-26,2564.33791613568,2592.4652173913,0.989150365039835,,3
weighted.mean_ensemble,DE,Deaths,2021-07-26,152.793049186895,102.158260869565,1.495650453388,,3
weighted.mean_ensemble,DE,Cases,2021-08-02,4321.15419391244,4832.54130434783,0.894178429478649,,3
weighted.mean_ensemble,DE,Deaths,2021-08-02,105.859254651351,109.809456521739,0.9640267605768,,3
weighted.mean_ensemble,DE,Cases,2021-08-09,9152.20964521166,10201.9520652174,0.89710376864201,,3
weighted.mean_ensemble,DE,Deaths,2021-08-09,27.4315442948093,59.4744565217391,0.461232365944908,,3
weighted.mean_ensemble,DE,Cases,2021-08-16,17528.1973705655,6106.12510869565,2.87059257033627,,3
weighted.mean_ensemble,DE,Deaths,2021-08-16,30.8143812891029,27.1496739130435,1.13498163505746,,3
weighted.mean_ensemble,DE,Cases,2021-08-23,70120.545679176,27438.1152173913,2.55558900907053,,3
weighted.mean_ensemble,DE,Deaths,2021-08-23,74.0420583332366,62.4788586956522,1.185073797425,,3
weighted.mean_ensemble,DE,Cases,2021-08-30,76260.3992221611,44869.5389673913,1.69960291496605,,3
weighted.mean_ensemble,DE,Deaths,2021-08-30,21.0508990799373,30.6541304347826,0.68672308694985,,3
weighted.mean_ensemble,DE,Cases,2021-09-06,41023.672693982,29440.6620652174,1.39343580667805,,3
weighted.mean_ensemble,DE,Deaths,2021-09-06,46.9744606785196,34.6486956521739,1.35573532551065,,3
weighted.mean_ensemble,DE,Cases,2021-09-13,15121.4712238771,9392.32320652174,1.60998199182256,,3
weighted.mean_ensemble,DE,Deaths,2021-09-13,41.6743986170908,43.330652173913,0.961776399067923,,3
weighted.mean_ensemble,DE,Cases,2021-09-20,5116.50677886193,4933.83336956522,1.03702464100704,,3
weighted.mean_ensemble,DE,Deaths,2021-09-20,31.2906993551457,43.6676630434783,0.716564550843737,,3
weighted.mean_ensemble,DE,Cases,2021-09-27,15222.8656955999,11975.1623913043,1.27120327876755,,3
weighted.mean_ensemble,DE,Deaths,2021-09-27,27.722236860506,36.3751086956522,0.762121072749387,,3
weighted.mean_ensemble,DE,Cases,2021-10-04,21565.8321403318,15286.4033695652,1.41078523305677,,3
weighted.mean_ensemble,DE,Deaths,2021-10-04,61.8302202551764,54.2392391304348,1.13995368014818,,3
weighted.mean_ensemble,DE,Cases,2021-10-11,31103.0529449729,30576.7833695652,1.01721141066563,,3
weighted.mean_ensemble,DE,Deaths,2021-10-11,90.1485089471915,87.1671195652174,1.03420314215779,,3
weighted.mean_ensemble,DE,Cases,2021-10-18,52055.5895100655,55266.4732608696,0.941901779481242,,3
weighted.mean_ensemble,DE,Deaths,2021-10-18,184.099127108664,151.710652173913,1.21348846946899,,3
weighted.mean_ensemble,DE,Cases,2021-10-25,12662.4137968606,32965.7807065217,0.384107808930354,,3
weighted.mean_ensemble,DE,Deaths,2021-10-25,56.4505104506501,121.45652173913,0.464779574141741,,3
weighted.mean_ensemble,DE,Cases,2021-11-01,27901.5127430162,28177.1170108696,0.99021886207354,,3
weighted.mean_ensemble,DE,Deaths,2021-11-01,248.126429411488,82.0348913043478,3.02464506829104,,3
weighted.mean_ensemble,DE,Cases,2021-11-08,25471.5063912779,55359.6719565217,0.460109417037057,,3
weighted.mean_ensemble,DE,Deaths,2021-11-08,148.0583301407,93.2020108695652,1.58857441764755,,3
weighted.mean_ensemble,DE,Cases,2021-11-15,81317.0942113282,47485.2813043478,1.71246946375113,,3
weighted.mean_ensemble,DE,Deaths,2021-11-15,710.052218369607,246.956847826087,2.87520765113443,,3
weighted.mean_ensemble,DE,Cases,2021-11-22,133123.432599348,117190.0375,1.13596202748334,,3
weighted.mean_ensemble,DE,Deaths,2021-11-22,273.704005514816,241.258260869565,1.13448552819832,,3
weighted.mean_ensemble,DE,Cases,2021-11-29,191682.409738818,145713.154836957,1.31547772713656,,3
weighted.mean_ensemble,DE,Deaths,2021-11-29,228.271043975546,251.013804347826,0.909396375903034,,3
weighted.mean_ensemble,DE,Cases,2021-12-06,64663.8448069168,61549.5110869565,1.05059883766681,,3
weighted.mean_ensemble,DE,Deaths,2021-12-06,263.792210259272,183.082065217391,1.4408413513691,,3
weighted.mean_ensemble,DE,Cases,2021-12-13,35837.4425886731,35019.2485869565,1.0233641221537,,3
weighted.mean_ensemble,DE,Deaths,2021-12-13,397.22359129018,210.22097826087,1.88955257737053,,3
weighted.mean_ensemble,DE,Cases,2021-12-20,93636.806057003,82775.1929891305,1.1312182149705,,3
weighted.mean_ensemble,DE,Deaths,2021-12-20,161.668205511722,138.626956521739,1.16621045118573,,3
weighted.mean_ensemble,DE,Cases,2021-12-27,125776.696922653,250160.288043478,0.502784426362642,,3
weighted.mean_ensemble,DE,Deaths,2021-12-27,231.549601847596,228.866413043478,1.0117238207583,,3
weighted.mean_ensemble,DE,Cases,2022-01-03,761156.141878298,352812.420326087,2.15739610633548,,3
weighted.mean_ensemble,DE,Deaths,2022-01-03,443.593825845562,201.471195652174,2.20177293537978,,3
weighted.mean_ensemble,DE,Cases,2022-01-10,277670.499239557,119748.737391304,2.31877600790236,,3
weighted.mean_ensemble,DE,Deaths,2022-01-10,1074.88574394685,483.949673913043,2.22106925965195,,3
weighted.mean_ensemble,DE,Cases,2022-01-17,143875.251475148,119823.167391304,1.20072983052849,,3
weighted.mean_ensemble,DE,Deaths,2022-01-17,384.461008963122,382.152391304348,1.00604109175111,,3
weighted.mean_ensemble,DE,Cases,2022-01-24,369364.720407919,85788.7776086957,4.30551326996038,,3
weighted.mean_ensemble,DE,Deaths,2022-01-24,121.067807176519,286.693695652174,0.422289743418015,,3
weighted.mean_ensemble,DE,Cases,2022-01-31,578869.958948025,212440.150217391,2.72486137086452,,3
weighted.mean_ensemble,DE,Deaths,2022-01-31,100.388315284358,167.917717391304,0.597842305409736,,3
weighted.mean_ensemble,DE,Cases,2022-02-07,365572.290439446,233892.076195652,1.5629956191147,,3
weighted.mean_ensemble,DE,Deaths,2022-02-07,192.231787164968,149.720869565217,1.28393448236843,,3
weighted.mean_ensemble,DE,Cases,2022-02-14,226881.736833497,103214.074565217,2.19816665303857,,3
weighted.mean_ensemble,DE,Deaths,2022-02-14,101.993767304306,96.9526086956522,1.05199611105338,,3
weighted.mean_ensemble,DE,Cases,2022-02-21,195815.110219878,143345.581032609,1.36603520533593,,3
weighted.mean_ensemble,DE,Deaths,2022-02-21,117.033851353789,136.923043478261,0.854741819789963,,3
weighted.mean_ensemble,DE,Cases,2022-02-28,264565.631963458,260271.143586957,1.01650005573924,,3
weighted.mean_ensemble,DE,Deaths,2022-02-28,105.891361442354,140.178152173913,0.755405602086831,,3
weighted.mean_ensemble,DE,Cases,2022-03-07,232386.259499595,207524.574891304,1.11980115907387,,3
weighted.mean_ensemble,DE,Deaths,2022-03-07,96.4542333813048,137.937173913043,0.699262067251792,,3
weighted.mean_ensemble,FR,Cases,2021-04-12,54603.7319083458,48169.5078804348,1.13357462658497,,3
weighted.mean_ensemble,FR,Deaths,2021-04-12,253.126908720337,259.95027173913,0.973751275683833,,3
weighted.mean_ensemble,FR,Cases,2021-04-19,76191.1762202966,53654.6421739131,1.42002952835535,,3
weighted.mean_ensemble,FR,Deaths,2021-04-19,214.107678740416,353.267608695652,0.606077866948945,,3
weighted.mean_ensemble,FR,Cases,2021-04-26,140156.326419147,132008.749836957,1.06171997380669,,3
weighted.mean_ensemble,FR,Deaths,2021-04-26,218.98954908467,269.893423913044,0.811392682006309,,3
weighted.mean_ensemble,FR,Cases,2021-05-03,104785.561834566,97406.355326087,1.07575693068256,,3
weighted.mean_ensemble,FR,Deaths,2021-05-03,121.832888037138,216.115652173913,0.563739307225636,,3
weighted.mean_ensemble,FR,Cases,2021-05-10,103394.829047361,98018.0625543478,1.05485485381872,,3
weighted.mean_ensemble,FR,Deaths,2021-05-10,121.658900861458,127.557608695652,0.953756519156233,,3
weighted.mean_ensemble,FR,Cases,2021-05-17,96361.8552393324,93609.6234782609,1.0294011626028,,3
weighted.mean_ensemble,FR,Deaths,2021-05-17,103.479026504443,93.4338043478261,1.10751164663296,,3
weighted.mean_ensemble,FR,Cases,2021-05-24,14811.0826707198,9026.72369565217,1.64080381432897,,3
weighted.mean_ensemble,FR,Deaths,2021-05-24,113.541369943054,122.513586956522,0.926765534857358,,3
weighted.mean_ensemble,FR,Cases,2021-05-31,7443.75993590908,4840.98891304348,1.53765275434793,,3
weighted.mean_ensemble,FR,Deaths,2021-05-31,62.7571508116888,62.4085869565217,1.00558519063106,,3
weighted.mean_ensemble,FR,Cases,2021-06-07,8908.85612921759,14553.0702173913,0.612163343963755,,3
weighted.mean_ensemble,FR,Deaths,2021-06-07,62.0978210088799,49.0535326086957,1.26591944976195,,3
weighted.mean_ensemble,FR,Cases,2021-06-14,8423.48748578817,5086.19739130435,1.65614639734381,,3
weighted.mean_ensemble,FR,Deaths,2021-06-14,75.5218360382417,45.0498369565217,1.67640642320479,,3
weighted.mean_ensemble,FR,Cases,2021-06-21,12022.7609002954,11416.744673913,1.05308135056809,,3
weighted.mean_ensemble,FR,Deaths,2021-06-21,25.0744286513135,32.7422826086957,0.76581186934885,,3
weighted.mean_ensemble,FR,Cases,2021-06-28,44573.9317175282,40474.5481521739,1.10128299764933,,3
weighted.mean_ensemble,FR,Deaths,2021-06-28,23.6510507734931,27.0605434782609,0.874005017397125,,3
weighted.mean_ensemble,FR,Cases,2021-07-05,65242.2343223561,63389.0876086957,1.02923447526331,,3
weighted.mean_ensemble,FR,Deaths,2021-07-05,33.2861797456018,30.5835869565217,1.08836742377283,,3
weighted.mean_ensemble,FR,Cases,2021-07-12,35315.2543074316,31214.1509782609,1.13138602847237,,3
weighted.mean_ensemble,FR,Deaths,2021-07-12,87.7040606393472,26.9430434782609,3.25516531605317,,3
weighted.mean_ensemble,FR,Cases,2021-07-19,33628.8818886306,27471.3414130435,1.22414415018931,,3
weighted.mean_ensemble,FR,Deaths,2021-07-19,174.211578172832,79.0440217391304,2.20398170968304,,3
weighted.mean_ensemble,FR,Cases,2021-07-26,430198.693301078,232343.429347826,1.85156384455811,,3
weighted.mean_ensemble,FR,Deaths,2021-07-26,94.3776470842968,370.298695652174,0.25486896981389,,3
weighted.mean_ensemble,FR,Cases,2021-08-02,89717.0887596085,21971.7364130435,4.08329533328773,,3
weighted.mean_ensemble,FR,Deaths,2021-08-02,203.293427313384,70.4975,2.88369697242291,,3
weighted.mean_ensemble,FR,Cases,2021-08-09,17139.7844610373,17281.2047282609,0.991816527293826,,3
weighted.mean_ensemble,FR,Deaths,2021-08-09,101.971083778933,63.7803804347826,1.59878450212759,,3
weighted.mean_ensemble,FR,Cases,2021-08-16,43367.4069555442,19917.1479891304,2.17739040645837,,3
weighted.mean_ensemble,FR,Deaths,2021-08-16,65.1722169586818,78.0733152173913,0.834756623017903,,3
weighted.mean_ensemble,FR,Cases,2021-08-23,26551.4585612489,20825.2663043478,1.2749636990575,,3
weighted.mean_ensemble,FR,Deaths,2021-08-23,227.061041026731,63.4608152173913,3.57797233220075,,3
weighted.mean_ensemble,FR,Cases,2021-08-30,18644.476337782,16074.4796195652,1.15988055470789,,3
weighted.mean_ensemble,FR,Deaths,2021-08-30,42.8766435239363,65.5710869565217,0.653895573705626,,3
weighted.mean_ensemble,FR,Cases,2021-09-06,7934.51517246704,9260.86130434783,0.856779397909988,,3
weighted.mean_ensemble,FR,Deaths,2021-09-06,51.3979239768537,49.6246739130435,1.03573323357081,,3
weighted.mean_ensemble,FR,Cases,2021-09-13,3395.21099526235,6362.61255434783,0.53361900732778,,3
weighted.mean_ensemble,FR,Deaths,2021-09-13,53.8243992163188,67.2540217391304,0.800314952540631,,3
weighted.mean_ensemble,FR,Cases,2021-09-20,5128.42364214161,5717.40260869565,0.896984871126925,,3
weighted.mean_ensemble,FR,Deaths,2021-09-20,39.2624085219585,31.7951086956522,1.2348568736715,,3
weighted.mean_ensemble,FR,Cases,2021-09-27,8865.03951380614,6505.03,1.36279763718325,,3
weighted.mean_ensemble,FR,Deaths,2021-09-27,29.3669987474318,26.6479347826087,1.10203657382852,,3
weighted.mean_ensemble,FR,Cases,2021-10-04,10427.7128016897,7206.2089673913,1.44704557540254,,3
weighted.mean_ensemble,FR,Deaths,2021-10-04,25.9403367479499,28.1897826086957,0.920203504511883,,3
weighted.mean_ensemble,FR,Cases,2021-10-11,14867.5367138837,11915.098423913,1.24778966861451,,3
weighted.mean_ensemble,FR,Deaths,2021-10-11,36.0124109130062,33.3976086956522,1.07829309700531,,3
weighted.mean_ensemble,FR,Cases,2021-10-18,11331.3042239347,7986.25733695652,1.41885037581984,,3
weighted.mean_ensemble,FR,Deaths,2021-10-18,34.8803099263268,32.159347826087,1.08460874626421,,3
weighted.mean_ensemble,FR,Cases,2021-10-25,16802.5610827272,12669.6185869565,1.32620891208403,,3
weighted.mean_ensemble,FR,Deaths,2021-10-25,41.2920151530904,43.3024456521739,0.953572356738641,,3
weighted.mean_ensemble,FR,Cases,2021-11-01,35972.4948048688,42042.4265217391,0.855623658788302,,3
weighted.mean_ensemble,FR,Deaths,2021-11-01,59.5662324139327,63.9125,0.931996595563195,,3
weighted.mean_ensemble,FR,Cases,2021-11-08,68707.9234197044,74220.7824456522,0.925723512413999,,3
weighted.mean_ensemble,FR,Deaths,2021-11-08,64.2944588396493,78.8205434782609,0.815706870346333,,3
weighted.mean_ensemble,FR,Cases,2021-11-15,53333.1943915509,87639.5603804348,0.60855159656252,,3
weighted.mean_ensemble,FR,Deaths,2021-11-15,113.532613004309,171.51847826087,0.66192642422837,,3
weighted.mean_ensemble,FR,Cases,2021-11-22,51083.0285092429,67023.5869565217,0.762164945638922,,3
weighted.mean_ensemble,FR,Deaths,2021-11-22,107.650088016499,134.188913043478,0.802227885858343,,3
weighted.mean_ensemble,FR,Cases,2021-11-29,47354.8365945072,46062.2334782609,1.0280621024783,,3
weighted.mean_ensemble,FR,Deaths,2021-11-29,187.418639306045,93.5488043478261,2.00343169121862,,3
weighted.mean_ensemble,FR,Cases,2021-12-06,132793.641494105,116884.642282609,1.13610855028354,,3
weighted.mean_ensemble,FR,Deaths,2021-12-06,477.881373344631,249.877282608696,1.91246426388023,,3
weighted.mean_ensemble,FR,Cases,2021-12-13,254753.736775318,376920.359945652,0.675882132798693,,3
weighted.mean_ensemble,FR,Deaths,2021-12-13,268.452214064913,129.078315217391,2.07976230254316,,3
weighted.mean_ensemble,FR,Cases,2021-12-20,745255.358600466,810938.149130435,0.919003945491527,,3
weighted.mean_ensemble,FR,Deaths,2021-12-20,172.614494113048,81.0241304347826,2.13040847444809,,3
weighted.mean_ensemble,FR,Cases,2021-12-27,1057578.45698724,1002695.33173913,1.05473559466256,,3
weighted.mean_ensemble,FR,Deaths,2021-12-27,88.7886028155016,113.833315217391,0.779987850181987,,3
weighted.mean_ensemble,FR,Cases,2022-01-03,1287161.69657682,408216.496195652,3.15313493837813,,3
weighted.mean_ensemble,FR,Deaths,2022-01-03,101.847756610813,188.845326086957,0.539318386751681,,3
weighted.mean_ensemble,FR,Cases,2022-01-10,872868.78626489,498566.48298913,1.75075705256328,,3
weighted.mean_ensemble,FR,Deaths,2022-01-10,157.919355997837,369.060543478261,0.427895527680919,,3
weighted.mean_ensemble,FR,Cases,2022-01-17,281030.646682213,451676.080434783,0.622195105863682,,3
weighted.mean_ensemble,FR,Deaths,2022-01-17,126.154567158958,290.366956521739,0.43446598976049,,3
weighted.mean_ensemble,FR,Cases,2022-01-24,527005.21607956,910032.602065217,0.579105863771892,,3
weighted.mean_ensemble,FR,Deaths,2022-01-24,135.126994302864,284.55875,0.474865012243917,,3
weighted.mean_ensemble,FR,Cases,2022-01-31,996026.45219876,785885.062173913,1.26739455950919,,3
weighted.mean_ensemble,FR,Deaths,2022-01-31,204.536293706868,240.846793478261,0.849238184793725,,3
weighted.mean_ensemble,FR,Cases,2022-02-07,666409.721467475,336326.47826087,1.98143698026231,,3
weighted.mean_ensemble,FR,Deaths,2022-02-07,266.49703313111,202.886793478261,1.31352577741668,,3
weighted.mean_ensemble,FR,Cases,2022-02-14,91878.6692576316,73456.9247826087,1.25078295245194,,3
weighted.mean_ensemble,FR,Deaths,2022-02-14,738.303576105523,377.385,1.95636704189494,,3
weighted.mean_ensemble,FR,Cases,2022-02-21,123106.437211922,171491.482228261,0.717857444651758,,3
weighted.mean_ensemble,FR,Deaths,2022-02-21,254.568982748665,169.796304347826,1.49926103354513,,3
weighted.mean_ensemble,FR,Cases,2022-02-28,237369.378584104,248573.482717391,0.954926390334139,,3
weighted.mean_ensemble,FR,Deaths,2022-02-28,847.646476671372,280.44652173913,3.0224888203814,,3
weighted.mean_ensemble,FR,Cases,2022-03-07,298631.028385626,311058.151847826,0.960048873857258,,3
weighted.mean_ensemble,FR,Deaths,2022-03-07,139.449831512448,155.894836956522,0.894512186772035,,3
weighted.mean_ensemble,GB,Cases,2021-04-12,6167.3236838383,5043.48777173913,1.22282911408976,,3
weighted.mean_ensemble,GB,Deaths,2021-04-12,30.4177613555986,41.0977717391304,0.74013164384377,,3
weighted.mean_ensemble,GB,Cases,2021-04-19,1797.1357254514,2292.33673913044,0.783975449494002,,3
weighted.mean_ensemble,GB,Deaths,2021-04-19,16.1451989335471,17.7688043478261,0.908626073961041,,3
weighted.mean_ensemble,GB,Cases,2021-04-26,1627.10610341457,2126.60934782609,0.765117535610324,,3
weighted.mean_ensemble,GB,Deaths,2021-04-26,18.3362156642964,14.929347826087,1.22819937467439,,3
weighted.mean_ensemble,GB,Cases,2021-05-03,1775.32646672006,1683.55315217391,1.05451168228793,,3
weighted.mean_ensemble,GB,Deaths,2021-05-03,12.4403608115505,10.2663043478261,1.21176621986516,,3
weighted.mean_ensemble,GB,Cases,2021-05-10,4653.90036384723,4421.32461956522,1.05260318214429,,3
weighted.mean_ensemble,GB,Deaths,2021-05-10,7.43975597977968,10.4979891304348,0.708683909589032,,3
weighted.mean_ensemble,GB,Cases,2021-05-17,9458.28077575611,9673.26592391304,0.977775329464946,,3
weighted.mean_ensemble,GB,Deaths,2021-05-17,8.32558583350461,8.85217391304348,0.940513134433232,,3
weighted.mean_ensemble,GB,Cases,2021-05-24,17321.9503701109,21411.5259782609,0.809001207466385,,3
weighted.mean_ensemble,GB,Deaths,2021-05-24,23.8317517253883,23.6632065217391,1.00712266968106,,3
weighted.mean_ensemble,GB,Cases,2021-05-31,15373.50057225,17098.0723913043,0.899136476932255,,3
weighted.mean_ensemble,GB,Deaths,2021-05-31,11.0246105127885,13.2704347826087,0.830764831250038,,3
weighted.mean_ensemble,GB,Cases,2021-06-07,14739.2176506878,12449.9569565217,1.18387699669651,,3
weighted.mean_ensemble,GB,Deaths,2021-06-07,32.2963612577007,24.3733152173913,1.32507051132117,,3
weighted.mean_ensemble,GB,Cases,2021-06-14,29491.7655600337,17458.8858695652,1.68921234610076,,3
weighted.mean_ensemble,GB,Deaths,2021-06-14,33.4307812169026,25.1922826086957,1.32702469784787,,3
weighted.mean_ensemble,GB,Cases,2021-06-21,63536.56845352,63172.4954347826,1.00576315714983,,3
weighted.mean_ensemble,GB,Deaths,2021-06-21,20.9223141114782,34.8577173913044,0.600220429714583,,3
weighted.mean_ensemble,GB,Cases,2021-06-28,22161.1648345856,26321.1841304348,0.841951666185148,,3
weighted.mean_ensemble,GB,Deaths,2021-06-28,27.1342002978229,34.2927717391304,0.79125130229298,,3
weighted.mean_ensemble,GB,Cases,2021-07-05,173909.835794437,95610.5691304348,1.818939447554,,3
weighted.mean_ensemble,GB,Deaths,2021-07-05,42.0556055033202,57.7308695652174,0.728476910534161,,3
weighted.mean_ensemble,GB,Cases,2021-07-12,131179.742904198,110810.593913043,1.18381950923518,,3
weighted.mean_ensemble,GB,Deaths,2021-07-12,59.4404474089075,60.6806521739131,0.97956177594382,,3
weighted.mean_ensemble,GB,Cases,2021-07-19,293536.86459782,225848.945543478,1.29970438379271,,3
weighted.mean_ensemble,GB,Deaths,2021-07-19,66.0339935912226,78.563152173913,0.840521182819205,,3
weighted.mean_ensemble,GB,Cases,2021-07-26,28354.976435861,39314.3890217391,0.721236604241312,,3
weighted.mean_ensemble,GB,Deaths,2021-07-26,65.3714120394134,54.4948913043478,1.1995878966768,,3
weighted.mean_ensemble,GB,Cases,2021-08-02,21273.1377318607,40584.2334782609,0.52417246572504,,3
weighted.mean_ensemble,GB,Deaths,2021-08-02,259.740991661637,165.367282608696,1.57069153924634,,3
weighted.mean_ensemble,GB,Cases,2021-08-09,63758.1235121539,17022.5809782609,3.74550272920292,,3
weighted.mean_ensemble,GB,Deaths,2021-08-09,165.090465605421,167.005489130435,0.98853317016713,,3
weighted.mean_ensemble,GB,Cases,2021-08-16,40320.4805414046,16825.6944565217,2.39636352874435,,3
weighted.mean_ensemble,GB,Deaths,2021-08-16,170.639903025634,222.007173913044,0.768623373821561,,3
weighted.mean_ensemble,GB,Cases,2021-08-23,19190.9396333201,18266.4993478261,1.05060850838965,,3
weighted.mean_ensemble,GB,Deaths,2021-08-23,143.316443015389,139.599782608696,1.02662368334134,,3
weighted.mean_ensemble,GB,Cases,2021-08-30,21349.2601793429,15816.7819565217,1.34978532536069,,3
weighted.mean_ensemble,GB,Deaths,2021-08-30,91.1264730198837,125.536576086957,0.725895797546384,,3
weighted.mean_ensemble,GB,Cases,2021-09-06,32148.1578500653,26468.5034782609,1.21458162062201,,3
weighted.mean_ensemble,GB,Deaths,2021-09-06,118.479309975939,104.317391304348,1.13575798334789,,3
weighted.mean_ensemble,GB,Cases,2021-09-13,23089.434053937,21409.2316304348,1.07848027675658,,3
weighted.mean_ensemble,GB,Deaths,2021-09-13,301.205434474296,79.1276630434783,3.80657563851965,,3
weighted.mean_ensemble,GB,Cases,2021-09-20,44045.3007622533,36453.1843478261,1.20827032124232,,3
weighted.mean_ensemble,GB,Deaths,2021-09-20,149.918023008248,74.7102173913044,2.00666024331095,,3
weighted.mean_ensemble,GB,Cases,2021-09-27,58192.8833468356,35650.1969565217,1.63232992563285,,3
weighted.mean_ensemble,GB,Deaths,2021-09-27,89.8844729783709,81.2608695652174,1.10612246040799,,3
weighted.mean_ensemble,GB,Cases,2021-10-04,74582.4225368557,59842.8130978261,1.24630542375965,,3
weighted.mean_ensemble,GB,Deaths,2021-10-04,184.670196593486,200.691630434783,0.920168898889368,,3
weighted.mean_ensemble,GB,Cases,2021-10-11,23660.4704608561,24303.7488043478,0.973531723493756,,3
weighted.mean_ensemble,GB,Deaths,2021-10-11,267.265231655903,207.541739130435,1.28776617549655,,3
weighted.mean_ensemble,GB,Cases,2021-10-18,50691.9451276521,34912.1221739131,1.45198693093283,,3
weighted.mean_ensemble,GB,Deaths,2021-10-18,164.790565409452,138.561195652174,1.18929809052111,,3
weighted.mean_ensemble,GB,Cases,2021-10-25,89871.9056613524,61728.8575,1.45591396473444,,3
weighted.mean_ensemble,GB,Deaths,2021-10-25,124.774921840883,127.128097826087,0.981489725517463,,3
weighted.mean_ensemble,GB,Cases,2021-11-01,26612.5528189253,22283.4444565217,1.19427464954309,,3
weighted.mean_ensemble,GB,Deaths,2021-11-01,146.916929686023,105.064782608696,1.39834610645131,,3
weighted.mean_ensemble,GB,Cases,2021-11-08,40238.2975709532,31999.764673913,1.25745604634888,,3
weighted.mean_ensemble,GB,Deaths,2021-11-08,271.117000114048,91.0375,2.9780804626011,,3
weighted.mean_ensemble,GB,Cases,2021-11-15,80305.5621328296,39697.0048369565,2.02296275153908,,3
weighted.mean_ensemble,GB,Deaths,2021-11-15,132.528135431714,75.0054347826087,1.76691376852658,,3
weighted.mean_ensemble,GB,Cases,2021-11-22,51593.2291690932,38978.5127173913,1.32363257528996,,3
weighted.mean_ensemble,GB,Deaths,2021-11-22,61.5728018421289,81.2486956521739,0.757831265448523,,3
weighted.mean_ensemble,GB,Cases,2021-11-29,125411.892241646,109044.942065217,1.15009362072603,,3
weighted.mean_ensemble,GB,Deaths,2021-11-29,39.900816828541,69.1297826086957,0.577187072240583,,3
weighted.mean_ensemble,GB,Cases,2021-12-06,286950.163082438,290927.458369565,0.98632891061773,,3
weighted.mean_ensemble,GB,Deaths,2021-12-06,84.1689696490702,72.455,1.16167234351073,,3
weighted.mean_ensemble,GB,Cases,2021-12-13,392557.413008954,440296.680054348,0.891574773992162,,3
weighted.mean_ensemble,GB,Deaths,2021-12-13,144.396134366624,95.5620652173913,1.51101939915322,,3
weighted.mean_ensemble,GB,Cases,2021-12-20,159117.215684046,239886.714565217,0.663301492008167,,3
weighted.mean_ensemble,GB,Deaths,2021-12-20,181.881123539463,192.341630434783,0.945614961921277,,3
weighted.mean_ensemble,GB,Cases,2021-12-27,194031.424187074,230156.500054348,0.843041252978979,,3
weighted.mean_ensemble,GB,Deaths,2021-12-27,515.930167951584,482.834021739131,1.06854559687663,,3
weighted.mean_ensemble,GB,Cases,2022-01-03,1728263.08265754,426131.062989131,4.05570781565301,,3
weighted.mean_ensemble,GB,Deaths,2022-01-03,157.383482824208,223.88,0.702981431231944,,3
weighted.mean_ensemble,GB,Cases,2022-01-10,422952.334164778,473578.821141304,0.893098076357134,,3
weighted.mean_ensemble,GB,Deaths,2022-01-10,500.57375683926,319.864673913043,1.56495480015196,,3
weighted.mean_ensemble,GB,Cases,2022-01-17,178534.675599785,197403.952282609,0.90441287286989,,3
weighted.mean_ensemble,GB,Deaths,2022-01-17,1392.85406739576,968.249565217391,1.43852795542752,,3
weighted.mean_ensemble,GB,Cases,2022-01-24,225926.937657779,215826.097608696,1.04680082789337,,3
weighted.mean_ensemble,GB,Deaths,2022-01-24,647.379292337562,600.781195652174,1.07756250865143,,3
weighted.mean_ensemble,GB,Cases,2022-01-31,282841.096931516,221245.188369565,1.27840564134241,,3
weighted.mean_ensemble,GB,Deaths,2022-01-31,331.060849379555,447.875326086957,0.739180816840262,,3
weighted.mean_ensemble,GB,Cases,2022-02-07,314837.474314419,204775.503586957,1.53747625472558,,3
weighted.mean_ensemble,GB,Deaths,2022-02-07,958.232724931832,1293.00298913044,0.741090881449747,,3
weighted.mean_ensemble,GB,Cases,2022-02-14,261806.525406483,103687.715652174,2.52495219669731,,3
weighted.mean_ensemble,GB,Deaths,2022-02-14,205.714814644888,215.018206521739,0.956732073867844,,3
weighted.mean_ensemble,GB,Cases,2022-02-21,138260.180701932,104064.690434783,1.32859839513557,,3
weighted.mean_ensemble,GB,Deaths,2022-02-21,146.37384003494,167.149184782609,0.875707771026888,,3
weighted.mean_ensemble,GB,Cases,2022-02-28,301583.061231247,277790.789239131,1.08564816730347,,3
weighted.mean_ensemble,GB,Deaths,2022-02-28,370.921981694402,418.795869565217,0.885686819403169,,3
weighted.mean_ensemble,GB,Cases,2022-03-07,192379.940343928,215627.591630435,0.89218610145982,,3
weighted.mean_ensemble,GB,Deaths,2022-03-07,278.027917462196,443.039891304348,0.627546013167476,,3
weighted.mean_ensemble,PL,Cases,2021-04-12,7654.94227893916,21065.6732608696,0.36338464876689,,3
weighted.mean_ensemble,PL,Deaths,2021-04-12,231.551671375648,186.638043478261,1.24064562111968,,3
weighted.mean_ensemble,PL,Cases,2021-04-19,17087.0043155865,18061.3927173913,0.946051314145526,,3
weighted.mean_ensemble,PL,Deaths,2021-04-19,437.648132944602,184.177119565217,2.37623508271683,,3
weighted.mean_ensemble,PL,Cases,2021-04-26,4547.04869881241,4160.10260869565,1.0930135928157,,3
weighted.mean_ensemble,PL,Deaths,2021-04-26,206.071225020021,158.412336956522,1.30085338666887,,3
weighted.mean_ensemble,PL,Cases,2021-05-03,1256.04510338887,3823.07945652174,0.328542767073858,,3
weighted.mean_ensemble,PL,Deaths,2021-05-03,145.218248535424,101.31402173913,1.4333479812828,,3
weighted.mean_ensemble,PL,Cases,2021-05-10,2018.31968523844,3954.45336956522,0.51039157542534,,3
weighted.mean_ensemble,PL,Deaths,2021-05-10,118.609977138159,93.7517391304348,1.26514962003147,,3
weighted.mean_ensemble,PL,Cases,2021-05-17,2518.02358906327,4637.23880434783,0.543000629318982,,3
weighted.mean_ensemble,PL,Deaths,2021-05-17,151.042922758296,81.9801086956522,1.84243379475181,,3
weighted.mean_ensemble,PL,Cases,2021-05-24,311.640431405826,817.855489130435,0.381045839451625,,3
weighted.mean_ensemble,PL,Deaths,2021-05-24,53.8450333227148,63.9291304347826,0.842261312746071,,3
weighted.mean_ensemble,PL,Cases,2021-05-31,199.774422185151,263.645434782609,0.757738977539576,,3
weighted.mean_ensemble,PL,Deaths,2021-05-31,29.6875902400947,35.0245652173913,0.847621949218473,,3
weighted.mean_ensemble,PL,Cases,2021-06-07,196.146156420654,150.006956521739,1.30758040139444,,3
weighted.mean_ensemble,PL,Deaths,2021-06-07,31.3667014350836,26.0697826086957,1.20318231670337,,3
weighted.mean_ensemble,PL,Cases,2021-06-14,95.1738517796553,206.125869565217,0.461726866115379,,3
weighted.mean_ensemble,PL,Deaths,2021-06-14,11.9601330473425,11.1182608695652,1.07571977197278,,3
weighted.mean_ensemble,PL,Cases,2021-06-21,125.521523770333,71.2167391304348,1.76252837890314,,3
weighted.mean_ensemble,PL,Deaths,2021-06-21,9.6736686922213,7.90086956521739,1.22438025490364,,3
weighted.mean_ensemble,PL,Cases,2021-06-28,111.389625305325,111.57875,0.998305011530643,,3
weighted.mean_ensemble,PL,Deaths,2021-06-28,5.03548223644231,5.44548913043478,0.924707058599944,,3
weighted.mean_ensemble,PL,Cases,2021-07-05,129.280190491821,126.592065217391,1.02123454791431,,3
weighted.mean_ensemble,PL,Deaths,2021-07-05,4.33250967114462,4.92815217391304,0.879134717892555,,3
weighted.mean_ensemble,PL,Cases,2021-07-12,163.652537980242,198.436032608696,0.824711801726832,,3
weighted.mean_ensemble,PL,Deaths,2021-07-12,3.2447156997866,5.29875,0.612354932726889,,3
weighted.mean_ensemble,PL,Cases,2021-07-19,54.2255965196981,112.88875,0.480345442036502,,3
weighted.mean_ensemble,PL,Deaths,2021-07-19,16.3524004435561,7.04902173913044,2.31981132258124,,3
weighted.mean_ensemble,PL,Cases,2021-07-26,135.336274144618,150.603913043478,0.898623889709605,,3
weighted.mean_ensemble,PL,Deaths,2021-07-26,4.05201093883702,5.55646739130435,0.729242278138492,,3
weighted.mean_ensemble,PL,Cases,2021-08-02,195.111504402445,151.385108695652,1.28884211983294,,3
weighted.mean_ensemble,PL,Deaths,2021-08-02,3.45454464654084,4.94445652173913,0.698670244414599,,3
weighted.mean_ensemble,PL,Cases,2021-08-09,120.22618372523,174.535,0.688837102731428,,3
weighted.mean_ensemble,PL,Deaths,2021-08-09,4.50487392457228,7.3416847826087,0.613602198672928,,3
weighted.mean_ensemble,PL,Cases,2021-08-16,171.712701870868,208.383695652174,0.824021770673866,,3
weighted.mean_ensemble,PL,Deaths,2021-08-16,5.83634027782056,4.83048913043478,1.20822966789188,,3
weighted.mean_ensemble,PL,Cases,2021-08-23,508.827474079694,474.557826086957,1.07221385068141,,3
weighted.mean_ensemble,PL,Deaths,2021-08-23,9.19375692097368,7.38347826086957,1.2451796560028,,3
weighted.mean_ensemble,PL,Cases,2021-08-30,1089.35563402469,763.076956521739,1.42758292556782,,3
weighted.mean_ensemble,PL,Deaths,2021-08-30,20.6293739443696,16.166902173913,1.27602516069264,,3
weighted.mean_ensemble,PL,Cases,2021-09-06,534.62795775128,557.109347826087,0.959646359978464,,3
weighted.mean_ensemble,PL,Deaths,2021-09-06,7.43792653263834,9.75989130434783,0.762091123835047,,3
weighted.mean_ensemble,PL,Cases,2021-09-13,910.735077995245,872.490760869565,1.04383349238858,,3
weighted.mean_ensemble,PL,Deaths,2021-09-13,9.35815396102836,11.2979347826087,0.828306601258992,,3
weighted.mean_ensemble,PL,Cases,2021-09-20,996.438474278634,856.977282608696,1.16273615940601,,3
weighted.mean_ensemble,PL,Deaths,2021-09-20,12.1671313946727,15.1552173913043,0.802834501183327,,3
weighted.mean_ensemble,PL,Cases,2021-09-27,2631.53482906417,4660.11798913044,0.564692747093986,,3
weighted.mean_ensemble,PL,Deaths,2021-09-27,36.1034701442539,33.2423913043478,1.08606717891357,,3
weighted.mean_ensemble,PL,Cases,2021-10-04,6763.53528684401,6469.36782608696,1.04547082012726,,3
weighted.mean_ensemble,PL,Deaths,2021-10-04,33.8310407522653,48.1332608695652,0.702862015601704,,3
weighted.mean_ensemble,PL,Cases,2021-10-11,10822.973675506,12438.2626086957,0.870135485637646,,3
weighted.mean_ensemble,PL,Deaths,2021-10-11,34.1976121778056,50.0216304347826,0.683656487814643,,3
weighted.mean_ensemble,PL,Cases,2021-10-18,14523.2498214335,14817.1605434783,0.980164167002012,,3
weighted.mean_ensemble,PL,Deaths,2021-10-18,48.532257822654,66.3151086956522,0.731843146716216,,3
weighted.mean_ensemble,PL,Cases,2021-10-25,23953.1565969137,7546.22782608696,3.17418942933432,,3
weighted.mean_ensemble,PL,Deaths,2021-10-25,115.652239792592,111.422826086957,1.03795823400077,,3
weighted.mean_ensemble,PL,Cases,2021-11-01,40738.5698131194,5848.39168478261,6.96577315762217,,3
weighted.mean_ensemble,PL,Deaths,2021-11-01,349.690742202777,146.40097826087,2.38858200509883,,3
weighted.mean_ensemble,PL,Cases,2021-11-08,35708.0020714926,26051.5427173913,1.37066746713832,,3
weighted.mean_ensemble,PL,Deaths,2021-11-08,248.885919849208,162.883695652174,1.52799774619975,,3
weighted.mean_ensemble,PL,Cases,2021-11-15,23668.9308976454,26587.3404347826,0.890233115106193,,3
weighted.mean_ensemble,PL,Deaths,2021-11-15,212.085676380346,171.578913043478,1.23608241023536,,3
weighted.mean_ensemble,PL,Cases,2021-11-22,26461.4273603322,33260.4215217391,0.795583042837774,,3
weighted.mean_ensemble,PL,Deaths,2021-11-22,1274.34454718967,814.002010869565,1.5655299743404,,3
weighted.mean_ensemble,PL,Cases,2021-11-29,29789.83588701,43320.7041304348,0.68765816449602,,3
weighted.mean_ensemble,PL,Deaths,2021-11-29,1200.07606735046,636.545652173913,1.88529457903293,,3
weighted.mean_ensemble,PL,Cases,2021-12-06,18053.6852655173,21351.0627717391,0.845563776310641,,3
weighted.mean_ensemble,PL,Deaths,2021-12-06,298.388015524448,206.756847826087,1.44318323026203,,3
weighted.mean_ensemble,PL,Cases,2021-12-13,16855.1888057911,14333.3019565217,1.17594597929487,,3
weighted.mean_ensemble,PL,Deaths,2021-12-13,225.39758914857,178.783804347826,1.26072711099746,,3
weighted.mean_ensemble,PL,Cases,2021-12-20,7624.3319948309,12693.9239673913,0.600628459286239,,3
weighted.mean_ensemble,PL,Deaths,2021-12-20,337.44138981565,264.400760869565,1.27624969272353,,3
weighted.mean_ensemble,PL,Cases,2021-12-27,40074.1353247321,46505.1748913044,0.861713463467165,,3
weighted.mean_ensemble,PL,Deaths,2021-12-27,267.484314642144,275.064293478261,0.972442883297332,,3
weighted.mean_ensemble,PL,Cases,2022-01-03,34454.3647781896,104237.08576087,0.330538450175318,,3
weighted.mean_ensemble,PL,Deaths,2022-01-03,530.545855949436,238.311195652174,2.22627331669215,,3
weighted.mean_ensemble,PL,Cases,2022-01-10,85100.0950220832,121570.86326087,0.700004036653696,,3
weighted.mean_ensemble,PL,Deaths,2022-01-10,278.767102148421,385.558206521739,0.723022094804519,,3
weighted.mean_ensemble,PL,Cases,2022-01-17,76912.3218300995,83801.8510869565,0.917787863066317,,3
weighted.mean_ensemble,PL,Deaths,2022-01-17,156.624636130415,543.896195652174,0.287967883177799,,3
weighted.mean_ensemble,PL,Cases,2022-01-24,232624.38432765,136919.59326087,1.6989853591256,,3
weighted.mean_ensemble,PL,Deaths,2022-01-24,2794.58364104359,567.319402173913,4.92594406314153,,3
weighted.mean_ensemble,PL,Cases,2022-01-31,59434.4906919283,197814.242173913,0.300456074541261,,3
weighted.mean_ensemble,PL,Deaths,2022-01-31,1768.10280812823,500.316032608696,3.53397191552941,,3
weighted.mean_ensemble,PL,Cases,2022-02-07,44853.223151654,120275.29423913,0.372921333806735,,3
weighted.mean_ensemble,PL,Deaths,2022-02-07,351.77737849339,126.244891304348,2.78646822741789,,3
weighted.mean_ensemble,PL,Cases,2022-02-14,13959.9865462476,10851.3276086957,1.28647729104233,,3
weighted.mean_ensemble,PL,Deaths,2022-02-14,195.104328237777,117.380326086957,1.66215527543553,,3
weighted.mean_ensemble,PL,Cases,2022-02-21,9389.29825026009,9090.82054347826,1.03283286754527,,3
weighted.mean_ensemble,PL,Deaths,2022-02-21,148.335976247731,114.923804347826,1.2907332566087,,3
weighted.mean_ensemble,PL,Cases,2022-02-28,9693.87403961789,10661.3838043478,0.909251014456925,,3
weighted.mean_ensemble,PL,Deaths,2022-02-28,276.588595949961,103.000217391304,2.68532050664693,,3
weighted.mean_ensemble,PL,Cases,2022-03-07,9942.31729986432,6602.26369565218,1.50589521385092,,3
weighted.mean_ensemble,PL,Deaths,2022-03-07,66.3752987689861,84.9841304347826,0.78103168708566,,3
weighted.mean_ensemble,Average,Cases,2021-04-12,17864.8332429607,17856.4232934783,1.00047097614927,average,3
weighted.mean_ensemble,Average,Deaths,2021-04-12,133.138496867461,131.012119565217,1.01623038623679,average,3
weighted.mean_ensemble,Average,Cases,2021-04-19,22340.9191397229,20866.5203913043,1.07065858230167,average,3
weighted.mean_ensemble,Average,Deaths,2021-04-19,162.464175717896,156.748369565217,1.03646485235242,average,3
weighted.mean_ensemble,Average,Cases,2021-04-26,33591.8171315415,35900.9699673913,0.93567993182504,average,3
weighted.mean_ensemble,Average,Deaths,2021-04-26,113.727944671132,120.962043478261,0.940195299292967,average,3
weighted.mean_ensemble,Average,Cases,2021-05-03,30330.6967811484,26565.4370108696,1.14173528441253,average,3
weighted.mean_ensemble,Average,Deaths,2021-05-03,111.650847337566,92.4805652173913,1.20728984598128,average,3
weighted.mean_ensemble,Average,Cases,2021-05-10,26282.9328371045,24773.0021956522,1.06095065222726,average,3
weighted.mean_ensemble,Average,Deaths,2021-05-10,74.2193653295983,70.1663152173913,1.05776347382144,average,3
weighted.mean_ensemble,Average,Cases,2021-05-17,22529.2827650784,22317.2965326087,1.00949874157741,average,3
weighted.mean_ensemble,Average,Deaths,2021-05-17,68.9247465206663,53.3482065217391,1.29197870021328,average,3
weighted.mean_ensemble,Average,Cases,2021-05-24,7570.77681961941,8095.34863043478,0.935200837571933,average,3
weighted.mean_ensemble,Average,Deaths,2021-05-24,53.9165153764009,54.2505760869565,0.993842264273467,average,3
weighted.mean_ensemble,Average,Cases,2021-05-31,4980.46686093774,4847.48313043478,1.02743356230948,average,3
weighted.mean_ensemble,Average,Deaths,2021-05-31,34.7367284506926,33.6620434782609,1.03192571993218,average,3
weighted.mean_ensemble,Average,Cases,2021-06-07,5097.14016932366,5826.79858695652,0.874775417968587,average,3
weighted.mean_ensemble,Average,Deaths,2021-06-07,45.3069221280039,31.7766086956522,1.42579475871517,average,3
weighted.mean_ensemble,Average,Cases,2021-06-14,7925.85411348593,4893.23969565217,1.61975595034274,average,3
weighted.mean_ensemble,Average,Deaths,2021-06-14,32.6622370266876,25.4189239130435,1.28495750404002,average,3
weighted.mean_ensemble,Average,Cases,2021-06-21,15681.6706449771,15340.0707173913,1.0222684715005,average,3
weighted.mean_ensemble,Average,Deaths,2021-06-21,22.1181887293649,22.3778043478261,0.988398521390846,average,3
weighted.mean_ensemble,Average,Cases,2021-06-28,14414.2484257614,14223.1756413043,1.01343390458472,average,3
weighted.mean_ensemble,Average,Deaths,2021-06-28,16.7670463097665,19.5808043478261,0.856300181132652,average,3
weighted.mean_ensemble,Average,Cases,2021-07-05,48979.2967710174,32698.6951521739,1.49789759325491,average,3
weighted.mean_ensemble,Average,Deaths,2021-07-05,20.271874059543,24.0433804347826,0.843137432963314,average,3
weighted.mean_ensemble,Average,Cases,2021-07-12,33955.8494563612,29198.8056956522,1.16291912108643,average,3
weighted.mean_ensemble,Average,Deaths,2021-07-12,38.4738891135448,23.6353695652174,1.62780992306396,average,3
weighted.mean_ensemble,Average,Cases,2021-07-19,66742.8722213278,51314.60875,1.30066025732541,average,3
weighted.mean_ensemble,Average,Deaths,2021-07-19,57.795180606555,39.4072826086957,1.46661167126002,average,3
weighted.mean_ensemble,Average,Cases,2021-07-26,92298.0978327161,54918.3826521739,1.68064122385553,average,3
weighted.mean_ensemble,Average,Deaths,2021-07-26,65.1768793207152,108.249391304348,0.602099268507363,average,3
weighted.mean_ensemble,Average,Cases,2021-08-02,23141.6961406385,13537.7248478261,1.70942284621442,average,3
weighted.mean_ensemble,Average,Deaths,2021-08-02,115.987293107553,71.5548695652174,1.62095597144284,average,3
weighted.mean_ensemble,Average,Cases,2021-08-09,18074.7157196354,8968.13835869565,2.0154367603071,average,3
weighted.mean_ensemble,Average,Deaths,2021-08-09,60.430154672544,60.068597826087,1.0060190658604,average,3
weighted.mean_ensemble,Average,Cases,2021-08-16,20333.172149492,8665.08007608696,2.34656482928594,average,3
weighted.mean_ensemble,Average,Deaths,2021-08-16,55.2096353490903,67.131,0.822416400010283,average,3
weighted.mean_ensemble,Average,Cases,2021-08-23,23355.4311096604,13490.2320869565,1.73128460349043,average,3
weighted.mean_ensemble,Average,Deaths,2021-08-23,91.3309039573817,55.1696086956522,1.65545680161004,average,3
weighted.mean_ensemble,Average,Cases,2021-08-30,23602.06865793,15626.638,1.51037405857421,average,3
weighted.mean_ensemble,Average,Deaths,2021-08-30,35.9038081120532,48.4001956521739,0.741811218493299,average,3
weighted.mean_ensemble,Average,Cases,2021-09-06,16474.1041718201,13290.7315652174,1.23951823802791,average,3
weighted.mean_ensemble,Average,Deaths,2021-09-06,45.9509025671954,40.6023804347826,1.13172927486367,average,3
weighted.mean_ensemble,Average,Cases,2021-09-13,8799.51589200827,7709.21834782609,1.14142776802912,average,3
weighted.mean_ensemble,Average,Deaths,2021-09-13,82.1358435355513,41.2175,1.99274200365261,average,3
weighted.mean_ensemble,Average,Cases,2021-09-20,11173.9499619088,9737.10405434783,1.14756398817772,average,3
weighted.mean_ensemble,Average,Deaths,2021-09-20,47.3979737254356,33.9917282608696,1.39439728870741,average,3
weighted.mean_ensemble,Average,Cases,2021-09-27,17673.0104566015,12516.2566195652,1.41200448295182,average,3
weighted.mean_ensemble,Average,Deaths,2021-09-27,38.035362455012,37.0815217391304,1.02572280400443,average,3
weighted.mean_ensemble,Average,Cases,2021-10-04,24288.5661981315,19086.6696086957,1.27254082016833,average,3
weighted.mean_ensemble,Average,Deaths,2021-10-04,63.9528008678824,69.7026847826087,0.917508429802106,average,3
weighted.mean_ensemble,Average,Cases,2021-10-11,19110.311963468,18643.4759673913,1.02504018010876,average,3
weighted.mean_ensemble,Average,Deaths,2021-10-11,95.7902004636047,87.2461739130435,1.09793010016779,average,3
weighted.mean_ensemble,Average,Cases,2021-10-18,27852.6214399989,25302.9543152174,1.10076559017648,average,3
weighted.mean_ensemble,Average,Deaths,2021-10-18,107.299082835972,97.262347826087,1.10319239905488,average,3
weighted.mean_ensemble,Average,Cases,2021-10-25,30348.1093589153,25154.2177065217,1.20648193925136,average,3
weighted.mean_ensemble,Average,Deaths,2021-10-25,78.4343955924154,106.40052173913,0.73716175738986,average,3
weighted.mean_ensemble,Average,Cases,2021-11-01,27787.8111071161,20830.9653369565,1.3339665568843,average,3
weighted.mean_ensemble,Average,Deaths,2021-11-01,175.09679329031,98.4190652173913,1.77909425276038,average,3
weighted.mean_ensemble,Average,Cases,2021-11-08,40730.0681119037,41717.9302065217,0.97632044327876,average,3
weighted.mean_ensemble,Average,Deaths,2021-11-08,173.030293383618,110.459010869565,1.56646607661497,average,3
weighted.mean_ensemble,Average,Cases,2021-11-15,55420.7392116524,44550.009673913,1.24401183338249,average,3
weighted.mean_ensemble,Average,Deaths,2021-11-15,295.490865735195,173.48625,1.70325236573616,average,3
weighted.mean_ensemble,Average,Cases,2021-11-22,63086.6840685409,58903.1167391304,1.07102454948078,average,3
weighted.mean_ensemble,Average,Deaths,2021-11-22,404.493588358828,300.73425,1.34502002468568,average,3
weighted.mean_ensemble,Average,Cases,2021-11-29,92979.6045837575,85136.2458695652,1.09212713849526,average,3
weighted.mean_ensemble,Average,Deaths,2021-11-29,415.641460532665,295.157956521739,1.40820008862628,average,3
weighted.mean_ensemble,Average,Cases,2021-12-06,106944.431401701,103083.250163043,1.03745692178458,average,3
weighted.mean_ensemble,Average,Deaths,2021-12-06,243.507454655634,167.546217391304,1.45337482664214,average,3
weighted.mean_ensemble,Average,Cases,2021-12-13,142929.381337042,175151.27426087,0.816033922334838,average,3
weighted.mean_ensemble,Average,Deaths,2021-12-13,221.130001259462,137.703358695652,1.60584319332542,average,3
weighted.mean_ensemble,Average,Cases,2021-12-20,208550.226447371,231278.486826087,0.901727736588804,average,3
weighted.mean_ensemble,Average,Deaths,2021-12-20,196.619974640121,146.202217391304,1.34484947046922,average,3
weighted.mean_ensemble,Average,Cases,2021-12-27,287856.669517138,317380.158771739,0.906977520684164,average,3
weighted.mean_ensemble,Average,Deaths,2021-12-27,230.910286311619,227.206695652174,1.01630053484478,average,3
weighted.mean_ensemble,Average,Cases,2022-01-03,778772.719606411,280899.262206522,2.77242707399439,average,3
weighted.mean_ensemble,Average,Deaths,2022-01-03,257.210615311892,185.383315217391,1.38745288382761,average,3
weighted.mean_ensemble,Average,Cases,2022-01-10,363930.791437771,275415.791913044,1.32138679815671,average,3
weighted.mean_ensemble,Average,Deaths,2022-01-10,410.434399728501,320.606619565217,1.28018067838119,average,3
weighted.mean_ensemble,Average,Cases,2022-01-17,169196.8102366,194668.174119565,0.869154965889183,average,3
weighted.mean_ensemble,Average,Deaths,2022-01-17,422.220978782732,446.447141304348,0.945735653159663,average,3
weighted.mean_ensemble,Average,Cases,2022-01-24,296688.93689907,283365.871728261,1.04701718343692,average,3
weighted.mean_ensemble,Average,Deaths,2022-01-24,751.218184669299,362.946717391304,2.06977539311752,average,3
weighted.mean_ensemble,Average,Cases,2022-01-31,412801.137202634,312019.078934783,1.32299966595606,average,3
weighted.mean_ensemble,Average,Deaths,2022-01-31,519.411001748205,306.476097826087,1.69478470077282,average,3
weighted.mean_ensemble,Average,Cases,2022-02-07,284526.877496243,191923.059706522,1.48250490551435,average,3
weighted.mean_ensemble,Average,Deaths,2022-02-07,363.655920507283,363.07997826087,1.00158626826291,average,3
weighted.mean_ensemble,Average,Cases,2022-02-14,121281.766351887,60245.9756086957,2.01310984055808,average,3
weighted.mean_ensemble,Average,Deaths,2022-02-14,274.830535393058,169.860391304348,1.61797893718865,average,3
weighted.mean_ensemble,Average,Cases,2022-02-21,95816.6286491446,87618.682326087,1.09356390789521,average,3
weighted.mean_ensemble,Average,Deaths,2022-02-21,150.556809812075,128.281717391304,1.1736419879134,average,3
weighted.mean_ensemble,Average,Cases,2022-02-28,166510.903309791,163172.958108696,1.02045648519084,average,3
weighted.mean_ensemble,Average,Deaths,2022-02-28,330.761812820709,196.969717391304,1.67925210637131,average,3
weighted.mean_ensemble,Average,Cases,2022-03-07,149180.987445684,151388.039521739,0.985421225593329,average,3
weighted.mean_ensemble,Average,Deaths,2022-03-07,121.340047351868,171.626858695652,0.706999174103869,average,3
weighted.median_ensemble,CZ,Cases,2021-04-12,1723.08760869565,1466.66956521739,1.17483013867562,,3
weighted.median_ensemble,CZ,Deaths,2021-04-12,28.5867934782609,28.1125543478261,1.01686930061805,,3
weighted.median_ensemble,CZ,Cases,2021-04-19,1199.67864130435,1190.77119565217,1.00748040067202,,3
weighted.median_ensemble,CZ,Deaths,2021-04-19,37.9753804347826,20.7639673913044,1.82890772842796,,3
weighted.median_ensemble,CZ,Cases,2021-04-26,1000.12548913043,2377.40782608696,0.420678975713044,,3
weighted.median_ensemble,CZ,Deaths,2021-04-26,23.1675543478261,23.9485869565217,0.967387110975958,,3
weighted.median_ensemble,CZ,Cases,2021-05-03,1790.25326086957,2149.0277173913,0.833052662086065,,3
weighted.median_ensemble,CZ,Deaths,2021-05-03,21.0229347826087,33.0164130434783,0.63674193665206,,3
weighted.median_ensemble,CZ,Cases,2021-05-10,1073.13641304348,1586.90065217391,0.676246752796639,,3
weighted.median_ensemble,CZ,Deaths,2021-05-10,22.5467391304348,40.8302173913044,0.55220717818751,,3
weighted.median_ensemble,CZ,Cases,2021-05-17,387.257336956522,651.893695652174,0.594049826742224,,3
weighted.median_ensemble,CZ,Deaths,2021-05-17,16.1334239130435,23.27625,0.693128141906169,,3
weighted.median_ensemble,CZ,Cases,2021-05-24,194.557065217391,506.792934782609,0.383898535011834,,3
weighted.median_ensemble,CZ,Deaths,2021-05-24,10.1227173913043,10.441902173913,0.969432314410481,,3
weighted.median_ensemble,CZ,Cases,2021-05-31,320.496413043478,199.126956521739,1.60950791716886,,3
weighted.median_ensemble,CZ,Deaths,2021-05-31,10.0886956521739,8.90652173913044,1.13273126678057,,3
weighted.median_ensemble,CZ,Cases,2021-06-07,173.57527173913,187.318043478261,0.926634020492931,,3
weighted.median_ensemble,CZ,Deaths,2021-06-07,12.2096739130435,8.41146739130435,1.45155100115655,,3
weighted.median_ensemble,CZ,Cases,2021-06-14,431.495326086957,233.128804347826,1.85088808435344,,3
weighted.median_ensemble,CZ,Deaths,2021-06-14,9.32402173913044,5.46336956521739,1.70664305751746,,3
weighted.median_ensemble,CZ,Cases,2021-06-21,887.759239130435,488.987065217391,1.81550658959815,,3
weighted.median_ensemble,CZ,Deaths,2021-06-21,5.02896739130435,4.39184782608696,1.14506867961886,,3
weighted.median_ensemble,CZ,Cases,2021-06-28,705.780543478261,572.845652173913,1.23206057478113,,3
weighted.median_ensemble,CZ,Deaths,2021-06-28,4.42788043478261,4.12076086956522,1.07452981984121,,3
weighted.median_ensemble,CZ,Cases,2021-07-05,617.775760869565,337.438260869565,1.83078160513743,,3
weighted.median_ensemble,CZ,Deaths,2021-07-05,4.68581521739131,4.56146739130435,1.02726048778163,,3
weighted.median_ensemble,CZ,Cases,2021-07-12,181.614076086957,692.418369565217,0.262289511760058,,3
weighted.median_ensemble,CZ,Deaths,2021-07-12,8.48570652173913,7.8466847826087,1.08143843633769,,3
weighted.median_ensemble,CZ,Cases,2021-07-19,308.918315217391,532.10847826087,0.580555145873737,,3
weighted.median_ensemble,CZ,Deaths,2021-07-19,7.92130434782609,8.52923913043478,0.928723444927296,,3
weighted.median_ensemble,CZ,Cases,2021-07-26,185.249510869565,191.025760869565,0.969761931722161,,3
weighted.median_ensemble,CZ,Deaths,2021-07-26,7.99423913043478,8.73864130434783,0.914814883917632,,3
weighted.median_ensemble,CZ,Cases,2021-08-02,193.269619565217,148.727934782609,1.29948432248262,,3
weighted.median_ensemble,CZ,Deaths,2021-08-02,6.42184782608696,7.15565217391304,0.897451087616964,,3
weighted.median_ensemble,CZ,Cases,2021-08-09,246.341956521739,160.41902173913,1.53561562619634,,3
weighted.median_ensemble,CZ,Deaths,2021-08-09,3.1358152173913,2.74097826086957,1.14404964904628,,3
weighted.median_ensemble,CZ,Cases,2021-08-16,360.0025,268.049130434783,1.34304669974518,,3
weighted.median_ensemble,CZ,Deaths,2021-08-16,3.56586956521739,3.59434782608696,0.992076932381759,,3
weighted.median_ensemble,CZ,Cases,2021-08-23,464.27027173913,446.721739130435,1.03928291612326,,3
weighted.median_ensemble,CZ,Deaths,2021-08-23,3.22608695652174,2.92510869565217,1.10289472706328,,3
weighted.median_ensemble,CZ,Cases,2021-08-30,782.184293478261,609.3125,1.28371614479969,,3
weighted.median_ensemble,CZ,Deaths,2021-08-30,4.42336956521739,4.07228260869565,1.08621379954624,,3
weighted.median_ensemble,CZ,Cases,2021-09-06,821.650054347826,726.521630434783,1.13093680893728,,3
weighted.median_ensemble,CZ,Deaths,2021-09-06,7.14907608695652,4.66125,1.53372509240151,,3
weighted.median_ensemble,CZ,Cases,2021-09-13,429.306956521739,509.433586956522,0.842714276234753,,3
weighted.median_ensemble,CZ,Deaths,2021-09-13,4.72288043478261,5.07722826086957,0.93020841138502,,3
weighted.median_ensemble,CZ,Cases,2021-09-20,771.732826086957,724.122663043478,1.06574875428339,,3
weighted.median_ensemble,CZ,Deaths,2021-09-20,4.57467391304348,4.6304347826087,0.987957746478873,,3
weighted.median_ensemble,CZ,Cases,2021-09-27,4545.45842391304,3790.77576086957,1.19908396345511,,3
weighted.median_ensemble,CZ,Deaths,2021-09-27,9.25282608695652,7.88130434782609,1.17402217686324,,3
weighted.median_ensemble,CZ,Cases,2021-10-04,9656.02222826087,6628.5547826087,1.45673114954037,,3
weighted.median_ensemble,CZ,Deaths,2021-10-04,17.440597826087,17.2595108695652,1.01049200976147,,3
weighted.median_ensemble,CZ,Cases,2021-10-11,15905.139673913,13983.4866304348,1.13742302576353,,3
weighted.median_ensemble,CZ,Deaths,2021-10-11,64.6510869565217,58.1027717391304,1.11270228633484,,3
weighted.median_ensemble,CZ,Cases,2021-10-18,12285.9091847826,13532.7582608696,0.907864379747899,,3
weighted.median_ensemble,CZ,Deaths,2021-10-18,115.238641304348,97.5654347826087,1.18114208747307,,3
weighted.median_ensemble,CZ,Cases,2021-10-25,14177.0194021739,10860.6039130435,1.30536197762884,,3
weighted.median_ensemble,CZ,Deaths,2021-10-25,63.7782608695652,128.692717391304,0.495585625685721,,3
weighted.median_ensemble,CZ,Cases,2021-11-01,15366.4052173913,5803.44701086957,2.64780658608768,,3
weighted.median_ensemble,CZ,Deaths,2021-11-01,87.1107065217391,94.6821739130435,0.920032809995913,,3
weighted.median_ensemble,CZ,Cases,2021-11-08,10988.2194021739,20957.8892391304,0.5242999081061,,3
weighted.median_ensemble,CZ,Deaths,2021-11-08,74.1891304347826,126.351304347826,0.587165528822331,,3
weighted.median_ensemble,CZ,Cases,2021-11-15,26279.2470652174,21340.8614130435,1.23140516948185,,3
weighted.median_ensemble,CZ,Deaths,2021-11-15,242.747282608696,202.371576086957,1.19951273445827,,3
weighted.median_ensemble,CZ,Cases,2021-11-22,30487.42125,38063.025,0.800972104818259,,3
weighted.median_ensemble,CZ,Deaths,2021-11-22,189.919402173913,232.973369565217,0.81519790235402,,3
weighted.median_ensemble,CZ,Cases,2021-11-29,48095.9129347826,81540.1948369565,0.589842997443809,,3
weighted.median_ensemble,CZ,Deaths,2021-11-29,264.532065217391,425.551739130435,0.621621393812023,,3
weighted.median_ensemble,CZ,Cases,2021-12-06,13073.4277717391,24703.5763043478,0.529211949341853,,3
weighted.median_ensemble,CZ,Deaths,2021-12-06,52.7092391304348,125.559891304348,0.419793602741114,,3
weighted.median_ensemble,CZ,Cases,2021-12-13,3993.69,9186.78076086957,0.434721378898127,,3
weighted.median_ensemble,CZ,Deaths,2021-12-13,38.9807065217391,74.8716304347826,0.52063386753269,,3
weighted.median_ensemble,CZ,Cases,2021-12-20,12262.9026086957,10098.4534782609,1.21433471324042,,3
weighted.median_ensemble,CZ,Deaths,2021-12-20,87.91625,54.6176086956522,1.60966860504456,,3
weighted.median_ensemble,CZ,Cases,2021-12-27,18012.5658695652,57383.4991304348,0.313898004522554,,3
weighted.median_ensemble,CZ,Deaths,2021-12-27,81.2025543478261,35.4354347826087,2.29156365220272,,3
weighted.median_ensemble,CZ,Cases,2022-01-03,108041.615380435,113099.24576087,0.955281484448372,,3
weighted.median_ensemble,CZ,Deaths,2022-01-03,21.1376086956522,74.4088586956522,0.284073819518042,,3
weighted.median_ensemble,CZ,Cases,2022-01-10,166826.073097826,163614.054782609,1.01963167723876,,3
weighted.median_ensemble,CZ,Deaths,2022-01-10,37.193152173913,44.6,0.833927178787288,,3
weighted.median_ensemble,CZ,Cases,2022-01-17,182602.308641304,120635.819402174,1.51366575488286,,3
weighted.median_ensemble,CZ,Deaths,2022-01-17,62.4692391304348,47.570597826087,1.31319012131854,,3
weighted.median_ensemble,CZ,Cases,2022-01-24,95446.7279347826,68262.2880978261,1.39823511040238,,3
weighted.median_ensemble,CZ,Deaths,2022-01-24,56.5617934782609,75.3805434782609,0.750350035544289,,3
weighted.median_ensemble,CZ,Cases,2022-01-31,28726.1383152174,142710.75173913,0.201289236901559,,3
weighted.median_ensemble,CZ,Deaths,2022-01-31,213.757173913044,175.424619565217,1.21851296837828,,3
weighted.median_ensemble,CZ,Cases,2022-02-07,25876.2138043478,64345.94625,0.402142097713698,,3
weighted.median_ensemble,CZ,Deaths,2022-02-07,63.8677173913044,43.5443478260869,1.46672807332854,,3
weighted.median_ensemble,CZ,Cases,2022-02-14,21263.3195652174,10019.8354347826,2.12212263401098,,3
weighted.median_ensemble,CZ,Deaths,2022-02-14,42.8384239130435,42.5658152173913,1.00640440443252,,3
weighted.median_ensemble,CZ,Cases,2022-02-21,15319.8480434783,10100.8373913043,1.51669088908083,,3
weighted.median_ensemble,CZ,Deaths,2022-02-21,74.4877717391304,52.61625,1.41567997983761,,3
weighted.median_ensemble,CZ,Cases,2022-02-28,22908.2871739131,18567.9911956522,1.23375150992517,,3
weighted.median_ensemble,CZ,Deaths,2022-02-28,36.4479891304348,42.4278260869565,0.859058605919003,,3
weighted.median_ensemble,CZ,Cases,2022-03-07,14736.745,16127.6155434783,0.913758451165417,,3
weighted.median_ensemble,CZ,Deaths,2022-03-07,25.5495108695652,36.2782608695652,0.704265040747843,,3
weighted.median_ensemble,DE,Cases,2021-04-12,18924.9417391304,13536.7779891304,1.39803886525483,,3
weighted.median_ensemble,DE,Deaths,2021-04-12,171.165054347826,139.261956521739,1.22908695686109,,3
weighted.median_ensemble,DE,Cases,2021-04-19,19330.1177717391,29133.4591304348,0.663502321684334,,3
weighted.median_ensemble,DE,Deaths,2021-04-19,131.961413043478,207.764347826087,0.635149458625784,,3
weighted.median_ensemble,DE,Cases,2021-04-26,10294.3217391304,38831.9802173913,0.265099067353769,,3
weighted.median_ensemble,DE,Deaths,2021-04-26,114.675217391304,137.62652173913,0.833234873207578,,3
weighted.median_ensemble,DE,Cases,2021-05-03,33856.3591847826,27765.1694021739,1.21938241018374,,3
weighted.median_ensemble,DE,Deaths,2021-05-03,204.083586956522,101.690434782609,2.00691035880421,,3
weighted.median_ensemble,DE,Cases,2021-05-10,14449.9043478261,15884.2697826087,0.90969900068349,,3
weighted.median_ensemble,DE,Deaths,2021-05-10,77.5364673913044,78.1940217391304,0.991590733751746,,3
weighted.median_ensemble,DE,Cases,2021-05-17,4172.69331521739,3014.46076086957,1.38422545397928,,3
weighted.median_ensemble,DE,Deaths,2021-05-17,55.3098369565218,59.1986956521739,0.934308371952966,,3
weighted.median_ensemble,DE,Cases,2021-05-24,4046.56956521739,8713.84505434783,0.464383924660025,,3
weighted.median_ensemble,DE,Deaths,2021-05-24,26.4426086956522,50.7050543478261,0.521498478519743,,3
weighted.median_ensemble,DE,Cases,2021-05-31,2720.65706521739,1835.58195652174,1.48217684072946,,3
weighted.median_ensemble,DE,Deaths,2021-05-31,84.7673369565217,48.7001086956522,1.74059851665361,,3
weighted.median_ensemble,DE,Cases,2021-06-07,1440.88005434783,1793.64076086957,0.803327001583796,,3
weighted.median_ensemble,DE,Deaths,2021-06-07,133.066195652174,50.9749456521739,2.61042349235931,,3
weighted.median_ensemble,DE,Cases,2021-06-14,1305.1039673913,1481.86054347826,0.880719830982159,,3
weighted.median_ensemble,DE,Deaths,2021-06-14,36.5439130434783,40.2708695652174,0.907452792502942,,3
weighted.median_ensemble,DE,Cases,2021-06-21,2466.92038043478,1550.90967391304,1.5906280178204,,3
weighted.median_ensemble,DE,Deaths,2021-06-21,66.9014673913044,31.9963043478261,2.09091233362549,,3
weighted.median_ensemble,DE,Cases,2021-06-28,4741.65820652174,3635.72152173913,1.30418630199532,,3
weighted.median_ensemble,DE,Deaths,2021-06-28,19.4965760869565,26.9844565217391,0.722511349126107,,3
weighted.median_ensemble,DE,Cases,2021-07-05,6652.40342391305,4029.78869565217,1.65080700908474,,3
weighted.median_ensemble,DE,Deaths,2021-07-05,13.8910869565217,22.4128260869565,0.619782927089497,,3
weighted.median_ensemble,DE,Cases,2021-07-12,4064.16630434783,3078.42918478261,1.32020782691314,,3
weighted.median_ensemble,DE,Deaths,2021-07-12,30.2930434782609,17.4077173913044,1.74020767900294,,3
weighted.median_ensemble,DE,Cases,2021-07-19,5420.12309782609,2607.75956521739,2.07845967477997,,3
weighted.median_ensemble,DE,Deaths,2021-07-19,22.3649456521739,23.8509782608696,0.937695108668408,,3
weighted.median_ensemble,DE,Cases,2021-07-26,2944.95847826087,2592.4652173913,1.13596836652037,,3
weighted.median_ensemble,DE,Deaths,2021-07-26,126.293260869565,102.158260869565,1.23625108527264,,3
weighted.median_ensemble,DE,Cases,2021-08-02,4066.58141304348,4832.54130434783,0.841499566570654,,3
weighted.median_ensemble,DE,Deaths,2021-08-02,52.6105434782609,109.809456521739,0.479107584580801,,3
weighted.median_ensemble,DE,Cases,2021-08-09,10906.55375,10201.9520652174,1.06906537888811,,3
weighted.median_ensemble,DE,Deaths,2021-08-09,25.6372282608696,59.4744565217391,0.431062842104301,,3
weighted.median_ensemble,DE,Cases,2021-08-16,8590.68423913044,6106.12510869565,1.40689620441883,,3
weighted.median_ensemble,DE,Deaths,2021-08-16,44.3403804347826,27.1496739130435,1.63318279905676,,3
weighted.median_ensemble,DE,Cases,2021-08-23,51149.7430978261,27438.1152173913,1.86418573916497,,3
weighted.median_ensemble,DE,Deaths,2021-08-23,105.570054347826,62.4788586956522,1.68969242639467,,3
weighted.median_ensemble,DE,Cases,2021-08-30,63225.1813043478,44869.5389673913,1.40908916738138,,3
weighted.median_ensemble,DE,Deaths,2021-08-30,71.4477173913044,30.6541304347826,2.33076966718436,,3
weighted.median_ensemble,DE,Cases,2021-09-06,32143.817173913,29440.6620652174,1.09181706249362,,3
weighted.median_ensemble,DE,Deaths,2021-09-06,49.6645652173913,34.6486956521739,1.43337474275962,,3
weighted.median_ensemble,DE,Cases,2021-09-13,8547.61434782609,9392.32320652174,0.910063906434873,,3
weighted.median_ensemble,DE,Deaths,2021-09-13,52.8902173913044,43.330652173913,1.22061900151013,,3
weighted.median_ensemble,DE,Cases,2021-09-20,4848.83086956522,4933.83336956522,0.982771509770811,,3
weighted.median_ensemble,DE,Deaths,2021-09-20,37.2371195652174,43.6676630434783,0.852739005706392,,3
weighted.median_ensemble,DE,Cases,2021-09-27,21394.864673913,11975.1623913043,1.7866033023025,,3
weighted.median_ensemble,DE,Deaths,2021-09-27,33.3813043478261,36.3751086956522,0.917696346342906,,3
weighted.median_ensemble,DE,Cases,2021-10-04,29914.2395652174,15286.4033695652,1.95691810833513,,3
weighted.median_ensemble,DE,Deaths,2021-10-04,90.0232065217391,54.2392391304348,1.65974316684736,,3
weighted.median_ensemble,DE,Cases,2021-10-11,32233.8464130435,30576.7833695652,1.05419350438044,,3
weighted.median_ensemble,DE,Deaths,2021-10-11,118.370217391304,87.1671195652174,1.35796866962824,,3
weighted.median_ensemble,DE,Cases,2021-10-18,69657.7241304348,55266.4732608696,1.2603974891185,,3
weighted.median_ensemble,DE,Deaths,2021-10-18,227.45125,151.710652173913,1.49924376924609,,3
weighted.median_ensemble,DE,Cases,2021-10-25,51515.4832608696,32965.7807065217,1.56269568494333,,3
weighted.median_ensemble,DE,Deaths,2021-10-25,104.482826086957,121.45652173913,0.860248791838196,,3
weighted.median_ensemble,DE,Cases,2021-11-01,20192.1520652174,28177.1170108696,0.716615261150674,,3
weighted.median_ensemble,DE,Deaths,2021-11-01,76.0025543478261,82.0348913043478,0.926466204067463,,3
weighted.median_ensemble,DE,Cases,2021-11-08,24391.2951630435,55359.6719565217,0.440596815353239,,3
weighted.median_ensemble,DE,Deaths,2021-11-08,106.627282608696,93.2020108695652,1.1440448721425,,3
weighted.median_ensemble,DE,Cases,2021-11-15,35551.1117391304,47485.2813043478,0.748676447998115,,3
weighted.median_ensemble,DE,Deaths,2021-11-15,502.290163043478,246.956847826087,2.033918749227,,3
weighted.median_ensemble,DE,Cases,2021-11-22,89687.1289673913,117190.0375,0.765313595598016,,3
weighted.median_ensemble,DE,Deaths,2021-11-22,166.921141304348,241.258260869565,0.691877412622951,,3
weighted.median_ensemble,DE,Cases,2021-11-29,129115.869945652,145713.154836957,0.886096180472685,,3
weighted.median_ensemble,DE,Deaths,2021-11-29,174.129347826087,251.013804347826,0.693704269685497,,3
weighted.median_ensemble,DE,Cases,2021-12-06,45419.777173913,61549.5110869565,0.73793887834047,,3
weighted.median_ensemble,DE,Deaths,2021-12-06,203.899347826087,183.082065217391,1.11370465252278,,3
weighted.median_ensemble,DE,Cases,2021-12-13,51816.309076087,35019.2485869565,1.47965222461646,,3
weighted.median_ensemble,DE,Deaths,2021-12-13,172.606902173913,210.22097826087,0.821073632145884,,3
weighted.median_ensemble,DE,Cases,2021-12-20,109207.448097826,82775.1929891305,1.31932580467878,,3
weighted.median_ensemble,DE,Deaths,2021-12-20,174.941304347826,138.626956521739,1.26195733309915,,3
weighted.median_ensemble,DE,Cases,2021-12-27,119394.553423913,250160.288043478,0.477272209580931,,3
weighted.median_ensemble,DE,Deaths,2021-12-27,402.095706521739,228.866413043478,1.75690133460235,,3
weighted.median_ensemble,DE,Cases,2022-01-03,311446.241141304,352812.420326087,0.882753052892668,,3
weighted.median_ensemble,DE,Deaths,2022-01-03,288.886141304348,201.471195652174,1.43388309365618,,3
weighted.median_ensemble,DE,Cases,2022-01-10,67207.0809239131,119748.737391304,0.561234150672501,,3
weighted.median_ensemble,DE,Deaths,2022-01-10,194.91722826087,483.949673913043,0.40276342514055,,3
weighted.median_ensemble,DE,Cases,2022-01-17,271082.335163044,119823.167391304,2.26235327495371,,3
weighted.median_ensemble,DE,Deaths,2022-01-17,239.753695652174,382.152391304348,0.627377195871667,,3
weighted.median_ensemble,DE,Cases,2022-01-24,208875.205652174,85788.7776086957,2.43476141605498,,3
weighted.median_ensemble,DE,Deaths,2022-01-24,189.821086956522,286.693695652174,0.662104154486951,,3
weighted.median_ensemble,DE,Cases,2022-01-31,317275.455054348,212440.150217391,1.4934815981333,,3
weighted.median_ensemble,DE,Deaths,2022-01-31,202.269456521739,167.917717391304,1.20457483381806,,3
weighted.median_ensemble,DE,Cases,2022-02-07,243015.075054348,233892.076195652,1.03900516429237,,3
weighted.median_ensemble,DE,Deaths,2022-02-07,322.214293478261,149.720869565217,2.15210006737175,,3
weighted.median_ensemble,DE,Cases,2022-02-14,207040.207608696,103214.074565217,2.00592999046728,,3
weighted.median_ensemble,DE,Deaths,2022-02-14,120.514293478261,96.9526086956522,1.24302270046773,,3
weighted.median_ensemble,DE,Cases,2022-02-21,242325.749673913,143345.581032609,1.69050031349615,,3
weighted.median_ensemble,DE,Deaths,2022-02-21,133.355217391304,136.923043478261,0.973942836820429,,3
weighted.median_ensemble,DE,Cases,2022-02-28,375507.138206522,260271.143586957,1.44275363388898,,3
weighted.median_ensemble,DE,Deaths,2022-02-28,121.221902173913,140.178152173913,0.864770296183661,,3
weighted.median_ensemble,DE,Cases,2022-03-07,295852.165869565,207524.574891304,1.42562472914123,,3
weighted.median_ensemble,DE,Deaths,2022-03-07,148.218641304348,137.937173913043,1.07453732086599,,3
weighted.median_ensemble,FR,Cases,2021-04-12,32426.06625,48169.5078804348,0.673165819557202,,3
weighted.median_ensemble,FR,Deaths,2021-04-12,244.222336956522,259.95027173913,0.939496371065954,,3
weighted.median_ensemble,FR,Cases,2021-04-19,39278.4748369565,53654.6421739131,0.732061071428667,,3
weighted.median_ensemble,FR,Deaths,2021-04-19,153.782934782609,353.267608695652,0.435315695515963,,3
weighted.median_ensemble,FR,Cases,2021-04-26,124915.622554348,132008.749836957,0.946267748983538,,3
weighted.median_ensemble,FR,Deaths,2021-04-26,146.433967391304,269.893423913044,0.54256219091312,,3
weighted.median_ensemble,FR,Cases,2021-05-03,89327.7379891304,97406.355326087,0.917062728505632,,3
weighted.median_ensemble,FR,Deaths,2021-05-03,114.174510869565,216.115652173913,0.528302831012381,,3
weighted.median_ensemble,FR,Cases,2021-05-10,96677.4622826087,98018.0625543478,0.986322926236215,,3
weighted.median_ensemble,FR,Deaths,2021-05-10,117.341304347826,127.557608695652,0.919908310822902,,3
weighted.median_ensemble,FR,Cases,2021-05-17,91458.6436413044,93609.6234782609,0.977021808687693,,3
weighted.median_ensemble,FR,Deaths,2021-05-17,88.2245108695652,93.4338043478261,0.944246158929072,,3
weighted.median_ensemble,FR,Cases,2021-05-24,16416.6015217391,9026.72369565217,1.81866666968508,,3
weighted.median_ensemble,FR,Deaths,2021-05-24,141.210706521739,122.513586956522,1.15261262060552,,3
weighted.median_ensemble,FR,Cases,2021-05-31,6656.07358695652,4840.98891304348,1.3749408863595,,3
weighted.median_ensemble,FR,Deaths,2021-05-31,37.5833152173913,62.4085869565217,0.602213846687068,,3
weighted.median_ensemble,FR,Cases,2021-06-07,3396.53418478261,14553.0702173913,0.233389527711043,,3
weighted.median_ensemble,FR,Deaths,2021-06-07,38.0697826086957,49.0535326086957,0.776086462770819,,3
weighted.median_ensemble,FR,Cases,2021-06-14,4594.15271739131,5086.19739130435,0.903258832471923,,3
weighted.median_ensemble,FR,Deaths,2021-06-14,44.4461413043478,45.0498369565217,0.986599382085299,,3
weighted.median_ensemble,FR,Cases,2021-06-21,12473.1045652174,11416.744673913,1.09252724147524,,3
weighted.median_ensemble,FR,Deaths,2021-06-21,31.445597826087,32.7422826086957,0.960397239309629,,3
weighted.median_ensemble,FR,Cases,2021-06-28,47477.2132608696,40474.5481521739,1.17301404038823,,3
weighted.median_ensemble,FR,Deaths,2021-06-28,30.1735326086957,27.0605434782609,1.1150379382785,,3
weighted.median_ensemble,FR,Cases,2021-07-05,67234.5616304348,63389.0876086957,1.06066460595675,,3
weighted.median_ensemble,FR,Deaths,2021-07-05,37.231902173913,30.5835869565217,1.21738180112237,,3
weighted.median_ensemble,FR,Cases,2021-07-12,39783.9463043478,31214.1509782609,1.27454840376903,,3
weighted.median_ensemble,FR,Deaths,2021-07-12,38.5820652173913,26.9430434782609,1.43198615436751,,3
weighted.median_ensemble,FR,Cases,2021-07-19,37155.7098369565,27471.3414130435,1.35252623009209,,3
weighted.median_ensemble,FR,Deaths,2021-07-19,98.4727717391304,79.0440217391304,1.24579657730626,,3
weighted.median_ensemble,FR,Cases,2021-07-26,154863.046847826,232343.429347826,0.666526474548978,,3
weighted.median_ensemble,FR,Deaths,2021-07-26,142.063206521739,370.298695652174,0.383644901237192,,3
weighted.median_ensemble,FR,Cases,2021-08-02,62048.6989673913,21971.7364130435,2.82402345453936,,3
weighted.median_ensemble,FR,Deaths,2021-08-02,82.0542391304348,70.4975,1.16393119089946,,3
weighted.median_ensemble,FR,Cases,2021-08-09,14403.2640217391,17281.2047282609,0.833464115970151,,3
weighted.median_ensemble,FR,Deaths,2021-08-09,74.2473369565217,63.7803804347826,1.16410934601499,,3
weighted.median_ensemble,FR,Cases,2021-08-16,26422.6767934783,19917.1479891304,1.32662953591037,,3
weighted.median_ensemble,FR,Deaths,2021-08-16,78.3990760869565,78.0733152173913,1.00417249951098,,3
weighted.median_ensemble,FR,Cases,2021-08-23,11508.35375,20825.2663043478,0.55261496212403,,3
weighted.median_ensemble,FR,Deaths,2021-08-23,71.7377717391304,63.4608152173913,1.130426255846,,3
weighted.median_ensemble,FR,Cases,2021-08-30,11094.1880434783,16074.4796195652,0.690174009115347,,3
weighted.median_ensemble,FR,Deaths,2021-08-30,41.2227717391304,65.5710869565217,0.628672996780792,,3
weighted.median_ensemble,FR,Cases,2021-09-06,5909.36646739131,9260.86130434783,0.638101173658324,,3
weighted.median_ensemble,FR,Deaths,2021-09-06,44.7315760869565,49.6246739130435,0.90139788455515,,3
weighted.median_ensemble,FR,Cases,2021-09-13,3830.22842391304,6362.61255434783,0.601989888775437,,3
weighted.median_ensemble,FR,Deaths,2021-09-13,38.825597826087,67.2540217391304,0.577297785650446,,3
weighted.median_ensemble,FR,Cases,2021-09-20,6293.82293478261,5717.40260869565,1.10081856492147,,3
weighted.median_ensemble,FR,Deaths,2021-09-20,36.2855434782609,31.7951086956522,1.14123036425482,,3
weighted.median_ensemble,FR,Cases,2021-09-27,16780.6245978261,6505.03,2.57963831032695,,3
weighted.median_ensemble,FR,Deaths,2021-09-27,33.805597826087,26.6479347826087,1.26860104176439,,3
weighted.median_ensemble,FR,Cases,2021-10-04,14298.7469565217,7206.2089673913,1.98422596697164,,3
weighted.median_ensemble,FR,Deaths,2021-10-04,25.325597826087,28.1897826086957,0.898396350820911,,3
weighted.median_ensemble,FR,Cases,2021-10-11,17751.9357608696,11915.098423913,1.48986899892008,,3
weighted.median_ensemble,FR,Deaths,2021-10-11,38.94625,33.3976086956522,1.16613888002916,,3
weighted.median_ensemble,FR,Cases,2021-10-18,15979.5729891304,7986.25733695652,2.00088380763599,,3
weighted.median_ensemble,FR,Deaths,2021-10-18,40.6692391304348,32.159347826087,1.2646164141875,,3
weighted.median_ensemble,FR,Cases,2021-10-25,23165.3419021739,12669.6185869565,1.82841667593868,,3
weighted.median_ensemble,FR,Deaths,2021-10-25,53.3122826086957,43.3024456521739,1.23116100732336,,3
weighted.median_ensemble,FR,Cases,2021-11-01,43652.2010869565,42042.4265217391,1.03828928771238,,3
weighted.median_ensemble,FR,Deaths,2021-11-01,83.3970108695652,63.9125,1.30486228624393,,3
weighted.median_ensemble,FR,Cases,2021-11-08,73200.3938043478,74220.7824456522,0.986251982158077,,3
weighted.median_ensemble,FR,Deaths,2021-11-08,68.7236956521739,78.8205434782609,0.871900809350906,,3
weighted.median_ensemble,FR,Cases,2021-11-15,62971.310326087,87639.5603804348,0.718526086310048,,3
weighted.median_ensemble,FR,Deaths,2021-11-15,140.51875,171.51847826087,0.819263040488729,,3
weighted.median_ensemble,FR,Cases,2021-11-22,60027.5275543478,67023.5869565217,0.895617950040301,,3
weighted.median_ensemble,FR,Deaths,2021-11-22,125.979836956522,134.188913043478,0.938824483328986,,3
weighted.median_ensemble,FR,Cases,2021-11-29,167935.459891304,46062.2334782609,3.64583840621975,,3
weighted.median_ensemble,FR,Deaths,2021-11-29,96.0385869565217,93.5488043478261,1.02661479883204,,3
weighted.median_ensemble,FR,Cases,2021-12-06,105696.117880435,116884.642282609,0.904277207136231,,3
weighted.median_ensemble,FR,Deaths,2021-12-06,388.564836956522,249.877282608696,1.55502266112366,,3
weighted.median_ensemble,FR,Cases,2021-12-13,369332.261793478,376920.359945652,0.979868165908395,,3
weighted.median_ensemble,FR,Deaths,2021-12-13,229.40375,129.078315217391,1.77724468756539,,3
weighted.median_ensemble,FR,Cases,2021-12-20,898401.470706522,810938.149130435,1.10785449133189,,3
weighted.median_ensemble,FR,Deaths,2021-12-20,107.180923913043,81.0241304347826,1.32282720391939,,3
weighted.median_ensemble,FR,Cases,2021-12-27,1192696.73831522,1002695.33173913,1.18949066636875,,3
weighted.median_ensemble,FR,Deaths,2021-12-27,111.409076086957,113.833315217391,0.978703606006685,,3
weighted.median_ensemble,FR,Cases,2022-01-03,580434.395326087,408216.496195652,1.42187883325492,,3
weighted.median_ensemble,FR,Deaths,2022-01-03,112.856195652174,188.845326086957,0.597611802159232,,3
weighted.median_ensemble,FR,Cases,2022-01-10,220849.003423913,498566.48298913,0.442968011206497,,3
weighted.median_ensemble,FR,Deaths,2022-01-10,121.99875,369.060543478261,0.330565681311273,,3
weighted.median_ensemble,FR,Cases,2022-01-17,317763.443858696,451676.080434783,0.703520637074288,,3
weighted.median_ensemble,FR,Deaths,2022-01-17,115.148605072464,290.366956521739,0.39656235837511,,3
weighted.median_ensemble,FR,Cases,2022-01-24,215395.926521739,910032.602065217,0.236690340580021,,3
weighted.median_ensemble,FR,Deaths,2022-01-24,185.507119565217,284.55875,0.651911493022855,,3
weighted.median_ensemble,FR,Cases,2022-01-31,315653.390978261,785885.062173913,0.401653379318728,,3
weighted.median_ensemble,FR,Deaths,2022-01-31,159.86875,240.846793478261,0.66377778043547,,3
weighted.median_ensemble,FR,Cases,2022-02-07,642225.851413044,336326.47826087,1.90953104475737,,3
weighted.median_ensemble,FR,Deaths,2022-02-07,236.758804347826,202.886793478261,1.16695029917359,,3
weighted.median_ensemble,FR,Cases,2022-02-14,72604.1709782609,73456.9247826087,0.988391103944638,,3
weighted.median_ensemble,FR,Deaths,2022-02-14,640.800489130435,377.385,1.69800201155434,,3
weighted.median_ensemble,FR,Cases,2022-02-21,131376.430108696,171491.482228261,0.766081372681993,,3
weighted.median_ensemble,FR,Deaths,2022-02-21,122.452989130435,169.796304347826,0.72117582064443,,3
weighted.median_ensemble,FR,Cases,2022-02-28,304735.61798913,248573.482717391,1.22593775755072,,3
weighted.median_ensemble,FR,Deaths,2022-02-28,142.057445652174,280.44652173913,0.506540230098895,,3
weighted.median_ensemble,FR,Cases,2022-03-07,361745.068043478,311058.151847826,1.16294996898345,,3
weighted.median_ensemble,FR,Deaths,2022-03-07,139.921956521739,155.894836956522,0.897540670707155,,3
weighted.median_ensemble,GB,Cases,2021-04-12,9181.01342391304,5043.48777173913,1.82036991848345,,3
weighted.median_ensemble,GB,Deaths,2021-04-12,52.9788586956522,41.0977717391304,1.28909321488127,,3
weighted.median_ensemble,GB,Cases,2021-04-19,2553.8239673913,2292.33673913044,1.11407016421159,,3
weighted.median_ensemble,GB,Deaths,2021-04-19,20.5285869565217,17.7688043478261,1.15531616841925,,3
weighted.median_ensemble,GB,Cases,2021-04-26,1124.60717391304,2126.60934782609,0.528826403900964,,3
weighted.median_ensemble,GB,Deaths,2021-04-26,13.1527173913043,14.929347826087,0.880997451765562,,3
weighted.median_ensemble,GB,Cases,2021-05-03,1992.47274456522,1683.55315217391,1.18349262807201,,3
weighted.median_ensemble,GB,Deaths,2021-05-03,9.93744565217391,10.2663043478261,0.96796717840127,,3
weighted.median_ensemble,GB,Cases,2021-05-10,5217.04576086957,4421.32461956522,1.17997347170193,,3
weighted.median_ensemble,GB,Deaths,2021-05-10,7.38097826086957,10.4979891304348,0.703084959334862,,3
weighted.median_ensemble,GB,Cases,2021-05-17,10046.2379891304,9673.26592391304,1.03855699493336,,3
weighted.median_ensemble,GB,Deaths,2021-05-17,8.97184782608696,8.85217391304348,1.01351915520629,,3
weighted.median_ensemble,GB,Cases,2021-05-24,19594.8666304348,21411.5259782609,0.915155073502442,,3
weighted.median_ensemble,GB,Deaths,2021-05-24,26.1935326086957,23.6632065217391,1.10693082041235,,3
weighted.median_ensemble,GB,Cases,2021-05-31,17682.5641304348,17098.0723913043,1.03418465694576,,3
weighted.median_ensemble,GB,Deaths,2021-05-31,9.78548913043478,13.2704347826087,0.737390243103335,,3
weighted.median_ensemble,GB,Cases,2021-06-07,16367.9447282609,12449.9569565217,1.31469890100196,,3
weighted.median_ensemble,GB,Deaths,2021-06-07,24.8964673913044,24.3733152173913,1.02146413687457,,3
weighted.median_ensemble,GB,Cases,2021-06-14,32348.6647826087,17458.8858695652,1.8528481728035,,3
weighted.median_ensemble,GB,Deaths,2021-06-14,29.5640217391304,25.1922826086957,1.17353485582628,,3
weighted.median_ensemble,GB,Cases,2021-06-21,72277.7559782609,63172.4954347826,1.14413330486332,,3
weighted.median_ensemble,GB,Deaths,2021-06-21,20.3314673913044,34.8577173913044,0.583270188436844,,3
weighted.median_ensemble,GB,Cases,2021-06-28,24961.0932608696,26321.1841304348,0.948327139735611,,3
weighted.median_ensemble,GB,Deaths,2021-06-28,28.3617934782609,34.2927717391304,0.827048734759987,,3
weighted.median_ensemble,GB,Cases,2021-07-05,114494.910108696,95610.5691304348,1.19751311125968,,3
weighted.median_ensemble,GB,Deaths,2021-07-05,43.6875543478261,57.7308695652174,0.756745129197702,,3
weighted.median_ensemble,GB,Cases,2021-07-12,113899.222336957,110810.593913043,1.02787304277366,,3
weighted.median_ensemble,GB,Deaths,2021-07-12,52.9529891304348,60.6806521739131,0.872650296814041,,3
weighted.median_ensemble,GB,Cases,2021-07-19,236269.294891304,225848.945543478,1.04613857869804,,3
weighted.median_ensemble,GB,Deaths,2021-07-19,56.8705434782609,78.563152173913,0.723883167930535,,3
weighted.median_ensemble,GB,Cases,2021-07-26,20555.2316847826,39314.3890217391,0.522842455300945,,3
weighted.median_ensemble,GB,Deaths,2021-07-26,86.5499456521739,54.4948913043478,1.58822127323463,,3
weighted.median_ensemble,GB,Cases,2021-08-02,32993.1352717391,40584.2334782609,0.812954500900259,,3
weighted.median_ensemble,GB,Deaths,2021-08-02,296.183152173913,165.367282608696,1.79106258203906,,3
weighted.median_ensemble,GB,Cases,2021-08-09,119868.552663043,17022.5809782609,7.04173784316989,,3
weighted.median_ensemble,GB,Deaths,2021-08-09,201.02027173913,167.005489130435,1.20367463839544,,3
weighted.median_ensemble,GB,Cases,2021-08-16,47277.2152173913,16825.6944565217,2.80982252111837,,3
weighted.median_ensemble,GB,Deaths,2021-08-16,271.089619565217,222.007173913044,1.22108495318894,,3
weighted.median_ensemble,GB,Cases,2021-08-23,17722.6728804348,18266.4993478261,0.970228205359117,,3
weighted.median_ensemble,GB,Deaths,2021-08-23,164.885217391304,139.599782608696,1.18112803838302,,3
weighted.median_ensemble,GB,Cases,2021-08-30,18545.590326087,15816.7819565217,1.17252614198428,,3
weighted.median_ensemble,GB,Deaths,2021-08-30,99.9832608695652,125.536576086957,0.796447250563126,,3
weighted.median_ensemble,GB,Cases,2021-09-06,27345.8486956522,26468.5034782609,1.03314676321281,,3
weighted.median_ensemble,GB,Deaths,2021-09-06,108.369565217391,104.317391304348,1.03884466302672,,3
weighted.median_ensemble,GB,Cases,2021-09-13,13573.6682608696,21409.2316304348,0.634010061415451,,3
weighted.median_ensemble,GB,Deaths,2021-09-13,216.412663043478,79.1276630434783,2.7349811016732,,3
weighted.median_ensemble,GB,Cases,2021-09-20,57828.6559239131,36453.1843478261,1.58638146319751,,3
weighted.median_ensemble,GB,Deaths,2021-09-20,125.645163043478,74.7102173913044,1.68176679751038,,3
weighted.median_ensemble,GB,Cases,2021-09-27,92184.24625,35650.1969565217,2.58579907321202,,3
weighted.median_ensemble,GB,Deaths,2021-09-27,89.3970652173913,81.2608695652174,1.10012439807384,,3
weighted.median_ensemble,GB,Cases,2021-10-04,99643.3600543478,59842.8130978261,1.66508482633427,,3
weighted.median_ensemble,GB,Deaths,2021-10-04,216.220380434783,200.691630434783,1.07737617142458,,3
weighted.median_ensemble,GB,Cases,2021-10-11,25234.6223913044,24303.7488043478,1.03830164615551,,3
weighted.median_ensemble,GB,Deaths,2021-10-11,334.553260869565,207.541739130435,1.61198061783277,,3
weighted.median_ensemble,GB,Cases,2021-10-18,39060.5565217391,34912.1221739131,1.11882504097462,,3
weighted.median_ensemble,GB,Deaths,2021-10-18,212.568206521739,138.561195652174,1.53411065429417,,3
weighted.median_ensemble,GB,Cases,2021-10-25,69247.9360326087,61728.8575,1.12180815970243,,3
weighted.median_ensemble,GB,Deaths,2021-10-25,126.107010869565,127.128097826087,0.991968046608244,,3
weighted.median_ensemble,GB,Cases,2021-11-01,26005.0023369565,22283.4444565217,1.16700999200084,,3
weighted.median_ensemble,GB,Deaths,2021-11-01,123.135108695652,105.064782608696,1.17199222839739,,3
weighted.median_ensemble,GB,Cases,2021-11-08,50831.5330978261,31999.764673913,1.58849709101971,,3
weighted.median_ensemble,GB,Deaths,2021-11-08,157.819673913044,91.0375,1.73356774859858,,3
weighted.median_ensemble,GB,Cases,2021-11-15,111265.072119565,39697.0048369565,2.80285811427217,,3
weighted.median_ensemble,GB,Deaths,2021-11-15,69.4125,75.0054347826087,0.925432939642055,,3
weighted.median_ensemble,GB,Cases,2021-11-22,66343.8872282609,38978.5127173913,1.70206307534817,,3
weighted.median_ensemble,GB,Deaths,2021-11-22,53.9314673913044,81.2486956521739,0.663782562395651,,3
weighted.median_ensemble,GB,Cases,2021-11-29,147481.233641304,109044.942065217,1.35248119580915,,3
weighted.median_ensemble,GB,Deaths,2021-11-29,68.8563586956522,69.1297826086957,0.996044774007302,,3
weighted.median_ensemble,GB,Cases,2021-12-06,299666.927663044,290927.458369565,1.03004002902461,,3
weighted.median_ensemble,GB,Deaths,2021-12-06,178.391793478261,72.455,2.46210466466442,,3
weighted.median_ensemble,GB,Cases,2021-12-13,463973.95875,440296.680054348,1.05377573751574,,3
weighted.median_ensemble,GB,Deaths,2021-12-13,225.071847826087,95.5620652173913,2.35524260923074,,3
weighted.median_ensemble,GB,Cases,2021-12-20,272827.980978261,239886.714565217,1.13732009491542,,3
weighted.median_ensemble,GB,Deaths,2021-12-20,244.879456521739,192.341630434783,1.27314849088154,,3
weighted.median_ensemble,GB,Cases,2021-12-27,270152.550978261,230156.500054348,1.17377762919782,,3
weighted.median_ensemble,GB,Deaths,2021-12-27,629.631195652174,482.834021739131,1.304032374074,,3
weighted.median_ensemble,GB,Cases,2022-01-03,180328.063152174,426131.062989131,0.423175118676513,,3
weighted.median_ensemble,GB,Deaths,2022-01-03,259.59222826087,223.88,1.15951504493867,,3
weighted.median_ensemble,GB,Cases,2022-01-10,188063.6875,473578.821141304,0.397111693142811,,3
weighted.median_ensemble,GB,Deaths,2022-01-10,342.275108695652,319.864673913043,1.07006223759708,,3
weighted.median_ensemble,GB,Cases,2022-01-17,193763.63798913,197403.952282609,0.981559060741263,,3
weighted.median_ensemble,GB,Deaths,2022-01-17,444.179836956522,968.249565217391,0.458745196396545,,3
weighted.median_ensemble,GB,Cases,2022-01-24,278667.337282609,215826.097608696,1.29116608403793,,3
weighted.median_ensemble,GB,Deaths,2022-01-24,267.372608695652,600.781195652174,0.44504157358888,,3
weighted.median_ensemble,GB,Cases,2022-01-31,407119.217608696,221245.188369565,1.84012687737484,,3
weighted.median_ensemble,GB,Deaths,2022-01-31,105.235326086957,447.875326086957,0.234965670036765,,3
weighted.median_ensemble,GB,Cases,2022-02-07,158052.175380435,204775.503586957,0.771831457434649,,3
weighted.median_ensemble,GB,Deaths,2022-02-07,498.026630434783,1293.00298913044,0.385170517486362,,3
weighted.median_ensemble,GB,Cases,2022-02-14,131701.936413043,103687.715652174,1.27017878236266,,3
weighted.median_ensemble,GB,Deaths,2022-02-14,151.085326086957,215.018206521739,0.70266294436644,,3
weighted.median_ensemble,GB,Cases,2022-02-21,166058.398043478,104064.690434783,1.59572278886994,,3
weighted.median_ensemble,GB,Deaths,2022-02-21,172.539239130435,167.149184782609,1.03224696761062,,3
weighted.median_ensemble,GB,Cases,2022-02-28,345508.354891304,277790.789239131,1.24377181776852,,3
weighted.median_ensemble,GB,Deaths,2022-02-28,380.531086956522,418.795869565217,0.908631423112121,,3
weighted.median_ensemble,GB,Cases,2022-03-07,192546.102663044,215627.591630435,0.892956700054644,,3
weighted.median_ensemble,GB,Deaths,2022-03-07,287.898586956522,443.039891304348,0.649825427929127,,3
weighted.median_ensemble,PL,Cases,2021-04-12,9336.30402173913,21065.6732608696,0.443199887614403,,3
weighted.median_ensemble,PL,Deaths,2021-04-12,161.206630434783,186.638043478261,0.863739393268766,,3
weighted.median_ensemble,PL,Cases,2021-04-19,11926.9773913043,18061.3927173913,0.660357569204498,,3
weighted.median_ensemble,PL,Deaths,2021-04-19,306.286793478261,184.177119565217,1.66300132286413,,3
weighted.median_ensemble,PL,Cases,2021-04-26,2547.50802018634,4160.10260869565,0.612366631260827,,3
weighted.median_ensemble,PL,Deaths,2021-04-26,133.634836956522,158.412336956522,0.843588570965906,,3
weighted.median_ensemble,PL,Cases,2021-05-03,1681.25635869565,3823.07945652174,0.439764953309464,,3
weighted.median_ensemble,PL,Deaths,2021-05-03,137.959456521739,101.31402173913,1.36170151133636,,3
weighted.median_ensemble,PL,Cases,2021-05-10,1329.55369565217,3954.45336956522,0.336216809606319,,3
weighted.median_ensemble,PL,Deaths,2021-05-10,145.177717391304,93.7517391304348,1.54853359242031,,3
weighted.median_ensemble,PL,Cases,2021-05-17,1720.33994565217,4637.23880434783,0.370983686248636,,3
weighted.median_ensemble,PL,Deaths,2021-05-17,63.6023369565217,81.9801086956522,0.775826453129537,,3
weighted.median_ensemble,PL,Cases,2021-05-24,239.659239130435,817.855489130435,0.293033723335704,,3
weighted.median_ensemble,PL,Deaths,2021-05-24,44.71125,63.9291304347826,0.699387739140488,,3
weighted.median_ensemble,PL,Cases,2021-05-31,217.597282608696,263.645434782609,0.825340604847254,,3
weighted.median_ensemble,PL,Deaths,2021-05-31,34.6414130434783,35.0245652173913,0.989060473084109,,3
weighted.median_ensemble,PL,Cases,2021-06-07,321.413423913043,150.006956521739,2.14265678983004,,3
weighted.median_ensemble,PL,Deaths,2021-06-07,41.1695652173913,26.0697826086957,1.57920631082129,,3
weighted.median_ensemble,PL,Cases,2021-06-14,110.133586956522,206.125869565217,0.534302594763225,,3
weighted.median_ensemble,PL,Deaths,2021-06-14,13.7820108695652,11.1182608695652,1.23958333333333,,3
weighted.median_ensemble,PL,Cases,2021-06-21,144.007173913043,71.2167391304348,2.02209727195304,,3
weighted.median_ensemble,PL,Deaths,2021-06-21,12.0682065217391,7.90086956521739,1.52745294959278,,3
weighted.median_ensemble,PL,Cases,2021-06-28,154.634836956522,111.57875,1.38588070718234,,3
weighted.median_ensemble,PL,Deaths,2021-06-28,5.72260869565217,5.44548913043478,1.05088974719802,,3
weighted.median_ensemble,PL,Cases,2021-07-05,254.803641304348,126.592065217391,2.01279314676464,,3
weighted.median_ensemble,PL,Deaths,2021-07-05,4.12940217391304,4.92815217391304,0.837920995169722,,3
weighted.median_ensemble,PL,Cases,2021-07-12,325.132934782609,198.436032608696,1.63847729925014,,3
weighted.median_ensemble,PL,Deaths,2021-07-12,4.04021739130435,5.29875,0.762484999538447,,3
weighted.median_ensemble,PL,Cases,2021-07-19,127.314130434783,112.88875,1.12778403901879,,3
weighted.median_ensemble,PL,Deaths,2021-07-19,6.83586956521739,7.04902173913044,0.969761453177283,,3
weighted.median_ensemble,PL,Cases,2021-07-26,128.363858695652,150.603913043478,0.852327513287085,,3
weighted.median_ensemble,PL,Deaths,2021-07-26,2.66875,5.55646739130435,0.480296168780994,,3
weighted.median_ensemble,PL,Cases,2021-08-02,176.689565217391,151.385108695652,1.16715287745119,,3
weighted.median_ensemble,PL,Deaths,2021-08-02,3.17146739130435,4.94445652173913,0.641418804546154,,3
weighted.median_ensemble,PL,Cases,2021-08-09,74.1676086956522,174.535,0.424944043863135,,3
weighted.median_ensemble,PL,Deaths,2021-08-09,3.60364130434783,7.3416847826087,0.490846639573016,,3
weighted.median_ensemble,PL,Cases,2021-08-16,169.399673913043,208.383695652174,0.812921919744618,,3
weighted.median_ensemble,PL,Deaths,2021-08-16,6.98603260869565,4.83048913043478,1.44623710354294,,3
weighted.median_ensemble,PL,Cases,2021-08-23,669.730706521739,474.557826086957,1.41127312564648,,3
weighted.median_ensemble,PL,Deaths,2021-08-23,13.3546739130435,7.38347826086957,1.80872394299847,,3
weighted.median_ensemble,PL,Cases,2021-08-30,1281.60380434783,763.076956521739,1.67952104095718,,3
weighted.median_ensemble,PL,Deaths,2021-08-30,25.3046739130435,16.166902173913,1.56521476043043,,3
weighted.median_ensemble,PL,Cases,2021-09-06,1487.2227173913,557.109347826087,2.66953466710735,,3
weighted.median_ensemble,PL,Deaths,2021-09-06,10.0190760869565,9.75989130434783,1.02655611364168,,3
weighted.median_ensemble,PL,Cases,2021-09-13,662.878206521739,872.490760869565,0.759753840672288,,3
weighted.median_ensemble,PL,Deaths,2021-09-13,9.21027173913044,11.2979347826087,0.815217286729972,,3
weighted.median_ensemble,PL,Cases,2021-09-20,731.590706521739,856.977282608696,0.853687397984143,,3
weighted.median_ensemble,PL,Deaths,2021-09-20,13.1341847826087,15.1552173913043,0.866644432968988,,3
weighted.median_ensemble,PL,Cases,2021-09-27,3087.19706521739,4660.11798913044,0.662471867111127,,3
weighted.median_ensemble,PL,Deaths,2021-09-27,43.3483695652174,33.2423913043478,1.30400876303829,,3
weighted.median_ensemble,PL,Cases,2021-10-04,7580.485,6469.36782608696,1.17175050233388,,3
weighted.median_ensemble,PL,Deaths,2021-10-04,49.7049456521739,48.1332608695652,1.03265278009873,,3
weighted.median_ensemble,PL,Cases,2021-10-11,13746.7408695652,12438.2626086957,1.10519783204728,,3
weighted.median_ensemble,PL,Deaths,2021-10-11,37.9163043478261,50.0216304347826,0.757998170356737,,3
weighted.median_ensemble,PL,Cases,2021-10-18,16595.1605434783,14817.1605434783,1.11999600023114,,3
weighted.median_ensemble,PL,Deaths,2021-10-18,48.5706521739131,66.3151086956522,0.732422115099353,,3
weighted.median_ensemble,PL,Cases,2021-10-25,11405.1510326087,7546.22782608696,1.51137115065379,,3
weighted.median_ensemble,PL,Deaths,2021-10-25,112.589293478261,111.422826086957,1.01046883688262,,3
weighted.median_ensemble,PL,Cases,2021-11-01,24579.7315217391,5848.39168478261,4.20281897084545,,3
weighted.median_ensemble,PL,Deaths,2021-11-01,306.780706521739,146.40097826087,2.09548262700193,,3
weighted.median_ensemble,PL,Cases,2021-11-08,16292.099673913,26051.5427173913,0.625379458354951,,3
weighted.median_ensemble,PL,Deaths,2021-11-08,213.114347826087,162.883695652174,1.30838354921156,,3
weighted.median_ensemble,PL,Cases,2021-11-15,9391.50293478261,26587.3404347826,0.353232131578542,,3
weighted.median_ensemble,PL,Deaths,2021-11-15,389.887934782609,171.578913043478,2.27235344872368,,3
weighted.median_ensemble,PL,Cases,2021-11-22,10027.822826087,33260.4215217391,0.301494159342892,,3
weighted.median_ensemble,PL,Deaths,2021-11-22,849.514130434783,814.002010869565,1.04362657473939,,3
weighted.median_ensemble,PL,Cases,2021-11-29,25611.3405434783,43320.7041304348,0.591203237748971,,3
weighted.median_ensemble,PL,Deaths,2021-11-29,836.499782608696,636.545652173913,1.31412378633316,,3
weighted.median_ensemble,PL,Cases,2021-12-06,14277.2742934783,21351.0627717391,0.668691504779615,,3
weighted.median_ensemble,PL,Deaths,2021-12-06,237.302989130435,206.756847826087,1.147739441888,,3
weighted.median_ensemble,PL,Cases,2021-12-13,11739.3142391304,14333.3019565217,0.819023716568601,,3
weighted.median_ensemble,PL,Deaths,2021-12-13,313.808641304348,178.783804347826,1.7552408756994,,3
weighted.median_ensemble,PL,Cases,2021-12-20,17640.3744021739,12693.9239673913,1.38967071549265,,3
weighted.median_ensemble,PL,Deaths,2021-12-20,521.368586956522,264.400760869565,1.97188761954329,,3
weighted.median_ensemble,PL,Cases,2021-12-27,57930.4714673913,46505.1748913044,1.24567796170622,,3
weighted.median_ensemble,PL,Deaths,2021-12-27,248.7325,275.064293478261,0.904270404765052,,3
weighted.median_ensemble,PL,Cases,2022-01-03,104717.337119565,104237.08576087,1.00460729840239,,3
weighted.median_ensemble,PL,Deaths,2022-01-03,167.763423913043,238.311195652174,0.703967866276421,,3
weighted.median_ensemble,PL,Cases,2022-01-10,125680.150108696,121570.86326087,1.03380157660811,,3
weighted.median_ensemble,PL,Deaths,2022-01-10,160.409619565217,385.558206521739,0.416045144032417,,3
weighted.median_ensemble,PL,Cases,2022-01-17,85981.82,83801.8510869565,1.02601337422465,,3
weighted.median_ensemble,PL,Deaths,2022-01-17,95.95625,543.896195652174,0.176423830074673,,3
weighted.median_ensemble,PL,Cases,2022-01-24,77083.9664673913,136919.59326087,0.562987112593339,,3
weighted.median_ensemble,PL,Deaths,2022-01-24,2149.01619565217,567.319402173913,3.78801815594064,,3
weighted.median_ensemble,PL,Cases,2022-01-31,28632.7364130435,197814.242173913,0.144745575942254,,3
weighted.median_ensemble,PL,Deaths,2022-01-31,1072.11076086957,500.316032608696,2.14286708998606,,3
weighted.median_ensemble,PL,Cases,2022-02-07,13920.5735869565,120275.29423913,0.115739260294635,,3
weighted.median_ensemble,PL,Deaths,2022-02-07,155.831630434783,126.244891304348,1.23435989230731,,3
weighted.median_ensemble,PL,Cases,2022-02-14,31373.6800543478,10851.3276086957,2.89122964356976,,3
weighted.median_ensemble,PL,Deaths,2022-02-14,144.628804347826,117.380326086957,1.23213837590367,,3
weighted.median_ensemble,PL,Cases,2022-02-21,11528.1652717391,9090.82054347826,1.26811053156356,,3
weighted.median_ensemble,PL,Deaths,2022-02-21,71.6109239130435,114.923804347826,0.623116545083274,,3
weighted.median_ensemble,PL,Cases,2022-02-28,11286.6934782609,10661.3838043478,1.05865183032413,,3
weighted.median_ensemble,PL,Deaths,2022-02-28,174.760163043478,103.000217391304,1.69669703103202,,3
weighted.median_ensemble,PL,Cases,2022-03-07,6806.5285326087,6602.26369565218,1.03093860626788,,3
weighted.median_ensemble,PL,Deaths,2022-03-07,122.960543478261,84.9841304347826,1.44686475991681,,3
weighted.median_ensemble,Average,Cases,2021-04-12,14318.2826086957,17856.4232934783,0.801856137333233,average,3
weighted.median_ensemble,Average,Deaths,2021-04-12,131.631934782609,131.012119565217,1.00473097618334,average,3
weighted.median_ensemble,Average,Cases,2021-04-19,14857.8145217391,20866.5203913043,0.712040831107173,average,3
weighted.median_ensemble,Average,Deaths,2021-04-19,130.10702173913,156.748369565217,0.830037480453649,average,3
weighted.median_ensemble,Average,Cases,2021-04-26,27976.4369953416,35900.9699673913,0.779266883896243,average,3
weighted.median_ensemble,Average,Deaths,2021-04-26,86.2128586956522,120.962043478261,0.712726539802101,average,3
weighted.median_ensemble,Average,Cases,2021-05-03,25729.6159076087,26565.4370108696,0.968537272587728,average,3
weighted.median_ensemble,Average,Deaths,2021-05-03,97.4355869565218,92.4805652173913,1.05357905985417,average,3
weighted.median_ensemble,Average,Cases,2021-05-10,23749.4205,24773.0021956522,0.95868156440757,average,3
weighted.median_ensemble,Average,Deaths,2021-05-10,73.9966413043478,70.1663152173913,1.05458924378584,average,3
weighted.median_ensemble,Average,Cases,2021-05-17,21557.0344456522,22317.2965326087,0.965933952356385,average,3
weighted.median_ensemble,Average,Deaths,2021-05-17,46.4483913043478,53.3482065217391,0.870664532750887,average,3
weighted.median_ensemble,Average,Cases,2021-05-24,8098.45080434783,8095.34863043478,1.00038320448626,average,3
weighted.median_ensemble,Average,Deaths,2021-05-24,49.7361630434783,54.2505760869565,0.916785896683526,average,3
weighted.median_ensemble,Average,Cases,2021-05-31,5519.47769565217,4847.48313043478,1.13862752012447,average,3
weighted.median_ensemble,Average,Deaths,2021-05-31,35.37325,33.6620434782609,1.05083489725881,average,3
weighted.median_ensemble,Average,Cases,2021-06-07,4340.0695326087,5826.79858695652,0.744846328191965,average,3
weighted.median_ensemble,Average,Deaths,2021-06-07,49.8823369565217,31.7766086956522,1.56978164140426,average,3
weighted.median_ensemble,Average,Cases,2021-06-14,7757.91007608696,4893.23969565217,1.5854343050025,average,3
weighted.median_ensemble,Average,Deaths,2021-06-14,26.7320217391304,25.4189239130435,1.05165827753287,average,3
weighted.median_ensemble,Average,Cases,2021-06-21,17649.9094673913,15340.0707173913,1.15057549554718,average,3
weighted.median_ensemble,Average,Deaths,2021-06-21,27.1551413043478,22.3778043478261,1.21348550922449,average,3
weighted.median_ensemble,Average,Cases,2021-06-28,15608.0760217391,14223.1756413043,1.09736928062767,average,3
weighted.median_ensemble,Average,Deaths,2021-06-28,17.6364782608696,19.5808043478261,0.900702440389157,average,3
weighted.median_ensemble,Average,Cases,2021-07-05,37850.8909130435,32698.6951521739,1.15756579083331,average,3
weighted.median_ensemble,Average,Deaths,2021-07-05,20.725152173913,24.0433804347826,0.861989944805381,average,3
weighted.median_ensemble,Average,Cases,2021-07-12,31650.8163913043,29198.8056956522,1.08397640373412,average,3
weighted.median_ensemble,Average,Deaths,2021-07-12,26.8708043478261,23.6353695652174,1.13688953640776,average,3
weighted.median_ensemble,Average,Cases,2021-07-19,55856.2720543478,51314.60875,1.08850624442007,average,3
weighted.median_ensemble,Average,Deaths,2021-07-19,38.4930869565217,39.4072826086957,0.976801352652208,average,3
weighted.median_ensemble,Average,Cases,2021-07-26,35735.370076087,54918.3826521739,0.650699608224395,average,3
weighted.median_ensemble,Average,Deaths,2021-07-26,73.1138804347826,108.249391304348,0.675420707255709,average,3
weighted.median_ensemble,Average,Cases,2021-08-02,19895.6749673913,13537.7248478261,1.46964687131946,average,3
weighted.median_ensemble,Average,Deaths,2021-08-02,88.08825,71.5548695652174,1.23105877399041,average,3
weighted.median_ensemble,Average,Cases,2021-08-09,29099.776,8968.13835869565,3.24479561265738,average,3
weighted.median_ensemble,Average,Deaths,2021-08-09,61.5288586956522,60.068597826087,1.02430988773524,average,3
weighted.median_ensemble,Average,Cases,2021-08-16,16563.9956847826,8665.08007608696,1.91158022076383,average,3
weighted.median_ensemble,Average,Deaths,2021-08-16,80.8761956521739,67.131,1.20475183822934,average,3
weighted.median_ensemble,Average,Cases,2021-08-23,16302.9541413043,13490.2320869565,1.20850064225859,average,3
weighted.median_ensemble,Average,Deaths,2021-08-23,71.7547608695652,55.1696086956522,1.3006211674512,average,3
weighted.median_ensemble,Average,Cases,2021-08-30,18985.7495543478,15626.638,1.21496060472815,average,3
weighted.median_ensemble,Average,Deaths,2021-08-30,48.4763586956522,48.4001956521739,1.00157361023963,average,3
weighted.median_ensemble,Average,Cases,2021-09-06,13541.5810217391,13290.7315652174,1.01887401421741,average,3
weighted.median_ensemble,Average,Deaths,2021-09-06,43.9867717391304,40.6023804347826,1.08335450454153,average,3
weighted.median_ensemble,Average,Cases,2021-09-13,5408.73923913044,7709.21834782609,0.701593727807131,average,3
weighted.median_ensemble,Average,Deaths,2021-09-13,64.4123260869565,41.2175,1.56274218686132,average,3
weighted.median_ensemble,Average,Cases,2021-09-20,14094.9266521739,9737.10405434783,1.44754811836279,average,3
weighted.median_ensemble,Average,Deaths,2021-09-20,43.3753369565217,33.9917282608696,1.27605565164671,average,3
weighted.median_ensemble,Average,Cases,2021-09-27,27598.4782021739,12516.2566195652,2.20501057472986,average,3
weighted.median_ensemble,Average,Deaths,2021-09-27,41.8370326086957,37.0815217391304,1.12824476036934,average,3
weighted.median_ensemble,Average,Cases,2021-10-04,32218.5707608696,19086.6696086957,1.68801427495718,average,3
weighted.median_ensemble,Average,Deaths,2021-10-04,79.7429456521739,69.7026847826087,1.14404410534371,average,3
weighted.median_ensemble,Average,Cases,2021-10-11,20974.4570217391,18643.4759673913,1.12502931633698,average,3
weighted.median_ensemble,Average,Deaths,2021-10-11,118.887423913043,87.2461739130435,1.3626663334433,average,3
weighted.median_ensemble,Average,Cases,2021-10-18,30715.784673913,25302.9543152174,1.2139208841491,average,3
weighted.median_ensemble,Average,Deaths,2021-10-18,128.899597826087,97.262347826087,1.32527746560848,average,3
weighted.median_ensemble,Average,Cases,2021-10-25,33902.186326087,25154.2177065217,1.34777343194009,average,3
weighted.median_ensemble,Average,Deaths,2021-10-25,92.0539347826087,106.40052173913,0.865164317598966,average,3
weighted.median_ensemble,Average,Cases,2021-11-01,25959.0984456522,20830.9653369565,1.24617837079292,average,3
weighted.median_ensemble,Average,Deaths,2021-11-01,135.285217391304,98.4190652173913,1.3745834416582,average,3
weighted.median_ensemble,Average,Cases,2021-11-08,35140.7082282609,41717.9302065217,0.842340644761119,average,3
weighted.median_ensemble,Average,Deaths,2021-11-08,124.094826086957,110.459010869565,1.12344683435101,average,3
weighted.median_ensemble,Average,Cases,2021-11-15,49091.6488369565,44550.009673913,1.10194474022085,average,3
weighted.median_ensemble,Average,Deaths,2021-11-15,268.971326086957,173.48625,1.5503898786616,average,3
weighted.median_ensemble,Average,Cases,2021-11-22,51314.7575652174,58903.1167391304,0.871172196073761,average,3
weighted.median_ensemble,Average,Deaths,2021-11-22,277.253195652174,300.73425,0.921920917395255,average,3
weighted.median_ensemble,Average,Cases,2021-11-29,103647.963391304,85136.2458695652,1.21743638485188,average,3
weighted.median_ensemble,Average,Deaths,2021-11-29,288.01122826087,295.157956521739,0.975786767380119,average,3
weighted.median_ensemble,Average,Cases,2021-12-06,95626.7049565217,103083.250163043,0.927664822415592,average,3
weighted.median_ensemble,Average,Deaths,2021-12-06,212.173641304348,167.546217391304,1.26635888656809,average,3
weighted.median_ensemble,Average,Cases,2021-12-13,180171.106771739,175151.27426087,1.02865998281801,average,3
weighted.median_ensemble,Average,Deaths,2021-12-13,195.974369565217,137.703358695652,1.42316332311367,average,3
weighted.median_ensemble,Average,Cases,2021-12-20,262068.035358696,231278.486826087,1.1331275941621,average,3
weighted.median_ensemble,Average,Deaths,2021-12-20,227.257304347826,146.202217391304,1.55440395093038,average,3
weighted.median_ensemble,Average,Cases,2021-12-27,331637.37601087,317380.158771739,1.04492157699557,average,3
weighted.median_ensemble,Average,Deaths,2021-12-27,294.614206521739,227.206695652174,1.29667924475588,average,3
weighted.median_ensemble,Average,Cases,2022-01-03,256993.530423913,280899.262206522,0.914895711740842,average,3
weighted.median_ensemble,Average,Deaths,2022-01-03,170.047119565217,185.383315217391,0.917273053218464,average,3
weighted.median_ensemble,Average,Cases,2022-01-10,153725.19901087,275415.791913044,0.55815680699749,average,3
weighted.median_ensemble,Average,Deaths,2022-01-10,171.35877173913,320.606619565217,0.534482949764151,average,3
weighted.median_ensemble,Average,Cases,2022-01-17,210238.709130435,194668.174119565,1.07998500567076,average,3
weighted.median_ensemble,Average,Deaths,2022-01-17,191.501525362319,446.447141304348,0.428945574167693,average,3
weighted.median_ensemble,Average,Cases,2022-01-24,175093.832771739,283365.871728261,0.617907271979629,average,3
weighted.median_ensemble,Average,Deaths,2022-01-24,569.655760869565,362.946717391304,1.56952999868408,average,3
weighted.median_ensemble,Average,Cases,2022-01-31,219481.387673913,312019.078934783,0.703422971515753,average,3
weighted.median_ensemble,Average,Deaths,2022-01-31,350.648293478261,306.476097826087,1.14412933330037,average,3
weighted.median_ensemble,Average,Cases,2022-02-07,216617.977847826,191923.059706522,1.12867092770961,average,3
weighted.median_ensemble,Average,Deaths,2022-02-07,255.339815217391,363.07997826087,0.703260522489984,average,3
weighted.median_ensemble,Average,Cases,2022-02-14,92796.6629239131,60245.9756086957,1.54029645941229,average,3
weighted.median_ensemble,Average,Deaths,2022-02-14,219.973467391304,169.860391304348,1.29502508325891,average,3
weighted.median_ensemble,Average,Cases,2022-02-21,113321.718228261,87618.682326087,1.29335108928614,average,3
weighted.median_ensemble,Average,Deaths,2022-02-21,114.88922826087,128.281717391304,0.895600952319784,average,3
weighted.median_ensemble,Average,Cases,2022-02-28,211989.218347826,163172.958108696,1.29916881329449,average,3
weighted.median_ensemble,Average,Deaths,2022-02-28,171.003717391304,196.969717391304,0.868172629052336,average,3
weighted.median_ensemble,Average,Cases,2022-03-07,174337.322021739,151388.039521739,1.15159244133487,average,3
weighted.median_ensemble,Average,Deaths,2022-03-07,144.909847826087,171.626858695652,0.844330828679077,average,3
mean_ensemble,CZ,Cases,2021-04-12,1526.70806521739,1466.66956521739,1.04093526000937,,5
mean_ensemble,CZ,Deaths,2021-04-12,34.8591847826087,28.1125543478261,1.23998639011273,,5
mean_ensemble,DE,Cases,2021-04-12,13505.393173913,13536.7779891304,0.997681515110716,,5
mean_ensemble,DE,Deaths,2021-04-12,119.347108695652,139.261956521739,0.856997213571546,,5
mean_ensemble,FR,Cases,2021-04-12,64347.4276521739,48169.5078804348,1.33585395582399,,5
mean_ensemble,FR,Deaths,2021-04-12,249.011282608696,259.95027173913,0.957918916347922,,5
mean_ensemble,GB,Cases,2021-04-12,5250.33288043478,5043.48777173913,1.04101231490135,,5
mean_ensemble,GB,Deaths,2021-04-12,37.1400869565217,41.0977717391304,0.903700745438701,,5
mean_ensemble,PL,Cases,2021-04-12,19759.5990652174,21065.6732608696,0.937999883531932,,5
mean_ensemble,PL,Deaths,2021-04-12,440.641739130435,186.638043478261,2.36094276878636,,5
mean_ensemble,CZ,Cases,2021-04-19,1319.53439130435,1190.77119565217,1.10813428820106,,5
mean_ensemble,CZ,Deaths,2021-04-19,24.8408043478261,20.7639673913044,1.19634190709763,,5
mean_ensemble,DE,Cases,2021-04-19,23938.2423695652,29133.4591304348,0.821675251894743,,5
mean_ensemble,DE,Deaths,2021-04-19,111.287847826087,207.764347826087,0.535644584792972,,5
mean_ensemble,FR,Cases,2021-04-19,71510.0532391304,53654.6421739131,1.33278408618106,,5
mean_ensemble,FR,Deaths,2021-04-19,266.157282608696,353.267608695652,0.753415473304817,,5
mean_ensemble,GB,Cases,2021-04-19,1510.62669565217,2292.33673913044,0.658989872589665,,5
mean_ensemble,GB,Deaths,2021-04-19,20.9422391304348,17.7688043478261,1.17859585374955,,5
mean_ensemble,PL,Cases,2021-04-19,25189.2039565217,18061.3927173913,1.39464350012538,,5
mean_ensemble,PL,Deaths,2021-04-19,582.250695652174,184.177119565217,3.16136280677361,,5
mean_ensemble,CZ,Cases,2021-04-26,1295.17402173913,2377.40782608696,0.544784116350325,,5
mean_ensemble,CZ,Deaths,2021-04-26,25.914347826087,23.9485869565217,1.0820825409505,,5
mean_ensemble,DE,Cases,2021-04-26,36485.9873695652,38831.9802173913,0.939586061934194,,5
mean_ensemble,DE,Deaths,2021-04-26,105.235239130435,137.62652173913,0.764643600671003,,5
mean_ensemble,FR,Cases,2021-04-26,157386.30323913,132008.749836957,1.19224144940027,,5
mean_ensemble,FR,Deaths,2021-04-26,265.785239130435,269.893423913044,0.9847784924766,,5
mean_ensemble,GB,Cases,2021-04-26,2633.12245652174,2126.60934782609,1.23817872766027,,5
mean_ensemble,GB,Deaths,2021-04-26,17.780152173913,14.929347826087,1.19095303967965,,5
mean_ensemble,PL,Cases,2021-04-26,2380.14723913043,4160.10260869565,0.572136666570515,,5
mean_ensemble,PL,Deaths,2021-04-26,425.861565217391,158.412336956522,2.688310603828,,5
mean_ensemble,CZ,Cases,2021-05-03,1117.4957826087,2149.0277173913,0.520000637295278,,5
mean_ensemble,CZ,Deaths,2021-05-03,28.567652173913,33.0164130434783,0.86525608146146,,5
mean_ensemble,DE,Cases,2021-05-03,37477.4235869565,27765.1694021739,1.3497999253706,,5
mean_ensemble,DE,Deaths,2021-05-03,171.776739130435,101.690434782609,1.68921235805172,,5
mean_ensemble,FR,Cases,2021-05-03,97680.0297173913,97406.355326087,1.00280961535198,,5
mean_ensemble,FR,Deaths,2021-05-03,99.2575652173913,216.115652173913,0.459279854184354,,5
mean_ensemble,GB,Cases,2021-05-03,2666.63543478261,1683.55315217391,1.58393302364067,,5
mean_ensemble,GB,Deaths,2021-05-03,14.5714782608696,10.2663043478261,1.41934992059291,,5
mean_ensemble,PL,Cases,2021-05-03,4018.70647826087,3823.07945652174,1.05117001201882,,5
mean_ensemble,PL,Deaths,2021-05-03,135.531065217391,101.31402173913,1.33773255558214,,5
mean_ensemble,CZ,Cases,2021-05-10,1335.08584782609,1586.90065217391,0.841316591556717,,5
mean_ensemble,CZ,Deaths,2021-05-10,29.6772173913044,40.8302173913044,0.726844461955393,,5
mean_ensemble,DE,Cases,2021-05-10,15426.548826087,15884.2697826087,0.971184010169426,,5
mean_ensemble,DE,Deaths,2021-05-10,80.8401304347826,78.1940217391304,1.03384029414013,,5
mean_ensemble,FR,Cases,2021-05-10,102982.876391304,98018.0625543478,1.05065202991748,,5
mean_ensemble,FR,Deaths,2021-05-10,140.351173913043,127.557608695652,1.10029637077876,,5
mean_ensemble,GB,Cases,2021-05-10,4761.214,4421.32461956522,1.07687501137797,,5
mean_ensemble,GB,Deaths,2021-05-10,8.94128260869565,10.4979891304348,0.851713837536174,,5
mean_ensemble,PL,Cases,2021-05-10,2854.1212173913,3954.45336956522,0.721748608633893,,5
mean_ensemble,PL,Deaths,2021-05-10,99.9928260869565,93.7517391304348,1.06657035927449,,5
mean_ensemble,CZ,Cases,2021-05-17,909.202391304348,651.893695652174,1.39470959355536,,5
mean_ensemble,CZ,Deaths,2021-05-17,26.7996739130435,23.27625,1.15137420817544,,5
mean_ensemble,DE,Cases,2021-05-17,3856.20756521739,3014.46076086957,1.2792362784331,,5
mean_ensemble,DE,Deaths,2021-05-17,70.4702826086957,59.1986956521739,1.19040262344206,,5
mean_ensemble,FR,Cases,2021-05-17,92233.1296086957,93609.6234782609,0.985295380769426,,5
mean_ensemble,FR,Deaths,2021-05-17,94.0762173913043,93.4338043478261,1.00687559548669,,5
mean_ensemble,GB,Cases,2021-05-17,8356.01130434783,9673.26592391304,0.863825244759491,,5
mean_ensemble,GB,Deaths,2021-05-17,9.04208695652174,8.85217391304348,1.02145383104126,,5
mean_ensemble,PL,Cases,2021-05-17,3383.96036956522,4637.23880434783,0.729736058965187,,5
mean_ensemble,PL,Deaths,2021-05-17,99.3005869565217,81.9801086956522,1.21127659546258,,5
mean_ensemble,CZ,Cases,2021-05-24,700.91,506.792934782609,1.38303033032743,,5
mean_ensemble,CZ,Deaths,2021-05-24,10.9355652173913,10.441902173913,1.04727711821622,,5
mean_ensemble,DE,Cases,2021-05-24,7793.97873913044,8713.84505434783,0.894436232285492,,5
mean_ensemble,DE,Deaths,2021-05-24,96.0460869565217,50.7050543478261,1.89421130086294,,5
mean_ensemble,FR,Cases,2021-05-24,8129.09830434783,9026.72369565217,0.900559115181879,,5
mean_ensemble,FR,Deaths,2021-05-24,138.890456521739,122.513586956522,1.1336739048464,,5
mean_ensemble,GB,Cases,2021-05-24,19329.5743695652,21411.5259782609,0.902764912187508,,5
mean_ensemble,GB,Deaths,2021-05-24,23.5831956521739,23.6632065217391,0.996618764684672,,5
mean_ensemble,PL,Cases,2021-05-24,917.774130434783,817.855489130435,1.12217151151065,,5
mean_ensemble,PL,Deaths,2021-05-24,62.1152173913044,63.9291304347826,0.971626189326496,,5
mean_ensemble,CZ,Cases,2021-05-31,290.522673913044,199.126956521739,1.45898214379291,,5
mean_ensemble,CZ,Deaths,2021-05-31,10.5373260869565,8.90652173913044,1.18310226995362,,5
mean_ensemble,DE,Cases,2021-05-31,1308.1817826087,1835.58195652174,0.712679582603645,,5
mean_ensemble,DE,Deaths,2021-05-31,44.1781739130435,48.7001086956522,0.907147336962466,,5
mean_ensemble,FR,Cases,2021-05-31,6384.34906521739,4840.98891304348,1.31881092477108,,5
mean_ensemble,FR,Deaths,2021-05-31,63.5703260869565,62.4085869565217,1.0186150526248,,5
mean_ensemble,GB,Cases,2021-05-31,16329.6074347826,17098.0723913043,0.955055462455958,,5
mean_ensemble,GB,Deaths,2021-05-31,10.5053260869565,13.2704347826087,0.791633903413931,,5
mean_ensemble,PL,Cases,2021-05-31,250.048608695652,263.645434782609,0.948427606576355,,5
mean_ensemble,PL,Deaths,2021-05-31,37.6818695652174,35.0245652173913,1.07586973118246,,5
mean_ensemble,CZ,Cases,2021-06-07,290.285652173913,187.318043478261,1.5496940219088,,5
mean_ensemble,CZ,Deaths,2021-06-07,8.80313043478261,8.41146739130435,1.04656298660602,,5
mean_ensemble,DE,Cases,2021-06-07,1521.04969565217,1793.64076086957,0.848023600285914,,5
mean_ensemble,DE,Deaths,2021-06-07,45.157347826087,50.9749456521739,0.88587338835468,,5
mean_ensemble,FR,Cases,2021-06-07,12074.322326087,14553.0702173913,0.829675260664779,,5
mean_ensemble,FR,Deaths,2021-06-07,63.8652608695652,49.0535326086957,1.30195028723057,,5
mean_ensemble,GB,Cases,2021-06-07,13505.5288695652,12449.9569565217,1.08478518574239,,5
mean_ensemble,GB,Deaths,2021-06-07,29.9235217391304,24.3733152173913,1.22771651998243,,5
mean_ensemble,PL,Cases,2021-06-07,264.039673913043,150.006956521739,1.7601828610847,,5
mean_ensemble,PL,Deaths,2021-06-07,29.9129565217391,26.0697826086957,1.14741871732224,,5
mean_ensemble,CZ,Cases,2021-06-14,249.702869565217,233.128804347826,1.07109402574151,,5
mean_ensemble,CZ,Deaths,2021-06-14,7.05078260869565,5.46336956521739,1.29055567713825,,5
mean_ensemble,DE,Cases,2021-06-14,1252.13343478261,1481.86054347826,0.844973867678243,,5
mean_ensemble,DE,Deaths,2021-06-14,35.2155217391304,40.2708695652174,0.874466385239087,,5
mean_ensemble,FR,Cases,2021-06-14,7166.65919565218,5086.19739130435,1.40904071240033,,5
mean_ensemble,FR,Deaths,2021-06-14,54.2715217391304,45.0498369565217,1.20469962613868,,5
mean_ensemble,GB,Cases,2021-06-14,21208.7402391304,17458.8858695652,1.21478199683418,,5
mean_ensemble,GB,Deaths,2021-06-14,23.7203260869565,25.1922826086957,0.941571133326718,,5
mean_ensemble,PL,Cases,2021-06-14,217.2025,206.125869565217,1.05373721628511,,5
mean_ensemble,PL,Deaths,2021-06-14,11.9216739130435,11.1182608695652,1.07226067573909,,5
mean_ensemble,CZ,Cases,2021-06-21,417.473760869565,488.987065217391,0.85375215535398,,5
mean_ensemble,CZ,Deaths,2021-06-21,5.58045652173913,4.39184782608696,1.27063977230541,,5
mean_ensemble,DE,Cases,2021-06-21,1672.6505,1550.90967391304,1.07849639997396,,5
mean_ensemble,DE,Deaths,2021-06-21,26.1001086956522,31.9963043478261,0.815722603833323,,5
mean_ensemble,FR,Cases,2021-06-21,9124.72060869565,11416.744673913,0.799240139752393,,5
mean_ensemble,FR,Deaths,2021-06-21,33.5982391304348,32.7422826086957,1.02614223730119,,5
mean_ensemble,GB,Cases,2021-06-21,66807.5144130435,63172.4954347826,1.05754116492063,,5
mean_ensemble,GB,Deaths,2021-06-21,19.8750652173913,34.8577173913044,0.570176899258164,,5
mean_ensemble,PL,Cases,2021-06-21,141.034347826087,71.2167391304348,1.98035391044485,,5
mean_ensemble,PL,Deaths,2021-06-21,7.65793478260869,7.90086956521739,0.969252146158925,,5
mean_ensemble,CZ,Cases,2021-06-28,388.829195652174,572.845652173913,0.678767821971925,,5
mean_ensemble,CZ,Deaths,2021-06-28,4.2190652173913,4.12076086956522,1.02385587296563,,5
mean_ensemble,DE,Cases,2021-06-28,4241.0035,3635.72152173913,1.16648194165634,,5
mean_ensemble,DE,Deaths,2021-06-28,20.4541086956522,26.9844565217391,0.757995947747697,,5
mean_ensemble,FR,Cases,2021-06-28,40087.4343478261,40474.5481521739,0.990435623817408,,5
mean_ensemble,FR,Deaths,2021-06-28,25.1026304347826,27.0605434782609,0.92764694304639,,5
mean_ensemble,GB,Cases,2021-06-28,20097.9300217391,26321.1841304348,0.763564812363445,,5
mean_ensemble,GB,Deaths,2021-06-28,28.5894565217391,34.2927717391304,0.833687540313826,,5
mean_ensemble,PL,Cases,2021-06-28,85.4309347826087,111.57875,0.765655958528024,,5
mean_ensemble,PL,Deaths,2021-06-28,5.70410869565218,5.44548913043478,1.04749243989341,,5
mean_ensemble,CZ,Cases,2021-07-05,286.3435,337.438260869565,0.848580416643044,,5
mean_ensemble,CZ,Deaths,2021-07-05,4.26760869565217,4.56146739130435,0.93557803433773,,5
mean_ensemble,DE,Cases,2021-07-05,3596.35160869565,4029.78869565217,0.892441733378188,,5
mean_ensemble,DE,Deaths,2021-07-05,18.3304782608696,22.4128260869565,0.817856623245618,,5
mean_ensemble,FR,Cases,2021-07-05,36898.388826087,63389.0876086957,0.582093704422167,,5
mean_ensemble,FR,Deaths,2021-07-05,29.1449782608696,30.5835869565217,0.952961413659643,,5
mean_ensemble,GB,Cases,2021-07-05,159138.571,95610.5691304348,1.6644453897445,,5
mean_ensemble,GB,Deaths,2021-07-05,38.0471521739131,57.7308695652174,0.659043462543587,,5
mean_ensemble,PL,Cases,2021-07-05,150.165673913043,126.592065217391,1.18621711127921,,5
mean_ensemble,PL,Deaths,2021-07-05,4.28860869565217,4.92815217391304,0.870226515803172,,5
mean_ensemble,CZ,Cases,2021-07-12,712.606152173913,692.418369565217,1.02915546943298,,5
mean_ensemble,CZ,Deaths,2021-07-12,10.2394565217391,7.8466847826087,1.30494046918181,,5
mean_ensemble,DE,Cases,2021-07-12,2434.21915217391,3078.42918478261,0.790734171897416,,5
mean_ensemble,DE,Deaths,2021-07-12,22.949652173913,17.4077173913044,1.31836079699783,,5
mean_ensemble,FR,Cases,2021-07-12,35904.8791521739,31214.1509782609,1.1502756931361,,5
mean_ensemble,FR,Deaths,2021-07-12,61.0935,26.9430434782609,2.26750552695703,,5
mean_ensemble,GB,Cases,2021-07-12,123410.316304348,110810.593913043,1.1137050343868,,5
mean_ensemble,GB,Deaths,2021-07-12,64.456,60.6806521739131,1.06221666529336,,5
mean_ensemble,PL,Cases,2021-07-12,215.114152173913,198.436032608696,1.0840478382175,,5
mean_ensemble,PL,Deaths,2021-07-12,4.19678260869565,5.29875,0.792032575361293,,5
mean_ensemble,CZ,Cases,2021-07-19,628.974,532.10847826087,1.18204092905214,,5
mean_ensemble,CZ,Deaths,2021-07-19,8.5674347826087,8.52923913043478,1.00447820158279,,5
mean_ensemble,DE,Cases,2021-07-19,4958.69456521739,2607.75956521739,1.90151524371995,,5
mean_ensemble,DE,Deaths,2021-07-19,46.1357826086957,23.8509782608696,1.93433502408524,,5
mean_ensemble,FR,Cases,2021-07-19,39771.4447173913,27471.3414130435,1.44774309049604,,5
mean_ensemble,FR,Deaths,2021-07-19,98.6964347826087,79.0440217391304,1.24862617831286,,5
mean_ensemble,GB,Cases,2021-07-19,287424.258717391,225848.945543478,1.27263936533217,,5
mean_ensemble,GB,Deaths,2021-07-19,97.1112173913043,78.563152173913,1.23609115347526,,5
mean_ensemble,PL,Cases,2021-07-19,94.0948695652174,112.88875,0.833518570851546,,5
mean_ensemble,PL,Deaths,2021-07-19,13.3987173913044,7.04902173913044,1.90079104408567,,5
mean_ensemble,CZ,Cases,2021-07-26,228.483826086957,191.025760869565,1.1960890774463,,5
mean_ensemble,CZ,Deaths,2021-07-26,7.69145652173913,8.73864130434783,0.880166178455262,,5
mean_ensemble,DE,Cases,2021-07-26,2972.043,2592.4652173913,1.14641576676221,,5
mean_ensemble,DE,Deaths,2021-07-26,86.0754565217391,102.158260869565,0.842569712807068,,5
mean_ensemble,FR,Cases,2021-07-26,344012.615608696,232343.429347826,1.48062123630661,,5
mean_ensemble,FR,Deaths,2021-07-26,198.273673913043,370.298695652174,0.535442539336634,,5
mean_ensemble,GB,Cases,2021-07-26,35506.7814347826,39314.3890217391,0.903149770816708,,5
mean_ensemble,GB,Deaths,2021-07-26,53.8412173913044,54.4948913043478,0.988004858851946,,5
mean_ensemble,PL,Cases,2021-07-26,127.171913043478,150.603913043478,0.844413073163409,,5
mean_ensemble,PL,Deaths,2021-07-26,6.81189130434783,5.55646739130435,1.22593922084527,,5
mean_ensemble,CZ,Cases,2021-08-02,295.880326086957,148.727934782609,1.98940653966208,,5
mean_ensemble,CZ,Deaths,2021-08-02,7.11241304347826,7.15565217391304,0.993957345971564,,5
mean_ensemble,DE,Cases,2021-08-02,4067.83754347826,4832.54130434783,0.841759498220623,,5
mean_ensemble,DE,Deaths,2021-08-02,69.6293043478261,109.809456521739,0.63409205867476,,5
mean_ensemble,FR,Cases,2021-08-02,68037.0150652174,21971.7364130435,3.09656978338896,,5
mean_ensemble,FR,Deaths,2021-08-02,136.77547826087,70.4975,1.9401465053494,,5
mean_ensemble,GB,Cases,2021-08-02,35006.7418478261,40584.2334782609,0.862569989564485,,5
mean_ensemble,GB,Deaths,2021-08-02,253.765434782609,165.367282608696,1.53455647803736,,5
mean_ensemble,PL,Cases,2021-08-02,242.570652173913,151.385108695652,1.60234156624733,,5
mean_ensemble,PL,Deaths,2021-08-02,6.5705652173913,4.94445652173913,1.3288751126646,,5
mean_ensemble,CZ,Cases,2021-08-09,411.348760869565,160.41902173913,2.56421437065294,,5
mean_ensemble,CZ,Deaths,2021-08-09,2.66923913043478,2.74097826086957,0.973827180076932,,5
mean_ensemble,DE,Cases,2021-08-09,7176.44095652174,10201.9520652174,0.703438019571681,,5
mean_ensemble,DE,Deaths,2021-08-09,25.585652173913,59.4744565217391,0.430195644823773,,5
mean_ensemble,FR,Cases,2021-08-09,22109.1400652174,17281.2047282609,1.27937492859286,,5
mean_ensemble,FR,Deaths,2021-08-09,78.1924347826087,63.7803804347826,1.22596375640253,,5
mean_ensemble,GB,Cases,2021-08-09,27560.8026304348,17022.5809782609,1.61907308096416,,5
mean_ensemble,GB,Deaths,2021-08-09,205.700934782609,167.005489130435,1.23170163959073,,5
mean_ensemble,PL,Cases,2021-08-09,159.493326086957,174.535,0.913818581298631,,5
mean_ensemble,PL,Deaths,2021-08-09,4.95658695652174,7.3416847826087,0.675129361078416,,5
mean_ensemble,CZ,Cases,2021-08-16,375.480456521739,268.049130434783,1.40078968326702,,5
mean_ensemble,CZ,Deaths,2021-08-16,3.03460869565217,3.59434782608696,0.84427240837063,,5
mean_ensemble,DE,Cases,2021-08-16,7584.38369565217,6106.12510869565,1.24209438238521,,5
mean_ensemble,DE,Deaths,2021-08-16,42.2858695652174,27.1496739130435,1.55750929829408,,5
mean_ensemble,FR,Cases,2021-08-16,26024.5627391304,19917.1479891304,1.30664102879253,,5
mean_ensemble,FR,Deaths,2021-08-16,69.4559347826087,78.0733152173913,0.889624509849646,,5
mean_ensemble,GB,Cases,2021-08-16,24720.4312173913,16825.6944565217,1.4692071867387,,5
mean_ensemble,GB,Deaths,2021-08-16,187.779565217391,222.007173913044,0.845826564554808,,5
mean_ensemble,PL,Cases,2021-08-16,169.701413043478,208.383695652174,0.814369917532979,,5
mean_ensemble,PL,Deaths,2021-08-16,6.17826086956522,4.83048913043478,1.27901351244923,,5
mean_ensemble,CZ,Cases,2021-08-23,472.943260869565,446.721739130435,1.0586976621961,,5
mean_ensemble,CZ,Deaths,2021-08-23,3.10863043478261,2.92510869565217,1.06274014343577,,5
mean_ensemble,DE,Cases,2021-08-23,60384.1440434783,27438.1152173913,2.20073950287972,,5
mean_ensemble,DE,Deaths,2021-08-23,76.6614130434783,62.4788586956522,1.22699765398905,,5
mean_ensemble,FR,Cases,2021-08-23,31369.5354565217,20825.2663043478,1.50632097559168,,5
mean_ensemble,FR,Deaths,2021-08-23,148.999434782609,63.4608152173913,2.34789663940175,,5
mean_ensemble,GB,Cases,2021-08-23,17913.0502391304,18266.4993478261,0.98065041900118,,5
mean_ensemble,GB,Deaths,2021-08-23,128.378717391304,139.599782608696,0.919619751494568,,5
mean_ensemble,PL,Cases,2021-08-23,674.439891304348,474.557826086957,1.42119643640808,,5
mean_ensemble,PL,Deaths,2021-08-23,6.96141304347826,7.38347826086957,0.942836532799435,,5
mean_ensemble,CZ,Cases,2021-08-30,627.995043478261,609.3125,1.03066167767486,,5
mean_ensemble,CZ,Deaths,2021-08-30,4.3354347826087,4.07228260869565,1.06462031229147,,5
mean_ensemble,DE,Cases,2021-08-30,71997.7453913044,44869.5389673913,1.60460185346741,,5
mean_ensemble,DE,Deaths,2021-08-30,32.7247391304348,30.6541304347826,1.06754746150955,,5
mean_ensemble,FR,Cases,2021-08-30,23034.3688478261,16074.4796195652,1.43297757644295,,5
mean_ensemble,FR,Deaths,2021-08-30,134.068804347826,65.5710869565217,2.04463294068502,,5
mean_ensemble,GB,Cases,2021-08-30,19910.0315869565,15816.7819565217,1.25879155707442,,5
mean_ensemble,GB,Deaths,2021-08-30,72.9307608695652,125.536576086957,0.580952286121358,,5
mean_ensemble,PL,Cases,2021-08-30,818.007347826087,763.076956521739,1.07198538867525,,5
mean_ensemble,PL,Deaths,2021-08-30,16.4330434782609,16.166902173913,1.01646210891146,,5
mean_ensemble,CZ,Cases,2021-09-06,830.766869565218,726.521630434783,1.14348538951008,,5
mean_ensemble,CZ,Deaths,2021-09-06,4.67547826086957,4.66125,1.00305245607285,,5
mean_ensemble,DE,Cases,2021-09-06,35003.9009347826,29440.6620652174,1.18896446205053,,5
mean_ensemble,DE,Deaths,2021-09-06,47.4116086956522,34.6486956521739,1.36835190483361,,5
mean_ensemble,FR,Cases,2021-09-06,10254.6001521739,9260.86130434783,1.1073052295211,,5
mean_ensemble,FR,Deaths,2021-09-06,47.7150217391304,49.6246739130435,0.961518091237047,,5
mean_ensemble,GB,Cases,2021-09-06,51525.467,26468.5034782609,1.94667095713662,,5
mean_ensemble,GB,Deaths,2021-09-06,106.182347826087,104.317391304348,1.01787771433335,,5
mean_ensemble,PL,Cases,2021-09-06,431.406304347826,557.109347826087,0.774365581965604,,5
mean_ensemble,PL,Deaths,2021-09-06,7.73954347826087,9.75989130434783,0.792994843581205,,5
mean_ensemble,CZ,Cases,2021-09-13,1388.86923913044,509.433586956522,2.72630088531829,,5
mean_ensemble,CZ,Deaths,2021-09-13,4.70580434782609,5.07722826086957,0.926845141884587,,5
mean_ensemble,DE,Cases,2021-09-13,18147.4242608696,9392.32320652174,1.9321550016793,,5
mean_ensemble,DE,Deaths,2021-09-13,39.2899782608696,43.330652173913,0.90674790915157,,5
mean_ensemble,FR,Cases,2021-09-13,8133.38015217391,6362.61255434783,1.27830825509186,,5
mean_ensemble,FR,Deaths,2021-09-13,66.6318043478261,67.2540217391304,0.990748250064244,,5
mean_ensemble,GB,Cases,2021-09-13,16907.4672391304,21409.2316304348,0.789727886128115,,5
mean_ensemble,GB,Deaths,2021-09-13,154.857586956522,79.1276630434783,1.95706003438307,,5
mean_ensemble,PL,Cases,2021-09-13,676.859217391304,872.490760869565,0.77577809158313,,5
mean_ensemble,PL,Deaths,2021-09-13,10.6994347826087,11.2979347826087,0.947025716512252,,5
mean_ensemble,CZ,Cases,2021-09-20,589.087673913044,724.122663043478,0.813519178418081,,5
mean_ensemble,CZ,Deaths,2021-09-20,4.90486956521739,4.6304347826087,1.0592676056338,,5
mean_ensemble,DE,Cases,2021-09-20,4865.36117391304,4933.83336956522,0.986121907546665,,5
mean_ensemble,DE,Deaths,2021-09-20,34.1674347826087,43.6676630434783,0.782442484925046,,5
mean_ensemble,FR,Cases,2021-09-20,7845.56939130435,5717.40260869565,1.37222615377338,,5
mean_ensemble,FR,Deaths,2021-09-20,41.2139782608696,31.7951086956522,1.29623643231971,,5
mean_ensemble,GB,Cases,2021-09-20,39339.8136304348,36453.1843478261,1.07918730103426,,5
mean_ensemble,GB,Deaths,2021-09-20,127.712739130435,74.7102173913044,1.70944140694335,,5
mean_ensemble,PL,Cases,2021-09-20,919.5375,856.977282608696,1.07300102191842,,5
mean_ensemble,PL,Deaths,2021-09-20,14.3018043478261,15.1552173913043,0.943688498723355,,5
mean_ensemble,CZ,Cases,2021-09-27,3049.88576086957,3790.77576086957,0.804554516875446,,5
mean_ensemble,CZ,Deaths,2021-09-27,6.99017391304348,7.88130434782609,0.886931097258234,,5
mean_ensemble,DE,Cases,2021-09-27,13573.5027173913,11975.1623913043,1.13347128613868,,5
mean_ensemble,DE,Deaths,2021-09-27,40.2179782608696,36.3751086956522,1.10564558301036,,5
mean_ensemble,FR,Cases,2021-09-27,6813.76947826087,6505.03,1.04746165325308,,5
mean_ensemble,FR,Deaths,2021-09-27,36.4092391304348,26.6479347826087,1.36630622325737,,5
mean_ensemble,GB,Cases,2021-09-27,31126.9104782609,35650.1969565217,0.873120294853423,,5
mean_ensemble,GB,Deaths,2021-09-27,91.8871086956522,81.2608695652174,1.13076698769395,,5
mean_ensemble,PL,Cases,2021-09-27,2982.81108695652,4660.11798913044,0.640072009746068,,5
mean_ensemble,PL,Deaths,2021-09-27,34.3263913043478,33.2423913043478,1.03260896576529,,5
mean_ensemble,CZ,Cases,2021-10-04,6951.78167391305,6628.5547826087,1.04876280002277,,5
mean_ensemble,CZ,Deaths,2021-10-04,16.534,17.2595108695652,0.957964575297174,,5
mean_ensemble,DE,Cases,2021-10-04,21579.4913478261,15286.4033695652,1.41167878578883,,5
mean_ensemble,DE,Deaths,2021-10-04,79.3253043478261,54.2392391304348,1.46250769036535,,5
mean_ensemble,FR,Cases,2021-10-04,7320.26380434783,7206.2089673913,1.01582730080027,,5
mean_ensemble,FR,Deaths,2021-10-04,29.3627173913044,28.1897826086957,1.04160850755362,,5
mean_ensemble,GB,Cases,2021-10-04,40776.6690434783,59842.8130978261,0.681396260179479,,5
mean_ensemble,GB,Deaths,2021-10-04,169.01402173913,200.691630434783,0.842157798872703,,5
mean_ensemble,PL,Cases,2021-10-04,8223.78573913044,6469.36782608696,1.27118846233615,,5
mean_ensemble,PL,Deaths,2021-10-04,37.7169130434783,48.1332608695652,0.783593555933933,,5
mean_ensemble,CZ,Cases,2021-10-11,15189.4761521739,13983.4866304348,1.08624383557634,,5
mean_ensemble,CZ,Deaths,2021-10-11,48.7990652173913,58.1027717391304,0.839874996609269,,5
mean_ensemble,DE,Cases,2021-10-11,29350.1602608696,30576.7833695652,0.959883840825567,,5
mean_ensemble,DE,Deaths,2021-10-11,119.42547826087,87.1671195652174,1.37007484997272,,5
mean_ensemble,FR,Cases,2021-10-11,11830.666826087,11915.098423913,0.992913898415087,,5
mean_ensemble,FR,Deaths,2021-10-11,33.4942608695652,33.3976086956522,1.00289398485963,,5
mean_ensemble,GB,Cases,2021-10-11,26160.4591521739,24303.7488043478,1.07639604748935,,5
mean_ensemble,GB,Deaths,2021-10-11,172.895195652174,207.541739130435,0.833062286056655,,5
mean_ensemble,PL,Cases,2021-10-11,7274.28663043478,12438.2626086957,0.584831407671783,,5
mean_ensemble,PL,Deaths,2021-10-11,50.1002391304348,50.0216304347826,1.00157149407104,,5
mean_ensemble,CZ,Cases,2021-10-18,12002.3986304348,13532.7582608696,0.886914433781037,,5
mean_ensemble,CZ,Deaths,2021-10-18,100.723673913043,97.5654347826087,1.0323704715453,,5
mean_ensemble,DE,Cases,2021-10-18,55802.9636086957,55266.4732608696,1.00970733821378,,5
mean_ensemble,DE,Deaths,2021-10-18,179.681608695652,151.710652173913,1.18437041909012,,5
mean_ensemble,FR,Cases,2021-10-18,9696.59819565217,7986.25733695652,1.21416049928432,,5
mean_ensemble,FR,Deaths,2021-10-18,32.8833913043478,32.159347826087,1.02251424631421,,5
mean_ensemble,GB,Cases,2021-10-18,35464.3450434783,34912.1221739131,1.01581751080081,,5
mean_ensemble,GB,Deaths,2021-10-18,147.463673913044,138.561195652174,1.06424943303187,,5
mean_ensemble,PL,Cases,2021-10-18,10938.3920434783,14817.1605434783,0.738224574902968,,5
mean_ensemble,PL,Deaths,2021-10-18,50.600347826087,66.3151086956522,0.763028951039094,,5
mean_ensemble,CZ,Cases,2021-10-25,5626.17541304348,10860.6039130435,0.518035226962517,,5
mean_ensemble,CZ,Deaths,2021-10-25,75.2909347826087,128.692717391304,0.585044253542944,,5
mean_ensemble,DE,Cases,2021-10-25,18454.2979782609,32965.7807065217,0.559801636204235,,5
mean_ensemble,DE,Deaths,2021-10-25,70.9860217391304,121.45652173913,0.584456237694648,,5
mean_ensemble,FR,Cases,2021-10-25,13699.4242826087,12669.6185869565,1.08128150729907,,5
mean_ensemble,FR,Deaths,2021-10-25,43.6989565217391,43.3024456521739,1.0091567777199,,5
mean_ensemble,GB,Cases,2021-10-25,64052.5492826087,61728.8575,1.03764352487179,,5
mean_ensemble,GB,Deaths,2021-10-25,112.665934782609,127.128097826087,0.886239444381032,,5
mean_ensemble,PL,Cases,2021-10-25,24041.46,7546.22782608696,3.18589109076323,,5
mean_ensemble,PL,Deaths,2021-10-25,87.5485434782609,111.422826086957,0.785732569823138,,5
mean_ensemble,CZ,Cases,2021-11-01,9038.85047826087,5803.44701086957,1.55749685683897,,5
mean_ensemble,CZ,Deaths,2021-11-01,65.6755,94.6821739130435,0.693641656985154,,5
mean_ensemble,DE,Cases,2021-11-01,27591.0361956522,28177.1170108696,0.979200114227751,,5
mean_ensemble,DE,Deaths,2021-11-01,184.729891304348,82.0348913043478,2.25184538392333,,5
mean_ensemble,FR,Cases,2021-11-01,39462.5130217391,42042.4265217391,0.93863547579334,,5
mean_ensemble,FR,Deaths,2021-11-01,62.4879130434783,63.9125,0.977710354679887,,5
mean_ensemble,GB,Cases,2021-11-01,24417.2882608696,22283.4444565217,1.09575915467249,,5
mean_ensemble,GB,Deaths,2021-11-01,176.188282608696,105.064782608696,1.67694900454792,,5
mean_ensemble,PL,Cases,2021-11-01,19355.4426086957,5848.39168478261,3.30953254363214,,5
mean_ensemble,PL,Deaths,2021-11-01,242.627760869565,146.40097826087,1.65728237441987,,5
mean_ensemble,CZ,Cases,2021-11-08,27412.8616956522,20957.8892391304,1.30799725978462,,5
mean_ensemble,CZ,Deaths,2021-11-08,140.288413043478,126.351304347826,1.11030443071079,,5
mean_ensemble,DE,Cases,2021-11-08,24051.3001304348,55359.6719565217,0.434455250192308,,5
mean_ensemble,DE,Deaths,2021-11-08,152.662543478261,93.2020108695652,1.63797478245303,,5
mean_ensemble,FR,Cases,2021-11-08,80264.0707826087,74220.7824456522,1.08142312891112,,5
mean_ensemble,FR,Deaths,2021-11-08,83.6106956521739,78.8205434782609,1.06077288943376,,5
mean_ensemble,GB,Cases,2021-11-08,31984.5935652174,31999.764673913,0.999525899366753,,5
mean_ensemble,GB,Deaths,2021-11-08,168.279847826087,91.0375,1.84846736593258,,5
mean_ensemble,PL,Cases,2021-11-08,31812.5501521739,26051.5427173913,1.22113882073236,,5
mean_ensemble,PL,Deaths,2021-11-08,145.214195652174,162.883695652174,0.891520757008535,,5
mean_ensemble,CZ,Cases,2021-11-15,29003.4118043478,21340.8614130435,1.35905534659538,,5
mean_ensemble,CZ,Deaths,2021-11-15,283.789347826087,202.371576086957,1.40231821737726,,5
mean_ensemble,DE,Cases,2021-11-15,111314.334065217,47485.2813043478,2.34418605107906,,5
mean_ensemble,DE,Deaths,2021-11-15,542.950086956522,246.956847826087,2.19856258992616,,5
mean_ensemble,FR,Cases,2021-11-15,78837.7223913043,87639.5603804348,0.899567752839899,,5
mean_ensemble,FR,Deaths,2021-11-15,126.767695652174,171.51847826087,0.739090603750388,,5
mean_ensemble,GB,Cases,2021-11-15,51837.1865434783,39697.0048369565,1.30582110051839,,5
mean_ensemble,GB,Deaths,2021-11-15,121.788260869565,75.0054347826087,1.62372581696979,,5
mean_ensemble,PL,Cases,2021-11-15,26315.5751304348,26587.3404347826,0.989778394532749,,5
mean_ensemble,PL,Deaths,2021-11-15,223.828217391304,171.578913043478,1.30452054638314,,5
mean_ensemble,CZ,Cases,2021-11-22,37844.4156521739,38063.025,0.994256648077075,,5
mean_ensemble,CZ,Deaths,2021-11-22,243.255913043478,232.973369565217,1.04413613237191,,5
mean_ensemble,DE,Cases,2021-11-22,165842.438847826,117190.0375,1.4151581686099,,5
mean_ensemble,DE,Deaths,2021-11-22,386.388826086957,241.258260869565,1.60155687392547,,5
mean_ensemble,FR,Cases,2021-11-22,38156.0708913044,67023.5869565217,0.56929317907226,,5
mean_ensemble,FR,Deaths,2021-11-22,89.4371521739131,134.188913043478,0.666501800673612,,5
mean_ensemble,GB,Cases,2021-11-22,38898.643326087,38978.5127173913,0.997950937946672,,5
mean_ensemble,GB,Deaths,2021-11-22,81.5715434782609,81.2486956521739,1.00397357549553,,5
mean_ensemble,PL,Cases,2021-11-22,23293.9054565217,33260.4215217391,0.700349075290485,,5
mean_ensemble,PL,Deaths,2021-11-22,990.137717391304,814.002010869565,1.21638239730339,,5
mean_ensemble,CZ,Cases,2021-11-29,81315.8190434783,81540.1948369565,0.997248279895248,,5
mean_ensemble,CZ,Deaths,2021-11-29,416.947347826087,425.551739130435,0.979780622394048,,5
mean_ensemble,DE,Cases,2021-11-29,147629.489130435,145713.154836957,1.0131514158459,,5
mean_ensemble,DE,Deaths,2021-11-29,345.239304347826,251.013804347826,1.37537975349528,,5
mean_ensemble,FR,Cases,2021-11-29,35918.4774130435,46062.2334782609,0.77978149778593,,5
mean_ensemble,FR,Deaths,2021-11-29,106.884847826087,93.5488043478261,1.14255707030392,,5
mean_ensemble,GB,Cases,2021-11-29,133082.466630435,109044.942065217,1.22043685942665,,5
mean_ensemble,GB,Deaths,2021-11-29,69.3418695652174,69.1297826086957,1.00306795347126,,5
mean_ensemble,PL,Cases,2021-11-29,43254.5893478261,43320.7041304348,0.99847382945555,,5
mean_ensemble,PL,Deaths,2021-11-29,836.188543478261,636.545652173913,1.31363483612296,,5
mean_ensemble,CZ,Cases,2021-12-06,36956.5290869565,24703.5763043478,1.49599914731586,,5
mean_ensemble,CZ,Deaths,2021-12-06,133.466326086957,125.559891304348,1.06296942997063,,5
mean_ensemble,DE,Cases,2021-12-06,52593.5010652174,61549.5110869565,0.854490964045414,,5
mean_ensemble,DE,Deaths,2021-12-06,197.766847826087,183.082065217391,1.08020874459363,,5
mean_ensemble,FR,Cases,2021-12-06,82945.0192826087,116884.642282609,0.709631459384208,,5
mean_ensemble,FR,Deaths,2021-12-06,333.770130434783,249.877282608696,1.33573619398392,,5
mean_ensemble,GB,Cases,2021-12-06,266500.920565217,290927.458369565,0.91603907743449,,5
mean_ensemble,GB,Deaths,2021-12-06,106.395391304348,72.455,1.46843408052374,,5
mean_ensemble,PL,Cases,2021-12-06,12156.8138913043,21351.0627717391,0.569377460095122,,5
mean_ensemble,PL,Deaths,2021-12-06,184.908826086957,206.756847826087,0.894329876041117,,5
mean_ensemble,CZ,Cases,2021-12-13,10074.4724782609,9186.78076086957,1.0966270710598,,5
mean_ensemble,CZ,Deaths,2021-12-13,71.3739130434783,74.8716304347826,0.953283808954166,,5
mean_ensemble,DE,Cases,2021-12-13,34647.1024565217,35019.2485869565,0.989373097783332,,5
mean_ensemble,DE,Deaths,2021-12-13,289.864586956522,210.22097826087,1.37885661723456,,5
mean_ensemble,FR,Cases,2021-12-13,349383.598673913,376920.359945652,0.926942759802868,,5
mean_ensemble,FR,Deaths,2021-12-13,155.049695652174,129.078315217391,1.20120637917409,,5
mean_ensemble,GB,Cases,2021-12-13,425941.113717391,440296.680054348,0.96739569706684,,5
mean_ensemble,GB,Deaths,2021-12-13,124.593217391304,95.5620652173913,1.30379368746239,,5
mean_ensemble,PL,Cases,2021-12-13,10153.5164130435,14333.3019565217,0.708386416740741,,5
mean_ensemble,PL,Deaths,2021-12-13,195.348434782609,178.783804347826,1.09265173931838,,5
mean_ensemble,CZ,Cases,2021-12-20,19688.1122608696,10098.4534782609,1.94961657280023,,5
mean_ensemble,CZ,Deaths,2021-12-20,54.8572173913044,54.6176086956522,1.00438702281873,,5
mean_ensemble,DE,Cases,2021-12-20,84969.1913478261,82775.1929891305,1.02650550580998,,5
mean_ensemble,DE,Deaths,2021-12-20,190.101239130435,138.626956521739,1.37131510277818,,5
mean_ensemble,FR,Cases,2021-12-20,800825.79276087,810938.149130435,0.987530052223578,,5
mean_ensemble,FR,Deaths,2021-12-20,123.71647826087,81.0241304347826,1.52690905285865,,5
mean_ensemble,GB,Cases,2021-12-20,171747.257586957,239886.714565217,0.715951518608439,,5
mean_ensemble,GB,Deaths,2021-12-20,188.356326086957,192.341630434783,0.979280074007809,,5
mean_ensemble,PL,Cases,2021-12-20,8888.29423913043,12693.9239673913,0.700200683568223,,5
mean_ensemble,PL,Deaths,2021-12-20,259.816130434783,264.400760869565,0.982660297876206,,5
mean_ensemble,CZ,Cases,2021-12-27,25756.7072391304,57383.4991304348,0.448852154877912,,5
mean_ensemble,CZ,Deaths,2021-12-27,42.0222826086957,35.4354347826087,1.18588308190647,,5
mean_ensemble,DE,Cases,2021-12-27,90421.264173913,250160.288043478,0.361453310120101,,5
mean_ensemble,DE,Deaths,2021-12-27,187.047413043478,228.866413043478,0.817277688569989,,5
mean_ensemble,FR,Cases,2021-12-27,1048501.37391304,1002695.33173913,1.04568291157242,,5
mean_ensemble,FR,Deaths,2021-12-27,104.11797826087,113.833315217391,0.914652956052733,,5
mean_ensemble,GB,Cases,2021-12-27,189240.855869565,230156.500054348,0.822226857920063,,5
mean_ensemble,GB,Deaths,2021-12-27,420.57647826087,482.834021739131,0.871058084817607,,5
mean_ensemble,PL,Cases,2021-12-27,52051.8438478261,46505.1748913044,1.11926993005587,,5
mean_ensemble,PL,Deaths,2021-12-27,276.595586956522,275.064293478261,1.00556703837818,,5
mean_ensemble,CZ,Cases,2022-01-03,93734.3776304348,113099.24576087,0.828779864974708,,5
mean_ensemble,CZ,Deaths,2022-01-03,76.7106956521739,74.4088586956522,1.03093498538846,,5
mean_ensemble,DE,Cases,2022-01-03,252900.561282609,352812.420326087,0.716813090221896,,5
mean_ensemble,DE,Deaths,2022-01-03,329.842804347826,201.471195652174,1.63717102725333,,5
mean_ensemble,FR,Cases,2022-01-03,1229645.29798913,408216.496195652,3.01223813699038,,5
mean_ensemble,FR,Deaths,2022-01-03,1164.93341304348,188.845326086957,6.16871720990896,,5
mean_ensemble,GB,Cases,2022-01-03,1475007.18918478,426131.062989131,3.4613932597127,,5
mean_ensemble,GB,Deaths,2022-01-03,509.216869565217,223.88,2.27450808274619,,5
mean_ensemble,PL,Cases,2022-01-03,32825.633826087,104237.08576087,0.314913196071044,,5
mean_ensemble,PL,Deaths,2022-01-03,224.185586956522,238.311195652174,0.940726206097891,,5
mean_ensemble,CZ,Cases,2022-01-10,130511.973217391,163614.054782609,0.797681919140751,,5
mean_ensemble,CZ,Deaths,2022-01-10,53.7277608695652,44.6,1.2046583154611,,5
mean_ensemble,DE,Cases,2022-01-10,90098.5156521739,119748.737391304,0.752396372729659,,5
mean_ensemble,DE,Deaths,2022-01-10,1030.30256521739,483.949673913043,2.12894567504661,,5
mean_ensemble,FR,Cases,2022-01-10,782668.663125,498566.48298913,1.56983810550711,,5
mean_ensemble,FR,Deaths,2022-01-10,837.540695652174,369.060543478261,2.26938563455919,,5
mean_ensemble,GB,Cases,2022-01-10,415223.608016304,473578.821141304,0.876778245732428,,5
mean_ensemble,GB,Deaths,2022-01-10,386.326108695652,319.864673913043,1.20777985255313,,5
mean_ensemble,PL,Cases,2022-01-10,49024.8100434783,121570.86326087,0.403261182231467,,5
mean_ensemble,PL,Deaths,2022-01-10,278.363065217391,385.558206521739,0.72197416760651,,5
mean_ensemble,CZ,Cases,2022-01-17,107890.515782609,120635.819402174,0.894348928181313,,5
mean_ensemble,CZ,Deaths,2022-01-17,46.5406304347826,47.570597826087,0.978348655716504,,5
mean_ensemble,DE,Cases,2022-01-17,101526.850934783,119823.167391304,0.847305685078648,,5
mean_ensemble,DE,Deaths,2022-01-17,588.961021739131,382.152391304348,1.54116796110816,,5
mean_ensemble,FR,Cases,2022-01-17,314038.180461957,451676.080434783,0.695272993335542,,5
mean_ensemble,FR,Deaths,2022-01-17,387.828434782609,290.366956521739,1.3356493432598,,5
mean_ensemble,GB,Cases,2022-01-17,178411.357934783,197403.952282609,0.903788175828234,,5
mean_ensemble,GB,Deaths,2022-01-17,1016.76010869565,968.249565217391,1.05010128093099,,5
mean_ensemble,PL,Cases,2022-01-17,78305.1935652174,83801.8510869565,0.934408877006362,,5
mean_ensemble,PL,Deaths,2022-01-17,324.415630434783,543.896195652174,0.596466077586336,,5
mean_ensemble,CZ,Cases,2022-01-24,138181.239717391,68262.2880978261,2.02426908865646,,5
mean_ensemble,CZ,Deaths,2022-01-24,87.6313043478261,75.3805434782609,1.16251887163825,,5
mean_ensemble,DE,Cases,2022-01-24,399609.717847826,85788.7776086957,4.65806518039629,,5
mean_ensemble,DE,Deaths,2022-01-24,149.017456521739,286.693695652174,0.519779328187711,,5
mean_ensemble,FR,Cases,2022-01-24,690096.285271739,910032.602065217,0.758320398308415,,5
mean_ensemble,FR,Deaths,2022-01-24,436.916586956522,284.55875,1.53541785995518,,5
mean_ensemble,GB,Cases,2022-01-24,217558.022445652,215826.097608696,1.00802463120144,,5
mean_ensemble,GB,Deaths,2022-01-24,663.601717391304,600.781195652174,1.10456472704832,,5
mean_ensemble,PL,Cases,2022-01-24,231526.441695652,136919.59326087,1.69096647296147,,5
mean_ensemble,PL,Deaths,2022-01-24,3316.92413043478,567.319402173913,5.84666083642592,,5
mean_ensemble,CZ,Cases,2022-01-31,149505.292934783,142710.75173913,1.04761057672846,,5
mean_ensemble,CZ,Deaths,2022-01-31,94.3558695652174,175.424619565217,0.537871307910341,,5
mean_ensemble,DE,Cases,2022-01-31,409363.178565217,212440.150217391,1.92695767794512,,5
mean_ensemble,DE,Deaths,2022-01-31,123.142804347826,167.917717391304,0.733352062313128,,5
mean_ensemble,FR,Cases,2022-01-31,669070.168804348,785885.062173913,0.851358806787303,,5
mean_ensemble,FR,Deaths,2022-01-31,383.363956521739,240.846793478261,1.59173369504021,,5
mean_ensemble,GB,Cases,2022-01-31,232978.081929348,221245.188369565,1.05303118068351,,5
mean_ensemble,GB,Deaths,2022-01-31,482.464065217391,447.875326086957,1.07722849890534,,5
mean_ensemble,PL,Cases,2022-01-31,280760.705782609,197814.242173913,1.41931492240974,,5
mean_ensemble,PL,Deaths,2022-01-31,1596.53365217391,500.316032608696,3.19105035241312,,5
mean_ensemble,CZ,Cases,2022-02-07,67984.3907173913,64345.94625,1.05654504563901,,5
mean_ensemble,CZ,Deaths,2022-02-07,49.4159347826087,43.5443478260869,1.1348415408579,,5
mean_ensemble,DE,Cases,2022-02-07,464656.047152174,233892.076195652,1.98662586056779,,5
mean_ensemble,DE,Deaths,2022-02-07,179.815304347826,149.720869565217,1.20100360671162,,5
mean_ensemble,FR,Cases,2022-02-07,296365.846152174,336326.47826087,0.88118499526017,,5
mean_ensemble,FR,Deaths,2022-02-07,322.986586956522,202.886793478261,1.59195471237574,,5
mean_ensemble,GB,Cases,2022-02-07,257443.633342391,204775.503586957,1.25719936629564,,5
mean_ensemble,GB,Deaths,2022-02-07,1201.38144021739,1293.00298913044,0.929140497212106,,5
mean_ensemble,PL,Cases,2022-02-07,44697.9269130435,120275.29423913,0.371630160589551,,5
mean_ensemble,PL,Deaths,2022-02-07,298.023673913043,126.244891304348,2.36067908042771,,5
mean_ensemble,CZ,Cases,2022-02-14,13715.4971086957,10019.8354347826,1.36883456798941,,5
mean_ensemble,CZ,Deaths,2022-02-14,63.9194347826087,42.5658152173913,1.50166123815932,,5
mean_ensemble,DE,Cases,2022-02-14,154624.940217391,103214.074565217,1.49809937131868,,5
mean_ensemble,DE,Deaths,2022-02-14,125.338826086957,96.9526086956522,1.29278446215318,,5
mean_ensemble,FR,Cases,2022-02-14,76897.2322826087,73456.9247826087,1.04683435237973,,5
mean_ensemble,FR,Deaths,2022-02-14,398.28547826087,377.385,1.05538237677934,,5
mean_ensemble,GB,Cases,2022-02-14,164612.016032609,103687.715652174,1.58757491181317,,5
mean_ensemble,GB,Deaths,2022-02-14,204.034864130435,215.018206521739,0.948919012166563,,5
mean_ensemble,PL,Cases,2022-02-14,8673.42610869565,10851.3276086957,0.799296309305531,,5
mean_ensemble,PL,Deaths,2022-02-14,320.070152173913,117.380326086957,2.7267785228063,,5
mean_ensemble,CZ,Cases,2022-02-21,11233.4537826087,10100.8373913043,1.11213093998319,,5
mean_ensemble,CZ,Deaths,2022-02-21,60.3284130434783,52.61625,1.14657378744168,,5
mean_ensemble,DE,Cases,2022-02-21,156332.343413044,143345.581032609,1.09059757745501,,5
mean_ensemble,DE,Deaths,2022-02-21,132.273065217391,136.923043478261,0.966039476316433,,5
mean_ensemble,FR,Cases,2022-02-21,137033.189347826,171491.482228261,0.799067029844843,,5
mean_ensemble,FR,Deaths,2022-02-21,166.224760869565,169.796304347826,0.978965717234077,,5
mean_ensemble,GB,Cases,2022-02-21,111237.711711957,104064.690434783,1.06892848330404,,5
mean_ensemble,GB,Deaths,2022-02-21,154.608297101449,167.149184782609,0.924971888451207,,5
mean_ensemble,PL,Cases,2022-02-21,10820.2666521739,9090.82054347826,1.19024092494449,,5
mean_ensemble,PL,Deaths,2022-02-21,199.309282608696,114.923804347826,1.7342732755824,,5
mean_ensemble,CZ,Cases,2022-02-28,17869.0815434783,18567.9911956522,0.962359436472721,,5
mean_ensemble,CZ,Deaths,2022-02-28,34.2728260869565,42.4278260869565,0.807791236268241,,5
mean_ensemble,DE,Cases,2022-02-28,288082.270717391,260271.143586957,1.10685443936332,,5
mean_ensemble,DE,Deaths,2022-02-28,110.282065217391,140.178152173913,0.786727913780523,,5
mean_ensemble,FR,Cases,2022-02-28,239052.426440217,248573.482717391,0.961697216561114,,5
mean_ensemble,FR,Deaths,2022-02-28,1033.72202898551,280.44652173913,3.68598627137572,,5
mean_ensemble,GB,Cases,2022-02-28,251476.155733696,277790.789239131,0.905271756570797,,5
mean_ensemble,GB,Deaths,2022-02-28,377.988315217391,418.795869565217,0.902559797473191,,5
mean_ensemble,PL,Cases,2022-02-28,13432.7655217391,10661.3838043478,1.25994577892047,,5
mean_ensemble,PL,Deaths,2022-02-28,112.899152173913,103.000217391304,1.09610596009717,,5
mean_ensemble,CZ,Cases,2022-03-07,14921.144673913,16127.6155434783,0.925192235249364,,5
mean_ensemble,CZ,Deaths,2022-03-07,27.7641304347826,36.2782608695652,0.765310402684564,,5
mean_ensemble,DE,Cases,2022-03-07,192843.680913044,207524.574891304,0.929257082030163,,5
mean_ensemble,DE,Deaths,2022-03-07,86.5193695652174,137.937173913043,0.627237510460812,,5
mean_ensemble,FR,Cases,2022-03-07,313461.447695652,311058.151847826,1.00772619471166,,5
mean_ensemble,FR,Deaths,2022-03-07,153.737255434783,155.894836956522,0.986160019383189,,5
mean_ensemble,GB,Cases,2022-03-07,212086.193831522,215627.591630435,0.983576323548692,,5
mean_ensemble,GB,Deaths,2022-03-07,287.898586956522,443.039891304348,0.649825427929127,,5
mean_ensemble,PL,Cases,2022-03-07,9575.73160869565,6602.26369565218,1.45037097124758,,5
mean_ensemble,PL,Deaths,2022-03-07,82.9451739130435,84.9841304347826,0.976007796852098,,5
mean_ensemble,Average,Cases,2021-04-12,20877.8921673913,17856.4232934783,1.16920907531446,average,5
mean_ensemble,Average,Deaths,2021-04-12,176.199880434783,131.012119565217,1.34491282958804,average,5
mean_ensemble,Average,Cases,2021-04-19,24693.5321304348,20866.5203913043,1.18340440415381,average,5
mean_ensemble,Average,Deaths,2021-04-19,201.095773913044,156.748369565217,1.28292099286797,average,5
mean_ensemble,Average,Cases,2021-04-26,40036.1468652174,35900.9699673913,1.11518287393299,average,5
mean_ensemble,Average,Deaths,2021-04-26,168.115308695652,120.962043478261,1.38981868908213,average,5
mean_ensemble,Average,Cases,2021-05-03,28592.0582,26565.4370108696,1.07628789198165,average,5
mean_ensemble,Average,Deaths,2021-05-03,89.9409,92.4805652173913,0.972538389969596,average,5
mean_ensemble,Average,Cases,2021-05-10,25471.9692565217,24773.0021956522,1.02821487098533,average,5
mean_ensemble,Average,Deaths,2021-05-10,71.9605260869565,70.1663152173913,1.02557082930757,average,5
mean_ensemble,Average,Cases,2021-05-17,21747.7022478261,22317.2965326087,0.974477451426505,average,5
mean_ensemble,Average,Deaths,2021-05-17,59.9377695652174,53.3482065217391,1.12351986079969,average,5
mean_ensemble,Average,Cases,2021-05-24,7374.26710869565,8095.34863043478,0.910926440026536,average,5
mean_ensemble,Average,Deaths,2021-05-24,66.3141043478261,54.2505760869565,1.22236682319342,average,5
mean_ensemble,Average,Cases,2021-05-31,4912.54191304348,4847.48313043478,1.01342114678032,average,5
mean_ensemble,Average,Deaths,2021-05-31,33.2946043478261,33.6620434782609,0.989084467475301,average,5
mean_ensemble,Average,Cases,2021-06-07,5531.04524347826,5826.79858695652,0.949242566211176,average,5
mean_ensemble,Average,Deaths,2021-06-07,35.5324434782609,31.7766086956522,1.11819495335645,average,5
mean_ensemble,Average,Cases,2021-06-14,6018.88764782609,4893.23969565217,1.23004144946631,average,5
mean_ensemble,Average,Deaths,2021-06-14,26.4359652173913,25.4189239130435,1.04001118646199,average,5
mean_ensemble,Average,Cases,2021-06-21,15632.678726087,15340.0707173913,1.01907474965966,average,5
mean_ensemble,Average,Deaths,2021-06-21,18.5623608695652,22.3778043478261,0.829498756046121,average,5
mean_ensemble,Average,Cases,2021-06-28,12980.1256,14223.1756413043,0.91260390276736,average,5
mean_ensemble,Average,Deaths,2021-06-28,16.8138739130435,19.5808043478261,0.858691686734013,average,5
mean_ensemble,Average,Cases,2021-07-05,40013.9641217391,32698.6951521739,1.22371745831206,average,5
mean_ensemble,Average,Deaths,2021-07-05,18.8157652173913,24.0433804347826,0.782575697640723,average,5
mean_ensemble,Average,Cases,2021-07-12,32535.4269826087,29198.8056956522,1.11427252613463,average,5
mean_ensemble,Average,Deaths,2021-07-12,32.5870782608696,23.6353695652174,1.37874206582434,average,5
mean_ensemble,Average,Cases,2021-07-19,66575.493373913,51314.60875,1.29739844063243,average,5
mean_ensemble,Average,Deaths,2021-07-19,52.7819173913044,39.4072826086957,1.33939500257898,average,5
mean_ensemble,Average,Cases,2021-07-26,76569.4191565217,54918.3826521739,1.3942402426793,average,5
mean_ensemble,Average,Deaths,2021-07-26,70.5387391304348,108.249391304348,0.651631739268742,average,5
mean_ensemble,Average,Cases,2021-08-02,21530.0090869565,13537.7248478261,1.59037130160123,average,5
mean_ensemble,Average,Deaths,2021-08-02,94.7706391304348,71.5548695652174,1.32444709502346,average,5
mean_ensemble,Average,Cases,2021-08-09,11483.4451478261,8968.13835869565,1.28047145221523,average,5
mean_ensemble,Average,Deaths,2021-08-09,63.4209695652174,60.068597826087,1.0558090559869,average,5
mean_ensemble,Average,Cases,2021-08-16,11774.9119043478,8665.08007608696,1.35889245118958,average,5
mean_ensemble,Average,Deaths,2021-08-16,61.746847826087,67.131,0.919796335911679,average,5
mean_ensemble,Average,Cases,2021-08-23,22162.8225782609,13490.2320869565,1.64287926518994,average,5
mean_ensemble,Average,Deaths,2021-08-23,72.8219217391305,55.1696086956522,1.31996444167039,average,5
mean_ensemble,Average,Cases,2021-08-30,23277.6296434783,15626.638,1.48961213816294,average,5
mean_ensemble,Average,Deaths,2021-08-30,52.0985565217391,48.4001956521739,1.07641210577212,average,5
mean_ensemble,Average,Cases,2021-09-06,19609.2282521739,13290.7315652174,1.47540623749353,average,5
mean_ensemble,Average,Deaths,2021-09-06,42.7448,40.6023804347826,1.05276586107208,average,5
mean_ensemble,Average,Cases,2021-09-13,9050.80002173913,7709.21834782609,1.17402304791268,average,5
mean_ensemble,Average,Deaths,2021-09-13,55.2369217391304,41.2175,1.34013275281447,average,5
mean_ensemble,Average,Cases,2021-09-20,10711.873873913,9737.10405434783,1.1001088017674,average,5
mean_ensemble,Average,Deaths,2021-09-20,44.4601652173913,33.9917282608696,1.30797012956157,average,5
mean_ensemble,Average,Cases,2021-09-27,11509.3759043478,12516.2566195652,0.919554164969464,average,5
mean_ensemble,Average,Deaths,2021-09-27,41.9661782608696,37.0815217391304,1.13172750989301,average,5
mean_ensemble,Average,Cases,2021-10-04,16970.3983217391,19086.6696086957,0.88912307226231,average,5
mean_ensemble,Average,Deaths,2021-10-04,66.3905913043478,69.7026847826087,0.952482555175733,average,5
mean_ensemble,Average,Cases,2021-10-11,17961.0098043478,18643.4759673913,0.963393834699218,average,5
mean_ensemble,Average,Deaths,2021-10-11,84.942847826087,87.2461739130435,0.973599689434494,average,5
mean_ensemble,Average,Cases,2021-10-18,24780.9395043478,25302.9543152174,0.979369412584537,average,5
mean_ensemble,Average,Deaths,2021-10-18,102.270539130435,97.262347826087,1.05149157321704,average,5
mean_ensemble,Average,Cases,2021-10-25,25174.7813913044,25154.2177065217,1.00081750444488,average,5
mean_ensemble,Average,Deaths,2021-10-25,78.0380782608696,106.40052173913,0.73343698870388,average,5
mean_ensemble,Average,Cases,2021-11-01,23973.0261130435,20830.9653369565,1.15083606185608,average,5
mean_ensemble,Average,Deaths,2021-11-01,146.341869565217,98.4190652173913,1.48692602639512,average,5
mean_ensemble,Average,Cases,2021-11-08,39105.0752652174,41717.9302065217,0.937368538458893,average,5
mean_ensemble,Average,Deaths,2021-11-08,138.011139130435,110.459010869565,1.24943305253208,average,5
mean_ensemble,Average,Cases,2021-11-15,59461.6459869565,44550.009673913,1.33471679180746,average,5
mean_ensemble,Average,Deaths,2021-11-15,259.82472173913,173.48625,1.49766751969756,average,5
mean_ensemble,Average,Cases,2021-11-22,60807.0948347826,58903.1167391304,1.03232389389656,average,5
mean_ensemble,Average,Deaths,2021-11-22,358.158230434783,300.73425,1.19094592795727,average,5
mean_ensemble,Average,Cases,2021-11-29,88240.1683130435,85136.2458695652,1.03645829589707,average,5
mean_ensemble,Average,Deaths,2021-11-29,354.920382608696,295.157956521739,1.20247608023589,average,5
mean_ensemble,Average,Cases,2021-12-06,90230.5567782609,103083.250163043,0.875317344336215,average,5
mean_ensemble,Average,Deaths,2021-12-06,191.261504347826,167.546217391304,1.14154474703022,average,5
mean_ensemble,Average,Cases,2021-12-13,166039.960747826,175151.27426087,0.94798031843335,average,5
mean_ensemble,Average,Deaths,2021-12-13,167.245969565217,137.703358695652,1.21453805592977,average,5
mean_ensemble,Average,Cases,2021-12-20,217223.72963913,231278.486826087,0.939230157634483,average,5
mean_ensemble,Average,Deaths,2021-12-20,163.36947826087,146.202217391304,1.11742134405265,average,5
mean_ensemble,Average,Cases,2021-12-27,281194.409008696,317380.158771739,0.885986099751534,average,5
mean_ensemble,Average,Deaths,2021-12-27,206.071947826087,227.206695652174,0.906980083639605,average,5
mean_ensemble,Average,Cases,2022-01-03,616822.611982609,280899.262206522,2.19588548270771,average,5
mean_ensemble,Average,Deaths,2022-01-03,460.977873913044,185.383315217391,2.48662007890232,average,5
mean_ensemble,Average,Cases,2022-01-10,293505.51401087,275415.791913044,1.06568149913327,average,5
mean_ensemble,Average,Deaths,2022-01-10,517.252039130435,320.606619565217,1.61335420906746,average,5
mean_ensemble,Average,Cases,2022-01-17,156034.41973587,194668.174119565,0.80154046978441,average,5
mean_ensemble,Average,Deaths,2022-01-17,472.901165217391,446.447141304348,1.05925454878209,average,5
mean_ensemble,Average,Cases,2022-01-24,335394.341395652,283365.871728261,1.18360880705241,average,5
mean_ensemble,Average,Deaths,2022-01-24,930.818239130435,362.946717391304,2.56461401778402,average,5
mean_ensemble,Average,Cases,2022-01-31,348335.485603261,312019.078934783,1.11639162192408,average,5
mean_ensemble,Average,Deaths,2022-01-31,535.972069565217,306.476097826087,1.74882176250286,average,5
mean_ensemble,Average,Cases,2022-02-07,226229.568855435,191923.059706522,1.17875136630988,average,5
mean_ensemble,Average,Deaths,2022-02-07,410.324588043478,363.07997826087,1.13012177099081,average,5
mean_ensemble,Average,Cases,2022-02-14,83704.62235,60245.9756086957,1.38938114130097,average,5
mean_ensemble,Average,Deaths,2022-02-14,222.329751086957,169.860391304348,1.30889696756083,average,5
mean_ensemble,Average,Cases,2022-02-21,85331.3929815218,87618.682326087,0.97389495842847,average,5
mean_ensemble,Average,Deaths,2022-02-21,142.548763768116,128.281717391304,1.11121652147275,average,5
mean_ensemble,Average,Cases,2022-02-28,161982.539991304,163172.958108696,0.992704562501108,average,5
mean_ensemble,Average,Deaths,2022-02-28,333.832877536232,196.969717391304,1.69484366407975,average,5
mean_ensemble,Average,Cases,2022-03-07,148577.639744565,151388.039521739,0.981435787225646,average,5
mean_ensemble,Average,Deaths,2022-03-07,127.77290326087,171.626858695652,0.744480812804776,average,5
median_ensemble,CZ,Cases,2021-04-12,1763.53793478261,1466.66956521739,1.20240985195681,,5
median_ensemble,CZ,Deaths,2021-04-12,31.420652173913,28.1125543478261,1.11767332790742,,5
median_ensemble,DE,Cases,2021-04-12,14441.805326087,13536.7779891304,1.06685692398023,,5
median_ensemble,DE,Deaths,2021-04-12,128.729565217391,139.261956521739,0.924369931549082,,5
median_ensemble,FR,Cases,2021-04-12,45123.7876086957,48169.5078804348,0.936770782892382,,5
median_ensemble,FR,Deaths,2021-04-12,195.63402173913,259.95027173913,0.752582485989691,,5
median_ensemble,GB,Cases,2021-04-12,4859.35260869565,5043.48777173913,0.963490510659059,,5
median_ensemble,GB,Deaths,2021-04-12,40.4339130434783,41.0977717391304,0.983846844547533,,5
median_ensemble,PL,Cases,2021-04-12,8587.51195652174,21065.6732608696,0.407654284303053,,5
median_ensemble,PL,Deaths,2021-04-12,328.8525,186.638043478261,1.76198000081534,,5
median_ensemble,CZ,Cases,2021-04-19,1231.58467391304,1190.77119565217,1.03427482828766,,5
median_ensemble,CZ,Deaths,2021-04-19,24.4409782608696,20.7639673913044,1.17708614159667,,5
median_ensemble,DE,Cases,2021-04-19,30514.2664130435,29133.4591304348,1.04739592632741,,5
median_ensemble,DE,Deaths,2021-04-19,117.995543478261,207.764347826087,0.567929698780809,,5
median_ensemble,FR,Cases,2021-04-19,64085.3917391304,53654.6421739131,1.19440535138428,,5
median_ensemble,FR,Deaths,2021-04-19,259.970326086957,353.267608695652,0.735901961254893,,5
median_ensemble,GB,Cases,2021-04-19,2202.52597826087,2292.33673913044,0.960821305466825,,5
median_ensemble,GB,Deaths,2021-04-19,19.7680434782609,17.7688043478261,1.11251399313648,,5
median_ensemble,PL,Cases,2021-04-19,19404.7638043478,18061.3927173913,1.07437804536873,,5
median_ensemble,PL,Deaths,2021-04-19,607.06597826087,184.177119565217,3.29609877542854,,5
median_ensemble,CZ,Cases,2021-04-26,1015.2622826087,2377.40782608696,0.427045907508324,,5
median_ensemble,CZ,Deaths,2021-04-26,24.4663043478261,23.9485869565217,1.02161786798713,,5
median_ensemble,DE,Cases,2021-04-26,25889.6966304348,38831.9802173913,0.666710697870613,,5
median_ensemble,DE,Deaths,2021-04-26,116.238260869565,137.62652173913,0.844592011777305,,5
median_ensemble,FR,Cases,2021-04-26,148468.293478261,132008.749836957,1.12468524746756,,5
median_ensemble,FR,Deaths,2021-04-26,236.927826086957,269.893423913044,0.877856980180784,,5
median_ensemble,GB,Cases,2021-04-26,2126.60934782609,2126.60934782609,1,,5
median_ensemble,GB,Deaths,2021-04-26,14.6129347826087,14.929347826087,0.978805970149254,,5
median_ensemble,PL,Cases,2021-04-26,1996.65847826087,4160.10260869565,0.4799541420174,,5
median_ensemble,PL,Deaths,2021-04-26,344.518695652174,158.412336956522,2.17482237981712,,5
median_ensemble,CZ,Cases,2021-05-03,1331.89945652174,2149.0277173913,0.619768393745301,,5
median_ensemble,CZ,Deaths,2021-05-03,20.6673913043478,33.0164130434783,0.625973247824699,,5
median_ensemble,DE,Cases,2021-05-03,37717.2490217391,27765.1694021739,1.35843756165903,,5
median_ensemble,DE,Deaths,2021-05-03,163.081304347826,101.690434782609,1.60370348200848,,5
median_ensemble,FR,Cases,2021-05-03,97295.4013043478,97406.355326087,0.998860915990875,,5
median_ensemble,FR,Deaths,2021-05-03,119.395869565217,216.115652173913,0.552462852015628,,5
median_ensemble,GB,Cases,2021-05-03,1705.45206521739,1683.55315217391,1.01300755667571,,5
median_ensemble,GB,Deaths,2021-05-03,10.8584782608696,10.2663043478261,1.05768131286395,,5
median_ensemble,PL,Cases,2021-05-03,2255.10217391304,3823.07945652174,0.589865368888971,,5
median_ensemble,PL,Deaths,2021-05-03,139.977608695652,101.31402173913,1.38162128294616,,5
median_ensemble,CZ,Cases,2021-05-10,1361.66543478261,1586.90065217391,0.858065962048253,,5
median_ensemble,CZ,Deaths,2021-05-10,34.7986956521739,40.8302173913044,0.852277991044569,,5
median_ensemble,DE,Cases,2021-05-10,14583.9214130435,15884.2697826087,0.918136093924258,,5
median_ensemble,DE,Deaths,2021-05-10,92.4591304347826,78.1940217391304,1.18243221640707,,5
median_ensemble,FR,Cases,2021-05-10,103840.877608696,98018.0625543478,1.0594055310073,,5
median_ensemble,FR,Deaths,2021-05-10,130.346847826087,127.557608695652,1.02186650533007,,5
median_ensemble,GB,Cases,2021-05-10,4961.63913043478,4421.32461956522,1.1222064782302,,5
median_ensemble,GB,Deaths,2021-05-10,9.05347826086957,10.4979891304348,0.862401184491854,,5
median_ensemble,PL,Cases,2021-05-10,3076.61260869565,3954.45336956522,0.778012109682284,,5
median_ensemble,PL,Deaths,2021-05-10,105.747934782609,93.7517391304348,1.12795704659392,,5
median_ensemble,CZ,Cases,2021-05-17,665.289782608696,651.893695652174,1.02054949610016,,5
median_ensemble,CZ,Deaths,2021-05-17,25.3084782608696,23.27625,1.08730909235249,,5
median_ensemble,DE,Cases,2021-05-17,3436.31445652174,3014.46076086957,1.13994333617747,,5
median_ensemble,DE,Deaths,2021-05-17,75.604347826087,59.1986956521739,1.27712860888533,,5
median_ensemble,FR,Cases,2021-05-17,93412.6772826087,93609.6234782609,0.997896090291423,,5
median_ensemble,FR,Deaths,2021-05-17,76.5248913043478,93.4338043478261,0.819027886518123,,5
median_ensemble,GB,Cases,2021-05-17,9350.4677173913,9673.26592391304,0.966629863268438,,5
median_ensemble,GB,Deaths,2021-05-17,8.28054347826087,8.85217391304348,0.935424852652259,,5
median_ensemble,PL,Cases,2021-05-17,2692.13108695652,4637.23880434783,0.580546139748595,,5
median_ensemble,PL,Deaths,2021-05-17,58.2178260869565,81.9801086956522,0.710145753808254,,5
median_ensemble,CZ,Cases,2021-05-24,430.228152173913,506.792934782609,0.848922947906647,,5
median_ensemble,CZ,Deaths,2021-05-24,11.154347826087,10.441902173913,1.06822948925473,,5
median_ensemble,DE,Cases,2021-05-24,9243.12434782609,8713.84505434783,1.06074003957807,,5
median_ensemble,DE,Deaths,2021-05-24,125.277717391304,50.7050543478261,2.47071458659575,,5
median_ensemble,FR,Cases,2021-05-24,11134.7677173913,9026.72369565217,1.2335336820772,,5
median_ensemble,FR,Deaths,2021-05-24,147.25652173913,122.513586956522,1.20196074082289,,5
median_ensemble,GB,Cases,2021-05-24,19892.1740217391,21411.5259782609,0.929040463623922,,5
median_ensemble,GB,Deaths,2021-05-24,22.2532608695652,23.6632065217391,0.940416120238032,,5
median_ensemble,PL,Cases,2021-05-24,521.488695652174,817.855489130435,0.637629388789252,,5
median_ensemble,PL,Deaths,2021-05-24,65.1497826086957,63.9291304347826,1.0190938335249,,5
median_ensemble,CZ,Cases,2021-05-31,210.26,199.126956521739,1.05590927352443,,5
median_ensemble,CZ,Deaths,2021-05-31,10.4404347826087,8.90652173913044,1.17222357822797,,5
median_ensemble,DE,Cases,2021-05-31,1698.4022826087,1835.58195652174,0.925266385722713,,5
median_ensemble,DE,Deaths,2021-05-31,40.0532608695652,48.7001086956522,0.822447052836682,,5
median_ensemble,FR,Cases,2021-05-31,8294.82326086957,4840.98891304348,1.71345636395079,,5
median_ensemble,FR,Deaths,2021-05-31,58.9022826086957,62.4085869565217,0.943816956626997,,5
median_ensemble,GB,Cases,2021-05-31,15994.7026086957,17098.0723913043,0.935468176917426,,5
median_ensemble,GB,Deaths,2021-05-31,10.5186956521739,13.2704347826087,0.792641373435555,,5
median_ensemble,PL,Cases,2021-05-31,207.808804347826,263.645434782609,0.788213171675727,,5
median_ensemble,PL,Deaths,2021-05-31,30.0285869565217,35.0245652173913,0.85735787925245,,5
median_ensemble,CZ,Cases,2021-06-07,170.17152173913,187.318043478261,0.908463053421117,,5
median_ensemble,CZ,Deaths,2021-06-07,9.41902173913043,8.41146739130435,1.11978342195889,,5
median_ensemble,DE,Cases,2021-06-07,1453.63913043478,1793.64076086957,0.810440508572102,,5
median_ensemble,DE,Deaths,2021-06-07,57.8895652173913,50.9749456521739,1.13564741417086,,5
median_ensemble,FR,Cases,2021-06-07,7828.2422826087,14553.0702173913,0.537910019375413,,5
median_ensemble,FR,Deaths,2021-06-07,55.6221739130435,49.0535326086957,1.1339076098096,,5
median_ensemble,GB,Cases,2021-06-07,12432.3069565217,12449.9569565217,0.998582324415929,,5
median_ensemble,GB,Deaths,2021-06-07,36.1117391304348,24.3733152173913,1.481609654179,,5
median_ensemble,PL,Cases,2021-06-07,247.285326086957,150.006956521739,1.64849238875878,,5
median_ensemble,PL,Deaths,2021-06-07,34.2067391304348,26.0697826086957,1.31212214708016,,5
median_ensemble,CZ,Cases,2021-06-14,260.116847826087,233.128804347826,1.11576451718937,,5
median_ensemble,CZ,Deaths,2021-06-14,6.76032608695652,5.46336956521739,1.23739132164813,,5
median_ensemble,DE,Cases,2021-06-14,1446.99489130435,1481.86054347826,0.976471704893312,,5
median_ensemble,DE,Deaths,2021-06-14,36.3926086956522,40.2708695652174,0.903695626356305,,5
median_ensemble,FR,Cases,2021-06-14,4506.67891304348,5086.19739130435,0.886060560832411,,5
median_ensemble,FR,Deaths,2021-06-14,48.5507608695652,45.0498369565217,1.07771224380728,,5
median_ensemble,GB,Cases,2021-06-14,18739.792826087,17458.8858695652,1.07336705022825,,5
median_ensemble,GB,Deaths,2021-06-14,32.1105434782609,25.1922826086957,1.27461826214895,,5
median_ensemble,PL,Cases,2021-06-14,105.795869565217,206.125869565217,0.513258572484731,,5
median_ensemble,PL,Deaths,2021-06-14,12.739347826087,11.1182608695652,1.14580400437979,,5
median_ensemble,CZ,Cases,2021-06-21,583.519782608696,488.987065217391,1.19332355417066,,5
median_ensemble,CZ,Deaths,2021-06-21,5.08695652173913,4.39184782608696,1.15827249102834,,5
median_ensemble,DE,Cases,2021-06-21,1715.4222826087,1550.90967391304,1.10607491297709,,5
median_ensemble,DE,Deaths,2021-06-21,43.8747826086957,31.9963043478261,1.37124532045141,,5
median_ensemble,FR,Cases,2021-06-21,11836.7388043478,11416.744673913,1.03678755568516,,5
median_ensemble,FR,Deaths,2021-06-21,33.2744565217391,32.7422826086957,1.01625341517583,,5
median_ensemble,GB,Cases,2021-06-21,68902.0373913044,63172.4954347826,1.09069678057022,,5
median_ensemble,GB,Deaths,2021-06-21,21.4075,34.8577173913044,0.614139467587179,,5
median_ensemble,PL,Cases,2021-06-21,133.12847826087,71.2167391304348,1.8693425153466,,5
median_ensemble,PL,Deaths,2021-06-21,7.34065217391304,7.90086956521739,0.929094210873872,,5
median_ensemble,CZ,Cases,2021-06-28,563.643695652174,572.845652173913,0.983936412039057,,5
median_ensemble,CZ,Deaths,2021-06-28,4.54565217391304,4.12076086956522,1.10310991532801,,5
median_ensemble,DE,Cases,2021-06-28,4635.34413043478,3635.72152173913,1.27494476755675,,5
median_ensemble,DE,Deaths,2021-06-28,21.5060869565217,26.9844565217391,0.796980548383329,,5
median_ensemble,FR,Cases,2021-06-28,40956.2347826087,40474.5481521739,1.01190097610537,,5
median_ensemble,FR,Deaths,2021-06-28,28.5677173913044,27.0605434782609,1.05569636523576,,5
median_ensemble,GB,Cases,2021-06-28,24015.8127173913,26321.1841304348,0.912413841200335,,5
median_ensemble,GB,Deaths,2021-06-28,27.9282608695652,34.2927717391304,0.81440663595288,,5
median_ensemble,PL,Cases,2021-06-28,85.1145652173913,111.57875,0.762820565899791,,5
median_ensemble,PL,Deaths,2021-06-28,6.03413043478261,5.44548913043478,1.10809704881384,,5
median_ensemble,CZ,Cases,2021-07-05,300.801304347826,337.438260869565,0.891426193261763,,5
median_ensemble,CZ,Deaths,2021-07-05,4.65032608695652,4.56146739130435,1.01948028737892,,5
median_ensemble,DE,Cases,2021-07-05,4578.80380434783,4029.78869565217,1.13623918030442,,5
median_ensemble,DE,Deaths,2021-07-05,15.7689130434783,22.4128260869565,0.703566474941561,,5
median_ensemble,FR,Cases,2021-07-05,62009.3082608696,63389.0876086957,0.978233172303354,,5
median_ensemble,FR,Deaths,2021-07-05,27.8169565217391,30.5835869565217,0.9095387196173,,5
median_ensemble,GB,Cases,2021-07-05,126751.580217391,95610.5691304348,1.32570678503621,,5
median_ensemble,GB,Deaths,2021-07-05,53.2663043478261,57.7308695652174,0.922665893463673,,5
median_ensemble,PL,Cases,2021-07-05,207.688913043478,126.592065217391,1.64061556849414,,5
median_ensemble,PL,Deaths,2021-07-05,4.07554347826087,4.92815217391304,0.826992214208518,,5
median_ensemble,CZ,Cases,2021-07-12,243.097065217391,692.418369565217,0.351084078503054,,5
median_ensemble,CZ,Deaths,2021-07-12,8.25586956521739,7.8466847826087,1.05214747297045,,5
median_ensemble,DE,Cases,2021-07-12,2889.56815217391,3078.42918478261,0.938650194215193,,5
median_ensemble,DE,Deaths,2021-07-12,23.7932608695652,17.4077173913044,1.36682256120786,,5
median_ensemble,FR,Cases,2021-07-12,38271.997826087,31214.1509782609,1.22611048600174,,5
median_ensemble,FR,Deaths,2021-07-12,42.8052173913043,26.9430434782609,1.58872984879537,,5
median_ensemble,GB,Cases,2021-07-12,123961.087173913,110810.593913043,1.11867541537761,,5
median_ensemble,GB,Deaths,2021-07-12,56.7267391304348,60.6806521739131,0.934840630385016,,5
median_ensemble,PL,Cases,2021-07-12,306.797391304348,198.436032608696,1.54607702679349,,5
median_ensemble,PL,Deaths,2021-07-12,4.21304347826087,5.29875,0.795101387735007,,5
median_ensemble,CZ,Cases,2021-07-19,331.960760869565,532.10847826087,0.623859183665966,,5
median_ensemble,CZ,Deaths,2021-07-19,8.78815217391304,8.52923913043478,1.03035593673935,,5
median_ensemble,DE,Cases,2021-07-19,5554.89054347826,2607.75956521739,2.13013907323745,,5
median_ensemble,DE,Deaths,2021-07-19,43.719347826087,23.8509782608696,1.83302115946388,,5
median_ensemble,FR,Cases,2021-07-19,27474.9530434783,27471.3414130435,1.00013146902368,,5
median_ensemble,FR,Deaths,2021-07-19,87.2419565217391,79.0440217391304,1.10371353332279,,5
median_ensemble,GB,Cases,2021-07-19,271924.04923913,225848.945543478,1.2040084959652,,5
median_ensemble,GB,Deaths,2021-07-19,80.3554347826087,78.563152173913,1.02281327262338,,5
median_ensemble,PL,Cases,2021-07-19,134.087608695652,112.88875,1.18778539664627,,5
median_ensemble,PL,Deaths,2021-07-19,11.7360869565217,7.04902173913044,1.66492421088341,,5
median_ensemble,CZ,Cases,2021-07-26,188.771847826087,191.025760869565,0.988200999523738,,5
median_ensemble,CZ,Deaths,2021-07-26,7.87076086956522,8.73864130434783,0.900684739817527,,5
median_ensemble,DE,Cases,2021-07-26,3342.00293478261,2592.4652173913,1.28912160994991,,5
median_ensemble,DE,Deaths,2021-07-26,116.358586956522,102.158260869565,1.13900320900223,,5
median_ensemble,FR,Cases,2021-07-26,117661.658913043,232343.429347826,0.506412680760169,,5
median_ensemble,FR,Deaths,2021-07-26,89.1205434782609,370.298695652174,0.240672042663561,,5
median_ensemble,GB,Cases,2021-07-26,41804.3897826087,39314.3890217391,1.06333560873839,,5
median_ensemble,GB,Deaths,2021-07-26,49.7027173913044,54.4948913043478,0.912061960335333,,5
median_ensemble,PL,Cases,2021-07-26,141.588695652174,150.603913043478,0.940139554085147,,5
median_ensemble,PL,Deaths,2021-07-26,5.76152173913043,5.55646739130435,1.03690372558417,,5
median_ensemble,CZ,Cases,2021-08-02,159.299130434783,148.727934782609,1.0710774049786,,5
median_ensemble,CZ,Deaths,2021-08-02,6.50434782608696,7.15565217391304,0.908980435046786,,5
median_ensemble,DE,Cases,2021-08-02,4058.43826086957,4832.54130434783,0.839814500337162,,5
median_ensemble,DE,Deaths,2021-08-02,60.4314130434783,109.809456521739,0.550329770838221,,5
median_ensemble,FR,Cases,2021-08-02,20650.8420652174,21971.7364130435,0.939882113866888,,5
median_ensemble,FR,Deaths,2021-08-02,73.724347826087,70.4975,1.04577251428897,,5
median_ensemble,GB,Cases,2021-08-02,26847.1358695652,40584.2334782609,0.661516396113432,,5
median_ensemble,GB,Deaths,2021-08-02,264.73152173913,165.367282608696,1.60087000017747,,5
median_ensemble,PL,Cases,2021-08-02,204.741956521739,151.385108695652,1.35245770396979,,5
median_ensemble,PL,Deaths,2021-08-02,5.40010869565217,4.94445652173913,1.09215414715646,,5
median_ensemble,CZ,Cases,2021-08-09,184.045434782609,160.41902173913,1.14727937365121,,5
median_ensemble,CZ,Deaths,2021-08-09,2.69032608695652,2.74097826086957,0.981520402902804,,5
median_ensemble,DE,Cases,2021-08-09,6857.88597826087,10201.9520652174,0.672213115139229,,5
median_ensemble,DE,Deaths,2021-08-09,27.5066304347826,59.4744565217391,0.462494859868595,,5
median_ensemble,FR,Cases,2021-08-09,19342.795326087,17281.2047282609,1.11929669431291,,5
median_ensemble,FR,Deaths,2021-08-09,75.521847826087,63.7803804347826,1.18409215045856,,5
median_ensemble,GB,Cases,2021-08-09,16470.8043478261,17022.5809782609,0.967585606957051,,5
median_ensemble,GB,Deaths,2021-08-09,214.823695652174,167.005489130435,1.28632715469844,,5
median_ensemble,PL,Cases,2021-08-09,112.776847826087,174.535,0.646156059392597,,5
median_ensemble,PL,Deaths,2021-08-09,3.44130434782609,7.3416847826087,0.468734963393961,,5
median_ensemble,CZ,Cases,2021-08-16,279.949130434783,268.049130434783,1.04439484649959,,5
median_ensemble,CZ,Deaths,2021-08-16,2.96021739130435,3.59434782608696,0.823575662271683,,5
median_ensemble,DE,Cases,2021-08-16,7191.91695652174,6106.12510869565,1.177820111527,,5
median_ensemble,DE,Deaths,2021-08-16,48.7498913043478,27.1496739130435,1.79559767312443,,5
median_ensemble,FR,Cases,2021-08-16,22634.1960869565,19917.1479891304,1.13641752821784,,5
median_ensemble,FR,Deaths,2021-08-16,77.4567391304348,78.0733152173913,0.992102601442763,,5
median_ensemble,GB,Cases,2021-08-16,20072.1447826087,16825.6944565217,1.19294599307481,,5
median_ensemble,GB,Deaths,2021-08-16,226.707391304348,222.007173913044,1.02117146625697,,5
median_ensemble,PL,Cases,2021-08-16,178.0975,208.383695652174,0.854661394897581,,5
median_ensemble,PL,Deaths,2021-08-16,5.83228260869565,4.83048913043478,1.20738965583196,,5
median_ensemble,CZ,Cases,2021-08-23,401.405869565217,446.721739130435,0.898559067992915,,5
median_ensemble,CZ,Deaths,2021-08-23,2.97434782608696,2.92510869565217,1.01683326520754,,5
median_ensemble,DE,Cases,2021-08-23,60045.9986956522,27438.1152173913,2.18841557519202,,5
median_ensemble,DE,Deaths,2021-08-23,92.7435869565217,62.4788586956522,1.48439950557189,,5
median_ensemble,FR,Cases,2021-08-23,28234.7397826087,20825.2663043478,1.35579249599867,,5
median_ensemble,FR,Deaths,2021-08-23,59.336847826087,63.4608152173913,0.935015530809409,,5
median_ensemble,GB,Cases,2021-08-23,15015.4541304348,18266.4993478261,0.822021441794308,,5
median_ensemble,GB,Deaths,2021-08-23,116.503695652174,139.599782608696,0.834554993389488,,5
median_ensemble,PL,Cases,2021-08-23,907.206630434783,474.557826086957,1.91168827182833,,5
median_ensemble,PL,Deaths,2021-08-23,6.29489130434783,7.38347826086957,0.852564480037687,,5
median_ensemble,CZ,Cases,2021-08-30,693.582934782609,609.3125,1.13830412929754,,5
median_ensemble,CZ,Deaths,2021-08-30,3.97402173913044,4.07228260869565,0.975870812758575,,5
median_ensemble,DE,Cases,2021-08-30,81369.4540217391,44869.5389673913,1.81346757498164,,5
median_ensemble,DE,Deaths,2021-08-30,51.3572826086957,30.6541304347826,1.67537887652561,,5
median_ensemble,FR,Cases,2021-08-30,15811.8480434783,16074.4796195652,0.98366158144446,,5
median_ensemble,FR,Deaths,2021-08-30,63.8683695652174,65.5710869565217,0.974032497090778,,5
median_ensemble,GB,Cases,2021-08-30,27412.339673913,15816.7819565217,1.73311737806502,,5
median_ensemble,GB,Deaths,2021-08-30,65.4720652173913,125.536576086957,0.521537764197426,,5
median_ensemble,PL,Cases,2021-08-30,910.751086956522,763.076956521739,1.193524557612,,5
median_ensemble,PL,Deaths,2021-08-30,19.7522826086957,16.166902173913,1.22177287870078,,5
median_ensemble,CZ,Cases,2021-09-06,847.746739130435,726.521630434783,1.16685684722574,,5
median_ensemble,CZ,Deaths,2021-09-06,5.06086956521739,4.66125,1.08573227465109,,5
median_ensemble,DE,Cases,2021-09-06,32110.4480434783,29440.6620652174,1.0906836256721,,5
median_ensemble,DE,Deaths,2021-09-06,45.5127173913044,34.6486956521739,1.31354778396828,,5
median_ensemble,FR,Cases,2021-09-06,7417.41336956522,9260.86130434783,0.800942064220621,,5
median_ensemble,FR,Deaths,2021-09-06,50.1061956521739,49.6246739130435,1.00970327260939,,5
median_ensemble,GB,Cases,2021-09-06,32793.3536956522,26468.5034782609,1.23895760569108,,5
median_ensemble,GB,Deaths,2021-09-06,113.828369565217,104.317391304348,1.09117346726128,,5
median_ensemble,PL,Cases,2021-09-06,349.481304347826,557.109347826087,0.62731186563562,,5
median_ensemble,PL,Deaths,2021-09-06,6.87510869565217,9.75989130434783,0.704424719626689,,5
median_ensemble,CZ,Cases,2021-09-13,499.506739130435,509.433586956522,0.980513951022758,,5
median_ensemble,CZ,Deaths,2021-09-13,4.33130434782609,5.07722826086957,0.853084424272915,,5
median_ensemble,DE,Cases,2021-09-13,13478.145326087,9392.32320652174,1.43501719752661,,5
median_ensemble,DE,Deaths,2021-09-13,40.5055434782609,43.330652173913,0.934801149903924,,5
median_ensemble,FR,Cases,2021-09-13,5013.24967391304,6362.61255434783,0.787923141805529,,5
median_ensemble,FR,Deaths,2021-09-13,45.7802173913044,67.2540217391304,0.680706018873932,,5
median_ensemble,GB,Cases,2021-09-13,22569.5040217391,21409.2316304348,1.05419495717235,,5
median_ensemble,GB,Deaths,2021-09-13,192.592173913044,79.1276630434783,2.43394239770761,,5
median_ensemble,PL,Cases,2021-09-13,725.438043478261,872.490760869565,0.831456418810963,,5
median_ensemble,PL,Deaths,2021-09-13,11.2367391304348,11.2979347826087,0.994583465619919,,5
median_ensemble,CZ,Cases,2021-09-20,686.768804347826,724.122663043478,0.948415012259588,,5
median_ensemble,CZ,Deaths,2021-09-20,4.30586956521739,4.6304347826087,0.929906103286385,,5
median_ensemble,DE,Cases,2021-09-20,4614.95684782609,4933.83336956522,0.935369418086523,,5
median_ensemble,DE,Deaths,2021-09-20,37.1586956521739,43.6676630434783,0.850943079211186,,5
median_ensemble,FR,Cases,2021-09-20,5207.94673913044,5717.40260869565,0.910893826369621,,5
median_ensemble,FR,Deaths,2021-09-20,37.5728260869565,31.7951086956522,1.18171717689691,,5
median_ensemble,GB,Cases,2021-09-20,44614.0493478261,36453.1843478261,1.22387248592966,,5
median_ensemble,GB,Deaths,2021-09-20,141.613586956522,74.7102173913044,1.89550495101363,,5
median_ensemble,PL,Cases,2021-09-20,848.920326086957,856.977282608696,0.990598401281755,,5
median_ensemble,PL,Deaths,2021-09-20,16.1085869565217,15.1552173913043,1.06290702011074,,5
median_ensemble,CZ,Cases,2021-09-27,3460.91413043478,3790.77576086957,0.912983080181162,,5
median_ensemble,CZ,Deaths,2021-09-27,7.56434782608696,7.88130434782609,0.959783748000221,,5
median_ensemble,DE,Cases,2021-09-27,13391.870326087,11975.1623913043,1.11830385998033,,5
median_ensemble,DE,Deaths,2021-09-27,30.3,36.3751086956522,0.832987201592107,,5
median_ensemble,FR,Cases,2021-09-27,6517.85065217391,6505.03,1.00197088286663,,5
median_ensemble,FR,Deaths,2021-09-27,33.2873913043478,26.6479347826087,1.24915463715681,,5
median_ensemble,GB,Cases,2021-09-27,33119.2905434783,35650.1969565217,0.929007224949413,,5
median_ensemble,GB,Deaths,2021-09-27,90.3915217391304,81.2608695652174,1.11236222578919,,5
median_ensemble,PL,Cases,2021-09-27,3203.25423913044,4660.11798913044,0.687376209486952,,5
median_ensemble,PL,Deaths,2021-09-27,35.955,33.2423913043478,1.08160088938299,,5
median_ensemble,CZ,Cases,2021-10-04,7553.70423913043,6628.5547826087,1.13957031160835,,5
median_ensemble,CZ,Deaths,2021-10-04,17.260652173913,17.2595108695652,1.00006612611194,,5
median_ensemble,DE,Cases,2021-10-04,20550.7986956522,15286.4033695652,1.34438416930487,,5
median_ensemble,DE,Deaths,2021-10-04,77.7447826086956,54.2392391304348,1.43336786900227,,5
median_ensemble,FR,Cases,2021-10-04,7366.94293478261,7206.2089673913,1.02230492733678,,5
median_ensemble,FR,Deaths,2021-10-04,28.0038043478261,28.1897826086957,0.993402635860974,,5
median_ensemble,GB,Cases,2021-10-04,41106.9829347826,59842.8130978261,0.686915952089089,,5
median_ensemble,GB,Deaths,2021-10-04,180.537173913043,200.691630434783,0.899575002315363,,5
median_ensemble,PL,Cases,2021-10-04,6791.95054347826,6469.36782608696,1.04986309730149,,5
median_ensemble,PL,Deaths,2021-10-04,44.040652173913,48.1332608695652,0.914973375547054,,5
median_ensemble,CZ,Cases,2021-10-11,15370.3179347826,13983.4866304348,1.09917636001664,,5
median_ensemble,CZ,Deaths,2021-10-11,57.4603260869565,58.1027717391304,0.988942943117097,,5
median_ensemble,DE,Cases,2021-10-11,31217.1491304348,30576.7833695652,1.02094287528972,,5
median_ensemble,DE,Deaths,2021-10-11,137.644347826087,87.1671195652174,1.57908565193672,,5
median_ensemble,FR,Cases,2021-10-11,12650.945,11915.098423913,1.06175749036283,,5
median_ensemble,FR,Deaths,2021-10-11,34.2232608695652,33.3976086956522,1.02472189495473,,5
median_ensemble,GB,Cases,2021-10-11,25490.8010869565,24303.7488043478,1.04884235317624,,5
median_ensemble,GB,Deaths,2021-10-11,198.643804347826,207.541739130435,0.957127010596088,,5
median_ensemble,PL,Cases,2021-10-11,7620.70293478261,12438.2626086957,0.612682267172502,,5
median_ensemble,PL,Deaths,2021-10-11,46.5361956521739,50.0216304347826,0.930321447895367,,5
median_ensemble,CZ,Cases,2021-10-18,12038.4201086957,13532.7582608696,0.889576232474732,,5
median_ensemble,CZ,Deaths,2021-10-18,107.800217391304,97.5654347826087,1.10490172704606,,5
median_ensemble,DE,Cases,2021-10-18,59787.9013043478,55266.4732608696,1.0818114089194,,5
median_ensemble,DE,Deaths,2021-10-18,214.260217391304,151.710652173913,1.41229514421761,,5
median_ensemble,FR,Cases,2021-10-18,8218.88913043478,7986.25733695652,1.02912901296102,,5
median_ensemble,FR,Deaths,2021-10-18,31.7375,32.159347826087,0.986882575219863,,5
median_ensemble,GB,Cases,2021-10-18,36325.9813043478,34912.1221739131,1.04049765646991,,5
median_ensemble,GB,Deaths,2021-10-18,185.766195652174,138.561195652174,1.34067979695049,,5
median_ensemble,PL,Cases,2021-10-18,10976.9967391304,14817.1605434783,0.74082997932839,,5
median_ensemble,PL,Deaths,2021-10-18,55.2334782608696,66.3151086956522,0.832894333542589,,5
median_ensemble,CZ,Cases,2021-10-25,10194.6277173913,10860.6039130435,0.938679635038311,,5
median_ensemble,CZ,Deaths,2021-10-25,86.8491304347826,128.692717391304,0.674856605682731,,5
median_ensemble,DE,Cases,2021-10-25,47770.3526086957,32965.7807065217,1.44908907312015,,5
median_ensemble,DE,Deaths,2021-10-25,78.6995652173913,121.45652173913,0.647964918560945,,5
median_ensemble,FR,Cases,2021-10-25,12669.6185869565,12669.6185869565,1,,5
median_ensemble,FR,Deaths,2021-10-25,47.2773913043478,43.3024456521739,1.09179494581213,,5
median_ensemble,GB,Cases,2021-10-25,61728.8575,61728.8575,1,,5
median_ensemble,GB,Deaths,2021-10-25,114.382391304348,127.128097826087,0.899741231563337,,5
median_ensemble,PL,Cases,2021-10-25,23999.2357608696,7546.22782608696,3.18029568069829,,5
median_ensemble,PL,Deaths,2021-10-25,93.856847826087,111.422826086957,0.842348476719117,,5
median_ensemble,CZ,Cases,2021-11-01,7336.29760869565,5803.44701086957,1.26412761156518,,5
median_ensemble,CZ,Deaths,2021-11-01,57.5966304347826,94.6821739130435,0.608315462715079,,5
median_ensemble,DE,Cases,2021-11-01,33374.7707608696,28177.1170108696,1.1844636464403,,5
median_ensemble,DE,Deaths,2021-11-01,114.745652173913,82.0348913043478,1.39874205169857,,5
median_ensemble,FR,Cases,2021-11-01,42042.4265217391,42042.4265217391,1,,5
median_ensemble,FR,Deaths,2021-11-01,70.8413043478261,63.9125,1.108410785806,,5
median_ensemble,GB,Cases,2021-11-01,22283.4444565217,22283.4444565217,1,,5
median_ensemble,GB,Deaths,2021-11-01,122.435543478261,105.064782608696,1.1653338106096,,5
median_ensemble,PL,Cases,2021-11-01,11622.1557608696,5848.39168478261,1.98723963566089,,5
median_ensemble,PL,Deaths,2021-11-01,219.617826086957,146.40097826087,1.50011173897775,,5
median_ensemble,CZ,Cases,2021-11-08,21344.39,20957.8892391304,1.01844177896255,,5
median_ensemble,CZ,Deaths,2021-11-08,161.550869565217,126.351304347826,1.27858489786929,,5
median_ensemble,DE,Cases,2021-11-08,49097.7910869565,55359.6719565217,0.886887319807763,,5
median_ensemble,DE,Deaths,2021-11-08,121.021956521739,93.2020108695652,1.29849083075158,,5
median_ensemble,FR,Cases,2021-11-08,79518.6601086957,74220.7824456522,1.07137997591069,,5
median_ensemble,FR,Deaths,2021-11-08,78.841847826087,78.8205434782609,1.00027028927848,,5
median_ensemble,GB,Cases,2021-11-08,30927.4523913044,31999.764673913,0.966489994737903,,5
median_ensemble,GB,Deaths,2021-11-08,124.753043478261,91.0375,1.37034786190593,,5
median_ensemble,PL,Cases,2021-11-08,41390.2989130435,26051.5427173913,1.58878494690498,,5
median_ensemble,PL,Deaths,2021-11-08,182.477173913044,162.883695652174,1.12029121872769,,5
median_ensemble,CZ,Cases,2021-11-15,27247.8932608696,21340.8614130435,1.27679444299356,,5
median_ensemble,CZ,Deaths,2021-11-15,340.411195652174,202.371576086957,1.6821097222957,,5
median_ensemble,DE,Cases,2021-11-15,158909.052391304,47485.2813043478,3.3464907025149,,5
median_ensemble,DE,Deaths,2021-11-15,502.019021739131,246.956847826087,2.03282081933871,,5
median_ensemble,FR,Cases,2021-11-15,78714.0265217391,87639.5603804348,0.898156336933335,,5
median_ensemble,FR,Deaths,2021-11-15,125.098695652174,171.51847826087,0.729359873761859,,5
median_ensemble,GB,Cases,2021-11-15,60671.6676086957,39697.0048369565,1.52836889981716,,5
median_ensemble,GB,Deaths,2021-11-15,97.814347826087,75.0054347826087,1.30409680457938,,5
median_ensemble,PL,Cases,2021-11-15,20741.0523913043,26587.3404347826,0.78011008442838,,5
median_ensemble,PL,Deaths,2021-11-15,319.710869565217,171.578913043478,1.86334593158428,,5
median_ensemble,CZ,Cases,2021-11-22,27567.9776086957,38063.025,0.724271851979596,,5
median_ensemble,CZ,Deaths,2021-11-22,391.571304347826,232.973369565217,1.68075563777349,,5
median_ensemble,DE,Cases,2021-11-22,167692.454347826,117190.0375,1.43094462571382,,5
median_ensemble,DE,Deaths,2021-11-22,335.231195652174,241.258260869565,1.38951178062837,,5
median_ensemble,FR,Cases,2021-11-22,57651.0910869565,67023.5869565217,0.86016123136404,,5
median_ensemble,FR,Deaths,2021-11-22,118.822391304348,134.188913043478,0.885485906468655,,5
median_ensemble,GB,Cases,2021-11-22,38985.6688043478,38978.5127173913,1.00018359055946,,5
median_ensemble,GB,Deaths,2021-11-22,71.6632608695652,81.2486956521739,0.882023524123464,,5
median_ensemble,PL,Cases,2021-11-22,16299.1559782609,33260.4215217391,0.490046584875892,,5
median_ensemble,PL,Deaths,2021-11-22,976.339347826087,814.002010869565,1.19943112521688,,5
median_ensemble,CZ,Cases,2021-11-29,101330.54,81540.1948369565,1.24270662098141,,5
median_ensemble,CZ,Deaths,2021-11-29,356.699782608696,425.551739130435,0.83820543969006,,5
median_ensemble,DE,Cases,2021-11-29,130110.678043478,145713.154836957,0.89292334785465,,5
median_ensemble,DE,Deaths,2021-11-29,331.134130434783,251.013804347826,1.3191869319503,,5
median_ensemble,FR,Cases,2021-11-29,33072.7554347826,46062.2334782609,0.718001558704081,,5
median_ensemble,FR,Deaths,2021-11-29,92.9317391304348,93.5488043478261,0.993403815027962,,5
median_ensemble,GB,Cases,2021-11-29,109126.95423913,109044.942065217,1.000752095167,,5
median_ensemble,GB,Deaths,2021-11-29,61.7590217391304,69.1297826086957,0.893377924948977,,5
median_ensemble,PL,Cases,2021-11-29,28206.8309782609,43320.7041304348,0.651116632207376,,5
median_ensemble,PL,Deaths,2021-11-29,942.970326086956,636.545652173913,1.48138679899321,,5
median_ensemble,CZ,Cases,2021-12-06,38336.6198913044,24703.5763043478,1.55186518012605,,5
median_ensemble,CZ,Deaths,2021-12-06,131.506413043478,125.559891304348,1.04736004210705,,5
median_ensemble,DE,Cases,2021-12-06,51616.2461956522,61549.5110869565,0.838613423309395,,5
median_ensemble,DE,Deaths,2021-12-06,214.425434782609,183.082065217391,1.17119847063119,,5
median_ensemble,FR,Cases,2021-12-06,91168.5281521739,116884.642282609,0.77998722819156,,5
median_ensemble,FR,Deaths,2021-12-06,372.112608695652,249.877282608696,1.48918142862301,,5
median_ensemble,GB,Cases,2021-12-06,280899.517065217,290927.458369565,0.965531128066952,,5
median_ensemble,GB,Deaths,2021-12-06,144.750434782609,72.455,1.99779773352576,,5
median_ensemble,PL,Cases,2021-12-06,10865.8720652174,21351.0627717391,0.508914810535791,,5
median_ensemble,PL,Deaths,2021-12-06,201.202173913044,206.756847826087,0.973134268724605,,5
median_ensemble,CZ,Cases,2021-12-13,13170.9876086957,9186.78076086957,1.43368911825963,,5
median_ensemble,CZ,Deaths,2021-12-13,66.7683695652174,74.8716304347826,0.891771278086116,,5
median_ensemble,DE,Cases,2021-12-13,36286.8206521739,35019.2485869565,1.03619643814087,,5
median_ensemble,DE,Deaths,2021-12-13,247.64,210.22097826087,1.17799851398606,,5
median_ensemble,FR,Cases,2021-12-13,487214.00826087,376920.359945652,1.29261791093249,,5
median_ensemble,FR,Deaths,2021-12-13,191.927173913044,129.078315217391,1.48690485764246,,5
median_ensemble,GB,Cases,2021-12-13,444274.95076087,440296.680054348,1.00903543198652,,5
median_ensemble,GB,Deaths,2021-12-13,113.386195652174,95.5620652173913,1.18651889109172,,5
median_ensemble,PL,Cases,2021-12-13,10439.6720652174,14333.3019565217,0.728350808270475,,5
median_ensemble,PL,Deaths,2021-12-13,212.101413043478,178.783804347826,1.18635697353678,,5
median_ensemble,CZ,Cases,2021-12-20,9747.7827173913,10098.4534782609,0.96527480553092,,5
median_ensemble,CZ,Deaths,2021-12-20,72.9629347826087,54.6176086956522,1.33588665862658,,5
median_ensemble,DE,Cases,2021-12-20,83615.7522826087,82775.1929891305,1.01015472465994,,5
median_ensemble,DE,Deaths,2021-12-20,184.970434782609,138.626956521739,1.33430351082982,,5
median_ensemble,FR,Cases,2021-12-20,810938.149130435,810938.149130435,1,,5
median_ensemble,FR,Deaths,2021-12-20,136.805434782609,81.0241304347826,1.68845298367904,,5
median_ensemble,GB,Cases,2021-12-20,239886.714565217,239886.714565217,1,,5
median_ensemble,GB,Deaths,2021-12-20,199.022282608696,192.341630434783,1.03473326163874,,5
median_ensemble,PL,Cases,2021-12-20,13031.1144565217,12693.9239673913,1.02656314075905,,5
median_ensemble,PL,Deaths,2021-12-20,279.25402173913,264.400760869565,1.05617707309433,,5
median_ensemble,CZ,Cases,2021-12-27,57510.3523913044,57383.4991304348,1.00221062261437,,5
median_ensemble,CZ,Deaths,2021-12-27,40.7681521739131,35.4354347826087,1.15049109525592,,5
median_ensemble,DE,Cases,2021-12-27,247461.091086957,250160.288043478,0.989210130122441,,5
median_ensemble,DE,Deaths,2021-12-27,240.419565217391,228.866413043478,1.05047989357756,,5
median_ensemble,FR,Cases,2021-12-27,1072677.80195652,1002695.33173913,1.06979435128716,,5
median_ensemble,FR,Deaths,2021-12-27,106.068695652174,113.833315217391,0.931789568366791,,5
median_ensemble,GB,Cases,2021-12-27,224785.55923913,230156.500054348,0.976663962069509,,5
median_ensemble,GB,Deaths,2021-12-27,546.956195652174,482.834021739131,1.13280376076665,,5
median_ensemble,PL,Cases,2021-12-27,61034.8173913044,46505.1748913044,1.31243066032887,,5
median_ensemble,PL,Deaths,2021-12-27,279.064891304348,275.064293478261,1.01454422809845,,5
median_ensemble,CZ,Cases,2022-01-03,113099.24576087,113099.24576087,1,,5
median_ensemble,CZ,Deaths,2022-01-03,75.0552173913044,74.4088586956522,1.00868658257878,,5
median_ensemble,DE,Cases,2022-01-03,313395.693695652,352812.420326087,0.888278517536305,,5
median_ensemble,DE,Deaths,2022-01-03,227.577717391304,201.471195652174,1.12957942526038,,5
median_ensemble,FR,Cases,2022-01-03,408216.496195652,408216.496195652,1,,5
median_ensemble,FR,Deaths,2022-01-03,188.845326086957,188.845326086957,1,,5
median_ensemble,GB,Cases,2022-01-03,426131.062989131,426131.062989131,1,,5
median_ensemble,GB,Deaths,2022-01-03,223.88,223.88,1,,5
median_ensemble,PL,Cases,2022-01-03,78343.0388043478,104237.08576087,0.7515850834901,,5
median_ensemble,PL,Deaths,2022-01-03,163.996847826087,238.311195652174,0.68816258244723,,5
median_ensemble,CZ,Cases,2022-01-10,163614.054782609,163614.054782609,1,,5
median_ensemble,CZ,Deaths,2022-01-10,43.8378260869565,44.6,0.982910898810684,,5
median_ensemble,DE,Cases,2022-01-10,45145.9305434783,119748.737391304,0.377005482704627,,5
median_ensemble,DE,Deaths,2022-01-10,780.405217391304,483.949673913043,1.6125751487365,,5
median_ensemble,FR,Cases,2022-01-10,498566.48298913,498566.48298913,1,,5
median_ensemble,FR,Deaths,2022-01-10,369.060543478261,369.060543478261,1,,5
median_ensemble,GB,Cases,2022-01-10,473578.821141304,473578.821141304,1,,5
median_ensemble,GB,Deaths,2022-01-10,319.864673913043,319.864673913043,1,,5
median_ensemble,PL,Cases,2022-01-10,66846.6093478261,121570.86326087,0.549857157832178,,5
median_ensemble,PL,Deaths,2022-01-10,227.170652173913,385.558206521739,0.58919936946305,,5
median_ensemble,CZ,Cases,2022-01-17,142644.522173913,120635.819402174,1.18243920322178,,5
median_ensemble,CZ,Deaths,2022-01-17,46.9763043478261,47.570597826087,0.987507126136326,,5
median_ensemble,DE,Cases,2022-01-17,89754.8192391304,119823.167391304,0.749060646561109,,5
median_ensemble,DE,Deaths,2022-01-17,300.497282608696,382.152391304348,0.786328410985602,,5
median_ensemble,FR,Cases,2022-01-17,383957.312445652,451676.080434783,0.850072273200864,,5
median_ensemble,FR,Deaths,2022-01-17,290.366956521739,290.366956521739,1,,5
median_ensemble,GB,Cases,2022-01-17,173668.35875,197403.952282609,0.879761305393581,,5
median_ensemble,GB,Deaths,2022-01-17,968.249565217391,968.249565217391,1,,5
median_ensemble,PL,Cases,2022-01-17,73142.93,83801.8510869565,0.872808047212509,,5
median_ensemble,PL,Deaths,2022-01-17,309.311956521739,543.896195652174,0.568696672259033,,5
median_ensemble,CZ,Cases,2022-01-24,35486.4716304348,68262.2880978261,0.519854704834673,,5
median_ensemble,CZ,Deaths,2022-01-24,92.9861956521739,75.3805434782609,1.23355698117234,,5
median_ensemble,DE,Cases,2022-01-24,460767.15576087,85788.7776086957,5.37094907521058,,5
median_ensemble,DE,Deaths,2022-01-24,132.37152173913,286.693695652174,0.461717588306259,,5
median_ensemble,FR,Cases,2022-01-24,918151.16548913,910032.602065217,1.00892117865392,,5
median_ensemble,FR,Deaths,2022-01-24,303.257826086957,284.55875,1.06571253242769,,5
median_ensemble,GB,Cases,2022-01-24,215447.776467391,215826.097608696,0.998247101970076,,5
median_ensemble,GB,Deaths,2022-01-24,600.781195652174,600.781195652174,1,,5
median_ensemble,PL,Cases,2022-01-24,131108.912173913,136919.59326087,0.957561361755687,,5
median_ensemble,PL,Deaths,2022-01-24,3080.66217391304,567.319402173913,5.43020767861674,,5
median_ensemble,CZ,Cases,2022-01-31,99162.4625,142710.75173913,0.694849275836379,,5
median_ensemble,CZ,Deaths,2022-01-31,175.424619565217,175.424619565217,1,,5
median_ensemble,DE,Cases,2022-01-31,725327.753804348,212440.150217391,3.41426869196861,,5
median_ensemble,DE,Deaths,2022-01-31,137.976956521739,167.917717391304,0.82169385497426,,5
median_ensemble,FR,Cases,2022-01-31,810705.740108696,785885.062173913,1.03158308909209,,5
median_ensemble,FR,Deaths,2022-01-31,248.418695652174,240.846793478261,1.03143866714836,,5
median_ensemble,GB,Cases,2022-01-31,226904.310978261,221245.188369565,1.02557851156176,,5
median_ensemble,GB,Deaths,2022-01-31,447.875326086957,447.875326086957,1,,5
median_ensemble,PL,Cases,2022-01-31,53796.735326087,197814.242173913,0.271955824489069,,5
median_ensemble,PL,Deaths,2022-01-31,1746.6352173913,500.316032608696,3.49106385474833,,5
median_ensemble,CZ,Cases,2022-02-07,67793.6935869565,64345.94625,1.05358142257418,,5
median_ensemble,CZ,Deaths,2022-02-07,47.3701086956522,43.5443478260869,1.08785895438933,,5
median_ensemble,DE,Cases,2022-02-07,391517.245543478,233892.076195652,1.67392265660155,,5
median_ensemble,DE,Deaths,2022-02-07,265.738369565217,149.720869565217,1.77489197288868,,5
median_ensemble,FR,Cases,2022-02-07,336326.47826087,336326.47826087,1,,5
median_ensemble,FR,Deaths,2022-02-07,238.275543478261,202.886793478261,1.17442608951179,,5
median_ensemble,GB,Cases,2022-02-07,204775.503586957,204775.503586957,1,,5
median_ensemble,GB,Deaths,2022-02-07,1293.00298913044,1293.00298913044,1,,5
median_ensemble,PL,Cases,2022-02-07,12865.0083695652,120275.29423913,0.106963017226024,,5
median_ensemble,PL,Deaths,2022-02-07,194.220543478261,126.244891304348,1.53844279536064,,5
median_ensemble,CZ,Cases,2022-02-14,16636.3156521739,10019.8354347826,1.6603382121849,,5
median_ensemble,CZ,Deaths,2022-02-14,23.4504347826087,42.5658152173913,0.550921782252803,,5
median_ensemble,DE,Cases,2022-02-14,114873.875326087,103214.074565217,1.11296715888783,,5
median_ensemble,DE,Deaths,2022-02-14,119.340652173913,96.9526086956522,1.23091739128485,,5
median_ensemble,FR,Cases,2022-02-14,102814.507826087,73456.9247826087,1.39965712055549,,5
median_ensemble,FR,Deaths,2022-02-14,480.978369565217,377.385,1.27450314550185,,5
median_ensemble,GB,Cases,2022-02-14,131186.241847826,103687.715652174,1.26520524656843,,5
median_ensemble,GB,Deaths,2022-02-14,215.018206521739,215.018206521739,1,,5
median_ensemble,PL,Cases,2022-02-14,18581.2648913044,10851.3276086957,1.71234945265263,,5
median_ensemble,PL,Deaths,2022-02-14,301.62347826087,117.380326086957,2.56962549275442,,5
median_ensemble,CZ,Cases,2022-02-21,10759.7379347826,10100.8373913043,1.0652322691627,,5
median_ensemble,CZ,Deaths,2022-02-21,72.776847826087,52.61625,1.38316295490627,,5
median_ensemble,DE,Cases,2022-02-21,131980.265217391,143345.581032609,0.92071387388892,,5
median_ensemble,DE,Deaths,2022-02-21,134.361739130435,136.923043478261,0.981293840081544,,5
median_ensemble,FR,Cases,2022-02-21,157600.184130435,171491.482228261,0.9189971541599,,5
median_ensemble,FR,Deaths,2022-02-21,169.796304347826,169.796304347826,1,,5
median_ensemble,GB,Cases,2022-02-21,122461.433152174,104064.690434783,1.17678179448312,,5
median_ensemble,GB,Deaths,2022-02-21,145.129130434783,167.149184782609,0.868261072427814,,5
median_ensemble,PL,Cases,2022-02-21,9864.33510869565,9090.82054347826,1.08508743094399,,5
median_ensemble,PL,Deaths,2022-02-21,216.186956521739,114.923804347826,1.88113296238812,,5
median_ensemble,CZ,Cases,2022-02-28,17366.1572826087,18567.9911956522,0.93527388609895,,5
median_ensemble,CZ,Deaths,2022-02-28,36.6888586956522,42.4278260869565,0.864735766109198,,5
median_ensemble,DE,Cases,2022-02-28,272595.786521739,260271.143586957,1.04735309018483,,5
median_ensemble,DE,Deaths,2022-02-28,120.855434782609,140.178152173913,0.862155998694208,,5
median_ensemble,FR,Cases,2022-02-28,248573.482717391,248573.482717391,1,,5
median_ensemble,FR,Deaths,2022-02-28,280.44652173913,280.44652173913,1,,5
median_ensemble,GB,Cases,2022-02-28,277790.789239131,277790.789239131,1,,5
median_ensemble,GB,Deaths,2022-02-28,377.988315217391,418.795869565217,0.902559797473191,,5
median_ensemble,PL,Cases,2022-02-28,12374.9344565217,10661.3838043478,1.16072497563357,,5
median_ensemble,PL,Deaths,2022-02-28,107.096304347826,103.000217391304,1.03976775059571,,5
median_ensemble,CZ,Cases,2022-03-07,14886.7160869565,16127.6155434783,0.923057475348639,,5
median_ensemble,CZ,Deaths,2022-03-07,26.4132065217391,36.2782608695652,0.728072567114094,,5
median_ensemble,DE,Cases,2022-03-07,195152.804021739,207524.574891304,0.940384068363734,,5
median_ensemble,DE,Deaths,2022-03-07,85.2879347826087,137.937173913043,0.6183100056579,,5
median_ensemble,FR,Cases,2022-03-07,311058.151847826,311058.151847826,1,,5
median_ensemble,FR,Deaths,2022-03-07,155.894836956522,155.894836956522,1,,5
median_ensemble,GB,Cases,2022-03-07,215627.591630435,215627.591630435,1,,5
median_ensemble,GB,Deaths,2022-03-07,287.898586956522,443.039891304348,0.649825427929127,,5
median_ensemble,PL,Cases,2022-03-07,7844.65847826087,6602.26369565218,1.18817709196118,,5
median_ensemble,PL,Deaths,2022-03-07,98.1511956521739,84.9841304347826,1.15493557620732,,5
median_ensemble,Average,Cases,2021-04-12,14955.1990869565,17856.4232934783,0.83752489740869,average,5
median_ensemble,Average,Deaths,2021-04-12,145.014130434783,131.012119565217,1.10687569147063,average,5
median_ensemble,Average,Cases,2021-04-19,23487.7065217391,20866.5203913043,1.12561682931703,average,5
median_ensemble,Average,Deaths,2021-04-19,205.848173913043,156.748369565217,1.31323964953522,average,5
median_ensemble,Average,Cases,2021-04-26,35899.3040434783,35900.9699673913,0.999953596687929,average,5
median_ensemble,Average,Deaths,2021-04-26,147.352804347826,120.962043478261,1.2181739007601,average,5
median_ensemble,Average,Cases,2021-05-03,28061.0208043478,26565.4370108696,1.05629810617707,average,5
median_ensemble,Average,Deaths,2021-05-03,90.7961304347826,92.4805652173913,0.981786067389952,average,5
median_ensemble,Average,Cases,2021-05-10,25564.9432391304,24773.0021956522,1.0319679075319,average,5
median_ensemble,Average,Deaths,2021-05-10,74.4812173913044,70.1663152173913,1.0614953508752,average,5
median_ensemble,Average,Cases,2021-05-17,21911.3760652174,22317.2965326087,0.981811396071285,average,5
median_ensemble,Average,Deaths,2021-05-17,48.7872173913044,53.3482065217391,0.914505295907629,average,5
median_ensemble,Average,Cases,2021-05-24,8244.35658695652,8095.34863043478,1.01840661388708,average,5
median_ensemble,Average,Deaths,2021-05-24,74.2183260869565,54.2505760869565,1.36806521589733,average,5
median_ensemble,Average,Cases,2021-05-31,5281.19939130435,4847.48313043478,1.08947246420446,average,5
median_ensemble,Average,Deaths,2021-05-31,29.9886521739131,33.6620434782609,0.890874381802753,average,5
median_ensemble,Average,Cases,2021-06-07,4426.32904347826,5826.79858695652,0.759650256898658,average,5
median_ensemble,Average,Deaths,2021-06-07,38.649847826087,31.7766086956522,1.21629869934406,average,5
median_ensemble,Average,Cases,2021-06-14,5011.87586956522,4893.23969565217,1.02424491365474,average,5
median_ensemble,Average,Deaths,2021-06-14,27.3107173913044,25.4189239130435,1.07442460919009,average,5
median_ensemble,Average,Cases,2021-06-21,16634.1693478261,15340.0707173913,1.08436066914396,average,5
median_ensemble,Average,Deaths,2021-06-21,22.1968695652174,22.3778043478261,0.991914542651443,average,5
median_ensemble,Average,Cases,2021-06-28,14051.2299782609,14223.1756413043,0.987910880988902,average,5
median_ensemble,Average,Deaths,2021-06-28,17.7163695652174,19.5808043478261,0.904782523256472,average,5
median_ensemble,Average,Cases,2021-07-05,38769.6365,32698.6951521739,1.18566310733725,average,5
median_ensemble,Average,Deaths,2021-07-05,21.1156086956522,24.0433804347826,0.878229613049963,average,5
median_ensemble,Average,Cases,2021-07-12,33134.5095217391,29198.8056956522,1.13478989062464,average,5
median_ensemble,Average,Deaths,2021-07-12,27.1588260869565,23.6353695652174,1.14907558403167,average,5
median_ensemble,Average,Cases,2021-07-19,61083.9882391305,51314.60875,1.19038203207835,average,5
median_ensemble,Average,Deaths,2021-07-19,46.3681956521739,39.4072826086957,1.17664027008912,average,5
median_ensemble,Average,Cases,2021-07-26,32627.6824347826,54918.3826521739,0.594112223614274,average,5
median_ensemble,Average,Deaths,2021-07-26,53.7628260869565,108.249391304348,0.496657075288304,average,5
median_ensemble,Average,Cases,2021-08-02,10384.0914565217,13537.7248478261,0.767048493985992,average,5
median_ensemble,Average,Deaths,2021-08-02,82.158347826087,71.5548695652174,1.1481866758377,average,5
median_ensemble,Average,Cases,2021-08-09,8593.66158695652,8968.13835869565,0.958243644693992,average,5
median_ensemble,Average,Deaths,2021-08-09,64.7967608695652,60.068597826087,1.07871272536055,average,5
median_ensemble,Average,Cases,2021-08-16,10071.2608913043,8665.08007608696,1.16228134106897,average,5
median_ensemble,Average,Deaths,2021-08-16,72.3413043478261,67.131,1.07761398382008,average,5
median_ensemble,Average,Cases,2021-08-23,20920.9610217391,13490.2320869565,1.55082291297029,average,5
median_ensemble,Average,Deaths,2021-08-23,55.5706739130435,55.1696086956522,1.00726967667296,average,5
median_ensemble,Average,Cases,2021-08-30,25239.5951521739,15626.638,1.61516476878609,average,5
median_ensemble,Average,Deaths,2021-08-30,40.8848043478261,48.4001956521739,0.844723947846061,average,5
median_ensemble,Average,Cases,2021-09-06,14703.6886304348,13290.7315652174,1.10631145910096,average,5
median_ensemble,Average,Deaths,2021-09-06,44.2766521739131,40.6023804347826,1.0904939981298,average,5
median_ensemble,Average,Cases,2021-09-13,8457.16876086956,7709.21834782609,1.09702026577758,average,5
median_ensemble,Average,Deaths,2021-09-13,58.8891956521739,41.2175,1.42874254023592,average,5
median_ensemble,Average,Cases,2021-09-20,11194.5284130435,9737.10405434783,1.14967739386999,average,5
median_ensemble,Average,Deaths,2021-09-20,47.3519130434783,33.9917282608696,1.39304223310083,average,5
median_ensemble,Average,Cases,2021-09-27,11938.6359782609,12516.2566195652,0.953850367656938,average,5
median_ensemble,Average,Deaths,2021-09-27,39.499652173913,37.0815217391304,1.06521119742049,average,5
median_ensemble,Average,Cases,2021-10-04,16674.0758695652,19086.6696086957,0.873597972375899,average,5
median_ensemble,Average,Deaths,2021-10-04,69.5174130434783,69.7026847826087,0.997341971263972,average,5
median_ensemble,Average,Cases,2021-10-11,18469.9832173913,18643.4759673913,0.990694184372944,average,5
median_ensemble,Average,Deaths,2021-10-11,94.9015869565218,87.2461739130435,1.08774497149993,average,5
median_ensemble,Average,Cases,2021-10-18,25469.6377173913,25302.9543152174,1.0065875075336,average,5
median_ensemble,Average,Deaths,2021-10-18,118.95952173913,97.262347826087,1.22307886245806,average,5
median_ensemble,Average,Cases,2021-10-25,31272.5384347826,25154.2177065217,1.24323239941883,average,5
median_ensemble,Average,Deaths,2021-10-25,84.2130652173913,106.40052173913,0.791472295820713,average,5
median_ensemble,Average,Cases,2021-11-01,23331.8190217391,20830.9653369565,1.12005462273733,average,5
median_ensemble,Average,Deaths,2021-11-01,117.047391304348,98.4190652173913,1.18927558441863,average,5
median_ensemble,Average,Cases,2021-11-08,44455.7185,41717.9302065217,1.06562617751947,average,5
median_ensemble,Average,Deaths,2021-11-08,133.72897826087,110.459010869565,1.21066608516695,average,5
median_ensemble,Average,Cases,2021-11-15,69256.7384347826,44550.009673913,1.55458413907679,average,5
median_ensemble,Average,Deaths,2021-11-15,277.010826086957,173.48625,1.59673072699973,average,5
median_ensemble,Average,Cases,2021-11-22,61639.2695652174,58903.1167391304,1.04645174954332,average,5
median_ensemble,Average,Deaths,2021-11-22,378.7255,300.73425,1.25933610820849,average,5
median_ensemble,Average,Cases,2021-11-29,80369.5517391304,85136.2458695652,0.944010989893333,average,5
median_ensemble,Average,Deaths,2021-11-29,357.099,295.157956521739,1.20985727170698,average,5
median_ensemble,Average,Cases,2021-12-06,94577.356673913,103083.250163043,0.917485202730056,average,5
median_ensemble,Average,Deaths,2021-12-06,212.799413043478,167.546217391304,1.27009380669266,average,5
median_ensemble,Average,Cases,2021-12-13,198277.287869565,175151.27426087,1.13203451534273,average,5
median_ensemble,Average,Deaths,2021-12-13,166.364630434783,137.703358695652,1.20813778262647,average,5
median_ensemble,Average,Cases,2021-12-20,231443.902630435,231278.486826087,1.00071522348065,average,5
median_ensemble,Average,Deaths,2021-12-20,174.60302173913,146.202217391304,1.19425700139563,average,5
median_ensemble,Average,Cases,2021-12-27,332693.924413044,317380.158771739,1.04825054502641,average,5
median_ensemble,Average,Deaths,2021-12-27,242.6555,227.206695652174,1.06799449419165,average,5
median_ensemble,Average,Cases,2022-01-03,267837.107489131,280899.262206522,0.953498793073412,average,5
median_ensemble,Average,Deaths,2022-01-03,175.87102173913,185.383315217391,0.948688513488357,average,5
median_ensemble,Average,Cases,2022-01-10,249550.37976087,275415.791913044,0.906085951090487,average,5
median_ensemble,Average,Deaths,2022-01-10,348.067782608696,320.606619565217,1.08565376186156,average,5
median_ensemble,Average,Cases,2022-01-17,172633.588521739,194668.174119565,0.886809512148131,average,5
median_ensemble,Average,Deaths,2022-01-17,383.080413043478,446.447141304348,0.858064432721562,average,5
median_ensemble,Average,Cases,2022-01-24,352192.296304348,283365.871728261,1.24288889892178,average,5
median_ensemble,Average,Deaths,2022-01-24,842.011782608696,362.946717391304,2.31993221666445,average,5
median_ensemble,Average,Cases,2022-01-31,383179.400543478,312019.078934783,1.22806400766143,average,5
median_ensemble,Average,Deaths,2022-01-31,551.266163043478,306.476097826087,1.79872481721658,average,5
median_ensemble,Average,Cases,2022-02-07,202655.585869565,191923.059706522,1.05592098302025,average,5
median_ensemble,Average,Deaths,2022-02-07,407.721510869565,363.07997826087,1.12295233910315,average,5
median_ensemble,Average,Cases,2022-02-14,76818.4411086957,60245.9756086957,1.2750800419872,average,5
median_ensemble,Average,Deaths,2022-02-14,228.08222826087,169.860391304348,1.34276288020674,average,5
median_ensemble,Average,Cases,2022-02-21,86533.1911086957,87618.682326087,0.987611189890399,average,5
median_ensemble,Average,Deaths,2022-02-21,147.650195652174,128.281717391304,1.15098393328949,average,5
median_ensemble,Average,Cases,2022-02-28,165740.230043478,163172.958108696,1.0157334399311,average,5
median_ensemble,Average,Deaths,2022-02-28,184.615086956522,196.969717391304,0.937276498141902,average,5
median_ensemble,Average,Cases,2022-03-07,148913.984413044,151388.039521739,0.983657525941206,average,5
median_ensemble,Average,Deaths,2022-03-07,130.729152173913,171.626858695652,0.76170567455142,average,5
weighted.mean_ensemble,CZ,Cases,2021-04-12,1442.75362676684,1466.66956521739,0.983693710555035,,5
weighted.mean_ensemble,CZ,Deaths,2021-04-12,32.9362011041153,28.1125543478261,1.17158336793619,,5
weighted.mean_ensemble,CZ,Cases,2021-04-19,1274.11855210723,1190.77119565217,1.06999443449706,,5
weighted.mean_ensemble,CZ,Deaths,2021-04-19,25.2304645213197,20.7639673913044,1.21510807861728,,5
weighted.mean_ensemble,CZ,Cases,2021-04-26,1163.57943976305,2377.40782608696,0.489431988485635,,5
weighted.mean_ensemble,CZ,Deaths,2021-04-26,24.866244171113,23.9485869565217,1.03831780205894,,5
weighted.mean_ensemble,CZ,Cases,2021-05-03,1074.44115872265,2149.0277173913,0.499966170760657,,5
weighted.mean_ensemble,CZ,Deaths,2021-05-03,26.6454651239407,33.0164130434783,0.807036945196079,,5
weighted.mean_ensemble,CZ,Cases,2021-05-10,1310.75757918581,1586.90065217391,0.825985909949807,,5
weighted.mean_ensemble,CZ,Deaths,2021-05-10,29.211457029759,40.8302173913044,0.715437215281156,,5
weighted.mean_ensemble,CZ,Cases,2021-05-17,680.346519093943,651.893695652174,1.0436464160208,,5
weighted.mean_ensemble,CZ,Deaths,2021-05-17,25.3201284178026,23.27625,1.08780960927136,,5
weighted.mean_ensemble,CZ,Cases,2021-05-24,438.357614520723,506.792934782609,0.864963941750211,,5
weighted.mean_ensemble,CZ,Deaths,2021-05-24,10.8463272058744,10.441902173913,1.03873097307613,,5
weighted.mean_ensemble,CZ,Cases,2021-05-31,251.236596141259,199.126956521739,1.26169053416849,,5
weighted.mean_ensemble,CZ,Deaths,2021-05-31,10.1215779871866,8.90652173913044,1.13642320578614,,5
weighted.mean_ensemble,CZ,Cases,2021-06-07,237.527943320841,187.318043478261,1.26804625390189,,5
weighted.mean_ensemble,CZ,Deaths,2021-06-07,8.87988328792886,8.41146739130435,1.0556877741818,,5
weighted.mean_ensemble,CZ,Cases,2021-06-14,220.962482391426,233.128804347826,0.947812875416941,,5
weighted.mean_ensemble,CZ,Deaths,2021-06-14,7.08021541309114,5.46336956521739,1.29594297595525,,5
weighted.mean_ensemble,CZ,Cases,2021-06-21,476.308995385007,488.987065217391,0.974072791011869,,5
weighted.mean_ensemble,CZ,Deaths,2021-06-21,5.81817790767275,4.39184782608696,1.32476764634548,,5
weighted.mean_ensemble,CZ,Cases,2021-06-28,446.932530538429,572.845652173913,0.780197124377829,,5
weighted.mean_ensemble,CZ,Deaths,2021-06-28,4.23742758305546,4.12076086956522,1.02831193490307,,5
weighted.mean_ensemble,CZ,Cases,2021-07-05,281.819007097047,337.438260869565,0.835172058944384,,5
weighted.mean_ensemble,CZ,Deaths,2021-07-05,4.18786140068,4.56146739130435,0.918095218364036,,5
weighted.mean_ensemble,CZ,Cases,2021-07-12,702.965758920923,692.418369565217,1.01523268275267,,5
weighted.mean_ensemble,CZ,Deaths,2021-07-12,11.7973942927685,7.8466847826087,1.50348773011961,,5
weighted.mean_ensemble,CZ,Cases,2021-07-19,575.175266766463,532.10847826087,1.08093610657427,,5
weighted.mean_ensemble,CZ,Deaths,2021-07-19,8.57392781540395,8.52923913043478,1.00523946911158,,5
weighted.mean_ensemble,CZ,Cases,2021-07-26,222.909721665611,191.025760869565,1.1669092202586,,5
weighted.mean_ensemble,CZ,Deaths,2021-07-26,7.7614131174707,8.73864130434783,0.888171610111641,,5
weighted.mean_ensemble,CZ,Cases,2021-08-02,266.430094538986,148.727934782609,1.79139241682081,,5
weighted.mean_ensemble,CZ,Deaths,2021-08-02,7.11764701574201,7.15565217391304,0.994688791846313,,5
weighted.mean_ensemble,CZ,Cases,2021-08-09,259.234760171238,160.41902173913,1.6159851703422,,5
weighted.mean_ensemble,CZ,Deaths,2021-08-09,2.73718013030323,2.74097826086957,0.998614315691387,,5
weighted.mean_ensemble,CZ,Cases,2021-08-16,318.274651141198,268.049130434783,1.18737430942211,,5
weighted.mean_ensemble,CZ,Deaths,2021-08-16,3.0881776562646,3.59434782608696,0.85917607468351,,5
weighted.mean_ensemble,CZ,Cases,2021-08-23,442.531569086362,446.721739130435,0.990620178789083,,5
weighted.mean_ensemble,CZ,Deaths,2021-08-23,3.1286934920107,2.92510869565217,1.06959905341676,,5
weighted.mean_ensemble,CZ,Cases,2021-08-30,652.002015360562,609.3125,1.07006177513273,,5
weighted.mean_ensemble,CZ,Deaths,2021-08-30,3.9483641995932,4.07228260869565,0.969570282563926,,5
weighted.mean_ensemble,CZ,Cases,2021-09-06,777.429562062369,726.521630434783,1.0700707721491,,5
weighted.mean_ensemble,CZ,Deaths,2021-09-06,4.82424887589543,4.66125,1.03496891947341,,5
weighted.mean_ensemble,CZ,Cases,2021-09-13,1469.30694008357,509.433586956522,2.88419722943978,,5
weighted.mean_ensemble,CZ,Deaths,2021-09-13,4.64533863271612,5.07722826086957,0.914935944187887,,5
weighted.mean_ensemble,CZ,Cases,2021-09-20,583.117944855754,724.122663043478,0.805275093041442,,5
weighted.mean_ensemble,CZ,Deaths,2021-09-20,4.90094856267462,4.6304347826087,1.05842081635226,,5
weighted.mean_ensemble,CZ,Cases,2021-09-27,3151.87384044238,3790.77576086957,0.831458793468536,,5
weighted.mean_ensemble,CZ,Deaths,2021-09-27,7.02545068021518,7.88130434782609,0.891407103464164,,5
weighted.mean_ensemble,CZ,Cases,2021-10-04,7079.25091164655,6628.5547826087,1.06799312124874,,5
weighted.mean_ensemble,CZ,Deaths,2021-10-04,15.2722687392934,17.2595108695652,0.884861040078716,,5
weighted.mean_ensemble,CZ,Cases,2021-10-11,15037.8810838415,13983.4866304348,1.07540282915649,,5
weighted.mean_ensemble,CZ,Deaths,2021-10-11,49.9041446980558,58.1027717391304,0.858894390135382,,5
weighted.mean_ensemble,CZ,Cases,2021-10-18,11726.5419319087,13532.7582608696,0.866530067696278,,5
weighted.mean_ensemble,CZ,Deaths,2021-10-18,101.614945866547,97.5654347826087,1.04150559153415,,5
weighted.mean_ensemble,CZ,Cases,2021-10-25,5643.5500527699,10860.6039130435,0.519635012744738,,5
weighted.mean_ensemble,CZ,Deaths,2021-10-25,72.5891392958527,128.692717391304,0.564050093643896,,5
weighted.mean_ensemble,CZ,Cases,2021-11-01,8340.52444143706,5803.44701086957,1.43716732931578,,5
weighted.mean_ensemble,CZ,Deaths,2021-11-01,65.892018801139,94.6821739130435,0.695928452822118,,5
weighted.mean_ensemble,CZ,Cases,2021-11-08,29663.3644796363,20957.8892391304,1.41537938965017,,5
weighted.mean_ensemble,CZ,Deaths,2021-11-08,148.408808290671,126.351304347826,1.17457282342036,,5
weighted.mean_ensemble,CZ,Cases,2021-11-15,31126.151469745,21340.8614130435,1.45852366815525,,5
weighted.mean_ensemble,CZ,Deaths,2021-11-15,300.86815670669,202.371576086957,1.48671153589974,,5
weighted.mean_ensemble,CZ,Cases,2021-11-22,45486.4950248658,38063.025,1.19503100515174,,5
weighted.mean_ensemble,CZ,Deaths,2021-11-22,276.258101084533,232.973369565217,1.18579261483875,,5
weighted.mean_ensemble,CZ,Cases,2021-11-29,74702.842553073,81540.1948369565,0.9161474620271,,5
weighted.mean_ensemble,CZ,Deaths,2021-11-29,423.119861384754,425.551739130435,0.994285353525637,,5
weighted.mean_ensemble,CZ,Cases,2021-12-06,36724.9400977037,24703.5763043478,1.48662443223818,,5
weighted.mean_ensemble,CZ,Deaths,2021-12-06,115.861835044163,125.559891304348,0.922761511184507,,5
weighted.mean_ensemble,CZ,Cases,2021-12-13,16460.4491307499,9186.78076086957,1.79175377743442,,5
weighted.mean_ensemble,CZ,Deaths,2021-12-13,86.5982504626901,74.8716304347826,1.15662300873923,,5
weighted.mean_ensemble,CZ,Cases,2021-12-20,17860.1813086885,10098.4534782609,1.76860559363237,,5
weighted.mean_ensemble,CZ,Deaths,2021-12-20,82.1357268924533,54.6176086956522,1.50383235103062,,5
weighted.mean_ensemble,CZ,Cases,2021-12-27,18110.0752754373,57383.4991304348,0.315597263148286,,5
weighted.mean_ensemble,CZ,Deaths,2021-12-27,43.6472496553248,35.4354347826087,1.23174020364345,,5
weighted.mean_ensemble,CZ,Cases,2022-01-03,89085.9969969874,113099.24576087,0.78767985053893,,5
weighted.mean_ensemble,CZ,Deaths,2022-01-03,60.8377400676258,74.4088586956522,0.817614207959632,,5
weighted.mean_ensemble,CZ,Cases,2022-01-10,147752.913930736,163614.054782609,0.903057589563762,,5
weighted.mean_ensemble,CZ,Deaths,2022-01-10,46.7681633351688,44.6,1.04861352769437,,5
weighted.mean_ensemble,CZ,Cases,2022-01-17,140388.020355013,120635.819402174,1.16373413013418,,5
weighted.mean_ensemble,CZ,Deaths,2022-01-17,47.9849021726714,47.570597826087,1.00870925246933,,5
weighted.mean_ensemble,CZ,Cases,2022-01-24,111497.498251425,68262.2880978261,1.63336889750369,,5
weighted.mean_ensemble,CZ,Deaths,2022-01-24,74.2208967704245,75.3805434782609,0.98461610046403,,5
weighted.mean_ensemble,CZ,Cases,2022-01-31,110393.601216575,142710.75173913,0.773547892301556,,5
weighted.mean_ensemble,CZ,Deaths,2022-01-31,94.1374746024448,175.424619565217,0.536626357439227,,5
weighted.mean_ensemble,CZ,Cases,2022-02-07,43894.9837057797,64345.94625,0.682171702553519,,5
weighted.mean_ensemble,CZ,Deaths,2022-02-07,47.1122158946822,43.5443478260869,1.08193642221592,,5
weighted.mean_ensemble,CZ,Cases,2022-02-14,10571.1815835999,10019.8354347826,1.05502546947062,,5
weighted.mean_ensemble,CZ,Deaths,2022-02-14,66.2559778819091,42.5658152173913,1.55655371672145,,5
weighted.mean_ensemble,CZ,Cases,2022-02-21,11675.8145110151,10100.8373913043,1.15592540090454,,5
weighted.mean_ensemble,CZ,Deaths,2022-02-21,62.0131264342333,52.61625,1.1785926673648,,5
weighted.mean_ensemble,CZ,Cases,2022-02-28,18456.8077220692,18567.9911956522,0.994012089277112,,5
weighted.mean_ensemble,CZ,Deaths,2022-02-28,36.5472225799695,42.4278260869565,0.861397482516907,,5
weighted.mean_ensemble,CZ,Cases,2022-03-07,14336.58537929,16127.6155434783,0.888946375280345,,5
weighted.mean_ensemble,CZ,Deaths,2022-03-07,24.5498044131313,36.2782608695652,0.676708415031184,,5
weighted.mean_ensemble,DE,Cases,2021-04-12,14277.1446193197,13536.7779891304,1.05469297278745,,5
weighted.mean_ensemble,DE,Deaths,2021-04-12,111.646067328657,139.261956521739,0.801698253544419,,5
weighted.mean_ensemble,DE,Cases,2021-04-19,26653.1081938496,29133.4591304348,0.914862463620255,,5
weighted.mean_ensemble,DE,Deaths,2021-04-19,113.608898836868,207.764347826087,0.546816140620845,,5
weighted.mean_ensemble,DE,Cases,2021-04-26,34527.6317920325,38831.9802173913,0.889154547327693,,5
weighted.mean_ensemble,DE,Deaths,2021-04-26,102.017957288075,137.62652173913,0.741266697718691,,5
weighted.mean_ensemble,DE,Cases,2021-05-03,37599.6150270699,27765.1694021739,1.35420081478509,,5
weighted.mean_ensemble,DE,Deaths,2021-05-03,180.112255544556,101.690434782609,1.7711818808681,,5
weighted.mean_ensemble,DE,Cases,2021-05-10,16229.024538257,15884.2697826087,1.0217041614356,,5
weighted.mean_ensemble,DE,Deaths,2021-05-10,81.4709793820129,78.1940217391304,1.04190803299279,,5
weighted.mean_ensemble,DE,Cases,2021-05-17,3950.8400989424,3014.46076086957,1.31062913481174,,5
weighted.mean_ensemble,DE,Deaths,2021-05-17,72.2081347068958,59.1986956521739,1.21975888001249,,5
weighted.mean_ensemble,DE,Cases,2021-05-24,6531.73091511006,8713.84505434783,0.749580796350173,,5
weighted.mean_ensemble,DE,Deaths,2021-05-24,96.1014105296848,50.7050543478261,1.89530238682813,,5
weighted.mean_ensemble,DE,Cases,2021-05-31,1365.96007185921,1835.58195652174,0.744156406095633,,5
weighted.mean_ensemble,DE,Deaths,2021-05-31,42.3079742747218,48.7001086956522,0.868744966035341,,5
weighted.mean_ensemble,DE,Cases,2021-06-07,1522.91475783046,1793.64076086957,0.84906341952897,,5
weighted.mean_ensemble,DE,Deaths,2021-06-07,48.4593489227115,50.9749456521739,0.950650330328403,,5
weighted.mean_ensemble,DE,Cases,2021-06-14,1252.8076277488,1481.86054347826,0.845428831520255,,5
weighted.mean_ensemble,DE,Deaths,2021-06-14,35.0255525816447,40.2708695652174,0.869749100523442,,5
weighted.mean_ensemble,DE,Cases,2021-06-21,1686.79844058992,1550.90967391304,1.08761874979735,,5
weighted.mean_ensemble,DE,Deaths,2021-06-21,29.2232642227926,31.9963043478261,0.913332486936984,,5
weighted.mean_ensemble,DE,Cases,2021-06-28,4256.58041065415,3635.72152173913,1.17076634863333,,5
weighted.mean_ensemble,DE,Deaths,2021-06-28,20.504008951681,26.9844565217391,0.759845169946729,,5
weighted.mean_ensemble,DE,Cases,2021-07-05,3771.66785145757,4029.78869565217,0.93594680423986,,5
weighted.mean_ensemble,DE,Deaths,2021-07-05,18.0914776434565,22.4128260869565,0.80719305870959,,5
weighted.mean_ensemble,DE,Cases,2021-07-12,2437.04062178698,3078.42918478261,0.791650700894417,,5
weighted.mean_ensemble,DE,Deaths,2021-07-12,23.1695859002234,17.4077173913044,1.33099506267245,,5
weighted.mean_ensemble,DE,Cases,2021-07-19,5048.47890904155,2607.75956521739,1.93594493003832,,5
weighted.mean_ensemble,DE,Deaths,2021-07-19,43.88854925134,23.8509782608696,1.8401152678649,,5
weighted.mean_ensemble,DE,Cases,2021-07-26,2857.45549965737,2592.4652173913,1.10221555934036,,5
weighted.mean_ensemble,DE,Deaths,2021-07-26,103.083967258403,102.158260869565,1.00906149322588,,5
weighted.mean_ensemble,DE,Cases,2021-08-02,4112.25065941284,4832.54130434783,0.850949924776238,,5
weighted.mean_ensemble,DE,Deaths,2021-08-02,79.1495480757726,109.809456521739,0.720789908108718,,5
weighted.mean_ensemble,DE,Cases,2021-08-09,7269.51675905388,10201.9520652174,0.712561352237541,,5
weighted.mean_ensemble,DE,Deaths,2021-08-09,25.6364545859659,59.4744565217391,0.431049833580156,,5
weighted.mean_ensemble,DE,Cases,2021-08-16,10011.7933382832,6106.12510869565,1.63963121620708,,5
weighted.mean_ensemble,DE,Deaths,2021-08-16,39.5266873687406,27.1496739130435,1.45588074079044,,5
weighted.mean_ensemble,DE,Cases,2021-08-23,60528.0091956025,27438.1152173913,2.20598276215553,,5
weighted.mean_ensemble,DE,Deaths,2021-08-23,78.1000493989214,62.4788586956522,1.25002362446093,,5
weighted.mean_ensemble,DE,Cases,2021-08-30,71916.470771606,44869.5389673913,1.60279049944932,,5
weighted.mean_ensemble,DE,Deaths,2021-08-30,30.6686213075336,30.6541304347826,1.00047272170326,,5
weighted.mean_ensemble,DE,Cases,2021-09-06,35355.8888044559,29440.6620652174,1.20092030288365,,5
weighted.mean_ensemble,DE,Deaths,2021-09-06,46.7809561696573,34.6486956521739,1.35015056957049,,5
weighted.mean_ensemble,DE,Cases,2021-09-13,18325.0177921323,9392.32320652174,1.9510633726284,,5
weighted.mean_ensemble,DE,Deaths,2021-09-13,38.9572901173258,43.330652173913,0.899070015400778,,5
weighted.mean_ensemble,DE,Cases,2021-09-20,4439.5830004006,4933.83336956522,0.899824268040051,,5
weighted.mean_ensemble,DE,Deaths,2021-09-20,32.9867525611439,43.6676630434783,0.755404577714641,,5
weighted.mean_ensemble,DE,Cases,2021-09-27,13987.5788673986,11975.1623913043,1.16804920136662,,5
weighted.mean_ensemble,DE,Deaths,2021-09-27,38.3693721635866,36.3751086956522,1.05482494869281,,5
weighted.mean_ensemble,DE,Cases,2021-10-04,21259.2156119804,15286.4033695652,1.39072711206266,,5
weighted.mean_ensemble,DE,Deaths,2021-10-04,79.2964079559292,54.2392391304348,1.46197493230384,,5
weighted.mean_ensemble,DE,Cases,2021-10-11,29395.3982205371,30576.7833695652,0.961363328027368,,5
weighted.mean_ensemble,DE,Deaths,2021-10-11,117.177458155301,87.1671195652174,1.34428507836181,,5
weighted.mean_ensemble,DE,Cases,2021-10-18,54265.3003257697,55266.4732608696,0.981884624148639,,5
weighted.mean_ensemble,DE,Deaths,2021-10-18,183.821470955479,151.710652173913,1.21165830033316,,5
weighted.mean_ensemble,DE,Cases,2021-10-25,15191.9274704345,32965.7807065217,0.460839305026044,,5
weighted.mean_ensemble,DE,Deaths,2021-10-25,66.1161606083702,121.45652173913,0.544360728116167,,5
weighted.mean_ensemble,DE,Cases,2021-11-01,27975.3204170002,28177.1170108696,0.992838281013934,,5
weighted.mean_ensemble,DE,Deaths,2021-11-01,215.715995774832,82.0348913043478,2.62956398606698,,5
weighted.mean_ensemble,DE,Cases,2021-11-08,22322.8395924669,55359.6719565217,0.403232873381164,,5
weighted.mean_ensemble,DE,Deaths,2021-11-08,151.919434959064,93.2020108695652,1.63000168710601,,5
weighted.mean_ensemble,DE,Cases,2021-11-15,109887.942845433,47485.2813043478,2.31414745426329,,5
weighted.mean_ensemble,DE,Deaths,2021-11-15,549.779730403939,246.956847826087,2.22621779976357,,5
weighted.mean_ensemble,DE,Cases,2021-11-22,162679.366863727,117190.0375,1.38816720545658,,5
weighted.mean_ensemble,DE,Deaths,2021-11-22,360.920056270848,241.258260869565,1.49599045839917,,5
weighted.mean_ensemble,DE,Cases,2021-11-29,146606.756031605,145713.154836957,1.00613260481285,,5
weighted.mean_ensemble,DE,Deaths,2021-11-29,294.946728749483,251.013804347826,1.1750219455691,,5
weighted.mean_ensemble,DE,Cases,2021-12-06,55273.4994031497,61549.5110869565,0.898033118818115,,5
weighted.mean_ensemble,DE,Deaths,2021-12-06,221.861978997154,183.082065217391,1.21181710908556,,5
weighted.mean_ensemble,DE,Cases,2021-12-13,34931.2429103094,35019.2485869565,0.997486934180539,,5
weighted.mean_ensemble,DE,Deaths,2021-12-13,376.715052814236,210.22097826087,1.79199552742429,,5
weighted.mean_ensemble,DE,Cases,2021-12-20,84918.4661797305,82775.1929891305,1.02589269940913,,5
weighted.mean_ensemble,DE,Deaths,2021-12-20,171.166800712466,138.626956521739,1.2347295577078,,5
weighted.mean_ensemble,DE,Cases,2021-12-27,94646.723878342,250160.288043478,0.378344319230606,,5
weighted.mean_ensemble,DE,Deaths,2021-12-27,203.185320700336,228.866413043478,0.887790034362695,,5
weighted.mean_ensemble,DE,Cases,2022-01-03,559568.794347835,352812.420326087,1.58602351309133,,5
weighted.mean_ensemble,DE,Deaths,2022-01-03,363.978379356673,201.471195652174,1.80660256757028,,5
weighted.mean_ensemble,DE,Cases,2022-01-10,132482.504057113,119748.737391304,1.10633737727187,,5
weighted.mean_ensemble,DE,Deaths,2022-01-10,1073.04252986046,483.949673913043,2.21726057005933,,5
weighted.mean_ensemble,DE,Cases,2022-01-17,109620.258171191,119823.167391304,0.91485027943892,,5
weighted.mean_ensemble,DE,Deaths,2022-01-17,505.546262847483,382.152391304348,1.32289179487265,,5
weighted.mean_ensemble,DE,Cases,2022-01-24,390390.439010148,85788.7776086957,4.55060032200036,,5
weighted.mean_ensemble,DE,Deaths,2022-01-24,131.786132734457,286.693695652174,0.459675726160174,,5
weighted.mean_ensemble,DE,Cases,2022-01-31,446329.24144172,212440.150217391,2.10096462926141,,5
weighted.mean_ensemble,DE,Deaths,2022-01-31,117.305662523651,167.917717391304,0.698590144899896,,5
weighted.mean_ensemble,DE,Cases,2022-02-07,402736.174234817,233892.076195652,1.72188891896417,,5
weighted.mean_ensemble,DE,Deaths,2022-02-07,170.155112747863,149.720869565217,1.13648226357478,,5
weighted.mean_ensemble,DE,Cases,2022-02-14,193488.898230144,103214.074565217,1.87463675903895,,5
weighted.mean_ensemble,DE,Deaths,2022-02-14,122.415376197529,96.9526086956522,1.26263107145274,,5
weighted.mean_ensemble,DE,Cases,2022-02-21,164881.455956272,143345.581032609,1.15023745251529,,5
weighted.mean_ensemble,DE,Deaths,2022-02-21,119.904444264044,136.923043478261,0.87570682931161,,5
weighted.mean_ensemble,DE,Cases,2022-02-28,268751.274094528,260271.143586957,1.03258190820043,,5
weighted.mean_ensemble,DE,Deaths,2022-02-28,108.891538825229,140.178152173913,0.776808205390897,,5
weighted.mean_ensemble,DE,Cases,2022-03-07,181939.25847568,207524.574891304,0.876711871695076,,5
weighted.mean_ensemble,DE,Deaths,2022-03-07,91.0210093882578,137.937173913043,0.659872946546216,,5
weighted.mean_ensemble,FR,Cases,2021-04-12,57197.6765393678,48169.5078804348,1.1874249718586,,5
weighted.mean_ensemble,FR,Deaths,2021-04-12,246.108460531933,259.95027173913,0.946752080255227,,5
weighted.mean_ensemble,FR,Cases,2021-04-19,77300.0961712783,53654.6421739131,1.4406972638215,,5
weighted.mean_ensemble,FR,Deaths,2021-04-19,261.844675870317,353.267608695652,0.741207711731935,,5
weighted.mean_ensemble,FR,Cases,2021-04-26,153961.935137723,132008.749836957,1.16630098632008,,5
weighted.mean_ensemble,FR,Deaths,2021-04-26,236.210579541753,269.893423913044,0.875199462502863,,5
weighted.mean_ensemble,FR,Cases,2021-05-03,97649.1764028842,97406.355326087,1.00249286687695,,5
weighted.mean_ensemble,FR,Deaths,2021-05-03,104.692760636013,216.115652173913,0.484429330235481,,5
weighted.mean_ensemble,FR,Cases,2021-05-10,102575.066571911,98018.0625543478,1.04649147206961,,5
weighted.mean_ensemble,FR,Deaths,2021-05-10,142.876733492833,127.557608695652,1.12009573520409,,5
weighted.mean_ensemble,FR,Cases,2021-05-17,94222.2392926189,93609.6234782609,1.0065443678929,,5
weighted.mean_ensemble,FR,Deaths,2021-05-17,95.4872614026325,93.4338043478261,1.02197766717453,,5
weighted.mean_ensemble,FR,Cases,2021-05-24,8521.58528776963,9026.72369565217,0.944039673206587,,5
weighted.mean_ensemble,FR,Deaths,2021-05-24,130.590633339891,122.513586956522,1.06592776021026,,5
weighted.mean_ensemble,FR,Cases,2021-05-31,5736.42975243683,4840.98891304348,1.18497064452693,,5
weighted.mean_ensemble,FR,Deaths,2021-05-31,53.7746097643987,62.4085869565217,0.861654018891053,,5
weighted.mean_ensemble,FR,Cases,2021-06-07,11040.6718898707,14553.0702173913,0.758648980933029,,5
weighted.mean_ensemble,FR,Deaths,2021-06-07,62.0558625772703,49.0535326086957,1.26506408972205,,5
weighted.mean_ensemble,FR,Cases,2021-06-14,6987.14475163148,5086.19739130435,1.37374628117601,,5
weighted.mean_ensemble,FR,Deaths,2021-06-14,58.1781097230538,45.0498369565217,1.29141665438662,,5
weighted.mean_ensemble,FR,Cases,2021-06-21,9935.8922375051,11416.744673913,0.870291183809019,,5
weighted.mean_ensemble,FR,Deaths,2021-06-21,31.5382323203115,32.7422826086957,0.963226440172976,,5
weighted.mean_ensemble,FR,Cases,2021-06-28,42834.2833303118,40474.5481521739,1.05830170529059,,5
weighted.mean_ensemble,FR,Deaths,2021-06-28,22.9816921724376,27.0605434782609,0.84926942398256,,5
weighted.mean_ensemble,FR,Cases,2021-07-05,45429.897387658,63389.0876086957,0.716683251036823,,5
weighted.mean_ensemble,FR,Deaths,2021-07-05,29.1833869427904,30.5835869565217,0.954217272953565,,5
weighted.mean_ensemble,FR,Cases,2021-07-12,34305.9722077914,31214.1509782609,1.09905190859376,,5
weighted.mean_ensemble,FR,Deaths,2021-07-12,59.7875204929278,26.9430434782609,2.21903366415037,,5
weighted.mean_ensemble,FR,Cases,2021-07-19,34856.2741282075,27471.3414130435,1.26882315661723,,5
weighted.mean_ensemble,FR,Deaths,2021-07-19,101.548343493407,79.0440217391304,1.28470618345494,,5
weighted.mean_ensemble,FR,Cases,2021-07-26,311306.638548039,232343.429347826,1.33985557251116,,5
weighted.mean_ensemble,FR,Deaths,2021-07-26,177.775223266574,370.298695652174,0.480086009899317,,5
weighted.mean_ensemble,FR,Cases,2021-08-02,65938.9848370609,21971.7364130435,3.00108209917885,,5
weighted.mean_ensemble,FR,Deaths,2021-08-02,169.79681193864,70.4975,2.40855082717317,,5
weighted.mean_ensemble,FR,Cases,2021-08-09,20086.5920253565,17281.2047282609,1.16233748405907,,5
weighted.mean_ensemble,FR,Deaths,2021-08-09,75.3160329042983,63.7803804347826,1.18086521891025,,5
weighted.mean_ensemble,FR,Cases,2021-08-16,37221.3133962891,19917.1479891304,1.86880739233359,,5
weighted.mean_ensemble,FR,Deaths,2021-08-16,65.8257787464266,78.0733152173913,0.843127751948767,,5
weighted.mean_ensemble,FR,Cases,2021-08-23,26595.6685137689,20825.2663043478,1.27708659880217,,5
weighted.mean_ensemble,FR,Deaths,2021-08-23,184.083133122225,63.4608152173913,2.90073697433023,,5
weighted.mean_ensemble,FR,Cases,2021-08-30,20941.710985207,16074.4796195652,1.30279246861078,,5
weighted.mean_ensemble,FR,Deaths,2021-08-30,104.578250310945,65.5710869565217,1.59488358611911,,5
weighted.mean_ensemble,FR,Cases,2021-09-06,8247.5789715538,9260.86130434783,0.890584439233713,,5
weighted.mean_ensemble,FR,Deaths,2021-09-06,47.8653343463244,49.6246739130435,0.964547080555089,,5
weighted.mean_ensemble,FR,Cases,2021-09-13,5712.46917236539,6362.61255434783,0.897818171949168,,5
weighted.mean_ensemble,FR,Deaths,2021-09-13,65.3602353019446,67.2540217391304,0.971841290851994,,5
weighted.mean_ensemble,FR,Cases,2021-09-20,5584.84758330297,5717.40260869565,0.976815516683908,,5
weighted.mean_ensemble,FR,Deaths,2021-09-20,39.6078286578584,31.7951086956522,1.24572081312855,,5
weighted.mean_ensemble,FR,Cases,2021-09-27,6950.1639264264,6505.03,1.06842918886253,,5
weighted.mean_ensemble,FR,Deaths,2021-09-27,34.0660596056375,26.6479347826087,1.27837522432958,,5
weighted.mean_ensemble,FR,Cases,2021-10-04,8483.3025780168,7206.2089673913,1.17722128464557,,5
weighted.mean_ensemble,FR,Deaths,2021-10-04,27.3655324166653,28.1897826086957,0.970760675828126,,5
weighted.mean_ensemble,FR,Cases,2021-10-11,12847.9053435911,11915.098423913,1.07828780648643,,5
weighted.mean_ensemble,FR,Deaths,2021-10-11,33.812464944782,33.3976086956522,1.01242173512812,,5
weighted.mean_ensemble,FR,Cases,2021-10-18,10404.6251915963,7986.25733695652,1.30281616940249,,5
weighted.mean_ensemble,FR,Deaths,2021-10-18,32.3564936867843,32.159347826087,1.00613028167622,,5
weighted.mean_ensemble,FR,Cases,2021-10-25,15170.0217434121,12669.6185869565,1.19735425650696,,5
weighted.mean_ensemble,FR,Deaths,2021-10-25,45.1600463022048,43.3024456521739,1.04289828489023,,5
weighted.mean_ensemble,FR,Cases,2021-11-01,39240.6615129677,42042.4265217391,0.933358627449282,,5
weighted.mean_ensemble,FR,Deaths,2021-11-01,62.1848314468895,63.9125,0.972968221347772,,5
weighted.mean_ensemble,FR,Cases,2021-11-08,76761.7684478406,74220.7824456522,1.0342355054536,,5
weighted.mean_ensemble,FR,Deaths,2021-11-08,78.7499562000519,78.8205434782609,0.999104455829736,,5
weighted.mean_ensemble,FR,Cases,2021-11-15,66619.4339319222,87639.5603804348,0.760152534343323,,5
weighted.mean_ensemble,FR,Deaths,2021-11-15,124.814630564904,171.51847826087,0.727703696012671,,5
weighted.mean_ensemble,FR,Cases,2021-11-22,40438.8371484768,67023.5869565217,0.603352326916039,,5
weighted.mean_ensemble,FR,Deaths,2021-11-22,91.7201450215305,134.188913043478,0.683515075435572,,5
weighted.mean_ensemble,FR,Cases,2021-11-29,40621.1980402223,46062.2334782609,0.881876430490361,,5
weighted.mean_ensemble,FR,Deaths,2021-11-29,122.30901637906,93.5488043478261,1.30743537805464,,5
weighted.mean_ensemble,FR,Cases,2021-12-06,85878.7379589146,116884.642282609,0.734730724942232,,5
weighted.mean_ensemble,FR,Deaths,2021-12-06,373.804907344151,249.877282608696,1.49595394764047,,5
weighted.mean_ensemble,FR,Cases,2021-12-13,306548.404707948,376920.359945652,0.813297548458642,,5
weighted.mean_ensemble,FR,Deaths,2021-12-13,176.807950799782,129.078315217391,1.36977268801507,,5
weighted.mean_ensemble,FR,Cases,2021-12-20,801868.617153237,810938.149130435,0.98881600034858,,5
weighted.mean_ensemble,FR,Deaths,2021-12-20,131.609439920074,81.0241304347826,1.62432400340301,,5
weighted.mean_ensemble,FR,Cases,2021-12-27,1046953.87607144,1002695.33173913,1.0441395735388,,5
weighted.mean_ensemble,FR,Deaths,2021-12-27,94.8213053973811,113.833315217391,0.83298378173646,,5
weighted.mean_ensemble,FR,Cases,2022-01-03,901655.375457103,408216.496195652,2.20876761194127,,5
weighted.mean_ensemble,FR,Deaths,2022-01-03,562.22134444569,188.845326086957,2.97715255174919,,5
weighted.mean_ensemble,FR,Cases,2022-01-10,687194.186452446,498566.48298913,1.37834012092511,,5
weighted.mean_ensemble,FR,Deaths,2022-01-10,536.521263300522,369.060543478261,1.45374864038297,,5
weighted.mean_ensemble,FR,Cases,2022-01-17,306213.199462664,451676.080434783,0.677948673234818,,5
weighted.mean_ensemble,FR,Deaths,2022-01-17,164.373984527217,290.366956521739,0.566090530741609,,5
weighted.mean_ensemble,FR,Cases,2022-01-24,651167.345885173,910032.602065217,0.715542876604004,,5
weighted.mean_ensemble,FR,Deaths,2022-01-24,160.712740496069,284.55875,0.564778768869587,,5
weighted.mean_ensemble,FR,Cases,2022-01-31,977932.078835796,785885.062173913,1.24437036139947,,5
weighted.mean_ensemble,FR,Deaths,2022-01-31,218.925403637026,240.846793478261,0.90898201497869,,5
weighted.mean_ensemble,FR,Cases,2022-02-07,497976.677976713,336326.47826087,1.48063477057093,,5
weighted.mean_ensemble,FR,Deaths,2022-02-07,260.371179344212,202.886793478261,1.28333231986394,,5
weighted.mean_ensemble,FR,Cases,2022-02-14,77048.7290001832,73456.9247826087,1.04889674088868,,5
weighted.mean_ensemble,FR,Deaths,2022-02-14,554.893432480409,377.385,1.4703643029808,,5
weighted.mean_ensemble,FR,Cases,2022-02-21,139287.35016125,171491.482228261,0.812211477511481,,5
weighted.mean_ensemble,FR,Deaths,2022-02-21,171.968750656215,169.796304347826,1.01279442633768,,5
weighted.mean_ensemble,FR,Cases,2022-02-28,246392.945670549,248573.482717391,0.991227797015979,,5
weighted.mean_ensemble,FR,Deaths,2022-02-28,847.646476671372,280.44652173913,3.0224888203814,,5
weighted.mean_ensemble,FR,Cases,2022-03-07,301068.137412708,311058.151847826,0.967883772292182,,5
weighted.mean_ensemble,FR,Deaths,2022-03-07,149.016831622741,155.894836956522,0.955880480277236,,5
weighted.mean_ensemble,GB,Cases,2021-04-12,5530.53423481599,5043.48777173913,1.09656937522601,,5
weighted.mean_ensemble,GB,Deaths,2021-04-12,32.4652409573713,41.0977717391304,0.789951366790531,,5
weighted.mean_ensemble,GB,Cases,2021-04-19,1517.13215174138,2292.33673913044,0.661827787272161,,5
weighted.mean_ensemble,GB,Deaths,2021-04-19,19.679083821005,17.7688043478261,1.10750748535383,,5
weighted.mean_ensemble,GB,Cases,2021-04-26,2201.78566104064,2126.60934782609,1.03535031635754,,5
weighted.mean_ensemble,GB,Deaths,2021-04-26,18.077151286245,14.929347826087,1.21084668244233,,5
weighted.mean_ensemble,GB,Cases,2021-05-03,2330.78753100967,1683.55315217391,1.38444546761117,,5
weighted.mean_ensemble,GB,Deaths,2021-05-03,14.027078448222,10.2663043478261,1.36632209342131,,5
weighted.mean_ensemble,GB,Cases,2021-05-10,4589.43840724999,4421.32461956522,1.0380233984496,,5
weighted.mean_ensemble,GB,Deaths,2021-05-10,8.61484909783766,10.4979891304348,0.820618976720247,,5
weighted.mean_ensemble,GB,Cases,2021-05-17,8640.00400323895,9673.26592391304,0.893183757295477,,5
weighted.mean_ensemble,GB,Deaths,2021-05-17,8.85027598715932,8.85217391304348,0.999785597763578,,5
weighted.mean_ensemble,GB,Cases,2021-05-24,18901.654508615,21411.5259782609,0.882779421130745,,5
weighted.mean_ensemble,GB,Deaths,2021-05-24,23.679136334408,23.6632065217391,1.00067318909862,,5
weighted.mean_ensemble,GB,Cases,2021-05-31,16363.0768392977,17098.0723913043,0.957012958233792,,5
weighted.mean_ensemble,GB,Deaths,2021-05-31,10.5686777758044,13.2704347826087,0.796407800417732,,5
weighted.mean_ensemble,GB,Cases,2021-06-07,14019.9814664274,12449.9569565217,1.12610682232787,,5
weighted.mean_ensemble,GB,Deaths,2021-06-07,31.1072981893857,24.3733152173913,1.27628506470837,,5
weighted.mean_ensemble,GB,Cases,2021-06-14,23079.9508813244,17458.8858695652,1.32196012126742,,5
weighted.mean_ensemble,GB,Deaths,2021-06-14,25.8198315687171,25.1922826086957,1.02491036520068,,5
weighted.mean_ensemble,GB,Cases,2021-06-21,67014.9442182469,63172.4954347826,1.06082471108698,,5
weighted.mean_ensemble,GB,Deaths,2021-06-21,19.7628645057667,34.8577173913044,0.566958079438005,,5
weighted.mean_ensemble,GB,Cases,2021-06-28,20225.1637764935,26321.1841304348,0.768398704111014,,5
weighted.mean_ensemble,GB,Deaths,2021-06-28,28.2625881112475,34.2927717391304,0.824155840369063,,5
weighted.mean_ensemble,GB,Cases,2021-07-05,162724.656128123,95610.5691304348,1.70195259381971,,5
weighted.mean_ensemble,GB,Deaths,2021-07-05,38.8442124493265,57.7308695652174,0.67284994565074,,5
weighted.mean_ensemble,GB,Cases,2021-07-12,124644.603435413,110810.593913043,1.12484374493313,,5
weighted.mean_ensemble,GB,Deaths,2021-07-12,60.0908744899363,60.6806521739131,0.990280630434123,,5
weighted.mean_ensemble,GB,Cases,2021-07-19,286893.279002597,225848.945543478,1.27028832617404,,5
weighted.mean_ensemble,GB,Deaths,2021-07-19,83.1419184897386,78.563152173913,1.05828134677806,,5
weighted.mean_ensemble,GB,Cases,2021-07-26,34991.7152227086,39314.3890217391,0.89004855711632,,5
weighted.mean_ensemble,GB,Deaths,2021-07-26,51.3211808190643,54.4948913043478,0.941761320936329,,5
weighted.mean_ensemble,GB,Cases,2021-08-02,27825.357936876,40584.2334782609,0.685619896006678,,5
weighted.mean_ensemble,GB,Deaths,2021-08-02,251.257719501936,165.367282608696,1.51939195914878,,5
weighted.mean_ensemble,GB,Cases,2021-08-09,34111.4058727403,17022.5809782609,2.00389153186013,,5
weighted.mean_ensemble,GB,Deaths,2021-08-09,203.0028502486,167.005489130435,1.21554597579754,,5
weighted.mean_ensemble,GB,Cases,2021-08-16,28411.1824678739,16825.6944565217,1.68855927708003,,5
weighted.mean_ensemble,GB,Deaths,2021-08-16,187.310191574655,222.007173913044,0.843712337187902,,5
weighted.mean_ensemble,GB,Cases,2021-08-23,17850.2058267526,18266.4993478261,0.97720999994873,,5
weighted.mean_ensemble,GB,Deaths,2021-08-23,136.598251598608,139.599782608696,0.978499028050057,,5
weighted.mean_ensemble,GB,Cases,2021-08-30,20189.4269167718,15816.7819565217,1.27645604347774,,5
weighted.mean_ensemble,GB,Deaths,2021-08-30,77.0584018889904,125.536576086957,0.613832273357636,,5
weighted.mean_ensemble,GB,Cases,2021-09-06,41592.3872036714,26468.5034782609,1.57139171989199,,5
weighted.mean_ensemble,GB,Deaths,2021-09-06,110.665781759954,104.317391304348,1.0608564916763,,5
weighted.mean_ensemble,GB,Cases,2021-09-13,17106.9527101694,21409.2316304348,0.799045617585389,,5
weighted.mean_ensemble,GB,Deaths,2021-09-13,191.068937896879,79.1276630434783,2.41469203749759,,5
weighted.mean_ensemble,GB,Cases,2021-09-20,39513.5073729635,36453.1843478261,1.08395214519359,,5
weighted.mean_ensemble,GB,Deaths,2021-09-20,133.491727714388,74.7102173913044,1.78679345845305,,5
weighted.mean_ensemble,GB,Cases,2021-09-27,39698.8169500861,35650.1969565217,1.11356515080413,,5
weighted.mean_ensemble,GB,Deaths,2021-09-27,88.5438357267818,81.2608695652174,1.08962451670197,,5
weighted.mean_ensemble,GB,Cases,2021-10-04,42655.6491583884,59842.8130978261,0.712794852886653,,5
weighted.mean_ensemble,GB,Deaths,2021-10-04,168.535482968053,200.691630434783,0.839773350801598,,5
weighted.mean_ensemble,GB,Cases,2021-10-11,24906.3943552375,24303.7488043478,1.02479640304634,,5
weighted.mean_ensemble,GB,Deaths,2021-10-11,209.756822421044,207.541739130435,1.01067295330515,,5
weighted.mean_ensemble,GB,Cases,2021-10-18,40969.1646243822,34912.1221739131,1.17349396350919,,5
weighted.mean_ensemble,GB,Deaths,2021-10-18,156.031325845158,138.561195652174,1.12608241514341,,5
weighted.mean_ensemble,GB,Cases,2021-10-25,78475.8422468447,61728.8575,1.27129912046152,,5
weighted.mean_ensemble,GB,Deaths,2021-10-25,112.677743284664,127.128097826087,0.886332331022595,,5
weighted.mean_ensemble,GB,Cases,2021-11-01,24920.0877316947,22283.4444565217,1.1183229675429,,5
weighted.mean_ensemble,GB,Deaths,2021-11-01,171.043372866089,105.064782608696,1.62798007685529,,5
weighted.mean_ensemble,GB,Cases,2021-11-08,33184.630752389,31999.764673913,1.0370273372492,,5
weighted.mean_ensemble,GB,Deaths,2021-11-08,187.061841766769,91.0375,2.05477788567095,,5
weighted.mean_ensemble,GB,Cases,2021-11-15,63192.6747647953,39697.0048369565,1.59187513073946,,5
weighted.mean_ensemble,GB,Deaths,2021-11-15,124.06065962654,75.0054347826087,1.65402227166751,,5
weighted.mean_ensemble,GB,Cases,2021-11-22,43182.3391133319,38978.5127173913,1.10784984092184,,5
weighted.mean_ensemble,GB,Deaths,2021-11-22,77.577312527737,81.2486956521739,0.954813020751076,,5
weighted.mean_ensemble,GB,Cases,2021-11-29,127063.217591845,109044.942065217,1.16523715071398,,5
weighted.mean_ensemble,GB,Deaths,2021-11-29,64.8702585447492,69.1297826086957,0.938383661813937,,5
weighted.mean_ensemble,GB,Cases,2021-12-06,270007.113896515,290927.458369565,0.928090856083872,,5
weighted.mean_ensemble,GB,Deaths,2021-12-06,94.2649361456126,72.455,1.30101354144797,,5
weighted.mean_ensemble,GB,Cases,2021-12-13,414349.311373243,440296.680054348,0.941068443491553,,5
weighted.mean_ensemble,GB,Deaths,2021-12-13,125.921104791513,95.5620652173913,1.31768923688557,,5
weighted.mean_ensemble,GB,Cases,2021-12-20,167087.724930472,239886.714565217,0.69652763069147,,5
weighted.mean_ensemble,GB,Deaths,2021-12-20,198.041735559057,192.341630434783,1.02963531665708,,5
weighted.mean_ensemble,GB,Cases,2021-12-27,192822.703552048,230156.500054348,0.837789519333651,,5
weighted.mean_ensemble,GB,Deaths,2021-12-27,439.398986282314,482.834021739131,0.910041476985472,,5
weighted.mean_ensemble,GB,Cases,2022-01-03,1398024.21823358,426131.062989131,3.28073764073201,,5
weighted.mean_ensemble,GB,Deaths,2022-01-03,368.123717290381,223.88,1.64429032200456,,5
weighted.mean_ensemble,GB,Cases,2022-01-10,459120.152542986,473578.821141304,0.969469351345836,,5
weighted.mean_ensemble,GB,Deaths,2022-01-10,419.16733473606,319.864673913043,1.31045210341049,,5
weighted.mean_ensemble,GB,Cases,2022-01-17,178376.104083277,197403.952282609,0.90360958846411,,5
weighted.mean_ensemble,GB,Deaths,2022-01-17,1198.56569757785,968.249565217391,1.23786856264557,,5
weighted.mean_ensemble,GB,Cases,2022-01-24,222562.242245945,215826.097608696,1.03121098287873,,5
weighted.mean_ensemble,GB,Deaths,2022-01-24,676.275580710485,600.781195652174,1.12566036621096,,5
weighted.mean_ensemble,GB,Cases,2022-01-31,272553.825121342,221245.188369565,1.23190848637156,,5
weighted.mean_ensemble,GB,Deaths,2022-01-31,376.939125725704,447.875326086957,0.841616190422869,,5
weighted.mean_ensemble,GB,Cases,2022-02-07,251860.793265903,204775.503586957,1.22993614399269,,5
weighted.mean_ensemble,GB,Deaths,2022-02-07,983.766107695821,1293.00298913044,0.76083823159405,,5
weighted.mean_ensemble,GB,Cases,2022-02-14,203768.38974235,103687.715652174,1.96521245029548,,5
weighted.mean_ensemble,GB,Deaths,2022-02-14,199.746603489869,215.018206521739,0.928975302701511,,5
weighted.mean_ensemble,GB,Cases,2022-02-21,114748.704468811,104064.690434783,1.10266704286911,,5
weighted.mean_ensemble,GB,Deaths,2022-02-21,146.37384003494,167.149184782609,0.875707771026888,,5
weighted.mean_ensemble,GB,Cases,2022-02-28,273752.302629715,277790.789239131,0.985462129178303,,5
weighted.mean_ensemble,GB,Deaths,2022-02-28,370.921981694402,418.795869565217,0.885686819403169,,5
weighted.mean_ensemble,GB,Cases,2022-03-07,190630.68868363,215627.591630435,0.884073727495659,,5
weighted.mean_ensemble,GB,Deaths,2022-03-07,278.027917462196,443.039891304348,0.627546013167476,,5
weighted.mean_ensemble,PL,Cases,2021-04-12,17935.4236410461,21065.6732608696,0.851405194552311,,5
weighted.mean_ensemble,PL,Deaths,2021-04-12,362.980791598576,186.638043478261,1.94483817357877,,5
weighted.mean_ensemble,PL,Cases,2021-04-19,19715.981839415,18061.3927173913,1.09160916591058,,5
weighted.mean_ensemble,PL,Deaths,2021-04-19,490.364624695306,184.177119565217,2.66246223120928,,5
weighted.mean_ensemble,PL,Cases,2021-04-26,3814.91767988565,4160.10260869565,0.917024900278066,,5
weighted.mean_ensemble,PL,Deaths,2021-04-26,306.29271729477,158.412336956522,1.93351555301426,,5
weighted.mean_ensemble,PL,Cases,2021-05-03,1922.60547790511,3823.07945652174,0.502894459759491,,5
weighted.mean_ensemble,PL,Deaths,2021-05-03,129.392001481969,101.31402173913,1.27713814199514,,5
weighted.mean_ensemble,PL,Cases,2021-05-10,2584.62399404542,3954.45336956522,0.653598298550577,,5
weighted.mean_ensemble,PL,Deaths,2021-05-10,95.2911302211701,93.7517391304348,1.01641986703408,,5
weighted.mean_ensemble,PL,Cases,2021-05-17,2794.05150553741,4637.23880434783,0.602524826394047,,5
weighted.mean_ensemble,PL,Deaths,2021-05-17,102.514510562207,81.9801086956522,1.25048029568719,,5
weighted.mean_ensemble,PL,Cases,2021-05-24,756.34430901671,817.855489130435,0.92478967136465,,5
weighted.mean_ensemble,PL,Deaths,2021-05-24,61.5190404263304,63.9291304347826,0.962300597676503,,5
weighted.mean_ensemble,PL,Cases,2021-05-31,229.846517598347,263.645434782609,0.871801621704046,,5
weighted.mean_ensemble,PL,Deaths,2021-05-31,35.7637252952929,35.0245652173913,1.02110404721126,,5
weighted.mean_ensemble,PL,Cases,2021-06-07,253.335057039006,150.006956521739,1.68882205807764,,5
weighted.mean_ensemble,PL,Deaths,2021-06-07,31.0923523169055,26.0697826086957,1.19265867244073,,5
weighted.mean_ensemble,PL,Cases,2021-06-14,203.058846247524,206.125869565217,0.985120628846041,,5
weighted.mean_ensemble,PL,Deaths,2021-06-14,11.8171537955553,11.1182608695652,1.06285991435075,,5
weighted.mean_ensemble,PL,Cases,2021-06-21,137.861602318933,71.2167391304348,1.93580335188385,,5
weighted.mean_ensemble,PL,Deaths,2021-06-21,7.84597188238258,7.90086956521739,0.993051691034555,,5
weighted.mean_ensemble,PL,Cases,2021-06-28,88.7009609268393,111.57875,0.794962848453127,,5
weighted.mean_ensemble,PL,Deaths,2021-06-28,5.61793310278958,5.44548913043478,1.03166730631983,,5
weighted.mean_ensemble,PL,Cases,2021-07-05,141.390712510185,126.592065217391,1.11690027544286,,5
weighted.mean_ensemble,PL,Deaths,2021-07-05,4.32161236512033,4.92815217391304,0.876923482192087,,5
weighted.mean_ensemble,PL,Cases,2021-07-12,207.525753657819,198.436032608696,1.04580680700792,,5
weighted.mean_ensemble,PL,Deaths,2021-07-12,3.8758786466035,5.29875,0.731470374447464,,5
weighted.mean_ensemble,PL,Cases,2021-07-19,84.1389151647634,112.88875,0.745325952894007,,5
weighted.mean_ensemble,PL,Deaths,2021-07-19,14.1454795842263,7.04902173913044,2.00672945945139,,5
weighted.mean_ensemble,PL,Cases,2021-07-26,124.638890643138,150.603913043478,0.827593972323651,,5
weighted.mean_ensemble,PL,Deaths,2021-07-26,6.32615938042629,5.55646739130435,1.13852182239501,,5
weighted.mean_ensemble,PL,Cases,2021-08-02,221.412259456921,151.385108695652,1.46257621614589,,5
weighted.mean_ensemble,PL,Deaths,2021-08-02,5.2811802084921,4.94445652173913,1.06810125344869,,5
weighted.mean_ensemble,PL,Cases,2021-08-09,144.465400819381,174.535,0.827715935596766,,5
weighted.mean_ensemble,PL,Deaths,2021-08-09,4.98327990802418,7.3416847826087,0.678765168429566,,5
weighted.mean_ensemble,PL,Cases,2021-08-16,168.52885507074,208.383695652174,0.808742999510104,,5
weighted.mean_ensemble,PL,Deaths,2021-08-16,6.14186283894771,4.83048913043478,1.27147845137474,,5
weighted.mean_ensemble,PL,Cases,2021-08-23,640.698509487944,474.557826086957,1.350095761292,,5
weighted.mean_ensemble,PL,Deaths,2021-08-23,7.50067570254815,7.38347826086957,1.01587293109532,,5
weighted.mean_ensemble,PL,Cases,2021-08-30,885.623465691203,763.076956521739,1.16059521667127,,5
weighted.mean_ensemble,PL,Deaths,2021-08-30,17.5740850484549,16.166902173913,1.08704097169664,,5
weighted.mean_ensemble,PL,Cases,2021-09-06,415.801058443856,557.109347826087,0.746354481514923,,5
weighted.mean_ensemble,PL,Deaths,2021-09-06,7.52362127655473,9.75989130434783,0.770871420791656,,5
weighted.mean_ensemble,PL,Cases,2021-09-13,692.447831685602,872.490760869565,0.793644887420327,,5
weighted.mean_ensemble,PL,Deaths,2021-09-13,10.2869410326649,11.2979347826087,0.910515172073741,,5
weighted.mean_ensemble,PL,Cases,2021-09-20,938.736350018243,856.977282608696,1.09540400786432,,5
weighted.mean_ensemble,PL,Deaths,2021-09-20,14.1549974783221,15.1552173913043,0.934001612305731,,5
weighted.mean_ensemble,PL,Cases,2021-09-27,2957.16205930105,4660.11798913044,0.634568065915612,,5
weighted.mean_ensemble,PL,Deaths,2021-09-27,34.5012625190807,33.2423913043478,1.03786945419201,,5
weighted.mean_ensemble,PL,Cases,2021-10-04,7564.29437180435,6469.36782608696,1.16924784231656,,5
weighted.mean_ensemble,PL,Deaths,2021-10-04,36.0416345354384,48.1332608695652,0.74878854838251,,5
weighted.mean_ensemble,PL,Cases,2021-10-11,7782.13089892411,12438.2626086957,0.625660604197533,,5
weighted.mean_ensemble,PL,Deaths,2021-10-11,44.6089078868948,50.0216304347826,0.891792360607981,,5
weighted.mean_ensemble,PL,Cases,2021-10-18,11654.8096574029,14817.1605434783,0.786575108179734,,5
weighted.mean_ensemble,PL,Deaths,2021-10-18,50.2069798128439,66.3151086956522,0.757097150262767,,5
weighted.mean_ensemble,PL,Cases,2021-10-25,25543.0653884024,7546.22782608696,3.3848786409683,,5
weighted.mean_ensemble,PL,Deaths,2021-10-25,98.7028504971151,111.422826086957,0.885840486760634,,5
weighted.mean_ensemble,PL,Cases,2021-11-01,20993.763688026,5848.39168478261,3.58966444444057,,5
weighted.mean_ensemble,PL,Deaths,2021-11-01,243.921606055226,146.40097826087,1.66612005570472,,5
weighted.mean_ensemble,PL,Cases,2021-11-08,33746.7264598517,26051.5427173913,1.29538303454572,,5
weighted.mean_ensemble,PL,Deaths,2021-11-08,146.010603930873,162.883695652174,0.896410186091726,,5
weighted.mean_ensemble,PL,Cases,2021-11-15,25260.2206682408,26587.3404347826,0.950084523504817,,5
weighted.mean_ensemble,PL,Deaths,2021-11-15,222.047811026911,171.578913043478,1.29414394279701,,5
weighted.mean_ensemble,PL,Cases,2021-11-22,23490.7696689172,33260.4215217391,0.706267948335035,,5
weighted.mean_ensemble,PL,Deaths,2021-11-22,992.841208773684,814.002010869565,1.21970363158326,,5
weighted.mean_ensemble,PL,Cases,2021-11-29,37376.3088826212,43320.7041304348,0.862781656782041,,5
weighted.mean_ensemble,PL,Deaths,2021-11-29,825.591459416541,636.545652173913,1.29698703713866,,5
weighted.mean_ensemble,PL,Cases,2021-12-06,14327.0609290661,21351.0627717391,0.671023315430921,,5
weighted.mean_ensemble,PL,Deaths,2021-12-06,195.037717056054,206.756847826087,0.943319261764473,,5
weighted.mean_ensemble,PL,Cases,2021-12-13,12057.6598875828,14333.3019565217,0.841233926708454,,5
weighted.mean_ensemble,PL,Deaths,2021-12-13,193.778248347624,178.783804347826,1.08386914046546,,5
weighted.mean_ensemble,PL,Cases,2021-12-20,8180.51164726812,12693.9239673913,0.644443094844633,,5
weighted.mean_ensemble,PL,Deaths,2021-12-20,285.240124155203,264.400760869565,1.07881733478036,,5
weighted.mean_ensemble,PL,Cases,2021-12-27,45041.6867995564,46505.1748913044,0.968530639973539,,5
weighted.mean_ensemble,PL,Deaths,2021-12-27,250.535112224177,275.064293478261,0.910823826153856,,5
weighted.mean_ensemble,PL,Cases,2022-01-03,31746.5177803485,104237.08576087,0.304560680573689,,5
weighted.mean_ensemble,PL,Deaths,2022-01-03,294.034204495765,238.311195652174,1.2338245531902,,5
weighted.mean_ensemble,PL,Cases,2022-01-10,47542.7962792531,121570.86326087,0.391070648048576,,5
weighted.mean_ensemble,PL,Deaths,2022-01-10,291.659359290469,385.558206521739,0.756459995811357,,5
weighted.mean_ensemble,PL,Cases,2022-01-17,81552.4025766277,83801.8510869565,0.973157531950043,,5
weighted.mean_ensemble,PL,Deaths,2022-01-17,331.842839302769,543.896195652174,0.610121640775338,,5
weighted.mean_ensemble,PL,Cases,2022-01-24,216488.077301601,136919.59326087,1.58113292733153,,5
weighted.mean_ensemble,PL,Deaths,2022-01-24,3118.03721578885,567.319402173913,5.4960877485255,,5
weighted.mean_ensemble,PL,Cases,2022-01-31,226673.555457013,197814.242173913,1.14589097815176,,5
weighted.mean_ensemble,PL,Deaths,2022-01-31,1665.0617725059,500.316032608696,3.3280200193148,,5
weighted.mean_ensemble,PL,Cases,2022-02-07,44664.5650734891,120275.29423913,0.371352781600246,,5
weighted.mean_ensemble,PL,Deaths,2022-02-07,278.065146177887,126.244891304348,2.20258533478028,,5
weighted.mean_ensemble,PL,Cases,2022-02-14,9527.43014144037,10851.3276086957,0.877996728603568,,5
weighted.mean_ensemble,PL,Deaths,2022-02-14,249.984981296374,117.380326086957,2.12970085899389,,5
weighted.mean_ensemble,PL,Cases,2022-02-21,9684.18650917047,9090.82054347826,1.06527089197882,,5
weighted.mean_ensemble,PL,Deaths,2022-02-21,172.428196620739,114.923804347826,1.50036972409016,,5
weighted.mean_ensemble,PL,Cases,2022-02-28,10416.8753975351,10661.3838043478,0.977065978366423,,5
weighted.mean_ensemble,PL,Deaths,2022-02-28,187.409752535062,103.000217391304,1.81950832028908,,5
weighted.mean_ensemble,PL,Cases,2022-03-07,9270.39759316603,6602.26369565218,1.40412410356631,,5
weighted.mean_ensemble,PL,Deaths,2022-03-07,71.1216469418101,84.9841304347826,0.836881504557952,,5
weighted.mean_ensemble,Average,Cases,2021-04-12,19276.7065322633,17856.4232934783,1.0795390664436,average,5
weighted.mean_ensemble,Average,Deaths,2021-04-12,157.227352304131,131.012119565217,1.20009776825161,average,5
weighted.mean_ensemble,Average,Cases,2021-04-19,25292.0873816783,20866.5203913043,1.21208936168477,average,5
weighted.mean_ensemble,Average,Deaths,2021-04-19,182.145549548963,156.748369565217,1.16202516207468,average,5
weighted.mean_ensemble,Average,Cases,2021-04-26,39133.969942089,35900.9699673913,1.09005327648902,average,5
weighted.mean_ensemble,Average,Deaths,2021-04-26,137.492929916391,120.962043478261,1.13666176564801,average,5
weighted.mean_ensemble,Average,Cases,2021-05-03,28115.3251195183,26565.4370108696,1.05834227790097,average,5
weighted.mean_ensemble,Average,Deaths,2021-05-03,90.9739122469401,92.4805652173913,0.983708436827677,average,5
weighted.mean_ensemble,Average,Cases,2021-05-10,25457.7822181298,24773.0021956522,1.02764218955254,average,5
weighted.mean_ensemble,Average,Deaths,2021-05-10,71.4930298447225,70.1663152173913,1.01890814165203,average,5
weighted.mean_ensemble,Average,Cases,2021-05-17,22057.4962838863,22317.2965326087,0.988358793891421,average,5
weighted.mean_ensemble,Average,Deaths,2021-05-17,60.8760622153394,53.3482065217391,1.1411079431608,average,5
weighted.mean_ensemble,Average,Cases,2021-05-24,7029.93452700643,8095.34863043478,0.868391819541547,average,5
weighted.mean_ensemble,Average,Deaths,2021-05-24,64.5473095672376,54.2505760869565,1.18979952330417,average,5
weighted.mean_ensemble,Average,Cases,2021-05-31,4789.30995546667,4847.48313043478,0.987999303266704,average,5
weighted.mean_ensemble,Average,Deaths,2021-05-31,30.5073130194809,33.6620434782609,0.906282265340862,average,5
weighted.mean_ensemble,Average,Cases,2021-06-07,5414.88622289769,5826.79858695652,0.929307258881247,average,5
weighted.mean_ensemble,Average,Deaths,2021-06-07,36.3189490588404,31.7766086956522,1.14294603954417,average,5
weighted.mean_ensemble,Average,Cases,2021-06-14,6348.78491786873,4893.23969565217,1.29746043781789,average,5
weighted.mean_ensemble,Average,Deaths,2021-06-14,27.5841726164124,25.4189239130435,1.08518254788346,average,5
weighted.mean_ensemble,Average,Cases,2021-06-21,15850.3610988092,15340.0707173913,1.03326519093809,average,5
weighted.mean_ensemble,Average,Deaths,2021-06-21,18.8377021677852,22.3778043478261,0.841802970254998,average,5
weighted.mean_ensemble,Average,Cases,2021-06-28,13570.3322017849,14223.1756413043,0.954100022668388,average,5
weighted.mean_ensemble,Average,Deaths,2021-06-28,16.3207299842422,19.5808043478261,0.833506616701075,average,5
weighted.mean_ensemble,Average,Cases,2021-07-05,42469.8862173691,32698.6951521739,1.29882510662036,average,5
weighted.mean_ensemble,Average,Deaths,2021-07-05,18.9257101602747,24.0433804347826,0.787148471555841,average,5
weighted.mean_ensemble,Average,Cases,2021-07-12,32459.621555514,29198.8056956522,1.11167634367824,average,5
weighted.mean_ensemble,Average,Deaths,2021-07-12,31.7442507644919,23.6353695652174,1.34308247970905,average,5
weighted.mean_ensemble,Average,Cases,2021-07-19,65491.4692443555,51314.60875,1.27627338178537,average,5
weighted.mean_ensemble,Average,Deaths,2021-07-19,50.2596437268233,39.4072826086957,1.27538973508752,average,5
weighted.mean_ensemble,Average,Cases,2021-07-26,69900.6715765427,54918.3826521739,1.27281009018891,average,5
weighted.mean_ensemble,Average,Deaths,2021-07-26,69.2535887683875,108.249391304348,0.639759613739333,average,5
weighted.mean_ensemble,Average,Cases,2021-08-02,19672.8871574691,13537.7248478261,1.45319005804939,average,5
weighted.mean_ensemble,Average,Deaths,2021-08-02,102.520581348117,71.5548695652174,1.43275477924918,average,5
weighted.mean_ensemble,Average,Cases,2021-08-09,12374.2429636282,8968.13835869565,1.37980063071061,average,5
weighted.mean_ensemble,Average,Deaths,2021-08-09,62.3351595554383,60.068597826087,1.03773288891999,average,5
weighted.mean_ensemble,Average,Cases,2021-08-16,15226.2185417316,8665.08007608696,1.75719305627093,average,5
weighted.mean_ensemble,Average,Deaths,2021-08-16,60.3785396370069,67.131,0.899413678285842,average,5
weighted.mean_ensemble,Average,Cases,2021-08-23,21211.4227229397,13490.2320869565,1.57235417346516,average,5
weighted.mean_ensemble,Average,Deaths,2021-08-23,81.8821606628627,55.1696086956522,1.48418962176391,average,5
weighted.mean_ensemble,Average,Cases,2021-08-30,22917.0468309273,15626.638,1.46653725714561,average,5
weighted.mean_ensemble,Average,Deaths,2021-08-30,46.7655445511035,48.4001956521739,0.96622635344663,average,5
weighted.mean_ensemble,Average,Cases,2021-09-06,17277.8171200375,13290.7315652174,1.2999899242006,average,5
weighted.mean_ensemble,Average,Deaths,2021-09-06,43.5319884856772,40.6023804347826,1.0721536032992,average,5
weighted.mean_ensemble,Average,Cases,2021-09-13,8661.23888928725,7709.21834782609,1.12349118918517,average,5
weighted.mean_ensemble,Average,Deaths,2021-09-13,62.0637485963061,41.2175,1.50576208155046,average,5
weighted.mean_ensemble,Average,Cases,2021-09-20,10211.9584503082,9737.10405434783,1.04876751786876,average,5
weighted.mean_ensemble,Average,Deaths,2021-09-20,45.0284509948774,33.9917282608696,1.32468848448383,average,5
weighted.mean_ensemble,Average,Cases,2021-09-27,13349.1191287309,12516.2566195652,1.0665424602963,average,5
weighted.mean_ensemble,Average,Deaths,2021-09-27,40.5011961390604,37.0815217391304,1.09222044402566,average,5
weighted.mean_ensemble,Average,Cases,2021-10-04,17408.3425263673,19086.6696086957,0.912068102150009,average,5
weighted.mean_ensemble,Average,Deaths,2021-10-04,65.3022653230759,69.7026847826087,0.93686872358996,average,5
weighted.mean_ensemble,Average,Cases,2021-10-11,17993.9419804262,18643.4759673913,0.965160252943113,average,5
weighted.mean_ensemble,Average,Deaths,2021-10-11,91.0519596212156,87.2461739130435,1.0436212333158,average,5
weighted.mean_ensemble,Average,Cases,2021-10-18,25804.0883462119,25302.9543152174,1.01980535651101,average,5
weighted.mean_ensemble,Average,Deaths,2021-10-18,104.806243233363,97.262347826087,1.07756234119255,average,5
weighted.mean_ensemble,Average,Cases,2021-10-25,28004.8813803727,25154.2177065217,1.11332746289748,average,5
weighted.mean_ensemble,Average,Deaths,2021-10-25,79.0491879976414,106.40052173913,0.742939853165869,average,5
weighted.mean_ensemble,Average,Cases,2021-11-01,24294.0715582251,20830.9653369565,1.16624799500408,average,5
weighted.mean_ensemble,Average,Deaths,2021-11-01,151.751564988835,98.4190652173913,1.5418919561331,average,5
weighted.mean_ensemble,Average,Cases,2021-11-08,39135.8659464369,41717.9302065217,0.93810660674433,average,5
weighted.mean_ensemble,Average,Deaths,2021-11-08,142.430129029486,110.459010869565,1.28943875115515,average,5
weighted.mean_ensemble,Average,Cases,2021-11-15,59217.2847360272,44550.009673913,1.32923169196757,average,5
weighted.mean_ensemble,Average,Deaths,2021-11-15,264.314197665797,173.48625,1.52354551248757,average,5
weighted.mean_ensemble,Average,Cases,2021-11-22,63055.5615638638,58903.1167391304,1.07049618177462,average,5
weighted.mean_ensemble,Average,Deaths,2021-11-22,359.863364735666,300.73425,1.19661583187039,average,5
weighted.mean_ensemble,Average,Cases,2021-11-29,85274.0646198733,85136.2458695652,1.00161880229625,average,5
weighted.mean_ensemble,Average,Deaths,2021-11-29,346.167464894917,295.157956521739,1.17282105139328,average,5
weighted.mean_ensemble,Average,Cases,2021-12-06,92442.2704570698,103083.250163043,0.896772951093964,average,5
weighted.mean_ensemble,Average,Deaths,2021-12-06,200.166274917427,167.546217391304,1.19469289151386,average,5
weighted.mean_ensemble,Average,Cases,2021-12-13,156869.413601967,175151.27426087,0.895622451300731,average,5
weighted.mean_ensemble,Average,Deaths,2021-12-13,191.964121443169,137.703358695652,1.39404095340508,average,5
weighted.mean_ensemble,Average,Cases,2021-12-20,215983.100243879,231278.486826087,0.933865934561785,average,5
weighted.mean_ensemble,Average,Deaths,2021-12-20,173.638765447851,146.202217391304,1.18766164115769,average,5
weighted.mean_ensemble,Average,Cases,2021-12-27,279515.013115364,317380.158771739,0.880694666601362,average,5
weighted.mean_ensemble,Average,Deaths,2021-12-27,206.317594851907,227.206695652174,0.908061244672797,average,5
weighted.mean_ensemble,Average,Cases,2022-01-03,596016.180563171,280899.262206522,2.12181468858744,average,5
weighted.mean_ensemble,Average,Deaths,2022-01-03,329.839077131227,185.383315217391,1.77922741722705,average,5
weighted.mean_ensemble,Average,Cases,2022-01-10,294818.510652507,275415.791913044,1.0704488243201,average,5
weighted.mean_ensemble,Average,Deaths,2022-01-10,473.431730104536,320.606619565217,1.47667484453867,average,5
weighted.mean_ensemble,Average,Cases,2022-01-17,163229.996929755,194668.174119565,0.838503765024778,average,5
weighted.mean_ensemble,Average,Deaths,2022-01-17,449.662737285599,446.447141304348,1.00720263539342,average,5
weighted.mean_ensemble,Average,Cases,2022-01-24,318421.120538858,283365.871728261,1.12371020051495,average,5
weighted.mean_ensemble,Average,Deaths,2022-01-24,832.206513300057,362.946717391304,2.29291649000597,average,5
weighted.mean_ensemble,Average,Cases,2022-01-31,406776.460414489,312019.078934783,1.30369098518976,average,5
weighted.mean_ensemble,Average,Deaths,2022-01-31,494.473887798945,306.476097826087,1.61341746161079,average,5
weighted.mean_ensemble,Average,Cases,2022-02-07,248226.63885134,191923.059706522,1.29336536855402,average,5
weighted.mean_ensemble,Average,Deaths,2022-02-07,347.893952372093,363.07997826087,0.958174433188201,average,5
weighted.mean_ensemble,Average,Cases,2022-02-14,98880.9257395435,60245.9756086957,1.64128682024815,average,5
weighted.mean_ensemble,Average,Deaths,2022-02-14,238.659274269218,169.860391304348,1.40503193497064,average,5
weighted.mean_ensemble,Average,Cases,2022-02-21,88055.5023213037,87618.682326087,1.00498546638251,average,5
weighted.mean_ensemble,Average,Deaths,2022-02-21,134.537671602034,128.281717391304,1.04876730946505,average,5
weighted.mean_ensemble,Average,Cases,2022-02-28,163554.041102879,163172.958108696,1.00233545434612,average,5
weighted.mean_ensemble,Average,Deaths,2022-02-28,310.283394461207,196.969717391304,1.57528476240229,average,5
weighted.mean_ensemble,Average,Cases,2022-03-07,139449.013508895,151388.039521739,0.921136266441117,average,5
weighted.mean_ensemble,Average,Deaths,2022-03-07,122.747441965627,171.626858695652,0.715199490910083,average,5
weighted.median_ensemble,CZ,Cases,2021-04-12,1712.15826086957,1466.66956521739,1.16737832533928,,5
weighted.median_ensemble,CZ,Deaths,2021-04-12,28.2663586956522,28.1125543478261,1.00547102002625,,5
weighted.median_ensemble,CZ,Cases,2021-04-19,1341.99869565217,1190.77119565217,1.12699962893978,,5
weighted.median_ensemble,CZ,Deaths,2021-04-19,28.3459239130435,20.7639673913044,1.36514970279304,,5
weighted.median_ensemble,CZ,Cases,2021-04-26,992.284184782609,2377.40782608696,0.417380717727273,,5
weighted.median_ensemble,CZ,Deaths,2021-04-26,22.8877717391304,23.9485869565217,0.955704475620328,,5
weighted.median_ensemble,CZ,Cases,2021-05-03,1266.98641304348,2149.0277173913,0.589562620709922,,5
weighted.median_ensemble,CZ,Deaths,2021-05-03,21.2772826086957,33.0164130434783,0.64444561499386,,5
weighted.median_ensemble,CZ,Cases,2021-05-10,1218.26391304348,1586.90065217391,0.767700177937771,,5
weighted.median_ensemble,CZ,Deaths,2021-05-10,28.3563586956522,40.8302173913044,0.694494433470522,,5
weighted.median_ensemble,CZ,Cases,2021-05-17,387.088858695652,651.893695652174,0.593791382363956,,5
weighted.median_ensemble,CZ,Deaths,2021-05-17,22.0988586956522,23.27625,0.949416624054656,,5
weighted.median_ensemble,CZ,Cases,2021-05-24,194.557065217391,506.792934782609,0.383898535011834,,5
weighted.median_ensemble,CZ,Deaths,2021-05-24,11.0841304347826,10.441902173913,1.06150491071196,,5
weighted.median_ensemble,CZ,Cases,2021-05-31,216.988206521739,199.126956521739,1.08969780039826,,5
weighted.median_ensemble,CZ,Deaths,2021-05-31,10.7970108695652,8.90652173913044,1.21225896997803,,5
weighted.median_ensemble,CZ,Cases,2021-06-07,169.775760869565,187.318043478261,0.906350278473139,,5
weighted.median_ensemble,CZ,Deaths,2021-06-07,10.4598369565217,8.41146739130435,1.24352107306924,,5
weighted.median_ensemble,CZ,Cases,2021-06-14,431.414891304348,233.128804347826,1.85054306142574,,5
weighted.median_ensemble,CZ,Deaths,2021-06-14,7.54858695652174,5.46336956521739,1.38167240315938,,5
weighted.median_ensemble,CZ,Cases,2021-06-21,885.882554347826,488.987065217391,1.81166868688845,,5
weighted.median_ensemble,CZ,Deaths,2021-06-21,4.21788043478261,4.39184782608696,0.960388565771563,,5
weighted.median_ensemble,CZ,Cases,2021-06-28,696.624836956522,572.845652173913,1.21607772410051,,5
weighted.median_ensemble,CZ,Deaths,2021-06-28,4.45907608695652,4.12076086956522,1.08210018200522,,5
weighted.median_ensemble,CZ,Cases,2021-07-05,285.903804347826,337.438260869565,0.847277376344529,,5
weighted.median_ensemble,CZ,Deaths,2021-07-05,4.60146739130435,4.56146739130435,1.00876910795773,,5
weighted.median_ensemble,CZ,Cases,2021-07-12,220.340217391304,692.418369565217,0.318218330241094,,5
weighted.median_ensemble,CZ,Deaths,2021-07-12,8.3895652173913,7.8466847826087,1.06918596194737,,5
weighted.median_ensemble,CZ,Cases,2021-07-19,294.112554347826,532.10847826087,0.552730441937509,,5
weighted.median_ensemble,CZ,Deaths,2021-07-19,8.31081521739131,8.52923913043478,0.974391160840587,,5
weighted.median_ensemble,CZ,Cases,2021-07-26,182.913260869565,191.025760869565,0.957531905837876,,5
weighted.median_ensemble,CZ,Deaths,2021-07-26,6.95815217391304,8.73864130434783,0.796251033950905,,5
weighted.median_ensemble,CZ,Cases,2021-08-02,190.360217391304,148.727934782609,1.27992241450504,,5
weighted.median_ensemble,CZ,Deaths,2021-08-02,6.18211956521739,7.15565217391304,0.863949143273788,,5
weighted.median_ensemble,CZ,Cases,2021-08-09,166.358315217391,160.41902173913,1.03702362359446,,5
weighted.median_ensemble,CZ,Deaths,2021-08-09,2.73690217391304,2.74097826086957,0.998512907958917,,5
weighted.median_ensemble,CZ,Cases,2021-08-16,232.83777173913,268.049130434783,0.868638414761733,,5
weighted.median_ensemble,CZ,Deaths,2021-08-16,3.15369565217391,3.59434782608696,0.877404136929962,,5
weighted.median_ensemble,CZ,Cases,2021-08-23,552.577133152174,446.721739130435,1.23696047169719,,5
weighted.median_ensemble,CZ,Deaths,2021-08-23,3.25146739130435,2.92510869565217,1.11157147634796,,5
weighted.median_ensemble,CZ,Cases,2021-08-30,748.990869565217,609.3125,1.22923929767602,,5
weighted.median_ensemble,CZ,Deaths,2021-08-30,3.75141304347826,4.07228260869565,0.921206459362072,,5
weighted.median_ensemble,CZ,Cases,2021-09-06,806.202554347826,726.521630434783,1.10967453765328,,5
weighted.median_ensemble,CZ,Deaths,2021-09-06,6.50532608695652,4.66125,1.39561836137442,,5
weighted.median_ensemble,CZ,Cases,2021-09-13,430.892717391304,509.433586956522,0.845827068383066,,5
weighted.median_ensemble,CZ,Deaths,2021-09-13,4.92353260869565,5.07722826086957,0.969728433649822,,5
weighted.median_ensemble,CZ,Cases,2021-09-20,599.975760869565,724.122663043478,0.828555425054472,,5
weighted.median_ensemble,CZ,Deaths,2021-09-20,4.85578804347826,4.6304347826087,1.04866784037559,,5
weighted.median_ensemble,CZ,Cases,2021-09-27,3709.78956521739,3790.77576086957,0.978635983566172,,5
weighted.median_ensemble,CZ,Deaths,2021-09-27,8.26141304347826,7.88130434782609,1.04822916092017,,5
weighted.median_ensemble,CZ,Cases,2021-10-04,8009.90733695652,6628.5547826087,1.20839422764855,,5
weighted.median_ensemble,CZ,Deaths,2021-10-04,18.7075543478261,17.2595108695652,1.08389829174211,,5
weighted.median_ensemble,CZ,Cases,2021-10-11,16143.1315896739,13983.4866304348,1.15444252326446,,5
weighted.median_ensemble,CZ,Deaths,2021-10-11,60.4914673913044,58.1027717391304,1.04111156112997,,5
weighted.median_ensemble,CZ,Cases,2021-10-18,13198.4073369565,13532.7582608696,0.975293216839628,,5
weighted.median_ensemble,CZ,Deaths,2021-10-18,111.502826086957,97.5654347826087,1.14285173161379,,5
weighted.median_ensemble,CZ,Cases,2021-10-25,10860.6039130435,10860.6039130435,1,,5
weighted.median_ensemble,CZ,Deaths,2021-10-25,113.859239130435,128.692717391304,0.884737236406574,,5
weighted.median_ensemble,CZ,Cases,2021-11-01,5803.44701086957,5803.44701086957,1,,5
weighted.median_ensemble,CZ,Deaths,2021-11-01,79.0582065217391,94.6821739130435,0.834985121849299,,5
weighted.median_ensemble,CZ,Cases,2021-11-08,18739.1775543478,20957.8892391304,0.894134773809184,,5
weighted.median_ensemble,CZ,Deaths,2021-11-08,125.180597826087,126.351304347826,0.990734511782195,,5
weighted.median_ensemble,CZ,Cases,2021-11-15,26171.345923913,21340.8614130435,1.22634908766697,,5
weighted.median_ensemble,CZ,Deaths,2021-11-15,242.277608695652,202.371576086957,1.19719188524553,,5
weighted.median_ensemble,CZ,Cases,2021-11-22,34905.6102445652,38063.025,0.917047718739255,,5
weighted.median_ensemble,CZ,Deaths,2021-11-22,233.91347826087,232.973369565217,1.00403526247402,,5
weighted.median_ensemble,CZ,Cases,2021-11-29,74697.8775,81540.1948369565,0.916086571161155,,5
weighted.median_ensemble,CZ,Deaths,2021-11-29,266.69625,425.551739130435,0.626706991128652,,5
weighted.median_ensemble,CZ,Cases,2021-12-06,17402.0515217391,24703.5763043478,0.704434504030753,,5
weighted.median_ensemble,CZ,Deaths,2021-12-06,57.4812500000001,125.559891304348,0.457799456521269,,5
weighted.median_ensemble,CZ,Cases,2021-12-13,3583.24864130435,9186.78076086957,0.390043991967996,,5
weighted.median_ensemble,CZ,Deaths,2021-12-13,94.67625,74.8716304347826,1.26451433540596,,5
weighted.median_ensemble,CZ,Cases,2021-12-20,9855.86065217391,10098.4534782609,0.975977229918503,,5
weighted.median_ensemble,CZ,Deaths,2021-12-20,89.249347826087,54.6176086956522,1.63407644452936,,5
weighted.median_ensemble,CZ,Cases,2021-12-27,18325.7764673913,57383.4991304348,0.319356204224077,,5
weighted.median_ensemble,CZ,Deaths,2021-12-27,36.8683152173913,35.4354347826087,1.04043637233671,,5
weighted.median_ensemble,CZ,Cases,2022-01-03,116225.387975544,113099.24576087,1.02764069904837,,5
weighted.median_ensemble,CZ,Deaths,2022-01-03,40.9386956521739,74.4088586956522,0.550185775857977,,5
weighted.median_ensemble,CZ,Cases,2022-01-10,165167.482427536,163614.054782609,1.0094944633393,,5
weighted.median_ensemble,CZ,Deaths,2022-01-10,37.7964673913043,44.6,0.847454425813999,,5
weighted.median_ensemble,CZ,Cases,2022-01-17,181709.933913044,120635.819402174,1.50626849316837,,5
weighted.median_ensemble,CZ,Deaths,2022-01-17,59.6586413043478,47.570597826087,1.2541074535673,,5
weighted.median_ensemble,CZ,Cases,2022-01-24,86836.6159239131,68262.2880978261,1.27210233268871,,5
weighted.median_ensemble,CZ,Deaths,2022-01-24,50.1869021739131,75.3805434782609,0.665780582868662,,5
weighted.median_ensemble,CZ,Cases,2022-01-31,44920.6767391304,142710.75173913,0.314767291123542,,5
weighted.median_ensemble,CZ,Deaths,2022-01-31,200.879184782609,175.424619565217,1.14510258184102,,5
weighted.median_ensemble,CZ,Cases,2022-02-07,22353.4065217391,64345.94625,0.3473941689332,,5
weighted.median_ensemble,CZ,Deaths,2022-02-07,46.8516304347826,43.5443478260869,1.07595205287962,,5
weighted.median_ensemble,CZ,Cases,2022-02-14,25731.933423913,10019.8354347826,2.56809940556387,,5
weighted.median_ensemble,CZ,Deaths,2022-02-14,22.7596195652174,42.5658152173913,0.534692439202207,,5
weighted.median_ensemble,CZ,Cases,2022-02-21,15599.9223913043,10100.8373913043,1.54441872361336,,5
weighted.median_ensemble,CZ,Deaths,2022-02-21,52.6903804347826,52.61625,1.00140888859967,,5
weighted.median_ensemble,CZ,Cases,2022-02-28,20462.9786956522,18567.9911956522,1.10205667807747,,5
weighted.median_ensemble,CZ,Deaths,2022-02-28,27.0227717391304,42.4278260869565,0.636911532628299,,5
weighted.median_ensemble,CZ,Cases,2022-03-07,14975.9038586957,16127.6155434783,0.928587602942436,,5
weighted.median_ensemble,CZ,Deaths,2022-03-07,23.1371195652174,36.2782608695652,0.637768156759348,,5
weighted.median_ensemble,DE,Cases,2021-04-12,11577.1185326087,13536.7779891304,0.855234424462359,,5
weighted.median_ensemble,DE,Deaths,2021-04-12,150.363505434783,139.261956521739,1.07971702531201,,5
weighted.median_ensemble,DE,Cases,2021-04-19,18231.1526630435,29133.4591304348,0.625780570079918,,5
weighted.median_ensemble,DE,Deaths,2021-04-19,134.423043478261,207.764347826087,0.646997643651461,,5
weighted.median_ensemble,DE,Cases,2021-04-26,18927.2615217391,38831.9802173913,0.487414275959647,,5
weighted.median_ensemble,DE,Deaths,2021-04-26,112.388423913043,137.62652173913,0.816618937199289,,5
weighted.median_ensemble,DE,Cases,2021-05-03,32731.6913043478,27765.1694021739,1.17887598055804,,5
weighted.median_ensemble,DE,Deaths,2021-05-03,140.857880434783,101.690434782609,1.38516351843617,,5
weighted.median_ensemble,DE,Cases,2021-05-10,11198.0172282609,15884.2697826087,0.704975260526065,,5
weighted.median_ensemble,DE,Deaths,2021-05-10,71.9058695652174,78.1940217391304,0.919582699111046,,5
weighted.median_ensemble,DE,Cases,2021-05-17,4162.56334239131,3014.46076086957,1.3808649946369,,5
weighted.median_ensemble,DE,Deaths,2021-05-17,65.0141304347826,59.1986956521739,1.0982358600733,,5
weighted.median_ensemble,DE,Cases,2021-05-24,5416.90114130435,8713.84505434783,0.621643041334727,,5
weighted.median_ensemble,DE,Deaths,2021-05-24,112.432989130435,50.7050543478261,2.21739214318099,,5
weighted.median_ensemble,DE,Cases,2021-05-31,1996.77570652174,1835.58195652174,1.08781615521295,,5
weighted.median_ensemble,DE,Deaths,2021-05-31,40.3426630434783,48.7001086956522,0.828389589345618,,5
weighted.median_ensemble,DE,Cases,2021-06-07,1527.95315217391,1793.64076086957,0.851872451556662,,5
weighted.median_ensemble,DE,Deaths,2021-06-07,79.6209782608696,50.9749456521739,1.56196298479965,,5
weighted.median_ensemble,DE,Cases,2021-06-14,1206.53565217391,1481.86054347826,0.814203237601497,,5
weighted.median_ensemble,DE,Deaths,2021-06-14,36.5197826086957,40.2708695652174,0.90685358928128,,5
weighted.median_ensemble,DE,Cases,2021-06-21,1987.19086956522,1550.90967391304,1.28130664408805,,5
weighted.median_ensemble,DE,Deaths,2021-06-21,66.7323913043478,31.9963043478261,2.08562809563604,,5
weighted.median_ensemble,DE,Cases,2021-06-28,4754.18065217391,3635.72152173913,1.307630582746,,5
weighted.median_ensemble,DE,Deaths,2021-06-28,20.3099456521739,26.9844565217391,0.752653500203418,,5
weighted.median_ensemble,DE,Cases,2021-07-05,5469.44652173913,4029.78869565217,1.3572539244155,,5
weighted.median_ensemble,DE,Deaths,2021-07-05,19.2634782608696,22.4128260869565,0.859484573080243,,5
weighted.median_ensemble,DE,Cases,2021-07-12,3199.72320652174,3078.42918478261,1.03940127073207,,5
weighted.median_ensemble,DE,Deaths,2021-07-12,25.55375,17.4077173913044,1.46795524224014,,5
weighted.median_ensemble,DE,Cases,2021-07-19,5138.10298913044,2607.75956521739,1.9703131598722,,5
weighted.median_ensemble,DE,Deaths,2021-07-19,28.1689402173913,23.8509782608696,1.18103919718907,,5
weighted.median_ensemble,DE,Cases,2021-07-26,3627.84407608696,2592.4652173913,1.39938003864041,,5
weighted.median_ensemble,DE,Deaths,2021-07-26,97.3866304347826,102.158260869565,0.953291780868559,,5
weighted.median_ensemble,DE,Cases,2021-08-02,4148.01679347826,4832.54130434783,0.858351027387247,,5
weighted.median_ensemble,DE,Deaths,2021-08-02,38.9626358695652,109.809456521739,0.354820405306821,,5
weighted.median_ensemble,DE,Cases,2021-08-09,8090.24717391304,10201.9520652174,0.79300972227619,,5
weighted.median_ensemble,DE,Deaths,2021-08-09,25.4332065217391,59.4744565217391,0.427632432630011,,5
weighted.median_ensemble,DE,Cases,2021-08-16,13177.6420652174,6106.12510869565,2.15810220567726,,5
weighted.median_ensemble,DE,Deaths,2021-08-16,55.4500543478261,27.1496739130435,2.04238380635527,,5
weighted.median_ensemble,DE,Cases,2021-08-23,48977.8747826087,27438.1152173913,1.7850305822597,,5
weighted.median_ensemble,DE,Deaths,2021-08-23,105.116358695652,62.4788586956522,1.68243083964924,,5
weighted.median_ensemble,DE,Cases,2021-08-30,64502.2372826087,44869.5389673913,1.43755070292756,,5
weighted.median_ensemble,DE,Deaths,2021-08-30,53.9398913043478,30.6541304347826,1.75962881801871,,5
weighted.median_ensemble,DE,Cases,2021-09-06,28894.6011413044,29440.6620652174,0.981452152037091,,5
weighted.median_ensemble,DE,Deaths,2021-09-06,49.8291304347826,34.6486956521739,1.43812427847212,,5
weighted.median_ensemble,DE,Cases,2021-09-13,10372.2710326087,9392.32320652174,1.10433497703811,,5
weighted.median_ensemble,DE,Deaths,2021-09-13,43.3457065217391,43.330652173913,1.00034742952323,,5
weighted.median_ensemble,DE,Cases,2021-09-20,4852.47489130435,4933.83336956522,0.983510087964718,,5
weighted.median_ensemble,DE,Deaths,2021-09-20,44.5365760869565,43.6676630434783,1.01989831795242,,5
weighted.median_ensemble,DE,Cases,2021-09-27,15865.3334782609,11975.1623913043,1.32485330552021,,5
weighted.median_ensemble,DE,Deaths,2021-09-27,28.4553260869565,36.3751086956522,0.782274668236461,,5
weighted.median_ensemble,DE,Cases,2021-10-04,19036.0452717391,15286.4033695652,1.24529261799014,,5
weighted.median_ensemble,DE,Deaths,2021-10-04,94.2230434782609,54.2392391304348,1.73717487540105,,5
weighted.median_ensemble,DE,Cases,2021-10-11,31987.7874456522,30576.7833695652,1.04614625610003,,5
weighted.median_ensemble,DE,Deaths,2021-10-11,154.607282608696,87.1671195652174,1.77368809913491,,5
weighted.median_ensemble,DE,Cases,2021-10-18,61419.5947282609,55266.4732608696,1.11133551870312,,5
weighted.median_ensemble,DE,Deaths,2021-10-18,228.95597826087,151.710652173913,1.50916217800189,,5
weighted.median_ensemble,DE,Cases,2021-10-25,51163.9352173913,32965.7807065217,1.55203165588217,,5
weighted.median_ensemble,DE,Deaths,2021-10-25,76.0734782608696,121.45652173913,0.626343296939323,,5
weighted.median_ensemble,DE,Cases,2021-11-01,28718.9540217391,28177.1170108696,1.01922968239301,,5
weighted.median_ensemble,DE,Deaths,2021-11-01,81.7551630434783,82.0348913043478,0.996590130657554,,5
weighted.median_ensemble,DE,Cases,2021-11-08,72933.325,55359.6719565217,1.31744503575238,,5
weighted.median_ensemble,DE,Deaths,2021-11-08,85.4233152173913,93.2020108695652,0.916539401032236,,5
weighted.median_ensemble,DE,Cases,2021-11-15,132002.491467391,47485.2813043478,2.7798612083889,,5
weighted.median_ensemble,DE,Deaths,2021-11-15,407.810217391304,246.956847826087,1.65134200967164,,5
weighted.median_ensemble,DE,Cases,2021-11-22,141268.32076087,117190.0375,1.20546356818829,,5
weighted.median_ensemble,DE,Deaths,2021-11-22,268.50625,241.258260869565,1.11294116533969,,5
weighted.median_ensemble,DE,Cases,2021-11-29,96542.3348913044,145713.154836957,0.662550577532474,,5
weighted.median_ensemble,DE,Deaths,2021-11-29,225.977717391304,251.013804347826,0.900260119073652,,5
weighted.median_ensemble,DE,Cases,2021-12-06,44011.9185869565,61549.5110869565,0.715065283374501,,5
weighted.median_ensemble,DE,Deaths,2021-12-06,195.787663043478,183.082065217391,1.06939837504564,,5
weighted.median_ensemble,DE,Cases,2021-12-13,44295.2808152174,35019.2485869565,1.26488381683084,,5
weighted.median_ensemble,DE,Deaths,2021-12-13,341.645,210.22097826087,1.62517082180087,,5
weighted.median_ensemble,DE,Cases,2021-12-20,91080.0556521739,82775.1929891305,1.10033033283455,,5
weighted.median_ensemble,DE,Deaths,2021-12-20,162.577255434783,138.626956521739,1.17276797755628,,5
weighted.median_ensemble,DE,Cases,2021-12-27,240155.12173913,250160.288043478,0.960004977678116,,5
weighted.median_ensemble,DE,Deaths,2021-12-27,395.660869565217,228.866413043478,1.7287852083829,,5
weighted.median_ensemble,DE,Cases,2022-01-03,299272.152336957,352812.420326087,0.848247213236865,,5
weighted.median_ensemble,DE,Deaths,2022-01-03,265.145326086957,201.471195652174,1.3160458259488,,5
weighted.median_ensemble,DE,Cases,2022-01-10,41503.3161956522,119748.737391304,0.346586670555292,,5
weighted.median_ensemble,DE,Deaths,2022-01-10,531.482282608696,483.949673913043,1.09821808187476,,5
weighted.median_ensemble,DE,Cases,2022-01-17,121795.527826087,119823.167391304,1.01646059337041,,5
weighted.median_ensemble,DE,Deaths,2022-01-17,255.896902173913,382.152391304348,0.669620046862707,,5
weighted.median_ensemble,DE,Cases,2022-01-24,262741.505543478,85788.7776086957,3.06265589587847,,5
weighted.median_ensemble,DE,Deaths,2022-01-24,150.593206521739,286.693695652174,0.525275612284282,,5
weighted.median_ensemble,DE,Cases,2022-01-31,296223.747282609,212440.150217391,1.39438682838193,,5
weighted.median_ensemble,DE,Deaths,2022-01-31,187.319619565217,167.917717391304,1.1155441038345,,5
weighted.median_ensemble,DE,Cases,2022-02-07,257612.897065218,233892.076195652,1.10141780455069,,5
weighted.median_ensemble,DE,Deaths,2022-02-07,311.717880434783,149.720869565217,2.08199352127728,,5
weighted.median_ensemble,DE,Cases,2022-02-14,257383.269130435,103214.074565217,2.49368383347567,,5
weighted.median_ensemble,DE,Deaths,2022-02-14,126.620217391304,96.9526086956522,1.30600113905942,,5
weighted.median_ensemble,DE,Cases,2022-02-21,237664.306576087,143345.581032609,1.65798139617588,,5
weighted.median_ensemble,DE,Deaths,2022-02-21,135.523940217391,136.923043478261,0.989781827621355,,5
weighted.median_ensemble,DE,Cases,2022-02-28,302995.091467391,260271.143586957,1.1641516892408,,5
weighted.median_ensemble,DE,Deaths,2022-02-28,124.090760869565,140.178152173913,0.885236100955384,,5
weighted.median_ensemble,DE,Cases,2022-03-07,227472.553591486,207524.574891304,1.09612345290012,,5
weighted.median_ensemble,DE,Deaths,2022-03-07,87.3323369565217,137.937173913043,0.633131261711775,,5
weighted.median_ensemble,FR,Cases,2021-04-12,41800.5989673913,48169.5078804348,0.86778131657786,,5
weighted.median_ensemble,FR,Deaths,2021-04-12,192.161847826087,259.95027173913,0.739225416232411,,5
weighted.median_ensemble,FR,Cases,2021-04-19,54758.4154347826,53654.6421739131,1.02057181291587,,5
weighted.median_ensemble,FR,Deaths,2021-04-19,224.842336956522,353.267608695652,0.63646462744403,,5
weighted.median_ensemble,FR,Cases,2021-04-26,140205.453206522,132008.749836957,1.06209212176987,,5
weighted.median_ensemble,FR,Deaths,2021-04-26,186.395652173913,269.893423913044,0.690626875866259,,5
weighted.median_ensemble,FR,Cases,2021-05-03,89327.7379891304,97406.355326087,0.917062728505632,,5
weighted.median_ensemble,FR,Deaths,2021-05-03,86.2908400621126,216.115652173913,0.399280844279953,,5
weighted.median_ensemble,FR,Cases,2021-05-10,96066.835326087,98018.0625543478,0.980093187139065,,5
weighted.median_ensemble,FR,Deaths,2021-05-10,132.966032608696,127.557608695652,1.04239985343366,,5
weighted.median_ensemble,FR,Cases,2021-05-17,91227.2419021739,93609.6234782609,0.974549822042172,,5
weighted.median_ensemble,FR,Deaths,2021-05-17,73.7577717391305,93.4338043478261,0.789412057594833,,5
weighted.median_ensemble,FR,Cases,2021-05-24,15652.5590217391,9026.72369565217,1.73402438686346,,5
weighted.median_ensemble,FR,Deaths,2021-05-24,182.417010869565,122.513586956522,1.48895331041366,,5
weighted.median_ensemble,FR,Cases,2021-05-31,4771.90065217391,4840.98891304348,0.98572848190513,,5
weighted.median_ensemble,FR,Deaths,2021-05-31,67.2384601449276,62.4085869565217,1.07739116400393,,5
weighted.median_ensemble,FR,Cases,2021-06-07,4915.21902173913,14553.0702173913,0.337744472356446,,5
weighted.median_ensemble,FR,Deaths,2021-06-07,45.8830434782609,49.0535326086957,0.935366752161846,,5
weighted.median_ensemble,FR,Cases,2021-06-14,4379.41119565217,5086.19739130435,0.86103838658316,,5
weighted.median_ensemble,FR,Deaths,2021-06-14,40.9391847826087,45.0498369565217,0.908753228610344,,5
weighted.median_ensemble,FR,Cases,2021-06-21,12373.4877717391,11416.744673913,1.08380174254157,,5
weighted.median_ensemble,FR,Deaths,2021-06-21,29.4952717391304,32.7422826086957,0.900831261266346,,5
weighted.median_ensemble,FR,Cases,2021-06-28,45337.9435326087,40474.5481521739,1.12015934957815,,5
weighted.median_ensemble,FR,Deaths,2021-06-28,32.0121195652174,27.0605434782609,1.1829813983941,,5
weighted.median_ensemble,FR,Cases,2021-07-05,65129.2707608696,63389.0876086957,1.02745240888962,,5
weighted.median_ensemble,FR,Deaths,2021-07-05,30.7451630434783,30.5835869565217,1.00528309799587,,5
weighted.median_ensemble,FR,Cases,2021-07-12,35668.6136413044,31214.1509782609,1.14270651366253,,5
weighted.median_ensemble,FR,Deaths,2021-07-12,45.2536956521739,26.9430434782609,1.67960593199826,,5
weighted.median_ensemble,FR,Cases,2021-07-19,37097.3479891304,27471.3414130435,1.35040176711271,,5
weighted.median_ensemble,FR,Deaths,2021-07-19,95.9682608695652,79.0440217391304,1.21411156413941,,5
weighted.median_ensemble,FR,Cases,2021-07-26,50715.6101086957,232343.429347826,0.218278650061469,,5
weighted.median_ensemble,FR,Deaths,2021-07-26,98.8134239130435,370.298695652174,0.26684788543209,,5
weighted.median_ensemble,FR,Cases,2021-08-02,19305.8273369565,21971.7364130435,0.878666436463149,,5
weighted.median_ensemble,FR,Deaths,2021-08-02,58.8076086956522,70.4975,0.834180058805662,,5
weighted.median_ensemble,FR,Cases,2021-08-09,15528.8282065217,17281.2047282609,0.898596391322569,,5
weighted.median_ensemble,FR,Deaths,2021-08-09,81.3083695652174,63.7803804347826,1.27481788303784,,5
weighted.median_ensemble,FR,Cases,2021-08-16,28485.840298913,19917.1479891304,1.43021683197107,,5
weighted.median_ensemble,FR,Deaths,2021-08-16,67.6564130434783,78.0733152173913,0.86657538308822,,5
weighted.median_ensemble,FR,Cases,2021-08-23,14994.7519565217,20825.2663043478,0.72002690085126,,5
weighted.median_ensemble,FR,Deaths,2021-08-23,53.251195652174,63.4608152173913,0.839119312756331,,5
weighted.median_ensemble,FR,Cases,2021-08-30,12127.1310054348,16074.4796195652,0.754433816362809,,5
weighted.median_ensemble,FR,Deaths,2021-08-30,33.8765760869565,65.5710869565217,0.51663892821266,,5
weighted.median_ensemble,FR,Cases,2021-09-06,5482.48668478261,9260.86130434783,0.592006132540682,,5
weighted.median_ensemble,FR,Deaths,2021-09-06,42.7976630434783,49.6246739130435,0.862427088558243,,5
weighted.median_ensemble,FR,Cases,2021-09-13,3755.74320652174,6362.61255434783,0.590283185474698,,5
weighted.median_ensemble,FR,Deaths,2021-09-13,40.8217663043478,67.2540217391304,0.606978813292239,,5
weighted.median_ensemble,FR,Cases,2021-09-20,6398.09255434783,5717.40260869565,1.11905580072617,,5
weighted.median_ensemble,FR,Deaths,2021-09-20,36.2901630434783,31.7951086956522,1.14137565594927,,5
weighted.median_ensemble,FR,Cases,2021-09-27,10427.5761277174,6505.03,1.60300200425169,,5
weighted.median_ensemble,FR,Deaths,2021-09-27,35.2874456521739,26.6479347826087,1.32420939709008,,5
weighted.median_ensemble,FR,Cases,2021-10-04,8187.12733695652,7206.2089673913,1.13612127736011,,5
weighted.median_ensemble,FR,Deaths,2021-10-04,27.0494565217391,28.1897826086957,0.959548248286074,,5
weighted.median_ensemble,FR,Cases,2021-10-11,13889.8175543478,11915.098423913,1.16573250678917,,5
weighted.median_ensemble,FR,Deaths,2021-10-11,38.4798913043478,33.3976086956522,1.15217504507612,,5
weighted.median_ensemble,FR,Cases,2021-10-18,12409.2922826087,7986.25733695652,1.55383075689091,,5
weighted.median_ensemble,FR,Deaths,2021-10-18,36.2045108695652,32.159347826087,1.12578498374264,,5
weighted.median_ensemble,FR,Cases,2021-10-25,23180.3810326087,12669.6185869565,1.82960369907845,,5
weighted.median_ensemble,FR,Deaths,2021-10-25,52.6066032608696,43.3024456521739,1.21486448325416,,5
weighted.median_ensemble,FR,Cases,2021-11-01,49033.2058152174,42042.4265217391,1.1662791582656,,5
weighted.median_ensemble,FR,Deaths,2021-11-01,74.6475,63.9125,1.16796401329943,,5
weighted.median_ensemble,FR,Cases,2021-11-08,85935.9001086957,74220.7824456522,1.1578414734663,,5
weighted.median_ensemble,FR,Deaths,2021-11-08,97.6871195652174,78.8205434782609,1.23936115198394,,5
weighted.median_ensemble,FR,Cases,2021-11-15,62710.3844021739,87639.5603804348,0.71554882441165,,5
weighted.median_ensemble,FR,Deaths,2021-11-15,148.945815217391,171.51847826087,0.868395153266539,,5
weighted.median_ensemble,FR,Cases,2021-11-22,76700.692826087,67023.5869565217,1.14438358656995,,5
weighted.median_ensemble,FR,Deaths,2021-11-22,125.009076086957,134.188913043478,0.931590198114599,,5
weighted.median_ensemble,FR,Cases,2021-11-29,65284.5316847826,46062.2334782609,1.41731146657475,,5
weighted.median_ensemble,FR,Deaths,2021-11-29,95.6519565217391,93.5488043478261,1.02248187123903,,5
weighted.median_ensemble,FR,Cases,2021-12-06,111152.092282609,116884.642282609,0.950955490062248,,5
weighted.median_ensemble,FR,Deaths,2021-12-06,314.382717391304,249.877282608696,1.25814845635097,,5
weighted.median_ensemble,FR,Cases,2021-12-13,306840.000054348,376920.359945652,0.814071174341951,,5
weighted.median_ensemble,FR,Deaths,2021-12-13,115.670706521739,129.078315217391,0.89612810894633,,5
weighted.median_ensemble,FR,Cases,2021-12-20,894183.195978261,810938.149130435,1.10265276943388,,5
weighted.median_ensemble,FR,Deaths,2021-12-20,116.905326086957,81.0241304347826,1.44284579741408,,5
weighted.median_ensemble,FR,Cases,2021-12-27,1124565.57896739,1002695.33173913,1.12154264946749,,5
weighted.median_ensemble,FR,Deaths,2021-12-27,86.5407608695652,113.833315217391,0.760241065669531,,5
weighted.median_ensemble,FR,Cases,2022-01-03,832088.353315218,408216.496195652,2.03835063273977,,5
weighted.median_ensemble,FR,Deaths,2022-01-03,97.3132065217391,188.845326086957,0.515306407302503,,5
weighted.median_ensemble,FR,Cases,2022-01-10,498566.48298913,498566.48298913,1,,5
weighted.median_ensemble,FR,Deaths,2022-01-10,155.234782608695,369.060543478261,0.420621454533352,,5
weighted.median_ensemble,FR,Cases,2022-01-17,159541.117122962,451676.080434783,0.35322020366761,,5
weighted.median_ensemble,FR,Deaths,2022-01-17,105.167717391304,290.366956521739,0.362188999227363,,5
weighted.median_ensemble,FR,Cases,2022-01-24,289282.141630434,910032.602065217,0.317881074781212,,5
weighted.median_ensemble,FR,Deaths,2022-01-24,176.750163043478,284.55875,0.621137684374416,,5
weighted.median_ensemble,FR,Cases,2022-01-31,741917.971951087,785885.062173913,0.944054045128171,,5
weighted.median_ensemble,FR,Deaths,2022-01-31,194.071684782609,240.846793478261,0.805788949812719,,5
weighted.median_ensemble,FR,Cases,2022-02-07,398431.408369565,336326.47826087,1.18465667773123,,5
weighted.median_ensemble,FR,Deaths,2022-02-07,225.047663043478,202.886793478261,1.1092277579299,,5
weighted.median_ensemble,FR,Cases,2022-02-14,73544.8161413043,73456.9247826087,1.00119650201742,,5
weighted.median_ensemble,FR,Deaths,2022-02-14,347.245815217392,377.385,0.920136770717945,,5
weighted.median_ensemble,FR,Cases,2022-02-21,172344.086141304,171491.482228261,1.00497169831391,,5
weighted.median_ensemble,FR,Deaths,2022-02-21,125.400706521739,169.796304347826,0.738536136009515,,5
weighted.median_ensemble,FR,Cases,2022-02-28,316134.570923913,248573.482717391,1.27179523522762,,5
weighted.median_ensemble,FR,Deaths,2022-02-28,142.057445652174,280.44652173913,0.506540230098895,,5
weighted.median_ensemble,FR,Cases,2022-03-07,354578.969619565,311058.151847826,1.13991215955347,,5
weighted.median_ensemble,FR,Deaths,2022-03-07,171.581847826087,155.894836956522,1.10062559591977,,5
weighted.median_ensemble,GB,Cases,2021-04-12,9181.01342391304,5043.48777173913,1.82036991848345,,5
weighted.median_ensemble,GB,Deaths,2021-04-12,42.5821195652174,41.0977717391304,1.03611747701333,,5
weighted.median_ensemble,GB,Cases,2021-04-19,2340.59766304348,2292.33673913044,1.02105315640989,,5
weighted.median_ensemble,GB,Deaths,2021-04-19,20.3485326086957,17.7688043478261,1.14518299658048,,5
weighted.median_ensemble,GB,Cases,2021-04-26,1119.24347826087,2126.60934782609,0.526304221978996,,5
weighted.median_ensemble,GB,Deaths,2021-04-26,13.9072282608696,14.929347826087,0.931536221332363,,5
weighted.median_ensemble,GB,Cases,2021-05-03,2673.73541409338,1683.55315217391,1.58815028241959,,5
weighted.median_ensemble,GB,Deaths,2021-05-03,10.3816304347826,10.2663043478261,1.01123345685548,,5
weighted.median_ensemble,GB,Cases,2021-05-10,4557.56059782609,4421.32461956522,1.030813385124,,5
weighted.median_ensemble,GB,Deaths,2021-05-10,9.20190217391304,10.4979891304348,0.876539502906871,,5
weighted.median_ensemble,GB,Cases,2021-05-17,9952.39983695652,9673.26592391304,1.02885622242158,,5
weighted.median_ensemble,GB,Deaths,2021-05-17,9.28353260869565,8.85217391304348,1.04872912573674,,5
weighted.median_ensemble,GB,Cases,2021-05-24,20759.832826087,21411.5259782609,0.969563442006162,,5
weighted.median_ensemble,GB,Deaths,2021-05-24,26.1949456521739,23.6632065217391,1.10699053520532,,5
weighted.median_ensemble,GB,Cases,2021-05-31,18035.58875,17098.0723913043,1.05483169899155,,5
weighted.median_ensemble,GB,Deaths,2021-05-31,11.541847826087,13.2704347826087,0.869741497935915,,5
weighted.median_ensemble,GB,Cases,2021-06-07,13646.6976630435,12449.9569565217,1.09612408385837,,5
weighted.median_ensemble,GB,Deaths,2021-06-07,24.8697826086957,24.3733152173913,1.02036930088813,,5
weighted.median_ensemble,GB,Cases,2021-06-14,24132.0605434783,17458.8858695652,1.38222225196774,,5
weighted.median_ensemble,GB,Deaths,2021-06-14,28.3441847826087,25.1922826086957,1.12511379865297,,5
weighted.median_ensemble,GB,Cases,2021-06-21,72397.2904347826,63172.4954347826,1.14602549632575,,5
weighted.median_ensemble,GB,Deaths,2021-06-21,20.1327173913043,34.8577173913044,0.577568438153862,,5
weighted.median_ensemble,GB,Cases,2021-06-28,25162.671576087,26321.1841304348,0.955985545763944,,5
weighted.median_ensemble,GB,Deaths,2021-06-28,28.1886956521739,34.2927717391304,0.822001087185631,,5
weighted.median_ensemble,GB,Cases,2021-07-05,109193.821793478,95610.5691304348,1.14206852638345,,5
weighted.median_ensemble,GB,Deaths,2021-07-05,43.6685326086957,57.7308695652174,0.756415639285741,,5
weighted.median_ensemble,GB,Cases,2021-07-12,110134.522391304,110810.593913043,0.993898854812838,,5
weighted.median_ensemble,GB,Deaths,2021-07-12,52.7174456521739,60.6806521739131,0.868768606854846,,5
weighted.median_ensemble,GB,Cases,2021-07-19,262933.388315217,225848.945543478,1.16420020329296,,5
weighted.median_ensemble,GB,Deaths,2021-07-19,75.9670108695652,78.563152173913,0.966954720724535,,5
weighted.median_ensemble,GB,Cases,2021-07-26,38660.7150543478,39314.3890217391,0.983373162252888,,5
weighted.median_ensemble,GB,Deaths,2021-07-26,56.8923913043478,54.4948913043478,1.0439949496662,,5
weighted.median_ensemble,GB,Cases,2021-08-02,25430.677798913,40584.2334782609,0.62661471264537,,5
weighted.median_ensemble,GB,Deaths,2021-08-02,281.278695652174,165.367282608696,1.70093316655482,,5
weighted.median_ensemble,GB,Cases,2021-08-09,38032.826576087,17022.5809782609,2.23425734467986,,5
weighted.median_ensemble,GB,Deaths,2021-08-09,245.420489130435,167.005489130435,1.46953546502149,,5
weighted.median_ensemble,GB,Cases,2021-08-16,39781.7521195652,16825.6944565217,2.36434533043274,,5
weighted.median_ensemble,GB,Deaths,2021-08-16,246.913532608696,222.007173913044,1.11218717961523,,5
weighted.median_ensemble,GB,Cases,2021-08-23,15497.1649456522,18266.4993478261,0.848392713379781,,5
weighted.median_ensemble,GB,Deaths,2021-08-23,131.696847826087,139.599782608696,0.943388631164556,,5
weighted.median_ensemble,GB,Cases,2021-08-30,18871.1097826087,15816.7819565217,1.19310677952588,,5
weighted.median_ensemble,GB,Deaths,2021-08-30,71.5369565217391,125.536576086957,0.569849511206893,,5
weighted.median_ensemble,GB,Cases,2021-09-06,27917.9661413043,26468.5034782609,1.05476179128276,,5
weighted.median_ensemble,GB,Deaths,2021-09-06,113.077608695652,104.317391304348,1.08397657650148,,5
weighted.median_ensemble,GB,Cases,2021-09-13,18109.9023369565,21409.2316304348,0.845892213675337,,5
weighted.median_ensemble,GB,Deaths,2021-09-13,141.496195652174,79.1276630434783,1.78820137243818,,5
weighted.median_ensemble,GB,Cases,2021-09-20,57066.401576087,36453.1843478261,1.56547096219566,,5
weighted.median_ensemble,GB,Deaths,2021-09-20,119.313967391304,74.7102173913044,1.5970234267474,,5
weighted.median_ensemble,GB,Cases,2021-09-27,92173.0264130435,35650.1969565217,2.5854843530165,,5
weighted.median_ensemble,GB,Deaths,2021-09-27,99.3244565217391,81.2608695652174,1.22229133226324,,5
weighted.median_ensemble,GB,Cases,2021-10-04,59883.5205978261,59842.8130978261,1.00068024041473,,5
weighted.median_ensemble,GB,Deaths,2021-10-04,202.401467391304,200.691630434783,1.00851972228646,,5
weighted.median_ensemble,GB,Cases,2021-10-11,24405.0191847826,24303.7488043478,1.00416686253837,,5
weighted.median_ensemble,GB,Deaths,2021-10-11,293.389293478261,207.541739130435,1.41363994880024,,5
weighted.median_ensemble,GB,Cases,2021-10-18,25149.2166304348,34912.1221739131,0.720357717160681,,5
weighted.median_ensemble,GB,Deaths,2021-10-18,211.592445652174,138.561195652174,1.52706856097957,,5
weighted.median_ensemble,GB,Cases,2021-10-25,69483.200923913,61728.8575,1.12561942238949,,5
weighted.median_ensemble,GB,Deaths,2021-10-25,121.883532608696,127.128097826087,0.958745821678494,,5
weighted.median_ensemble,GB,Cases,2021-11-01,19964.0519021739,22283.4444565217,0.89591409178804,,5
weighted.median_ensemble,GB,Deaths,2021-11-01,105.313260869565,105.064782608696,1.0023650004759,,5
weighted.median_ensemble,GB,Cases,2021-11-08,35659.0007065217,31999.764673913,1.11435196695655,,5
weighted.median_ensemble,GB,Deaths,2021-11-08,114.891576086957,91.0375,1.26202472702959,,5
weighted.median_ensemble,GB,Cases,2021-11-15,103575.916997283,39697.0048369565,2.60916201166031,,5
weighted.median_ensemble,GB,Deaths,2021-11-15,85.2554891304348,75.0054347826087,1.13665748858778,,5
weighted.median_ensemble,GB,Cases,2021-11-22,50982.4799456522,38978.5127173913,1.30796370593445,,5
weighted.median_ensemble,GB,Deaths,2021-11-22,56.7924456521739,81.2486956521739,0.698995167815403,,5
weighted.median_ensemble,GB,Cases,2021-11-29,147610.195054348,109044.942065217,1.35366384041972,,5
weighted.median_ensemble,GB,Deaths,2021-11-29,81.3550543478261,69.1297826086957,1.17684522181027,,5
weighted.median_ensemble,GB,Cases,2021-12-06,297811.787717391,290927.458369565,1.02366338807072,,5
weighted.median_ensemble,GB,Deaths,2021-12-06,160.477282608696,72.455,2.21485449739418,,5
weighted.median_ensemble,GB,Cases,2021-12-13,474580.327663044,440296.680054348,1.07786487875508,,5
weighted.median_ensemble,GB,Deaths,2021-12-13,130.001304347826,95.5620652173913,1.36038609098799,,5
weighted.median_ensemble,GB,Cases,2021-12-20,262064.898641304,239886.714565217,1.09245274010394,,5
weighted.median_ensemble,GB,Deaths,2021-12-20,252.232663043478,192.341630434783,1.31137841804353,,5
weighted.median_ensemble,GB,Cases,2021-12-27,257044.95326087,230156.500054348,1.11682682522619,,5
weighted.median_ensemble,GB,Deaths,2021-12-27,597.208804347826,482.834021739131,1.23688219441689,,5
weighted.median_ensemble,GB,Cases,2022-01-03,426131.062989131,426131.062989131,1,,5
weighted.median_ensemble,GB,Deaths,2022-01-03,250.103315217391,223.88,1.11713112032067,,5
weighted.median_ensemble,GB,Cases,2022-01-10,473578.821141304,473578.821141304,1,,5
weighted.median_ensemble,GB,Deaths,2022-01-10,281.907173913043,319.864673913043,0.881332628778135,,5
weighted.median_ensemble,GB,Cases,2022-01-17,173670.426032609,197403.952282609,0.879771777740182,,5
weighted.median_ensemble,GB,Deaths,2022-01-17,535.486032608696,968.249565217391,0.553045466628708,,5
weighted.median_ensemble,GB,Cases,2022-01-24,270434.021793478,215826.097608696,1.25301816967376,,5
weighted.median_ensemble,GB,Deaths,2022-01-24,394.525489130435,600.781195652174,0.656687479544296,,5
weighted.median_ensemble,GB,Cases,2022-01-31,296424.884891304,221245.188369565,1.33980262836794,,5
weighted.median_ensemble,GB,Deaths,2022-01-31,257.196195652174,447.875326086957,0.574258461387619,,5
weighted.median_ensemble,GB,Cases,2022-02-07,208982.465652174,204775.503586957,1.02054426428711,,5
weighted.median_ensemble,GB,Deaths,2022-02-07,462.114402173913,1293.00298913044,0.357396236558349,,5
weighted.median_ensemble,GB,Cases,2022-02-14,131186.241847826,103687.715652174,1.26520524656843,,5
weighted.median_ensemble,GB,Deaths,2022-02-14,166.529076086957,215.018206521739,0.774488257440283,,5
weighted.median_ensemble,GB,Cases,2022-02-21,145628.387173913,104064.690434783,1.39940249248306,,5
weighted.median_ensemble,GB,Deaths,2022-02-21,172.539239130435,167.149184782609,1.03224696761062,,5
weighted.median_ensemble,GB,Cases,2022-02-28,312101.204076087,277790.789239131,1.12351170796891,,5
weighted.median_ensemble,GB,Deaths,2022-02-28,380.531086956522,418.795869565217,0.908631423112121,,5
weighted.median_ensemble,GB,Cases,2022-03-07,167083.626032609,215627.591630435,0.774871271200646,,5
weighted.median_ensemble,GB,Deaths,2022-03-07,287.898586956522,443.039891304348,0.649825427929127,,5
weighted.median_ensemble,PL,Cases,2021-04-12,7240.85657608696,21065.6732608696,0.343727754931867,,5
weighted.median_ensemble,PL,Deaths,2021-04-12,194.971630434783,186.638043478261,1.04465106256588,,5
weighted.median_ensemble,PL,Cases,2021-04-19,11251.0060190217,18061.3927173913,0.622931254254173,,5
weighted.median_ensemble,PL,Deaths,2021-04-19,371.107010869565,184.177119565217,2.01494632854303,,5
weighted.median_ensemble,PL,Cases,2021-04-26,3259.46016304348,4160.10260869565,0.783504752077604,,5
weighted.median_ensemble,PL,Deaths,2021-04-26,150.181304347826,158.412336956522,0.948040457158619,,5
weighted.median_ensemble,PL,Cases,2021-05-03,1680.11141304348,3823.07945652174,0.43946547074176,,5
weighted.median_ensemble,PL,Deaths,2021-05-03,134.909891304348,101.31402173913,1.33160138141315,,5
weighted.median_ensemble,PL,Cases,2021-05-10,2222.90964673913,3954.45336956522,0.562128172719744,,5
weighted.median_ensemble,PL,Deaths,2021-05-10,111.845652173913,93.7517391304348,1.19299815887473,,5
weighted.median_ensemble,PL,Cases,2021-05-17,1886.10951086957,4637.23880434783,0.406731158443074,,5
weighted.median_ensemble,PL,Deaths,2021-05-17,43.9583152173913,81.9801086956522,0.53620708628949,,5
weighted.median_ensemble,PL,Cases,2021-05-24,378.85,817.855489130435,0.463223644072871,,5
weighted.median_ensemble,PL,Deaths,2021-05-24,59.1095652173913,63.9291304347826,0.924610812244537,,5
weighted.median_ensemble,PL,Cases,2021-05-31,238.644347826087,263.645434782609,0.905171553692418,,5
weighted.median_ensemble,PL,Deaths,2021-05-31,26.8290760869565,35.0245652173913,0.766007398533948,,5
weighted.median_ensemble,PL,Cases,2021-06-07,284.675489130435,150.006956521739,1.89774858267443,,5
weighted.median_ensemble,PL,Deaths,2021-06-07,40.8740760869565,26.0697826086957,1.56787176557901,,5
weighted.median_ensemble,PL,Cases,2021-06-14,107.650543478261,206.125869565217,0.522256346111863,,5
weighted.median_ensemble,PL,Deaths,2021-06-14,15.2240760869565,11.1182608695652,1.36928574221805,,5
weighted.median_ensemble,PL,Cases,2021-06-21,144.487173913043,71.2167391304348,2.02883726041447,,5
weighted.median_ensemble,PL,Deaths,2021-06-21,8.7429347826087,7.90086956521739,1.10657880255338,,5
weighted.median_ensemble,PL,Cases,2021-06-28,103.805054347826,111.57875,0.930329962899083,,5
weighted.median_ensemble,PL,Deaths,2021-06-28,6.47964673913044,5.44548913043478,1.18991087557512,,5
weighted.median_ensemble,PL,Cases,2021-07-05,252.62625,126.592065217391,1.99559308528679,,5
weighted.median_ensemble,PL,Deaths,2021-07-05,3.88152173913043,4.92815217391304,0.787622135468361,,5
weighted.median_ensemble,PL,Cases,2021-07-12,323.290597826087,198.436032608696,1.62919301286172,,5
weighted.median_ensemble,PL,Deaths,2021-07-12,3.67510869565217,5.29875,0.693580315291752,,5
weighted.median_ensemble,PL,Cases,2021-07-19,91.1003804347826,112.88875,0.806992551824541,,5
weighted.median_ensemble,PL,Deaths,2021-07-19,9.05967391304348,7.04902173913044,1.2852384697229,,5
weighted.median_ensemble,PL,Cases,2021-07-26,115.576684782609,150.603913043478,0.767421526087722,,5
weighted.median_ensemble,PL,Deaths,2021-07-26,4.55271739130435,5.55646739130435,0.819354649399936,,5
weighted.median_ensemble,PL,Cases,2021-08-02,192.346032608696,151.385108695652,1.27057432706537,,5
weighted.median_ensemble,PL,Deaths,2021-08-02,3.1091847826087,4.94445652173913,0.628822352656686,,5
weighted.median_ensemble,PL,Cases,2021-08-09,101.766793478261,174.535,0.583073844663024,,5
weighted.median_ensemble,PL,Deaths,2021-08-09,3.65478260869565,7.3416847826087,0.497812520819916,,5
weighted.median_ensemble,PL,Cases,2021-08-16,179.639565217391,208.383695652174,0.862061519041484,,5
weighted.median_ensemble,PL,Deaths,2021-08-16,8.37983695652174,4.83048913043478,1.73478021174379,,5
weighted.median_ensemble,PL,Cases,2021-08-23,955.979782608696,474.557826086957,2.01446426559094,,5
weighted.median_ensemble,PL,Deaths,2021-08-23,7.74081521739131,7.38347826086957,1.0483968319397,,5
weighted.median_ensemble,PL,Cases,2021-08-30,1021.47157608696,763.076956521739,1.33862196644364,,5
weighted.median_ensemble,PL,Deaths,2021-08-30,24.7647282608696,16.166902173913,1.53181654682305,,5
weighted.median_ensemble,PL,Cases,2021-09-06,438.49652173913,557.109347826087,0.787092378633029,,5
weighted.median_ensemble,PL,Deaths,2021-09-06,7.63413043478261,9.75989130434783,0.782194206546313,,5
weighted.median_ensemble,PL,Cases,2021-09-13,663.315,872.490760869565,0.760254468871291,,5
weighted.median_ensemble,PL,Deaths,2021-09-13,11.0904347826087,11.2979347826087,0.98163381148921,,5
weighted.median_ensemble,PL,Cases,2021-09-20,818.402445652174,856.977282608696,0.954987328439912,,5
weighted.median_ensemble,PL,Deaths,2021-09-20,16.3930434782609,15.1552173913043,1.08167656424821,,5
weighted.median_ensemble,PL,Cases,2021-09-27,3424.56255434783,4660.11798913044,0.734866061832662,,5
weighted.median_ensemble,PL,Deaths,2021-09-27,40.6935869565217,33.2423913043478,1.22414740215152,,5
weighted.median_ensemble,PL,Cases,2021-10-04,7810.2647826087,6469.36782608696,1.20726862230877,,5
weighted.median_ensemble,PL,Deaths,2021-10-04,49.1820108695652,48.1332608695652,1.02178846770515,,5
weighted.median_ensemble,PL,Cases,2021-10-11,9910.9235326087,12438.2626086957,0.796809316896069,,5
weighted.median_ensemble,PL,Deaths,2021-10-11,51.8282608695652,50.0216304347826,1.03611698417424,,5
weighted.median_ensemble,PL,Cases,2021-10-18,12960.7386956522,14817.1605434783,0.874711363059153,,5
weighted.median_ensemble,PL,Deaths,2021-10-18,60.644402173913,66.3151086956522,0.914488468264986,,5
weighted.median_ensemble,PL,Cases,2021-10-25,15328.2152717391,7546.22782608696,2.03124204900761,,5
weighted.median_ensemble,PL,Deaths,2021-10-25,113.022880434783,111.422826086957,1.0143602025188,,5
weighted.median_ensemble,PL,Cases,2021-11-01,6627.50695652174,5848.39168478261,1.13321872298095,,5
weighted.median_ensemble,PL,Deaths,2021-11-01,178.670597826087,146.40097826087,1.22041942580272,,5
weighted.median_ensemble,PL,Cases,2021-11-08,20325.3480434783,26051.5427173913,0.780197482504927,,5
weighted.median_ensemble,PL,Deaths,2021-11-08,174.521413043478,162.883695652174,1.07144801905868,,5
weighted.median_ensemble,PL,Cases,2021-11-15,12316.8921195652,26587.3404347826,0.463261534179319,,5
weighted.median_ensemble,PL,Deaths,2021-11-15,350.305869565218,171.578913043478,2.04166038443459,,5
weighted.median_ensemble,PL,Cases,2021-11-22,14862.6452445652,33260.4215217391,0.446856791482662,,5
weighted.median_ensemble,PL,Deaths,2021-11-22,822.270923913044,814.002010869565,1.01015834473756,,5
weighted.median_ensemble,PL,Cases,2021-11-29,25821.4091304348,43320.7041304348,0.596052387622529,,5
weighted.median_ensemble,PL,Deaths,2021-11-29,793.322065217391,636.545652173913,1.24629248901168,,5
weighted.median_ensemble,PL,Cases,2021-12-06,9171.19663043478,21351.0627717391,0.429542862970458,,5
weighted.median_ensemble,PL,Deaths,2021-12-06,195.245923913043,206.756847826087,0.9443262748776,,5
weighted.median_ensemble,PL,Cases,2021-12-13,10982.8863043478,14333.3019565217,0.766249559080177,,5
weighted.median_ensemble,PL,Deaths,2021-12-13,205.50722826087,178.783804347826,1.14947340454314,,5
weighted.median_ensemble,PL,Cases,2021-12-20,14381.0425,12693.9239673913,1.13290756561506,,5
weighted.median_ensemble,PL,Deaths,2021-12-20,361.275815217391,264.400760869565,1.36639476387746,,5
weighted.median_ensemble,PL,Cases,2021-12-27,54827.0958242754,46505.1748913044,1.17894612701536,,5
weighted.median_ensemble,PL,Deaths,2021-12-27,334.444347826087,275.064293478261,1.21587699950782,,5
weighted.median_ensemble,PL,Cases,2022-01-03,99746.5690398551,104237.08576087,0.956920162452391,,5
weighted.median_ensemble,PL,Deaths,2022-01-03,153.983586956521,238.311195652174,0.646144997657884,,5
weighted.median_ensemble,PL,Cases,2022-01-10,75022.0216304348,121570.86326087,0.617105280148014,,5
weighted.median_ensemble,PL,Deaths,2022-01-10,199.660018115942,385.558206521739,0.51784663051825,,5
weighted.median_ensemble,PL,Cases,2022-01-17,86546.7172282609,83801.8510869565,1.03275424236699,,5
weighted.median_ensemble,PL,Deaths,2022-01-17,252.753532608696,543.896195652174,0.464709138672361,,5
weighted.median_ensemble,PL,Cases,2022-01-24,77423.3182608696,136919.59326087,0.565465587626723,,5
weighted.median_ensemble,PL,Deaths,2022-01-24,2130.36331521739,567.319402173913,3.75513918095176,,5
weighted.median_ensemble,PL,Cases,2022-01-31,41017.6809782609,197814.242173913,0.207354538922426,,5
weighted.median_ensemble,PL,Deaths,2022-01-31,1175.55010869565,500.316032608696,2.34961510740766,,5
weighted.median_ensemble,PL,Cases,2022-02-07,13899.0266847826,120275.29423913,0.115560113759927,,5
weighted.median_ensemble,PL,Deaths,2022-02-07,147.246739130435,126.244891304348,1.16635800157217,,5
weighted.median_ensemble,PL,Cases,2022-02-14,21357.8622826087,10851.3276086957,1.96822573723548,,5
weighted.median_ensemble,PL,Deaths,2022-02-14,239.353913043478,117.380326086957,2.03913143729182,,5
weighted.median_ensemble,PL,Cases,2022-02-21,10921.5963586957,9090.82054347826,1.20138730123001,,5
weighted.median_ensemble,PL,Deaths,2022-02-21,108.756304347826,114.923804347826,0.946334007693188,,5
weighted.median_ensemble,PL,Cases,2022-02-28,11284.9680434783,10661.3838043478,1.0584899906592,,5
weighted.median_ensemble,PL,Deaths,2022-02-28,153.542608695652,103.000217391304,1.49070179252471,,5
weighted.median_ensemble,PL,Cases,2022-03-07,6996.59179347826,6602.26369565218,1.05972619634774,,5
weighted.median_ensemble,PL,Deaths,2022-03-07,101.310597826087,84.9841304347826,1.19211195440581,,5
weighted.median_ensemble,Average,Cases,2021-04-12,14302.3491521739,17856.4232934783,0.8009638278119,average,5
weighted.median_ensemble,Average,Deaths,2021-04-12,121.669092391304,131.012119565217,0.928685779568186,average,5
weighted.median_ensemble,Average,Cases,2021-04-19,17584.6340951087,20866.5203913043,0.842720001483175,average,5
weighted.median_ensemble,Average,Deaths,2021-04-19,155.813369565217,156.748369565217,0.994035025674631,average,5
weighted.median_ensemble,Average,Cases,2021-04-26,32900.7405108696,35900.9699673913,0.916430406776005,average,5
weighted.median_ensemble,Average,Deaths,2021-04-26,97.1520760869565,120.962043478261,0.803161663719881,average,5
weighted.median_ensemble,Average,Cases,2021-05-03,25536.0525067317,26565.4370108696,0.96125098549229,average,5
weighted.median_ensemble,Average,Deaths,2021-05-03,78.7435049689443,92.4805652173913,0.851460031454655,average,5
weighted.median_ensemble,Average,Cases,2021-05-10,23052.7173423913,24773.0021956522,0.930558079328682,average,5
weighted.median_ensemble,Average,Deaths,2021-05-10,70.8551630434783,70.1663152173913,1.00981735785829,average,5
weighted.median_ensemble,Average,Cases,2021-05-17,21523.0806902174,22317.2965326087,0.964412542476601,average,5
weighted.median_ensemble,Average,Deaths,2021-05-17,42.8225217391304,53.3482065217391,0.802698432264644,average,5
weighted.median_ensemble,Average,Cases,2021-05-24,8480.54001086956,8095.34863043478,1.04758181494329,average,5
weighted.median_ensemble,Average,Deaths,2021-05-24,78.2477282608696,54.2505760869565,1.44233912162423,average,5
weighted.median_ensemble,Average,Cases,2021-05-31,5051.9795326087,4847.48313043478,1.0421860987798,average,5
weighted.median_ensemble,Average,Deaths,2021-05-31,31.3498115942029,33.6620434782609,0.931310412407042,average,5
weighted.median_ensemble,Average,Cases,2021-06-07,4108.8642173913,5826.79858695652,0.705166680480278,average,5
weighted.median_ensemble,Average,Deaths,2021-06-07,40.3415434782609,31.7766086956522,1.26953583576653,average,5
weighted.median_ensemble,Average,Cases,2021-06-14,6051.41456521739,4893.23969565217,1.2366887668704,average,5
weighted.median_ensemble,Average,Deaths,2021-06-14,25.7151630434783,25.4189239130435,1.0116542750373,average,5
weighted.median_ensemble,Average,Cases,2021-06-21,17557.6677608696,15340.0707173913,1.14456237421149,average,5
weighted.median_ensemble,Average,Deaths,2021-06-21,25.8642391304348,22.3778043478261,1.15579878742426,average,5
weighted.median_ensemble,Average,Cases,2021-06-28,15211.0451304348,14223.1756413043,1.06945491738579,average,5
weighted.median_ensemble,Average,Deaths,2021-06-28,18.2898967391304,19.5808043478261,0.934072799780619,average,5
weighted.median_ensemble,Average,Cases,2021-07-05,36066.213826087,32698.6951521739,1.10298633196955,average,5
weighted.median_ensemble,Average,Deaths,2021-07-05,20.4320326086957,24.0433804347826,0.849798665546108,average,5
weighted.median_ensemble,Average,Cases,2021-07-12,29909.2980108696,29198.8056956522,1.02433292384021,average,5
weighted.median_ensemble,Average,Deaths,2021-07-12,27.1179130434783,23.6353695652174,1.14734457477601,average,5
weighted.median_ensemble,Average,Cases,2021-07-19,61110.8104456522,51314.60875,1.1909047332579,average,5
weighted.median_ensemble,Average,Deaths,2021-07-19,43.4949402173913,39.4072826086957,1.10372848210025,average,5
weighted.median_ensemble,Average,Cases,2021-07-26,18660.5318369565,54918.3826521739,0.339786624000622,average,5
weighted.median_ensemble,Average,Deaths,2021-07-26,52.9206630434783,108.249391304348,0.488877234373444,average,5
weighted.median_ensemble,Average,Cases,2021-08-02,9853.44563586956,13537.7248478261,0.727850931129824,average,5
weighted.median_ensemble,Average,Deaths,2021-08-02,77.6680489130435,71.5548695652174,1.08543344967255,average,5
weighted.median_ensemble,Average,Cases,2021-08-09,12384.0054130435,8968.13835869565,1.38088920104982,average,5
weighted.median_ensemble,Average,Deaths,2021-08-09,71.71075,60.068597826087,1.19381428225809,average,5
weighted.median_ensemble,Average,Cases,2021-08-16,16371.5423641304,8665.08007608696,1.88937000239744,average,5
weighted.median_ensemble,Average,Deaths,2021-08-16,76.3107065217391,67.131,1.13674318156648,average,5
weighted.median_ensemble,Average,Cases,2021-08-23,16195.6697201087,13490.2320869565,1.20054789389191,average,5
weighted.median_ensemble,Average,Deaths,2021-08-23,60.2113369565218,55.1696086956522,1.09138597100956,average,5
weighted.median_ensemble,Average,Cases,2021-08-30,19454.1881032609,15626.638,1.24493752931762,average,5
weighted.median_ensemble,Average,Deaths,2021-08-30,37.5739130434783,48.4001956521739,0.77631737924164,average,5
weighted.median_ensemble,Average,Cases,2021-09-06,12707.9506086957,13290.7315652174,0.956151325932508,average,5
weighted.median_ensemble,Average,Deaths,2021-09-06,43.9687717391304,40.6023804347826,1.08291118078052,average,5
weighted.median_ensemble,Average,Cases,2021-09-13,6666.42485869565,7709.21834782609,0.864734212720218,average,5
weighted.median_ensemble,Average,Deaths,2021-09-13,48.3355271739131,41.2175,1.17269429669226,average,5
weighted.median_ensemble,Average,Cases,2021-09-20,13947.0694456522,9737.10405434783,1.43236319215717,average,5
weighted.median_ensemble,Average,Deaths,2021-09-20,44.2779076086957,33.9917282608696,1.30260830720006,average,5
weighted.median_ensemble,Average,Cases,2021-09-27,25120.0576277174,12516.2566195652,2.00699445459197,average,5
weighted.median_ensemble,Average,Deaths,2021-09-27,42.4044456521739,37.0815217391304,1.14354653378279,average,5
weighted.median_ensemble,Average,Cases,2021-10-04,20585.3730652174,19086.6696086957,1.07852095138897,average,5
weighted.median_ensemble,Average,Deaths,2021-10-04,78.3127065217391,69.7026847826087,1.12352496558753,average,5
weighted.median_ensemble,Average,Cases,2021-10-11,19267.335861413,18643.4759673913,1.0334626383574,average,5
weighted.median_ensemble,Average,Deaths,2021-10-11,119.759239130435,87.2461739130435,1.37265892312706,average,5
weighted.median_ensemble,Average,Cases,2021-10-18,25027.4499347826,25302.9543152174,0.98911177023036,average,5
weighted.median_ensemble,Average,Deaths,2021-10-18,129.780032608696,97.262347826087,1.33432963021572,average,5
weighted.median_ensemble,Average,Cases,2021-10-25,34003.2672717391,25154.2177065217,1.35179188112549,average,5
weighted.median_ensemble,Average,Deaths,2021-10-25,95.4891467391304,106.40052173913,0.897449985943188,average,5
weighted.median_ensemble,Average,Cases,2021-11-01,22029.4331413044,20830.9653369565,1.05753299402892,average,5
weighted.median_ensemble,Average,Deaths,2021-11-01,103.888945652174,98.4190652173913,1.05557744754739,average,5
weighted.median_ensemble,Average,Cases,2021-11-08,46718.5502826087,41717.9302065217,1.11986740596505,average,5
weighted.median_ensemble,Average,Deaths,2021-11-08,119.540804347826,110.459010869565,1.08221867466281,average,5
weighted.median_ensemble,Average,Cases,2021-11-15,67355.4061820652,44550.009673913,1.51190553436639,average,5
weighted.median_ensemble,Average,Deaths,2021-11-15,246.919,173.48625,1.42327706086217,average,5
weighted.median_ensemble,Average,Cases,2021-11-22,63743.9498043478,58903.1167391304,1.08218296981901,average,5
weighted.median_ensemble,Average,Deaths,2021-11-22,301.298434782609,300.73425,1.00187602437238,average,5
weighted.median_ensemble,Average,Cases,2021-11-29,81991.2696521739,85136.2458695652,0.963059491462548,average,5
weighted.median_ensemble,Average,Deaths,2021-11-29,292.600608695652,295.157956521739,0.991335663601199,average,5
weighted.median_ensemble,Average,Cases,2021-12-06,95909.8093478261,103083.250163043,0.930411188977148,average,5
weighted.median_ensemble,Average,Deaths,2021-12-06,184.674967391304,167.546217391304,1.10223298542154,average,5
weighted.median_ensemble,Average,Cases,2021-12-13,168056.348695652,175151.27426087,0.959492583795592,average,5
weighted.median_ensemble,Average,Deaths,2021-12-13,177.500097826087,137.703358695652,1.2890034020041,average,5
weighted.median_ensemble,Average,Cases,2021-12-20,254313.010684783,231278.486826087,1.09959648290166,average,5
weighted.median_ensemble,Average,Deaths,2021-12-20,196.448081521739,146.202217391304,1.34367374877738,average,5
weighted.median_ensemble,Average,Cases,2021-12-27,338983.705251812,317380.158771739,1.06806835866388,average,5
weighted.median_ensemble,Average,Deaths,2021-12-27,290.144619565217,227.206695652174,1.27700734669102,average,5
weighted.median_ensemble,Average,Cases,2022-01-03,354692.705131341,280899.262206522,1.26270429599977,average,5
weighted.median_ensemble,Average,Deaths,2022-01-03,161.496826086956,185.383315217391,0.871150814719091,average,5
weighted.median_ensemble,Average,Cases,2022-01-10,250767.624876812,275415.791913044,0.910505614565435,average,5
weighted.median_ensemble,Average,Deaths,2022-01-10,241.216144927536,320.606619565217,0.752374187578084,average,5
weighted.median_ensemble,Average,Cases,2022-01-17,144652.744424592,194668.174119565,0.743073412378885,average,5
weighted.median_ensemble,Average,Deaths,2022-01-17,241.792565217391,446.447141304348,0.541592817709541,average,5
weighted.median_ensemble,Average,Cases,2022-01-24,197343.520630435,283365.871728261,0.69642656480411,average,5
weighted.median_ensemble,Average,Deaths,2022-01-24,580.483815217391,362.946717391304,1.59936372862013,average,5
weighted.median_ensemble,Average,Cases,2022-01-31,284100.992368478,312019.078934783,0.910524424783205,average,5
weighted.median_ensemble,Average,Deaths,2022-01-31,403.003358695652,306.476097826087,1.31495852875398,average,5
weighted.median_ensemble,Average,Cases,2022-02-07,180255.840858696,191923.059706522,0.939208874297508,average,5
weighted.median_ensemble,Average,Deaths,2022-02-07,238.595663043478,363.07997826087,0.657143542275001,average,5
weighted.median_ensemble,Average,Cases,2022-02-14,101840.824565217,60245.9756086957,1.69041705335946,average,5
weighted.median_ensemble,Average,Deaths,2022-02-14,180.50172826087,169.860391304348,1.06264754764079,average,5
weighted.median_ensemble,Average,Cases,2022-02-21,116431.659728261,87618.682326087,1.32884513481887,average,5
weighted.median_ensemble,Average,Deaths,2022-02-21,118.982114130435,128.281717391304,0.927506401925518,average,5
weighted.median_ensemble,Average,Cases,2022-02-28,192595.762641304,163172.958108696,1.18031667056627,average,5
weighted.median_ensemble,Average,Deaths,2022-02-28,165.448934782609,196.969717391304,0.839971427962828,average,5
weighted.median_ensemble,Average,Cases,2022-03-07,154221.528979167,151388.039521739,1.0187167326189,average,5
weighted.median_ensemble,Average,Deaths,2022-03-07,134.252097826087,171.626858695652,0.782232448035174,average,5
mean_ensemble,CZ,Deaths,2021-04-12,34.8591847826087,28.1125543478261,1.23998639011273,,8
mean_ensemble,DE,Cases,2021-04-12,13453.2363858696,13536.7779891304,0.993828545956213,,8
mean_ensemble,DE,Deaths,2021-04-12,129.638057065217,139.261956521739,0.93089354984741,,8
mean_ensemble,GB,Deaths,2021-04-12,37.1400869565217,41.0977717391304,0.903700745438701,,8
mean_ensemble,PL,Cases,2021-04-12,22515.0896467391,21065.6732608696,1.06880465522846,,8
mean_ensemble,PL,Deaths,2021-04-12,340.456141304348,186.638043478261,1.82415189829186,,8
mean_ensemble,CZ,Deaths,2021-04-19,25.1161413043478,20.7639673913044,1.20960223212767,,8
mean_ensemble,DE,Cases,2021-04-19,22327.6173369565,29133.4591304348,0.766390878508196,,8
mean_ensemble,DE,Deaths,2021-04-19,143.775149456522,207.764347826087,0.692010688844803,,8
mean_ensemble,GB,Deaths,2021-04-19,18.9790217391305,17.7688043478261,1.06810910670264,,8
mean_ensemble,PL,Cases,2021-04-19,18466.3419972826,18061.3927173913,1.0224207117484,,8
mean_ensemble,PL,Deaths,2021-04-19,518.253858695652,184.177119565217,2.81388839134352,,8
mean_ensemble,CZ,Deaths,2021-04-26,23.9421428571429,23.9485869565217,0.999730919432091,,8
mean_ensemble,DE,Cases,2021-04-26,41087.1635054348,38831.9802173913,1.05807541298225,,8
mean_ensemble,DE,Deaths,2021-04-26,177.817663043478,137.62652173913,1.2920304952597,,8
mean_ensemble,GB,Deaths,2021-04-26,20.414301242236,14.929347826087,1.3673940402517,,8
mean_ensemble,PL,Cases,2021-04-26,6157.61639945652,4160.10260869565,1.48015974091254,,8
mean_ensemble,PL,Deaths,2021-04-26,368.122201086957,158.412336956522,2.3238228042049,,8
mean_ensemble,CZ,Deaths,2021-05-03,26.9684161490683,33.0164130434783,0.816818474906844,,8
mean_ensemble,DE,Cases,2021-05-03,26345.3744429348,27765.1694021739,0.948864170836719,,8
mean_ensemble,DE,Deaths,2021-05-03,144.099864130435,101.690434782609,1.417044429385,,8
mean_ensemble,GB,Deaths,2021-05-03,13.8601242236025,10.2663043478261,1.35005974438479,,8
mean_ensemble,PL,Cases,2021-05-03,4198.82091032609,3823.07945652174,1.09828240769712,,8
mean_ensemble,PL,Deaths,2021-05-03,96.8041032608696,101.31402173913,0.955485742241353,,8
mean_ensemble,CZ,Deaths,2021-05-10,38.4405298913044,40.8302173913044,0.941472574659646,,8
mean_ensemble,DE,Cases,2021-05-10,14731.5549592391,15884.2697826087,0.927430417693381,,8
mean_ensemble,DE,Deaths,2021-05-10,67.0992798913044,78.1940217391304,0.858112658729331,,8
mean_ensemble,GB,Deaths,2021-05-10,10.9900815217391,10.4979891304348,1.04687491910977,,8
mean_ensemble,PL,Cases,2021-05-10,4159.62138586957,3954.45336956522,1.05188277547622,,8
mean_ensemble,PL,Deaths,2021-05-10,117.826779891304,93.7517391304348,1.25679567103683,,8
mean_ensemble,CZ,Deaths,2021-05-17,24.8934627329193,23.27625,1.06947909276276,,8
mean_ensemble,DE,Cases,2021-05-17,5396.62141304348,3014.46076086957,1.79024437242525,,8
mean_ensemble,DE,Deaths,2021-05-17,59.805027173913,59.1986956521739,1.01024231218373,,8
mean_ensemble,GB,Deaths,2021-05-17,11.2888179347826,8.85217391304348,1.27525939341847,,8
mean_ensemble,PL,Cases,2021-05-17,5392.43754076087,4637.23880434783,1.1628552611319,,8
mean_ensemble,PL,Deaths,2021-05-17,108.022635869565,81.9801086956522,1.317668853924,,8
mean_ensemble,CZ,Deaths,2021-05-24,10.3195031055901,10.441902173913,0.988278087049239,,8
mean_ensemble,DE,Cases,2021-05-24,7526.10629076087,8713.84505434783,0.863695216499824,,8
mean_ensemble,DE,Deaths,2021-05-24,66.573125,50.7050543478261,1.31294849904552,,8
mean_ensemble,GB,Deaths,2021-05-24,22.9287364130435,23.6632065217391,0.968961513815936,,8
mean_ensemble,PL,Cases,2021-05-24,634.002581521739,817.855489130435,0.775201230471446,,8
mean_ensemble,PL,Deaths,2021-05-24,50.5864266304348,63.9291304347826,0.791289139808348,,8
mean_ensemble,CZ,Deaths,2021-05-31,9.59198757763975,8.90652173913044,1.07696223717703,,8
mean_ensemble,DE,Cases,2021-05-31,2054.92058423913,1835.58195652174,1.11949269109891,,8
mean_ensemble,DE,Deaths,2021-05-31,39.3722961956522,48.7001086956522,0.808464236531924,,8
mean_ensemble,GB,Deaths,2021-05-31,14.4411548913043,13.2704347826087,1.0882201772492,,8
mean_ensemble,PL,Cases,2021-05-31,244.51402173913,263.645434782609,0.927435068013777,,8
mean_ensemble,PL,Deaths,2021-05-31,33.5797554347826,35.0245652173913,0.958748673291417,,8
mean_ensemble,CZ,Deaths,2021-06-07,8.88823369565217,8.41146739130435,1.05668051508358,,8
mean_ensemble,DE,Cases,2021-06-07,1651.740625,1793.64076086957,0.92088709235133,,8
mean_ensemble,DE,Deaths,2021-06-07,48.0915625,50.9749456521739,0.943435287369434,,8
mean_ensemble,GB,Deaths,2021-06-07,22.2905706521739,24.3733152173913,0.914548162749265,,8
mean_ensemble,PL,Cases,2021-06-07,509.970190217391,150.006956521739,3.39964360348506,,8
mean_ensemble,PL,Deaths,2021-06-07,24.3135326086957,26.0697826086957,0.932632733216034,,8
mean_ensemble,CZ,Deaths,2021-06-14,6.02197010869565,5.46336956521739,1.10224469291527,,8
mean_ensemble,DE,Cases,2021-06-14,1334.81710597826,1481.86054347826,0.900771069081267,,8
mean_ensemble,DE,Deaths,2021-06-14,34.0936820652174,40.2708695652174,0.846609036092547,,8
mean_ensemble,GB,Deaths,2021-06-14,22.1285733695652,25.1922826086957,0.878386993083631,,8
mean_ensemble,PL,Cases,2021-06-14,402.054089673913,206.125869565217,1.95052707611116,,8
mean_ensemble,PL,Deaths,2021-06-14,18.5138043478261,11.1182608695652,1.66517089003598,,8
mean_ensemble,CZ,Deaths,2021-06-21,4.69691576086957,4.39184782608696,1.06946231901992,,8
mean_ensemble,DE,Cases,2021-06-21,1587.42422554348,1550.90967391304,1.02354395761702,,8
mean_ensemble,DE,Deaths,2021-06-21,30.1044293478261,31.9963043478261,0.94087207761766,,8
mean_ensemble,GB,Deaths,2021-06-21,26.9726630434783,34.8577173913044,0.773793152910434,,8
mean_ensemble,PL,Cases,2021-06-21,155.060013586957,71.2167391304348,2.17729729667854,,8
mean_ensemble,PL,Deaths,2021-06-21,8.3038722826087,7.90086956521739,1.05100738773938,,8
mean_ensemble,CZ,Deaths,2021-06-28,4.20611413043478,4.12076086956522,1.02071298567698,,8
mean_ensemble,DE,Cases,2021-06-28,3529.41362771739,3635.72152173913,0.970760165929626,,8
mean_ensemble,DE,Deaths,2021-06-28,19.459347826087,26.9844565217391,0.72113173042452,,8
mean_ensemble,GB,Deaths,2021-06-28,34.799660326087,34.2927717391304,1.01478120785373,,8
mean_ensemble,PL,Cases,2021-06-28,110.327635869565,111.57875,0.988787164846041,,8
mean_ensemble,PL,Deaths,2021-06-28,5.80241847826087,5.44548913043478,1.06554587462699,,8
mean_ensemble,CZ,Deaths,2021-07-05,4.36033967391304,4.56146739130435,0.95590723332261,,8
mean_ensemble,DE,Cases,2021-07-05,4504.19894021739,4029.78869565217,1.11772583636384,,8
mean_ensemble,DE,Deaths,2021-07-05,20.2309782608696,22.4128260869565,0.902651820095248,,8
mean_ensemble,GB,Deaths,2021-07-05,58.4436277173913,57.7308695652174,1.01234622235109,,8
mean_ensemble,PL,Cases,2021-07-05,146.891168478261,126.592065217391,1.16035051822569,,8
mean_ensemble,PL,Deaths,2021-07-05,4.9011277173913,4.92815217391304,0.994516310461193,,8
mean_ensemble,CZ,Deaths,2021-07-12,9.40229813664597,7.8466847826087,1.19825103175868,,8
mean_ensemble,DE,Cases,2021-07-12,2736.73868206522,3078.42918478261,0.889004917051058,,8
mean_ensemble,DE,Deaths,2021-07-12,15.7798913043478,17.4077173913044,0.906488251712446,,8
mean_ensemble,GB,Deaths,2021-07-12,65.5696739130435,60.6806521739131,1.08056969666572,,8
mean_ensemble,PL,Cases,2021-07-12,250.3575,198.436032608696,1.26165342407188,,8
mean_ensemble,PL,Deaths,2021-07-12,4.64910326086957,5.29875,0.877396227576233,,8
mean_ensemble,CZ,Deaths,2021-07-19,7.81520186335404,8.52923913043478,0.916283591518397,,8
mean_ensemble,DE,Cases,2021-07-19,3605.94952445652,2607.75956521739,1.38277683746351,,8
mean_ensemble,DE,Deaths,2021-07-19,31.9479483695652,23.8509782608696,1.33948167744464,,8
mean_ensemble,GB,Deaths,2021-07-19,90.1254211956522,78.563152173913,1.14717165365443,,8
mean_ensemble,PL,Cases,2021-07-19,83.2513722826087,112.88875,0.737463850761114,,8
mean_ensemble,PL,Deaths,2021-07-19,9.78222826086957,7.04902173913044,1.38774267166273,,8
mean_ensemble,CZ,Deaths,2021-07-26,9.57,8.73864130434783,1.09513592178667,,8
mean_ensemble,DE,Cases,2021-07-26,2825.54669836957,2592.4652173913,1.08990727413223,,8
mean_ensemble,DE,Deaths,2021-07-26,68.2539266304348,102.158260869565,0.668119504477282,,8
mean_ensemble,GB,Deaths,2021-07-26,69.6879891304348,54.4948913043478,1.27879857106669,,8
mean_ensemble,PL,Cases,2021-07-26,139.507282608696,150.603913043478,0.926319109440542,,8
mean_ensemble,PL,Deaths,2021-07-26,9.41695652173913,5.55646739130435,1.69477400991794,,8
mean_ensemble,CZ,Deaths,2021-08-02,7.92240489130435,7.15565217391304,1.10715343601896,,8
mean_ensemble,DE,Cases,2021-08-02,4350.00577445652,4832.54130434783,0.90014870034175,,8
mean_ensemble,DE,Deaths,2021-08-02,47.1597690217391,109.809456521739,0.429469105080243,,8
mean_ensemble,GB,Deaths,2021-08-02,136.309252717391,165.367282608696,0.824281868620508,,8
mean_ensemble,PL,Cases,2021-08-02,159.5984375,151.385108695652,1.05425453583324,,8
mean_ensemble,PL,Deaths,2021-08-02,6.19426630434783,4.94445652173913,1.25276990041548,,8
mean_ensemble,CZ,Deaths,2021-08-09,2.82600543478261,2.74097826086957,1.031020739977,,8
mean_ensemble,DE,Cases,2021-08-09,8441.09173913044,10201.9520652174,0.827399666766672,,8
mean_ensemble,DE,Deaths,2021-08-09,35.6650815217391,59.4744565217391,0.599670574689536,,8
mean_ensemble,GB,Deaths,2021-08-09,119.855706521739,167.005489130435,0.717675252147726,,8
mean_ensemble,PL,Cases,2021-08-09,145.114741847826,174.535,0.831436341409036,,8
mean_ensemble,PL,Deaths,2021-08-09,5.86163043478261,7.3416847826087,0.798403991501773,,8
mean_ensemble,CZ,Deaths,2021-08-16,3.61585403726708,3.59434782608696,1.00598334168553,,8
mean_ensemble,DE,Cases,2021-08-16,6037.36717391304,6106.12510869565,0.98873951424862,,8
mean_ensemble,DE,Deaths,2021-08-16,18.1959239130435,27.1496739130435,0.670207825380239,,8
mean_ensemble,GB,Deaths,2021-08-16,179.156698369565,222.007173913044,0.806986077124417,,8
mean_ensemble,PL,Cases,2021-08-16,182.193763586957,208.383695652174,0.874318708173155,,8
mean_ensemble,PL,Deaths,2021-08-16,6.5021875,4.83048913043478,1.34607227641453,,8
mean_ensemble,CZ,Deaths,2021-08-23,3.74722049689441,2.92510869565217,1.28105341947265,,8
mean_ensemble,DE,Cases,2021-08-23,53569.1710597826,27438.1152173913,1.95236336881582,,8
mean_ensemble,DE,Deaths,2021-08-23,30.9856929347826,62.4788586956522,0.49593884366103,,8
mean_ensemble,GB,Deaths,2021-08-23,143.981182065217,139.599782608696,1.03138543180116,,8
mean_ensemble,PL,Cases,2021-08-23,549.159198369565,474.557826086957,1.15720185861805,,8
mean_ensemble,PL,Deaths,2021-08-23,7.99539402173913,7.38347826086957,1.08287635437522,,8
mean_ensemble,CZ,Deaths,2021-08-30,6.24593167701863,4.07228260869565,1.53376675373205,,8
mean_ensemble,DE,Cases,2021-08-30,71700.3832065217,44869.5389673913,1.59797459159608,,8
mean_ensemble,DE,Deaths,2021-08-30,27.1422826086957,30.6541304347826,0.885436390584998,,8
mean_ensemble,GB,Deaths,2021-08-30,98.9933559782609,125.536576086957,0.788561860327386,,8
mean_ensemble,PL,Cases,2021-08-30,781.801114130435,763.076956521739,1.02453770546819,,8
mean_ensemble,PL,Deaths,2021-08-30,13.0704076086957,16.166902173913,0.808467043846291,,8
mean_ensemble,CZ,Deaths,2021-09-06,4.76982919254659,4.66125,1.02329400751871,,8
mean_ensemble,DE,Cases,2021-09-06,36692.3395516304,29440.6620652174,1.24631502750682,,8
mean_ensemble,DE,Deaths,2021-09-06,41.8510733695652,34.6486956521739,1.20786865369171,,8
mean_ensemble,GB,Deaths,2021-09-06,117.929689440994,104.317391304348,1.13048924984073,,8
mean_ensemble,PL,Cases,2021-09-06,461.470095108696,557.109347826087,0.828329477703815,,8
mean_ensemble,PL,Deaths,2021-09-06,10.3435326086957,9.75989130434783,1.05979997995345,,8
mean_ensemble,CZ,Deaths,2021-09-13,5.13063664596273,5.07722826086957,1.01051920109734,,8
mean_ensemble,DE,Cases,2021-09-13,10941.0783831522,9392.32320652174,1.16489585617699,,8
mean_ensemble,DE,Deaths,2021-09-13,43.5896739130435,43.330652173913,1.00597779461271,,8
mean_ensemble,GB,Deaths,2021-09-13,118.134177018634,79.1276630434783,1.49295672935169,,8
mean_ensemble,PL,Cases,2021-09-13,515.078355978261,872.490760869565,0.590353937347038,,8
mean_ensemble,PL,Deaths,2021-09-13,13.1873505434783,11.2979347826087,1.167235498985,,8
mean_ensemble,CZ,Deaths,2021-09-20,5.71729619565217,4.6304347826087,1.23472124413146,,8
mean_ensemble,DE,Cases,2021-09-20,4793.17341032609,4933.83336956522,0.971490735762013,,8
mean_ensemble,DE,Deaths,2021-09-20,34.8299320652174,43.6676630434783,0.79761383224329,,8
mean_ensemble,GB,Deaths,2021-09-20,86.2854755434783,74.7102173913044,1.15493540985896,,8
mean_ensemble,PL,Cases,2021-09-20,902.839809782609,856.977282608696,1.0535166195238,,8
mean_ensemble,PL,Deaths,2021-09-20,13.1081385869565,15.1552173913043,0.864925803999197,,8
mean_ensemble,CZ,Deaths,2021-09-27,7.7838722826087,7.88130434782609,0.987637571026645,,8
mean_ensemble,DE,Cases,2021-09-27,12568.2597961957,11975.1623913043,1.04952729537279,,8
mean_ensemble,DE,Deaths,2021-09-27,34.7242663043478,36.3751086956522,0.954616152349761,,8
mean_ensemble,GB,Deaths,2021-09-27,94.2950621118014,81.2608695652174,1.16039937323244,,8
mean_ensemble,PL,Cases,2021-09-27,3841.44710597826,4660.11798913044,0.824324001009911,,8
mean_ensemble,PL,Deaths,2021-09-27,31.8077581521739,33.2423913043478,0.956843262596867,,8
mean_ensemble,CZ,Deaths,2021-10-04,15.9064402173913,17.2595108695652,0.921604345430213,,8
mean_ensemble,DE,Cases,2021-10-04,17997.4416440217,15286.4033695652,1.17734964915646,,8
mean_ensemble,DE,Deaths,2021-10-04,61.3465625,54.2392391304348,1.13103656104898,,8
mean_ensemble,GB,Deaths,2021-10-04,191.077329192547,200.691630434783,0.952094159475373,,8
mean_ensemble,PL,Cases,2021-10-04,4709.24907608696,6469.36782608696,0.727930333022257,,8
mean_ensemble,PL,Deaths,2021-10-04,45.4173233695652,48.1332608695652,0.943574620731393,,8
mean_ensemble,CZ,Deaths,2021-10-11,52.7964673913044,58.1027717391304,0.908673817289641,,8
mean_ensemble,DE,Cases,2021-10-11,34198.8915353261,30576.7833695652,1.11845942465505,,8
mean_ensemble,DE,Deaths,2021-10-11,103.287296195652,87.1671195652174,1.18493414387031,,8
mean_ensemble,GB,Deaths,2021-10-11,179.559875776397,207.541739130435,0.865174766910614,,8
mean_ensemble,PL,Cases,2021-10-11,10146.5580570652,12438.2626086957,0.815753644722994,,8
mean_ensemble,PL,Deaths,2021-10-11,52.7918342391304,50.0216304347826,1.05538011816627,,8
mean_ensemble,CZ,Deaths,2021-10-18,96.4303532608696,97.5654347826087,0.988365946154309,,8
mean_ensemble,DE,Cases,2021-10-18,54651.4492663043,55266.4732608696,0.98887166199909,,8
mean_ensemble,DE,Deaths,2021-10-18,156.214592391304,151.710652173913,1.02968769926734,,8
mean_ensemble,GB,Deaths,2021-10-18,142.289332298137,138.561195652174,1.02690606578859,,8
mean_ensemble,PL,Cases,2021-10-18,13413.059048913,14817.1605434783,0.905238153393483,,8
mean_ensemble,PL,Deaths,2021-10-18,65.8116304347826,66.3151086956522,0.992407789555465,,8
mean_ensemble,CZ,Deaths,2021-10-25,101.472189440994,128.692717391304,0.788484317511584,,8
mean_ensemble,DE,Cases,2021-10-25,16078.6235054348,32965.7807065217,0.487736773127715,,8
mean_ensemble,DE,Deaths,2021-10-25,70.7411548913044,121.45652173913,0.582440151243959,,8
mean_ensemble,GB,Deaths,2021-10-25,114.484329710145,127.128097826087,0.900543087388604,,8
mean_ensemble,PL,Cases,2021-10-25,10327.6616983696,7546.22782608696,1.36858599241694,,8
mean_ensemble,PL,Deaths,2021-10-25,86.4244429347826,111.422826086957,0.775643967846726,,8
mean_ensemble,CZ,Deaths,2021-11-01,85.6324068322981,94.6821739130435,0.904419525801586,,8
mean_ensemble,DE,Cases,2021-11-01,18915.8178532609,28177.1170108696,0.671318426436741,,8
mean_ensemble,DE,Deaths,2021-11-01,98.3088858695652,82.0348913043478,1.19837893738216,,8
mean_ensemble,GB,Deaths,2021-11-01,140.002753623188,105.064782608696,1.33253741307985,,8
mean_ensemble,PL,Cases,2021-11-01,16794.8405978261,5848.39168478261,2.87170242744273,,8
mean_ensemble,PL,Deaths,2021-11-01,139.536752717391,146.40097826087,0.953113526801392,,8
mean_ensemble,CZ,Deaths,2021-11-08,93.6357142857144,126.351304347826,0.741074378052714,,8
mean_ensemble,DE,Cases,2021-11-08,23304.0626902174,55359.6719565217,0.420957384077707,,8
mean_ensemble,DE,Deaths,2021-11-08,111.124945652174,93.2020108695652,1.19230201811516,,8
mean_ensemble,GB,Deaths,2021-11-08,151.591086956522,91.0375,1.66514993224245,,8
mean_ensemble,PL,Cases,2021-11-08,25815.308138587,26051.5427173913,0.990932031113588,,8
mean_ensemble,PL,Deaths,2021-11-08,170.202961956522,162.883695652174,1.04493553682609,,8
mean_ensemble,CZ,Deaths,2021-11-15,183.658059006211,202.371576086957,0.907528925540886,,8
mean_ensemble,DE,Cases,2021-11-15,135083.476956522,47485.2813043478,2.84474416589701,,8
mean_ensemble,DE,Deaths,2021-11-15,536.342323369565,246.956847826087,2.17180583608384,,8
mean_ensemble,GB,Deaths,2021-11-15,99.4901268115943,75.0054347826087,1.32643890539333,,8
mean_ensemble,PL,Cases,2021-11-15,23214.1797146739,26587.3404347826,0.87312906575282,,8
mean_ensemble,PL,Deaths,2021-11-15,302.591807065217,171.578913043478,1.76357223447697,,8
mean_ensemble,CZ,Deaths,2021-11-22,182.21625,232.973369565217,0.782133384343705,,8
mean_ensemble,DE,Cases,2021-11-22,144861.165434783,117190.0375,1.23612184555178,,8
mean_ensemble,DE,Deaths,2021-11-22,317.710339673913,241.258260869565,1.31688895762074,,8
mean_ensemble,GB,Deaths,2021-11-22,90.3993115942028,81.2486956521739,1.11262477346347,,8
mean_ensemble,PL,Cases,2021-11-22,34598.3936005435,33260.4215217391,1.04022715340303,,8
mean_ensemble,PL,Deaths,2021-11-22,726.506616847826,814.002010869565,0.892512066489527,,8
mean_ensemble,CZ,Deaths,2021-11-29,428.400733695652,425.551739130435,1.00669482533672,,8
mean_ensemble,DE,Cases,2021-11-29,165532.295163044,145713.154836957,1.13601476372029,,8
mean_ensemble,DE,Deaths,2021-11-29,240.816182065217,251.013804347826,0.959374257088754,,8
mean_ensemble,GB,Deaths,2021-11-29,77.4651708074535,69.1297826086957,1.12057593535249,,8
mean_ensemble,PL,Cases,2021-11-29,47805.7186277174,43320.7041304348,1.10353050780935,,8
mean_ensemble,PL,Deaths,2021-11-29,703.720027173913,636.545652173913,1.10552954807026,,8
mean_ensemble,CZ,Deaths,2021-12-06,111.515842391304,125.559891304348,0.888148605680123,,8
mean_ensemble,DE,Cases,2021-12-06,78490.5574048913,61549.5110869565,1.27524258143985,,8
mean_ensemble,DE,Deaths,2021-12-06,209.857051630435,183.082065217391,1.14624581813216,,8
mean_ensemble,GB,Deaths,2021-12-06,86.572950310559,72.455,1.19485129129196,,8
mean_ensemble,PL,Cases,2021-12-06,20551.0139538043,21351.0627717391,0.962528852709208,,8
mean_ensemble,PL,Deaths,2021-12-06,193.807513586957,206.756847826087,0.937369260678501,,8
mean_ensemble,CZ,Deaths,2021-12-13,64.0173777173913,74.8716304347826,0.855028498052464,,8
mean_ensemble,DE,Cases,2021-12-13,33681.0950543478,35019.2485869565,0.961788056951425,,8
mean_ensemble,DE,Deaths,2021-12-13,292.469402173913,210.22097826087,1.39124746061727,,8
mean_ensemble,GB,Deaths,2021-12-13,106.949922360248,95.5620652173913,1.11916713098394,,8
mean_ensemble,PL,Cases,2021-12-13,17311.6096875,14333.3019565217,1.20778936633112,,8
mean_ensemble,PL,Deaths,2021-12-13,169.485543478261,178.783804347826,0.947991592955057,,8
mean_ensemble,CZ,Deaths,2021-12-20,55.7562888198758,54.6176086956522,1.02084822370325,,8
mean_ensemble,DE,Cases,2021-12-20,85699.1805706522,82775.1929891305,1.03532444293915,,8
mean_ensemble,DE,Deaths,2021-12-20,135.503342391304,138.626956521739,0.977467483894844,,8
mean_ensemble,GB,Deaths,2021-12-20,121.292065217391,192.341630434783,0.630607450624258,,8
mean_ensemble,PL,Cases,2021-12-20,10704.0582880435,12693.9239673913,0.843242665982601,,8
mean_ensemble,PL,Deaths,2021-12-20,208.424089673913,264.400760869565,0.788288539671538,,8
mean_ensemble,CZ,Deaths,2021-12-27,36.8426358695652,35.4354347826087,1.03971169242284,,8
mean_ensemble,DE,Cases,2021-12-27,127735.531154891,250160.288043478,0.510614742867144,,8
mean_ensemble,DE,Deaths,2021-12-27,175.814741847826,228.866413043478,0.768198092108981,,8
mean_ensemble,GB,Deaths,2021-12-27,354.127189440994,482.834021739131,0.733434624522637,,8
mean_ensemble,PL,Cases,2021-12-27,42827.8351222826,46505.1748913044,0.920926224283282,,8
mean_ensemble,PL,Deaths,2021-12-27,329.030407608696,275.064293478261,1.19619454582061,,8
mean_ensemble,CZ,Deaths,2022-01-03,74.8661050724638,74.4088586956522,1.00614505295239,,8
mean_ensemble,DE,Cases,2022-01-03,159269.086548913,352812.420326087,0.451427096590615,,8
mean_ensemble,DE,Deaths,2022-01-03,266.814918478261,201.471195652174,1.32433282889182,,8
mean_ensemble,GB,Deaths,2022-01-03,509.216869565217,223.88,2.27450808274619,,8
mean_ensemble,PL,Cases,2022-01-03,46244.6219157609,104237.08576087,0.443648453697667,,8
mean_ensemble,PL,Deaths,2022-01-03,275.565557065217,238.311195652174,1.15632652637696,,8
mean_ensemble,CZ,Deaths,2022-01-10,52.2122101449275,44.6,1.17067735750959,,8
mean_ensemble,DE,Cases,2022-01-10,65918.7614402174,119748.737391304,0.550475628188161,,8
mean_ensemble,DE,Deaths,2022-01-10,991.587445652174,483.949673913043,2.04894744041163,,8
mean_ensemble,GB,Deaths,2022-01-10,386.326108695652,319.864673913043,1.20777985255313,,8
mean_ensemble,PL,Cases,2022-01-10,74012.8901086957,121570.86326087,0.608804512228206,,8
mean_ensemble,PL,Deaths,2022-01-10,326.495570652174,385.558206521739,0.846812660525655,,8
mean_ensemble,CZ,Deaths,2022-01-17,44.7979891304348,47.570597826087,0.94171591650396,,8
mean_ensemble,DE,Cases,2022-01-17,65110.371888587,119823.167391304,0.543387170495645,,8
mean_ensemble,DE,Deaths,2022-01-17,1378.11544836957,382.152391304348,3.60619344462515,,8
mean_ensemble,GB,Deaths,2022-01-17,1016.76010869565,968.249565217391,1.05010128093099,,8
mean_ensemble,PL,Cases,2022-01-17,61743.2719972826,83801.8510869565,0.736776947005801,,8
mean_ensemble,PL,Deaths,2022-01-17,595.343111413043,543.896195652174,1.09458958560867,,8
mean_ensemble,CZ,Deaths,2022-01-24,84.2751268115942,75.3805434782609,1.11799574429837,,8
mean_ensemble,DE,Cases,2022-01-24,230258.099456522,85788.7776086957,2.68401189380256,,8
mean_ensemble,DE,Deaths,2022-01-24,274.527513586957,286.693695652174,0.957563831190841,,8
mean_ensemble,GB,Deaths,2022-01-24,663.601717391304,600.781195652174,1.10456472704832,,8
mean_ensemble,PL,Cases,2022-01-24,215749.014266304,136919.59326087,1.57573513861704,,8
mean_ensemble,PL,Deaths,2022-01-24,2025.89986413043,567.319402173913,3.57100401707994,,8
mean_ensemble,CZ,Deaths,2022-01-31,94.3558695652174,175.424619565217,0.537871307910341,,8
mean_ensemble,DE,Cases,2022-01-31,321173.682894022,212440.150217391,1.51183136787167,,8
mean_ensemble,DE,Deaths,2022-01-31,211.986277173913,167.917717391304,1.26244139372092,,8
mean_ensemble,GB,Deaths,2022-01-31,482.464065217391,447.875326086957,1.07722849890534,,8
mean_ensemble,PL,Cases,2022-01-31,343613.211725544,197814.242173913,1.73704991081202,,8
mean_ensemble,PL,Deaths,2022-01-31,955.580692934783,500.316032608696,1.90995417027172,,8
mean_ensemble,CZ,Deaths,2022-02-07,49.5194746376812,43.5443478260869,1.1372193432649,,8
mean_ensemble,DE,Cases,2022-02-07,224034.374741848,233892.076195652,0.957853632264317,,8
mean_ensemble,DE,Deaths,2022-02-07,191.93839673913,149.720869565217,1.28197489966837,,8
mean_ensemble,GB,Deaths,2022-02-07,1201.38144021739,1293.00298913044,0.929140497212106,,8
mean_ensemble,PL,Cases,2022-02-07,85433.7649320652,120275.29423913,0.710318486207204,,8
mean_ensemble,PL,Deaths,2022-02-07,311.542703804348,126.244891304348,2.46776483852554,,8
mean_ensemble,CZ,Deaths,2022-02-14,69.7775905797101,42.5658152173913,1.63928707164055,,8
mean_ensemble,DE,Cases,2022-02-14,133479.995883152,103214.074565217,1.29323443963847,,8
mean_ensemble,DE,Deaths,2022-02-14,167.187676630435,96.9526086956522,1.72442679861519,,8
mean_ensemble,GB,Deaths,2022-02-14,204.034864130435,215.018206521739,0.948919012166563,,8
mean_ensemble,PL,Cases,2022-02-14,12732.71,10851.3276086957,1.17337808415228,,8
mean_ensemble,PL,Deaths,2022-02-14,211.104782608696,117.380326086957,1.79846819008074,,8
mean_ensemble,CZ,Deaths,2022-02-21,60.3284130434783,52.61625,1.14657378744168,,8
mean_ensemble,DE,Cases,2022-02-21,161362.948369565,143345.581032609,1.1256918225673,,8
mean_ensemble,DE,Deaths,2022-02-21,155.523695652174,136.923043478261,1.13584749287921,,8
mean_ensemble,GB,Deaths,2022-02-21,154.608297101449,167.149184782609,0.924971888451207,,8
mean_ensemble,PL,Cases,2022-02-21,10501.0685054348,9090.82054347826,1.15512878680332,,8
mean_ensemble,PL,Deaths,2022-02-21,121.60566576087,114.923804347826,1.05814166569722,,8
mean_ensemble,CZ,Deaths,2022-02-28,34.2728260869565,42.4278260869565,0.807791236268241,,8
mean_ensemble,DE,Cases,2022-02-28,255133.568274457,260271.143586957,0.980260680297877,,8
mean_ensemble,DE,Deaths,2022-02-28,149.005854037267,140.178152173913,1.06297487680107,,8
mean_ensemble,GB,Deaths,2022-02-28,377.988315217391,418.795869565217,0.902559797473191,,8
mean_ensemble,PL,Cases,2022-02-28,11519.9759375,10661.3838043478,1.08053289787786,,8
mean_ensemble,PL,Deaths,2022-02-28,78.3392080745342,103.000217391304,0.760573230412889,,8
mean_ensemble,CZ,Deaths,2022-03-07,27.7641304347826,36.2782608695652,0.765310402684564,,8
mean_ensemble,DE,Cases,2022-03-07,173340.895366848,207524.574891304,0.835278884236429,,8
mean_ensemble,DE,Deaths,2022-03-07,165.859704968944,137.937173913043,1.20242933984934,,8
mean_ensemble,GB,Deaths,2022-03-07,287.898586956522,443.039891304348,0.649825427929127,,8
mean_ensemble,PL,Cases,2022-03-07,8686.46402173913,6602.26369565218,1.31567965506429,,8
mean_ensemble,PL,Deaths,2022-03-07,72.2590062111802,84.9841304347826,0.850264700497609,,8
mean_ensemble,Average,Cases,2021-04-12,17984.1630163043,17301.225625,1.03947335328183,average,8
mean_ensemble,Average,Deaths,2021-04-12,135.523367527174,98.7775815217391,1.37200532184874,average,8
mean_ensemble,Average,Cases,2021-04-19,20396.9796671196,23597.425923913,0.864373077507991,average,8
mean_ensemble,Average,Deaths,2021-04-19,176.531042798913,107.618559782609,1.64034013422507,average,8
mean_ensemble,Average,Cases,2021-04-26,23622.3899524457,21496.0414130435,1.09891814490606,average,8
mean_ensemble,Average,Deaths,2021-04-26,147.574077057453,83.7291983695652,1.7625163017337,average,8
mean_ensemble,Average,Cases,2021-05-03,15272.0976766304,15794.1244293478,0.96694804102294,average,8
mean_ensemble,Average,Deaths,2021-05-03,70.4331269409938,61.5717934782609,1.14391871605724,average,8
mean_ensemble,Average,Cases,2021-05-10,9445.58817255435,9919.36157608696,0.952237510458863,average,8
mean_ensemble,Average,Deaths,2021-05-10,58.5891677989131,55.8184918478261,1.04963724134003,average,8
mean_ensemble,Average,Cases,2021-05-17,5394.52947690217,3825.8497826087,1.41002124584825,average,8
mean_ensemble,Average,Deaths,2021-05-17,51.002485927795,43.3268070652174,1.17715773172539,average,8
mean_ensemble,Average,Cases,2021-05-24,4080.05443614131,4765.85027173913,0.856102102144395,average,8
mean_ensemble,Average,Deaths,2021-05-24,37.6019477872671,37.1848233695652,1.01121759846904,average,8
mean_ensemble,Average,Cases,2021-05-31,1149.71730298913,1049.61369565217,1.09537185704761,average,8
mean_ensemble,Average,Deaths,2021-05-31,24.2462985248447,26.4754076086957,0.915804541452318,average,8
mean_ensemble,Average,Cases,2021-06-07,1080.8554076087,971.823858695652,1.11219270646368,average,8
mean_ensemble,Average,Deaths,2021-06-07,25.8959748641304,27.4573777173913,0.94313357709058,average,8
mean_ensemble,Average,Cases,2021-06-14,868.435597826087,843.993206521739,1.02896041237711,average,8
mean_ensemble,Average,Deaths,2021-06-14,20.1895074728261,20.5111956521739,0.98431645893282,average,8
mean_ensemble,Average,Cases,2021-06-21,871.242119565217,811.063206521739,1.0741975626062,average,8
mean_ensemble,Average,Deaths,2021-06-21,17.5194701086957,19.7866847826087,0.885417153059123,average,8
mean_ensemble,Average,Cases,2021-06-28,1819.87063179348,1873.65013586957,0.971296933698282,average,8
mean_ensemble,Average,Deaths,2021-06-28,16.0668851902174,17.7108695652174,0.907176529704186,average,8
mean_ensemble,Average,Cases,2021-07-05,2325.54505434783,2078.19038043478,1.11902406836341,average,8
mean_ensemble,Average,Deaths,2021-07-05,21.9840183423913,22.4083288043478,0.98106460925037,average,8
mean_ensemble,Average,Cases,2021-07-12,1493.54809103261,1638.43260869565,0.911571268238866,average,8
mean_ensemble,Average,Deaths,2021-07-12,23.8502416537267,22.8084510869565,1.04567563850778,average,8
mean_ensemble,Average,Cases,2021-07-19,1844.60044836957,1360.3241576087,1.35600065473525,average,8
mean_ensemble,Average,Deaths,2021-07-19,34.9176999223603,29.498097826087,1.18372717211211,average,8
mean_ensemble,Average,Cases,2021-07-26,1482.52699048913,1371.53456521739,1.08092572224321,average,8
mean_ensemble,Average,Deaths,2021-07-26,39.2322180706522,42.7370652173913,0.917990457957022,average,8
mean_ensemble,Average,Cases,2021-08-02,2254.80210597826,2491.96320652174,0.904829613887235,average,8
mean_ensemble,Average,Deaths,2021-08-02,49.3964232336957,71.8192119565217,0.687788432760854,average,8
mean_ensemble,Average,Cases,2021-08-09,4293.10324048913,5188.2435326087,0.827467564601872,average,8
mean_ensemble,Average,Deaths,2021-08-09,41.0521059782609,59.140652173913,0.694143613052157,average,8
mean_ensemble,Average,Cases,2021-08-16,3109.78046875,3157.25440217391,0.984963538766079,average,8
mean_ensemble,Average,Deaths,2021-08-16,51.8676659549689,64.3954211956522,0.805455807135413,average,8
mean_ensemble,Average,Cases,2021-08-23,27059.1651290761,13956.3365217391,1.93884441571951,average,8
mean_ensemble,Average,Deaths,2021-08-23,46.6773723796584,53.0968070652174,0.879099421596591,average,8
mean_ensemble,Average,Cases,2021-08-30,36241.0921603261,22816.3079619565,1.58838547501874,average,8
mean_ensemble,Average,Deaths,2021-08-30,36.3629944681677,44.107472826087,0.824417998545161,average,8
mean_ensemble,Average,Cases,2021-09-06,18576.9048233696,14998.8857065217,1.23855232894348,average,8
mean_ensemble,Average,Deaths,2021-09-06,43.7235311529504,38.3468070652174,1.1402130841973,average,8
mean_ensemble,Average,Cases,2021-09-13,5728.07836956522,5132.40698369565,1.11606082443615,average,8
mean_ensemble,Average,Deaths,2021-09-13,45.0104595302795,34.7083695652174,1.29681860871351,average,8
mean_ensemble,Average,Cases,2021-09-20,2848.00661005435,2895.40532608696,0.983629678509756,average,8
mean_ensemble,Average,Deaths,2021-09-20,34.9852105978261,34.5408831521739,1.01286381253469,average,8
mean_ensemble,Average,Cases,2021-09-27,8204.85345108696,8317.64019021739,0.986440055526436,average,8
mean_ensemble,Average,Deaths,2021-09-27,42.152739712733,39.6899184782609,1.06205155689148,average,8
mean_ensemble,Average,Cases,2021-10-04,11353.3453600543,10877.8855978261,1.04370884010062,average,8
mean_ensemble,Average,Deaths,2021-10-04,78.4369138198758,80.080910326087,0.979470806469146,average,8
mean_ensemble,Average,Cases,2021-10-11,22172.7247961957,21507.5229891304,1.03092879674714,average,8
mean_ensemble,Average,Deaths,2021-10-11,97.1088684006211,100.708315217391,0.964258692949034,average,8
mean_ensemble,Average,Cases,2021-10-18,34032.2541576087,35041.8169021739,0.971189771712363,average,8
mean_ensemble,Average,Deaths,2021-10-18,115.186477096273,113.538097826087,1.01451829211294,average,8
mean_ensemble,Average,Cases,2021-10-25,13203.1426019022,20256.0042663044,0.651813774736682,average,8
mean_ensemble,Average,Deaths,2021-10-25,93.2805292443064,122.17504076087,0.763499063829921,average,8
mean_ensemble,Average,Cases,2021-11-01,17855.3292255435,17012.7543478261,1.04952607088135,average,8
mean_ensemble,Average,Deaths,2021-11-01,115.870199760611,107.045706521739,1.08243668546463,average,8
mean_ensemble,Average,Cases,2021-11-08,24559.6854144022,40705.6073369565,0.603348949227064,average,8
mean_ensemble,Average,Deaths,2021-11-08,131.638677212733,118.368627717391,1.11210782579168,average,8
mean_ensemble,Average,Cases,2021-11-15,79148.8283355978,37036.3108695652,2.13706026537969,average,8
mean_ensemble,Average,Deaths,2021-11-15,280.520579063147,173.978192934783,1.61238931346012,average,8
mean_ensemble,Average,Cases,2021-11-22,89729.7795176631,75225.2295108696,1.19281496515338,average,8
mean_ensemble,Average,Deaths,2021-11-22,329.208129528986,342.37058423913,0.961554948596426,average,8
mean_ensemble,Average,Cases,2021-11-29,106669.00689538,94516.9294836957,1.1285703786408,average,8
mean_ensemble,Average,Deaths,2021-11-29,362.600528435559,345.560244565217,1.04931204945691,average,8
mean_ensemble,Average,Cases,2021-12-06,49520.7856793478,41450.2869293478,1.19470308525864,average,8
mean_ensemble,Average,Deaths,2021-12-06,150.438339479814,146.963451086957,1.02364457534956,average,8
mean_ensemble,Average,Cases,2021-12-13,25496.3523709239,24676.2752717391,1.03323342320322,average,8
mean_ensemble,Average,Deaths,2021-12-13,158.230561432453,139.859619565217,1.13135272299714,average,8
mean_ensemble,Average,Cases,2021-12-20,48201.6194293478,47734.5584782609,1.00978454532683,average,8
mean_ensemble,Average,Deaths,2021-12-20,130.243946525621,162.496739130435,0.801517293347502,average,8
mean_ensemble,Average,Cases,2021-12-27,85281.683138587,148332.731467391,0.574935028128534,average,8
mean_ensemble,Average,Deaths,2021-12-27,223.95374369177,255.55004076087,0.876359647703341,average,8
mean_ensemble,Average,Cases,2022-01-03,102756.854232337,228524.753043478,0.449653058864861,average,8
mean_ensemble,Average,Deaths,2022-01-03,281.61586254529,184.5178125,1.52622588968363,average,8
mean_ensemble,Average,Cases,2022-01-10,69965.8257744565,120659.800326087,0.579860281430697,average,8
mean_ensemble,Average,Deaths,2022-01-10,439.155333786232,308.493138586957,1.42354976126137,average,8
mean_ensemble,Average,Cases,2022-01-17,63426.8219429348,101812.50923913,0.622976709020717,average,8
mean_ensemble,Average,Deaths,2022-01-17,758.754164402174,485.4671875,1.56293604169113,average,8
mean_ensemble,Average,Cases,2022-01-24,223003.556861413,111354.185434783,2.00265087469048,average,8
mean_ensemble,Average,Deaths,2022-01-24,762.076055480073,382.543709239131,1.99212805510728,average,8
mean_ensemble,Average,Cases,2022-01-31,332393.447309783,205127.196195652,1.62042602577545,average,8
mean_ensemble,Average,Deaths,2022-01-31,436.096726222826,322.883423913044,1.35063212888957,average,8
mean_ensemble,Average,Cases,2022-02-07,154734.069836957,177083.685217391,0.873790658055269,average,8
mean_ensemble,Average,Deaths,2022-02-07,438.595503849638,403.128274456522,1.08798000944223,average,8
mean_ensemble,Average,Cases,2022-02-14,73106.3529415761,57032.7010869565,1.28183220412641,average,8
mean_ensemble,Average,Deaths,2022-02-14,163.026228487319,117.979239130435,1.38182132457289,average,8
mean_ensemble,Average,Cases,2022-02-21,85932.0084375,76218.2007880435,1.12744734917674,average,8
mean_ensemble,Average,Deaths,2022-02-21,123.016517889493,117.903070652174,1.04336992420158,average,8
mean_ensemble,Average,Cases,2022-02-28,133326.772105978,135466.263695652,0.984206461953652,average,8
mean_ensemble,Average,Deaths,2022-02-28,159.901550854037,176.100516304348,0.908012958790453,average,8
mean_ensemble,Average,Cases,2022-03-07,91013.6796942935,107063.419293478,0.85009128509907,average,8
mean_ensemble,Average,Deaths,2022-03-07,138.445357142857,175.559864130435,0.788593439785287,average,8
median_ensemble,CZ,Deaths,2021-04-12,31.420652173913,28.1125543478261,1.11767332790742,,8
median_ensemble,DE,Cases,2021-04-12,12998.5074456522,13536.7779891304,0.960236435589734,,8
median_ensemble,DE,Deaths,2021-04-12,122.703586956522,139.261956521739,0.881099117240733,,8
median_ensemble,GB,Deaths,2021-04-12,40.4339130434783,41.0977717391304,0.983846844547533,,8
median_ensemble,PL,Cases,2021-04-12,9852.88043478261,21065.6732608696,0.46772207623123,,8
median_ensemble,PL,Deaths,2021-04-12,210.215706521739,186.638043478261,1.12632828015165,,8
median_ensemble,CZ,Deaths,2021-04-19,25.09625,20.7639673913044,1.20864425988792,,8
median_ensemble,DE,Cases,2021-04-19,26286.1425,29133.4591304348,0.902266441561679,,8
median_ensemble,DE,Deaths,2021-04-19,178.228641304348,207.764347826087,0.857840352154824,,8
median_ensemble,GB,Deaths,2021-04-19,17.9014130434783,17.7688043478261,1.00746300612334,,8
median_ensemble,PL,Cases,2021-04-19,13727.1192934783,18061.3927173913,0.760025514547415,,8
median_ensemble,PL,Deaths,2021-04-19,542.635597826087,184.177119565217,2.94627041136855,,8
median_ensemble,CZ,Deaths,2021-04-26,23.0161956521739,23.9485869565217,0.961066959564647,,8
median_ensemble,DE,Cases,2021-04-26,42844.8596739131,38831.9802173913,1.10333955245281,,8
median_ensemble,DE,Deaths,2021-04-26,137.36847826087,137.62652173913,0.998125045412758,,8
median_ensemble,GB,Deaths,2021-04-26,18.8948913043478,14.929347826087,1.26562067710229,,8
median_ensemble,PL,Cases,2021-04-26,3423.47619565217,4160.10260869565,0.822930710530133,,8
median_ensemble,PL,Deaths,2021-04-26,293.355,158.412336956522,1.85184440578334,,8
median_ensemble,CZ,Deaths,2021-05-03,29.7203260869565,33.0164130434783,0.900168229898832,,8
median_ensemble,DE,Cases,2021-05-03,23416.7821195652,27765.1694021739,0.843386970933869,,8
median_ensemble,DE,Deaths,2021-05-03,126.954076086957,101.690434782609,1.24843675177863,,8
median_ensemble,GB,Deaths,2021-05-03,10.8541304347826,10.2663043478261,1.05725780836421,,8
median_ensemble,PL,Cases,2021-05-03,2966.03445652174,3823.07945652174,0.775823387992112,,8
median_ensemble,PL,Deaths,2021-05-03,103.05152173913,101.31402173913,1.01714964987249,,8
median_ensemble,CZ,Deaths,2021-05-10,38.4551086956522,40.8302173913044,0.94182963384961,,8
median_ensemble,DE,Cases,2021-05-10,11220.3844565217,15884.2697826087,0.706383397542559,,8
median_ensemble,DE,Deaths,2021-05-10,73.165597826087,78.1940217391304,0.935692987760379,,8
median_ensemble,GB,Deaths,2021-05-10,9.68548913043478,10.4979891304348,0.922604225446902,,8
median_ensemble,PL,Cases,2021-05-10,3668.98467391304,3954.45336956522,0.927810832756498,,8
median_ensemble,PL,Deaths,2021-05-10,120.677065217391,93.7517391304348,1.28719815052706,,8
median_ensemble,CZ,Deaths,2021-05-17,25.1969565217391,23.27625,1.0825178678584,,8
median_ensemble,DE,Cases,2021-05-17,3284.65320652174,3014.46076086957,1.08963209910028,,8
median_ensemble,DE,Deaths,2021-05-17,55.7673913043478,59.1986956521739,0.942037500826252,,8
median_ensemble,GB,Deaths,2021-05-17,8.7358152173913,8.85217391304348,0.986855353634578,,8
median_ensemble,PL,Cases,2021-05-17,5028.04081521739,4637.23880434783,1.08427472195375,,8
median_ensemble,PL,Deaths,2021-05-17,59.4973369565217,81.9801086956522,0.725753330937913,,8
median_ensemble,CZ,Deaths,2021-05-24,10.4155434782609,10.441902173913,0.997475680655386,,8
median_ensemble,DE,Cases,2021-05-24,8460.47413043478,8713.84505434783,0.970923177732358,,8
median_ensemble,DE,Deaths,2021-05-24,91.4698913043478,50.7050543478261,1.803960028854,,8
median_ensemble,GB,Deaths,2021-05-24,24.0167934782609,23.6632065217391,1.01494247857732,,8
median_ensemble,PL,Cases,2021-05-24,417.490597826087,817.855489130435,0.510469885419457,,8
median_ensemble,PL,Deaths,2021-05-24,55.2203260869565,63.9291304347826,0.863774084074077,,8
median_ensemble,CZ,Deaths,2021-05-31,8.90652173913044,8.90652173913044,1,,8
median_ensemble,DE,Cases,2021-05-31,1372.78777173913,1835.58195652174,0.747876043813613,,8
median_ensemble,DE,Deaths,2021-05-31,38.3907608695652,48.7001086956522,0.788309552027604,,8
median_ensemble,GB,Deaths,2021-05-31,13.8666304347826,13.2704347826087,1.04492661031387,,8
median_ensemble,PL,Cases,2021-05-31,216.15527173913,263.645434782609,0.819871096639179,,8
median_ensemble,PL,Deaths,2021-05-31,26.5815760869565,35.0245652173913,0.758940929658066,,8
median_ensemble,CZ,Deaths,2021-06-07,8.41146739130435,8.41146739130435,1,,8
median_ensemble,DE,Cases,2021-06-07,1664.28516304348,1793.64076086957,0.927880988964939,,8
median_ensemble,DE,Deaths,2021-06-07,55.2234782608696,50.9749456521739,1.08334550541133,,8
median_ensemble,GB,Deaths,2021-06-07,22.7683695652174,24.3733152173913,0.934151524408599,,8
median_ensemble,PL,Cases,2021-06-07,280.626032608696,150.006956521739,1.87075345781065,,8
median_ensemble,PL,Deaths,2021-06-07,39.4096739130435,26.0697826086957,1.51169936875109,,8
median_ensemble,CZ,Deaths,2021-06-14,5.46336956521739,5.46336956521739,1,,8
median_ensemble,DE,Cases,2021-06-14,1323.20570652174,1481.86054347826,0.89293537934135,,8
median_ensemble,DE,Deaths,2021-06-14,35.2770108695652,40.2708695652174,0.875993273808881,,8
median_ensemble,GB,Deaths,2021-06-14,29.3178260869565,25.1922826086957,1.16376219425376,,8
median_ensemble,PL,Cases,2021-06-14,149.636630434783,206.125869565217,0.725947843181509,,8
median_ensemble,PL,Deaths,2021-06-14,11.3457608695652,11.1182608695652,1.02046183325512,,8
median_ensemble,CZ,Deaths,2021-06-21,4.39184782608696,4.39184782608696,1,,8
median_ensemble,DE,Cases,2021-06-21,1741.38826086957,1550.90967391304,1.12281733111892,,8
median_ensemble,DE,Deaths,2021-06-21,42.804402173913,31.9963043478261,1.33779206837746,,8
median_ensemble,GB,Deaths,2021-06-21,26.3527717391304,34.8577173913044,0.756009679099195,,8
median_ensemble,PL,Cases,2021-06-21,123.987554347826,71.2167391304348,1.74098892847004,,8
median_ensemble,PL,Deaths,2021-06-21,7.22836956521739,7.90086956521739,0.914882786704821,,8
median_ensemble,CZ,Deaths,2021-06-28,4.12076086956522,4.12076086956522,1,,8
median_ensemble,DE,Cases,2021-06-28,4150.82043478261,3635.72152173913,1.14167721866582,,8
median_ensemble,DE,Deaths,2021-06-28,21.2379347826087,26.9844565217391,0.787043265648098,,8
median_ensemble,GB,Deaths,2021-06-28,31.4141304347826,34.2927717391304,0.916056907670047,,8
median_ensemble,PL,Cases,2021-06-28,145.539782608696,111.57875,1.30436828346523,,8
median_ensemble,PL,Deaths,2021-06-28,5.33478260869565,5.44548913043478,0.979670050001497,,8
median_ensemble,CZ,Deaths,2021-07-05,4.56146739130435,4.56146739130435,1,,8
median_ensemble,DE,Cases,2021-07-05,5787.01706521739,4029.78869565217,1.43605968011701,,8
median_ensemble,DE,Deaths,2021-07-05,23.1499456521739,22.4128260869565,1.032888291836,,8
median_ensemble,GB,Deaths,2021-07-05,54.9957608695652,57.7308695652174,0.952623116259103,,8
median_ensemble,PL,Cases,2021-07-05,164.122826086957,126.592065217391,1.29647008922017,,8
median_ensemble,PL,Deaths,2021-07-05,4.55010869565217,4.92815217391304,0.923289000639626,,8
median_ensemble,CZ,Deaths,2021-07-12,7.74836956521739,7.8466847826087,0.987470477008429,,8
median_ensemble,DE,Cases,2021-07-12,3153.83956521739,3078.42918478261,1.02449638302793,,8
median_ensemble,DE,Deaths,2021-07-12,20.2597282608696,17.4077173913044,1.1638360047705,,8
median_ensemble,GB,Deaths,2021-07-12,62.671847826087,60.6806521739131,1.0328143416532,,8
median_ensemble,PL,Cases,2021-07-12,290.222554347826,198.436032608696,1.46254967171274,,8
median_ensemble,PL,Deaths,2021-07-12,4.57380434782609,5.29875,0.863185533913864,,8
median_ensemble,CZ,Deaths,2021-07-19,8.04510869565218,8.52923913043478,0.943238731218698,,8
median_ensemble,DE,Cases,2021-07-19,5138.36532608696,2607.75956521739,1.97041375847033,,8
median_ensemble,DE,Deaths,2021-07-19,23.5279891304348,23.8509782608696,0.986458034261652,,8
median_ensemble,GB,Deaths,2021-07-19,79.5251086956522,78.563152173913,1.01224437277682,,8
median_ensemble,PL,Cases,2021-07-19,85.0709239130435,112.88875,0.753581946057898,,8
median_ensemble,PL,Deaths,2021-07-19,6.65260869565217,7.04902173913044,0.943763396092581,,8
median_ensemble,CZ,Deaths,2021-07-26,9.06858695652174,8.73864130434783,1.03775708839425,,8
median_ensemble,DE,Cases,2021-07-26,2439.07956521739,2592.4652173913,0.940834055884361,,8
median_ensemble,DE,Deaths,2021-07-26,71.6604891304348,102.158260869565,0.701465437258474,,8
median_ensemble,GB,Deaths,2021-07-26,60.1451630434783,54.4948913043478,1.1036844299326,,8
median_ensemble,PL,Cases,2021-07-26,158.849619565217,150.603913043478,1.05475094474709,,8
median_ensemble,PL,Deaths,2021-07-26,7.2458152173913,5.55646739130435,1.30403270767515,,8
median_ensemble,CZ,Deaths,2021-08-02,7.15565217391304,7.15565217391304,1,,8
median_ensemble,DE,Cases,2021-08-02,4638.43576086957,4832.54130434783,0.959833650401782,,8
median_ensemble,DE,Deaths,2021-08-02,29.6302717391304,109.809456521739,0.269833515961938,,8
median_ensemble,GB,Deaths,2021-08-02,208.07027173913,165.367282608696,1.2582311836827,,8
median_ensemble,PL,Cases,2021-08-02,164.300706521739,151.385108695652,1.08531617103802,,8
median_ensemble,PL,Deaths,2021-08-02,4.00309782608696,4.94445652173913,0.809613313108664,,8
median_ensemble,CZ,Deaths,2021-08-09,2.74097826086957,2.74097826086957,1,,8
median_ensemble,DE,Cases,2021-08-09,8614.49576086957,10201.9520652174,0.844396808159871,,8
median_ensemble,DE,Deaths,2021-08-09,29.178097826087,59.4744565217391,0.490598813886122,,8
median_ensemble,GB,Deaths,2021-08-09,178.276956521739,167.005489130435,1.06749159833005,,8
median_ensemble,PL,Cases,2021-08-09,116.485,174.535,0.667401953762856,,8
median_ensemble,PL,Deaths,2021-08-09,4.91413043478261,7.3416847826087,0.66934642119523,,8
median_ensemble,CZ,Deaths,2021-08-16,3.59434782608696,3.59434782608696,1,,8
median_ensemble,DE,Cases,2021-08-16,5605.97358695652,6106.12510869565,0.918090194217136,,8
median_ensemble,DE,Deaths,2021-08-16,39.3190217391304,27.1496739130435,1.44823182278593,,8
median_ensemble,GB,Deaths,2021-08-16,230.622282608696,222.007173913044,1.03880554192824,,8
median_ensemble,PL,Cases,2021-08-16,180.403043478261,208.383695652174,0.865725329007423,,8
median_ensemble,PL,Deaths,2021-08-16,4.99119565217391,4.83048913043478,1.03326920264173,,8
median_ensemble,CZ,Deaths,2021-08-23,2.92510869565217,2.92510869565217,1,,8
median_ensemble,DE,Cases,2021-08-23,56139.3909782609,27438.1152173913,2.04603670964533,,8
median_ensemble,DE,Deaths,2021-08-23,55.7089673913043,62.4788586956522,0.891645086903309,,8
median_ensemble,GB,Deaths,2021-08-23,138.324891304348,139.599782608696,0.990867526578308,,8
median_ensemble,PL,Cases,2021-08-23,551.026086956522,474.557826086957,1.16113581246799,,8
median_ensemble,PL,Deaths,2021-08-23,7.28141304347826,7.38347826086957,0.98617653986574,,8
median_ensemble,CZ,Deaths,2021-08-30,4.5754347826087,4.07228260869565,1.12355531829708,,8
median_ensemble,DE,Cases,2021-08-30,74326.2406521739,44869.5389673913,1.6564966425483,,8
median_ensemble,DE,Deaths,2021-08-30,47.2938586956522,30.6541304347826,1.54282173478289,,8
median_ensemble,GB,Deaths,2021-08-30,90.0176086956522,125.536576086957,0.717062799556512,,8
median_ensemble,PL,Cases,2021-08-30,744.302065217391,763.076956521739,0.975395808844854,,8
median_ensemble,PL,Deaths,2021-08-30,16.2167934782609,16.166902173913,1.00308601510735,,8
median_ensemble,CZ,Deaths,2021-09-06,5.02141304347826,4.66125,1.07726748049949,,8
median_ensemble,DE,Cases,2021-09-06,34059.6219565217,29440.6620652174,1.15689048979511,,8
median_ensemble,DE,Deaths,2021-09-06,43.6739673913043,34.6486956521739,1.26047940822165,,8
median_ensemble,GB,Deaths,2021-09-06,119.173260869565,104.317391304348,1.14241028633351,,8
median_ensemble,PL,Cases,2021-09-06,489.741304347826,557.109347826087,0.87907572590347,,8
median_ensemble,PL,Deaths,2021-09-06,9.63467391304348,9.75989130434783,0.987170206368121,,8
median_ensemble,CZ,Deaths,2021-09-13,5.31445652173913,5.07722826086957,1.04672396998534,,8
median_ensemble,DE,Cases,2021-09-13,10010.3213043478,9392.32320652174,1.06579821458837,,8
median_ensemble,DE,Deaths,2021-09-13,46.1717934782609,43.330652173913,1.06556885626703,,8
median_ensemble,GB,Deaths,2021-09-13,99.8211956521739,79.1276630434783,1.26152083623808,,8
median_ensemble,PL,Cases,2021-09-13,647.366576086957,872.490760869565,0.741975279419304,,8
median_ensemble,PL,Deaths,2021-09-13,11.9541847826087,11.2979347826087,1.05808583715762,,8
median_ensemble,CZ,Deaths,2021-09-20,4.65657608695652,4.6304347826087,1.0056455399061,,8
median_ensemble,DE,Cases,2021-09-20,5808.44032608696,4933.83336956522,1.1772672263147,,8
median_ensemble,DE,Deaths,2021-09-20,33.750652173913,43.6676630434783,0.772898062813867,,8
median_ensemble,GB,Deaths,2021-09-20,78.0288586956522,74.7102173913044,1.04442017999983,,8
median_ensemble,PL,Cases,2021-09-20,797.821684782609,856.977282608696,0.930971801672486,,8
median_ensemble,PL,Deaths,2021-09-20,13.9320108695652,15.1552173913043,0.919288091344637,,8
median_ensemble,CZ,Deaths,2021-09-27,7.24744565217391,7.88130434782609,0.919574391791251,,8
median_ensemble,DE,Cases,2021-09-27,12597.2108152174,11975.1623913043,1.05194488421842,,8
median_ensemble,DE,Deaths,2021-09-27,30.5959782608696,36.3751086956522,0.841124036682992,,8
median_ensemble,GB,Deaths,2021-09-27,91.1933695652174,81.2608695652174,1.12222980203317,,8
median_ensemble,PL,Cases,2021-09-27,3615.87956521739,4660.11798913044,0.775920174907868,,8
median_ensemble,PL,Deaths,2021-09-27,31.9242391304348,33.2423913043478,0.960347251741163,,8
median_ensemble,CZ,Deaths,2021-10-04,17.2595108695652,17.2595108695652,1,,8
median_ensemble,DE,Cases,2021-10-04,16335.31125,15286.4033695652,1.06861704843686,,8
median_ensemble,DE,Deaths,2021-10-04,65.5521739130435,54.2392391304348,1.20857473231517,,8
median_ensemble,GB,Deaths,2021-10-04,200.691630434783,200.691630434783,1,,8
median_ensemble,PL,Cases,2021-10-04,6013.17298913044,6469.36782608696,0.92948386160438,,8
median_ensemble,PL,Deaths,2021-10-04,48.6121195652174,48.1332608695652,1.00994860283723,,8
median_ensemble,CZ,Deaths,2021-10-11,58.1027717391304,58.1027717391304,1,,8
median_ensemble,DE,Cases,2021-10-11,31980.9235869565,30576.7833695652,1.04592177667678,,8
median_ensemble,DE,Deaths,2021-10-11,104.93097826087,87.1671195652174,1.20379081910997,,8
median_ensemble,GB,Deaths,2021-10-11,207.541739130435,207.541739130435,1,,8
median_ensemble,PL,Cases,2021-10-11,10467.6936413043,12438.2626086957,0.841572008134507,,8
median_ensemble,PL,Deaths,2021-10-11,52.8459239130435,50.0216304347826,1.05646144385364,,8
median_ensemble,CZ,Deaths,2021-10-18,97.5654347826087,97.5654347826087,1,,8
median_ensemble,DE,Cases,2021-10-18,59495.3571195652,55266.4732608696,1.07651806980218,,8
median_ensemble,DE,Deaths,2021-10-18,185.400760869565,151.710652173913,1.22206818185075,,8
median_ensemble,GB,Deaths,2021-10-18,138.561195652174,138.561195652174,1,,8
median_ensemble,PL,Cases,2021-10-18,13579.1597826087,14817.1605434783,0.916448177959814,,8
median_ensemble,PL,Deaths,2021-10-18,62.7494565217392,66.3151086956522,0.946231677154036,,8
median_ensemble,CZ,Deaths,2021-10-25,128.692717391304,128.692717391304,1,,8
median_ensemble,DE,Cases,2021-10-25,40527.8123913044,32965.7807065217,1.22939034121787,,8
median_ensemble,DE,Deaths,2021-10-25,75.9358152173913,121.45652173913,0.625209862180061,,8
median_ensemble,GB,Deaths,2021-10-25,127.128097826087,127.128097826087,1,,8
median_ensemble,PL,Cases,2021-10-25,3927.52951086956,7546.22782608696,0.520462620713925,,8
median_ensemble,PL,Deaths,2021-10-25,111.460489130435,111.422826086957,1.00033801910076,,8
median_ensemble,CZ,Deaths,2021-11-01,94.6821739130435,94.6821739130435,1,,8
median_ensemble,DE,Cases,2021-11-01,27293.5557608696,28177.1170108696,0.968642595704197,,8
median_ensemble,DE,Deaths,2021-11-01,85.4719021739131,82.0348913043478,1.0418969393988,,8
median_ensemble,GB,Deaths,2021-11-01,105.064782608696,105.064782608696,1,,8
median_ensemble,PL,Cases,2021-11-01,13647.8128804348,5848.39168478261,2.33360103358777,,8
median_ensemble,PL,Deaths,2021-11-01,146.555163043478,146.40097826087,1.00105316770721,,8
median_ensemble,CZ,Deaths,2021-11-08,94.7659782608696,126.351304347826,0.750019786103617,,8
median_ensemble,DE,Cases,2021-11-08,24507.6985869565,55359.6719565217,0.442699490817148,,8
median_ensemble,DE,Deaths,2021-11-08,97.1815217391305,93.2020108695652,1.04269769324113,,8
median_ensemble,GB,Deaths,2021-11-08,107.025163043478,91.0375,1.17561623554555,,8
median_ensemble,PL,Cases,2021-11-08,29902.8520652174,26051.5427173913,1.14783421425769,,8
median_ensemble,PL,Deaths,2021-11-08,175.314402173913,162.883695652174,1.07631645679433,,8
median_ensemble,CZ,Deaths,2021-11-15,150.417282608696,202.371576086957,0.743272773366469,,8
median_ensemble,DE,Cases,2021-11-15,150329.704945652,47485.2813043478,3.16581687664737,,8
median_ensemble,DE,Deaths,2021-11-15,419.743532608696,246.956847826087,1.69966346875422,,8
median_ensemble,GB,Deaths,2021-11-15,84.7751086956522,75.0054347826087,1.13025288022607,,8
median_ensemble,PL,Cases,2021-11-15,24151.9620652174,26587.3404347826,0.908400827997856,,8
median_ensemble,PL,Deaths,2021-11-15,228.467554347826,171.578913043478,1.33155963221385,,8
median_ensemble,CZ,Deaths,2021-11-22,178.90152173913,232.973369565217,0.767905456632242,,8
median_ensemble,DE,Cases,2021-11-22,143576.309673913,117190.0375,1.22515798046325,,8
median_ensemble,DE,Deaths,2021-11-22,277.767826086957,241.258260869565,1.15132980353004,,8
median_ensemble,GB,Deaths,2021-11-22,83.936847826087,81.2486956521739,1.03308548097093,,8
median_ensemble,PL,Cases,2021-11-22,21077.2025,33260.4215217391,0.633702206276125,,8
median_ensemble,PL,Deaths,2021-11-22,734.782880434783,814.002010869565,0.90267944135647,,8
median_ensemble,CZ,Deaths,2021-11-29,381.267445652174,425.551739130435,0.895936758315803,,8
median_ensemble,DE,Cases,2021-11-29,162020.95826087,145713.154836957,1.11191716658774,,8
median_ensemble,DE,Deaths,2021-11-29,221.64652173913,251.013804347826,0.883005308472988,,8
median_ensemble,GB,Deaths,2021-11-29,66.2895652173913,69.1297826086957,0.958914706742516,,8
median_ensemble,PL,Cases,2021-11-29,33560.0296195652,43320.7041304348,0.774687999496014,,8
median_ensemble,PL,Deaths,2021-11-29,721.502934782609,636.545652173913,1.1334661266141,,8
median_ensemble,CZ,Deaths,2021-12-06,128.376467391304,125.559891304348,1.02243213224938,,8
median_ensemble,DE,Cases,2021-12-06,64476.5229347826,61549.5110869565,1.04755540370891,,8
median_ensemble,DE,Deaths,2021-12-06,205.396684782609,183.082065217391,1.12188315408569,,8
median_ensemble,GB,Deaths,2021-12-06,92.0039130434783,72.455,1.26980764672525,,8
median_ensemble,PL,Cases,2021-12-06,14463.7106521739,21351.0627717391,0.677423452256367,,8
median_ensemble,PL,Deaths,2021-12-06,174.43222826087,206.756847826087,0.843658771619467,,8
median_ensemble,CZ,Deaths,2021-12-13,74.8716304347826,74.8716304347826,1,,8
median_ensemble,DE,Cases,2021-12-13,31380.4589130435,35019.2485869565,0.896091726100932,,8
median_ensemble,DE,Deaths,2021-12-13,269.066195652174,210.22097826087,1.27992076660533,,8
median_ensemble,GB,Deaths,2021-12-13,104.729239130435,95.5620652173913,1.09592900584755,,8
median_ensemble,PL,Cases,2021-12-13,12259.4564130435,14333.3019565217,0.855312784885925,,8
median_ensemble,PL,Deaths,2021-12-13,162.311195652174,178.783804347826,0.907862970274396,,8
median_ensemble,CZ,Deaths,2021-12-20,72.9629347826087,54.6176086956522,1.33588665862658,,8
median_ensemble,DE,Cases,2021-12-20,84514.7779891305,82775.1929891305,1.02101577703635,,8
median_ensemble,DE,Deaths,2021-12-20,131.434945652174,138.626956521739,0.94811967996688,,8
median_ensemble,GB,Deaths,2021-12-20,192.341630434783,192.341630434783,1,,8
median_ensemble,PL,Cases,2021-12-20,14282.3397826087,12693.9239673913,1.12513197804696,,8
median_ensemble,PL,Deaths,2021-12-20,240.438804347826,264.400760869565,0.909372588630484,,8
median_ensemble,CZ,Deaths,2021-12-27,35.4354347826087,35.4354347826087,1,,8
median_ensemble,DE,Cases,2021-12-27,252023.623641304,250160.288043478,1.00744856672656,,8
median_ensemble,DE,Deaths,2021-12-27,196.557173913043,228.866413043478,0.858829267690332,,8
median_ensemble,GB,Deaths,2021-12-27,482.834021739131,482.834021739131,1,,8
median_ensemble,PL,Cases,2021-12-27,45572.0380978261,46505.1748913044,0.979934775094186,,8
median_ensemble,PL,Deaths,2021-12-27,335.525706521739,275.064293478261,1.2198082938317,,8
median_ensemble,CZ,Deaths,2022-01-03,74.4088586956522,74.4088586956522,1,,8
median_ensemble,DE,Cases,2022-01-03,335043.773913044,352812.420326087,0.949637128997271,,8
median_ensemble,DE,Deaths,2022-01-03,204.828369565217,201.471195652174,1.01666329473142,,8
median_ensemble,GB,Deaths,2022-01-03,223.88,223.88,1,,8
median_ensemble,PL,Cases,2022-01-03,104087.568152174,104237.08576087,0.998565600643914,,8
median_ensemble,PL,Deaths,2022-01-03,186.137336956522,238.311195652174,0.781068369226755,,8
median_ensemble,CZ,Deaths,2022-01-10,44.6,44.6,1,,8
median_ensemble,DE,Cases,2022-01-10,119969.383423913,119748.737391304,1.00184257502347,,8
median_ensemble,DE,Deaths,2022-01-10,788.252989130435,483.949673913043,1.62879123929747,,8
median_ensemble,GB,Deaths,2022-01-10,319.864673913043,319.864673913043,1,,8
median_ensemble,PL,Cases,2022-01-10,103075.042663043,121570.86326087,0.847859757661362,,8
median_ensemble,PL,Deaths,2022-01-10,264.361358695652,385.558206521739,0.685658751970428,,8
median_ensemble,CZ,Deaths,2022-01-17,47.570597826087,47.570597826087,1,,8
median_ensemble,DE,Cases,2022-01-17,79652.0046739131,119823.167391304,0.664746279104732,,8
median_ensemble,DE,Deaths,2022-01-17,465.386902173913,382.152391304348,1.21780450093606,,8
median_ensemble,GB,Deaths,2022-01-17,968.249565217391,968.249565217391,1,,8
median_ensemble,PL,Cases,2022-01-17,84229.1455434783,83801.8510869565,1.00509886656416,,8
median_ensemble,PL,Deaths,2022-01-17,617.679347826087,543.896195652174,1.13565668001307,,8
median_ensemble,CZ,Deaths,2022-01-24,75.3805434782609,75.3805434782609,1,,8
median_ensemble,DE,Cases,2022-01-24,247407.894836957,85788.7776086957,2.88391910612652,,8
median_ensemble,DE,Deaths,2022-01-24,204.971413043478,286.693695652174,0.714949146604731,,8
median_ensemble,GB,Deaths,2022-01-24,600.781195652174,600.781195652174,1,,8
median_ensemble,PL,Cases,2022-01-24,130773.565815217,136919.59326087,0.955112140641973,,8
median_ensemble,PL,Deaths,2022-01-24,968.814565217391,567.319402173913,1.70770567956073,,8
median_ensemble,CZ,Deaths,2022-01-31,175.424619565217,175.424619565217,1,,8
median_ensemble,DE,Cases,2022-01-31,274672.252391304,212440.150217391,1.29293945664334,,8
median_ensemble,DE,Deaths,2022-01-31,113.722282608696,167.917717391304,0.677250050652396,,8
median_ensemble,GB,Deaths,2022-01-31,447.875326086957,447.875326086957,1,,8
median_ensemble,PL,Cases,2022-01-31,182301.552173913,197814.242173913,0.921579508990249,,8
median_ensemble,PL,Deaths,2022-01-31,500.316032608696,500.316032608696,1,,8
median_ensemble,CZ,Deaths,2022-02-07,43.5443478260869,43.5443478260869,1,,8
median_ensemble,DE,Cases,2022-02-07,276932.963641304,233892.076195652,1.18402028895433,,8
median_ensemble,DE,Deaths,2022-02-07,142.194402173913,149.720869565217,0.949730004820564,,8
median_ensemble,GB,Deaths,2022-02-07,1293.00298913044,1293.00298913044,1,,8
median_ensemble,PL,Cases,2022-02-07,87449.8960869565,120275.29423913,0.727081123685213,,8
median_ensemble,PL,Deaths,2022-02-07,135.556847826087,126.244891304348,1.07376105619427,,8
median_ensemble,CZ,Deaths,2022-02-14,42.5658152173913,42.5658152173913,1,,8
median_ensemble,DE,Cases,2022-02-14,114244.152391304,103214.074565217,1.10686602454704,,8
median_ensemble,DE,Deaths,2022-02-14,112.805380434783,96.9526086956522,1.16351052284621,,8
median_ensemble,GB,Deaths,2022-02-14,215.018206521739,215.018206521739,1,,8
median_ensemble,PL,Cases,2022-02-14,10247.2264130435,10851.3276086957,0.944329282329649,,8
median_ensemble,PL,Deaths,2022-02-14,135.747119565217,117.380326086957,1.15647250344708,,8
median_ensemble,CZ,Deaths,2022-02-21,72.776847826087,52.61625,1.38316295490627,,8
median_ensemble,DE,Cases,2022-02-21,148406.2375,143345.581032609,1.03530388890216,,8
median_ensemble,DE,Deaths,2022-02-21,118.511793478261,136.923043478261,0.865535781762526,,8
median_ensemble,GB,Deaths,2022-02-21,145.129130434783,167.149184782609,0.868261072427814,,8
median_ensemble,PL,Cases,2022-02-21,10173.1681521739,9090.82054347826,1.11905939662093,,8
median_ensemble,PL,Deaths,2022-02-21,109.678641304348,114.923804347826,0.954359646608953,,8
median_ensemble,CZ,Deaths,2022-02-28,36.6888586956522,42.4278260869565,0.864735766109198,,8
median_ensemble,DE,Cases,2022-02-28,258289.784347826,260271.143586957,0.992387326494116,,8
median_ensemble,DE,Deaths,2022-02-28,118.490217391304,140.178152173913,0.845283059833023,,8
median_ensemble,GB,Deaths,2022-02-28,377.988315217391,418.795869565217,0.902559797473191,,8
median_ensemble,PL,Cases,2022-02-28,11367.5588043478,10661.3838043478,1.06623671119616,,8
median_ensemble,PL,Deaths,2022-02-28,106.556195652174,103.000217391304,1.03452398791898,,8
median_ensemble,CZ,Deaths,2022-03-07,26.4132065217391,36.2782608695652,0.728072567114094,,8
median_ensemble,DE,Cases,2022-03-07,201986.812119565,207524.574891304,0.973315147015048,,8
median_ensemble,DE,Deaths,2022-03-07,133.094456521739,137.937173913043,0.964891861606812,,8
median_ensemble,GB,Deaths,2022-03-07,287.898586956522,443.039891304348,0.649825427929127,,8
median_ensemble,PL,Cases,2022-03-07,7388.52157608696,6602.26369565218,1.11908913619318,,8
median_ensemble,PL,Deaths,2022-03-07,84.9841304347826,84.9841304347826,1,,8
median_ensemble,Average,Cases,2021-04-12,11425.6939402174,17301.225625,0.660397950287837,average,8
median_ensemble,Average,Deaths,2021-04-12,101.193464673913,98.7775815217391,1.02445780828965,average,8
median_ensemble,Average,Cases,2021-04-19,20006.6308967391,23597.425923913,0.847831071119707,average,8
median_ensemble,Average,Deaths,2021-04-19,190.965475543478,107.618559782609,1.77446600223262,average,8
median_ensemble,Average,Cases,2021-04-26,23134.1679347826,21496.0414130435,1.07620596231012,average,8
median_ensemble,Average,Deaths,2021-04-26,118.158641304348,83.7291983695652,1.41119995897748,average,8
median_ensemble,Average,Cases,2021-05-03,13191.4082880435,15794.1244293478,0.835209849526821,average,8
median_ensemble,Average,Deaths,2021-05-03,67.6450135869565,61.5717934782609,1.0986364009494,average,8
median_ensemble,Average,Cases,2021-05-10,7444.68456521739,9919.36157608696,0.750520535834143,average,8
median_ensemble,Average,Deaths,2021-05-10,60.4958152173913,55.8184918478261,1.08379523012404,average,8
median_ensemble,Average,Cases,2021-05-17,4156.34701086957,3825.8497826087,1.08638531229407,average,8
median_ensemble,Average,Deaths,2021-05-17,37.299375,43.3268070652174,0.86088446221886,average,8
median_ensemble,Average,Cases,2021-05-24,4438.98236413043,4765.85027173913,0.931414566347797,average,8
median_ensemble,Average,Deaths,2021-05-24,45.2806385869565,37.1848233695652,1.21771826470521,average,8
median_ensemble,Average,Cases,2021-05-31,794.471521739131,1049.61369565217,0.756918021392136,average,8
median_ensemble,Average,Deaths,2021-05-31,21.9363722826087,26.4754076086957,0.828556546015324,average,8
median_ensemble,Average,Cases,2021-06-07,972.455597826087,971.823858695652,1.00065005517696,average,8
median_ensemble,Average,Deaths,2021-06-07,31.4532472826087,27.4573777173913,1.1455299047981,average,8
median_ensemble,Average,Cases,2021-06-14,736.421168478261,843.993206521739,0.872543952709284,average,8
median_ensemble,Average,Deaths,2021-06-14,20.3509918478261,20.5111956521739,0.992189445848768,average,8
median_ensemble,Average,Cases,2021-06-21,932.687907608696,811.063206521739,1.14995711814933,average,8
median_ensemble,Average,Deaths,2021-06-21,20.194347826087,19.7866847826087,1.02060289775458,average,8
median_ensemble,Average,Cases,2021-06-28,2148.18010869565,1873.65013586957,1.1465214703484,average,8
median_ensemble,Average,Deaths,2021-06-28,15.526902173913,17.7108695652174,0.876687737817602,average,8
median_ensemble,Average,Cases,2021-07-05,2975.56994565217,2078.19038043478,1.43180816043891,average,8
median_ensemble,Average,Deaths,2021-07-05,21.8143206521739,22.4083288043478,0.973491635303983,average,8
median_ensemble,Average,Cases,2021-07-12,1722.03105978261,1638.43260869565,1.051023429736,average,8
median_ensemble,Average,Deaths,2021-07-12,23.8134375,22.8084510869565,1.0440620193459,average,8
median_ensemble,Average,Cases,2021-07-19,2611.718125,1360.3241576087,1.91992335826126,average,8
median_ensemble,Average,Deaths,2021-07-19,29.4377038043478,29.498097826087,0.997952613009313,average,8
median_ensemble,Average,Cases,2021-07-26,1298.9645923913,1371.53456521739,0.947088484193918,average,8
median_ensemble,Average,Deaths,2021-07-26,37.0300135869565,42.7370652173913,0.8664613117114,average,8
median_ensemble,Average,Cases,2021-08-02,2401.36823369565,2491.96320652174,0.963645140269732,average,8
median_ensemble,Average,Deaths,2021-08-02,62.2148233695652,71.8192119565217,0.866269925200921,average,8
median_ensemble,Average,Cases,2021-08-09,4365.49038043478,5188.2435326087,0.841419712277803,average,8
median_ensemble,Average,Deaths,2021-08-09,53.7775407608696,59.140652173913,0.909315991354435,average,8
median_ensemble,Average,Cases,2021-08-16,2893.18831521739,3157.25440217391,0.916362112988203,average,8
median_ensemble,Average,Deaths,2021-08-16,69.6317119565217,64.3954211956522,1.08131464417261,average,8
median_ensemble,Average,Cases,2021-08-23,28345.2085326087,13956.3365217391,2.03099205070447,average,8
median_ensemble,Average,Deaths,2021-08-23,51.0600951086957,53.0968070652174,0.961641536109316,average,8
median_ensemble,Average,Cases,2021-08-30,37535.2713586956,22816.3079619565,1.64510714973173,average,8
median_ensemble,Average,Deaths,2021-08-30,39.5259239130435,44.107472826087,0.896127603340408,average,8
median_ensemble,Average,Cases,2021-09-06,17274.6816304348,14998.8857065217,1.1517309997851,average,8
median_ensemble,Average,Deaths,2021-09-06,44.3758288043478,38.3468070652174,1.15722356567723,average,8
median_ensemble,Average,Cases,2021-09-13,5328.84394021739,5132.40698369565,1.03827384639328,average,8
median_ensemble,Average,Deaths,2021-09-13,40.8154076086957,34.7083695652174,1.17595289320644,average,8
median_ensemble,Average,Cases,2021-09-20,3303.13100543478,2895.40532608696,1.14081816997237,average,8
median_ensemble,Average,Deaths,2021-09-20,32.5920244565217,34.5408831521739,0.943578203050969,average,8
median_ensemble,Average,Cases,2021-09-27,8106.54519021739,8317.64019021739,0.974620806482075,average,8
median_ensemble,Average,Deaths,2021-09-27,40.2402581521739,39.6899184782609,1.01386598146364,average,8
median_ensemble,Average,Cases,2021-10-04,11174.2421195652,10877.8855978261,1.02724394544086,average,8
median_ensemble,Average,Deaths,2021-10-04,83.0288586956522,80.080910326087,1.036812123608,average,8
median_ensemble,Average,Cases,2021-10-11,21224.3086141304,21507.5229891304,0.986831845994393,average,8
median_ensemble,Average,Deaths,2021-10-11,105.85535326087,100.708315217391,1.05110837205813,average,8
median_ensemble,Average,Cases,2021-10-18,36537.258451087,35041.8169021739,1.04267591355459,average,8
median_ensemble,Average,Deaths,2021-10-18,121.069211956522,113.538097826087,1.06633116350047,average,8
median_ensemble,Average,Cases,2021-10-25,22227.670951087,20256.0042663044,1.09733739482186,average,8
median_ensemble,Average,Deaths,2021-10-25,110.804279891304,122.17504076087,0.906930574373035,average,8
median_ensemble,Average,Cases,2021-11-01,20470.6843206522,17012.7543478261,1.20325515211286,average,8
median_ensemble,Average,Deaths,2021-11-01,107.943505434783,107.045706521739,1.0083870613985,average,8
median_ensemble,Average,Cases,2021-11-08,27205.275326087,40705.6073369565,0.668342204082221,average,8
median_ensemble,Average,Deaths,2021-11-08,118.571766304348,118.368627717391,1.00171615225144,average,8
median_ensemble,Average,Cases,2021-11-15,87240.8335054348,37036.3108695652,2.35554868876331,average,8
median_ensemble,Average,Deaths,2021-11-15,220.850869565217,173.978192934783,1.26941696450431,average,8
median_ensemble,Average,Cases,2021-11-22,82326.7560869565,75225.2295108696,1.09440352156135,average,8
median_ensemble,Average,Deaths,2021-11-22,318.847269021739,342.37058423913,0.931292826252382,average,8
median_ensemble,Average,Cases,2021-11-29,97790.4939402174,94516.9294836957,1.03463468898539,average,8
median_ensemble,Average,Deaths,2021-11-29,347.676616847826,345.560244565217,1.00612446690814,average,8
median_ensemble,Average,Cases,2021-12-06,39470.1167934783,41450.2869293478,0.952227830431071,average,8
median_ensemble,Average,Deaths,2021-12-06,150.052323369565,146.963451086957,1.0210179623557,average,8
median_ensemble,Average,Cases,2021-12-13,21819.9576630435,24676.2752717391,0.884248429828189,average,8
median_ensemble,Average,Deaths,2021-12-13,152.744565217391,139.859619565217,1.09212770413812,average,8
median_ensemble,Average,Cases,2021-12-20,49398.5588858696,47734.5584782609,1.03485944901672,average,8
median_ensemble,Average,Deaths,2021-12-20,159.294578804348,162.496739130435,0.980294002555235,average,8
median_ensemble,Average,Cases,2021-12-27,148797.830869565,148332.731467391,1.00313551431011,average,8
median_ensemble,Average,Deaths,2021-12-27,262.58808423913,255.55004076087,1.02754076445187,average,8
median_ensemble,Average,Cases,2022-01-03,219565.671032609,228524.753043478,0.960796010534732,average,8
median_ensemble,Average,Deaths,2022-01-03,172.313641304348,184.5178125,0.933859116199678,average,8
median_ensemble,Average,Cases,2022-01-10,111522.213043478,120659.800326087,0.924269829239613,average,8
median_ensemble,Average,Deaths,2022-01-10,354.269755434783,308.493138586957,1.14838779577888,average,8
median_ensemble,Average,Cases,2022-01-17,81940.5751086957,101812.50923913,0.804818344239401,average,8
median_ensemble,Average,Deaths,2022-01-17,524.72160326087,485.4671875,1.08085905035728,average,8
median_ensemble,Average,Cases,2022-01-24,189090.730326087,111354.185434783,1.69810168865932,average,8
median_ensemble,Average,Deaths,2022-01-24,462.486929347826,382.543709239131,1.20897800219405,average,8
median_ensemble,Average,Cases,2022-01-31,228486.902282609,205127.196195652,1.11387912729366,average,8
median_ensemble,Average,Deaths,2022-01-31,309.334565217391,322.883423913044,0.958037924240728,average,8
median_ensemble,Average,Cases,2022-02-07,182191.42986413,177083.685217391,1.02884367716014,average,8
median_ensemble,Average,Deaths,2022-02-07,403.574646739131,403.128274456522,1.00110727108688,average,8
median_ensemble,Average,Cases,2022-02-14,62245.6894021739,57032.7010869565,1.09140349686874,average,8
median_ensemble,Average,Deaths,2022-02-14,126.534130434783,117.979239130435,1.07251183655194,average,8
median_ensemble,Average,Cases,2022-02-21,79289.702826087,76218.2007880435,1.04029880010662,average,8
median_ensemble,Average,Deaths,2022-02-21,111.52410326087,117.903070652174,0.94589651180398,average,8
median_ensemble,Average,Cases,2022-02-28,134828.671576087,135466.263695652,0.995293351258305,average,8
median_ensemble,Average,Deaths,2022-02-28,159.93089673913,176.100516304348,0.908179601601667,average,8
median_ensemble,Average,Cases,2022-03-07,104687.666847826,107063.419293478,0.977809858293991,average,8
median_ensemble,Average,Deaths,2022-03-07,133.097595108696,175.559864130435,0.758132251741827,average,8
weighted.mean_ensemble,CZ,Deaths,2021-04-12,32.9362011041153,28.1125543478261,1.17158336793619,,8
weighted.mean_ensemble,CZ,Deaths,2021-04-19,25.2178207119544,20.7639673913044,1.21449914829452,,8
weighted.mean_ensemble,CZ,Deaths,2021-04-26,24.0365460784461,23.9485869565217,1.00367283139018,,8
weighted.mean_ensemble,CZ,Deaths,2021-05-03,24.9691404847075,33.0164130434783,0.756264481299844,,8
weighted.mean_ensemble,CZ,Deaths,2021-05-10,34.0523915504453,40.8302173913044,0.833999761110689,,8
weighted.mean_ensemble,CZ,Deaths,2021-05-17,24.0871549988179,23.27625,1.03483830079235,,8
weighted.mean_ensemble,CZ,Deaths,2021-05-24,10.4910637905026,10.441902173913,1.0047081092861,,8
weighted.mean_ensemble,CZ,Deaths,2021-05-31,9.62889473352491,8.90652173913044,1.08110607210678,,8
weighted.mean_ensemble,CZ,Deaths,2021-06-07,8.96331423698577,8.41146739130435,1.06560648933287,,8
weighted.mean_ensemble,CZ,Deaths,2021-06-14,6.25570168244698,5.46336956521739,1.14502627138277,,8
weighted.mean_ensemble,CZ,Deaths,2021-06-21,4.94397621289654,4.39184782608696,1.12571664790615,,8
weighted.mean_ensemble,CZ,Deaths,2021-06-28,4.18710608642375,4.12076086956522,1.01610023463107,,8
weighted.mean_ensemble,CZ,Deaths,2021-07-05,4.22766918834785,4.56146739130435,0.926822188054478,,8
weighted.mean_ensemble,CZ,Deaths,2021-07-12,10.8034676023762,7.8466847826087,1.37681937043284,,8
weighted.mean_ensemble,CZ,Deaths,2021-07-19,8.00251148457312,8.52923913043478,0.938244474353856,,8
weighted.mean_ensemble,CZ,Deaths,2021-07-26,9.23942023675278,8.73864130434783,1.05730626935743,,8
weighted.mean_ensemble,CZ,Deaths,2021-08-02,7.78880932662051,7.15565217391304,1.08848350049989,,8
weighted.mean_ensemble,CZ,Deaths,2021-08-09,2.81608119188119,2.74097826086957,1.02740004621117,,8
weighted.mean_ensemble,CZ,Deaths,2021-08-16,3.51831957985425,3.59434782608696,0.978847832788773,,8
weighted.mean_ensemble,CZ,Deaths,2021-08-23,3.40149422385108,2.92510869565217,1.16286079519267,,8
weighted.mean_ensemble,CZ,Deaths,2021-08-30,5.01119299082415,4.07228260869565,1.23056120420612,,8
weighted.mean_ensemble,CZ,Deaths,2021-09-06,4.65978821712967,4.66125,0.999686396809797,,8
weighted.mean_ensemble,CZ,Deaths,2021-09-13,4.80678919126167,5.07722826086957,0.946734900281678,,8
weighted.mean_ensemble,CZ,Deaths,2021-09-20,5.29119317909154,4.6304347826087,1.14269899642352,,8
weighted.mean_ensemble,CZ,Deaths,2021-09-27,7.30430134718256,7.88130434782609,0.926788387406625,,8
weighted.mean_ensemble,CZ,Deaths,2021-10-04,15.3041450628721,17.2595108695652,0.886707924606305,,8
weighted.mean_ensemble,CZ,Deaths,2021-10-11,52.7333167070368,58.1027717391304,0.907586938258274,,8
weighted.mean_ensemble,CZ,Deaths,2021-10-18,96.216273760576,97.5654347826087,0.986171731566216,,8
weighted.mean_ensemble,CZ,Deaths,2021-10-25,90.9810765837682,128.692717391304,0.706963676173922,,8
weighted.mean_ensemble,CZ,Deaths,2021-11-01,75.9504483510702,94.6821739130435,0.802162067178806,,8
weighted.mean_ensemble,CZ,Deaths,2021-11-08,114.540073872909,126.351304347826,0.906520707990456,,8
weighted.mean_ensemble,CZ,Deaths,2021-11-15,238.28194277421,202.371576086957,1.17744768006265,,8
weighted.mean_ensemble,CZ,Deaths,2021-11-22,252.586871142516,232.973369565217,1.08418774048683,,8
weighted.mean_ensemble,CZ,Deaths,2021-11-29,429.554510998872,425.551739130435,1.00940607569039,,8
weighted.mean_ensemble,CZ,Deaths,2021-12-06,108.562530844987,125.559891304348,0.864627467555222,,8
weighted.mean_ensemble,CZ,Deaths,2021-12-13,84.2599628491994,74.8716304347826,1.12539238640722,,8
weighted.mean_ensemble,CZ,Deaths,2021-12-20,90.1954146717456,54.6176086956522,1.65139808984214,,8
weighted.mean_ensemble,CZ,Deaths,2021-12-27,38.8191847286803,35.4354347826087,1.09549057227124,,8
weighted.mean_ensemble,CZ,Deaths,2022-01-03,61.3236129552949,74.4088586956522,0.824143980034975,,8
weighted.mean_ensemble,CZ,Deaths,2022-01-10,46.9666660138454,44.6,1.05306426040012,,8
weighted.mean_ensemble,CZ,Deaths,2022-01-17,45.5380368117784,47.570597826087,0.95727274604075,,8
weighted.mean_ensemble,CZ,Deaths,2022-01-24,73.8662101735583,75.3805434782609,0.979910820022951,,8
weighted.mean_ensemble,CZ,Deaths,2022-01-31,94.1374746024448,175.424619565217,0.536626357439227,,8
weighted.mean_ensemble,CZ,Deaths,2022-02-07,46.9589251095233,43.5443478260869,1.07841608506973,,8
weighted.mean_ensemble,CZ,Deaths,2022-02-14,69.6777087369596,42.5658152173913,1.63694054445106,,8
weighted.mean_ensemble,CZ,Deaths,2022-02-21,62.0131264342333,52.61625,1.1785926673648,,8
weighted.mean_ensemble,CZ,Deaths,2022-02-28,36.5472225799695,42.4278260869565,0.861397482516907,,8
weighted.mean_ensemble,CZ,Deaths,2022-03-07,24.5498044131313,36.2782608695652,0.676708415031184,,8
weighted.mean_ensemble,DE,Cases,2021-04-12,13927.9881309334,13536.7779891304,1.0288997974346,,8
weighted.mean_ensemble,DE,Deaths,2021-04-12,119.543895934438,139.261956521739,0.858410286055233,,8
weighted.mean_ensemble,DE,Cases,2021-04-19,25274.7472914777,29133.4591304348,0.867550508791934,,8
weighted.mean_ensemble,DE,Deaths,2021-04-19,146.233074202897,207.764347826087,0.703841037853638,,8
weighted.mean_ensemble,DE,Cases,2021-04-26,38599.8210391285,38831.9802173913,0.994021443743966,,8
weighted.mean_ensemble,DE,Deaths,2021-04-26,154.754594864472,137.62652173913,1.12445328784671,,8
weighted.mean_ensemble,DE,Cases,2021-05-03,28386.4172516044,27765.1694021739,1.02237507866175,,8
weighted.mean_ensemble,DE,Deaths,2021-05-03,152.587542463072,101.690434782609,1.50051027699183,,8
weighted.mean_ensemble,DE,Cases,2021-05-10,15782.5858333419,15884.2697826087,0.993598449871577,,8
weighted.mean_ensemble,DE,Deaths,2021-05-10,67.278224356023,78.1940217391304,0.860401126066587,,8
weighted.mean_ensemble,DE,Cases,2021-05-17,4724.6567976441,3014.46076086957,1.5673306678841,,8
weighted.mean_ensemble,DE,Deaths,2021-05-17,62.3687213958666,59.1986956521739,1.05354891199493,,8
weighted.mean_ensemble,DE,Cases,2021-05-24,6509.84070291705,8713.84505434783,0.747068677755398,,8
weighted.mean_ensemble,DE,Deaths,2021-05-24,70.1434396429683,50.7050543478261,1.38336188660402,,8
weighted.mean_ensemble,DE,Cases,2021-05-31,1697.29917805597,1835.58195652174,0.924665429416291,,8
weighted.mean_ensemble,DE,Deaths,2021-05-31,39.3124240560618,48.7001086956522,0.807234831892101,,8
weighted.mean_ensemble,DE,Cases,2021-06-07,1592.2258478307,1793.64076086957,0.887706101783044,,8
weighted.mean_ensemble,DE,Deaths,2021-06-07,49.5258023917508,50.9749456521739,0.971571460412899,,8
weighted.mean_ensemble,DE,Cases,2021-06-14,1310.29104663216,1481.86054347826,0.884220213837809,,8
weighted.mean_ensemble,DE,Deaths,2021-06-14,34.0622058139412,40.2708695652174,0.845827422692686,,8
weighted.mean_ensemble,DE,Cases,2021-06-21,1626.88715890809,1550.90967391304,1.04898898128822,,8
weighted.mean_ensemble,DE,Deaths,2021-06-21,31.2287478863701,31.9963043478261,0.976011090121158,,8
weighted.mean_ensemble,DE,Cases,2021-06-28,3631.71009339733,3635.72152173913,0.998896662376969,,8
weighted.mean_ensemble,DE,Deaths,2021-06-28,18.4496871714261,26.9844565217391,0.683715351338008,,8
weighted.mean_ensemble,DE,Cases,2021-07-05,4457.34203242088,4029.78869565217,1.10609820242684,,8
weighted.mean_ensemble,DE,Deaths,2021-07-05,19.5596851243204,22.4128260869565,0.872700526405435,,8
weighted.mean_ensemble,DE,Cases,2021-07-12,2709.90560507992,3078.42918478261,0.880288433619203,,8
weighted.mean_ensemble,DE,Deaths,2021-07-12,16.3362968206273,17.4077173913044,0.938451403673853,,8
weighted.mean_ensemble,DE,Cases,2021-07-19,3902.23145532109,2607.75956521739,1.49639234666015,,8
weighted.mean_ensemble,DE,Deaths,2021-07-19,34.2493941586013,23.8509782608696,1.43597439836636,,8
weighted.mean_ensemble,DE,Cases,2021-07-26,2774.90207752557,2592.4652173913,1.07037196059967,,8
weighted.mean_ensemble,DE,Deaths,2021-07-26,83.7916190395731,102.158260869565,0.820213836123908,,8
weighted.mean_ensemble,DE,Cases,2021-08-02,4269.09062827129,4832.54130434783,0.883404891838254,,8
weighted.mean_ensemble,DE,Deaths,2021-08-02,56.3499799686334,109.809456521739,0.513161450329897,,8
weighted.mean_ensemble,DE,Cases,2021-08-09,8303.1525514482,10201.9520652174,0.813878804602212,,8
weighted.mean_ensemble,DE,Deaths,2021-08-09,33.8324100165259,59.4744565217391,0.568856144219822,,8
weighted.mean_ensemble,DE,Cases,2021-08-16,7552.13670818041,6106.12510869565,1.23681329382287,,8
weighted.mean_ensemble,DE,Deaths,2021-08-16,24.7993572936343,27.1496739130435,0.913431128972786,,8
weighted.mean_ensemble,DE,Cases,2021-08-23,54906.5689720357,27438.1152173913,2.0011057077723,,8
weighted.mean_ensemble,DE,Deaths,2021-08-23,54.509607030217,62.4788586956522,0.872448827782609,,8
weighted.mean_ensemble,DE,Cases,2021-08-30,71767.9114168466,44869.5389673913,1.59947958166014,,8
weighted.mean_ensemble,DE,Deaths,2021-08-30,28.4384439902647,30.6541304347826,0.927719807637936,,8
weighted.mean_ensemble,DE,Cases,2021-09-06,36164.0344018287,29440.6620652174,1.22837028330809,,8
weighted.mean_ensemble,DE,Deaths,2021-09-06,42.4726735633147,34.6486956521739,1.22580872855022,,8
weighted.mean_ensemble,DE,Cases,2021-09-13,13704.7545237228,9392.32320652174,1.45914426307292,,8
weighted.mean_ensemble,DE,Deaths,2021-09-13,42.3185475782358,43.330652173913,0.976642294890576,,8
weighted.mean_ensemble,DE,Cases,2021-09-20,4583.16168394653,4933.83336956522,0.928925105622367,,8
weighted.mean_ensemble,DE,Deaths,2021-09-20,34.8665502854571,43.6676630434783,0.798452398305394,,8
weighted.mean_ensemble,DE,Cases,2021-09-27,13265.434020779,11975.1623913043,1.10774564780947,,8
weighted.mean_ensemble,DE,Deaths,2021-09-27,34.5517065552785,36.3751086956522,0.949872255898121,,8
weighted.mean_ensemble,DE,Cases,2021-10-04,18971.9818886394,15286.4033695652,1.24110174446999,,8
weighted.mean_ensemble,DE,Deaths,2021-10-04,63.1362873701773,54.2392391304348,1.1640334263972,,8
weighted.mean_ensemble,DE,Cases,2021-10-11,32410.0002473672,30576.7833695652,1.05995453660527,,8
weighted.mean_ensemble,DE,Deaths,2021-10-11,103.928446803837,87.1671195652174,1.19228956196125,,8
weighted.mean_ensemble,DE,Cases,2021-10-18,54000.5835410015,55266.4732608696,0.977094798253313,,8
weighted.mean_ensemble,DE,Deaths,2021-10-18,161.643077219226,151.710652173913,1.06546952968027,,8
weighted.mean_ensemble,DE,Cases,2021-10-25,14566.8337775072,32965.7807065217,0.441877409401846,,8
weighted.mean_ensemble,DE,Deaths,2021-10-25,69.9916762537686,121.45652173913,0.576269394607724,,8
weighted.mean_ensemble,DE,Cases,2021-11-01,19563.7085492494,28177.1170108696,0.694311931973116,,8
weighted.mean_ensemble,DE,Deaths,2021-11-01,120.550673833976,82.0348913043478,1.46950488892263,,8
weighted.mean_ensemble,DE,Cases,2021-11-08,23115.0085238832,55359.6719565217,0.417542368062391,,8
weighted.mean_ensemble,DE,Deaths,2021-11-08,121.534282903087,93.2020108695652,1.30398777632784,,8
weighted.mean_ensemble,DE,Cases,2021-11-15,129536.164338087,47485.2813043478,2.7279224378571,,8
weighted.mean_ensemble,DE,Deaths,2021-11-15,584.678659847676,246.956847826087,2.36753370070313,,8
weighted.mean_ensemble,DE,Cases,2021-11-22,147113.176455749,117190.0375,1.25533859015746,,8
weighted.mean_ensemble,DE,Deaths,2021-11-22,314.673320212326,241.258260869565,1.30430070696088,,8
weighted.mean_ensemble,DE,Cases,2021-11-29,162606.349473568,145713.154836957,1.11593458844202,,8
weighted.mean_ensemble,DE,Deaths,2021-11-29,240.375852280172,251.013804347826,0.957620051633046,,8
weighted.mean_ensemble,DE,Cases,2021-12-06,74853.4051082861,61549.5110869565,1.2161494670938,,8
weighted.mean_ensemble,DE,Deaths,2021-12-06,222.200847947489,183.082065217391,1.21366802195315,,8
weighted.mean_ensemble,DE,Cases,2021-12-13,33825.1506550469,35019.2485869565,0.965901668936599,,8
weighted.mean_ensemble,DE,Deaths,2021-12-13,375.994405563668,210.22097826087,1.78856748110593,,8
weighted.mean_ensemble,DE,Cases,2021-12-20,85712.8296314882,82775.1929891305,1.0354893360713,,8
weighted.mean_ensemble,DE,Deaths,2021-12-20,148.81203578983,138.626956521739,1.07347113089433,,8
weighted.mean_ensemble,DE,Cases,2021-12-27,86827.7386550122,250160.288043478,0.347088418126227,,8
weighted.mean_ensemble,DE,Deaths,2021-12-27,185.685209634095,228.866413043478,0.811325729996127,,8
weighted.mean_ensemble,DE,Cases,2022-01-03,412156.093242766,352812.420326087,1.16820176812888,,8
weighted.mean_ensemble,DE,Deaths,2022-01-03,309.626514521422,201.471195652174,1.53682770144458,,8
weighted.mean_ensemble,DE,Cases,2022-01-10,60319.3167801179,119748.737391304,0.503715680800974,,8
weighted.mean_ensemble,DE,Deaths,2022-01-10,1031.89215074759,483.949673913043,2.13223028420306,,8
weighted.mean_ensemble,DE,Cases,2022-01-17,68025.4325989439,119823.167391304,0.567715192979288,,8
weighted.mean_ensemble,DE,Deaths,2022-01-17,1225.65524766597,382.152391304348,3.20724212527524,,8
weighted.mean_ensemble,DE,Cases,2022-01-24,252808.582789398,85788.7776086957,2.94687242126845,,8
weighted.mean_ensemble,DE,Deaths,2022-01-24,216.045061655058,286.693695652174,0.753574511513397,,8
weighted.mean_ensemble,DE,Cases,2022-01-31,371407.364115889,212440.150217391,1.74829175998899,,8
weighted.mean_ensemble,DE,Deaths,2022-01-31,129.529595276888,167.917717391304,0.771387303789039,,8
weighted.mean_ensemble,DE,Cases,2022-02-07,239780.986240024,233892.076195652,1.02517789460916,,8
weighted.mean_ensemble,DE,Deaths,2022-02-07,164.155506661175,149.720869565217,1.09641032100519,,8
weighted.mean_ensemble,DE,Cases,2022-02-14,170877.622134549,103214.074565217,1.65556512379111,,8
weighted.mean_ensemble,DE,Deaths,2022-02-14,134.482376233755,96.9526086956522,1.3870939425252,,8
weighted.mean_ensemble,DE,Cases,2022-02-21,167570.964954544,143345.581032609,1.16899986555166,,8
weighted.mean_ensemble,DE,Deaths,2022-02-21,130.830542795084,136.923043478261,0.955504197625111,,8
weighted.mean_ensemble,DE,Cases,2022-02-28,252268.652174697,260271.143586957,0.969253251428599,,8
weighted.mean_ensemble,DE,Deaths,2022-02-28,120.74299250377,140.178152173913,0.861353860293214,,8
weighted.mean_ensemble,DE,Cases,2022-03-07,177801.758255712,207524.574891304,0.856774472849011,,8
weighted.mean_ensemble,DE,Deaths,2022-03-07,120.167476312569,137.937173913043,0.871175426490348,,8
weighted.mean_ensemble,GB,Deaths,2021-04-12,32.4652409573713,41.0977717391304,0.789951366790531,,8
weighted.mean_ensemble,GB,Deaths,2021-04-19,18.9069399767449,17.7688043478261,1.06405245995395,,8
weighted.mean_ensemble,GB,Deaths,2021-04-26,19.8718389185293,14.929347826087,1.33105874081157,,8
weighted.mean_ensemble,GB,Deaths,2021-05-03,13.4622341937638,10.2663043478261,1.31130285423639,,8
weighted.mean_ensemble,GB,Deaths,2021-05-10,10.3405616860376,10.4979891304348,0.985004038159956,,8
weighted.mean_ensemble,GB,Deaths,2021-05-17,10.1789142943645,8.85217391304348,1.14987735152447,,8
weighted.mean_ensemble,GB,Deaths,2021-05-24,23.1821584984962,23.6632065217391,0.979671055027938,,8
weighted.mean_ensemble,GB,Deaths,2021-05-31,12.884322643672,13.2704347826087,0.970904333937671,,8
weighted.mean_ensemble,GB,Deaths,2021-06-07,24.3991094368284,24.3733152173913,1.00105829753593,,8
weighted.mean_ensemble,GB,Deaths,2021-06-14,23.4302200163867,25.1922826086957,0.930055461044219,,8
weighted.mean_ensemble,GB,Deaths,2021-06-21,24.1155710168742,34.8577173913044,0.691828749030195,,8
weighted.mean_ensemble,GB,Deaths,2021-06-28,33.1912628761089,34.2927717391304,0.967879269969752,,8
weighted.mean_ensemble,GB,Deaths,2021-07-05,53.3603343459944,57.7308695652174,0.924294658089539,,8
weighted.mean_ensemble,GB,Deaths,2021-07-12,56.5930080136175,60.6806521739131,0.932636779371121,,8
weighted.mean_ensemble,GB,Deaths,2021-07-19,82.8148612536406,78.563152173913,1.05411836162474,,8
weighted.mean_ensemble,GB,Deaths,2021-07-26,60.7843103333055,54.4948913043478,1.11541300254793,,8
weighted.mean_ensemble,GB,Deaths,2021-08-02,163.037532096431,165.367282608696,0.985911659939545,,8
weighted.mean_ensemble,GB,Deaths,2021-08-09,135.780259681027,167.005489130435,0.81302872371446,,8
weighted.mean_ensemble,GB,Deaths,2021-08-16,182.669977561809,222.007173913044,0.822811147685513,,8
weighted.mean_ensemble,GB,Deaths,2021-08-23,142.757474575088,139.599782608696,1.02261960518408,,8
weighted.mean_ensemble,GB,Deaths,2021-08-30,91.6631565068639,125.536576086957,0.730170914039991,,8
weighted.mean_ensemble,GB,Deaths,2021-09-06,117.910696552054,104.317391304348,1.13030718155181,,8
weighted.mean_ensemble,GB,Deaths,2021-09-13,156.433867656609,79.1276630434783,1.97698076298112,,8
weighted.mean_ensemble,GB,Deaths,2021-09-20,103.860340632118,74.7102173913044,1.39017585892082,,8
weighted.mean_ensemble,GB,Deaths,2021-09-27,92.2997515297373,81.2608695652174,1.13584498939752,,8
weighted.mean_ensemble,GB,Deaths,2021-10-04,184.10115751631,200.691630434783,0.917333508714187,,8
weighted.mean_ensemble,GB,Deaths,2021-10-11,208.142767506372,207.541739130435,1.00289593976834,,8
weighted.mean_ensemble,GB,Deaths,2021-10-18,148.847237566966,138.561195652174,1.07423465037508,,8
weighted.mean_ensemble,GB,Deaths,2021-10-25,113.94663207224,127.128097826087,0.896313513855296,,8
weighted.mean_ensemble,GB,Deaths,2021-11-01,144.325552898922,105.064782608696,1.37368154499924,,8
weighted.mean_ensemble,GB,Deaths,2021-11-08,173.00615059567,91.0375,1.90038336504923,,8
weighted.mean_ensemble,GB,Deaths,2021-11-15,106.249496238306,75.0054347826087,1.41655730076432,,8
weighted.mean_ensemble,GB,Deaths,2021-11-22,83.5978735491359,81.2486956521739,1.02891342289381,,8
weighted.mean_ensemble,GB,Deaths,2021-11-29,80.3325952126032,69.1297826086957,1.16205479290048,,8
weighted.mean_ensemble,GB,Deaths,2021-12-06,83.617728064466,72.455,1.15406428906861,,8
weighted.mean_ensemble,GB,Deaths,2021-12-13,109.972597771173,95.5620652173913,1.15079762582568,,8
weighted.mean_ensemble,GB,Deaths,2021-12-20,148.068617999632,192.341630434783,0.769820956934425,,8
weighted.mean_ensemble,GB,Deaths,2021-12-27,383.706786754263,482.834021739131,0.794697079075292,,8
weighted.mean_ensemble,GB,Deaths,2022-01-03,368.123717290381,223.88,1.64429032200456,,8
weighted.mean_ensemble,GB,Deaths,2022-01-10,419.16733473606,319.864673913043,1.31045210341049,,8
weighted.mean_ensemble,GB,Deaths,2022-01-17,1198.56569757785,968.249565217391,1.23786856264557,,8
weighted.mean_ensemble,GB,Deaths,2022-01-24,676.275580710485,600.781195652174,1.12566036621096,,8
weighted.mean_ensemble,GB,Deaths,2022-01-31,376.939125725704,447.875326086957,0.841616190422869,,8
weighted.mean_ensemble,GB,Deaths,2022-02-07,983.766107695821,1293.00298913044,0.76083823159405,,8
weighted.mean_ensemble,GB,Deaths,2022-02-14,199.746603489869,215.018206521739,0.928975302701511,,8
weighted.mean_ensemble,GB,Deaths,2022-02-21,146.37384003494,167.149184782609,0.875707771026888,,8
weighted.mean_ensemble,GB,Deaths,2022-02-28,370.921981694402,418.795869565217,0.885686819403169,,8
weighted.mean_ensemble,GB,Deaths,2022-03-07,278.027917462196,443.039891304348,0.627546013167476,,8
weighted.mean_ensemble,PL,Cases,2021-04-12,20142.6168755303,21065.6732608696,0.956181966087269,,8
weighted.mean_ensemble,PL,Deaths,2021-04-12,324.529239954956,186.638043478261,1.73881612723162,,8
weighted.mean_ensemble,PL,Cases,2021-04-19,17702.6935689524,18061.3927173913,0.980140006141745,,8
weighted.mean_ensemble,PL,Deaths,2021-04-19,476.002212357015,184.177119565217,2.58448070792236,,8
weighted.mean_ensemble,PL,Cases,2021-04-26,5446.49455697705,4160.10260869565,1.30922120660979,,8
weighted.mean_ensemble,PL,Deaths,2021-04-26,295.961118397813,158.412336956522,1.86829589212514,,8
weighted.mean_ensemble,PL,Cases,2021-05-03,2129.0053682637,3823.07945652174,0.556882322869816,,8
weighted.mean_ensemble,PL,Deaths,2021-05-03,91.0236237272354,101.31402173913,0.898430663048878,,8
weighted.mean_ensemble,PL,Cases,2021-05-10,3370.53249226842,3954.45336956522,0.85233840869364,,8
weighted.mean_ensemble,PL,Deaths,2021-05-10,104.706979743106,93.7517391304348,1.11685373214709,,8
weighted.mean_ensemble,PL,Cases,2021-05-17,4086.24515323234,4637.23880434783,0.881180660655458,,8
weighted.mean_ensemble,PL,Deaths,2021-05-17,104.619500663812,81.9801086956522,1.27615713529007,,8
weighted.mean_ensemble,PL,Cases,2021-05-24,575.724427405825,817.855489130435,0.703943954717416,,8
weighted.mean_ensemble,PL,Deaths,2021-05-24,52.5287206136895,63.9291304347826,0.82167112639326,,8
weighted.mean_ensemble,PL,Cases,2021-05-31,219.184923568699,263.645434782609,0.831362484047675,,8
weighted.mean_ensemble,PL,Deaths,2021-05-31,33.3297631427646,35.0245652173913,0.951611046015636,,8
weighted.mean_ensemble,PL,Cases,2021-06-07,356.28957465031,150.006956521739,2.37515367894739,,8
weighted.mean_ensemble,PL,Deaths,2021-06-07,24.3559049931483,26.0697826086957,0.934258077972015,,8
weighted.mean_ensemble,PL,Cases,2021-06-14,356.789555706797,206.125869565217,1.73093050600284,,8
weighted.mean_ensemble,PL,Deaths,2021-06-14,16.8966178298728,11.1182608695652,1.51971769938634,,8
weighted.mean_ensemble,PL,Cases,2021-06-21,131.893087289312,71.2167391304348,1.85199559681816,,8
weighted.mean_ensemble,PL,Deaths,2021-06-21,8.17012889013646,7.90086956521739,1.03407970764439,,8
weighted.mean_ensemble,PL,Cases,2021-06-28,108.64634823457,111.57875,0.973718994293895,,8
weighted.mean_ensemble,PL,Deaths,2021-06-28,5.54951491132617,5.44548913043478,1.01910311055622,,8
weighted.mean_ensemble,PL,Cases,2021-07-05,139.770595393003,126.592065217391,1.10410233969231,,8
weighted.mean_ensemble,PL,Deaths,2021-07-05,4.58236493398907,4.92815217391304,0.929834301433633,,8
weighted.mean_ensemble,PL,Cases,2021-07-12,223.535854403043,198.436032608696,1.12648822627815,,8
weighted.mean_ensemble,PL,Deaths,2021-07-12,4.15579749391911,5.29875,0.784297710576854,,8
weighted.mean_ensemble,PL,Cases,2021-07-19,78.3831298311606,112.88875,0.694339602760777,,8
weighted.mean_ensemble,PL,Deaths,2021-07-19,11.6507465683915,7.04902173913044,1.65281751135991,,8
weighted.mean_ensemble,PL,Cases,2021-07-26,131.737018691946,150.603913043478,0.87472507207641,,8
weighted.mean_ensemble,PL,Deaths,2021-07-26,8.03181617184011,5.55646739130435,1.44548966208451,,8
weighted.mean_ensemble,PL,Cases,2021-08-02,176.621626002201,151.385108695652,1.16670409344743,,8
weighted.mean_ensemble,PL,Deaths,2021-08-02,5.47679560390121,4.94445652173913,1.10766382105325,,8
weighted.mean_ensemble,PL,Cases,2021-08-09,136.389011025821,174.535,0.781442180799389,,8
weighted.mean_ensemble,PL,Deaths,2021-08-09,5.69083294065589,7.3416847826087,0.775139918038511,,8
weighted.mean_ensemble,PL,Cases,2021-08-16,178.343102861809,208.383695652174,0.855840003718395,,8
weighted.mean_ensemble,PL,Deaths,2021-08-16,6.24113041810142,4.83048913043478,1.29202866409093,,8
weighted.mean_ensemble,PL,Cases,2021-08-23,544.952259437471,474.557826086957,1.14833689274701,,8
weighted.mean_ensemble,PL,Deaths,2021-08-23,7.80046600243408,7.38347826086957,1.05647578645615,,8
weighted.mean_ensemble,PL,Cases,2021-08-30,817.645183860441,763.076956521739,1.07151077866043,,8
weighted.mean_ensemble,PL,Deaths,2021-08-30,14.285234999826,16.166902173913,0.883609911543641,,8
weighted.mean_ensemble,PL,Cases,2021-09-06,430.254884233565,557.109347826087,0.772298806172389,,8
weighted.mean_ensemble,PL,Deaths,2021-09-06,9.50111760953646,9.75989130434783,0.973486006478772,,8
weighted.mean_ensemble,PL,Cases,2021-09-13,522.549479692377,872.490760869565,0.598916920531719,,8
weighted.mean_ensemble,PL,Deaths,2021-09-13,11.5202804285929,11.2979347826087,1.01968020264433,,8
weighted.mean_ensemble,PL,Cases,2021-09-20,833.739312249066,856.977282608696,0.972883796535549,,8
weighted.mean_ensemble,PL,Deaths,2021-09-20,12.9167094591555,15.1552173913043,0.852294567979391,,8
weighted.mean_ensemble,PL,Cases,2021-09-27,3596.99553689521,4660.11798913044,0.771867910916651,,8
weighted.mean_ensemble,PL,Deaths,2021-09-27,32.2531402124486,33.2423913043478,0.970241277685403,,8
weighted.mean_ensemble,PL,Cases,2021-10-04,5273.65837018357,6469.36782608696,0.815173678781746,,8
weighted.mean_ensemble,PL,Deaths,2021-10-04,42.2010375196263,48.1332608695652,0.87675417699178,,8
weighted.mean_ensemble,PL,Cases,2021-10-11,9345.49757747287,12438.2626086957,0.751350720874746,,8
weighted.mean_ensemble,PL,Deaths,2021-10-11,48.512117147325,50.0216304347826,0.969822789174662,,8
weighted.mean_ensemble,PL,Cases,2021-10-18,13059.4857444857,14817.1605434783,0.881375733641072,,8
weighted.mean_ensemble,PL,Deaths,2021-10-18,60.8735492727539,66.3151086956522,0.917943896497676,,8
weighted.mean_ensemble,PL,Cases,2021-10-25,14743.7486631172,7546.22782608696,1.95379055640869,,8
weighted.mean_ensemble,PL,Deaths,2021-10-25,92.0238949137697,111.422826086957,0.82589805110447,,8
weighted.mean_ensemble,PL,Cases,2021-11-01,18528.5329328613,5848.39168478261,3.16814159028921,,8
weighted.mean_ensemble,PL,Deaths,2021-11-01,154.989119591699,146.40097826087,1.05866177557589,,8
weighted.mean_ensemble,PL,Cases,2021-11-08,29070.621998979,26051.5427173913,1.11588869474406,,8
weighted.mean_ensemble,PL,Deaths,2021-11-08,167.593085127674,162.883695652174,1.02891258978773,,8
weighted.mean_ensemble,PL,Cases,2021-11-15,22016.511740781,26587.3404347826,0.828082515240151,,8
weighted.mean_ensemble,PL,Deaths,2021-11-15,292.444180150664,171.578913043478,1.7044296117936,,8
weighted.mean_ensemble,PL,Cases,2021-11-22,28549.206734596,33260.4215217391,0.858353725791962,,8
weighted.mean_ensemble,PL,Deaths,2021-11-22,811.020150681904,814.002010869565,0.996336790145671,,8
weighted.mean_ensemble,PL,Cases,2021-11-29,37040.6169328198,43320.7041304348,0.855032661087268,,8
weighted.mean_ensemble,PL,Deaths,2021-11-29,716.989560419855,636.545652173913,1.12637570922244,,8
weighted.mean_ensemble,PL,Cases,2021-12-06,18296.7545092434,21351.0627717391,0.856948185898337,,8
weighted.mean_ensemble,PL,Deaths,2021-12-06,200.021750123973,206.756847826087,0.967425031998072,,8
weighted.mean_ensemble,PL,Cases,2021-12-13,15784.8921643172,14333.3019565217,1.10127395712437,,8
weighted.mean_ensemble,PL,Deaths,2021-12-13,173.483592170757,178.783804347826,0.970354069842047,,8
weighted.mean_ensemble,PL,Cases,2021-12-20,8783.8157854153,12693.9239673913,0.691970095927748,,8
weighted.mean_ensemble,PL,Deaths,2021-12-20,236.969873597668,264.400760869565,0.896252615984606,,8
weighted.mean_ensemble,PL,Cases,2021-12-27,42719.966684575,46505.1748913044,0.918606731066458,,8
weighted.mean_ensemble,PL,Deaths,2021-12-27,269.499934235357,275.064293478261,0.979770695888799,,8
weighted.mean_ensemble,PL,Cases,2022-01-03,31473.1749539249,104237.08576087,0.301938362188363,,8
weighted.mean_ensemble,PL,Deaths,2022-01-03,290.817067573608,238.311195652174,1.22032482266619,,8
weighted.mean_ensemble,PL,Cases,2022-01-10,54570.9710473915,121570.86326087,0.448881990171377,,8
weighted.mean_ensemble,PL,Deaths,2022-01-10,314.550083460393,385.558206521739,0.815830341929598,,8
weighted.mean_ensemble,PL,Cases,2022-01-17,72539.4289774211,83801.8510869565,0.865606523442436,,8
weighted.mean_ensemble,PL,Deaths,2022-01-17,570.202648410688,543.896195652174,1.04836667909944,,8
weighted.mean_ensemble,PL,Cases,2022-01-24,211173.978058612,136919.59326087,1.54232110269468,,8
weighted.mean_ensemble,PL,Deaths,2022-01-24,2426.30300973274,567.319402173913,4.2767848242725,,8
weighted.mean_ensemble,PL,Cases,2022-01-31,295210.461588735,197814.242173913,1.49236201774185,,8
weighted.mean_ensemble,PL,Deaths,2022-01-31,1282.05960370485,500.316032608696,2.56249954058051,,8
weighted.mean_ensemble,PL,Cases,2022-02-07,68476.0052614863,120275.29423913,0.56932727285907,,8
weighted.mean_ensemble,PL,Deaths,2022-02-07,273.841908106127,126.244891304348,2.16913259045039,,8
weighted.mean_ensemble,PL,Cases,2022-02-14,10093.0567252109,10851.3276086957,0.930121832938015,,8
weighted.mean_ensemble,PL,Deaths,2022-02-14,196.495163278215,117.380326086957,1.67400423758109,,8
weighted.mean_ensemble,PL,Cases,2022-02-21,9441.54445571954,9090.82054347826,1.03858000612419,,8
weighted.mean_ensemble,PL,Deaths,2022-02-21,161.156407463567,114.923804347826,1.40228918088905,,8
weighted.mean_ensemble,PL,Cases,2022-02-28,10259.9305901673,10661.3838043478,0.962345111896566,,8
weighted.mean_ensemble,PL,Deaths,2022-02-28,170.4078025036,103.000217391304,1.65444119264535,,8
weighted.mean_ensemble,PL,Cases,2022-03-07,9021.8012175174,6602.26369565218,1.36647090049714,,8
weighted.mean_ensemble,PL,Deaths,2022-03-07,66.6808980294344,84.9841304347826,0.78462764387059,,8
weighted.mean_ensemble,Average,Cases,2021-04-12,17035.3025032319,17301.225625,0.98462981019195,average,8
weighted.mean_ensemble,Average,Deaths,2021-04-12,127.36864448772,98.7775815217391,1.28944890657895,average,8
weighted.mean_ensemble,Average,Cases,2021-04-19,21488.720430215,23597.425923913,0.910638325531892,average,8
weighted.mean_ensemble,Average,Deaths,2021-04-19,166.590011812153,107.618559782609,1.54796730367575,average,8
weighted.mean_ensemble,Average,Cases,2021-04-26,22023.1577980528,21496.0414130435,1.02452155608006,average,8
weighted.mean_ensemble,Average,Deaths,2021-04-26,123.656024564815,83.7291983695652,1.47685666377719,average,8
weighted.mean_ensemble,Average,Cases,2021-05-03,15257.7113099341,15794.1244293478,0.966037172759192,average,8
weighted.mean_ensemble,Average,Deaths,2021-05-03,70.5106352171947,61.5717934782609,1.14517754370903,average,8
weighted.mean_ensemble,Average,Cases,2021-05-10,9576.55916280518,9919.36157608696,0.965441080995758,average,8
weighted.mean_ensemble,Average,Deaths,2021-05-10,54.094539333903,55.8184918478261,0.969115028786107,average,8
weighted.mean_ensemble,Average,Cases,2021-05-17,4405.45097543822,3825.8497826087,1.1514960664332,average,8
weighted.mean_ensemble,Average,Deaths,2021-05-17,50.3135728382153,43.3268070652174,1.1612573426535,average,8
weighted.mean_ensemble,Average,Cases,2021-05-24,3542.78256516144,4765.85027173913,0.743368415531154,average,8
weighted.mean_ensemble,Average,Deaths,2021-05-24,39.0863456364141,37.1848233695652,1.05113705255368,average,8
weighted.mean_ensemble,Average,Cases,2021-05-31,958.242050812334,1049.61369565217,0.912947358424981,average,8
weighted.mean_ensemble,Average,Deaths,2021-05-31,23.7888511440058,26.4754076086957,0.898526341713151,average,8
weighted.mean_ensemble,Average,Cases,2021-06-07,974.257711240503,971.823858695652,1.00250441736234,average,8
weighted.mean_ensemble,Average,Deaths,2021-06-07,26.8110327646783,27.4573777173913,0.976460062597179,average,8
weighted.mean_ensemble,Average,Cases,2021-06-14,833.540301169478,843.993206521739,0.987614941362692,average,8
weighted.mean_ensemble,Average,Deaths,2021-06-14,20.1611863356619,20.5111956521739,0.982935694122984,average,8
weighted.mean_ensemble,Average,Cases,2021-06-21,879.390123098703,811.063206521739,1.08424363974046,average,8
weighted.mean_ensemble,Average,Deaths,2021-06-21,17.1146060015693,19.7866847826087,0.86495571085319,average,8
weighted.mean_ensemble,Average,Cases,2021-06-28,1870.17822081595,1873.65013586957,0.998146977929792,average,8
weighted.mean_ensemble,Average,Deaths,2021-06-28,15.3443927613212,17.7108695652174,0.86638279982911,average,8
weighted.mean_ensemble,Average,Cases,2021-07-05,2298.55631390694,2078.19038043478,1.10603741387065,average,8
weighted.mean_ensemble,Average,Deaths,2021-07-05,20.4325133981629,22.4083288043478,0.911826739805713,average,8
weighted.mean_ensemble,Average,Cases,2021-07-12,1466.72072974148,1638.43260869565,0.895197472240943,average,8
weighted.mean_ensemble,Average,Deaths,2021-07-12,21.972142482635,22.8084510869565,0.963333388964771,average,8
weighted.mean_ensemble,Average,Cases,2021-07-19,1990.30729257613,1360.3241576087,1.46311250994386,average,8
weighted.mean_ensemble,Average,Deaths,2021-07-19,34.1793783663016,29.498097826087,1.15869770884259,average,8
weighted.mean_ensemble,Average,Cases,2021-07-26,1453.31954810876,1371.53456521739,1.05963027470504,average,8
weighted.mean_ensemble,Average,Deaths,2021-07-26,40.4617914453679,42.7370652173913,0.946761113322832,average,8
weighted.mean_ensemble,Average,Cases,2021-08-02,2222.85612713674,2491.96320652174,0.892010010950117,average,8
weighted.mean_ensemble,Average,Deaths,2021-08-02,58.1632792488965,71.8192119565217,0.809856828895696,average,8
weighted.mean_ensemble,Average,Cases,2021-08-09,4219.77078123701,5188.2435326087,0.813333212813792,average,8
weighted.mean_ensemble,Average,Deaths,2021-08-09,44.5298959575224,59.140652173913,0.752949017649902,average,8
weighted.mean_ensemble,Average,Cases,2021-08-16,3865.23990552111,3157.25440217391,1.22424087930948,average,8
weighted.mean_ensemble,Average,Deaths,2021-08-16,54.3071962133496,64.3954211956522,0.843339405271509,average,8
weighted.mean_ensemble,Average,Cases,2021-08-23,27725.7606157366,13956.3365217391,1.98660734301939,average,8
weighted.mean_ensemble,Average,Deaths,2021-08-23,52.1172604578976,53.0968070652174,0.981551685280874,average,8
weighted.mean_ensemble,Average,Cases,2021-08-30,36292.7783003535,22816.3079619565,1.59065079069179,average,8
weighted.mean_ensemble,Average,Deaths,2021-08-30,34.8495071219447,44.107472826087,0.790104372094818,average,8
weighted.mean_ensemble,Average,Cases,2021-09-06,18297.1446430311,14998.8857065217,1.21990026466268,average,8
weighted.mean_ensemble,Average,Deaths,2021-09-06,43.6360689855088,38.3468070652174,1.13793226412034,average,8
weighted.mean_ensemble,Average,Cases,2021-09-13,7113.65200170761,5132.40698369565,1.38602648315028,average,8
weighted.mean_ensemble,Average,Deaths,2021-09-13,53.7698712136748,34.7083695652174,1.5491903505476,average,8
weighted.mean_ensemble,Average,Cases,2021-09-20,2708.4504980978,2895.40532608696,0.935430515961016,average,8
weighted.mean_ensemble,Average,Deaths,2021-09-20,39.2336983889554,34.5408831521739,1.13586263026648,average,8
weighted.mean_ensemble,Average,Cases,2021-09-27,8431.21477883711,8317.64019021739,1.01365466478741,average,8
weighted.mean_ensemble,Average,Deaths,2021-09-27,41.6022249111617,39.6899184782609,1.04818116303132,average,8
weighted.mean_ensemble,Average,Cases,2021-10-04,12122.8201294115,10877.8855978261,1.11444637106996,average,8
weighted.mean_ensemble,Average,Deaths,2021-10-04,76.1856568672465,80.080910326087,0.951358526732786,average,8
weighted.mean_ensemble,Average,Cases,2021-10-11,20877.74891242,21507.5229891304,0.970718428290014,average,8
weighted.mean_ensemble,Average,Deaths,2021-10-11,103.329162041143,100.708315217391,1.0260241353268,average,8
weighted.mean_ensemble,Average,Cases,2021-10-18,33530.0346427436,35041.8169021739,0.956857766146922,average,8
weighted.mean_ensemble,Average,Deaths,2021-10-18,116.895034454881,113.538097826087,1.02956660973778,average,8
weighted.mean_ensemble,Average,Cases,2021-10-25,14655.2912203122,20256.0042663044,0.723503561099219,average,8
weighted.mean_ensemble,Average,Deaths,2021-10-25,91.7358199558865,122.17504076087,0.750855652550499,average,8
weighted.mean_ensemble,Average,Cases,2021-11-01,19046.1207410554,17012.7543478261,1.11952011718133,average,8
weighted.mean_ensemble,Average,Deaths,2021-11-01,123.953948668917,107.045706521739,1.15795348264383,average,8
weighted.mean_ensemble,Average,Cases,2021-11-08,26092.8152614311,40705.6073369565,0.641012798198481,average,8
weighted.mean_ensemble,Average,Deaths,2021-11-08,144.168398124835,118.368627717391,1.21796121915886,average,8
weighted.mean_ensemble,Average,Cases,2021-11-15,75776.3380394339,37036.3108695652,2.04600124203255,average,8
weighted.mean_ensemble,Average,Deaths,2021-11-15,305.413569752714,173.978192934783,1.75547041040483,average,8
weighted.mean_ensemble,Average,Cases,2021-11-22,87831.1915951726,75225.2295108696,1.16757625289108,average,8
weighted.mean_ensemble,Average,Deaths,2021-11-22,365.469553896471,342.37058423913,1.06746774028112,average,8
weighted.mean_ensemble,Average,Cases,2021-11-29,99823.4832031939,94516.9294836957,1.05614394953884,average,8
weighted.mean_ensemble,Average,Deaths,2021-11-29,366.813129727876,345.560244565217,1.06150269163456,average,8
weighted.mean_ensemble,Average,Cases,2021-12-06,46575.0798087647,41450.2869293478,1.12363709057436,average,8
weighted.mean_ensemble,Average,Deaths,2021-12-06,153.600714245229,146.963451086957,1.04516267894624,average,8
weighted.mean_ensemble,Average,Cases,2021-12-13,24805.0214096821,24676.2752717391,1.00521740564673,average,8
weighted.mean_ensemble,Average,Deaths,2021-12-13,185.927639588699,139.859619565217,1.32938756852545,average,8
weighted.mean_ensemble,Average,Cases,2021-12-20,47248.3227084518,47734.5584782609,0.989813757887159,average,8
weighted.mean_ensemble,Average,Deaths,2021-12-20,156.011485514719,162.496739130435,0.960089946109563,average,8
weighted.mean_ensemble,Average,Cases,2021-12-27,64773.8526697936,148332.731467391,0.436679430284968,average,8
weighted.mean_ensemble,Average,Deaths,2021-12-27,219.427778838099,255.55004076087,0.858648968259911,average,8
weighted.mean_ensemble,Average,Cases,2022-01-03,221814.634098345,228524.753043478,0.970637233578559,average,8
weighted.mean_ensemble,Average,Deaths,2022-01-03,257.472728085176,184.5178125,1.39538142468048,average,8
weighted.mean_ensemble,Average,Cases,2022-01-10,57445.1439137547,120659.800326087,0.47609181979837,average,8
weighted.mean_ensemble,Average,Deaths,2022-01-10,453.144058739471,308.493138586957,1.46889509703549,average,8
weighted.mean_ensemble,Average,Cases,2022-01-17,70282.4307881825,101812.50923913,0.690312333066144,average,8
weighted.mean_ensemble,Average,Deaths,2022-01-17,759.990407616573,485.4671875,1.56548254379514,average,8
weighted.mean_ensemble,Average,Cases,2022-01-24,231991.280424005,111354.185434783,2.08336381356654,average,8
weighted.mean_ensemble,Average,Deaths,2022-01-24,848.12246556796,382.543709239131,2.21706028640454,average,8
weighted.mean_ensemble,Average,Cases,2022-01-31,333308.912852312,205127.196195652,1.62488894224635,average,8
weighted.mean_ensemble,Average,Deaths,2022-01-31,470.666449827471,322.883423913044,1.45769777873214,average,8
weighted.mean_ensemble,Average,Cases,2022-02-07,154128.495750755,177083.685217391,0.870370952363817,average,8
weighted.mean_ensemble,Average,Deaths,2022-02-07,367.180611893162,403.128274456522,0.91082822803282,average,8
weighted.mean_ensemble,Average,Cases,2022-02-14,90485.33942988,57032.7010869565,1.5865518852407,average,8
weighted.mean_ensemble,Average,Deaths,2022-02-14,150.1004629347,117.979239130435,1.27226166265365,average,8
weighted.mean_ensemble,Average,Cases,2022-02-21,88506.2547051316,76218.2007880435,1.16122204132396,average,8
weighted.mean_ensemble,Average,Deaths,2022-02-21,125.093479181956,117.903070652174,1.06098576135472,average,8
weighted.mean_ensemble,Average,Cases,2022-02-28,131264.291382432,135466.263695652,0.968981411322746,average,8
weighted.mean_ensemble,Average,Deaths,2022-02-28,174.654999820435,176.100516304348,0.991791526145134,average,8
weighted.mean_ensemble,Average,Cases,2022-03-07,93411.7797366149,107063.419293478,0.872490159132299,average,8
weighted.mean_ensemble,Average,Deaths,2022-03-07,122.356524054333,175.559864130435,0.696950437164989,average,8
weighted.median_ensemble,CZ,Deaths,2021-04-12,28.2663586956522,28.1125543478261,1.00547102002625,,8
weighted.median_ensemble,CZ,Deaths,2021-04-19,26.4120652173913,20.7639673913044,1.27201438528806,,8
weighted.median_ensemble,CZ,Deaths,2021-04-26,21.8938586956522,23.9485869565217,0.914202526245081,,8
weighted.median_ensemble,CZ,Deaths,2021-05-03,19.3346739130435,33.0164130434783,0.585607948615807,,8
weighted.median_ensemble,CZ,Deaths,2021-05-10,30.9340760869565,40.8302173913044,0.757627023890022,,8
weighted.median_ensemble,CZ,Deaths,2021-05-17,19.9918206521739,23.27625,0.85889353534929,,8
weighted.median_ensemble,CZ,Deaths,2021-05-24,9.53255434782609,10.441902173913,0.9129135850019,,8
weighted.median_ensemble,CZ,Deaths,2021-05-31,9.71130434782609,8.90652173913044,1.09035879912131,,8
weighted.median_ensemble,CZ,Deaths,2021-06-07,10.2558695652174,8.41146739130435,1.21927234430223,,8
weighted.median_ensemble,CZ,Deaths,2021-06-14,6.30505434782609,5.46336956521739,1.15405964626067,,8
weighted.median_ensemble,CZ,Deaths,2021-06-21,4.43296195652174,4.39184782608696,1.0093614651652,,8
weighted.median_ensemble,CZ,Deaths,2021-06-28,4.29682065217391,4.12076086956522,1.04272506660336,,8
weighted.median_ensemble,CZ,Deaths,2021-07-05,4.69065217391304,4.56146739130435,1.02832088262978,,8
weighted.median_ensemble,CZ,Deaths,2021-07-12,7.46347826086957,7.8466847826087,0.951163257814502,,8
weighted.median_ensemble,CZ,Deaths,2021-07-19,7.73391304347826,8.52923913043478,0.906752985255324,,8
weighted.median_ensemble,CZ,Deaths,2021-07-26,7.98059782608696,8.73864130434783,0.91325385127277,,8
weighted.median_ensemble,CZ,Deaths,2021-08-02,6.47828804347826,7.15565217391304,0.905338589135983,,8
weighted.median_ensemble,CZ,Deaths,2021-08-09,2.79722826086957,2.74097826086957,1.02052187016695,,8
weighted.median_ensemble,CZ,Deaths,2021-08-16,3.23489130434783,3.59434782608696,0.89999395185678,,8
weighted.median_ensemble,CZ,Deaths,2021-08-23,3.10853260869565,2.92510869565217,1.06270669986251,,8
weighted.median_ensemble,CZ,Deaths,2021-08-30,3.88532608695652,4.07228260869565,0.954090484452155,,8
weighted.median_ensemble,CZ,Deaths,2021-09-06,6.81853260869565,4.66125,1.46281203726375,,8
weighted.median_ensemble,CZ,Deaths,2021-09-13,4.89282608695652,5.07722826086957,0.963680542918616,,8
weighted.median_ensemble,CZ,Deaths,2021-09-20,4.84334239130435,4.6304347826087,1.04598004694836,,8
weighted.median_ensemble,CZ,Deaths,2021-09-27,7.80451086956522,7.88130434782609,0.990256247586473,,8
weighted.median_ensemble,CZ,Deaths,2021-10-04,17.2173913043478,17.2595108695652,0.997559631583091,,8
weighted.median_ensemble,CZ,Deaths,2021-10-11,61.9235326086957,58.1027717391304,1.06575866787766,,8
weighted.median_ensemble,CZ,Deaths,2021-10-18,111.580706521739,97.5654347826087,1.14364996958563,,8
weighted.median_ensemble,CZ,Deaths,2021-10-25,112.291494565217,128.692717391304,0.87255515961935,,8
weighted.median_ensemble,CZ,Deaths,2021-11-01,115.210489130435,94.6821739130435,1.21681288429483,,8
weighted.median_ensemble,CZ,Deaths,2021-11-08,128.014347826087,126.351304347826,1.01316206023234,,8
weighted.median_ensemble,CZ,Deaths,2021-11-15,241.537119565217,202.371576086957,1.19353282825367,,8
weighted.median_ensemble,CZ,Deaths,2021-11-22,179.011576086957,232.973369565217,0.768377846880242,,8
weighted.median_ensemble,CZ,Deaths,2021-11-29,279.856032608696,425.551739130435,0.657631039601786,,8
weighted.median_ensemble,CZ,Deaths,2021-12-06,87.4985326086956,125.559891304348,0.696866903114831,,8
weighted.median_ensemble,CZ,Deaths,2021-12-13,75.2628804347826,74.8716304347826,1.0052256107918,,8
weighted.median_ensemble,CZ,Deaths,2021-12-20,89.249347826087,54.6176086956522,1.63407644452936,,8
weighted.median_ensemble,CZ,Deaths,2021-12-27,37.9844565217391,35.4354347826087,1.07193425887867,,8
weighted.median_ensemble,CZ,Deaths,2022-01-03,52.2258152173913,74.4088586956522,0.701876310601751,,8
weighted.median_ensemble,CZ,Deaths,2022-01-10,39.5114673913044,44.6,0.885907340612205,,8
weighted.median_ensemble,CZ,Deaths,2022-01-17,51.0841304347826,47.570597826087,1.07385933263948,,8
weighted.median_ensemble,CZ,Deaths,2022-01-24,75.4147826086957,75.3805434782609,1.00045421708116,,8
weighted.median_ensemble,CZ,Deaths,2022-01-31,200.879184782609,175.424619565217,1.14510258184102,,8
weighted.median_ensemble,CZ,Deaths,2022-02-07,46.7725543478261,43.5443478260869,1.07413606318396,,8
weighted.median_ensemble,CZ,Deaths,2022-02-14,22.3968478260869,42.5658152173913,0.526169831629024,,8
weighted.median_ensemble,CZ,Deaths,2022-02-21,52.6903804347826,52.61625,1.00140888859967,,8
weighted.median_ensemble,CZ,Deaths,2022-02-28,27.0227717391304,42.4278260869565,0.636911532628299,,8
weighted.median_ensemble,CZ,Deaths,2022-03-07,23.1371195652174,36.2782608695652,0.637768156759348,,8
weighted.median_ensemble,DE,Cases,2021-04-12,13068.5971195652,13536.7779891304,0.965414157642155,,8
weighted.median_ensemble,DE,Deaths,2021-04-12,121.886820652174,139.261956521739,0.875234153651626,,8
weighted.median_ensemble,DE,Cases,2021-04-19,26360.5910869565,29133.4591304348,0.904821874015587,,8
weighted.median_ensemble,DE,Deaths,2021-04-19,177.508967391304,207.764347826087,0.854376457022798,,8
weighted.median_ensemble,DE,Cases,2021-04-26,31147.3705434783,38831.9802173913,0.802106160157359,,8
weighted.median_ensemble,DE,Deaths,2021-04-26,109.565652173913,137.62652173913,0.796108560976303,,8
weighted.median_ensemble,DE,Cases,2021-05-03,22634.9406521739,27765.1694021739,0.81522789666112,,8
weighted.median_ensemble,DE,Deaths,2021-05-03,126.740625,101.690434782609,1.2463377236113,,8
weighted.median_ensemble,DE,Cases,2021-05-10,11216.4897282609,15884.2697826087,0.706138203503792,,8
weighted.median_ensemble,DE,Deaths,2021-05-10,71.8761413043478,78.1940217391304,0.919202513257852,,8
weighted.median_ensemble,DE,Cases,2021-05-17,3468.33657608696,3014.46076086957,1.15056617127319,,8
weighted.median_ensemble,DE,Deaths,2021-05-17,61.1415760869565,59.1986956521739,1.03281964937535,,8
weighted.median_ensemble,DE,Cases,2021-05-24,4970.5975,8713.84505434783,0.570425279425859,,8
weighted.median_ensemble,DE,Deaths,2021-05-24,91.4771739130435,50.7050543478261,1.8041036557328,,8
weighted.median_ensemble,DE,Cases,2021-05-31,1867.5497826087,1835.58195652174,1.01741563539202,,8
weighted.median_ensemble,DE,Deaths,2021-05-31,42.6235869565217,48.7001086956522,0.87522570479041,,8
weighted.median_ensemble,DE,Cases,2021-06-07,1501.93309782609,1793.64076086957,0.837365614448873,,8
weighted.median_ensemble,DE,Deaths,2021-06-07,71.3945108695652,50.9749456521739,1.40058042154127,,8
weighted.median_ensemble,DE,Cases,2021-06-14,1236.15195652174,1481.86054347826,0.834189129309167,,8
weighted.median_ensemble,DE,Deaths,2021-06-14,36.2442663043478,40.2708695652174,0.900012011055569,,8
weighted.median_ensemble,DE,Cases,2021-06-21,1884.60652173913,1550.90967391304,1.21516201326164,,8
weighted.median_ensemble,DE,Deaths,2021-06-21,49.3041847826087,31.9963043478261,1.5409337355537,,8
weighted.median_ensemble,DE,Cases,2021-06-28,4520.51184782609,3635.72152173913,1.24336031260824,,8
weighted.median_ensemble,DE,Deaths,2021-06-28,17.0750543478261,26.9844565217391,0.632773698224019,,8
weighted.median_ensemble,DE,Cases,2021-07-05,6192.51739130435,4029.78869565217,1.53668538451795,,8
weighted.median_ensemble,DE,Deaths,2021-07-05,23.4079347826087,22.4128260869565,1.04439907273591,,8
weighted.median_ensemble,DE,Cases,2021-07-12,3590.7814673913,3078.42918478261,1.16643302536936,,8
weighted.median_ensemble,DE,Deaths,2021-07-12,22.3777173913043,17.4077173913044,1.28550555413329,,8
weighted.median_ensemble,DE,Cases,2021-07-19,3853.1925,2607.75956521739,1.47758733258784,,8
weighted.median_ensemble,DE,Deaths,2021-07-19,23.5622282608696,23.8509782608696,0.987893578332855,,8
weighted.median_ensemble,DE,Cases,2021-07-26,2751.27570652174,2592.4652173913,1.06125848403484,,8
weighted.median_ensemble,DE,Deaths,2021-07-26,71.4053260869565,102.158260869565,0.698967714203027,,8
weighted.median_ensemble,DE,Cases,2021-08-02,4657.77989130435,4832.54130434783,0.963836540230655,,8
weighted.median_ensemble,DE,Deaths,2021-08-02,28.305597826087,109.809456521739,0.257770129483186,,8
weighted.median_ensemble,DE,Cases,2021-08-09,8631.33244565217,10201.9520652174,0.84604714769048,,8
weighted.median_ensemble,DE,Deaths,2021-08-09,27.1738586956522,59.4744565217391,0.456899655496971,,8
weighted.median_ensemble,DE,Cases,2021-08-16,5602.0760326087,6106.12510869565,0.9174518918112,,8
weighted.median_ensemble,DE,Deaths,2021-08-16,51.2873913043478,27.1496739130435,1.88906104244987,,8
weighted.median_ensemble,DE,Cases,2021-08-23,50410.9879891304,27438.1152173913,1.83726132752654,,8
weighted.median_ensemble,DE,Deaths,2021-08-23,100.932717391304,62.4788586956522,1.61546992852365,,8
weighted.median_ensemble,DE,Cases,2021-08-30,71221.632826087,44869.5389673913,1.58730476098377,,8
weighted.median_ensemble,DE,Deaths,2021-08-30,52.1050271739131,30.6541304347826,1.69977182307512,,8
weighted.median_ensemble,DE,Cases,2021-09-06,29956.8854891304,29440.6620652174,1.01753436871662,,8
weighted.median_ensemble,DE,Deaths,2021-09-06,48.8952717391304,34.6486956521739,1.41117207498871,,8
weighted.median_ensemble,DE,Cases,2021-09-13,9567.37831521739,9392.32320652174,1.01863810527454,,8
weighted.median_ensemble,DE,Deaths,2021-09-13,46.3247282608696,43.330652173913,1.06909833886043,,8
weighted.median_ensemble,DE,Cases,2021-09-20,4434.01043478261,4933.83336956522,0.898694808408851,,8
weighted.median_ensemble,DE,Deaths,2021-09-20,35.7497826086957,43.6676630434783,0.818678631212779,,8
weighted.median_ensemble,DE,Cases,2021-09-27,13504.9736413043,11975.1623913043,1.12774868515444,,8
weighted.median_ensemble,DE,Deaths,2021-09-27,35.7411956521739,36.3751086956522,0.982572889368327,,8
weighted.median_ensemble,DE,Cases,2021-10-04,18594.8870108696,15286.4033695652,1.21643309818001,,8
weighted.median_ensemble,DE,Deaths,2021-10-04,71.7175,54.2392391304348,1.32224384319871,,8
weighted.median_ensemble,DE,Cases,2021-10-11,31980.9235869565,30576.7833695652,1.04592177667678,,8
weighted.median_ensemble,DE,Deaths,2021-10-11,117.663152173913,87.1671195652174,1.3498570649209,,8
weighted.median_ensemble,DE,Cases,2021-10-18,60998.297173913,55266.4732608696,1.1037124964712,,8
weighted.median_ensemble,DE,Deaths,2021-10-18,210.307391304348,151.710652173913,1.38624011096638,,8
weighted.median_ensemble,DE,Cases,2021-10-25,40527.8123913044,32965.7807065217,1.22939034121787,,8
weighted.median_ensemble,DE,Deaths,2021-10-25,209.338097826087,121.45652173913,1.72356407732236,,8
weighted.median_ensemble,DE,Cases,2021-11-01,18119.0115217391,28177.1170108696,0.643039936085355,,8
weighted.median_ensemble,DE,Deaths,2021-11-01,85.3157065217391,82.0348913043478,1.03999292453768,,8
weighted.median_ensemble,DE,Cases,2021-11-08,22028.060298913,55359.6719565217,0.397908071352254,,8
weighted.median_ensemble,DE,Deaths,2021-11-08,86.4372826086957,93.2020108695652,0.927418644750737,,8
weighted.median_ensemble,DE,Cases,2021-11-15,127778.946847826,47485.2813043478,2.69091691863109,,8
weighted.median_ensemble,DE,Deaths,2021-11-15,409.946032608696,246.956847826087,1.65999054578713,,8
weighted.median_ensemble,DE,Cases,2021-11-22,130983.926032609,117190.0375,1.1177053000995,,8
weighted.median_ensemble,DE,Deaths,2021-11-22,252.877445652174,241.258260869565,1.04816077485069,,8
weighted.median_ensemble,DE,Cases,2021-11-29,119443.829836957,145713.154836957,0.819718919479894,,8
weighted.median_ensemble,DE,Deaths,2021-11-29,211.950543478261,251.013804347826,0.844378037410899,,8
weighted.median_ensemble,DE,Cases,2021-12-06,56031.4099456522,61549.5110869565,0.910346954121074,,8
weighted.median_ensemble,DE,Deaths,2021-12-06,200.193967391304,183.082065217391,1.0934657480163,,8
weighted.median_ensemble,DE,Cases,2021-12-13,38237.2201086957,35019.2485869565,1.09189150685939,,8
weighted.median_ensemble,DE,Deaths,2021-12-13,269.162608695652,210.22097826087,1.2803793937332,,8
weighted.median_ensemble,DE,Cases,2021-12-20,88969.8286956522,82775.1929891305,1.0748368621422,,8
weighted.median_ensemble,DE,Deaths,2021-12-20,150.707889492754,138.626956521739,1.08714706918578,,8
weighted.median_ensemble,DE,Cases,2021-12-27,251171.159565217,250160.288043478,1.00404089525818,,8
weighted.median_ensemble,DE,Deaths,2021-12-27,260.14972826087,228.866413043478,1.13668810028254,,8
weighted.median_ensemble,DE,Cases,2022-01-03,312415.060869565,352812.420326087,0.885499043885177,,8
weighted.median_ensemble,DE,Deaths,2022-01-03,224.209619565217,201.471195652174,1.11286190981017,,8
weighted.median_ensemble,DE,Cases,2022-01-10,112745.416195652,119748.737391304,0.941516534134574,,8
weighted.median_ensemble,DE,Deaths,2022-01-10,625.488097826087,483.949673913043,1.29246517053853,,8
weighted.median_ensemble,DE,Cases,2022-01-17,110561.394184783,119823.167391304,0.922704653798078,,8
weighted.median_ensemble,DE,Deaths,2022-01-17,278.912065217391,382.152391304348,0.729845139174504,,8
weighted.median_ensemble,DE,Cases,2022-01-24,247407.894836957,85788.7776086957,2.88391910612652,,8
weighted.median_ensemble,DE,Deaths,2022-01-24,154.393043478261,286.693695652174,0.538529607799871,,8
weighted.median_ensemble,DE,Cases,2022-01-31,274311.970788044,212440.150217391,1.29124353615519,,8
weighted.median_ensemble,DE,Deaths,2022-01-31,126.989184782609,167.917717391304,0.756258402957453,,8
weighted.median_ensemble,DE,Cases,2022-02-07,187032.997957428,233892.076195652,0.799655127268926,,8
weighted.median_ensemble,DE,Deaths,2022-02-07,304.277010869565,149.720869565217,2.03229524216077,,8
weighted.median_ensemble,DE,Cases,2022-02-14,214117.114782609,103214.074565217,2.07449532134608,,8
weighted.median_ensemble,DE,Deaths,2022-02-14,125.581304347826,96.9526086956522,1.2952854599513,,8
weighted.median_ensemble,DE,Cases,2022-02-21,164465.344402174,143345.581032609,1.1473345966958,,8
weighted.median_ensemble,DE,Deaths,2022-02-21,126.803233695652,136.923043478261,0.926091258815647,,8
weighted.median_ensemble,DE,Cases,2022-02-28,270180.296847826,260271.143586957,1.03807242372053,,8
weighted.median_ensemble,DE,Deaths,2022-02-28,121.14847826087,140.178152173913,0.864246506192819,,8
weighted.median_ensemble,DE,Cases,2022-03-07,209311.131730072,207524.574891304,1.00860889289716,,8
weighted.median_ensemble,DE,Deaths,2022-03-07,87.5958152173913,137.937173913043,0.635041394081427,,8
weighted.median_ensemble,GB,Deaths,2021-04-12,42.5821195652174,41.0977717391304,1.03611747701333,,8
weighted.median_ensemble,GB,Deaths,2021-04-19,19.0779891304348,17.7688043478261,1.07367883381354,,8
weighted.median_ensemble,GB,Deaths,2021-04-26,16.7047826086957,14.929347826087,1.1189224608664,,8
weighted.median_ensemble,GB,Deaths,2021-05-03,10.4063043478261,10.2663043478261,1.01363684489148,,8
weighted.median_ensemble,GB,Deaths,2021-05-10,10.0721195652174,10.4979891304348,0.959433224789426,,8
weighted.median_ensemble,GB,Deaths,2021-05-17,8.52369565217391,8.85217391304348,0.962892927308448,,8
weighted.median_ensemble,GB,Deaths,2021-05-24,25.3330434782609,23.6632065217391,1.07056680822135,,8
weighted.median_ensemble,GB,Deaths,2021-05-31,13.3028804347826,13.2704347826087,1.0024449577354,,8
weighted.median_ensemble,GB,Deaths,2021-06-07,22.7036956521739,24.3733152173913,0.931498052262252,,8
weighted.median_ensemble,GB,Deaths,2021-06-14,28.9080434782609,25.1922826086957,1.14749599817059,,8
weighted.median_ensemble,GB,Deaths,2021-06-21,26.3527717391304,34.8577173913044,0.756009679099195,,8
weighted.median_ensemble,GB,Deaths,2021-06-28,28.205,34.2927717391304,0.822476532797031,,8
weighted.median_ensemble,GB,Deaths,2021-07-05,55.41125,57.7308695652174,0.959820117336065,,8
weighted.median_ensemble,GB,Deaths,2021-07-12,53.5866847826087,60.6806521739131,0.883093422084971,,8
weighted.median_ensemble,GB,Deaths,2021-07-19,78.8496739130435,78.563152173913,1.00364702447906,,8
weighted.median_ensemble,GB,Deaths,2021-07-26,56.5652173913044,54.4948913043478,1.0379911958241,,8
weighted.median_ensemble,GB,Deaths,2021-08-02,252.734565217391,165.367282608696,1.52832265990263,,8
weighted.median_ensemble,GB,Deaths,2021-08-09,232.733586956522,167.005489130435,1.39356848788816,,8
weighted.median_ensemble,GB,Deaths,2021-08-16,256.425706521739,222.007173913044,1.15503342528101,,8
weighted.median_ensemble,GB,Deaths,2021-08-23,163.954673913043,139.599782608696,1.17446224377452,,8
weighted.median_ensemble,GB,Deaths,2021-08-30,89.1249456521739,125.536576086957,0.709952019007106,,8
weighted.median_ensemble,GB,Deaths,2021-09-06,112.07972826087,104.317391304348,1.07441076563998,,8
weighted.median_ensemble,GB,Deaths,2021-09-13,132.733586956522,79.1276630434783,1.67746122975461,,8
weighted.median_ensemble,GB,Deaths,2021-09-20,89.493097826087,74.7102173913044,1.19786959469486,,8
weighted.median_ensemble,GB,Deaths,2021-09-27,97.1008152173913,81.2608695652174,1.1949271000535,,8
weighted.median_ensemble,GB,Deaths,2021-10-04,197.883532608696,200.691630434783,0.986007897688591,,8
weighted.median_ensemble,GB,Deaths,2021-10-11,247.419891304348,207.541739130435,1.19214521542026,,8
weighted.median_ensemble,GB,Deaths,2021-10-18,207.145652173913,138.561195652174,1.49497592885893,,8
weighted.median_ensemble,GB,Deaths,2021-10-25,120.230217391304,127.128097826087,0.945740709152913,,8
weighted.median_ensemble,GB,Deaths,2021-11-01,121.41027173913,105.064782608696,1.15557533861096,,8
weighted.median_ensemble,GB,Deaths,2021-11-08,107.39375,91.0375,1.17966497322532,,8
weighted.median_ensemble,GB,Deaths,2021-11-15,85.0924456521739,75.0054347826087,1.13448373306282,,8
weighted.median_ensemble,GB,Deaths,2021-11-22,57.039347826087,81.2486956521739,0.702034012586155,,8
weighted.median_ensemble,GB,Deaths,2021-11-29,113.243858695652,69.1297826086957,1.63813416478772,,8
weighted.median_ensemble,GB,Deaths,2021-12-06,152.762826086957,72.455,2.10838211423582,,8
weighted.median_ensemble,GB,Deaths,2021-12-13,114.560434782609,95.5620652173913,1.19880660303854,,8
weighted.median_ensemble,GB,Deaths,2021-12-20,243.13402173913,192.341630434783,1.26407383149209,,8
weighted.median_ensemble,GB,Deaths,2021-12-27,592.207445652174,482.834021739131,1.22652385496591,,8
weighted.median_ensemble,GB,Deaths,2022-01-03,250.103315217391,223.88,1.11713112032067,,8
weighted.median_ensemble,GB,Deaths,2022-01-10,281.907173913043,319.864673913043,0.881332628778135,,8
weighted.median_ensemble,GB,Deaths,2022-01-17,535.486032608696,968.249565217391,0.553045466628708,,8
weighted.median_ensemble,GB,Deaths,2022-01-24,394.525489130435,600.781195652174,0.656687479544296,,8
weighted.median_ensemble,GB,Deaths,2022-01-31,257.196195652174,447.875326086957,0.574258461387619,,8
weighted.median_ensemble,GB,Deaths,2022-02-07,462.114402173913,1293.00298913044,0.357396236558349,,8
weighted.median_ensemble,GB,Deaths,2022-02-14,166.529076086957,215.018206521739,0.774488257440283,,8
weighted.median_ensemble,GB,Deaths,2022-02-21,172.539239130435,167.149184782609,1.03224696761062,,8
weighted.median_ensemble,GB,Deaths,2022-02-28,380.531086956522,418.795869565217,0.908631423112121,,8
weighted.median_ensemble,GB,Deaths,2022-03-07,287.898586956522,443.039891304348,0.649825427929127,,8
weighted.median_ensemble,PL,Cases,2021-04-12,9274.02094202898,21065.6732608696,0.440243272891539,,8
weighted.median_ensemble,PL,Deaths,2021-04-12,195.524402173913,186.638043478261,1.04761279388726,,8
weighted.median_ensemble,PL,Cases,2021-04-19,11816.3904619565,18061.3927173913,0.654234734101016,,8
weighted.median_ensemble,PL,Deaths,2021-04-19,437.956467391304,184.177119565217,2.37790920188772,,8
weighted.median_ensemble,PL,Cases,2021-04-26,3552.98206521739,4160.10260869565,0.85406116132587,,8
weighted.median_ensemble,PL,Deaths,2021-04-26,162.503858695652,158.412336956522,1.02582830237681,,8
weighted.median_ensemble,PL,Cases,2021-05-03,1638.1165625,3823.07945652174,0.428480909468298,,8
weighted.median_ensemble,PL,Deaths,2021-05-03,133.595,101.31402173913,1.31862300703044,,8
weighted.median_ensemble,PL,Cases,2021-05-10,2314.91160326087,3954.45336956522,0.58539357704334,,8
weighted.median_ensemble,PL,Deaths,2021-05-10,112.782663043478,93.7517391304348,1.20299275607641,,8
weighted.median_ensemble,PL,Cases,2021-05-17,2280.61472826087,4637.23880434783,0.49180446047389,,8
weighted.median_ensemble,PL,Deaths,2021-05-17,44.0650543478261,81.9801086956522,0.537509098840254,,8
weighted.median_ensemble,PL,Cases,2021-05-24,377.174945652174,817.855489130435,0.461175538545564,,8
weighted.median_ensemble,PL,Deaths,2021-05-24,57.7414673913044,63.9291304347826,0.903210586451029,,8
weighted.median_ensemble,PL,Cases,2021-05-31,247.205217391304,263.645434782609,0.937642700299892,,8
weighted.median_ensemble,PL,Deaths,2021-05-31,26.5010326086957,35.0245652173913,0.756641301446811,,8
weighted.median_ensemble,PL,Cases,2021-06-07,225.146277173913,150.006956521739,1.5009055739444,,8
weighted.median_ensemble,PL,Deaths,2021-06-07,39.6151086956522,26.0697826086957,1.51957955654139,,8
weighted.median_ensemble,PL,Cases,2021-06-14,105.978967391304,206.125869565217,0.514146854127754,,8
weighted.median_ensemble,PL,Deaths,2021-06-14,12.8273369565217,11.1182608695652,1.15371793367746,,8
weighted.median_ensemble,PL,Cases,2021-06-21,133.93027173913,71.2167391304348,1.88060101282979,,8
weighted.median_ensemble,PL,Deaths,2021-06-21,8.68244565217391,7.90086956521739,1.09892279330839,,8
weighted.median_ensemble,PL,Cases,2021-06-28,148.492445652174,111.57875,1.33083087641844,,8
weighted.median_ensemble,PL,Deaths,2021-06-28,5.61119565217391,5.44548913043478,1.03043005279599,,8
weighted.median_ensemble,PL,Cases,2021-07-05,198.23222826087,126.592065217391,1.56591353431555,,8
weighted.median_ensemble,PL,Deaths,2021-07-05,4.21190217391304,4.92815217391304,0.854661549659234,,8
weighted.median_ensemble,PL,Cases,2021-07-12,314.945326086957,198.436032608696,1.58713778917366,,8
weighted.median_ensemble,PL,Deaths,2021-07-12,4.02135869565217,5.29875,0.7589259156692,,8
weighted.median_ensemble,PL,Cases,2021-07-19,83.5328804347826,112.88875,0.739957528405467,,8
weighted.median_ensemble,PL,Deaths,2021-07-19,6.45603260869565,7.04902173913044,0.915876393579127,,8
weighted.median_ensemble,PL,Cases,2021-07-26,126.794945652174,150.603913043478,0.841910034672002,,8
weighted.median_ensemble,PL,Deaths,2021-07-26,5.36709239130435,5.55646739130435,0.96591809387807,,8
weighted.median_ensemble,PL,Cases,2021-08-02,181.036358695652,151.385108695652,1.19586635868929,,8
weighted.median_ensemble,PL,Deaths,2021-08-02,2.80823369565217,4.94445652173913,0.567955989360065,,8
weighted.median_ensemble,PL,Cases,2021-08-09,97.8606793478261,174.535,0.560693725314843,,8
weighted.median_ensemble,PL,Deaths,2021-08-09,3.67684782608696,7.3416847826087,0.500817991368526,,8
weighted.median_ensemble,PL,Cases,2021-08-16,178.881739130435,208.383695652174,0.858424832953425,,8
weighted.median_ensemble,PL,Deaths,2021-08-16,5.34869565217391,4.83048913043478,1.10727827094655,,8
weighted.median_ensemble,PL,Cases,2021-08-23,560.803043478261,474.557826086957,1.18173805730369,,8
weighted.median_ensemble,PL,Deaths,2021-08-23,7.92706521739131,7.38347826086957,1.07362207042751,,8
weighted.median_ensemble,PL,Cases,2021-08-30,969.012065217392,763.076956521739,1.26987462658334,,8
weighted.median_ensemble,PL,Deaths,2021-08-30,19.8470108695652,16.166902173913,1.22763227339808,,8
weighted.median_ensemble,PL,Cases,2021-09-06,482.849266304348,557.109347826087,0.866704657153014,,8
weighted.median_ensemble,PL,Deaths,2021-09-06,9.57853260869565,9.75989130434783,0.98141795948369,,8
weighted.median_ensemble,PL,Cases,2021-09-13,647.366576086957,872.490760869565,0.741975279419304,,8
weighted.median_ensemble,PL,Deaths,2021-09-13,10.8148369565217,11.2979347826087,0.957240165093659,,8
weighted.median_ensemble,PL,Cases,2021-09-20,719.578532608696,856.977282608696,0.839670487434919,,8
weighted.median_ensemble,PL,Deaths,2021-09-20,14.0292934782609,15.1552173913043,0.925707175029406,,8
weighted.median_ensemble,PL,Cases,2021-09-27,3660.21923913043,4660.11798913044,0.785434885483108,,8
weighted.median_ensemble,PL,Deaths,2021-09-27,35.2465217391304,33.2423913043478,1.06028839551385,,8
weighted.median_ensemble,PL,Cases,2021-10-04,6590.90016304348,6469.36782608696,1.01878581342468,,8
weighted.median_ensemble,PL,Deaths,2021-10-04,49.1381521739131,48.1332608695652,1.02087727459544,,8
weighted.median_ensemble,PL,Cases,2021-10-11,10467.6936413043,12438.2626086957,0.841572008134507,,8
weighted.median_ensemble,PL,Deaths,2021-10-11,52.7804347826087,50.0216304347826,1.05515222762327,,8
weighted.median_ensemble,PL,Cases,2021-10-18,15186.5591304348,14817.1605434783,1.02493045721362,,8
weighted.median_ensemble,PL,Deaths,2021-10-18,62.6326086956522,66.3151086956522,0.944469668037482,,8
weighted.median_ensemble,PL,Cases,2021-10-25,3927.52951086956,7546.22782608696,0.520462620713925,,8
weighted.median_ensemble,PL,Deaths,2021-10-25,111.789293478261,111.422826086957,1.00328897950424,,8
weighted.median_ensemble,PL,Cases,2021-11-01,13647.3805978261,5848.39168478261,2.33352711880367,,8
weighted.median_ensemble,PL,Deaths,2021-11-01,119.792826086957,146.40097826087,0.818251541144074,,8
weighted.median_ensemble,PL,Cases,2021-11-08,29865.842826087,26051.5427173913,1.14641359822999,,8
weighted.median_ensemble,PL,Deaths,2021-11-08,167.74,162.883695652174,1.02981455159389,,8
weighted.median_ensemble,PL,Cases,2021-11-15,13384.9461413043,26587.3404347826,0.503433059584765,,8
weighted.median_ensemble,PL,Deaths,2021-11-15,228.514836956522,171.578913043478,1.33183520575524,,8
weighted.median_ensemble,PL,Cases,2021-11-22,15790.4754347826,33260.4215217391,0.474752715459781,,8
weighted.median_ensemble,PL,Deaths,2021-11-22,640.051630434783,814.002010869565,0.786302271847021,,8
weighted.median_ensemble,PL,Cases,2021-11-29,25837.7034239131,43320.7041304348,0.596428519400747,,8
weighted.median_ensemble,PL,Deaths,2021-11-29,650.266847826087,636.545652173913,1.02155571341241,,8
weighted.median_ensemble,PL,Cases,2021-12-06,14312.504076087,21351.0627717391,0.670341529557554,,8
weighted.median_ensemble,PL,Deaths,2021-12-06,178.824782608696,206.756847826087,0.864903796362352,,8
weighted.median_ensemble,PL,Cases,2021-12-13,11791.0708152174,14333.3019565217,0.822634648386263,,8
weighted.median_ensemble,PL,Deaths,2021-12-13,181.193858695652,178.783804347826,1.01348027220149,,8
weighted.median_ensemble,PL,Cases,2021-12-20,16808.9353442029,12693.9239673913,1.32417173660268,,8
weighted.median_ensemble,PL,Deaths,2021-12-20,325.916032608696,264.400760869565,1.2326592084562,,8
weighted.median_ensemble,PL,Cases,2021-12-27,48687.8586231884,46505.1748913044,1.04693421188041,,8
weighted.median_ensemble,PL,Deaths,2021-12-27,338.471086956522,275.064293478261,1.23051626467567,,8
weighted.median_ensemble,PL,Cases,2022-01-03,89286.1761413044,104237.08576087,0.856568230870689,,8
weighted.median_ensemble,PL,Deaths,2022-01-03,173.318913043478,238.311195652174,0.727279776215152,,8
weighted.median_ensemble,PL,Cases,2022-01-10,99696.7824456522,121570.86326087,0.82007135403588,,8
weighted.median_ensemble,PL,Deaths,2022-01-10,248.143043478261,385.558206521739,0.643594246681583,,8
weighted.median_ensemble,PL,Cases,2022-01-17,103986.983532609,83801.8510869565,1.24086738161317,,8
weighted.median_ensemble,PL,Deaths,2022-01-17,402.927010869565,543.896195652174,0.740816012486398,,8
weighted.median_ensemble,PL,Cases,2022-01-24,91482.7428804348,136919.59326087,0.668149391198782,,8
weighted.median_ensemble,PL,Deaths,2022-01-24,968.550163043478,567.319402173913,1.7072396243317,,8
weighted.median_ensemble,PL,Cases,2022-01-31,104625.644076087,197814.242173913,0.528908550397008,,8
weighted.median_ensemble,PL,Deaths,2022-01-31,1200.11690217391,500.316032608696,2.39871765834964,,8
weighted.median_ensemble,PL,Cases,2022-02-07,25564.6669565217,120275.29423913,0.212551273461816,,8
weighted.median_ensemble,PL,Deaths,2022-02-07,98.5810869565218,126.244891304348,0.780871890640431,,8
weighted.median_ensemble,PL,Cases,2022-02-14,12113.0323097826,10851.3276086957,1.11627192050454,,8
weighted.median_ensemble,PL,Deaths,2022-02-14,120.902119565217,117.380326086957,1.03000326882421,,8
weighted.median_ensemble,PL,Cases,2022-02-21,9801.65119565217,9090.82054347826,1.07819213334751,,8
weighted.median_ensemble,PL,Deaths,2022-02-21,126.604076086957,114.923804347826,1.10163492067996,,8
weighted.median_ensemble,PL,Cases,2022-02-28,11316.2350543478,10661.3838043478,1.0614227254189,,8
weighted.median_ensemble,PL,Deaths,2022-02-28,155.669347826087,103.000217391304,1.511349701668,,8
weighted.median_ensemble,PL,Cases,2022-03-07,6602.7291576087,6602.26369565218,1.00007050035836,,8
weighted.median_ensemble,PL,Deaths,2022-03-07,91.9263586956522,84.9841304347826,1.08168852496758,,8
weighted.median_ensemble,Average,Cases,2021-04-12,11171.3090307971,17301.225625,0.645694661923531,average,8
weighted.median_ensemble,Average,Deaths,2021-04-12,97.0649252717391,98.7775815217391,0.982661488329484,average,8
weighted.median_ensemble,Average,Cases,2021-04-19,19088.4907744565,23597.425923913,0.808922584861797,average,8
weighted.median_ensemble,Average,Deaths,2021-04-19,165.238872282609,107.618559782609,1.53541241042803,average,8
weighted.median_ensemble,Average,Cases,2021-04-26,17350.1763043478,21496.0414130435,0.807133554079404,average,8
weighted.median_ensemble,Average,Deaths,2021-04-26,77.6670380434783,83.7291983695652,0.927598013069112,average,8
weighted.median_ensemble,Average,Cases,2021-05-03,12136.528607337,15794.1244293478,0.768420475704591,average,8
weighted.median_ensemble,Average,Deaths,2021-05-03,72.5191508152174,61.5717934782609,1.17779825336453,average,8
weighted.median_ensemble,Average,Cases,2021-05-10,6765.70066576087,9919.36157608696,0.68207017295057,average,8
weighted.median_ensemble,Average,Deaths,2021-05-10,56.41625,55.8184918478261,1.01070896278967,average,8
weighted.median_ensemble,Average,Cases,2021-05-17,2874.47565217391,3825.8497826087,0.751329983012015,average,8
weighted.median_ensemble,Average,Deaths,2021-05-17,33.4305366847826,43.3268070652174,0.771590129742575,average,8
weighted.median_ensemble,Average,Cases,2021-05-24,2673.88622282609,4765.85027173913,0.561051243821461,average,8
weighted.median_ensemble,Average,Deaths,2021-05-24,46.0210597826087,37.1848233695652,1.23763018383128,average,8
weighted.median_ensemble,Average,Cases,2021-05-31,1057.3775,1049.61369565217,1.00739682073508,average,8
weighted.median_ensemble,Average,Deaths,2021-05-31,23.0347010869565,26.4754076086957,0.870041414561298,average,8
weighted.median_ensemble,Average,Cases,2021-06-07,863.5396875,971.823858695652,0.888576340015991,average,8
weighted.median_ensemble,Average,Deaths,2021-06-07,35.9922961956522,27.4573777173913,1.31084244701397,average,8
weighted.median_ensemble,Average,Cases,2021-06-14,671.065461956522,843.993206521739,0.795107658179044,average,8
weighted.median_ensemble,Average,Deaths,2021-06-14,21.0711752717391,20.5111956521739,1.02730116903282,average,8
weighted.median_ensemble,Average,Cases,2021-06-21,1009.26839673913,811.063206521739,1.24437699629773,average,8
weighted.median_ensemble,Average,Deaths,2021-06-21,22.1930910326087,19.7866847826087,1.12161745519467,average,8
weighted.median_ensemble,Average,Cases,2021-06-28,2334.50214673913,1873.65013586957,1.2459648159744,average,8
weighted.median_ensemble,Average,Deaths,2021-06-28,13.7970176630435,17.7108695652174,0.779014130968455,average,8
weighted.median_ensemble,Average,Cases,2021-07-05,3195.37480978261,2078.19038043478,1.5375755945488,average,8
weighted.median_ensemble,Average,Deaths,2021-07-05,21.9304347826087,22.4083288043478,0.978673375158329,average,8
weighted.median_ensemble,Average,Cases,2021-07-12,1952.86339673913,1638.43260869565,1.19190950325006,average,8
weighted.median_ensemble,Average,Deaths,2021-07-12,21.8623097826087,22.8084510869565,0.958517950178173,average,8
weighted.median_ensemble,Average,Cases,2021-07-19,1968.36269021739,1360.3241576087,1.44698061797091,average,8
weighted.median_ensemble,Average,Deaths,2021-07-19,29.1504619565217,29.498097826087,0.988214973331,average,8
weighted.median_ensemble,Average,Cases,2021-07-26,1439.03532608696,1371.53456521739,1.04921550107552,average,8
weighted.median_ensemble,Average,Deaths,2021-07-26,35.329558423913,42.7370652173913,0.826672543942866,average,8
weighted.median_ensemble,Average,Cases,2021-08-02,2419.408125,2491.96320652174,0.970884368865537,average,8
weighted.median_ensemble,Average,Deaths,2021-08-02,72.5816711956522,71.8192119565217,1.01061636877319,average,8
weighted.median_ensemble,Average,Cases,2021-08-09,4364.5965625,5188.2435326087,0.841247434718131,average,8
weighted.median_ensemble,Average,Deaths,2021-08-09,66.5953804347826,59.140652173913,1.12605082945226,average,8
weighted.median_ensemble,Average,Cases,2021-08-16,2890.47888586957,3157.25440217391,0.91550395301669,average,8
weighted.median_ensemble,Average,Deaths,2021-08-16,79.0741711956522,64.3954211956522,1.22794710753427,average,8
weighted.median_ensemble,Average,Cases,2021-08-23,25485.8955163044,13956.3365217391,1.82611643654523,average,8
weighted.median_ensemble,Average,Deaths,2021-08-23,68.9807472826087,53.0968070652174,1.29915057223463,average,8
weighted.median_ensemble,Average,Cases,2021-08-30,36095.3224456522,22816.3079619565,1.5819966361708,average,8
weighted.median_ensemble,Average,Deaths,2021-08-30,41.2405774456522,44.107472826087,0.935002048479658,average,8
weighted.median_ensemble,Average,Cases,2021-09-06,15219.8673777174,14998.8857065217,1.01473320588739,average,8
weighted.median_ensemble,Average,Deaths,2021-09-06,44.3430163043478,38.3468070652174,1.1563678881773,average,8
weighted.median_ensemble,Average,Cases,2021-09-13,5107.37244565218,5132.40698369565,0.995122261714044,average,8
weighted.median_ensemble,Average,Deaths,2021-09-13,48.6914945652174,34.7083695652174,1.40287472950078,average,8
weighted.median_ensemble,Average,Cases,2021-09-20,2576.79448369565,2895.40532608696,0.889959847928478,average,8
weighted.median_ensemble,Average,Deaths,2021-09-20,36.028879076087,34.5408831521739,1.04307926688954,average,8
weighted.median_ensemble,Average,Cases,2021-09-27,8582.59644021739,8317.64019021739,1.0318547381157,average,8
weighted.median_ensemble,Average,Deaths,2021-09-27,43.9732608695652,39.6899184782609,1.10792016097615,average,8
weighted.median_ensemble,Average,Cases,2021-10-04,12592.8935869565,10877.8855978261,1.15766005017309,average,8
weighted.median_ensemble,Average,Deaths,2021-10-04,83.9891440217391,80.080910326087,1.04880356229391,average,8
weighted.median_ensemble,Average,Cases,2021-10-11,21224.3086141304,21507.5229891304,0.986831845994393,average,8
weighted.median_ensemble,Average,Deaths,2021-10-11,119.946752717391,100.708315217391,1.19103127143445,average,8
weighted.median_ensemble,Average,Cases,2021-10-18,38092.4281521739,35041.8169021739,1.08705630928089,average,8
weighted.median_ensemble,Average,Deaths,2021-10-18,147.916589673913,113.538097826087,1.30279256484009,average,8
weighted.median_ensemble,Average,Cases,2021-10-25,22227.670951087,20256.0042663044,1.09733739482186,average,8
weighted.median_ensemble,Average,Deaths,2021-10-25,138.412275815217,122.17504076087,1.1329014089394,average,8
weighted.median_ensemble,Average,Cases,2021-11-01,15883.1960597826,17012.7543478261,0.933605207895815,average,8
weighted.median_ensemble,Average,Deaths,2021-11-01,110.432323369565,107.045706521739,1.03163711051913,average,8
weighted.median_ensemble,Average,Cases,2021-11-08,25946.9515625,40705.6073369565,0.63742941722289,average,8
weighted.median_ensemble,Average,Deaths,2021-11-08,122.396345108696,118.368627717391,1.03402689943251,average,8
weighted.median_ensemble,Average,Cases,2021-11-15,70581.9464945652,37036.3108695652,1.90574992048051,average,8
weighted.median_ensemble,Average,Deaths,2021-11-15,241.272608695652,173.978192934783,1.38679799247079,average,8
weighted.median_ensemble,Average,Cases,2021-11-22,73387.2007336957,75225.2295108696,0.97556632543197,average,8
weighted.median_ensemble,Average,Deaths,2021-11-22,282.245,342.37058423913,0.824384491521808,average,8
weighted.median_ensemble,Average,Cases,2021-11-29,72640.7666304348,94516.9294836957,0.768547677408051,average,8
weighted.median_ensemble,Average,Deaths,2021-11-29,313.829320652174,345.560244565217,0.908175421183165,average,8
weighted.median_ensemble,Average,Cases,2021-12-06,35171.9570108696,41450.2869293478,0.848533499196768,average,8
weighted.median_ensemble,Average,Deaths,2021-12-06,154.820027173913,146.963451086957,1.05345938754737,average,8
weighted.median_ensemble,Average,Cases,2021-12-13,25014.1454619565,24676.2752717391,1.01369210654755,average,8
weighted.median_ensemble,Average,Deaths,2021-12-13,160.044945652174,139.859619565217,1.14432561842873,average,8
weighted.median_ensemble,Average,Cases,2021-12-20,52889.3820199275,47734.5584782609,1.10798934160068,average,8
weighted.median_ensemble,Average,Deaths,2021-12-20,202.251822916667,162.496739130435,1.24465157884997,average,8
weighted.median_ensemble,Average,Cases,2021-12-27,149929.509094203,148332.731467391,1.01076483666832,average,8
weighted.median_ensemble,Average,Deaths,2021-12-27,307.203179347826,255.55004076087,1.2021253388697,average,8
weighted.median_ensemble,Average,Cases,2022-01-03,200850.618505435,228524.753043478,0.87890093230829,average,8
weighted.median_ensemble,Average,Deaths,2022-01-03,174.96441576087,184.5178125,0.94822507047047,average,8
weighted.median_ensemble,Average,Cases,2022-01-10,106221.099320652,120659.800326087,0.880335447544139,average,8
weighted.median_ensemble,Average,Deaths,2022-01-10,298.762445652174,308.493138586957,0.968457344045467,average,8
weighted.median_ensemble,Average,Cases,2022-01-17,107274.188858696,101812.50923913,1.05364448494966,average,8
weighted.median_ensemble,Average,Deaths,2022-01-17,317.102309782609,485.4671875,0.653189995014048,average,8
weighted.median_ensemble,Average,Cases,2022-01-24,169445.318858696,111354.185434783,1.52167894001556,average,8
weighted.median_ensemble,Average,Deaths,2022-01-24,398.220869565217,382.543709239131,1.04098135702524,average,8
weighted.median_ensemble,Average,Cases,2022-01-31,189468.807432065,205127.196195652,0.923664979320188,average,8
weighted.median_ensemble,Average,Deaths,2022-01-31,446.295366847826,322.883423913044,1.38221826763092,average,8
weighted.median_ensemble,Average,Cases,2022-02-07,106298.832456975,177083.685217391,0.600274566945454,average,8
weighted.median_ensemble,Average,Deaths,2022-02-07,227.936263586957,403.128274456522,0.565418696801283,average,8
weighted.median_ensemble,Average,Cases,2022-02-14,113115.073546196,57032.7010869565,1.9833371274794,average,8
weighted.median_ensemble,Average,Deaths,2022-02-14,108.852336956522,117.979239130435,0.922639760680075,average,8
weighted.median_ensemble,Average,Cases,2022-02-21,87133.497798913,76218.2007880435,1.14321116082527,average,8
weighted.median_ensemble,Average,Deaths,2022-02-21,119.659232336957,117.903070652174,1.01489496138708,average,8
weighted.median_ensemble,Average,Cases,2022-02-28,140748.265951087,135466.263695652,1.03899127436852,average,8
weighted.median_ensemble,Average,Deaths,2022-02-28,171.092921195652,176.100516304348,0.971563995303448,average,8
weighted.median_ensemble,Average,Cases,2022-03-07,107956.930443841,107063.419293478,1.00834562501608,average,8
weighted.median_ensemble,Average,Deaths,2022-03-07,122.639470108696,175.559864130435,0.698562115641528,average,8
mean_ensemble,DE,Cases,2021-04-12,13591.2438369565,13536.7779891304,1.00402354591837,,10
mean_ensemble,DE,Deaths,2021-04-12,128.752543478261,139.261956521739,0.924534931822262,,10
mean_ensemble,PL,Cases,2021-04-12,22926.7436231884,21065.6732608696,1.08834611356931,,10
mean_ensemble,PL,Deaths,2021-04-12,282.685065217391,186.638043478261,1.51461652699075,,10
mean_ensemble,DE,Cases,2021-04-19,27317.1312391304,29133.4591304348,0.937654918244607,,10
mean_ensemble,DE,Deaths,2021-04-19,144.898565217391,207.764347826087,0.697417852165288,,10
mean_ensemble,PL,Cases,2021-04-19,20414.4961304348,18061.3927173913,1.13028360823901,,10
mean_ensemble,PL,Deaths,2021-04-19,424.110826086957,184.177119565217,2.30273351591199,,10
mean_ensemble,DE,Cases,2021-04-26,37735.9873478261,38831.9802173913,0.971776024209181,,10
mean_ensemble,DE,Deaths,2021-04-26,172.399902173913,137.62652173913,1.25266482067094,,10
mean_ensemble,PL,Cases,2021-04-26,8787.31116304348,4160.10260869565,2.11228231358424,,10
mean_ensemble,PL,Deaths,2021-04-26,272.472793478261,158.412336956522,1.7200225608252,,10
mean_ensemble,DE,Cases,2021-05-03,27476.2981847826,27765.1694021739,0.989595913743329,,10
mean_ensemble,DE,Deaths,2021-05-03,110.16425,101.690434782609,1.0833295209673,,10
mean_ensemble,PL,Cases,2021-05-03,4917.58225845411,3823.07945652174,1.28628826954283,,10
mean_ensemble,PL,Deaths,2021-05-03,91.1192934782609,101.31402173913,0.899374952391885,,10
mean_ensemble,DE,Cases,2021-05-10,15801.1658586957,15884.2697826087,0.994768162147181,,10
mean_ensemble,DE,Deaths,2021-05-10,90.6415434782609,78.1940217391304,1.15918763944202,,10
mean_ensemble,PL,Cases,2021-05-10,4561.45935869565,3954.45336956522,1.15349934173005,,10
mean_ensemble,PL,Deaths,2021-05-10,118.317891304348,93.7517391304348,1.26203409559939,,10
mean_ensemble,DE,Cases,2021-05-17,4960.88158695652,3014.46076086957,1.64569453062825,,10
mean_ensemble,DE,Deaths,2021-05-17,62.3763695652174,59.1986956521739,1.05367810689131,,10
mean_ensemble,PL,Cases,2021-05-17,5629.43642391304,4637.23880434783,1.21396302011338,,10
mean_ensemble,PL,Deaths,2021-05-17,124.78647826087,81.9801086956522,1.52215556000461,,10
mean_ensemble,DE,Cases,2021-05-24,7283.64534782609,8713.84505434783,0.83587042257446,,10
mean_ensemble,DE,Deaths,2021-05-24,58.13175,50.7050543478261,1.14646854732131,,10
mean_ensemble,PL,Cases,2021-05-24,1448.02955434783,817.855489130435,1.77052006569939,,10
mean_ensemble,PL,Deaths,2021-05-24,46.2702391304348,63.9291304347826,0.723773948053891,,10
mean_ensemble,DE,Cases,2021-05-31,1986.93958695652,1835.58195652174,1.08245757150587,,10
mean_ensemble,DE,Deaths,2021-05-31,40.435097826087,48.7001086956522,0.830287629926725,,10
mean_ensemble,PL,Cases,2021-05-31,227.491173913044,263.645434782609,0.862867866840264,,10
mean_ensemble,PL,Deaths,2021-05-31,37.379847826087,35.0245652173913,1.06724659090204,,10
mean_ensemble,DE,Cases,2021-06-07,1692.81442391304,1793.64076086957,0.943786772047018,,10
mean_ensemble,DE,Deaths,2021-06-07,49.3460543478261,50.9749456521739,0.968045256674475,,10
mean_ensemble,PL,Cases,2021-06-07,405.831282608696,150.006956521739,2.70541641547059,,10
mean_ensemble,PL,Deaths,2021-06-07,24.6944456521739,26.0697826086957,0.947244018979161,,10
mean_ensemble,DE,Cases,2021-06-14,1300.9644673913,1481.86054347826,0.877926383232829,,10
mean_ensemble,DE,Deaths,2021-06-14,36.0574782608696,40.2708695652174,0.895373719270591,,10
mean_ensemble,PL,Cases,2021-06-14,497.096847826087,206.125869565217,2.41161795399392,,10
mean_ensemble,PL,Deaths,2021-06-14,15.2879456521739,11.1182608695652,1.37503030658533,,10
mean_ensemble,DE,Cases,2021-06-21,1607.19563043478,1550.90967391304,1.03629222092588,,10
mean_ensemble,DE,Deaths,2021-06-21,32.7840217391304,31.9963043478261,1.02461901170651,,10
mean_ensemble,PL,Cases,2021-06-21,200.286652173913,71.2167391304348,2.81235359298162,,10
mean_ensemble,PL,Deaths,2021-06-21,8.12621739130435,7.90086956521739,1.02852190182699,,10
mean_ensemble,DE,Cases,2021-06-28,3412.18959782609,3635.72152173913,0.938517864314834,,10
mean_ensemble,DE,Deaths,2021-06-28,19.2794782608696,26.9844565217391,0.714466057351857,,10
mean_ensemble,PL,Cases,2021-06-28,138.327282608696,111.57875,1.23972783893614,,10
mean_ensemble,PL,Deaths,2021-06-28,5.47794565217391,5.44548913043478,1.00596025829117,,10
mean_ensemble,DE,Cases,2021-07-05,4331.60981521739,4029.78869565217,1.07489750514484,,10
mean_ensemble,DE,Deaths,2021-07-05,19.0904130434783,22.4128260869565,0.851762868699017,,10
mean_ensemble,PL,Cases,2021-07-05,151.688195652174,126.592065217391,1.19824410314885,,10
mean_ensemble,PL,Deaths,2021-07-05,5.03144565217391,4.92815217391304,1.020959880015,,10
mean_ensemble,DE,Cases,2021-07-12,3042.56784782609,3078.42918478261,0.988350767614278,,10
mean_ensemble,DE,Deaths,2021-07-12,16.3420326086957,17.4077173913044,0.938780900525129,,10
mean_ensemble,PL,Cases,2021-07-12,222.637043478261,198.436032608696,1.12195875190313,,10
mean_ensemble,PL,Deaths,2021-07-12,4.06452173913044,5.29875,0.767071807337662,,10
mean_ensemble,DE,Cases,2021-07-19,2979.51890217391,2607.75956521739,1.14255890071887,,10
mean_ensemble,DE,Deaths,2021-07-19,50.0997065217391,23.8509782608696,2.10053046771393,,10
mean_ensemble,PL,Cases,2021-07-19,73.8459347826087,112.88875,0.654147864890068,,10
mean_ensemble,PL,Deaths,2021-07-19,9.68792391304348,7.04902173913044,1.37436431203836,,10
mean_ensemble,DE,Cases,2021-07-26,2942.60570652174,2592.4652173913,1.13506082426161,,10
mean_ensemble,DE,Deaths,2021-07-26,72.5321086956522,102.158260869565,0.709997488977035,,10
mean_ensemble,PL,Cases,2021-07-26,151.859347826087,150.603913043478,1.00833600374146,,10
mean_ensemble,PL,Deaths,2021-07-26,7.75245652173913,5.55646739130435,1.39521317696769,,10
mean_ensemble,DE,Cases,2021-08-02,4286.44084782609,4832.54130434783,0.886995180769502,,10
mean_ensemble,DE,Deaths,2021-08-02,59.9001086956522,109.809456521739,0.545491350135165,,10
mean_ensemble,PL,Cases,2021-08-02,170.640195652174,151.385108695652,1.12719274123079,,10
mean_ensemble,PL,Deaths,2021-08-02,5.24996739130435,4.94445652173913,1.06178856426828,,10
mean_ensemble,DE,Cases,2021-08-09,9869.1625326087,10201.9520652174,0.96737981805038,,10
mean_ensemble,DE,Deaths,2021-08-09,43.1349565217391,59.4744565217391,0.72526861184469,,10
mean_ensemble,PL,Cases,2021-08-09,182.512304347826,174.535,1.045706043761,,10
mean_ensemble,PL,Deaths,2021-08-09,9.72657608695652,7.3416847826087,1.32484250890167,,10
mean_ensemble,DE,Cases,2021-08-16,5948.94119565217,6106.12510869565,0.974257993368063,,10
mean_ensemble,DE,Deaths,2021-08-16,17.6517282608696,27.1496739130435,0.650163545882928,,10
mean_ensemble,PL,Cases,2021-08-16,221.740206521739,208.383695652174,1.06409575772118,,10
mean_ensemble,PL,Deaths,2021-08-16,5.55592391304348,4.83048913043478,1.15017832832664,,10
mean_ensemble,DE,Cases,2021-08-23,44112.01325,27438.1152173913,1.60769108594019,,10
mean_ensemble,DE,Deaths,2021-08-23,22.6330326086957,62.4788586956522,0.362251057096705,,10
mean_ensemble,PL,Cases,2021-08-23,510.291826086957,474.557826086957,1.07529956948482,,10
mean_ensemble,PL,Deaths,2021-08-23,8.09821739130435,7.38347826086957,1.09680249676128,,10
mean_ensemble,DE,Cases,2021-08-30,69623.047923913,44869.5389673913,1.55167736344497,,10
mean_ensemble,DE,Deaths,2021-08-30,37.2921413043478,30.6541304347826,1.21654539781149,,10
mean_ensemble,PL,Cases,2021-08-30,698.911654589372,763.076956521739,0.915912410427324,,10
mean_ensemble,PL,Deaths,2021-08-30,13.0144082125604,16.166902173913,0.805003214132171,,10
mean_ensemble,DE,Cases,2021-09-06,32660.9997173913,29440.6620652174,1.10938400926719,,10
mean_ensemble,DE,Deaths,2021-09-06,34.5346195652174,34.6486956521739,0.996707636902073,,10
mean_ensemble,PL,Cases,2021-09-06,581.540495169083,557.109347826087,1.04385341484276,,10
mean_ensemble,PL,Deaths,2021-09-06,11.5305314009662,9.75989130434783,1.18142006313427,,10
mean_ensemble,DE,Cases,2021-09-13,10845.7325652174,9392.32320652174,1.15474439355818,,10
mean_ensemble,DE,Deaths,2021-09-13,35.8675326086957,43.330652173913,0.827763507106627,,10
mean_ensemble,PL,Cases,2021-09-13,691.489869565217,872.490760869565,0.792546924939407,,10
mean_ensemble,PL,Deaths,2021-09-13,13.5155555555555,11.2979347826087,1.19628549957294,,10
mean_ensemble,DE,Cases,2021-09-20,4532.38156521739,4933.83336956522,0.918632881518817,,10
mean_ensemble,DE,Deaths,2021-09-20,36.9179347826087,43.6676630434783,0.845429597316689,,10
mean_ensemble,PL,Cases,2021-09-20,1017.85725,856.977282608696,1.18772955906319,,10
mean_ensemble,PL,Deaths,2021-09-20,16.3501630434783,15.1552173913043,1.07884714691454,,10
mean_ensemble,DE,Cases,2021-09-27,10682.6342826087,11975.1623913043,0.892065922243008,,10
mean_ensemble,DE,Deaths,2021-09-27,37.6383369565217,36.3751086956522,1.03472782092389,,10
mean_ensemble,PL,Cases,2021-09-27,4525.50454347826,4660.11798913044,0.971113725882874,,10
mean_ensemble,PL,Deaths,2021-09-27,28.9769673913044,33.2423913043478,0.87168721184972,,10
mean_ensemble,DE,Cases,2021-10-04,15795.1559891304,15286.4033695652,1.03328138132074,,10
mean_ensemble,DE,Deaths,2021-10-04,55.3941739130435,54.2392391304348,1.02129334410151,,10
mean_ensemble,PL,Cases,2021-10-04,5411.1340326087,6469.36782608696,0.836423925501491,,10
mean_ensemble,PL,Deaths,2021-10-04,42.6037391304348,48.1332608695652,0.885120566543067,,10
mean_ensemble,DE,Cases,2021-10-11,29227.1657826087,30576.7833695652,0.95586136152242,,10
mean_ensemble,DE,Deaths,2021-10-11,89.4470326086957,87.1671195652174,1.0261556542748,,10
mean_ensemble,PL,Cases,2021-10-11,11574.1,12438.2626086957,0.930523849199685,,10
mean_ensemble,PL,Deaths,2021-10-11,51.4380217391304,50.0216304347826,1.02831557652233,,10
mean_ensemble,DE,Cases,2021-10-18,45631.8650869565,55266.4732608696,0.825669929607492,,10
mean_ensemble,DE,Deaths,2021-10-18,155.323815217391,151.710652173913,1.02381614601021,,10
mean_ensemble,PL,Cases,2021-10-18,16350.7816195652,14817.1605434783,1.10350303430855,,10
mean_ensemble,PL,Deaths,2021-10-18,76.4885326086956,66.3151086956522,1.15341034815661,,10
mean_ensemble,DE,Cases,2021-10-25,14418.7274021739,32965.7807065217,0.437384678692636,,10
mean_ensemble,DE,Deaths,2021-10-25,70.0910108695652,121.45652173913,0.577087256130302,,10
mean_ensemble,PL,Cases,2021-10-25,6666.4522826087,7546.22782608696,0.883415189184069,,10
mean_ensemble,PL,Deaths,2021-10-25,83.1914347826087,111.422826086957,0.746628296052054,,10
mean_ensemble,DE,Cases,2021-11-01,18586.9954347826,28177.1170108696,0.659648587455293,,10
mean_ensemble,DE,Deaths,2021-11-01,79.0603586956522,82.0348913043478,0.963740640581089,,10
mean_ensemble,PL,Cases,2021-11-01,10172.7400543478,5848.39168478261,1.73940813178041,,10
mean_ensemble,PL,Deaths,2021-11-01,157.953641304348,146.40097826087,1.07891110551798,,10
mean_ensemble,DE,Cases,2021-11-08,25699.5363586957,55359.6719565217,0.464228479873933,,10
mean_ensemble,DE,Deaths,2021-11-08,117.791130434783,93.2020108695652,1.26382606271907,,10
mean_ensemble,PL,Cases,2021-11-08,18033.57625,26051.5427173913,0.692226807664687,,10
mean_ensemble,PL,Deaths,2021-11-08,165.554684782609,162.883695652174,1.01639813684077,,10
mean_ensemble,DE,Cases,2021-11-15,99219.416576087,47485.2813043478,2.08947728329036,,10
mean_ensemble,DE,Deaths,2021-11-15,521.351445652174,246.956847826087,2.11110341843739,,10
mean_ensemble,PL,Cases,2021-11-15,25986.518326087,26587.3404347826,0.977401947736388,,10
mean_ensemble,PL,Deaths,2021-11-15,258.194434782609,171.578913043478,1.50481449149396,,10
mean_ensemble,DE,Cases,2021-11-22,134639.077043478,117190.0375,1.14889524669261,,10
mean_ensemble,DE,Deaths,2021-11-22,212.875880434783,241.258260869565,0.882356855543581,,10
mean_ensemble,PL,Cases,2021-11-22,45206.0237282609,33260.4215217391,1.3591536625209,,10
mean_ensemble,PL,Deaths,2021-11-22,736.152423913044,814.002010869565,0.904361923045671,,10
mean_ensemble,DE,Cases,2021-11-29,149989.130586957,145713.154836957,1.02934515936316,,10
mean_ensemble,DE,Deaths,2021-11-29,317.56622826087,251.013804347826,1.26513451754559,,10
mean_ensemble,PL,Cases,2021-11-29,51643.8818695652,43320.7041304348,1.19212932721661,,10
mean_ensemble,PL,Deaths,2021-11-29,597.693793478261,636.545652173913,0.938964536851416,,10
mean_ensemble,DE,Cases,2021-12-06,81544.6145,61549.5110869565,1.32486209979466,,10
mean_ensemble,DE,Deaths,2021-12-06,188.698467391304,183.082065217391,1.03067696536656,,10
mean_ensemble,PL,Cases,2021-12-06,27837.9819782609,21351.0627717391,1.30382184137026,,10
mean_ensemble,PL,Deaths,2021-12-06,266.242293478261,206.756847826087,1.28770725747478,,10
mean_ensemble,DE,Cases,2021-12-13,34944.3948369565,35019.2485869565,0.997862496968942,,10
mean_ensemble,DE,Deaths,2021-12-13,234.545065217391,210.22097826087,1.11570722940095,,10
mean_ensemble,PL,Cases,2021-12-13,27906.7991195652,14333.3019565217,1.94699024720312,,10
mean_ensemble,PL,Deaths,2021-12-13,180.253141304348,178.783804347826,1.0082185126437,,10
mean_ensemble,DE,Cases,2021-12-20,79823.3277934783,82775.1929891305,0.964338769997917,,10
mean_ensemble,DE,Deaths,2021-12-20,148.258847826087,138.626956521739,1.06948065185891,,10
mean_ensemble,PL,Cases,2021-12-20,10075.4446630435,12693.9239673913,0.793721838016811,,10
mean_ensemble,PL,Deaths,2021-12-20,247.159032608696,264.400760869565,0.93478941511301,,10
mean_ensemble,DE,Cases,2021-12-27,144637.018467391,250160.288043478,0.578177374189196,,10
mean_ensemble,DE,Deaths,2021-12-27,192.357684782609,228.866413043478,0.840480183285199,,10
mean_ensemble,PL,Cases,2021-12-27,42974.7864855072,46505.1748913044,0.924086116995611,,10
mean_ensemble,PL,Deaths,2021-12-27,217.193739130435,275.064293478261,0.789610808382151,,10
mean_ensemble,DE,Cases,2022-01-03,145767.833321256,352812.420326087,0.413159585443534,,10
mean_ensemble,DE,Deaths,2022-01-03,247.5595,201.471195652174,1.22875877714745,,10
mean_ensemble,PL,Cases,2022-01-03,50720.2522584541,104237.08576087,0.486585478558097,,10
mean_ensemble,PL,Deaths,2022-01-03,448.669989130435,238.311195652174,1.88270629880641,,10
mean_ensemble,DE,Cases,2022-01-10,56121.3384299517,119748.737391304,0.468659124534761,,10
mean_ensemble,DE,Deaths,2022-01-10,786.216119565218,483.949673913043,1.62458239347111,,10
mean_ensemble,PL,Cases,2022-01-10,81730.5948550725,121570.86326087,0.672287690181924,,10
mean_ensemble,PL,Deaths,2022-01-10,432.414184782609,385.558206521739,1.12152763828729,,10
mean_ensemble,DE,Cases,2022-01-17,73906.7406159418,119823.167391304,0.616798422416809,,10
mean_ensemble,DE,Deaths,2022-01-17,1081.94544565217,382.152391304348,2.83118847420873,,10
mean_ensemble,PL,Cases,2022-01-17,61743.2719972826,83801.8510869565,0.736776947005801,,10
mean_ensemble,PL,Deaths,2022-01-17,547.927958937198,543.896195652174,1.00741274404427,,10
mean_ensemble,DE,Cases,2022-01-24,131802.983717391,85788.7776086957,1.53636626364556,,10
mean_ensemble,DE,Deaths,2022-01-24,499.833467391304,286.693695652174,1.74344073473356,,10
mean_ensemble,PL,Cases,2022-01-24,215749.014266304,136919.59326087,1.57573513861704,,10
mean_ensemble,PL,Deaths,2022-01-24,1753.51577294686,567.319402173913,3.09087925818782,,10
mean_ensemble,DE,Cases,2022-01-31,238394.737282609,212440.150217391,1.1221736429703,,10
mean_ensemble,DE,Deaths,2022-01-31,220.790229468599,167.917717391304,1.31487155077319,,10
mean_ensemble,PL,Cases,2022-01-31,343613.211725544,197814.242173913,1.73704991081202,,10
mean_ensemble,PL,Deaths,2022-01-31,955.580692934783,500.316032608696,1.90995417027172,,10
mean_ensemble,DE,Cases,2022-02-07,242200.641108696,233892.076195652,1.03552307135917,,10
mean_ensemble,DE,Deaths,2022-02-07,172.907958937198,149.720869565217,1.15486878642446,,10
mean_ensemble,PL,Cases,2022-02-07,108061.023067633,120275.29423913,0.898447380663121,,10
mean_ensemble,PL,Deaths,2022-02-07,316.388985507247,126.244891304348,2.50615278161636,,10
mean_ensemble,DE,Cases,2022-02-14,110267.487,103214.074565217,1.06833769972259,,10
mean_ensemble,DE,Deaths,2022-02-14,151.513466183575,96.9526086956522,1.56275801365177,,10
mean_ensemble,PL,Cases,2022-02-14,13498.309710145,10851.3276086957,1.2439316364689,,10
mean_ensemble,PL,Deaths,2022-02-14,175.980434782609,117.380326086957,1.49923279862283,,10
mean_ensemble,DE,Cases,2022-02-21,143900.463902174,143345.581032609,1.00387094506554,,10
mean_ensemble,DE,Deaths,2022-02-21,155.523695652174,136.923043478261,1.13584749287921,,10
mean_ensemble,PL,Cases,2022-02-21,10080.9086714976,9090.82054347826,1.10891075489656,,10
mean_ensemble,PL,Deaths,2022-02-21,121.60566576087,114.923804347826,1.05814166569722,,10
mean_ensemble,DE,Cases,2022-02-28,240749.354054348,260271.143586957,0.924994414426559,,10
mean_ensemble,DE,Deaths,2022-02-28,149.005854037267,140.178152173913,1.06297487680107,,10
mean_ensemble,PL,Cases,2022-02-28,11464.621678744,10661.3838043478,1.0753408646698,,10
mean_ensemble,PL,Deaths,2022-02-28,78.3392080745342,103.000217391304,0.760573230412889,,10
mean_ensemble,DE,Cases,2022-03-07,191819.990163043,207524.574891304,0.924324216847636,,10
mean_ensemble,DE,Deaths,2022-03-07,165.859704968944,137.937173913043,1.20242933984934,,10
mean_ensemble,PL,Cases,2022-03-07,8686.46402173913,6602.26369565218,1.31567965506429,,10
mean_ensemble,PL,Deaths,2022-03-07,72.2590062111802,84.9841304347826,0.850264700497609,,10
mean_ensemble,Average,Cases,2021-04-12,18258.9937300725,17301.225625,1.05535839632589,average,10
mean_ensemble,Average,Deaths,2021-04-12,205.718804347826,162.95,1.26246581373321,average,10
mean_ensemble,Average,Cases,2021-04-19,23865.8136847826,23597.425923913,1.01137360327923,average,10
mean_ensemble,Average,Deaths,2021-04-19,284.504695652174,195.970733695652,1.45177134507246,average,10
mean_ensemble,Average,Cases,2021-04-26,23261.6492554348,21496.0414130435,1.0821364179788,average,10
mean_ensemble,Average,Deaths,2021-04-26,222.436347826087,148.019429347826,1.50275101590475,average,10
mean_ensemble,Average,Cases,2021-05-03,16196.9402216184,15794.1244293478,1.02550415466666,average,10
mean_ensemble,Average,Deaths,2021-05-03,100.64177173913,101.50222826087,0.991522781947922,average,10
mean_ensemble,Average,Cases,2021-05-10,10181.3126086957,9919.36157608696,1.02640805364331,average,10
mean_ensemble,Average,Deaths,2021-05-10,104.479717391304,85.9728804347826,1.21526366062099,average,10
mean_ensemble,Average,Cases,2021-05-17,5295.15900543478,3825.8497826087,1.38404780802037,average,10
mean_ensemble,Average,Deaths,2021-05-17,93.5814239130435,70.5894021739131,1.3257149236437,average,10
mean_ensemble,Average,Cases,2021-05-24,4365.83745108696,4765.85027173913,0.916066851066598,average,10
mean_ensemble,Average,Deaths,2021-05-24,52.2009945652174,57.3170923913044,0.910740450838655,average,10
mean_ensemble,Average,Cases,2021-05-31,1107.21538043478,1049.61369565217,1.05487893786182,average,10
mean_ensemble,Average,Deaths,2021-05-31,38.907472826087,41.8623369565217,0.929414735409929,average,10
mean_ensemble,Average,Cases,2021-06-07,1049.32285326087,971.823858695652,1.07974592707493,average,10
mean_ensemble,Average,Deaths,2021-06-07,37.02025,38.5223641304348,0.961006699242323,average,10
mean_ensemble,Average,Cases,2021-06-14,899.030657608696,843.993206521739,1.065210774994,average,10
mean_ensemble,Average,Deaths,2021-06-14,25.6727119565217,25.6945652173913,0.999149498709759,average,10
mean_ensemble,Average,Cases,2021-06-21,903.741141304348,811.063206521739,1.11426721621372,average,10
mean_ensemble,Average,Deaths,2021-06-21,20.4551195652174,19.9485869565217,1.02539190418848,average,10
mean_ensemble,Average,Cases,2021-06-28,1775.25844021739,1873.65013586957,0.947486623159499,average,10
mean_ensemble,Average,Deaths,2021-06-28,12.3787119565217,16.214972826087,0.76341243918748,average,10
mean_ensemble,Average,Cases,2021-07-05,2241.64900543478,2078.19038043478,1.07865430739113,average,10
mean_ensemble,Average,Deaths,2021-07-05,12.0609293478261,13.6704891304348,0.882260263897558,average,10
mean_ensemble,Average,Cases,2021-07-12,1632.60244565217,1638.43260869565,0.996441621698362,average,10
mean_ensemble,Average,Deaths,2021-07-12,10.203277173913,11.3532336956522,0.898711102707283,average,10
mean_ensemble,Average,Cases,2021-07-19,1526.68241847826,1360.3241576087,1.12229310193388,average,10
mean_ensemble,Average,Deaths,2021-07-19,29.8938152173913,15.45,1.93487477135219,average,10
mean_ensemble,Average,Cases,2021-07-26,1547.23252717391,1371.53456521739,1.12810319653058,average,10
mean_ensemble,Average,Deaths,2021-07-26,40.1422826086957,53.8573641304348,0.74534436017843,average,10
mean_ensemble,Average,Cases,2021-08-02,2228.54052173913,2491.96320652174,0.89429110185367,average,10
mean_ensemble,Average,Deaths,2021-08-02,32.5750380434783,57.3769565217391,0.567737294172028,average,10
mean_ensemble,Average,Cases,2021-08-09,5025.83741847826,5188.2435326087,0.968697283944037,average,10
mean_ensemble,Average,Deaths,2021-08-09,26.4307663043478,33.4080706521739,0.791149138168742,average,10
mean_ensemble,Average,Cases,2021-08-16,3085.34070108696,3157.25440217391,0.977222709377667,average,10
mean_ensemble,Average,Deaths,2021-08-16,11.6038260869565,15.9900815217391,0.725688988588374,average,10
mean_ensemble,Average,Cases,2021-08-23,22311.1525380435,13956.3365217391,1.59863962174389,average,10
mean_ensemble,Average,Deaths,2021-08-23,15.365625,34.9311684782609,0.439882937484976,average,10
mean_ensemble,Average,Cases,2021-08-30,35160.9797892512,22816.3079619565,1.54104598552395,average,10
mean_ensemble,Average,Deaths,2021-08-30,25.1532747584541,23.4105163043478,1.07444340105317,average,10
mean_ensemble,Average,Cases,2021-09-06,16621.2701062802,14998.8857065217,1.10816699530239,average,10
mean_ensemble,Average,Deaths,2021-09-06,23.0325754830918,22.2042934782609,1.03730278586175,average,10
mean_ensemble,Average,Cases,2021-09-13,5768.61121739131,5132.40698369565,1.12395825890595,average,10
mean_ensemble,Average,Deaths,2021-09-13,24.6915440821256,27.3142934782609,0.903978867393269,average,10
mean_ensemble,Average,Cases,2021-09-20,2775.1194076087,2895.40532608696,0.958456276434076,average,10
mean_ensemble,Average,Deaths,2021-09-20,26.6340489130435,29.4114402173913,0.90556765381705,average,10
mean_ensemble,Average,Cases,2021-09-27,7604.06941304348,8317.64019021739,0.9142099488731,average,10
mean_ensemble,Average,Deaths,2021-09-27,33.307652173913,34.80875,0.956875847995491,average,10
mean_ensemble,Average,Cases,2021-10-04,10603.1450108696,10877.8855978261,0.974743199449401,average,10
mean_ensemble,Average,Deaths,2021-10-04,48.9989565217391,51.18625,0.957267948359943,average,10
mean_ensemble,Average,Cases,2021-10-11,20400.6328913044,21507.5229891304,0.948534747660831,average,10
mean_ensemble,Average,Deaths,2021-10-11,70.442527173913,68.594375,1.02694320305292,average,10
mean_ensemble,Average,Cases,2021-10-18,30991.3233532609,35041.8169021739,0.884409716533227,average,10
mean_ensemble,Average,Deaths,2021-10-18,115.906173913044,109.012880434783,1.06323375229393,average,10
mean_ensemble,Average,Cases,2021-10-25,10542.5898423913,20256.0042663044,0.520467398396474,average,10
mean_ensemble,Average,Deaths,2021-10-25,76.641222826087,116.439673913044,0.658205405859537,average,10
mean_ensemble,Average,Cases,2021-11-01,14379.8677445652,17012.7543478261,0.84524042671566,average,10
mean_ensemble,Average,Deaths,2021-11-01,118.507,114.217934782609,1.03755159139898,average,10
mean_ensemble,Average,Cases,2021-11-08,21866.5563043478,40705.6073369565,0.537187816001341,average,10
mean_ensemble,Average,Deaths,2021-11-08,141.672907608696,128.04285326087,1.10644916136051,average,10
mean_ensemble,Average,Cases,2021-11-15,62602.967451087,37036.3108695652,1.69031326234307,average,10
mean_ensemble,Average,Deaths,2021-11-15,389.772940217391,209.267880434783,1.86255501516805,average,10
mean_ensemble,Average,Cases,2021-11-22,89922.5503858696,75225.2295108696,1.1953775478063,average,10
mean_ensemble,Average,Deaths,2021-11-22,474.514152173913,527.630135869565,0.89933102739078,average,10
mean_ensemble,Average,Cases,2021-11-29,100816.506228261,94516.9294836957,1.06665024751626,average,10
mean_ensemble,Average,Deaths,2021-11-29,457.630010869565,443.77972826087,1.03120981362302,average,10
mean_ensemble,Average,Cases,2021-12-06,54691.2982391304,41450.2869293478,1.31944317616792,average,10
mean_ensemble,Average,Deaths,2021-12-06,227.470380434783,194.919456521739,1.16699679187446,average,10
mean_ensemble,Average,Cases,2021-12-13,31425.5969782609,24676.2752717391,1.27351460591994,average,10
mean_ensemble,Average,Deaths,2021-12-13,207.39910326087,194.502391304348,1.06630618713752,average,10
mean_ensemble,Average,Cases,2021-12-20,44949.3862282609,47734.5584782609,0.941652916905717,average,10
mean_ensemble,Average,Deaths,2021-12-20,197.708940217391,201.513858695652,0.981118328521477,average,10
mean_ensemble,Average,Cases,2021-12-27,93805.9024764493,148332.731467391,0.632401908523279,average,10
mean_ensemble,Average,Deaths,2021-12-27,204.775711956522,251.96535326087,0.812713769200282,average,10
mean_ensemble,Average,Cases,2022-01-03,98244.042789855,228524.753043478,0.429905476240307,average,10
mean_ensemble,Average,Deaths,2022-01-03,348.114744565217,219.891195652174,1.58312270544869,average,10
mean_ensemble,Average,Cases,2022-01-10,68925.9666425121,120659.800326087,0.571242173915732,average,10
mean_ensemble,Average,Deaths,2022-01-10,609.315152173913,434.753940217391,1.4015172625445,average,10
mean_ensemble,Average,Cases,2022-01-17,67825.0063066122,101812.50923913,0.666175569323307,average,10
mean_ensemble,Average,Deaths,2022-01-17,814.936702294686,463.024293478261,1.7600301188796,average,10
mean_ensemble,Average,Cases,2022-01-24,173775.998991848,111354.185434783,1.56056998049368,average,10
mean_ensemble,Average,Deaths,2022-01-24,1126.67462016908,427.006548913044,2.63854178123746,average,10
mean_ensemble,Average,Cases,2022-01-31,291003.974504076,205127.196195652,1.41865135340959,average,10
mean_ensemble,Average,Deaths,2022-01-31,588.185461201691,334.116875,1.76041830033784,average,10
mean_ensemble,Average,Cases,2022-02-07,175130.832088164,177083.685217391,0.988972145419101,average,10
mean_ensemble,Average,Deaths,2022-02-07,244.648472222222,137.982880434783,1.77303496963781,average,10
mean_ensemble,Average,Cases,2022-02-14,61882.8983550725,57032.7010869565,1.08504239104371,average,10
mean_ensemble,Average,Deaths,2022-02-14,163.746950483092,107.166467391304,1.52796816456766,average,10
mean_ensemble,Average,Cases,2022-02-21,76990.6862868358,76218.2007880435,1.0101351841267,average,10
mean_ensemble,Average,Deaths,2022-02-21,138.564680706522,125.923423913044,1.10038844561761,average,10
mean_ensemble,Average,Cases,2022-02-28,126106.987866546,135466.263695652,0.930910652041504,average,10
mean_ensemble,Average,Deaths,2022-02-28,113.672531055901,121.589184782609,0.934890148816588,average,10
mean_ensemble,Average,Cases,2022-03-07,100253.227092391,107063.419293478,0.936391045176513,average,10
mean_ensemble,Average,Deaths,2022-03-07,119.059355590062,111.460652173913,1.06817386465937,average,10
median_ensemble,DE,Cases,2021-04-12,12982.277826087,13536.7779891304,0.959037507781488,,10
median_ensemble,DE,Deaths,2021-04-12,115.19375,139.261956521739,0.827173141015134,,10
median_ensemble,PL,Cases,2021-04-12,10811.22,21065.6732608696,0.513215023612957,,10
median_ensemble,PL,Deaths,2021-04-12,152.616304347826,186.638043478261,0.817712731571805,,10
median_ensemble,DE,Cases,2021-04-19,29280.3391847826,29133.4591304348,1.0050416276931,,10
median_ensemble,DE,Deaths,2021-04-19,167.620489130435,207.764347826087,0.806781774083514,,10
median_ensemble,PL,Cases,2021-04-19,16386.2299456522,18061.3927173913,0.907251738669847,,10
median_ensemble,PL,Deaths,2021-04-19,389.724782608696,184.177119565217,2.11603256435278,,10
median_ensemble,DE,Cases,2021-04-26,37610.9040217391,38831.9802173913,0.968554882114786,,10
median_ensemble,DE,Deaths,2021-04-26,142.989293478261,137.62652173913,1.03896612129234,,10
median_ensemble,PL,Cases,2021-04-26,5619.20847826087,4160.10260869565,1.35073795211573,,10
median_ensemble,PL,Deaths,2021-04-26,217.263695652174,158.412336956522,1.37150742061084,,10
median_ensemble,DE,Cases,2021-05-03,28971.835,27765.1694021739,1.04345968794023,,10
median_ensemble,DE,Deaths,2021-05-03,109.691195652174,101.690434782609,1.0786776149268,,10
median_ensemble,PL,Cases,2021-05-03,3673.49402173913,3823.07945652174,0.960873051035486,,10
median_ensemble,PL,Deaths,2021-05-03,101.105869565217,101.31402173913,0.997945475163852,,10
median_ensemble,DE,Cases,2021-05-10,11901.263423913,15884.2697826087,0.74924838137309,,10
median_ensemble,DE,Deaths,2021-05-10,81.720597826087,78.1940217391304,1.04510032875303,,10
median_ensemble,PL,Cases,2021-05-10,3997.88760869565,3954.45336956522,1.01098362657775,,10
median_ensemble,PL,Deaths,2021-05-10,117.71722826087,93.7517391304348,1.25562714198925,,10
median_ensemble,DE,Cases,2021-05-17,3493.91690217391,3014.46076086957,1.15905204258358,,10
median_ensemble,DE,Deaths,2021-05-17,54.7551086956522,59.1986956521739,0.924937755679106,,10
median_ensemble,PL,Cases,2021-05-17,5590.19201086957,4637.23880434783,1.20550013633722,,10
median_ensemble,PL,Deaths,2021-05-17,64.8227173913043,81.9801086956522,0.790712752430666,,10
median_ensemble,DE,Cases,2021-05-24,7869.06114130435,8713.84505434783,0.903052681362291,,10
median_ensemble,DE,Deaths,2021-05-24,60.8323913043478,50.7050543478261,1.19973032445741,,10
median_ensemble,PL,Cases,2021-05-24,703.675923913044,817.855489130435,0.860391515695774,,10
median_ensemble,PL,Deaths,2021-05-24,48.3390217391304,63.9291304347826,0.756134510361338,,10
median_ensemble,DE,Cases,2021-05-31,1432.59054347826,1835.58195652174,0.78045577773759,,10
median_ensemble,DE,Deaths,2021-05-31,43.6921195652174,48.7001086956522,0.897166777147627,,10
median_ensemble,PL,Cases,2021-05-31,232.450163043478,263.645434782609,0.881677178423921,,10
median_ensemble,PL,Deaths,2021-05-31,31.3026630434783,35.0245652173913,0.893734521733194,,10
median_ensemble,DE,Cases,2021-06-07,1613.05538043478,1793.64076086957,0.899319091997422,,10
median_ensemble,DE,Deaths,2021-06-07,55.5846739130435,50.9749456521739,1.0904312540581,,10
median_ensemble,PL,Cases,2021-06-07,209.927010869565,150.006956521739,1.3994485038375,,10
median_ensemble,PL,Deaths,2021-06-07,30.1739673913044,26.0697826086957,1.15743072522744,,10
median_ensemble,DE,Cases,2021-06-14,1272.21407608696,1481.86054347826,0.858524833315815,,10
median_ensemble,DE,Deaths,2021-06-14,39.5870652173913,40.2708695652174,0.983019876272632,,10
median_ensemble,PL,Cases,2021-06-14,187.181793478261,206.125869565217,0.908094621374234,,10
median_ensemble,PL,Deaths,2021-06-14,10.5320652173913,11.1182608695652,0.947276317847646,,10
median_ensemble,DE,Cases,2021-06-21,1948.04831521739,1550.90967391304,1.25606819532071,,10
median_ensemble,DE,Deaths,2021-06-21,44.8882065217391,31.9963043478261,1.40291847563917,,10
median_ensemble,PL,Cases,2021-06-21,99.0596739130435,71.2167391304348,1.39096053993168,,10
median_ensemble,PL,Deaths,2021-06-21,8.84478260869565,7.90086956521739,1.11946951353731,,10
median_ensemble,DE,Cases,2021-06-28,3892.28043478261,3635.72152173913,1.07056616176718,,10
median_ensemble,DE,Deaths,2021-06-28,20.7939130434783,26.9844565217391,0.770588543324055,,10
median_ensemble,PL,Cases,2021-06-28,137.085434782609,111.57875,1.22859805099635,,10
median_ensemble,PL,Deaths,2021-06-28,5.08445652173913,5.44548913043478,0.933700609798697,,10
median_ensemble,DE,Cases,2021-07-05,5491.14135869565,4029.78869565217,1.36263754092619,,10
median_ensemble,DE,Deaths,2021-07-05,22.2583152173913,22.4128260869565,0.993106140699716,,10
median_ensemble,PL,Cases,2021-07-05,132.491793478261,126.592065217391,1.04660425004315,,10
median_ensemble,PL,Deaths,2021-07-05,4.5954347826087,4.92815217391304,0.932486380378923,,10
median_ensemble,DE,Cases,2021-07-12,3524.20777173913,3078.42918478261,1.14480715982038,,10
median_ensemble,DE,Deaths,2021-07-12,18.5689673913044,17.4077173913044,1.06670891845821,,10
median_ensemble,PL,Cases,2021-07-12,260.605489130435,198.436032608696,1.31329721575483,,10
median_ensemble,PL,Deaths,2021-07-12,4.29353260869565,5.29875,0.810291598715858,,10
median_ensemble,DE,Cases,2021-07-19,4254.34081521739,2607.75956521739,1.63141605229343,,10
median_ensemble,DE,Deaths,2021-07-19,23.1242934782609,23.8509782608696,0.969532286069754,,10
median_ensemble,PL,Cases,2021-07-19,64.6348913043478,112.88875,0.57255387542468,,10
median_ensemble,PL,Deaths,2021-07-19,7.03663043478261,7.04902173913044,0.998242124254059,,10
median_ensemble,DE,Cases,2021-07-26,2469.20288043478,2592.4652173913,0.952453619771009,,10
median_ensemble,DE,Deaths,2021-07-26,71.2348369565218,102.158260869565,0.697298841524659,,10
median_ensemble,PL,Cases,2021-07-26,153.543913043478,150.603913043478,1.01952140512545,,10
median_ensemble,PL,Deaths,2021-07-26,6.29657608695652,5.55646739130435,1.13319770342042,,10
median_ensemble,DE,Cases,2021-08-02,4654.5689673913,4832.54130434783,0.963172102265034,,10
median_ensemble,DE,Deaths,2021-08-02,42.0275543478261,109.809456521739,0.3827316487948,,10
median_ensemble,PL,Cases,2021-08-02,148.684347826087,151.385108695652,0.982159666212647,,10
median_ensemble,PL,Deaths,2021-08-02,3.41380434782609,4.94445652173913,0.690430653564598,,10
median_ensemble,DE,Cases,2021-08-09,9736.85114130435,10201.9520652174,0.954410595056728,,10
median_ensemble,DE,Deaths,2021-08-09,29.6534239130435,59.4744565217391,0.498590918644285,,10
median_ensemble,PL,Cases,2021-08-09,160.187934782609,174.535,0.91779834865562,,10
median_ensemble,PL,Deaths,2021-08-09,7.03842391304348,7.3416847826087,0.958693286548669,,10
median_ensemble,DE,Cases,2021-08-16,5605.97358695652,6106.12510869565,0.918090194217136,,10
median_ensemble,DE,Deaths,2021-08-16,37.7702173913044,27.1496739130435,1.39118493696377,,10
median_ensemble,PL,Cases,2021-08-16,199.361793478261,208.383695652174,0.956705335579747,,10
median_ensemble,PL,Deaths,2021-08-16,4.71891304347826,4.83048913043478,0.976901700025877,,10
median_ensemble,DE,Cases,2021-08-23,45696.1217934783,27438.1152173913,1.66542495471826,,10
median_ensemble,DE,Deaths,2021-08-23,32.2496739130435,62.4788586956522,0.516169382512867,,10
median_ensemble,PL,Cases,2021-08-23,499.451847826087,474.557826086957,1.05245729892266,,10
median_ensemble,PL,Deaths,2021-08-23,7.38347826086957,7.38347826086957,1,,10
median_ensemble,DE,Cases,2021-08-30,71948.5604347826,44869.5389673913,1.60350567646953,,10
median_ensemble,DE,Deaths,2021-08-30,23.5735869565217,30.6541304347826,0.76901828961272,,10
median_ensemble,PL,Cases,2021-08-30,684.101413043478,763.076956521739,0.89650382860695,,10
median_ensemble,PL,Deaths,2021-08-30,14.7882608695652,16.166902173913,0.914724460535649,,10
median_ensemble,DE,Cases,2021-09-06,30343.3846195652,29440.6620652174,1.03066244068656,,10
median_ensemble,DE,Deaths,2021-09-06,35.4614130434783,34.6486956521739,1.02345593033178,,10
median_ensemble,PL,Cases,2021-09-06,553.732065217391,557.109347826087,0.993937846094534,,10
median_ensemble,PL,Deaths,2021-09-06,9.55163043478261,9.75989130434783,0.978661558508091,,10
median_ensemble,DE,Cases,2021-09-13,9510.74967391304,9392.32320652174,1.01260885776472,,10
median_ensemble,DE,Deaths,2021-09-13,44.6216304347826,43.330652173913,1.02979364943985,,10
median_ensemble,PL,Cases,2021-09-13,857.802391304348,872.490760869565,0.983165014205333,,10
median_ensemble,PL,Deaths,2021-09-13,11.5208695652174,11.2979347826087,1.01973234815905,,10
median_ensemble,DE,Cases,2021-09-20,5420.62440217391,4933.83336956522,1.09866385752132,,10
median_ensemble,DE,Deaths,2021-09-20,37.2265760869565,43.6676630434783,0.852497557515075,,10
median_ensemble,PL,Cases,2021-09-20,856.770869565217,856.977282608696,0.999759138255276,,10
median_ensemble,PL,Deaths,2021-09-20,15.3517934782609,15.1552173913043,1.01297085233956,,10
median_ensemble,DE,Cases,2021-09-27,10851.202826087,11975.1623913043,0.906142436445493,,10
median_ensemble,DE,Deaths,2021-09-27,34.5288043478261,36.3751086956522,0.949242643828944,,10
median_ensemble,PL,Cases,2021-09-27,4660.11798913044,4660.11798913044,1,,10
median_ensemble,PL,Deaths,2021-09-27,30.6953804347826,33.2423913043478,0.923380636301213,,10
median_ensemble,DE,Cases,2021-10-04,15614.8436956522,15286.4033695652,1.0214857817203,,10
median_ensemble,DE,Deaths,2021-10-04,53.2395652173913,54.2392391304348,0.981569175212074,,10
median_ensemble,PL,Cases,2021-10-04,6477.69005434783,6469.36782608696,1.00128640517661,,10
median_ensemble,PL,Deaths,2021-10-04,45.6928260869565,48.1332608695652,0.949298370014407,,10
median_ensemble,DE,Cases,2021-10-11,30770.1998369565,30576.7833695652,1.00632559890468,,10
median_ensemble,DE,Deaths,2021-10-11,96.95,87.1671195652174,1.11223131478451,,10
median_ensemble,PL,Cases,2021-10-11,12743.6789130435,12438.2626086957,1.02455457920098,,10
median_ensemble,PL,Deaths,2021-10-11,48.9803804347826,50.0216304347826,0.979184005180368,,10
median_ensemble,DE,Cases,2021-10-18,56506.1378804348,55266.4732608696,1.02243068078026,,10
median_ensemble,DE,Deaths,2021-10-18,171.302989130435,151.710652173913,1.12914279040909,,10
median_ensemble,PL,Cases,2021-10-18,14928.9802173913,14817.1605434783,1.00754663308027,,10
median_ensemble,PL,Deaths,2021-10-18,71.1982065217391,66.3151086956522,1.07363477075032,,10
median_ensemble,DE,Cases,2021-10-25,13421.5397826087,32965.7807065217,0.407135505210513,,10
median_ensemble,DE,Deaths,2021-10-25,74.2884782608696,121.45652173913,0.611646679792375,,10
median_ensemble,PL,Cases,2021-10-25,7546.22782608696,7546.22782608696,1,,10
median_ensemble,PL,Deaths,2021-10-25,111.422826086957,111.422826086957,1,,10
median_ensemble,DE,Cases,2021-11-01,19782.570923913,28177.1170108696,0.70207931195664,,10
median_ensemble,DE,Deaths,2021-11-01,77.9036956521739,82.0348913043478,0.949640993161712,,10
median_ensemble,PL,Cases,2021-11-01,5848.39168478261,5848.39168478261,1,,10
median_ensemble,PL,Deaths,2021-11-01,146.40097826087,146.40097826087,1,,10
median_ensemble,DE,Cases,2021-11-08,34672.9263043478,55359.6719565217,0.626321021764348,,10
median_ensemble,DE,Deaths,2021-11-08,98.7507608695652,93.2020108695652,1.0595346596949,,10
median_ensemble,PL,Cases,2021-11-08,15666.673423913,26051.5427173913,0.601372194877902,,10
median_ensemble,PL,Deaths,2021-11-08,176.141576086957,162.883695652174,1.08139476687153,,10
median_ensemble,DE,Cases,2021-11-15,112083.47076087,47485.2813043478,2.36038342160157,,10
median_ensemble,DE,Deaths,2021-11-15,418.038097826087,246.956847826087,1.69275766801364,,10
median_ensemble,PL,Cases,2021-11-15,24154.1093478261,26587.3404347826,0.908481591345132,,10
median_ensemble,PL,Deaths,2021-11-15,189.485217391304,171.578913043478,1.10436191738369,,10
median_ensemble,DE,Cases,2021-11-22,134673.648858696,117190.0375,1.14919025312792,,10
median_ensemble,DE,Deaths,2021-11-22,201.386195652174,241.258260869565,0.834732849877634,,10
median_ensemble,PL,Cases,2021-11-22,28792.5558152174,33260.4215217391,0.865670201936511,,10
median_ensemble,PL,Deaths,2021-11-22,746.148913043478,814.002010869565,0.916642591885489,,10
median_ensemble,DE,Cases,2021-11-29,127497.219891304,145713.154836957,0.874987711534799,,10
median_ensemble,DE,Deaths,2021-11-29,268.953423913043,251.013804347826,1.07146865731878,,10
median_ensemble,PL,Cases,2021-11-29,42593.3008152174,43320.7041304348,0.98320887599086,,10
median_ensemble,PL,Deaths,2021-11-29,618.786902173913,636.545652173913,0.972101372557725,,10
median_ensemble,DE,Cases,2021-12-06,64421.4723913044,61549.5110869565,1.04666099297345,,10
median_ensemble,DE,Deaths,2021-12-06,183.120815217391,183.082065217391,1.00021165371908,,10
median_ensemble,PL,Cases,2021-12-06,21362.9702173913,21351.0627717391,1.00055769803028,,10
median_ensemble,PL,Deaths,2021-12-06,176.099619565217,206.756847826087,0.851723275029532,,10
median_ensemble,DE,Cases,2021-12-13,34136.3011413044,35019.2485869565,0.974786796368297,,10
median_ensemble,DE,Deaths,2021-12-13,211.640706521739,210.22097826087,1.00675350420598,,10
median_ensemble,PL,Cases,2021-12-13,20817.0113043478,14333.3019565217,1.45235280520103,,10
median_ensemble,PL,Deaths,2021-12-13,163.763152173913,178.783804347826,0.91598426810132,,10
median_ensemble,DE,Cases,2021-12-20,82775.1929891305,82775.1929891305,1,,10
median_ensemble,DE,Deaths,2021-12-20,138.729347826087,138.626956521739,1.00073861034619,,10
median_ensemble,PL,Cases,2021-12-20,12693.9239673913,12693.9239673913,1,,10
median_ensemble,PL,Deaths,2021-12-20,315.26277173913,264.400760869565,1.19236711234222,,10
median_ensemble,DE,Cases,2021-12-27,252970.667663044,250160.288043478,1.01123431557241,,10
median_ensemble,DE,Deaths,2021-12-27,237.483804347826,228.866413043478,1.03765249426403,,10
median_ensemble,PL,Cases,2021-12-27,46505.1748913044,46505.1748913044,1,,10
median_ensemble,PL,Deaths,2021-12-27,275.064293478261,275.064293478261,1,,10
median_ensemble,DE,Cases,2022-01-03,346486.911956522,352812.420326087,0.982071185692049,,10
median_ensemble,DE,Deaths,2022-01-03,210.722717391304,201.471195652174,1.04591982347245,,10
median_ensemble,PL,Cases,2022-01-03,104237.08576087,104237.08576087,1,,10
median_ensemble,PL,Deaths,2022-01-03,238.311195652174,238.311195652174,1,,10
median_ensemble,DE,Cases,2022-01-10,46336.4048913044,119748.737391304,0.386946918194973,,10
median_ensemble,DE,Deaths,2022-01-10,568.353152173913,483.949673913043,1.17440548637715,,10
median_ensemble,PL,Cases,2022-01-10,121570.86326087,121570.86326087,1,,10
median_ensemble,PL,Deaths,2022-01-10,385.558206521739,385.558206521739,1,,10
median_ensemble,DE,Cases,2022-01-17,88502.0602173913,119823.167391304,0.738605581409576,,10
median_ensemble,DE,Deaths,2022-01-17,382.152391304348,382.152391304348,1,,10
median_ensemble,PL,Cases,2022-01-17,84229.1455434783,83801.8510869565,1.00509886656416,,10
median_ensemble,PL,Deaths,2022-01-17,543.896195652174,543.896195652174,1,,10
median_ensemble,DE,Cases,2022-01-24,48083.3479891304,85788.7776086957,0.560485291076774,,10
median_ensemble,DE,Deaths,2022-01-24,286.693695652174,286.693695652174,1,,10
median_ensemble,PL,Cases,2022-01-24,130773.565815217,136919.59326087,0.955112140641973,,10
median_ensemble,PL,Deaths,2022-01-24,734.740326086957,567.319402173913,1.29510875755615,,10
median_ensemble,DE,Cases,2022-01-31,152605.945108696,212440.150217391,0.718347943891647,,10
median_ensemble,DE,Deaths,2022-01-31,167.917717391304,167.917717391304,1,,10
median_ensemble,PL,Cases,2022-01-31,182301.552173913,197814.242173913,0.921579508990249,,10
median_ensemble,PL,Deaths,2022-01-31,500.316032608696,500.316032608696,1,,10
median_ensemble,DE,Cases,2022-02-07,271043.827228261,233892.076195652,1.15884142651131,,10
median_ensemble,DE,Deaths,2022-02-07,149.720869565217,149.720869565217,1,,10
median_ensemble,PL,Cases,2022-02-07,120275.29423913,120275.29423913,1,,10
median_ensemble,PL,Deaths,2022-02-07,164.736630434783,126.244891304348,1.30489740006699,,10
median_ensemble,DE,Cases,2022-02-14,113042.288478261,103214.074565217,1.09522164447479,,10
median_ensemble,DE,Deaths,2022-02-14,96.9526086956522,96.9526086956522,1,,10
median_ensemble,PL,Cases,2022-02-14,10082.2956521739,10851.3276086957,0.929130150314006,,10
median_ensemble,PL,Deaths,2022-02-14,117.380326086957,117.380326086957,1,,10
median_ensemble,DE,Cases,2022-02-21,138542.918532609,143345.581032609,0.96649591521829,,10
median_ensemble,DE,Deaths,2022-02-21,118.511793478261,136.923043478261,0.865535781762526,,10
median_ensemble,PL,Cases,2022-02-21,9599.87,9090.82054347826,1.05599598563046,,10
median_ensemble,PL,Deaths,2022-02-21,109.678641304348,114.923804347826,0.954359646608953,,10
median_ensemble,DE,Cases,2022-02-28,253055.904184783,260271.143586957,0.972277989396995,,10
median_ensemble,DE,Deaths,2022-02-28,118.490217391304,140.178152173913,0.845283059833023,,10
median_ensemble,PL,Cases,2022-02-28,11689.4738043478,10661.3838043478,1.096431196819,,10
median_ensemble,PL,Deaths,2022-02-28,106.556195652174,103.000217391304,1.03452398791898,,10
median_ensemble,DE,Cases,2022-03-07,225207.96201087,207524.574891304,1.08521105092651,,10
median_ensemble,DE,Deaths,2022-03-07,133.094456521739,137.937173913043,0.964891861606812,,10
median_ensemble,PL,Cases,2022-03-07,7388.52157608696,6602.26369565218,1.11908913619318,,10
median_ensemble,PL,Deaths,2022-03-07,84.9841304347826,84.9841304347826,1,,10
median_ensemble,Average,Cases,2021-04-12,11896.7489130435,17301.225625,0.687624632549318,average,10
median_ensemble,Average,Deaths,2021-04-12,133.905027173913,162.95,0.821755306375655,average,10
median_ensemble,Average,Cases,2021-04-19,22833.2845652174,23597.425923913,0.96761759688707,average,10
median_ensemble,Average,Deaths,2021-04-19,278.672635869565,195.970733695652,1.42201149434053,average,10
median_ensemble,Average,Cases,2021-04-26,21615.05625,21496.0414130435,1.00553659321126,average,10
median_ensemble,Average,Deaths,2021-04-26,180.126494565217,148.019429347826,1.21691115388605,average,10
median_ensemble,Average,Cases,2021-05-03,16322.6645108696,15794.1244293478,1.03346434833321,average,10
median_ensemble,Average,Deaths,2021-05-03,105.398532608696,101.50222826087,1.03838639224562,average,10
median_ensemble,Average,Cases,2021-05-10,7949.57551630435,9919.36157608696,0.801420076819131,average,10
median_ensemble,Average,Deaths,2021-05-10,99.7189130434783,85.9728804347826,1.15988800816233,average,10
median_ensemble,Average,Cases,2021-05-17,4542.05445652174,3825.8497826087,1.18720146231792,average,10
median_ensemble,Average,Deaths,2021-05-17,59.7889130434783,70.5894021739131,0.846995599936867,average,10
median_ensemble,Average,Cases,2021-05-24,4286.3685326087,4765.85027173913,0.899392194091011,average,10
median_ensemble,Average,Deaths,2021-05-24,54.5857065217391,57.3170923913044,0.952346049745196,average,10
median_ensemble,Average,Cases,2021-05-31,832.52035326087,1049.61369565217,0.793168340608957,average,10
median_ensemble,Average,Deaths,2021-05-31,37.4973913043478,41.8623369565217,0.895730960822676,average,10
median_ensemble,Average,Cases,2021-06-07,911.491195652174,971.823858695652,0.937918108818141,average,10
median_ensemble,Average,Deaths,2021-06-07,42.8793206521739,38.5223641304348,1.11310200243647,average,10
median_ensemble,Average,Cases,2021-06-14,729.697934782609,843.993206521739,0.86457797188894,average,10
median_ensemble,Average,Deaths,2021-06-14,25.0595652173913,25.6945652173913,0.975286602648166,average,10
median_ensemble,Average,Cases,2021-06-21,1023.55399456522,811.063206521739,1.26199041743584,average,10
median_ensemble,Average,Deaths,2021-06-21,26.8664945652174,19.9485869565217,1.34678684880154,average,10
median_ensemble,Average,Cases,2021-06-28,2014.68293478261,1873.65013586957,1.07527168291085,average,10
median_ensemble,Average,Deaths,2021-06-28,12.9391847826087,16.214972826087,0.797977580436761,average,10
median_ensemble,Average,Cases,2021-07-05,2811.81657608696,2078.19038043478,1.35301202553863,average,10
median_ensemble,Average,Deaths,2021-07-05,13.426875,13.6704891304348,0.982179560064722,average,10
median_ensemble,Average,Cases,2021-07-12,1892.40663043478,1638.43260869565,1.15501035586768,average,10
median_ensemble,Average,Deaths,2021-07-12,11.43125,11.3532336956522,1.00687172539906,average,10
median_ensemble,Average,Cases,2021-07-19,2159.48785326087,1360.3241576087,1.5874803378167,average,10
median_ensemble,Average,Deaths,2021-07-19,15.0804619565217,15.45,0.97608168003377,average,10
median_ensemble,Average,Cases,2021-07-26,1311.37339673913,1371.53456521739,0.956135871450877,average,10
median_ensemble,Average,Deaths,2021-07-26,38.7657065217391,53.8573641304348,0.719784696998059,average,10
median_ensemble,Average,Cases,2021-08-02,2401.6266576087,2491.96320652174,0.963748843210597,average,10
median_ensemble,Average,Deaths,2021-08-02,22.7206793478261,57.3769565217391,0.395989622405601,average,10
median_ensemble,Average,Cases,2021-08-09,4948.51953804348,5188.2435326087,0.95379476829518,average,10
median_ensemble,Average,Deaths,2021-08-09,18.3459239130435,33.4080706521739,0.549146465357157,average,10
median_ensemble,Average,Cases,2021-08-16,2902.66769021739,3157.25440217391,0.919364523878333,average,10
median_ensemble,Average,Deaths,2021-08-16,21.2445652173913,15.9900815217391,1.3286089372658,average,10
median_ensemble,Average,Cases,2021-08-23,23097.7868206522,13956.3365217391,1.65500357380132,average,10
median_ensemble,Average,Deaths,2021-08-23,19.8165760869565,34.9311684782609,0.567303555828349,average,10
median_ensemble,Average,Cases,2021-08-30,36316.330923913,22816.3079619565,1.59168306215301,average,10
median_ensemble,Average,Deaths,2021-08-30,19.1809239130435,23.4105163043478,0.819329384439128,average,10
median_ensemble,Average,Cases,2021-09-06,15448.5583423913,14998.8857065217,1.0299804028558,average,10
median_ensemble,Average,Deaths,2021-09-06,22.5065217391304,22.2042934782609,1.01361125320945,average,10
median_ensemble,Average,Cases,2021-09-13,5184.2760326087,5132.40698369565,1.01010618391679,average,10
median_ensemble,Average,Deaths,2021-09-13,28.07125,27.3142934782609,1.02771283549185,average,10
median_ensemble,Average,Cases,2021-09-20,3138.69763586957,2895.40532608696,1.08402702985679,average,10
median_ensemble,Average,Deaths,2021-09-20,26.2891847826087,29.4114402173913,0.893842144019306,average,10
median_ensemble,Average,Cases,2021-09-27,7755.6604076087,8317.64019021739,0.93243518957821,average,10
median_ensemble,Average,Deaths,2021-09-27,32.6120923913043,34.80875,0.936893522212212,average,10
median_ensemble,Average,Cases,2021-10-04,11046.266875,10877.8855978261,1.01547922853754,average,10
median_ensemble,Average,Deaths,2021-10-04,49.4661956521739,51.18625,0.96639616405136,average,10
median_ensemble,Average,Cases,2021-10-11,21756.939375,21507.5229891304,1.01159670437156,average,10
median_ensemble,Average,Deaths,2021-10-11,72.9651902173913,68.594375,1.06371973237443,average,10
median_ensemble,Average,Cases,2021-10-18,35717.559048913,35041.8169021739,1.01928387870485,average,10
median_ensemble,Average,Deaths,2021-10-18,121.250597826087,109.012880434783,1.11225937102566,average,10
median_ensemble,Average,Cases,2021-10-25,10483.8838043478,20256.0042663044,0.517569194127178,average,10
median_ensemble,Average,Deaths,2021-10-25,92.8556521739131,116.439673913044,0.797457164327488,average,10
median_ensemble,Average,Cases,2021-11-01,12815.4813043478,17012.7543478261,0.753286683762962,average,10
median_ensemble,Average,Deaths,2021-11-01,112.152336956522,114.217934782609,0.981915293513068,average,10
median_ensemble,Average,Cases,2021-11-08,25169.7998641304,40705.6073369565,0.618337411250927,average,10
median_ensemble,Average,Deaths,2021-11-08,137.446168478261,128.04285326087,1.07343881347468,average,10
median_ensemble,Average,Cases,2021-11-15,68118.7900543478,37036.3108695652,1.83924339263295,average,10
median_ensemble,Average,Deaths,2021-11-15,303.761657608696,209.267880434783,1.45154457997849,average,10
median_ensemble,Average,Cases,2021-11-22,81733.1023369565,75225.2295108696,1.08651183743011,average,10
median_ensemble,Average,Deaths,2021-11-22,473.767554347826,527.630135869565,0.897916025147103,average,10
median_ensemble,Average,Cases,2021-11-29,85045.2603532609,94516.9294836957,0.899788649692978,average,10
median_ensemble,Average,Deaths,2021-11-29,443.870163043478,443.77972826087,1.00020378304111,average,10
median_ensemble,Average,Cases,2021-12-06,42892.2213043478,41450.2869293478,1.0347870782525,average,10
median_ensemble,Average,Deaths,2021-12-06,179.610217391304,194.919456521739,0.921458640386024,average,10
median_ensemble,Average,Cases,2021-12-13,27476.6562228261,24676.2752717391,1.11348475084869,average,10
median_ensemble,Average,Deaths,2021-12-13,187.701929347826,194.502391304348,0.965036615175179,average,10
median_ensemble,Average,Cases,2021-12-20,47734.5584782609,47734.5584782609,1,average,10
median_ensemble,Average,Deaths,2021-12-20,226.996059782609,201.513858695652,1.12645383921432,average,10
median_ensemble,Average,Cases,2021-12-27,149737.921277174,148332.731467391,1.00947322816671,average,10
median_ensemble,Average,Deaths,2021-12-27,256.274048913044,251.96535326087,1.01710034969654,average,10
median_ensemble,Average,Cases,2022-01-03,225361.998858696,228524.753043478,0.986160124263734,average,10
median_ensemble,Average,Deaths,2022-01-03,224.516956521739,219.891195652174,1.02103658973633,average,10
median_ensemble,Average,Cases,2022-01-10,83953.634076087,120659.800326087,0.695787941378981,average,10
median_ensemble,Average,Deaths,2022-01-10,476.955679347826,434.753940217391,1.09707040057954,average,10
median_ensemble,Average,Cases,2022-01-17,86365.6028804348,101812.50923913,0.848280859845866,average,10
median_ensemble,Average,Deaths,2022-01-17,463.024293478261,463.024293478261,1,average,10
median_ensemble,Average,Cases,2022-01-24,89428.4569021739,111354.185434783,0.803099196972259,average,10
median_ensemble,Average,Deaths,2022-01-24,510.717010869565,427.006548913044,1.19604022975668,average,10
median_ensemble,Average,Cases,2022-01-31,167453.748641304,205127.196195652,0.816341039837475,average,10
median_ensemble,Average,Deaths,2022-01-31,334.116875,334.116875,1,average,10
median_ensemble,Average,Cases,2022-02-07,195659.560733696,177083.685217391,1.10489885329357,average,10
median_ensemble,Average,Deaths,2022-02-07,157.22875,137.982880434783,1.13948012611836,average,10
median_ensemble,Average,Cases,2022-02-14,61562.2920652174,57032.7010869565,1.07942094433428,average,10
median_ensemble,Average,Deaths,2022-02-14,107.166467391304,107.166467391304,1,average,10
median_ensemble,Average,Cases,2022-02-21,74071.3942663044,76218.2007880435,0.971833413810053,average,10
median_ensemble,Average,Deaths,2022-02-21,114.095217391304,125.923423913044,0.906068258357499,average,10
median_ensemble,Average,Cases,2022-02-28,132372.688994565,135466.263695652,0.977163504649119,average,10
median_ensemble,Average,Deaths,2022-02-28,112.523206521739,121.589184782609,0.925437626076046,average,10
median_ensemble,Average,Cases,2022-03-07,116298.241793478,107063.419293478,1.08625562830836,average,10
median_ensemble,Average,Deaths,2022-03-07,109.039293478261,111.460652173913,0.978276112256421,average,10
weighted.mean_ensemble,DE,Cases,2021-04-12,13959.7648020546,13536.7779891304,1.03124722982558,,10
weighted.mean_ensemble,DE,Deaths,2021-04-12,119.896083159053,139.261956521739,0.860939241079361,,10
weighted.mean_ensemble,DE,Cases,2021-04-19,29841.8803022807,29133.4591304348,1.02431641119835,,10
weighted.mean_ensemble,DE,Deaths,2021-04-19,147.93731723709,207.764347826087,0.712043807250913,,10
weighted.mean_ensemble,DE,Cases,2021-04-26,36423.4901620259,38831.9802173913,0.937976635703816,,10
weighted.mean_ensemble,DE,Deaths,2021-04-26,153.609929376664,137.62652173913,1.11613610106219,,10
weighted.mean_ensemble,DE,Cases,2021-05-03,29065.6282919843,27765.1694021739,1.04683777977269,,10
weighted.mean_ensemble,DE,Deaths,2021-05-03,126.74067307224,101.690434782609,1.24633819634249,,10
weighted.mean_ensemble,DE,Cases,2021-05-10,16570.9861539368,15884.2697826087,1.04323247972532,,10
weighted.mean_ensemble,DE,Deaths,2021-05-10,85.5318099098814,78.1940217391304,1.09384078229447,,10
weighted.mean_ensemble,DE,Cases,2021-05-17,4612.54289311496,3014.46076086957,1.53013864137492,,10
weighted.mean_ensemble,DE,Deaths,2021-05-17,65.1315841396256,59.1986956521739,1.10021991907239,,10
weighted.mean_ensemble,DE,Cases,2021-05-24,6472.34497603966,8713.84505434783,0.742765671832808,,10
weighted.mean_ensemble,DE,Deaths,2021-05-24,61.4844231520166,50.7050543478261,1.21258963120809,,10
weighted.mean_ensemble,DE,Cases,2021-05-31,1721.43383775468,1835.58195652174,0.937813662658051,,10
weighted.mean_ensemble,DE,Deaths,2021-05-31,40.0926950108804,48.7001086956522,0.823256786990699,,10
weighted.mean_ensemble,DE,Cases,2021-06-07,1631.96297099271,1793.64076086957,0.909860551006616,,10
weighted.mean_ensemble,DE,Deaths,2021-06-07,50.0524847450797,50.9749456521739,0.981903641185053,,10
weighted.mean_ensemble,DE,Cases,2021-06-14,1283.61448117651,1481.86054347826,0.866218138289573,,10
weighted.mean_ensemble,DE,Deaths,2021-06-14,35.5739219620006,40.2708695652174,0.88336612410094,,10
weighted.mean_ensemble,DE,Cases,2021-06-21,1636.54167897986,1550.90967391304,1.05521405050673,,10
weighted.mean_ensemble,DE,Deaths,2021-06-21,33.3926614670321,31.9963043478261,1.04364120005944,,10
weighted.mean_ensemble,DE,Cases,2021-06-28,3511.8984297942,3635.72152173913,0.965942635813951,,10
weighted.mean_ensemble,DE,Deaths,2021-06-28,18.8461932357755,26.9844565217391,0.698409220159491,,10
weighted.mean_ensemble,DE,Cases,2021-07-05,4330.54706447524,4029.78869565217,1.07463378145548,,10
weighted.mean_ensemble,DE,Deaths,2021-07-05,18.6675728725891,22.4128260869565,0.832896877893188,,10
weighted.mean_ensemble,DE,Cases,2021-07-12,2961.27696860954,3078.42918478261,0.961944157509882,,10
weighted.mean_ensemble,DE,Deaths,2021-07-12,16.7821286580257,17.4077173913044,0.964062563791899,,10
weighted.mean_ensemble,DE,Cases,2021-07-19,3326.53108821979,2607.75956521739,1.2756279883274,,10
weighted.mean_ensemble,DE,Deaths,2021-07-19,46.7112920766547,23.8509782608696,1.95846441037977,,10
weighted.mean_ensemble,DE,Cases,2021-07-26,2885.9760166431,2592.4652173913,1.11321687067692,,10
weighted.mean_ensemble,DE,Deaths,2021-07-26,84.1403935488166,102.158260869565,0.823627896879003,,10
weighted.mean_ensemble,DE,Cases,2021-08-02,4221.61676811219,4832.54130434783,0.873581104069201,,10
weighted.mean_ensemble,DE,Deaths,2021-08-02,65.997185059928,109.809456521739,0.601015496756078,,10
weighted.mean_ensemble,DE,Cases,2021-08-09,9331.26056117206,10201.9520652174,0.914654421185346,,10
weighted.mean_ensemble,DE,Deaths,2021-08-09,39.3264137691805,59.4744565217391,0.66123199889697,,10
weighted.mean_ensemble,DE,Cases,2021-08-16,7235.95833933952,6106.12510869565,1.18503276800452,,10
weighted.mean_ensemble,DE,Deaths,2021-08-16,23.1106962095404,27.1496739130435,0.851232920275971,,10
weighted.mean_ensemble,DE,Cases,2021-08-23,47293.8035399903,27438.1152173913,1.72365350773124,,10
weighted.mean_ensemble,DE,Deaths,2021-08-23,40.4936242371446,62.4788586956522,0.648117220488897,,10
weighted.mean_ensemble,DE,Cases,2021-08-30,70422.6178592191,44869.5389673913,1.5694972464593,,10
weighted.mean_ensemble,DE,Deaths,2021-08-30,25.6658637611484,30.6541304347826,0.837272608849665,,10
weighted.mean_ensemble,DE,Cases,2021-09-06,33148.0349881601,29440.6620652174,1.12592695486026,,10
weighted.mean_ensemble,DE,Deaths,2021-09-06,38.7071951007714,34.6486956521739,1.11713282050613,,10
weighted.mean_ensemble,DE,Cases,2021-09-13,13125.3831307388,9392.32320652174,1.3974586310685,,10
weighted.mean_ensemble,DE,Deaths,2021-09-13,38.1272134897059,43.330652173913,0.879913215630299,,10
weighted.mean_ensemble,DE,Cases,2021-09-20,4490.56337295557,4933.83336956522,0.910157080021389,,10
weighted.mean_ensemble,DE,Deaths,2021-09-20,36.4889004116898,43.6676630434783,0.835604606900057,,10
weighted.mean_ensemble,DE,Cases,2021-09-27,12531.5896313767,11975.1623913043,1.04646511019144,,10
weighted.mean_ensemble,DE,Deaths,2021-09-27,36.888066732608,36.3751086956522,1.01410189702106,,10
weighted.mean_ensemble,DE,Cases,2021-10-04,17781.027866717,15286.4033695652,1.16319237670507,,10
weighted.mean_ensemble,DE,Deaths,2021-10-04,57.5980098651227,54.2392391304348,1.06192510788381,,10
weighted.mean_ensemble,DE,Cases,2021-10-11,29266.5078184789,30576.7833695652,0.957148025178131,,10
weighted.mean_ensemble,DE,Deaths,2021-10-11,93.4131703475695,87.1671195652174,1.07165604202028,,10
weighted.mean_ensemble,DE,Cases,2021-10-18,47422.6158915196,55266.4732608696,0.858072047906417,,10
weighted.mean_ensemble,DE,Deaths,2021-10-18,161.128142672427,151.710652173913,1.06207534120754,,10
weighted.mean_ensemble,DE,Cases,2021-10-25,13523.9533629361,32965.7807065217,0.41024216848778,,10
weighted.mean_ensemble,DE,Deaths,2021-10-25,69.5130971336379,121.45652173913,0.572329061776865,,10
weighted.mean_ensemble,DE,Cases,2021-11-01,18246.8710785299,28177.1170108696,0.647577645061808,,10
weighted.mean_ensemble,DE,Deaths,2021-11-01,96.101676231224,82.0348913043478,1.17147319516386,,10
weighted.mean_ensemble,DE,Cases,2021-11-08,23720.7180508232,55359.6719565217,0.428483717704342,,10
weighted.mean_ensemble,DE,Deaths,2021-11-08,126.07843191396,93.2020108695652,1.35274368801339,,10
weighted.mean_ensemble,DE,Cases,2021-11-15,107252.168771159,47485.2813043478,2.25864027389343,,10
weighted.mean_ensemble,DE,Deaths,2021-11-15,575.030819586994,246.956847826087,2.3284667934859,,10
weighted.mean_ensemble,DE,Cases,2021-11-22,139524.145360336,117190.0375,1.19058026037696,,10
weighted.mean_ensemble,DE,Deaths,2021-11-22,251.109442109931,241.258260869565,1.04083251369242,,10
weighted.mean_ensemble,DE,Cases,2021-11-29,153660.137178479,145713.154836957,1.05453853737787,,10
weighted.mean_ensemble,DE,Deaths,2021-11-29,274.354454106002,251.013804347826,1.09298552252462,,10
weighted.mean_ensemble,DE,Cases,2021-12-06,76704.5344255971,61549.5110869565,1.24622491829756,,10
weighted.mean_ensemble,DE,Deaths,2021-12-06,209.963891529379,183.082065217391,1.14682938102139,,10
weighted.mean_ensemble,DE,Cases,2021-12-13,34037.5356953843,35019.2485869565,0.971966477546354,,10
weighted.mean_ensemble,DE,Deaths,2021-12-13,342.062338948964,210.22097826087,1.62715606110675,,10
weighted.mean_ensemble,DE,Cases,2021-12-20,83269.7103814295,82775.1929891305,1.00597422216054,,10
weighted.mean_ensemble,DE,Deaths,2021-12-20,152.435368655336,138.626956521739,1.09960842018075,,10
weighted.mean_ensemble,DE,Cases,2021-12-27,85653.0484083173,250160.288043478,0.342392667829958,,10
weighted.mean_ensemble,DE,Deaths,2021-12-27,197.476878735777,228.866413043478,0.862847790157231,,10
weighted.mean_ensemble,DE,Cases,2022-01-03,394248.01476112,352812.420326087,1.11744369542528,,10
weighted.mean_ensemble,DE,Deaths,2022-01-03,289.221877926994,201.471195652174,1.43554951858387,,10
weighted.mean_ensemble,DE,Cases,2022-01-10,58856.1169640012,119748.737391304,0.491496764359831,,10
weighted.mean_ensemble,DE,Deaths,2022-01-10,877.258164488559,483.949673913043,1.81270535300781,,10
weighted.mean_ensemble,DE,Cases,2022-01-17,78388.666182631,119823.167391304,0.654202921598947,,10
weighted.mean_ensemble,DE,Deaths,2022-01-17,1012.63765968968,382.152391304348,2.64982683016424,,10
weighted.mean_ensemble,DE,Cases,2022-01-24,185268.461056844,85788.7776086957,2.15958854084505,,10
weighted.mean_ensemble,DE,Deaths,2022-01-24,285.791807340302,286.693695652174,0.99685417459278,,10
weighted.mean_ensemble,DE,Cases,2022-01-31,344434.22733712,212440.150217391,1.621323591537,,10
weighted.mean_ensemble,DE,Deaths,2022-01-31,129.126319703428,167.917717391304,0.768985677684749,,10
weighted.mean_ensemble,DE,Cases,2022-02-07,256571.362789811,233892.076195652,1.09696474956761,,10
weighted.mean_ensemble,DE,Deaths,2022-02-07,161.091045168187,149.720869565217,1.07594248975435,,10
weighted.mean_ensemble,DE,Cases,2022-02-14,151844.380770921,103214.074565217,1.47115963990915,,10
weighted.mean_ensemble,DE,Deaths,2022-02-14,133.363899821579,96.9526086956522,1.37555762156155,,10
weighted.mean_ensemble,DE,Cases,2022-02-21,161417.781407607,143345.581032609,1.12607434596039,,10
weighted.mean_ensemble,DE,Deaths,2022-02-21,130.830542795084,136.923043478261,0.955504197625111,,10
weighted.mean_ensemble,DE,Cases,2022-02-28,248514.881179738,260271.143586957,0.954830711368159,,10
weighted.mean_ensemble,DE,Deaths,2022-02-28,120.74299250377,140.178152173913,0.861353860293214,,10
weighted.mean_ensemble,DE,Cases,2022-03-07,186569.655598544,207524.574891304,0.899024396008349,,10
weighted.mean_ensemble,DE,Deaths,2022-03-07,120.167476312569,137.937173913043,0.871175426490348,,10
weighted.mean_ensemble,PL,Cases,2021-04-12,20487.0293854997,21065.6732608696,0.97253143214536,,10
weighted.mean_ensemble,PL,Deaths,2021-04-12,299.056709799317,186.638043478261,1.60233521647557,,10
weighted.mean_ensemble,PL,Cases,2021-04-19,18849.178081789,18061.3927173913,1.04361708848948,,10
weighted.mean_ensemble,PL,Deaths,2021-04-19,429.993767290898,184.177119565217,2.33467527511547,,10
weighted.mean_ensemble,PL,Cases,2021-04-26,6493.64521997381,4160.10260869565,1.56093390735134,,10
weighted.mean_ensemble,PL,Deaths,2021-04-26,255.098691884445,158.412336956522,1.61034611814647,,10
weighted.mean_ensemble,PL,Cases,2021-05-03,2253.70478465294,3823.07945652174,0.5894998548378,,10
weighted.mean_ensemble,PL,Deaths,2021-05-03,90.4738549039543,101.31402173913,0.893004278686241,,10
weighted.mean_ensemble,PL,Cases,2021-05-10,3501.64750610734,3954.45336956522,0.885494701507213,,10
weighted.mean_ensemble,PL,Deaths,2021-05-10,105.004352610711,93.7517391304348,1.12002565056015,,10
weighted.mean_ensemble,PL,Cases,2021-05-17,4288.15479518804,4637.23880434783,0.924721580257525,,10
weighted.mean_ensemble,PL,Deaths,2021-05-17,113.994906525721,81.9801086956522,1.39051909468579,,10
weighted.mean_ensemble,PL,Cases,2021-05-24,773.839789997193,817.855489130435,0.946181569093532,,10
weighted.mean_ensemble,PL,Deaths,2021-05-24,50.8281383162397,63.9291304347826,0.795070071664624,,10
weighted.mean_ensemble,PL,Cases,2021-05-31,209.836278557365,263.645434782609,0.795903326489939,,10
weighted.mean_ensemble,PL,Deaths,2021-05-31,35.7926913670166,35.0245652173913,1.02193106880436,,10
weighted.mean_ensemble,PL,Cases,2021-06-07,283.321267299796,150.006956521739,1.88872085581402,,10
weighted.mean_ensemble,PL,Deaths,2021-06-07,24.2062493747077,26.0697826086957,0.928517500051329,,10
weighted.mean_ensemble,PL,Cases,2021-06-14,375.765978496113,206.125869565217,1.82299281157051,,10
weighted.mean_ensemble,PL,Deaths,2021-06-14,15.2614346994898,11.1182608695652,1.3726458551864,,10
weighted.mean_ensemble,PL,Cases,2021-06-21,121.765841263562,71.2167391304348,1.70979242731889,,10
weighted.mean_ensemble,PL,Deaths,2021-06-21,8.00693817459409,7.90086956521739,1.01342492854757,,10
weighted.mean_ensemble,PL,Cases,2021-06-28,117.141277927134,111.57875,1.04985293281323,,10
weighted.mean_ensemble,PL,Deaths,2021-06-28,5.3701153295544,5.44548913043478,0.986158488415831,,10
weighted.mean_ensemble,PL,Cases,2021-07-05,130.826929704658,126.592065217391,1.03345284303557,,10
weighted.mean_ensemble,PL,Deaths,2021-07-05,4.68638677440415,4.92815217391304,0.950941977646578,,10
weighted.mean_ensemble,PL,Cases,2021-07-12,204.203800576761,198.436032608696,1.02906613225552,,10
weighted.mean_ensemble,PL,Deaths,2021-07-12,4.01342184878773,5.29875,0.757428044121299,,10
weighted.mean_ensemble,PL,Cases,2021-07-19,69.3421579059684,112.88875,0.614252154496958,,10
weighted.mean_ensemble,PL,Deaths,2021-07-19,11.4271329130198,7.04902173913044,1.62109486052308,,10
weighted.mean_ensemble,PL,Cases,2021-07-26,133.309080757878,150.603913043478,0.88516345999186,,10
weighted.mean_ensemble,PL,Deaths,2021-07-26,7.25242707972841,5.55646739130435,1.30522264759048,,10
weighted.mean_ensemble,PL,Cases,2021-08-02,174.487796099049,151.385108695652,1.15260871827125,,10
weighted.mean_ensemble,PL,Deaths,2021-08-02,5.05185685846107,4.94445652173913,1.02172136335909,,10
weighted.mean_ensemble,PL,Cases,2021-08-09,150.814678969741,174.535,0.864094187238897,,10
weighted.mean_ensemble,PL,Deaths,2021-08-09,7.81814230408127,7.3416847826087,1.06489757263908,,10
weighted.mean_ensemble,PL,Cases,2021-08-16,193.114837597608,208.383695652174,0.926727194242433,,10
weighted.mean_ensemble,PL,Deaths,2021-08-16,5.18344089725983,4.83048913043478,1.07306750047345,,10
weighted.mean_ensemble,PL,Cases,2021-08-23,510.16133112471,474.557826086957,1.07502458726964,,10
weighted.mean_ensemble,PL,Deaths,2021-08-23,7.92356957974539,7.38347826086957,1.07314862992665,,10
weighted.mean_ensemble,PL,Cases,2021-08-30,769.313061006339,763.076956521739,1.00817231398655,,10
weighted.mean_ensemble,PL,Deaths,2021-08-30,14.2270955876935,16.166902173913,0.880013711634276,,10
weighted.mean_ensemble,PL,Cases,2021-09-06,459.827450818983,557.109347826087,0.825380964461087,,10
weighted.mean_ensemble,PL,Deaths,2021-09-06,10.058519600368,9.75989130434783,1.03059750223725,,10
weighted.mean_ensemble,PL,Cases,2021-09-13,574.055901820533,872.490760869565,0.657950694226724,,10
weighted.mean_ensemble,PL,Deaths,2021-09-13,11.6594469536775,11.2979347826087,1.03199807557973,,10
weighted.mean_ensemble,PL,Cases,2021-09-20,891.470458310227,856.977282608696,1.04024981338657,,10
weighted.mean_ensemble,PL,Deaths,2021-09-20,14.6459116413083,15.1552173913043,0.966394032045474,,10
weighted.mean_ensemble,PL,Cases,2021-09-27,3989.69334061927,4660.11798913044,0.856135692256096,,10
weighted.mean_ensemble,PL,Deaths,2021-09-27,30.3063489446293,33.2423913043478,0.911677763105614,,10
weighted.mean_ensemble,PL,Cases,2021-10-04,5613.06067052577,6469.36782608696,0.867636656535709,,10
weighted.mean_ensemble,PL,Deaths,2021-10-04,40.5542707392587,48.1332608695652,0.842541519244986,,10
weighted.mean_ensemble,PL,Cases,2021-10-11,10143.7257178811,12438.2626086957,0.815525932921655,,10
weighted.mean_ensemble,PL,Deaths,2021-10-11,48.1342149860751,50.0216304347826,0.962268014211006,,10
weighted.mean_ensemble,PL,Cases,2021-10-18,14226.3340046242,14817.1605434783,0.960125522219973,,10
weighted.mean_ensemble,PL,Deaths,2021-10-18,67.4408226626577,66.3151086956522,1.016975226146,,10
weighted.mean_ensemble,PL,Cases,2021-10-25,12072.2285862067,7546.22782608696,1.59976995982994,,10
weighted.mean_ensemble,PL,Deaths,2021-10-25,87.9950619863216,111.422826086957,0.78973999382899,,10
weighted.mean_ensemble,PL,Cases,2021-11-01,14721.8451117751,5848.39168478261,2.51724677573854,,10
weighted.mean_ensemble,PL,Deaths,2021-11-01,165.295902238797,146.40097826087,1.12906282596185,,10
weighted.mean_ensemble,PL,Cases,2021-11-08,24741.2771060593,26051.5427173913,0.949704874465751,,10
weighted.mean_ensemble,PL,Deaths,2021-11-08,164.177648254365,162.883695652174,1.00794402777399,,10
weighted.mean_ensemble,PL,Cases,2021-11-15,24266.0800577793,26587.3404347826,0.912693020849632,,10
weighted.mean_ensemble,PL,Deaths,2021-11-15,276.327074027023,171.578913043478,1.61049553890694,,10
weighted.mean_ensemble,PL,Cases,2021-11-22,32351.3091951182,33260.4215217391,0.972666842901353,,10
weighted.mean_ensemble,PL,Deaths,2021-11-22,807.322562814005,814.002010869565,0.991794310129007,,10
weighted.mean_ensemble,PL,Cases,2021-11-29,38771.2306065269,43320.7041304348,0.894981542538878,,10
weighted.mean_ensemble,PL,Deaths,2021-11-29,632.955537289075,636.545652173913,0.994360004074213,,10
weighted.mean_ensemble,PL,Cases,2021-12-06,21357.193454484,21351.0627717391,1.00028713712335,,10
weighted.mean_ensemble,PL,Deaths,2021-12-06,247.421429480437,206.756847826087,1.19667828215564,,10
weighted.mean_ensemble,PL,Cases,2021-12-13,18721.3360827575,14333.3019565217,1.30614258595447,,10
weighted.mean_ensemble,PL,Deaths,2021-12-13,177.506776018239,178.783804347826,0.992857136393058,,10
weighted.mean_ensemble,PL,Cases,2021-12-20,8721.97208019816,12693.9239673913,0.687098181980886,,10
weighted.mean_ensemble,PL,Deaths,2021-12-20,255.626282206872,264.400760869565,0.966813716292512,,10
weighted.mean_ensemble,PL,Cases,2021-12-27,42759.2888876755,46505.1748913044,0.919452275743848,,10
weighted.mean_ensemble,PL,Deaths,2021-12-27,224.621740040395,275.064293478261,0.816615407256222,,10
weighted.mean_ensemble,PL,Cases,2022-01-03,31234.6005875422,104237.08576087,0.299649595530688,,10
weighted.mean_ensemble,PL,Deaths,2022-01-03,370.631301648593,238.311195652174,1.55524082968199,,10
weighted.mean_ensemble,PL,Cases,2022-01-10,57502.9574063528,121570.86326087,0.472999498925673,,10
weighted.mean_ensemble,PL,Deaths,2022-01-10,365.772535885006,385.558206521739,0.948683051476905,,10
weighted.mean_ensemble,PL,Cases,2022-01-17,72539.4289774211,83801.8510869565,0.865606523442436,,10
weighted.mean_ensemble,PL,Deaths,2022-01-17,548.813760912812,543.896195652174,1.00904136726815,,10
weighted.mean_ensemble,PL,Cases,2022-01-24,211173.978058612,136919.59326087,1.54232110269468,,10
weighted.mean_ensemble,PL,Deaths,2022-01-24,2311.8628504231,567.319402173913,4.07506396143735,,10
weighted.mean_ensemble,PL,Cases,2022-01-31,295210.461588735,197814.242173913,1.49236201774185,,10
weighted.mean_ensemble,PL,Deaths,2022-01-31,1282.05960370485,500.316032608696,2.56249954058051,,10
weighted.mean_ensemble,PL,Cases,2022-02-07,81674.9516479928,120275.29423913,0.679066737393361,,10
weighted.mean_ensemble,PL,Deaths,2022-02-07,255.387181178466,126.244891304348,2.02295062033667,,10
weighted.mean_ensemble,PL,Cases,2022-02-14,10138.6186692954,10851.3276086957,0.934320576697991,,10
weighted.mean_ensemble,PL,Deaths,2022-02-14,181.98417259142,117.380326086957,1.55038053358792,,10
weighted.mean_ensemble,PL,Cases,2022-02-21,9349.12127420765,9090.82054347826,1.02841335713251,,10
weighted.mean_ensemble,PL,Deaths,2022-02-21,161.156407463567,114.923804347826,1.40228918088905,,10
weighted.mean_ensemble,PL,Cases,2022-02-28,10251.9931404695,10661.3838043478,0.961600607257811,,10
weighted.mean_ensemble,PL,Deaths,2022-02-28,170.4078025036,103.000217391304,1.65444119264535,,10
weighted.mean_ensemble,PL,Cases,2022-03-07,9021.8012175174,6602.26369565218,1.36647090049714,,10
weighted.mean_ensemble,PL,Deaths,2022-03-07,66.6808980294344,84.9841304347826,0.78462764387059,,10
weighted.mean_ensemble,Average,Cases,2021-04-12,17223.3970937772,17301.225625,0.995501559663473,average,10
weighted.mean_ensemble,Average,Deaths,2021-04-12,209.476396479185,162.95,1.28552559974952,average,10
weighted.mean_ensemble,Average,Cases,2021-04-19,24345.5291920349,23597.425923913,1.03170274887329,average,10
weighted.mean_ensemble,Average,Deaths,2021-04-19,288.965542263994,195.970733695652,1.47453416545741,average,10
weighted.mean_ensemble,Average,Cases,2021-04-26,21458.5676909998,21496.0414130435,0.998256715209857,average,10
weighted.mean_ensemble,Average,Deaths,2021-04-26,204.354310630554,148.019429347826,1.38059112598218,average,10
weighted.mean_ensemble,Average,Cases,2021-05-03,15659.6665383186,15794.1244293478,0.991486841095202,average,10
weighted.mean_ensemble,Average,Deaths,2021-05-03,108.607263988097,101.50222826087,1.06999881528676,average,10
weighted.mean_ensemble,Average,Cases,2021-05-10,10036.3168300221,9919.36157608696,1.01179060295746,average,10
weighted.mean_ensemble,Average,Deaths,2021-05-10,95.2680812602961,85.9728804347826,1.10811782481296,average,10
weighted.mean_ensemble,Average,Cases,2021-05-17,4450.3488441515,3825.8497826087,1.16323146412638,average,10
weighted.mean_ensemble,Average,Deaths,2021-05-17,89.5632453326734,70.5894021739131,1.26879166807524,average,10
weighted.mean_ensemble,Average,Cases,2021-05-24,3623.09238301843,4765.85027173913,0.760219515183448,average,10
weighted.mean_ensemble,Average,Deaths,2021-05-24,56.1562807341282,57.3170923913044,0.97974754809174,average,10
weighted.mean_ensemble,Average,Cases,2021-05-31,965.635058156024,1049.61369565217,0.919990909184955,average,10
weighted.mean_ensemble,Average,Deaths,2021-05-31,37.9426931889485,41.8623369565217,0.906368252406831,average,10
weighted.mean_ensemble,Average,Cases,2021-06-07,957.642119146252,971.823858695652,0.985407088514544,average,10
weighted.mean_ensemble,Average,Deaths,2021-06-07,37.1293670598937,38.5223641304348,0.96383926319204,average,10
weighted.mean_ensemble,Average,Cases,2021-06-14,829.690229836313,843.993206521739,0.98305320875227,average,10
weighted.mean_ensemble,Average,Deaths,2021-06-14,25.4176783307452,25.6945652173913,0.98922391236032,average,10
weighted.mean_ensemble,Average,Cases,2021-06-21,879.153760121709,811.063206521739,1.08395221611886,average,10
weighted.mean_ensemble,Average,Deaths,2021-06-21,20.6997998208131,19.9485869565217,1.03765744741363,average,10
weighted.mean_ensemble,Average,Cases,2021-06-28,1814.51985386067,1873.65013586957,0.968441129495367,average,10
weighted.mean_ensemble,Average,Deaths,2021-06-28,12.108154282665,16.214972826087,0.746726769913862,average,10
weighted.mean_ensemble,Average,Cases,2021-07-05,2230.68699708995,2078.19038043478,1.07337952195855,average,10
weighted.mean_ensemble,Average,Deaths,2021-07-05,11.6769798234966,13.6704891304348,0.854174251709839,average,10
weighted.mean_ensemble,Average,Cases,2021-07-12,1582.74038459315,1638.43260869565,0.966008840518111,average,10
weighted.mean_ensemble,Average,Deaths,2021-07-12,10.3977752534067,11.3532336956522,0.915842616486318,average,10
weighted.mean_ensemble,Average,Cases,2021-07-19,1697.93662306288,1360.3241576087,1.24818530463185,average,10
weighted.mean_ensemble,Average,Deaths,2021-07-19,29.0692124948373,15.45,1.88150242685031,average,10
weighted.mean_ensemble,Average,Cases,2021-07-26,1509.64254870049,1371.53456521739,1.10069595545425,average,10
weighted.mean_ensemble,Average,Deaths,2021-07-26,45.6964103142725,53.8573641304348,0.848470976106487,average,10
weighted.mean_ensemble,Average,Cases,2021-08-02,2198.05228210562,2491.96320652174,0.88205647513297,average,10
weighted.mean_ensemble,Average,Deaths,2021-08-02,35.5245209591945,57.3769565217391,0.619142650860802,average,10
weighted.mean_ensemble,Average,Cases,2021-08-09,4741.0376200709,5188.2435326087,0.913803985929524,average,10
weighted.mean_ensemble,Average,Deaths,2021-08-09,23.5722780366309,33.4080706521739,0.705586332178599,average,10
weighted.mean_ensemble,Average,Cases,2021-08-16,3714.53658846856,3157.25440217391,1.17650848341867,average,10
weighted.mean_ensemble,Average,Deaths,2021-08-16,14.1470685534001,15.9900815217391,0.884740239389437,average,10
weighted.mean_ensemble,Average,Cases,2021-08-23,23901.9824355575,13956.3365217391,1.71262583116468,average,10
weighted.mean_ensemble,Average,Deaths,2021-08-23,24.208596908445,34.9311684782609,0.693037134543926,average,10
weighted.mean_ensemble,Average,Cases,2021-08-30,35595.9654601127,22816.3079619565,1.56011066818807,average,10
weighted.mean_ensemble,Average,Deaths,2021-08-30,19.9464796744209,23.4105163043478,0.852030746144476,average,10
weighted.mean_ensemble,Average,Cases,2021-09-06,16803.9312194895,14998.8857065217,1.12034530753061,average,10
weighted.mean_ensemble,Average,Deaths,2021-09-06,24.3828573505697,22.2042934782609,1.09811453241877,average,10
weighted.mean_ensemble,Average,Cases,2021-09-13,6849.71951627965,5132.40698369565,1.33460178392701,average,10
weighted.mean_ensemble,Average,Deaths,2021-09-13,24.8933302216917,27.3142934782609,0.911366433164526,average,10
weighted.mean_ensemble,Average,Cases,2021-09-20,2691.0169156329,2895.40532608696,0.929409396117164,average,10
weighted.mean_ensemble,Average,Deaths,2021-09-20,25.567406026499,29.4114402173913,0.869301395563103,average,10
weighted.mean_ensemble,Average,Cases,2021-09-27,8260.64148599797,8317.64019021739,0.993147250552331,average,10
weighted.mean_ensemble,Average,Deaths,2021-09-27,33.5972078386187,34.80875,0.965194321503031,average,10
weighted.mean_ensemble,Average,Cases,2021-10-04,11697.0442686214,10877.8855978261,1.07530495365377,average,10
weighted.mean_ensemble,Average,Deaths,2021-10-04,49.0761403021907,51.18625,0.95877584902568,average,10
weighted.mean_ensemble,Average,Cases,2021-10-11,19705.11676818,21507.5229891304,0.916196475909318,average,10
weighted.mean_ensemble,Average,Deaths,2021-10-11,70.7736926668223,68.594375,1.03177108424448,average,10
weighted.mean_ensemble,Average,Cases,2021-10-18,30824.4749480719,35041.8169021739,0.879648308023653,average,10
weighted.mean_ensemble,Average,Deaths,2021-10-18,114.284482667542,109.012880434783,1.04835760885993,average,10
weighted.mean_ensemble,Average,Cases,2021-10-25,12798.0909745714,20256.0042663044,0.631817154376338,average,10
weighted.mean_ensemble,Average,Deaths,2021-10-25,78.7540795599798,116.439673913044,0.676350911277825,average,10
weighted.mean_ensemble,Average,Cases,2021-11-01,16484.3580951525,17012.7543478261,0.968941169556058,average,10
weighted.mean_ensemble,Average,Deaths,2021-11-01,130.69878923501,114.217934782609,1.14429305243323,average,10
weighted.mean_ensemble,Average,Cases,2021-11-08,24230.9975784412,40705.6073369565,0.595274193500166,average,10
weighted.mean_ensemble,Average,Deaths,2021-11-08,145.128040084162,128.04285326087,1.13343334975896,average,10
weighted.mean_ensemble,Average,Cases,2021-11-15,65759.1244144689,37036.3108695652,1.77553117118117,average,10
weighted.mean_ensemble,Average,Deaths,2021-11-15,425.678946807008,209.267880434783,2.0341341725381,average,10
weighted.mean_ensemble,Average,Cases,2021-11-22,85937.7272777271,75225.2295108696,1.1424056508237,average,10
weighted.mean_ensemble,Average,Deaths,2021-11-22,529.216002461968,527.630135869565,1.00300564066491,average,10
weighted.mean_ensemble,Average,Cases,2021-11-29,96215.6838925027,94516.9294836957,1.01797301730057,average,10
weighted.mean_ensemble,Average,Deaths,2021-11-29,453.654995697539,443.77972826087,1.02225263302443,average,10
weighted.mean_ensemble,Average,Cases,2021-12-06,49030.8639400405,41450.2869293478,1.1828835834988,average,10
weighted.mean_ensemble,Average,Deaths,2021-12-06,228.692660504908,194.919456521739,1.17326748486702,average,10
weighted.mean_ensemble,Average,Cases,2021-12-13,26379.4358890709,24676.2752717391,1.06902016607354,average,10
weighted.mean_ensemble,Average,Deaths,2021-12-13,259.784557483602,194.502391304348,1.33563683069121,average,10
weighted.mean_ensemble,Average,Cases,2021-12-20,45995.8412308138,47734.5584782609,0.963575294233864,average,10
weighted.mean_ensemble,Average,Deaths,2021-12-20,204.030825431104,201.513858695652,1.01249029099906,average,10
weighted.mean_ensemble,Average,Cases,2021-12-27,64206.1686479964,148332.731467391,0.432852331463411,average,10
weighted.mean_ensemble,Average,Deaths,2021-12-27,211.049309388086,251.96535326087,0.83761242034566,average,10
weighted.mean_ensemble,Average,Cases,2022-01-03,212741.307674331,228524.753043478,0.930933322719119,average,10
weighted.mean_ensemble,Average,Deaths,2022-01-03,329.926589787794,219.891195652174,1.50040836700745,average,10
weighted.mean_ensemble,Average,Cases,2022-01-10,58179.537185177,120659.800326087,0.482178298223144,average,10
weighted.mean_ensemble,Average,Deaths,2022-01-10,621.515350186782,434.753940217391,1.42957956833239,average,10
weighted.mean_ensemble,Average,Cases,2022-01-17,75464.0475800261,101812.50923913,0.741206047704621,average,10
weighted.mean_ensemble,Average,Deaths,2022-01-17,780.725710301248,463.024293478261,1.68614416413532,average,10
weighted.mean_ensemble,Average,Cases,2022-01-24,198221.219557728,111354.185434783,1.78009671377661,average,10
weighted.mean_ensemble,Average,Deaths,2022-01-24,1298.8273288817,427.006548913044,3.04170353402752,average,10
weighted.mean_ensemble,Average,Cases,2022-01-31,319822.344462928,205127.196195652,1.55914159796675,average,10
weighted.mean_ensemble,Average,Deaths,2022-01-31,705.592961704138,334.116875,2.11181480044711,average,10
weighted.mean_ensemble,Average,Cases,2022-02-07,169123.157218902,177083.685217391,0.955046519453687,average,10
weighted.mean_ensemble,Average,Deaths,2022-02-07,208.239113173326,137.982880434783,1.5091663003205,average,10
weighted.mean_ensemble,Average,Cases,2022-02-14,80991.4997201084,57032.7010869565,1.42008879426248,average,10
weighted.mean_ensemble,Average,Deaths,2022-02-14,157.674036206499,107.166467391304,1.47130011882143,average,10
weighted.mean_ensemble,Average,Cases,2022-02-21,85383.4513409075,76218.2007880435,1.12025015623698,average,10
weighted.mean_ensemble,Average,Deaths,2022-02-21,145.993475129325,125.923423913044,1.15938298525095,average,10
weighted.mean_ensemble,Average,Cases,2022-02-28,129383.437160104,135466.263695652,0.955097111490322,average,10
weighted.mean_ensemble,Average,Deaths,2022-02-28,145.575397503685,121.589184782609,1.19727258443225,average,10
weighted.mean_ensemble,Average,Cases,2022-03-07,97795.7284080308,107063.419293478,0.9134373724788,average,10
weighted.mean_ensemble,Average,Deaths,2022-03-07,93.4241871710017,111.460652173913,0.838180876828453,average,10
weighted.median_ensemble,DE,Cases,2021-04-12,13010.4017391304,13536.7779891304,0.961115100622714,,10
weighted.median_ensemble,DE,Deaths,2021-04-12,114.38402173913,139.261956521739,0.82135871558917,,10
weighted.median_ensemble,DE,Cases,2021-04-19,29348.3549456522,29133.4591304348,1.00737625471302,,10
weighted.median_ensemble,DE,Deaths,2021-04-19,162.936141304348,207.764347826087,0.784235327231103,,10
weighted.median_ensemble,DE,Cases,2021-04-26,26390.9220380435,38831.9802173913,0.679618239664843,,10
weighted.median_ensemble,DE,Deaths,2021-04-26,111.928586956522,137.62652173913,0.813277742851637,,10
weighted.median_ensemble,DE,Cases,2021-05-03,28842.0025,27765.1694021739,1.03878359545473,,10
weighted.median_ensemble,DE,Deaths,2021-05-03,109.615,101.690434782609,1.07792832466822,,10
weighted.median_ensemble,DE,Cases,2021-05-10,11860.3783152174,15884.2697826087,0.746674444437039,,10
weighted.median_ensemble,DE,Deaths,2021-05-10,76.8731521739131,78.1940217391304,0.983107793462471,,10
weighted.median_ensemble,DE,Cases,2021-05-17,3470.6864673913,3014.46076086957,1.15134571079643,,10
weighted.median_ensemble,DE,Deaths,2021-05-17,58.8122282608696,59.1986956521739,0.993471690768745,,10
weighted.median_ensemble,DE,Cases,2021-05-24,6906.21407608696,8713.84505434783,0.792556447011995,,10
weighted.median_ensemble,DE,Deaths,2021-05-24,60.8367391304348,50.7050543478261,1.19981607184774,,10
weighted.median_ensemble,DE,Cases,2021-05-31,1872.25032608696,1835.58195652174,1.01997642733136,,10
weighted.median_ensemble,DE,Deaths,2021-05-31,44.6632065217391,48.7001086956522,0.917106916554512,,10
weighted.median_ensemble,DE,Cases,2021-06-07,1523.60266304348,1793.64076086957,0.849446944049615,,10
weighted.median_ensemble,DE,Deaths,2021-06-07,59.3664673913044,50.9749456521739,1.16462051370078,,10
weighted.median_ensemble,DE,Cases,2021-06-14,1243.06695652174,1481.86054347826,0.838855560324172,,10
weighted.median_ensemble,DE,Deaths,2021-06-14,40.5543206521739,40.2708695652174,1.00703861351932,,10
weighted.median_ensemble,DE,Cases,2021-06-21,2049.81684782609,1550.90967391304,1.32168680246495,,10
weighted.median_ensemble,DE,Deaths,2021-06-21,52.3098913043478,31.9963043478261,1.634872913312,,10
weighted.median_ensemble,DE,Cases,2021-06-28,4169.57673913043,3635.72152173913,1.14683611332695,,10
weighted.median_ensemble,DE,Deaths,2021-06-28,16.9816847826087,26.9844565217391,0.629313574239599,,10
weighted.median_ensemble,DE,Cases,2021-07-05,6017.83706521739,4029.78869565217,1.49333811763137,,10
weighted.median_ensemble,DE,Deaths,2021-07-05,23.0848369565217,22.4128260869565,1.02998331700598,,10
weighted.median_ensemble,DE,Cases,2021-07-12,3559.04869565217,3078.42918478261,1.15612492021755,,10
weighted.median_ensemble,DE,Deaths,2021-07-12,20.5046195652174,17.4077173913044,1.17790397812065,,10
weighted.median_ensemble,DE,Cases,2021-07-19,4216.1510326087,2607.75956521739,1.61677138063042,,10
weighted.median_ensemble,DE,Deaths,2021-07-19,22.8709239130435,23.8509782608696,0.958909259942852,,10
weighted.median_ensemble,DE,Cases,2021-07-26,2736.98434782609,2592.4652173913,1.05574583198466,,10
weighted.median_ensemble,DE,Deaths,2021-07-26,70.1177173913044,102.158260869565,0.68636365570896,,10
weighted.median_ensemble,DE,Cases,2021-08-02,4662.60733695652,4832.54130434783,0.964835485785002,,10
weighted.median_ensemble,DE,Deaths,2021-08-02,39.940652173913,109.809456521739,0.363726890552508,,10
weighted.median_ensemble,DE,Cases,2021-08-09,9742.91086956522,10201.9520652174,0.955004572387942,,10
weighted.median_ensemble,DE,Deaths,2021-08-09,27.5551630434783,59.4744565217391,0.463310884285362,,10
weighted.median_ensemble,DE,Cases,2021-08-16,5602.0760326087,6106.12510869565,0.9174518918112,,10
weighted.median_ensemble,DE,Deaths,2021-08-16,49.4127717391304,27.1496739130435,1.82001345199918,,10
weighted.median_ensemble,DE,Cases,2021-08-23,45696.1217934783,27438.1152173913,1.66542495471826,,10
weighted.median_ensemble,DE,Deaths,2021-08-23,100.909891304348,62.4788586956522,1.61510458755179,,10
weighted.median_ensemble,DE,Cases,2021-08-30,69314.1928804348,44869.5389673913,1.54479396213116,,10
weighted.median_ensemble,DE,Deaths,2021-08-30,50.6125815217391,30.6541304347826,1.65108521441894,,10
weighted.median_ensemble,DE,Cases,2021-09-06,29764.9242391304,29440.6620652174,1.01101409245467,,10
weighted.median_ensemble,DE,Deaths,2021-09-06,46.9546739130435,34.6486956521739,1.35516425739096,,10
weighted.median_ensemble,DE,Cases,2021-09-13,9113.96402173913,9392.32320652174,0.970363116913468,,10
weighted.median_ensemble,DE,Deaths,2021-09-13,42.5879347826087,43.330652173913,0.982859307348448,,10
weighted.median_ensemble,DE,Cases,2021-09-20,4400.25059782609,4933.83336956522,0.891852291763524,,10
weighted.median_ensemble,DE,Deaths,2021-09-20,36.0241847826087,43.6676630434783,0.824962507078539,,10
weighted.median_ensemble,DE,Cases,2021-09-27,12971.6008695652,11975.1623913043,1.08320876541803,,10
weighted.median_ensemble,DE,Deaths,2021-09-27,35.82,36.3751086956522,0.98473932544651,,10
weighted.median_ensemble,DE,Cases,2021-10-04,17689.7404076087,15286.4033695652,1.15722056915157,,10
weighted.median_ensemble,DE,Deaths,2021-10-04,63.4585869565218,54.2392391304348,1.16997561127132,,10
weighted.median_ensemble,DE,Cases,2021-10-11,31978.5272826087,30576.7833695652,1.04584340661676,,10
weighted.median_ensemble,DE,Deaths,2021-10-11,111.62972826087,87.1671195652174,1.28064032421479,,10
weighted.median_ensemble,DE,Cases,2021-10-18,59504.7995108696,55266.4732608696,1.07668892187121,,10
weighted.median_ensemble,DE,Deaths,2021-10-18,200.760760869565,151.710652173913,1.3233135445191,,10
weighted.median_ensemble,DE,Cases,2021-10-25,40463.9852173913,32965.7807065217,1.22745417673018,,10
weighted.median_ensemble,DE,Deaths,2021-10-25,131.822010869565,121.45652173913,1.08534320744586,,10
weighted.median_ensemble,DE,Cases,2021-11-01,17960.6465217391,28177.1170108696,0.637419595298222,,10
weighted.median_ensemble,DE,Deaths,2021-11-01,58.9411956521739,82.0348913043478,0.718489349044216,,10
weighted.median_ensemble,DE,Cases,2021-11-08,34672.9263043478,55359.6719565217,0.626321021764348,,10
weighted.median_ensemble,DE,Deaths,2021-11-08,89.3954891304349,93.2020108695652,0.95915837326238,,10
weighted.median_ensemble,DE,Cases,2021-11-15,112083.47076087,47485.2813043478,2.36038342160157,,10
weighted.median_ensemble,DE,Deaths,2021-11-15,410.518260869565,246.956847826087,1.66230766420643,,10
weighted.median_ensemble,DE,Cases,2021-11-22,123580.85173913,117190.0375,1.05453376733607,,10
weighted.median_ensemble,DE,Deaths,2021-11-22,208.91777173913,241.258260869565,0.86595074915209,,10
weighted.median_ensemble,DE,Cases,2021-11-29,123498.585271739,145713.154836957,0.847545888426656,,10
weighted.median_ensemble,DE,Deaths,2021-11-29,221.690543478261,251.013804347826,0.883180684242639,,10
weighted.median_ensemble,DE,Cases,2021-12-06,56006.9894565217,61549.5110869565,0.909950192413318,,10
weighted.median_ensemble,DE,Deaths,2021-12-06,195.391956521739,183.082065217391,1.06723701357493,,10
weighted.median_ensemble,DE,Cases,2021-12-13,32862.8215217391,35019.2485869565,0.93842166373551,,10
weighted.median_ensemble,DE,Deaths,2021-12-13,321.202010869565,210.22097826087,1.52792558348281,,10
weighted.median_ensemble,DE,Cases,2021-12-20,88968.0202173913,82775.1929891305,1.0748150140716,,10
weighted.median_ensemble,DE,Deaths,2021-12-20,154.212527173913,138.626956521739,1.11242813838829,,10
weighted.median_ensemble,DE,Cases,2021-12-27,252026.388641304,250160.288043478,1.00745961963996,,10
weighted.median_ensemble,DE,Deaths,2021-12-27,283.514365942029,228.866413043478,1.23877663905262,,10
weighted.median_ensemble,DE,Cases,2022-01-03,310784.301304348,352812.420326087,0.880876872240227,,10
weighted.median_ensemble,DE,Deaths,2022-01-03,228.082282608696,201.471195652174,1.13208382900781,,10
weighted.median_ensemble,DE,Cases,2022-01-10,113332.173586957,119748.737391304,0.946416438752249,,10
weighted.median_ensemble,DE,Deaths,2022-01-10,558.919402173913,483.949673913043,1.15491224047057,,10
weighted.median_ensemble,DE,Cases,2022-01-17,112065.027445652,119823.167391304,0.935253422901795,,10
weighted.median_ensemble,DE,Deaths,2022-01-17,261.135163043478,382.152391304348,0.683327303414697,,10
weighted.median_ensemble,DE,Cases,2022-01-24,48083.3479891304,85788.7776086957,0.560485291076774,,10
weighted.median_ensemble,DE,Deaths,2022-01-24,158.176739130435,286.693695652174,0.551727301748344,,10
weighted.median_ensemble,DE,Cases,2022-01-31,274472.315625,212440.150217391,1.29199831267362,,10
weighted.median_ensemble,DE,Deaths,2022-01-31,105.477065217391,167.917717391304,0.628147326297883,,10
weighted.median_ensemble,DE,Cases,2022-02-07,192494.251467391,233892.076195652,0.823004586552854,,10
weighted.median_ensemble,DE,Deaths,2022-02-07,304.277010869565,149.720869565217,2.03229524216077,,10
weighted.median_ensemble,DE,Cases,2022-02-14,150680.605923913,103214.074565217,1.45988428960532,,10
weighted.median_ensemble,DE,Deaths,2022-02-14,125.572065217391,96.9526086956522,1.29519016462548,,10
weighted.median_ensemble,DE,Cases,2022-02-21,149330.095543478,143345.581032609,1.04174885941903,,10
weighted.median_ensemble,DE,Deaths,2022-02-21,126.803233695652,136.923043478261,0.926091258815647,,10
weighted.median_ensemble,DE,Cases,2022-02-28,276131.108315217,260271.143586957,1.06093631629571,,10
weighted.median_ensemble,DE,Deaths,2022-02-28,121.14847826087,140.178152173913,0.864246506192819,,10
weighted.median_ensemble,DE,Cases,2022-03-07,225922.292282609,207524.574891304,1.08865319878834,,10
weighted.median_ensemble,DE,Deaths,2022-03-07,87.5958152173913,137.937173913043,0.635041394081427,,10
weighted.median_ensemble,PL,Cases,2021-04-12,9044.02469202899,21065.6732608696,0.429325214534143,,10
weighted.median_ensemble,PL,Deaths,2021-04-12,139.44027173913,186.638043478261,0.747116017401737,,10
weighted.median_ensemble,PL,Cases,2021-04-19,11908.039701087,18061.3927173913,0.65930905148974,,10
weighted.median_ensemble,PL,Deaths,2021-04-19,387.682445652174,184.177119565217,2.10494358130568,,10
weighted.median_ensemble,PL,Cases,2021-04-26,3596.90502717391,4160.10260869565,0.864619305219896,,10
weighted.median_ensemble,PL,Deaths,2021-04-26,187.52972826087,158.412336956522,1.18380759897722,,10
weighted.median_ensemble,PL,Cases,2021-05-03,1638.1165625,3823.07945652174,0.428480909468298,,10
weighted.median_ensemble,PL,Deaths,2021-05-03,125.612554347826,101.31402173913,1.2398338570673,,10
weighted.median_ensemble,PL,Cases,2021-05-10,2759.70404891304,3954.45336956522,0.697872446834913,,10
weighted.median_ensemble,PL,Deaths,2021-05-10,110.845489130435,93.7517391304348,1.18232995098062,,10
weighted.median_ensemble,PL,Cases,2021-05-17,2422.71054347826,4637.23880434783,0.522446793382034,,10
weighted.median_ensemble,PL,Deaths,2021-05-17,43.8571467391304,81.9801086956522,0.53497302500474,,10
weighted.median_ensemble,PL,Cases,2021-05-24,412.279429347826,817.855489130435,0.504098138151732,,10
weighted.median_ensemble,PL,Deaths,2021-05-24,48.7205434782609,63.9291304347826,0.762102395995566,,10
weighted.median_ensemble,PL,Cases,2021-05-31,216.708369565217,263.645434782609,0.821968981726941,,10
weighted.median_ensemble,PL,Deaths,2021-05-31,27.4942391304348,35.0245652173913,0.784998727601125,,10
weighted.median_ensemble,PL,Cases,2021-06-07,228.29277173913,150.006956521739,1.52188123159506,,10
weighted.median_ensemble,PL,Deaths,2021-06-07,39.1071739130435,26.0697826086957,1.50009589646517,,10
weighted.median_ensemble,PL,Cases,2021-06-14,135.722989130435,206.125869565217,0.65844713920051,,10
weighted.median_ensemble,PL,Deaths,2021-06-14,11.8347282608696,11.1182608695652,1.06444059909276,,10
weighted.median_ensemble,PL,Cases,2021-06-21,132.946032608696,71.2167391304348,1.86678067869974,,10
weighted.median_ensemble,PL,Deaths,2021-06-21,8.97902173913044,7.90086956521739,1.13645993836672,,10
weighted.median_ensemble,PL,Cases,2021-06-28,141.409293478261,111.57875,1.26734968332466,,10
weighted.median_ensemble,PL,Deaths,2021-06-28,5.39119565217391,5.44548913043478,0.990029641606036,,10
weighted.median_ensemble,PL,Cases,2021-07-05,164.265923913044,126.592065217391,1.29760047465026,,10
weighted.median_ensemble,PL,Deaths,2021-07-05,4.27271739130435,4.92815217391304,0.867001918877788,,10
weighted.median_ensemble,PL,Cases,2021-07-12,313.061847826087,198.436032608696,1.57764617499397,,10
weighted.median_ensemble,PL,Deaths,2021-07-12,4.13005434782609,5.29875,0.77943936736515,,10
weighted.median_ensemble,PL,Cases,2021-07-19,64.6223369565217,112.88875,0.572442665513807,,10
weighted.median_ensemble,PL,Deaths,2021-07-19,6.87038043478261,7.04902173913044,0.974657291329355,,10
weighted.median_ensemble,PL,Cases,2021-07-26,131.510652173913,150.603913043478,0.873222013401118,,10
weighted.median_ensemble,PL,Deaths,2021-07-26,4.70002717391304,5.55646739130435,0.845866058940326,,10
weighted.median_ensemble,PL,Cases,2021-08-02,171.765380434783,151.385108695652,1.13462534006633,,10
weighted.median_ensemble,PL,Deaths,2021-08-02,2.9201902173913,4.94445652173913,0.590598826089824,,10
weighted.median_ensemble,PL,Cases,2021-08-09,118.581494565217,174.535,0.679413840004683,,10
weighted.median_ensemble,PL,Deaths,2021-08-09,4.83239130434783,7.3416847826087,0.6582128554191,,10
weighted.median_ensemble,PL,Cases,2021-08-16,184.387010869565,208.383695652174,0.88484375081502,,10
weighted.median_ensemble,PL,Deaths,2021-08-16,5.34869565217391,4.83048913043478,1.10727827094655,,10
weighted.median_ensemble,PL,Cases,2021-08-23,551.943695652174,474.557826086957,1.16306942022917,,10
weighted.median_ensemble,PL,Deaths,2021-08-23,7.96565217391304,7.38347826086957,1.07884819220351,,10
weighted.median_ensemble,PL,Cases,2021-08-30,968.821304347826,763.076956521739,1.26962463755151,,10
weighted.median_ensemble,PL,Deaths,2021-08-30,19.5924456521739,16.166902173913,1.21188620067166,,10
weighted.median_ensemble,PL,Cases,2021-09-06,463.810135869565,557.109347826087,0.832529803492641,,10
weighted.median_ensemble,PL,Deaths,2021-09-06,9.4883152173913,9.75989130434783,0.9721742713635,,10
weighted.median_ensemble,PL,Cases,2021-09-13,657.876739130435,872.490760869565,0.754021439120758,,10
weighted.median_ensemble,PL,Deaths,2021-09-13,11.7922826086957,11.2979347826087,1.04375559211476,,10
weighted.median_ensemble,PL,Cases,2021-09-20,796.707663043478,856.977282608696,0.929671858533107,,10
weighted.median_ensemble,PL,Deaths,2021-09-20,14.3986413043478,15.1552173913043,0.950078176549904,,10
weighted.median_ensemble,PL,Cases,2021-09-27,4345.22494565218,4660.11798913044,0.932428096410276,,10
weighted.median_ensemble,PL,Deaths,2021-09-27,33.956847826087,33.2423913043478,1.0214923323415,,10
weighted.median_ensemble,PL,Cases,2021-10-04,6700.05668478261,6469.36782608696,1.03565864005528,,10
weighted.median_ensemble,PL,Deaths,2021-10-04,48.8130434782609,48.1332608695652,1.01412292864466,,10
weighted.median_ensemble,PL,Cases,2021-10-11,12764.8407608696,12438.2626086957,1.02625592998379,,10
weighted.median_ensemble,PL,Deaths,2021-10-11,52.8707608695652,50.0216304347826,1.05695796818333,,10
weighted.median_ensemble,PL,Cases,2021-10-18,15438.0076630435,14817.1605434783,1.04190054617708,,10
weighted.median_ensemble,PL,Deaths,2021-10-18,70.6653260869565,66.3151086956522,1.06559918963971,,10
weighted.median_ensemble,PL,Cases,2021-10-25,3927.52951086956,7546.22782608696,0.520462620713925,,10
weighted.median_ensemble,PL,Deaths,2021-10-25,111.762989130435,111.422826086957,1.00305290267196,,10
weighted.median_ensemble,PL,Cases,2021-11-01,5792.91483695652,5848.39168478261,0.99051417025121,,10
weighted.median_ensemble,PL,Deaths,2021-11-01,119.758369565217,146.40097826087,0.818016183961708,,10
weighted.median_ensemble,PL,Cases,2021-11-08,15719.292173913,26051.5427173913,0.603391988890519,,10
weighted.median_ensemble,PL,Deaths,2021-11-08,172.073152173913,162.883695652174,1.05641728894316,,10
weighted.median_ensemble,PL,Cases,2021-11-15,13379.2579891304,26587.3404347826,0.503219117457388,,10
weighted.median_ensemble,PL,Deaths,2021-11-15,189.596086956522,171.578913043478,1.10500808982557,,10
weighted.median_ensemble,PL,Cases,2021-11-22,17242.4405434783,33260.4215217391,0.518407156451957,,10
weighted.median_ensemble,PL,Deaths,2021-11-22,696.821413043478,814.002010869565,0.856043847237051,,10
weighted.median_ensemble,PL,Cases,2021-11-29,25864.7388586957,43320.7041304348,0.597052595932403,,10
weighted.median_ensemble,PL,Deaths,2021-11-29,635.187554347826,636.545652173913,0.997866456519735,,10
weighted.median_ensemble,PL,Cases,2021-12-06,14355.2701630435,21351.0627717391,0.67234452525916,,10
weighted.median_ensemble,PL,Deaths,2021-12-06,187.32527173913,206.756847826087,0.90601725509328,,10
weighted.median_ensemble,PL,Cases,2021-12-13,12226.1388586957,14333.3019565217,0.852988299261545,,10
weighted.median_ensemble,PL,Deaths,2021-12-13,175.84152173913,178.783804347826,0.983542790022683,,10
weighted.median_ensemble,PL,Cases,2021-12-20,16809.1003442029,12693.9239673913,1.32418473494743,,10
weighted.median_ensemble,PL,Deaths,2021-12-20,365.466956521739,264.400760869565,1.38224623605388,,10
weighted.median_ensemble,PL,Cases,2021-12-27,51902.8089492754,46505.1748913044,1.11606523511817,,10
weighted.median_ensemble,PL,Deaths,2021-12-27,282.365081521739,275.064293478261,1.02654211475855,,10
weighted.median_ensemble,PL,Cases,2022-01-03,88779.0835326087,104237.08576087,0.851703430545602,,10
weighted.median_ensemble,PL,Deaths,2022-01-03,186.999891304348,238.311195652174,0.784687814572013,,10
weighted.median_ensemble,PL,Cases,2022-01-10,99662.9767391304,121570.86326087,0.819793279951227,,10
weighted.median_ensemble,PL,Deaths,2022-01-10,264.594891304348,385.558206521739,0.686264451978223,,10
weighted.median_ensemble,PL,Cases,2022-01-17,103986.983532609,83801.8510869565,1.24086738161317,,10
weighted.median_ensemble,PL,Deaths,2022-01-17,419.881358695652,543.896195652174,0.77198804119632,,10
weighted.median_ensemble,PL,Cases,2022-01-24,91482.7428804348,136919.59326087,0.668149391198782,,10
weighted.median_ensemble,PL,Deaths,2022-01-24,954.019402173913,567.319402173913,1.6816266084294,,10
weighted.median_ensemble,PL,Cases,2022-01-31,104625.644076087,197814.242173913,0.528908550397008,,10
weighted.median_ensemble,PL,Deaths,2022-01-31,1200.11690217391,500.316032608696,2.39871765834964,,10
weighted.median_ensemble,PL,Cases,2022-02-07,25497.445,120275.29423913,0.211992372675524,,10
weighted.median_ensemble,PL,Deaths,2022-02-07,99.3517391304348,126.244891304348,0.786976313290336,,10
weighted.median_ensemble,PL,Cases,2022-02-14,11188.6224456522,10851.3276086957,1.03108327838948,,10
weighted.median_ensemble,PL,Deaths,2022-02-14,120.316793478261,117.380326086957,1.02501669137577,,10
weighted.median_ensemble,PL,Cases,2022-02-21,9700.71532608696,9090.82054347826,1.06708907954918,,10
weighted.median_ensemble,PL,Deaths,2022-02-21,126.604076086957,114.923804347826,1.10163492067996,,10
weighted.median_ensemble,PL,Cases,2022-02-28,11265.4491847826,10661.3838043478,1.05665919091933,,10
weighted.median_ensemble,PL,Deaths,2022-02-28,155.669347826087,103.000217391304,1.511349701668,,10
weighted.median_ensemble,PL,Cases,2022-03-07,6602.7291576087,6602.26369565218,1.00007050035836,,10
weighted.median_ensemble,PL,Deaths,2022-03-07,91.9263586956522,84.9841304347826,1.08168852496758,,10
weighted.median_ensemble,Average,Cases,2021-04-12,11027.2132155797,17301.225625,0.637366014095878,average,10
weighted.median_ensemble,Average,Deaths,2021-04-12,126.91214673913,162.95,0.778841035527035,average,10
weighted.median_ensemble,Average,Cases,2021-04-19,20628.1973233696,23597.425923913,0.874171504548107,average,10
weighted.median_ensemble,Average,Deaths,2021-04-19,275.309293478261,195.970733695652,1.40484902151677,average,10
weighted.median_ensemble,Average,Cases,2021-04-26,14993.9135326087,21496.0414130435,0.697519754660996,average,10
weighted.median_ensemble,Average,Deaths,2021-04-26,149.729157608696,148.019429347826,1.01155070160994,average,10
weighted.median_ensemble,Average,Cases,2021-05-03,15240.05953125,15794.1244293478,0.964919555966756,average,10
weighted.median_ensemble,Average,Deaths,2021-05-03,117.613777173913,101.50222826087,1.15873098737927,average,10
weighted.median_ensemble,Average,Cases,2021-05-10,7310.04118206522,9919.36157608696,0.73694674057329,average,10
weighted.median_ensemble,Average,Deaths,2021-05-10,93.8593206521739,85.9728804347826,1.09173172025304,average,10
weighted.median_ensemble,Average,Cases,2021-05-17,2946.69850543478,3825.8497826087,0.770207580765376,average,10
weighted.median_ensemble,Average,Deaths,2021-05-17,51.3346875,70.5894021739131,0.727229384568598,average,10
weighted.median_ensemble,Average,Cases,2021-05-24,3659.24675271739,4765.85027173913,0.767805647276887,average,10
weighted.median_ensemble,Average,Deaths,2021-05-24,54.7786413043478,57.3170923913044,0.955712144823633,average,10
weighted.median_ensemble,Average,Cases,2021-05-31,1044.47934782609,1049.61369565217,0.995108345244202,average,10
weighted.median_ensemble,Average,Deaths,2021-05-31,36.078722826087,41.8623369565217,0.861842062557529,average,10
weighted.median_ensemble,Average,Cases,2021-06-07,875.947717391304,971.823858695652,0.901344116584018,average,10
weighted.median_ensemble,Average,Deaths,2021-06-07,49.2368206521739,38.5223641304348,1.27813600654053,average,10
weighted.median_ensemble,Average,Cases,2021-06-14,689.394972826087,843.993206521739,0.816825262927433,average,10
weighted.median_ensemble,Average,Deaths,2021-06-14,26.1945244565217,25.6945652173913,1.01945778163205,average,10
weighted.median_ensemble,Average,Cases,2021-06-21,1091.38144021739,811.063206521739,1.34561823473389,average,10
weighted.median_ensemble,Average,Deaths,2021-06-21,30.6444565217391,19.9485869565217,1.53617178943698,average,10
weighted.median_ensemble,Average,Cases,2021-06-28,2155.49301630435,1873.65013586957,1.15042449763652,average,10
weighted.median_ensemble,Average,Deaths,2021-06-28,11.1864402173913,16.214972826087,0.68988337738034,average,10
weighted.median_ensemble,Average,Cases,2021-07-05,3091.05149456522,2078.19038043478,1.48737648083932,average,10
weighted.median_ensemble,Average,Deaths,2021-07-05,13.678777173913,13.6704891304348,1.00060627263583,average,10
weighted.median_ensemble,Average,Cases,2021-07-12,1936.05527173913,1638.43260869565,1.18165084206937,average,10
weighted.median_ensemble,Average,Deaths,2021-07-12,12.3173369565217,11.3532336956522,1.08491882460226,average,10
weighted.median_ensemble,Average,Cases,2021-07-19,2140.38668478261,1360.3241576087,1.57343870783356,average,10
weighted.median_ensemble,Average,Deaths,2021-07-19,14.870652173913,15.45,0.962501758829323,average,10
weighted.median_ensemble,Average,Cases,2021-07-26,1434.2475,1371.53456521739,1.04572464768518,average,10
weighted.median_ensemble,Average,Deaths,2021-07-26,37.4088722826087,53.8573641304348,0.694591591820383,average,10
weighted.median_ensemble,Average,Cases,2021-08-02,2417.18635869565,2491.96320652174,0.969992796189612,average,10
weighted.median_ensemble,Average,Deaths,2021-08-02,21.4304211956522,57.3769565217391,0.373502229724098,average,10
weighted.median_ensemble,Average,Cases,2021-08-09,4930.74618206522,5188.2435326087,0.950369070201682,average,10
weighted.median_ensemble,Average,Deaths,2021-08-09,16.193777173913,33.4080706521739,0.48472650044696,average,10
weighted.median_ensemble,Average,Cases,2021-08-16,2893.23152173913,3157.25440217391,0.916375797828331,average,10
weighted.median_ensemble,Average,Deaths,2021-08-16,27.3807336956522,15.9900815217391,1.71235735467809,average,10
weighted.median_ensemble,Average,Cases,2021-08-23,23124.0327445652,13956.3365217391,1.65688414782389,average,10
weighted.median_ensemble,Average,Deaths,2021-08-23,54.4377717391304,34.9311684782609,1.55842973798627,average,10
weighted.median_ensemble,Average,Cases,2021-08-30,35141.5070923913,22816.3079619565,1.54019253031584,average,10
weighted.median_ensemble,Average,Deaths,2021-08-30,35.1025135869565,23.4105163043478,1.49943355074306,average,10
weighted.median_ensemble,Average,Cases,2021-09-06,15114.3671875,14998.8857065217,1.00769933735331,average,10
weighted.median_ensemble,Average,Deaths,2021-09-06,28.2214945652174,22.2042934782609,1.27099268404319,average,10
weighted.median_ensemble,Average,Cases,2021-09-13,4885.92038043478,5132.40698369565,0.951974462655846,average,10
weighted.median_ensemble,Average,Deaths,2021-09-13,27.1901086956522,27.3142934782609,0.995453487284687,average,10
weighted.median_ensemble,Average,Cases,2021-09-20,2598.47913043478,2895.40532608696,0.897449178193832,average,10
weighted.median_ensemble,Average,Deaths,2021-09-20,25.2114130434783,29.4114402173913,0.85719750060286,average,10
weighted.median_ensemble,Average,Cases,2021-09-27,8658.4129076087,8317.64019021739,1.04096987962909,average,10
weighted.median_ensemble,Average,Deaths,2021-09-27,34.8884239130435,34.80875,1.00228890474503,average,10
weighted.median_ensemble,Average,Cases,2021-10-04,12194.8985461957,10877.8855978261,1.12107251326791,average,10
weighted.median_ensemble,Average,Deaths,2021-10-04,56.1358152173913,51.18625,1.09669716412887,average,10
weighted.median_ensemble,Average,Cases,2021-10-11,22371.6840217391,21507.5229891304,1.04017947734127,average,10
weighted.median_ensemble,Average,Deaths,2021-10-11,82.2502445652174,68.594375,1.19908147811271,average,10
weighted.median_ensemble,Average,Cases,2021-10-18,37471.4035869565,35041.8169021739,1.06933392442422,average,10
weighted.median_ensemble,Average,Deaths,2021-10-18,135.713043478261,109.012880434783,1.2449266814801,average,10
weighted.median_ensemble,Average,Cases,2021-10-25,22195.7573641304,20256.0042663044,1.09576188236951,average,10
weighted.median_ensemble,Average,Deaths,2021-10-25,121.7925,116.439673913044,1.04597080966539,average,10
weighted.median_ensemble,Average,Cases,2021-11-01,11876.7806793478,17012.7543478261,0.698110396266637,average,10
weighted.median_ensemble,Average,Deaths,2021-11-01,89.3497826086957,114.217934782609,0.78227454189883,average,10
weighted.median_ensemble,Average,Cases,2021-11-08,25196.1092391304,40705.6073369565,0.618983744194254,average,10
weighted.median_ensemble,Average,Deaths,2021-11-08,130.734320652174,128.04285326087,1.02102005166833,average,10
weighted.median_ensemble,Average,Cases,2021-11-15,62731.364375,37036.3108695652,1.69378004726032,average,10
weighted.median_ensemble,Average,Deaths,2021-11-15,300.057173913044,209.267880434783,1.43384246684027,average,10
weighted.median_ensemble,Average,Cases,2021-11-22,70411.6461413044,75225.2295108696,0.93601105106805,average,10
weighted.median_ensemble,Average,Deaths,2021-11-22,452.869592391304,527.630135869565,0.858308806878418,average,10
weighted.median_ensemble,Average,Cases,2021-11-29,74681.6620652174,94516.9294836957,0.790140586169805,average,10
weighted.median_ensemble,Average,Deaths,2021-11-29,428.439048913044,443.77972826087,0.965431770829315,average,10
weighted.median_ensemble,Average,Cases,2021-12-06,35181.1298097826,41450.2869293478,0.848754795588001,average,10
weighted.median_ensemble,Average,Deaths,2021-12-06,191.358614130435,194.919456521739,0.981731724196003,average,10
weighted.median_ensemble,Average,Cases,2021-12-13,22544.4801902174,24676.2752717391,0.913609527449096,average,10
weighted.median_ensemble,Average,Deaths,2021-12-13,248.521766304348,194.502391304348,1.2777311612353,average,10
weighted.median_ensemble,Average,Cases,2021-12-20,52888.5602807971,47734.5584782609,1.10797212683728,average,10
weighted.median_ensemble,Average,Deaths,2021-12-20,259.839741847826,201.513858695652,1.2894385702785,average,10
weighted.median_ensemble,Average,Cases,2021-12-27,151964.59879529,148332.731467391,1.02448459818659,average,10
weighted.median_ensemble,Average,Deaths,2021-12-27,282.939723731884,251.96535326087,1.12293106996717,average,10
weighted.median_ensemble,Average,Cases,2022-01-03,199781.692418478,228524.753043478,0.874223425505545,average,10
weighted.median_ensemble,Average,Deaths,2022-01-03,207.541086956522,219.891195652174,0.943835365217679,average,10
weighted.median_ensemble,Average,Cases,2022-01-10,106497.575163044,120659.800326087,0.882626814193546,average,10
weighted.median_ensemble,Average,Deaths,2022-01-10,411.75714673913,434.753940217391,0.94710388716256,average,10
weighted.median_ensemble,Average,Cases,2022-01-17,108026.00548913,101812.50923913,1.06102880968591,average,10
weighted.median_ensemble,Average,Deaths,2022-01-17,340.508260869565,463.024293478261,0.735400422106691,average,10
weighted.median_ensemble,Average,Cases,2022-01-24,69783.0454347826,111354.185434783,0.626676448328499,average,10
weighted.median_ensemble,Average,Deaths,2022-01-24,556.098070652174,427.006548913044,1.30231742831049,average,10
weighted.median_ensemble,Average,Cases,2022-01-31,189548.979850544,205127.196195652,0.924055821782646,average,10
weighted.median_ensemble,Average,Deaths,2022-01-31,652.796983695652,334.116875,1.95379830394874,average,10
weighted.median_ensemble,Average,Cases,2022-02-07,108995.848233696,177083.685217391,0.615504743420549,average,10
weighted.median_ensemble,Average,Deaths,2022-02-07,201.814375,137.982880434783,1.46260445037881,average,10
weighted.median_ensemble,Average,Cases,2022-02-14,80934.6141847826,57032.7010869565,1.41909137463757,average,10
weighted.median_ensemble,Average,Deaths,2022-02-14,122.944429347826,107.166467391304,1.14722853463958,average,10
weighted.median_ensemble,Average,Cases,2022-02-21,79515.4054347826,76218.2007880435,1.0432600692833,average,10
weighted.median_ensemble,Average,Deaths,2022-02-21,126.703654891304,125.923423913044,1.00619607499554,average,10
weighted.median_ensemble,Average,Cases,2022-02-28,143698.27875,135466.263695652,1.06076800843081,average,10
weighted.median_ensemble,Average,Deaths,2022-02-28,138.408913043478,121.589184782609,1.13833243714021,average,10
weighted.median_ensemble,Average,Cases,2022-03-07,116262.510720109,107063.419293478,1.08592189085064,average,10
weighted.median_ensemble,Average,Deaths,2022-03-07,89.7610869565218,111.460652173913,0.805316362373932,average,10
