model,location,target_type,forecast_date,target_val,current_val,rel_score,average,nmod,ens_type
mean_ensemble,AT,Cases,2021-04-12,1008.21612318841,1048.75070652174,0.961349648604511,,3,mean
mean_ensemble,AT,Deaths,2021-04-12,22.0759057971014,16.2261956521739,1.36051026810735,,3,mean
mean_ensemble,BE,Cases,2021-04-12,2798.33065217391,2658.24108695652,1.0527000977845,,3,mean
mean_ensemble,BE,Deaths,2021-04-12,27.7096739130435,23.4015217391304,1.18409709513503,,3,mean
mean_ensemble,BG,Cases,2021-04-12,3074.67739130435,2546.63070652174,1.20735110254907,,3,mean
mean_ensemble,BG,Deaths,2021-04-12,81.3182246376812,62.5614130434783,1.29981438528518,,3,mean
mean_ensemble,CY,Cases,2021-04-12,902.619891304347,761.670054347826,1.18505366746656,,3,mean
mean_ensemble,CY,Deaths,2021-04-12,2.28800724637681,1.85260869565217,1.23501916607995,,3,mean
mean_ensemble,EE,Cases,2021-04-12,305.270724637681,313.512880434783,0.973710312043093,,3,mean
mean_ensemble,EE,Deaths,2021-04-12,16.3198188405797,5.40097826086957,3.02164127539965,,3,mean
mean_ensemble,ES,Cases,2021-04-12,49359.3930797101,9732.32673913043,5.07169502245054,,3,mean
mean_ensemble,FI,Cases,2021-04-12,167.12731884058,205.949402173913,0.811496984581921,,3,mean
mean_ensemble,FI,Deaths,2021-04-12,4.4411231884058,3.57086956521739,1.24370916027436,,3,mean
mean_ensemble,GR,Cases,2021-04-12,4052.62427536232,2799.41934782609,1.44766602349499,,3,mean
mean_ensemble,GR,Deaths,2021-04-12,30.9966304347826,28.8505434782609,1.07438636149571,,3,mean
mean_ensemble,HR,Cases,2021-04-12,5121.75644927536,2639.75336956522,1.94024051955996,,3,mean
mean_ensemble,HR,Deaths,2021-04-12,95.0565217391305,43.4075,2.18986400366597,,3,mean
mean_ensemble,HU,Cases,2021-04-12,2990.56097826087,5873.6964673913,0.509144623809455,,3,mean
mean_ensemble,HU,Deaths,2021-04-12,237.727427536232,90.8639130434783,2.61630189118622,,3,mean
mean_ensemble,IT,Cases,2021-04-12,2975.11431159421,6057.26206521739,0.491164866165888,,3,mean
mean_ensemble,IT,Deaths,2021-04-12,261.618079710145,153.432554347826,1.70510150744845,,3,mean
mean_ensemble,LT,Cases,2021-04-12,1278.01746376812,1145.14777173913,1.11602842472216,,3,mean
mean_ensemble,LT,Deaths,2021-04-12,6.8354347826087,13.0653260869565,0.523173684079168,,3,mean
mean_ensemble,LU,Deaths,2021-04-12,4.22413043478261,4.9691847826087,0.850065074972931,,3,mean
mean_ensemble,LV,Cases,2021-04-12,506.671594202899,474.991521739131,1.06669607985375,,3,mean
mean_ensemble,LV,Deaths,2021-04-12,7.02028985507247,6.71260869565217,1.04583630200574,,3,mean
mean_ensemble,MT,Cases,2021-04-12,129.969782608696,49.3860869565217,2.6317084551185,,3,mean
mean_ensemble,MT,Deaths,2021-04-12,1.01923913043478,0.766739130434783,1.32931669974483,,3,mean
mean_ensemble,NO,Cases,2021-04-12,320.231702898551,604.246304347826,0.529968823299933,,3,mean
mean_ensemble,PT,Cases,2021-04-12,1763.62496376812,1075.04597826087,1.64051119620128,,3,mean
mean_ensemble,PT,Deaths,2021-04-12,15.0542391304348,24.2245652173913,0.621445173332855,,3,mean
mean_ensemble,RO,Cases,2021-04-12,4666.9747826087,5699.83869565217,0.818790676685054,,3,mean
mean_ensemble,RO,Deaths,2021-04-12,93.2076811594206,90.7752173913044,1.02679656229994,,3,mean
mean_ensemble,SI,Cases,2021-04-12,1603.34115942029,1439.32673913043,1.11395218044024,,3,mean
mean_ensemble,SI,Deaths,2021-04-12,11.5896014492754,7.98315217391304,1.45175755100188,,3,mean
mean_ensemble,SK,Cases,2021-04-12,3032.14760869565,3490.32711956522,0.868728776652133,,3,mean
mean_ensemble,SK,Deaths,2021-04-12,61.0325,45.5567391304348,1.33970299817237,,3,mean
mean_ensemble,AT,Cases,2021-04-19,1136.41369565217,954.08347826087,1.19110509881552,,3,mean
mean_ensemble,AT,Deaths,2021-04-19,14.6499275362319,15.3169565217391,0.956451597642092,,3,mean
mean_ensemble,BE,Cases,2021-04-19,2094.06887681159,1938.73086956522,1.08012355385934,,3,mean
mean_ensemble,BE,Deaths,2021-04-19,27.4785869565218,17.0504891304348,1.61160109521275,,3,mean
mean_ensemble,BG,Cases,2021-04-19,1280.80231884058,744.43652173913,1.72049903710851,,3,mean
mean_ensemble,BG,Deaths,2021-04-19,29.8905072463768,40.4265760869565,0.739377660430186,,3,mean
mean_ensemble,CY,Cases,2021-04-19,2240.89865942029,2807.49793478261,0.798183546871891,,3,mean
mean_ensemble,CY,Deaths,2021-04-19,6.35148550724638,4.65282608695652,1.36508121914373,,3,mean
mean_ensemble,EE,Cases,2021-04-19,467.842246376812,352.110326086957,1.32868084721058,,3,mean
mean_ensemble,EE,Deaths,2021-04-19,6.46757246376812,3.85456521739131,1.67789934765853,,3,mean
mean_ensemble,ES,Cases,2021-04-19,10494.4073550725,7108.64815217391,1.47628735174678,,3,mean
mean_ensemble,FI,Cases,2021-04-19,212.242971014493,153.19597826087,1.38543435293762,,3,mean
mean_ensemble,FI,Deaths,2021-04-19,2.7045652173913,1.98369565217391,1.36339726027397,,3,mean
mean_ensemble,GR,Cases,2021-04-19,2041.42489130435,2100.42059782609,0.971912431927777,,3,mean
mean_ensemble,GR,Deaths,2021-04-19,30.8974637681159,37.6042391304348,0.821648422693633,,3,mean
mean_ensemble,HR,Cases,2021-04-19,5160.97467391304,5034.4122826087,1.02513945704081,,3,mean
mean_ensemble,HR,Deaths,2021-04-19,41.4014492753624,33.0275,1.25354475135455,,3,mean
mean_ensemble,HU,Cases,2021-04-19,2132.84634057971,3481.4702173913,0.612628058664788,,3,mean
mean_ensemble,HU,Deaths,2021-04-19,138.668913043478,97.0792391304348,1.42840955785782,,3,mean
mean_ensemble,IT,Cases,2021-04-19,7108.73177536232,11073.0985326087,0.641982165554485,,3,mean
mean_ensemble,IT,Deaths,2021-04-19,278.441666666667,184.974673913043,1.50529616177381,,3,mean
mean_ensemble,LT,Cases,2021-04-19,1081.06528985507,997.675108695652,1.08358450605072,,3,mean
mean_ensemble,LT,Deaths,2021-04-19,8.91445652173914,10.2,0.8739663256607,,3,mean
mean_ensemble,LU,Deaths,2021-04-19,5.8556884057971,5.28635869565217,1.10769789621222,,3,mean
mean_ensemble,LV,Cases,2021-04-19,410.541014492754,347.89972826087,1.18005557677502,,3,mean
mean_ensemble,LV,Deaths,2021-04-19,9.86003623188406,7.45510869565217,1.3225878567853,,3,mean
mean_ensemble,MT,Cases,2021-04-19,147.967210144927,55.0302717391304,2.68883299080118,,3,mean
mean_ensemble,MT,Deaths,2021-04-19,1.25163043478261,0.876521739130435,1.42795138888889,,3,mean
mean_ensemble,NO,Cases,2021-04-19,416.495036231884,331.974891304348,1.25459800467274,,3,mean
mean_ensemble,PT,Cases,2021-04-19,502.63615942029,368.174293478261,1.36521253200957,,3,mean
mean_ensemble,PT,Deaths,2021-04-19,11.5117391304348,12.4972826086957,0.92113937812568,,3,mean
mean_ensemble,RO,Cases,2021-04-19,1669.06112318841,1581.50472826087,1.05536271461156,,3,mean
mean_ensemble,RO,Deaths,2021-04-19,61.0322826086958,110.113695652174,0.554266045174653,,3,mean
mean_ensemble,SI,Cases,2021-04-19,643.563478260869,375.746413043478,1.71276013800936,,3,mean
mean_ensemble,SI,Deaths,2021-04-19,5.31855072463768,5.52923913043478,0.961895588013655,,3,mean
mean_ensemble,SK,Cases,2021-04-19,1847.9372826087,2624.95614130435,0.703987869942258,,3,mean
mean_ensemble,SK,Deaths,2021-04-19,62.7464492753623,36.0565217391304,1.74022468748744,,3,mean
mean_ensemble,AT,Cases,2021-04-26,2399.63702898551,2769.96809782609,0.86630493357262,,3,mean
mean_ensemble,AT,Deaths,2021-04-26,16.919963768116,15.7438043478261,1.07470617611253,,3,mean
mean_ensemble,BE,Cases,2021-04-26,2864.11902173913,2184.39179347826,1.31117459344531,,3,mean
mean_ensemble,BE,Deaths,2021-04-26,28.2053623188406,21.9200543478261,1.28673779139776,,3,mean
mean_ensemble,BG,Cases,2021-04-26,1701.3168115942,850.852934782609,1.99954274357517,,3,mean
mean_ensemble,BG,Deaths,2021-04-26,59.3248188405797,32.6590760869565,1.81648797052997,,3,mean
mean_ensemble,CY,Cases,2021-04-26,2944.25177536232,2240.1952173913,1.31428357337129,,3,mean
mean_ensemble,CY,Deaths,2021-04-26,4.21985507246376,3.70929347826087,1.13764389288557,,3,mean
mean_ensemble,EE,Cases,2021-04-26,222.399746376812,335.779021739131,0.662339610214232,,3,mean
mean_ensemble,EE,Deaths,2021-04-26,3.27485507246377,4.25255434782609,0.770091292104916,,3,mean
mean_ensemble,ES,Cases,2021-04-26,17334.3692753623,20778.6852173913,0.834238022955072,,3,mean
mean_ensemble,FI,Cases,2021-04-26,150.597246376812,194.354673913043,0.774857858289483,,3,mean
mean_ensemble,FI,Deaths,2021-04-26,2.44702898550725,2.74016304347826,0.893023132813688,,3,mean
mean_ensemble,GR,Cases,2021-04-26,1911.77126811594,1691.70847826087,1.13008316307624,,3,mean
mean_ensemble,GR,Deaths,2021-04-26,28.6118840579711,35.7525543478261,0.800275241304844,,3,mean
mean_ensemble,HR,Cases,2021-04-26,5881.73235507246,3953.35679347826,1.4877818174103,,3,mean
mean_ensemble,HR,Deaths,2021-04-26,33.6784420289855,24.8619565217391,1.35461752575817,,3,mean
mean_ensemble,HU,Cases,2021-04-26,1578.0270289855,2473.01076086957,0.638099540024094,,3,mean
mean_ensemble,HU,Deaths,2021-04-26,80.0640579710145,68.7975543478261,1.16376314143708,,3,mean
mean_ensemble,IT,Cases,2021-04-26,14842.7922826087,14080.4839673913,1.05413935465449,,3,mean
mean_ensemble,IT,Deaths,2021-04-26,211.507463768116,178.539673913043,1.18465245921267,,3,mean
mean_ensemble,LT,Cases,2021-04-26,1133.63032608696,888.826739130435,1.27542329250358,,3,mean
mean_ensemble,LT,Deaths,2021-04-26,9.74840579710145,10.8451086956522,0.89887580389209,,3,mean
mean_ensemble,LU,Deaths,2021-04-26,1.48083333333333,2.6083152173913,0.567735572548774,,3,mean
mean_ensemble,LV,Cases,2021-04-26,422.223224637681,472.80097826087,0.893025277127743,,3,mean
mean_ensemble,LV,Deaths,2021-04-26,6.66695652173913,7.32461956521739,0.910211986080298,,3,mean
mean_ensemble,MT,Cases,2021-04-26,28.713731884058,23.5201086956522,1.22081629194876,,3,mean
mean_ensemble,MT,Deaths,2021-04-26,1.21463768115942,0.754510869565217,1.60983456985762,,3,mean
mean_ensemble,NO,Cases,2021-04-26,336.040108695652,368.859347826087,0.911025057860513,,3,mean
mean_ensemble,PT,Cases,2021-04-26,573.013007246377,822.076413043478,0.697031319904895,,3,mean
mean_ensemble,PT,Deaths,2021-04-26,5.84905797101449,9.10195652173913,0.642615459329496,,3,mean
mean_ensemble,RO,Cases,2021-04-26,1539.50619565217,1006.96717391304,1.52885440115163,,3,mean
mean_ensemble,RO,Deaths,2021-04-26,107.837826086957,60.9139130434783,1.77033161553725,,3,mean
mean_ensemble,SI,Cases,2021-04-26,601.497826086957,404.018152173913,1.4887891121982,,3,mean
mean_ensemble,SI,Deaths,2021-04-26,5.29355072463768,5.39608695652174,0.980998039373674,,3,mean
mean_ensemble,SK,Cases,2021-04-26,1179.82260869565,1376.19847826087,0.85730556117648,,3,mean
mean_ensemble,SK,Deaths,2021-04-26,43.781884057971,38.4052717391304,1.13999672637031,,3,mean
mean_ensemble,AT,Cases,2021-05-03,3073.7488768116,3281.86923913044,0.936584809706196,,3,mean
mean_ensemble,AT,Deaths,2021-05-03,12.5256521739131,13.128152173913,0.95410626019424,,3,mean
mean_ensemble,BE,Cases,2021-05-03,1846.88887681159,1888.31086956522,0.978063997077366,,3,mean
mean_ensemble,BE,Deaths,2021-05-03,20.5935869565217,34.1202173913044,0.60355966435812,,3,mean
mean_ensemble,BG,Cases,2021-05-03,992.010398550724,1409.25239130435,0.703926709418289,,3,mean
mean_ensemble,BG,Deaths,2021-05-03,21.2809057971015,24.4845108695652,0.869157889674411,,3,mean
mean_ensemble,CY,Cases,2021-05-03,2231.98130434783,2212.49369565217,1.00880798383017,,3,mean
mean_ensemble,CY,Deaths,2021-05-03,3.0579347826087,2.79184782608696,1.09530854584388,,3,mean
mean_ensemble,EE,Cases,2021-05-03,282.363731884058,324.783369565217,0.86939097978463,,3,mean
mean_ensemble,EE,Deaths,2021-05-03,2.68471014492754,2.54217391304348,1.05606863918819,,3,mean
mean_ensemble,ES,Cases,2021-05-03,8327.26134057971,7684.33190217391,1.08366757794831,,3,mean
mean_ensemble,FI,Cases,2021-05-03,133.712536231884,133.259076086957,1.00340284623189,,3,mean
mean_ensemble,FI,Deaths,2021-05-03,3.04518115942029,2.70342391304348,1.1264164472053,,3,mean
mean_ensemble,GR,Cases,2021-05-03,1335.69920289855,1862.23554347826,0.717255777646553,,3,mean
mean_ensemble,GR,Deaths,2021-05-03,44.0706521739131,28.2523369565217,1.5598940449328,,3,mean
mean_ensemble,HR,Cases,2021-05-03,3910.77514492754,3769.6239673913,1.03744436547445,,3,mean
mean_ensemble,HR,Deaths,2021-05-03,47.5313405797102,41.3163043478261,1.15042575394842,,3,mean
mean_ensemble,HU,Cases,2021-05-03,1333.21811594203,3116.13826086957,0.427843055837321,,3,mean
mean_ensemble,HU,Deaths,2021-05-03,83.7719565217391,80.9621195652174,1.0347055755409,,3,mean
mean_ensemble,IT,Cases,2021-05-03,18633.533115942,18686.5769565217,0.997161393405377,,3,mean
mean_ensemble,IT,Deaths,2021-05-03,140.422282608696,155.817445652174,0.901197436660306,,3,mean
mean_ensemble,LT,Cases,2021-05-03,1973.02655797102,1852.52625,1.06504647800322,,3,mean
mean_ensemble,LT,Deaths,2021-05-03,17.783152173913,19.3765217391304,0.917768029439483,,3,mean
mean_ensemble,LU,Deaths,2021-05-03,1.00525362318841,1.80875,0.555772562923791,,3,mean
mean_ensemble,LV,Cases,2021-05-03,860.028442028986,942.271684782609,0.912718121448595,,3,mean
mean_ensemble,LV,Deaths,2021-05-03,6.57206521739131,7.37635869565217,0.89096334499908,,3,mean
mean_ensemble,MT,Cases,2021-05-03,38.8840942028985,29.7239130434783,1.30817547965577,,3,mean
mean_ensemble,MT,Deaths,2021-05-03,0.654384057971015,0.668478260869565,0.978915989159892,,3,mean
mean_ensemble,NO,Cases,2021-05-03,322.863188405797,354.262445652174,0.911367243037651,,3,mean
mean_ensemble,PT,Cases,2021-05-03,459.905507246377,362.144456521739,1.26995042714058,,3,mean
mean_ensemble,PT,Deaths,2021-05-03,3.94076086956522,3.28880434782609,1.19823511914598,,3,mean
mean_ensemble,RO,Cases,2021-05-03,696.041666666666,1166.47054347826,0.596707452715576,,3,mean
mean_ensemble,RO,Deaths,2021-05-03,59.2166666666667,31.4199456521739,1.8846839304628,,3,mean
mean_ensemble,SI,Cases,2021-05-03,726.834166666667,681.882336956522,1.06592314725555,,3,mean
mean_ensemble,SI,Deaths,2021-05-03,12.9567391304348,8.47108695652174,1.52952498267765,,3,mean
mean_ensemble,SK,Cases,2021-05-03,817.859782608696,1022.33173913044,0.799994513820282,,3,mean
mean_ensemble,SK,Deaths,2021-05-03,35.4257971014493,34.6267391304348,1.02307632745909,,3,mean
mean_ensemble,AT,Cases,2021-05-10,1095.9215942029,1117.33956521739,0.980831278439222,,3,mean
mean_ensemble,AT,Deaths,2021-05-10,7.20141304347825,7.6179347826087,0.94532353570664,,3,mean
mean_ensemble,BE,Cases,2021-05-10,2553.30677536232,3051.80217391304,0.836655402236787,,3,mean
mean_ensemble,BE,Deaths,2021-05-10,53.3411594202898,57.3961956521739,0.929350086955973,,3,mean
mean_ensemble,BG,Cases,2021-05-10,563.814347826087,790.490326086956,0.713246360163635,,3,mean
mean_ensemble,BG,Deaths,2021-05-10,17.9408333333334,19.5688043478261,0.916807844487771,,3,mean
mean_ensemble,CY,Cases,2021-05-10,783.6525,950.60097826087,0.824375861082846,,3,mean
mean_ensemble,CY,Deaths,2021-05-10,5.49855072463768,5.43891304347826,1.01096499993338,,3,mean
mean_ensemble,EE,Cases,2021-05-10,548.287898550725,761.860543478261,0.719669634087528,,3,mean
mean_ensemble,EE,Deaths,2021-05-10,4.55851449275362,4.6825,0.973521514736492,,3,mean
mean_ensemble,ES,Cases,2021-05-10,5877.93717391304,4550.51891304348,1.29170700885666,,3,mean
mean_ensemble,FI,Cases,2021-05-10,179.064166666667,195.965326086957,0.91375433727092,,3,mean
mean_ensemble,FI,Deaths,2021-05-10,2.73253623188406,2.73271739130435,0.999933707224587,,3,mean
mean_ensemble,GR,Cases,2021-05-10,1404.06380434783,1647.10793478261,0.852441892056783,,3,mean
mean_ensemble,GR,Deaths,2021-05-10,42.1480072463768,48.1138043478261,0.876006539447159,,3,mean
mean_ensemble,HR,Cases,2021-05-10,1658.16434782609,1544.47097826087,1.0736131472624,,3,mean
mean_ensemble,HR,Deaths,2021-05-10,38.4169565217391,32.0575,1.19837655842593,,3,mean
mean_ensemble,HU,Cases,2021-05-10,962.091268115942,1347.77663043478,0.713835843707706,,3,mean
mean_ensemble,HU,Deaths,2021-05-10,57.4733695652174,40.7648913043478,1.40987422574306,,3,mean
mean_ensemble,IT,Cases,2021-05-10,11060.3193115942,7288.51451086957,1.51749979987001,,3,mean
mean_ensemble,IT,Deaths,2021-05-10,99.7201086956523,115.776630434783,0.861314656689936,,3,mean
mean_ensemble,LT,Cases,2021-05-10,2488.53989130435,2672.99282608696,0.93099385341313,,3,mean
mean_ensemble,LT,Deaths,2021-05-10,14.9469202898551,15.8089130434783,0.94547425548787,,3,mean
mean_ensemble,LU,Deaths,2021-05-10,0.76804347826087,0.931304347826087,0.824696545284781,,3,mean
mean_ensemble,LV,Cases,2021-05-10,1240.32626811594,1284.59902173913,0.965535740823428,,3,mean
mean_ensemble,LV,Deaths,2021-05-10,9.16847826086956,9.36021739130435,0.979515525930743,,3,mean
mean_ensemble,MT,Cases,2021-05-10,36.3125724637681,26.3892391304348,1.37603711438155,,3,mean
mean_ensemble,MT,Deaths,2021-05-10,0.569166666666667,0.649565217391304,0.876227130745203,,3,mean
mean_ensemble,NO,Cases,2021-05-10,300.464456521739,320.593152173913,0.93721420586908,,3,mean
mean_ensemble,PT,Cases,2021-05-10,627.617644927537,642.270217391304,0.977186280685283,,3,mean
mean_ensemble,PT,Deaths,2021-05-10,3.01195652173913,2.0075,1.50035194109048,,3,mean
mean_ensemble,RO,Cases,2021-05-10,1955.55945652174,2192.21445652174,0.892047514194625,,3,mean
mean_ensemble,RO,Deaths,2021-05-10,62.2932971014493,50.8116304347826,1.22596532660773,,3,mean
mean_ensemble,SI,Cases,2021-05-10,859.21597826087,835.219782608696,1.02873039665946,,3,mean
mean_ensemble,SI,Deaths,2021-05-10,2.89699275362319,3.13608695652174,0.923760340126622,,3,mean
mean_ensemble,SK,Cases,2021-05-10,524.153333333333,652.131195652174,0.803754423692529,,3,mean
mean_ensemble,SK,Deaths,2021-05-10,38.1311231884058,43.0551086956522,0.885635278683118,,3,mean
mean_ensemble,AT,Cases,2021-05-17,266.064021739131,399.315217391304,0.66630073223181,,3,mean
mean_ensemble,AT,Deaths,2021-05-17,7.14934782608695,7.41173913043478,0.964597876459201,,3,mean
mean_ensemble,BE,Cases,2021-05-17,1573.45826086957,1710.46695652174,0.919899829032196,,3,mean
mean_ensemble,BE,Deaths,2021-05-17,20.113731884058,16.0021739130435,1.25693746320699,,3,mean
mean_ensemble,BG,Cases,2021-05-17,615.861014492754,298.144076086957,2.06564900626478,,3,mean
mean_ensemble,BG,Deaths,2021-05-17,22.4682608695652,17.7733695652174,1.26415313579794,,3,mean
mean_ensemble,CY,Cases,2021-05-17,318.754746376812,262.217608695652,1.215611521905,,3,mean
mean_ensemble,CY,Deaths,2021-05-17,2.64163043478261,1.98695652173913,1.32948577680525,,3,mean
mean_ensemble,EE,Cases,2021-05-17,527.569601449275,408.248043478261,1.29227710916726,,3,mean
mean_ensemble,EE,Deaths,2021-05-17,3.16380434782609,3.64239130434783,0.868606386153387,,3,mean
mean_ensemble,ES,Cases,2021-05-17,4191.78199275363,4804.38635869565,0.872490611660894,,3,mean
mean_ensemble,FI,Cases,2021-05-17,225.536413043478,260.58125,0.865512821983463,,3,mean
mean_ensemble,FI,Deaths,2021-05-17,2.78028985507246,2.90228260869565,0.957966617979351,,3,mean
mean_ensemble,GR,Cases,2021-05-17,2143.0659057971,2298.27407608696,0.932467510335358,,3,mean
mean_ensemble,GR,Deaths,2021-05-17,46.2517391304348,41.1927173913044,1.12281349858697,,3,mean
mean_ensemble,HR,Cases,2021-05-17,1570.80778985507,1078.65516304348,1.45626502674215,,3,mean
mean_ensemble,HR,Deaths,2021-05-17,38.1260144927536,34.6845652173913,1.09922134683807,,3,mean
mean_ensemble,HU,Cases,2021-05-17,991.33615942029,498.046141304348,1.99045043662832,,3,mean
mean_ensemble,HU,Deaths,2021-05-17,87.8846014492754,57.6170652173913,1.52532242171106,,3,mean
mean_ensemble,IT,Cases,2021-05-17,2349.34134057971,4209.95336956522,0.55804450414194,,3,mean
mean_ensemble,IT,Deaths,2021-05-17,58.0209420289855,68.0210869565218,0.852984634986379,,3,mean
mean_ensemble,LT,Cases,2021-05-17,2507.14195652174,2493.23989130435,1.00557590357265,,3,mean
mean_ensemble,LT,Deaths,2021-05-17,9.35032608695652,10.3267391304348,0.90544807696356,,3,mean
mean_ensemble,LU,Deaths,2021-05-17,1.09565217391304,1.06815217391304,1.02574539533937,,3,mean
mean_ensemble,LV,Cases,2021-05-17,1642.26945652174,1463.77456521739,1.12194151718837,,3,mean
mean_ensemble,LV,Deaths,2021-05-17,6.87108695652174,6.81913043478261,1.00761922978832,,3,mean
mean_ensemble,MT,Cases,2021-05-17,12.8485144927536,10.9715217391304,1.17107861591604,,3,mean
mean_ensemble,MT,Deaths,2021-05-17,0.379492753623188,0.423695652173913,0.895672994698136,,3,mean
mean_ensemble,NO,Cases,2021-05-17,359.261666666666,351.409239130435,1.02234553523881,,3,mean
mean_ensemble,PT,Cases,2021-05-17,421.786775362319,714.049836956522,0.590696550201721,,3,mean
mean_ensemble,PT,Deaths,2021-05-17,2.95550724637681,3.7345652173913,0.791392591730213,,3,mean
mean_ensemble,RO,Cases,2021-05-17,926.598768115942,885.584565217391,1.04631314107025,,3,mean
mean_ensemble,RO,Deaths,2021-05-17,233.552282608696,252.014782608696,0.92674040860267,,3,mean
mean_ensemble,SI,Cases,2021-05-17,514.850253623188,614.715217391304,0.837542717436023,,3,mean
mean_ensemble,SI,Deaths,2021-05-17,3.34586956521739,2.97434782608696,1.12490863908785,,3,mean
mean_ensemble,SK,Cases,2021-05-17,303.911847826087,444.585652173913,0.683584470933854,,3,mean
mean_ensemble,SK,Deaths,2021-05-17,37.8295652173913,54.0177173913044,0.70031772989136,,3,mean
mean_ensemble,AT,Cases,2021-05-24,241.735362318841,235.29277173913,1.02738116658702,,3,mean
mean_ensemble,AT,Deaths,2021-05-24,10.5075724637681,9.405,1.11723258519597,,3,mean
mean_ensemble,BE,Cases,2021-05-24,3327.73188405797,3598.91309782609,0.924649135337022,,3,mean
mean_ensemble,BE,Deaths,2021-05-24,12.1194927536232,9.68565217391305,1.25128308719007,,3,mean
mean_ensemble,BG,Cases,2021-05-24,281.26634057971,126.915108695652,2.216176966402,,3,mean
mean_ensemble,BG,Deaths,2021-05-24,13.468115942029,10.0114130434783,1.34527622459874,,3,mean
mean_ensemble,CY,Cases,2021-05-24,77.3321739130435,56.6540760869565,1.36498870433169,,3,mean
mean_ensemble,CY,Deaths,2021-05-24,1.44659420289855,1.41510869565217,1.02224953273421,,3,mean
mean_ensemble,EE,Cases,2021-05-24,484.473297101449,420.278804347826,1.1527426367676,,3,mean
mean_ensemble,EE,Deaths,2021-05-24,3.98891304347826,4.2270652173913,0.943660160970969,,3,mean
mean_ensemble,ES,Cases,2021-05-24,4202.1272826087,4394.53902173913,0.956215717239374,,3,mean
mean_ensemble,FI,Cases,2021-05-24,534.785869565217,382.360652173913,1.39864252904866,,3,mean
mean_ensemble,FI,Deaths,2021-05-24,1.45583333333333,1.01163043478261,1.43909602091616,,3,mean
mean_ensemble,GR,Cases,2021-05-24,3211.33083333334,2736.14065217391,1.17367169366161,,3,mean
mean_ensemble,GR,Deaths,2021-05-24,48.6492028985507,54.2170652173913,0.897304247352463,,3,mean
mean_ensemble,HR,Cases,2021-05-24,420.708152173913,213.185543478261,1.97343659100794,,3,mean
mean_ensemble,HR,Deaths,2021-05-24,13.3501086956522,23.8098913043478,0.560695910997895,,3,mean
mean_ensemble,HU,Cases,2021-05-24,621.31097826087,390.296358695652,1.59189540055473,,3,mean
mean_ensemble,HU,Deaths,2021-05-24,33.3972101449275,31.423152173913,1.06282176785095,,3,mean
mean_ensemble,IT,Cases,2021-05-24,1717.79644927536,3778.94282608696,0.454570637432512,,3,mean
mean_ensemble,IT,Deaths,2021-05-24,57.1224275362319,62.7,0.911043501375309,,3,mean
mean_ensemble,LT,Cases,2021-05-24,1809.66550724638,1401.33608695652,1.29138578824205,,3,mean
mean_ensemble,LT,Deaths,2021-05-24,14.9061231884058,13.965652173913,1.06734171829437,,3,mean
mean_ensemble,LU,Deaths,2021-05-24,1.27695652173913,1.18,1.08216654384672,,3,mean
mean_ensemble,LV,Cases,2021-05-24,1063.74373188406,965.371086956522,1.10190137891707,,3,mean
mean_ensemble,LV,Deaths,2021-05-24,4.85507246376812,8.54913043478261,0.567902490294801,,3,mean
mean_ensemble,MT,Cases,2021-05-24,5.68543478260869,5.89532608695652,0.964396998359053,,3,mean
mean_ensemble,MT,Deaths,2021-05-24,0.432173913043478,0.4375,0.987826086956522,,3,mean
mean_ensemble,NO,Cases,2021-05-24,1438.61641304348,856.841358695652,1.6789763921217,,3,mean
mean_ensemble,PT,Cases,2021-05-24,920.825615942029,899.303043478261,1.02393250264174,,3,mean
mean_ensemble,PT,Deaths,2021-05-24,3.28898550724638,2.51576086956522,1.30735219989919,,3,mean
mean_ensemble,RO,Cases,2021-05-24,505.786992753623,754.06472826087,0.670747448856466,,3,mean
mean_ensemble,RO,Deaths,2021-05-24,392.864239130435,335.4975,1.1709900643982,,3,mean
mean_ensemble,SI,Cases,2021-05-24,244.060507246377,319.520054347826,0.763834707478784,,3,mean
mean_ensemble,SI,Deaths,2021-05-24,1.65731884057971,2.80934782608696,0.589930098790271,,3,mean
mean_ensemble,SK,Cases,2021-05-24,276.036376811594,395.760108695652,0.697484083783372,,3,mean
mean_ensemble,SK,Deaths,2021-05-24,10.6002898550725,11.5613043478261,0.916876637458789,,3,mean
mean_ensemble,AT,Cases,2021-05-31,382.234782608696,364.743532608696,1.04795492842574,,3,mean
mean_ensemble,AT,Deaths,2021-05-31,9.09626811594203,8.32978260869565,1.09201746831259,,3,mean
mean_ensemble,BE,Cases,2021-05-31,2194.70311594203,3104.02581521739,0.707050535850108,,3,mean
mean_ensemble,BE,Deaths,2021-05-31,11.349347826087,9.43635869565217,1.20272535117981,,3,mean
mean_ensemble,BG,Cases,2021-05-31,146.118550724638,135.780923913044,1.07613460354869,,3,mean
mean_ensemble,BG,Deaths,2021-05-31,13.8421739130435,13.598152173913,1.01794521314437,,3,mean
mean_ensemble,CY,Cases,2021-05-31,108.210724637681,238.447445652174,0.453813729653156,,3,mean
mean_ensemble,CY,Deaths,2021-05-31,1.53271739130435,1.51934782608696,1.00879954213764,,3,mean
mean_ensemble,EE,Cases,2021-05-31,82.8388405797102,126.012445652174,0.657386182380479,,3,mean
mean_ensemble,EE,Deaths,2021-05-31,1.91474637681159,2.14478260869565,0.892746131495372,,3,mean
mean_ensemble,ES,Cases,2021-05-31,3488.86144927536,3257.99559782609,1.07086131473085,,3,mean
mean_ensemble,FI,Cases,2021-05-31,127.369420289855,135.666141304348,0.938844571425672,,3,mean
mean_ensemble,FI,Deaths,2021-05-31,4.79297101449275,3.08423913043478,1.55402055800294,,3,mean
mean_ensemble,GR,Cases,2021-05-31,2434.10384057971,2495.22086956522,0.975506365095385,,3,mean
mean_ensemble,GR,Deaths,2021-05-31,35.3042753623188,35.6141304347826,0.991299659189174,,3,mean
mean_ensemble,HR,Cases,2021-05-31,137.469166666667,138.061304347826,0.995711052535999,,3,mean
mean_ensemble,HR,Deaths,2021-05-31,3.2038768115942,4.84836956521739,0.660815304711729,,3,mean
mean_ensemble,HU,Cases,2021-05-31,201.645471014493,222.246467391304,0.907305629562427,,3,mean
mean_ensemble,HU,Deaths,2021-05-31,13.7175,11.4373369565217,1.19936135939215,,3,mean
mean_ensemble,IT,Cases,2021-05-31,2539.33123188406,1131.75,2.24372099128258,,3,mean
mean_ensemble,IT,Deaths,2021-05-31,59.2207971014493,57.7021739130435,1.02631830112145,,3,mean
mean_ensemble,LT,Cases,2021-05-31,462.27365942029,360.075923913044,1.28382274048383,,3,mean
mean_ensemble,LT,Deaths,2021-05-31,15.6725362318841,14.2157065217391,1.10248028882118,,3,mean
mean_ensemble,LU,Deaths,2021-05-31,2.05336956521739,1.44032608695652,1.42562825447136,,3,mean
mean_ensemble,LV,Cases,2021-05-31,405.162608695653,292.729076086957,1.38408734148191,,3,mean
mean_ensemble,LV,Deaths,2021-05-31,6.04536231884059,7.12923913043478,0.847967392906332,,3,mean
mean_ensemble,MT,Cases,2021-05-31,49.9142391304348,10.6488043478261,4.68730925088549,,3,mean
mean_ensemble,MT,Deaths,2021-05-31,0.209746376811594,0.292391304347826,0.717348203221809,,3,mean
mean_ensemble,NO,Cases,2021-05-31,399.628586956522,529.463206521739,0.754780657152451,,3,mean
mean_ensemble,PT,Cases,2021-05-31,1129.10405797101,1115.20875,1.01245982688982,,3,mean
mean_ensemble,PT,Deaths,2021-05-31,2.28884057971014,2.73336956521739,0.837369600084834,,3,mean
mean_ensemble,RO,Cases,2021-05-31,119.327355072464,110.5875,1.0790311298516,,3,mean
mean_ensemble,RO,Deaths,2021-05-31,522.783623188406,505.236413043478,1.03473069179481,,3,mean
mean_ensemble,SI,Cases,2021-05-31,216.354492753623,240.626684782609,0.899129258872873,,3,mean
mean_ensemble,SI,Deaths,2021-05-31,1.5238768115942,2.23010869565217,0.683319523647056,,3,mean
mean_ensemble,SK,Cases,2021-05-31,288.320362318841,379.738695652174,0.759259895343747,,3,mean
mean_ensemble,SK,Deaths,2021-05-31,7.23329710144928,9.29152173913043,0.778483579389033,,3,mean
mean_ensemble,AT,Cases,2021-06-07,195.110760869565,211.343804347826,0.923191297098329,,3,mean
mean_ensemble,AT,Deaths,2021-06-07,6.21460144927537,4.83065217391304,1.28649325712914,,3,mean
mean_ensemble,BE,Cases,2021-06-07,2209.04148550725,2437.98798913043,0.90609202972126,,3,mean
mean_ensemble,BE,Deaths,2021-06-07,9.19228260869565,11.75,0.782321924144311,,3,mean
mean_ensemble,BG,Cases,2021-06-07,130.949202898551,117.771956521739,1.11188781069778,,3,mean
mean_ensemble,BG,Deaths,2021-06-07,11.2544565217391,9.76239130434783,1.15283808760327,,3,mean
mean_ensemble,CY,Cases,2021-06-07,685.165797101449,808.052119565217,0.847922776899727,,3,mean
mean_ensemble,CY,Deaths,2021-06-07,1.53974637681159,1.42592391304348,1.07982365870082,,3,mean
mean_ensemble,EE,Cases,2021-06-07,47.9657608695652,59.888097826087,0.8009230984236,,3,mean
mean_ensemble,EE,Deaths,2021-06-07,1.54945652173913,2.5725,0.602315460345629,,3,mean
mean_ensemble,ES,Cases,2021-06-07,5700.88942028985,6902.39673913044,0.825928968697336,,3,mean
mean_ensemble,FI,Cases,2021-06-07,216.027391304348,233.35347826087,0.925751751867385,,3,mean
mean_ensemble,FI,Deaths,2021-06-07,1.66840579710145,2.15402173913043,0.774553834250055,,3,mean
mean_ensemble,GR,Cases,2021-06-07,1385.43847826087,1163.42260869565,1.19082994253836,,3,mean
mean_ensemble,GR,Deaths,2021-06-07,29.1396376811594,20.6613043478261,1.41034840737078,,3,mean
mean_ensemble,HR,Cases,2021-06-07,165.562246376812,132.395923913043,1.25050863715073,,3,mean
mean_ensemble,HR,Deaths,2021-06-07,3.38072463768116,4.28326086956522,0.789287587338645,,3,mean
mean_ensemble,HU,Cases,2021-06-07,239.477282608696,125.6675,1.9056421318853,,3,mean
mean_ensemble,HU,Deaths,2021-06-07,10.2752898550725,10.150597826087,1.01228420543518,,3,mean
mean_ensemble,IT,Cases,2021-06-07,956.936449275362,848.031413043478,1.12842099308684,,3,mean
mean_ensemble,IT,Deaths,2021-06-07,30.2336231884058,37.9648913043478,0.796357427867662,,3,mean
mean_ensemble,LT,Cases,2021-06-07,148.428333333333,225.531956521739,0.658125507455641,,3,mean
mean_ensemble,LT,Deaths,2021-06-07,7.44391304347826,6.50576086956522,1.1442032980803,,3,mean
mean_ensemble,LU,Deaths,2021-06-07,1.88094202898551,1.29304347826087,1.45466263169693,,3,mean
mean_ensemble,LV,Cases,2021-06-07,189.968079710145,180.036847826087,1.05516221820131,,3,mean
mean_ensemble,LV,Deaths,2021-06-07,5.68300724637681,5.63554347826087,1.00842221665027,,3,mean
mean_ensemble,MT,Cases,2021-06-07,31.9029710144928,14.413097826087,2.21347078882307,,3,mean
mean_ensemble,MT,Deaths,2021-06-07,0.206268115942029,0.305108695652174,0.676047975299845,,3,mean
mean_ensemble,NO,Cases,2021-06-07,222.870217391304,179.372880434783,1.24249673000226,,3,mean
mean_ensemble,PT,Cases,2021-06-07,1496.69934782609,1807.64826086957,0.827981516219369,,3,mean
mean_ensemble,PT,Deaths,2021-06-07,3.42090579710145,3.67880434782609,0.929896094942631,,3,mean
mean_ensemble,RO,Cases,2021-06-07,100.16481884058,99.6111413043478,1.00555838964379,,3,mean
mean_ensemble,RO,Deaths,2021-06-07,191.611304347826,357.615652173913,0.535802343054725,,3,mean
mean_ensemble,SI,Cases,2021-06-07,325.028079710145,401.472989130435,0.809588910113568,,3,mean
mean_ensemble,SI,Deaths,2021-06-07,2.10264492753623,2.35130434782609,0.894246178500986,,3,mean
mean_ensemble,SK,Cases,2021-06-07,158.665326086956,187.74347826087,0.845117644334313,,3,mean
mean_ensemble,SK,Deaths,2021-06-07,4.97576086956522,6.42097826086957,0.774922553450815,,3,mean
mean_ensemble,AT,Cases,2021-06-14,286.620797101449,201.443695652174,1.42283329430347,,3,mean
mean_ensemble,AT,Deaths,2021-06-14,9.17934782608695,7.41065217391304,1.23866936548447,,3,mean
mean_ensemble,BE,Cases,2021-06-14,1324.89076086957,1203.33956521739,1.1010115508254,,3,mean
mean_ensemble,BE,Deaths,2021-06-14,5.01655797101449,6.30141304347826,0.796100483558438,,3,mean
mean_ensemble,BG,Cases,2021-06-14,117.143695652174,100.612663043478,1.16430369804994,,3,mean
mean_ensemble,BG,Deaths,2021-06-14,13.883731884058,11.9272826086957,1.16403143444727,,3,mean
mean_ensemble,CY,Cases,2021-06-14,2130.50445652174,2036.31684782609,1.04625390630943,,3,mean
mean_ensemble,CY,Deaths,2021-06-14,1.39239130434783,1.665,0.836271053662358,,3,mean
mean_ensemble,EE,Cases,2021-06-14,54.3205797101449,50.7507065217391,1.0703413495707,,3,mean
mean_ensemble,EE,Deaths,2021-06-14,1.06126811594203,1.00195652173913,1.05919577637955,,3,mean
mean_ensemble,ES,Cases,2021-06-14,15839.3639855072,16086.8216847826,0.984617365435868,,3,mean
mean_ensemble,FI,Cases,2021-06-14,399.868333333333,464.461793478261,0.860928366871256,,3,mean
mean_ensemble,FI,Deaths,2021-06-14,1.3111231884058,1.50695652173913,0.870047124447009,,3,mean
mean_ensemble,GR,Cases,2021-06-14,2095.60286231884,2415.77864130435,0.867464769531767,,3,mean
mean_ensemble,GR,Deaths,2021-06-14,8.68039855072464,7.76467391304348,1.11793471920861,,3,mean
mean_ensemble,HR,Cases,2021-06-14,126.428405797101,119.014782608696,1.06229161643542,,3,mean
mean_ensemble,HR,Deaths,2021-06-14,2.60336956521739,2.30369565217391,1.13008398603378,,3,mean
mean_ensemble,HU,Cases,2021-06-14,104.01365942029,75.6528804347826,1.37488035911542,,3,mean
mean_ensemble,HU,Deaths,2021-06-14,7.81746376811594,3.50586956521739,2.22982162419131,,3,mean
mean_ensemble,IT,Cases,2021-06-14,1104.85202898551,1123.78652173913,0.983151165824341,,3,mean
mean_ensemble,IT,Deaths,2021-06-14,16.458731884058,36.4429347826087,0.45163025377178,,3,mean
mean_ensemble,LT,Cases,2021-06-14,100.543152173913,135.546739130435,0.741760021811825,,3,mean
mean_ensemble,LT,Deaths,2021-06-14,3.33047101449275,2.86402173913044,1.16286513087151,,3,mean
mean_ensemble,LU,Deaths,2021-06-14,0.542608695652174,0.597173913043478,0.908627593738624,,3,mean
mean_ensemble,LV,Cases,2021-06-14,167.172826086957,194.50625,0.859472773172875,,3,mean
mean_ensemble,LV,Deaths,2021-06-14,6.79630434782609,7.03347826086957,0.966279285405205,,3,mean
mean_ensemble,MT,Cases,2021-06-14,63.5665579710145,73.3871195652174,0.866181400055148,,3,mean
mean_ensemble,MT,Deaths,2021-06-14,0.151014492753623,0.197282608695652,0.765472910927456,,3,mean
mean_ensemble,NO,Cases,2021-06-14,203.965905797101,217.992717391304,0.93565467799998,,3,mean
mean_ensemble,PT,Cases,2021-06-14,3809.15641304348,3621.98668478261,1.0516759846322,,3,mean
mean_ensemble,PT,Deaths,2021-06-14,5.47050724637682,4.36173913043478,1.25420321637427,,3,mean
mean_ensemble,RO,Cases,2021-06-14,84.8965217391304,68.6911956521739,1.23591562110833,,3,mean
mean_ensemble,RO,Deaths,2021-06-14,193.280579710145,135.460543478261,1.42684042708837,,3,mean
mean_ensemble,SI,Cases,2021-06-14,256.741666666667,273.871576086957,0.937452766493552,,3,mean
mean_ensemble,SI,Deaths,2021-06-14,1.82460144927536,2.42347826086957,0.752885420404257,,3,mean
mean_ensemble,SK,Cases,2021-06-14,86.733768115942,84.5435869565218,1.02590594080834,,3,mean
mean_ensemble,SK,Deaths,2021-06-14,4.72094202898551,5.43489130434783,0.868635960614121,,3,mean
mean_ensemble,AT,Cases,2021-06-21,375.360760869565,330.956630434783,1.13416903107954,,3,mean
mean_ensemble,AT,Deaths,2021-06-21,5.52202898550725,6.67989130434783,0.826664497057467,,3,mean
mean_ensemble,BE,Cases,2021-06-21,4177.04550724638,3385.96451086957,1.23363534787128,,3,mean
mean_ensemble,BE,Deaths,2021-06-21,5.38413043478261,3.73163043478261,1.44283592088783,,3,mean
mean_ensemble,BG,Cases,2021-06-21,112.48231884058,81.5161413043478,1.37987786272435,,3,mean
mean_ensemble,BG,Deaths,2021-06-21,9.34597826086956,9.14489130434783,1.02198899361725,,3,mean
mean_ensemble,CY,Cases,2021-06-21,3501.74347826087,3355.32043478261,1.04363906408472,,3,mean
mean_ensemble,CY,Deaths,2021-06-21,1.55855072463768,1.57972826086957,0.986594190433596,,3,mean
mean_ensemble,EE,Cases,2021-06-21,73.858115942029,70.2423369565218,1.05147577859981,,3,mean
mean_ensemble,EE,Deaths,2021-06-21,0.489601449275363,0.481956521739131,1.01586227634942,,3,mean
mean_ensemble,ES,Cases,2021-06-21,54881.3072463768,57930.5680978261,0.947363525828021,,3,mean
mean_ensemble,FI,Cases,2021-06-21,857.485797101449,889.824673913044,0.963657023951266,,3,mean
mean_ensemble,FI,Deaths,2021-06-21,1.07920289855072,1.08967391304348,0.990390689941812,,3,mean
mean_ensemble,GR,Cases,2021-06-21,7338.45271739131,6933.85407608696,1.05835119067471,,3,mean
mean_ensemble,GR,Deaths,2021-06-21,9.08278985507246,7.99152173913044,1.13655323123237,,3,mean
mean_ensemble,HR,Cases,2021-06-21,160.926775362319,157.515,1.02166000293508,,3,mean
mean_ensemble,HR,Deaths,2021-06-21,2.00923913043478,2.10532608695652,0.954360059889515,,3,mean
mean_ensemble,HU,Cases,2021-06-21,93.6573188405797,58.1202717391304,1.61143979609998,,3,mean
mean_ensemble,HU,Deaths,2021-06-21,6.19166666666667,2.4975,2.47914581247915,,3,mean
mean_ensemble,IT,Cases,2021-06-21,2914.55695652174,3331.06239130435,0.874963184157137,,3,mean
mean_ensemble,IT,Deaths,2021-06-21,17.7291666666666,17.8960869565217,0.990672805163462,,3,mean
mean_ensemble,LT,Cases,2021-06-21,120.516449275362,111.414891304348,1.08169067765055,,3,mean
mean_ensemble,LT,Deaths,2021-06-21,1.59032608695652,2.59608695652174,0.612585831519008,,3,mean
mean_ensemble,LU,Deaths,2021-06-21,0.371594202898551,0.352934782608696,1.05286931526537,,3,mean
mean_ensemble,LV,Cases,2021-06-21,51.3349275362319,58.5929891304348,0.876127473578015,,3,mean
mean_ensemble,LV,Deaths,2021-06-21,10.8740579710145,7.38815217391304,1.47182376797948,,3,mean
mean_ensemble,MT,Cases,2021-06-21,406.925942028986,404.097391304348,1.00699967578486,,3,mean
mean_ensemble,MT,Deaths,2021-06-21,0.0894565217391304,0.0957608695652174,0.93416572077185,,3,mean
mean_ensemble,NO,Cases,2021-06-21,237.160760869565,193.043804347826,1.22853339774764,,3,mean
mean_ensemble,PT,Cases,2021-06-21,1564.32344202898,2000.26407608696,0.782058459545608,,3,mean
mean_ensemble,PT,Deaths,2021-06-21,5.71768115942029,6.98,0.819152028570242,,3,mean
mean_ensemble,RO,Cases,2021-06-21,89.7827173913044,80.979402173913,1.10871054837482,,3,mean
mean_ensemble,RO,Deaths,2021-06-21,167.293768115942,197.821086956522,0.845682180245581,,3,mean
mean_ensemble,SI,Cases,2021-06-21,98.5528985507246,90.7510326086957,1.08596999634891,,3,mean
mean_ensemble,SI,Deaths,2021-06-21,1.20369565217391,1.57782608695652,0.762882336731882,,3,mean
mean_ensemble,SK,Cases,2021-06-21,62.5836594202899,79.8652717391304,0.78361543205802,,3,mean
mean_ensemble,SK,Deaths,2021-06-21,3.54579710144928,4.55108695652174,0.779109943475839,,3,mean
mean_ensemble,AT,Cases,2021-06-28,825.87347826087,746.572663043478,1.10621982178414,,3,mean
mean_ensemble,AT,Deaths,2021-06-28,2.35478260869565,3.70989130434783,0.634730889806921,,3,mean
mean_ensemble,BE,Cases,2021-06-28,5319.74561594203,5260.03206521739,1.01135231686504,,3,mean
mean_ensemble,BE,Deaths,2021-06-28,3.35260869565217,2.34402173913044,1.43028054718293,,3,mean
mean_ensemble,BG,Cases,2021-06-28,144.418224637681,108.227608695652,1.3343935653591,,3,mean
mean_ensemble,BG,Deaths,2021-06-28,11.1342391304348,9.57510869565217,1.16283161730483,,3,mean
mean_ensemble,CY,Cases,2021-06-28,2375.88137681159,3243.11255434783,0.732592944893759,,3,mean
mean_ensemble,CY,Deaths,2021-06-28,2.18054347826087,3.2041847826087,0.680529877707483,,3,mean
mean_ensemble,EE,Cases,2021-06-28,189.632028985507,182.39277173913,1.03969048322118,,3,mean
mean_ensemble,EE,Deaths,2021-06-28,0.409420289855072,0.386739130434783,1.05864718006371,,3,mean
mean_ensemble,ES,Cases,2021-06-28,93712.8388043478,96770.7256521739,0.968400703547298,,3,mean
mean_ensemble,FI,Cases,2021-06-28,835.723695652174,909.407173913043,0.918976361332382,,3,mean
mean_ensemble,FI,Deaths,2021-06-28,1.08311594202899,1.16097826086957,0.932933870112037,,3,mean
mean_ensemble,GR,Cases,2021-06-28,11576.3494565217,11172.9526630435,1.03610476170839,,3,mean
mean_ensemble,GR,Deaths,2021-06-28,6.81184782608696,5.3570652173913,1.27156335599067,,3,mean
mean_ensemble,HR,Cases,2021-06-28,297.092173913043,261.895217391304,1.13439327709887,,3,mean
mean_ensemble,HR,Deaths,2021-06-28,1.17442028985507,1.64489130434783,0.713980484151634,,3,mean
mean_ensemble,HU,Cases,2021-06-28,67.9523913043478,67.21,1.01104584592096,,3,mean
mean_ensemble,HU,Deaths,2021-06-28,2.54413043478261,2.26771739130435,1.12189042803049,,3,mean
mean_ensemble,IT,Cases,2021-06-28,10535.0941666667,10258.0711956522,1.02700536638232,,3,mean
mean_ensemble,IT,Deaths,2021-06-28,20.2546739130435,17.9180434782609,1.13040656127537,,3,mean
mean_ensemble,LT,Cases,2021-06-28,320.70518115942,367.722717391304,0.872138614210633,,3,mean
mean_ensemble,LT,Deaths,2021-06-28,1.15351449275362,1.30663043478261,0.882816182791227,,3,mean
mean_ensemble,LU,Deaths,2021-06-28,0.314746376811594,0.346521739130435,0.908301965704726,,3,mean
mean_ensemble,LV,Cases,2021-06-28,124.750869565217,81.4657608695652,1.53132884580745,,3,mean
mean_ensemble,LV,Deaths,2021-06-28,2.04159420289855,2.14304347826087,0.952661121255156,,3,mean
mean_ensemble,MT,Cases,2021-06-28,712.532065217391,702.916902173913,1.01367894699038,,3,mean
mean_ensemble,MT,Deaths,2021-06-28,0.179021739130435,0.213369565217391,0.839021905247071,,3,mean
mean_ensemble,NO,Cases,2021-06-28,191.50018115942,149.604347826087,1.28004422292617,,3,mean
mean_ensemble,PT,Cases,2021-06-28,1859.49217391304,1969.02233695652,0.944373326301224,,3,mean
mean_ensemble,PT,Deaths,2021-06-28,5.47800724637681,6.78217391304348,0.807706690599824,,3,mean
mean_ensemble,RO,Cases,2021-06-28,151.341413043478,118.5425,1.27668484335558,,3,mean
mean_ensemble,RO,Deaths,2021-06-28,471.723297101449,343.826630434783,1.37198010667451,,3,mean
mean_ensemble,SI,Cases,2021-06-28,176.741304347826,155.759673913043,1.13470515126076,,3,mean
mean_ensemble,SI,Deaths,2021-06-28,1.12739130434783,1.11489130434783,1.01121185531832,,3,mean
mean_ensemble,SK,Cases,2021-06-28,94.4977173913044,89.2352173913044,1.05897335327737,,3,mean
mean_ensemble,SK,Deaths,2021-06-28,3.68663043478261,3.83423913043478,0.961502480510276,,3,mean
mean_ensemble,AT,Cases,2021-07-05,1594.93467391304,1405.55173913043,1.13473921273063,,3,mean
mean_ensemble,AT,Deaths,2021-07-05,3.43626811594203,4.58576086956522,0.7493343446554,,3,mean
mean_ensemble,BE,Cases,2021-07-05,5161.05355072464,5122.32054347826,1.00756161331912,,3,mean
mean_ensemble,BE,Deaths,2021-07-05,3.73148550724638,3.67771739130435,1.01461996945963,,3,mean
mean_ensemble,BG,Cases,2021-07-05,303.024963768116,271.869456521739,1.11459730579881,,3,mean
mean_ensemble,BG,Deaths,2021-07-05,5.79148550724638,6.09695652173913,0.949897786969027,,3,mean
mean_ensemble,CY,Cases,2021-07-05,2607.61025362319,1205.88309782609,2.16240716726528,,3,mean
mean_ensemble,CY,Deaths,2021-07-05,6.99224637681159,3.7695652173913,1.85492118415994,,3,mean
mean_ensemble,EE,Cases,2021-07-05,256.348442028986,336.672336956522,0.761418191783576,,3,mean
mean_ensemble,EE,Deaths,2021-07-05,0.331594202898551,0.294021739130435,1.12778804682686,,3,mean
mean_ensemble,ES,Cases,2021-07-05,62262.0695652174,58884.1143478261,1.05736615477373,,3,mean
mean_ensemble,FI,Cases,2021-07-05,766.175108695652,730.269565217391,1.04916752003429,,3,mean
mean_ensemble,FI,Deaths,2021-07-05,1.15007246376812,1.5770652173913,0.72924851241758,,3,mean
mean_ensemble,GR,Cases,2021-07-05,6227.6436231884,8047.90940217391,0.773821288483464,,3,mean
mean_ensemble,GR,Deaths,2021-07-05,6.52282608695652,8.15923913043478,0.799440484913075,,3,mean
mean_ensemble,HR,Cases,2021-07-05,126.983297101449,156.518315217391,0.811299923111744,,3,mean
mean_ensemble,HR,Deaths,2021-07-05,3.40927536231884,1.64021739130435,2.07855091672189,,3,mean
mean_ensemble,HU,Cases,2021-07-05,143.746123188406,113.36972826087,1.26794096972376,,3,mean
mean_ensemble,HU,Deaths,2021-07-05,1.96992753623188,1.89413043478261,1.04001683308466,,3,mean
mean_ensemble,IT,Cases,2021-07-05,11890.0597463768,17229.3010869565,0.690106910684741,,3,mean
mean_ensemble,IT,Deaths,2021-07-05,15.1685507246377,14.2219565217391,1.06655864834431,,3,mean
mean_ensemble,LT,Cases,2021-07-05,626.875579710145,717.84527173913,0.873273955251398,,3,mean
mean_ensemble,LT,Deaths,2021-07-05,0.769673913043478,0.97445652173913,0.789849414389292,,3,mean
mean_ensemble,LU,Deaths,2021-07-05,1.11358695652174,0.369239130434783,3.01589637915808,,3,mean
mean_ensemble,LV,Cases,2021-07-05,97.0628985507247,88.5464673913043,1.09618036055334,,3,mean
mean_ensemble,LV,Deaths,2021-07-05,1.51206521739131,2.12108695652174,0.712872809265143,,3,mean
mean_ensemble,MT,Cases,2021-07-05,842.18365942029,816.312010869565,1.03169333319397,,3,mean
mean_ensemble,MT,Deaths,2021-07-05,0.346666666666667,0.370978260869565,0.934466256470358,,3,mean
mean_ensemble,NO,Cases,2021-07-05,219.407753623188,202.278967391304,1.08467902744801,,3,mean
mean_ensemble,PT,Cases,2021-07-05,6651.9175,5000.86413043478,1.33015361475571,,3,mean
mean_ensemble,PT,Deaths,2021-07-05,11.0066304347826,11.0986956521739,0.991704861519177,,3,mean
mean_ensemble,RO,Cases,2021-07-05,314.300471014493,238.877065217391,1.31574151218101,,3,mean
mean_ensemble,RO,Deaths,2021-07-05,312.814202898551,225.187065217391,1.38913042184091,,3,mean
mean_ensemble,SI,Cases,2021-07-05,219.000036231884,227.158586956522,0.964084339342192,,3,mean
mean_ensemble,SI,Deaths,2021-07-05,0.700869565217391,0.682391304347826,1.02707868748009,,3,mean
mean_ensemble,SK,Cases,2021-07-05,126.472210144928,120.628858695652,1.04844074222751,,3,mean
mean_ensemble,SK,Deaths,2021-07-05,1.74619565217391,1.90978260869565,0.914342629482072,,3,mean
mean_ensemble,AT,Cases,2021-07-12,3094.7825,1344.12032608696,2.30245941522931,,3,mean
mean_ensemble,AT,Deaths,2021-07-12,11.3309782608696,4.30934782608696,2.62939514705141,,3,mean
mean_ensemble,BE,Cases,2021-07-12,2184.45836956522,1318.15815217391,1.65720506751227,,3,mean
mean_ensemble,BE,Deaths,2021-07-12,6.29286231884058,4.50380434782609,1.39723261333012,,3,mean
mean_ensemble,BG,Cases,2021-07-12,909.429347826087,797.467065217391,1.14039737500404,,3,mean
mean_ensemble,BG,Deaths,2021-07-12,6.70097826086956,5.54782608695652,1.2078565830721,,3,mean
mean_ensemble,CY,Cases,2021-07-12,4513.82793478261,6456.2822826087,0.699137326591422,,3,mean
mean_ensemble,CY,Deaths,2021-07-12,3.28873188405797,6.40347826086957,0.513585234474018,,3,mean
mean_ensemble,EE,Cases,2021-07-12,437.855615942029,298.769565217391,1.46552951477315,,3,mean
mean_ensemble,EE,Deaths,2021-07-12,0.703550724637681,0.750869565217391,0.936981277745609,,3,mean
mean_ensemble,ES,Cases,2021-07-12,343517.933876812,101562.505217391,3.3823302521095,,3,mean
mean_ensemble,FI,Cases,2021-07-12,831.496920289856,834.663043478261,0.996206704953401,,3,mean
mean_ensemble,FI,Deaths,2021-07-12,2.17235507246377,2.13934782608696,1.01542864885005,,3,mean
mean_ensemble,GR,Cases,2021-07-12,28988.5657971015,4383.64315217391,6.61289361172695,,3,mean
mean_ensemble,GR,Deaths,2021-07-12,142.196811594203,52.4572826086957,2.71071631092518,,3,mean
mean_ensemble,HR,Cases,2021-07-12,211.745760869565,239.533423913043,0.883992544382592,,3,mean
mean_ensemble,HR,Deaths,2021-07-12,1.65268115942029,2.50173913043478,0.660612906963272,,3,mean
mean_ensemble,HU,Cases,2021-07-12,172.448043478261,152.435326086957,1.13128661121431,,3,mean
mean_ensemble,HU,Deaths,2021-07-12,2.00460144927536,1.85641304347826,1.07982512637352,,3,mean
mean_ensemble,IT,Cases,2021-07-12,12183.7097826087,8038.46032608696,1.51567704365839,,3,mean
mean_ensemble,IT,Deaths,2021-07-12,55.7316304347826,16.1011956521739,3.46133489951462,,3,mean
mean_ensemble,LT,Cases,2021-07-12,1742.4634057971,1329.97565217391,1.3101468458832,,3,mean
mean_ensemble,LT,Deaths,2021-07-12,11.4552536231884,1.73489130434783,6.60286531754485,,3,mean
mean_ensemble,LU,Deaths,2021-07-12,3.43557971014493,0.715489130434783,4.80172173692872,,3,mean
mean_ensemble,LV,Cases,2021-07-12,170.990362318841,156.775652173913,1.09066911824522,,3,mean
mean_ensemble,LV,Deaths,2021-07-12,1.07949275362319,1.52820652173913,0.706378842301172,,3,mean
mean_ensemble,MT,Cases,2021-07-12,2416.87789855073,652.614130434783,3.7033796631718,,3,mean
mean_ensemble,MT,Deaths,2021-07-12,19.1593115942029,0.504619565217391,37.9678334230838,,3,mean
mean_ensemble,NO,Cases,2021-07-12,450.00731884058,459.104891304348,0.980184109043314,,3,mean
mean_ensemble,PT,Cases,2021-07-12,10269.3508333333,4554.09217391304,2.25497210885601,,3,mean
mean_ensemble,PT,Deaths,2021-07-12,17.4341666666667,14.0263043478261,1.24296223968424,,3,mean
mean_ensemble,RO,Cases,2021-07-12,613.123079710145,583.55,1.05067788486016,,3,mean
mean_ensemble,RO,Deaths,2021-07-12,124.949927536232,102.934565217391,1.21387725563658,,3,mean
mean_ensemble,SI,Cases,2021-07-12,11150.003442029,225.921086956522,49.3535313247443,,3,mean
mean_ensemble,SI,Deaths,2021-07-12,35.5624637681159,0.723967391304348,49.1216375147011,,3,mean
mean_ensemble,SK,Cases,2021-07-12,178.035688405797,191.760760869565,0.928426063801948,,3,mean
mean_ensemble,SK,Deaths,2021-07-12,1.61394927536232,1.64771739130435,0.979506123974756,,3,mean
mean_ensemble,AT,Cases,2021-07-19,6375.43413043478,762.016086956522,8.36653482723462,,3,mean
mean_ensemble,AT,Deaths,2021-07-19,5.48478260869565,3.58826086956522,1.5285350781534,,3,mean
mean_ensemble,BE,Cases,2021-07-19,1209.94471014493,3020.82929347826,0.400533956935966,,3,mean
mean_ensemble,BE,Deaths,2021-07-19,8.76518115942029,5.13673913043478,1.70637070266763,,3,mean
mean_ensemble,BG,Cases,2021-07-19,1569.78369565217,1363.64809782609,1.15116480428837,,3,mean
mean_ensemble,BG,Deaths,2021-07-19,11.8467391304348,13.6321739130435,0.869027875231231,,3,mean
mean_ensemble,CY,Cases,2021-07-19,1160.42278985507,1614.27413043478,0.718851134374884,,3,mean
mean_ensemble,CY,Deaths,2021-07-19,12.0138768115942,6.81728260869565,1.76226768071345,,3,mean
mean_ensemble,EE,Cases,2021-07-19,520.84768115942,467.961141304348,1.11301481081883,,3,mean
mean_ensemble,EE,Deaths,2021-07-19,0.841413043478261,0.885760869565218,0.94993250705608,,3,mean
mean_ensemble,ES,Cases,2021-07-19,334955.482391304,224500.908967391,1.49200056218907,,3,mean
mean_ensemble,FI,Cases,2021-07-19,811.257137681159,844.940543478261,0.960135176306677,,3,mean
mean_ensemble,FI,Deaths,2021-07-19,2.05938405797102,2.3545652173913,0.874634536669437,,3,mean
mean_ensemble,GR,Cases,2021-07-19,24040.248115942,7703.83907608696,3.12055429487929,,3,mean
mean_ensemble,GR,Deaths,2021-07-19,57.5404710144928,62.7729347826087,0.916644589165112,,3,mean
mean_ensemble,HR,Cases,2021-07-19,229.793442028986,200.697282608696,1.14497535313928,,3,mean
mean_ensemble,HR,Deaths,2021-07-19,1.70471014492754,2.40130434782609,0.709910073027944,,3,mean
mean_ensemble,HU,Cases,2021-07-19,128.33,112.868369565217,1.13698816146935,,3,mean
mean_ensemble,HU,Deaths,2021-07-19,1.62619565217391,2.05891304347826,0.789832119100412,,3,mean
mean_ensemble,IT,Cases,2021-07-19,33770.2866666667,10253.2559782609,3.29361587560742,,3,mean
mean_ensemble,IT,Deaths,2021-07-19,184.345869565217,103.521413043478,1.78075109434406,,3,mean
mean_ensemble,LT,Cases,2021-07-19,1352.04130434783,926.221304347826,1.45973893928064,,3,mean
mean_ensemble,LT,Deaths,2021-07-19,2.98260869565217,4.4120652173913,0.676011923825478,,3,mean
mean_ensemble,LU,Deaths,2021-07-19,0.796811594202899,0.74554347826087,1.06876609807066,,3,mean
mean_ensemble,LV,Cases,2021-07-19,240.709420289855,220.077717391304,1.09374735045015,,3,mean
mean_ensemble,LV,Deaths,2021-07-19,0.959528985507246,1.06347826086957,0.902255382938129,,3,mean
mean_ensemble,MT,Cases,2021-07-19,673.243297101449,513.421739130435,1.31128708776862,,3,mean
mean_ensemble,MT,Deaths,2021-07-19,2.89188405797101,1.08244565217391,2.67162055865174,,3,mean
mean_ensemble,NO,Cases,2021-07-19,877.156956521739,934.81875,0.938317675508476,,3,mean
mean_ensemble,PT,Cases,2021-07-19,10113.5742391304,6963.20108695652,1.45243173546649,,3,mean
mean_ensemble,PT,Deaths,2021-07-19,12.8982608695652,9.68260869565217,1.33210597215986,,3,mean
mean_ensemble,RO,Cases,2021-07-19,564.063079710145,477.325597826087,1.18171554653488,,3,mean
mean_ensemble,RO,Deaths,2021-07-19,14.0615942028986,15.8292391304348,0.888330392069345,,3,mean
mean_ensemble,SI,Cases,2021-07-19,359.966521739131,315.031195652174,1.1426377028914,,3,mean
mean_ensemble,SI,Deaths,2021-07-19,0.526739130434783,0.562717391304348,0.936063357156654,,3,mean
mean_ensemble,SK,Cases,2021-07-19,231.852826086957,210.733967391304,1.10021573150776,,3,mean
mean_ensemble,SK,Deaths,2021-07-19,1.55025362318841,1.67152173913044,0.927450470368925,,3,mean
mean_ensemble,AT,Cases,2021-07-26,1289.87235507246,677.430326086957,1.90406644846144,,3,mean
mean_ensemble,AT,Deaths,2021-07-26,5.82605072463768,3.71239130434783,1.56935254045402,,3,mean
mean_ensemble,BE,Cases,2021-07-26,1174.67217391304,2931.57342391304,0.400696828648795,,3,mean
mean_ensemble,BE,Deaths,2021-07-26,4.88586956521739,5.16304347826087,0.946315789473683,,3,mean
mean_ensemble,BG,Cases,2021-07-26,2363.19054347826,2079.58135869565,1.1363780183914,,3,mean
mean_ensemble,BG,Deaths,2021-07-26,22.9867753623188,28.2732608695652,0.813021726371258,,3,mean
mean_ensemble,CY,Cases,2021-07-26,1581.58474637681,1712.59054347826,0.923504308954447,,3,mean
mean_ensemble,CY,Deaths,2021-07-26,7.13981884057971,3.12413043478261,2.28537796024401,,3,mean
mean_ensemble,EE,Cases,2021-07-26,277.350869565218,346.346902173913,0.800789231329547,,3,mean
mean_ensemble,EE,Deaths,2021-07-26,0.955833333333333,0.901739130434783,1.0599887495982,,3,mean
mean_ensemble,ES,Cases,2021-07-26,32040.9435869565,66723.0371739131,0.480208110183025,,3,mean
mean_ensemble,FI,Cases,2021-07-26,607.162101449275,599.048423913044,1.01354427657656,,3,mean
mean_ensemble,FI,Deaths,2021-07-26,3.85213768115942,3.06565217391304,1.25654753462866,,3,mean
mean_ensemble,GR,Cases,2021-07-26,1946.76398550725,1851.66869565217,1.05135653590643,,3,mean
mean_ensemble,GR,Deaths,2021-07-26,33.4534057971014,15.4344565217391,2.16744954705616,,3,mean
mean_ensemble,HR,Cases,2021-07-26,371.12036231884,251.344673913044,1.47653959219058,,3,mean
mean_ensemble,HR,Deaths,2021-07-26,2.55539855072464,2.52,1.01404704393835,,3,mean
mean_ensemble,HU,Cases,2021-07-26,106.192536231884,159.83777173913,0.664376980962922,,3,mean
mean_ensemble,HU,Deaths,2021-07-26,1.73594202898551,2.06315217391304,0.841402806315087,,3,mean
mean_ensemble,IT,Cases,2021-07-26,48035.8765217391,17996.9361956522,2.6691141202881,,3,mean
mean_ensemble,IT,Deaths,2021-07-26,180.027608695652,140.420217391304,1.28206330997178,,3,mean
mean_ensemble,LT,Cases,2021-07-26,395.29384057971,310.620543478261,1.27259400216514,,3,mean
mean_ensemble,LT,Deaths,2021-07-26,3.36829710144927,7.59413043478261,0.443539537591007,,3,mean
mean_ensemble,LU,Deaths,2021-07-26,0.756485507246377,0.75054347826087,1.0079169683804,,3,mean
mean_ensemble,LV,Cases,2021-07-26,230.248152173913,168.31902173913,1.3679271052963,,3,mean
mean_ensemble,LV,Deaths,2021-07-26,1.20858695652174,1.56413043478261,0.7726893676164,,3,mean
mean_ensemble,MT,Cases,2021-07-26,487.014166666667,597.992608695652,0.814415027183943,,3,mean
mean_ensemble,MT,Deaths,2021-07-26,1.83981884057971,1.57483695652174,1.16825988427604,,3,mean
mean_ensemble,NO,Cases,2021-07-26,798.021811594203,1199.89880434783,0.665074261848229,,3,mean
mean_ensemble,PT,Cases,2021-07-26,3100.69242753623,4804.12347826087,0.64542313318281,,3,mean
mean_ensemble,PT,Deaths,2021-07-26,13.544347826087,12.6740217391304,1.06867008001647,,3,mean
mean_ensemble,RO,Cases,2021-07-26,435.002789855073,408.531467391304,1.06479628762211,,3,mean
mean_ensemble,RO,Deaths,2021-07-26,7.00456521739131,11.6359782608696,0.601974759693978,,3,mean
mean_ensemble,SI,Cases,2021-07-26,324.620036231884,503.74097826087,0.644418560809986,,3,mean
mean_ensemble,SI,Deaths,2021-07-26,0.914094202898551,0.904673913043478,1.01041291201089,,3,mean
mean_ensemble,SK,Cases,2021-07-26,230.874057971015,182.200869565217,1.26714026405003,,3,mean
mean_ensemble,SK,Deaths,2021-07-26,1.64507246376812,1.84315217391304,0.892532090975212,,3,mean
mean_ensemble,AT,Cases,2021-08-02,1323.23036231884,876.92,1.5089521989678,,3,mean
mean_ensemble,AT,Deaths,2021-08-02,4.69141304347826,4.7675,0.984040491552861,,3,mean
mean_ensemble,BE,Cases,2021-08-02,1325.14028985507,1418.92331521739,0.933905501194789,,3,mean
mean_ensemble,BE,Deaths,2021-08-02,5.59101449275363,5.55423913043478,1.00662113413831,,3,mean
mean_ensemble,BG,Cases,2021-08-02,1974.59644927536,2431.42489130435,0.812114927480273,,3,mean
mean_ensemble,BG,Deaths,2021-08-02,31.2480797101449,59.7746739130435,0.522764536626377,,3,mean
mean_ensemble,CY,Cases,2021-08-02,998.951231884058,878.923315217391,1.13656244474181,,3,mean
mean_ensemble,CY,Deaths,2021-08-02,4.75634057971014,3.78315217391304,1.25724273332376,,3,mean
mean_ensemble,EE,Cases,2021-08-02,2581.41547101449,186.350543478261,13.8524708478547,,3,mean
mean_ensemble,EE,Deaths,2021-08-02,1.34920289855072,1.41358695652174,0.954453415353069,,3,mean
mean_ensemble,ES,Cases,2021-08-02,19915.4400362319,38522.7248369565,0.516979007080157,,3,mean
mean_ensemble,FI,Cases,2021-08-02,1494.59771739131,1347.33315217391,1.10930078056773,,3,mean
mean_ensemble,FI,Deaths,2021-08-02,3.5806884057971,3.1395652173913,1.14050454692333,,3,mean
mean_ensemble,GR,Cases,2021-08-02,1760.94510869565,1906.19336956522,0.923801927344499,,3,mean
mean_ensemble,GR,Deaths,2021-08-02,37.4008333333334,38.423152173913,0.973393155357155,,3,mean
mean_ensemble,HR,Cases,2021-08-02,322.066086956522,416.348532608696,0.773549230349312,,3,mean
mean_ensemble,HR,Deaths,2021-08-02,5.02583333333333,3.43347826086957,1.46377316280444,,3,mean
mean_ensemble,HU,Cases,2021-08-02,189.380579710145,181.363097826087,1.04420679829668,,3,mean
mean_ensemble,HU,Deaths,2021-08-02,1.85025362318841,2.47336956521739,0.748070021240753,,3,mean
mean_ensemble,IT,Cases,2021-08-02,5935.96800724637,5902.35576086957,1.00569471711611,,3,mean
mean_ensemble,IT,Deaths,2021-08-02,37.8852173913044,60.0772826086957,0.630608039282736,,3,mean
mean_ensemble,LT,Cases,2021-08-02,560.530724637681,618.398097826087,0.906423752932241,,3,mean
mean_ensemble,LT,Deaths,2021-08-02,9.43800724637681,6.84945652173913,1.37792060091513,,3,mean
mean_ensemble,LU,Deaths,2021-08-02,0.848876811594203,0.855869565217391,0.991829650325967,,3,mean
mean_ensemble,LV,Cases,2021-08-02,100.725,178.754293478261,0.563482968940546,,3,mean
mean_ensemble,LV,Deaths,2021-08-02,2.47510869565217,1.38760869565217,1.78372238759204,,3,mean
mean_ensemble,MT,Cases,2021-08-02,7509.57760869565,154.311086956522,48.6651850933532,,3,mean
mean_ensemble,MT,Deaths,2021-08-02,1.74960144927536,1.70608695652174,1.02550543662929,,3,mean
mean_ensemble,NO,Cases,2021-08-02,935.364420289855,1436.48913043478,0.651146187236897,,3,mean
mean_ensemble,PT,Cases,2021-08-02,2016.95764492754,2408.1885326087,0.8375414207054,,3,mean
mean_ensemble,PT,Deaths,2021-08-02,14.0914492753623,16.1303260869565,0.873599777177295,,3,mean
mean_ensemble,RO,Cases,2021-08-02,716.48365942029,694.458913043478,1.03171497400802,,3,mean
mean_ensemble,RO,Deaths,2021-08-02,11.4297101449275,16.2985869565217,0.701270004290405,,3,mean
mean_ensemble,SI,Cases,2021-08-02,537.490398550725,703.07847826087,0.764481370387354,,3,mean
mean_ensemble,SI,Deaths,2021-08-02,1.61909420289855,1.52130434782609,1.06428027055349,,3,mean
mean_ensemble,SK,Cases,2021-08-02,147.860036231884,139.493097826087,1.05998102082605,,3,mean
mean_ensemble,SK,Deaths,2021-08-02,5.70735507246377,3.30597826086957,1.72637404789303,,3,mean
mean_ensemble,AT,Cases,2021-08-09,1949.41086956522,1470.24788043478,1.32590626077879,,3,mean
mean_ensemble,AT,Deaths,2021-08-09,4.50608695652174,3.77086956521739,1.194972904416,,3,mean
mean_ensemble,BE,Cases,2021-08-09,1997.19442028985,1543.48858695652,1.29394829166049,,3,mean
mean_ensemble,BE,Deaths,2021-08-09,5.67485507246377,6.06271739130435,0.93602500433273,,3,mean
mean_ensemble,BG,Cases,2021-08-09,7419.38905797101,1341.03065217391,5.53260214145263,,3,mean
mean_ensemble,BG,Deaths,2021-08-09,41.7877173913043,39.5746739130435,1.05592070027219,,3,mean
mean_ensemble,CY,Cases,2021-08-09,544.081268115942,354.962065217391,1.53278708186106,,3,mean
mean_ensemble,CY,Deaths,2021-08-09,4.91239130434782,3.35152173913044,1.46571966011546,,3,mean
mean_ensemble,EE,Cases,2021-08-09,545.523550724638,217.679293478261,2.50608839273506,,3,mean
mean_ensemble,EE,Deaths,2021-08-09,1.21260869565217,1.54076086956522,0.787019400352734,,3,mean
mean_ensemble,ES,Cases,2021-08-09,26331.3423913043,11478.8629347826,2.29389814486908,,3,mean
mean_ensemble,FI,Cases,2021-08-09,2383.93815217391,1483.53864130435,1.60692690153181,,3,mean
mean_ensemble,FI,Deaths,2021-08-09,4.28028985507246,1.86282608695652,2.2977399151982,,3,mean
mean_ensemble,GR,Cases,2021-08-09,2215.57757246377,2065.33972826087,1.07274243658181,,3,mean
mean_ensemble,GR,Deaths,2021-08-09,53.3382608695652,51.5517391304348,1.03465492666717,,3,mean
mean_ensemble,HR,Cases,2021-08-09,696.474347826087,655.400054347826,1.06267056770255,,3,mean
mean_ensemble,HR,Deaths,2021-08-09,3.61648550724638,4.88565217391304,0.740225742339296,,3,mean
mean_ensemble,HU,Cases,2021-08-09,287.820615942029,265.686141304348,1.08331061051591,,3,mean
mean_ensemble,HU,Deaths,2021-08-09,1.76884057971014,2.09782608695652,0.843177892918825,,3,mean
mean_ensemble,IT,Cases,2021-08-09,7817.45297101449,6004.51173913044,1.30192983387299,,3,mean
mean_ensemble,IT,Deaths,2021-08-09,57.5805072463768,46.7396739130435,1.23194071386767,,3,mean
mean_ensemble,LT,Cases,2021-08-09,813.033260869565,853.281956521739,0.952830719852273,,3,mean
mean_ensemble,LT,Deaths,2021-08-09,15.2899637681159,17.19,0.889468514724604,,3,mean
mean_ensemble,LU,Deaths,2021-08-09,0.928913043478261,0.833369565217391,1.11464718925264,,3,mean
mean_ensemble,LV,Cases,2021-08-09,227.050217391304,309.237663043478,0.73422562813567,,3,mean
mean_ensemble,LV,Deaths,2021-08-09,1.29710144927536,1.745,0.743324612765251,,3,mean
mean_ensemble,MT,Cases,2021-08-09,3807.37405797102,67.8423913043478,56.1208705172368,,3,mean
mean_ensemble,MT,Deaths,2021-08-09,1.69434782608696,1.77103260869565,0.956700524749133,,3,mean
mean_ensemble,NO,Cases,2021-08-09,930.65438405797,1517.65891304348,0.613217091178714,,3,mean
mean_ensemble,PT,Cases,2021-08-09,1286.50626811594,1478.62592391304,0.870068789752667,,3,mean
mean_ensemble,PT,Deaths,2021-08-09,6.54786231884058,6.66826086956522,0.981944535002499,,3,mean
mean_ensemble,RO,Cases,2021-08-09,895.191594202898,987.274076086956,0.906730578555222,,3,mean
mean_ensemble,RO,Deaths,2021-08-09,18.8261956521739,29.9930434782609,0.627685405311377,,3,mean
mean_ensemble,SI,Cases,2021-08-09,800.460326086957,873.487717391305,0.916395628867632,,3,mean
mean_ensemble,SI,Deaths,2021-08-09,1.25615942028985,1.75782608695652,0.71460961332344,,3,mean
mean_ensemble,SK,Cases,2021-08-09,391.208949275362,432.989565217391,0.903506644736226,,3,mean
mean_ensemble,SK,Deaths,2021-08-09,3.12166666666667,2.09554347826087,1.48966924287221,,3,mean
mean_ensemble,AT,Cases,2021-08-16,980.1240942029,1185.37293478261,0.826848720299701,,3,mean
mean_ensemble,AT,Deaths,2021-08-16,10.0084420289855,9.95918478260869,1.00494591148292,,3,mean
mean_ensemble,BE,Cases,2021-08-16,1757.78351449276,1760.84836956522,0.998259444069442,,3,mean
mean_ensemble,BE,Deaths,2021-08-16,10.8202173913043,9.2720652173913,1.16696950869254,,3,mean
mean_ensemble,BG,Cases,2021-08-16,9750.28050724638,7161.35494565218,1.36151337019903,,3,mean
mean_ensemble,BG,Deaths,2021-08-16,115.378079710145,45.2650543478261,2.54894380162577,,3,mean
mean_ensemble,CY,Cases,2021-08-16,320.978623188406,216.338641304348,1.4836860454201,,3,mean
mean_ensemble,CY,Deaths,2021-08-16,3.71416666666666,3.38472826086957,1.09733082847616,,3,mean
mean_ensemble,EE,Cases,2021-08-16,426.937282608696,395.860760869565,1.07850366798383,,3,mean
mean_ensemble,EE,Deaths,2021-08-16,1.5781884057971,1.8491847826087,0.853450893950527,,3,mean
mean_ensemble,ES,Cases,2021-08-16,8618.25039855072,5326.82706521739,1.6178956615328,,3,mean
mean_ensemble,FI,Cases,2021-08-16,3519.20623188406,2539.06923913043,1.38602216026582,,3,mean
mean_ensemble,FI,Deaths,2021-08-16,4.43246376811594,3.07201086956522,1.4428541943093,,3,mean
mean_ensemble,GR,Cases,2021-08-16,2363.86619565217,4413.90282608696,0.535550121693051,,3,mean
mean_ensemble,GR,Deaths,2021-08-16,23.5282246376812,34.6964673913043,0.678115854629566,,3,mean
mean_ensemble,HR,Cases,2021-08-16,553.787391304348,505.119782608696,1.09634864911508,,3,mean
mean_ensemble,HR,Deaths,2021-08-16,17.0164130434783,11.2853804347826,1.50782803839134,,3,mean
mean_ensemble,HU,Cases,2021-08-16,369.492608695652,335.492717391304,1.10134315751686,,3,mean
mean_ensemble,HU,Deaths,2021-08-16,4.82565217391304,4.31510869565217,1.1183153228041,,3,mean
mean_ensemble,IT,Cases,2021-08-16,10599.4937681159,9147.5025,1.15873089601407,,3,mean
mean_ensemble,IT,Deaths,2021-08-16,42.152463768116,44.7304347826087,0.942366511145672,,3,mean
mean_ensemble,LT,Cases,2021-08-16,652.712427536232,1079.53211956522,0.604625296187679,,3,mean
mean_ensemble,LT,Deaths,2021-08-16,11.6166666666667,8.25875,1.40658897129307,,3,mean
mean_ensemble,LU,Deaths,2021-08-16,5.40670289855073,1.07597826086957,5.02491834192006,,3,mean
mean_ensemble,LV,Cases,2021-08-16,228.649565217391,302.350869565217,0.756239152036146,,3,mean
mean_ensemble,LV,Deaths,2021-08-16,4.61315217391305,4.18135869565217,1.10326630879811,,3,mean
mean_ensemble,MT,Cases,2021-08-16,556.948442028986,80.6389130434783,6.90669579993836,,3,mean
mean_ensemble,MT,Deaths,2021-08-16,0.913369565217391,1.1445652173913,0.798005698005698,,3,mean
mean_ensemble,NO,Cases,2021-08-16,1494.49992753623,1202.15614130435,1.24318287465943,,3,mean
mean_ensemble,PT,Cases,2021-08-16,2489.31268115942,1658.82130434783,1.500651501542,,3,mean
mean_ensemble,PT,Deaths,2021-08-16,7.78311594202898,7.64788043478261,1.01768274339532,,3,mean
mean_ensemble,RO,Cases,2021-08-16,1325.75503623188,1302.44809782609,1.01789471568556,,3,mean
mean_ensemble,RO,Deaths,2021-08-16,60.3863405797102,65.6048913043478,0.920454852970821,,3,mean
mean_ensemble,SI,Cases,2021-08-16,569.129347826087,668.077880434783,0.85189072186569,,3,mean
mean_ensemble,SI,Deaths,2021-08-16,2.71402173913044,3.18913043478261,0.851022494887526,,3,mean
mean_ensemble,SK,Cases,2021-08-16,559.474275362319,708.461739130435,0.789702879437098,,3,mean
mean_ensemble,SK,Deaths,2021-08-16,1.89789855072464,2.34701086956522,0.80864497703678,,3,mean
mean_ensemble,AT,Cases,2021-08-23,1861.15612318841,1335.15760869565,1.39395986740967,,3,mean
mean_ensemble,AT,Deaths,2021-08-23,12.8409782608696,14.4385869565217,0.889351451048293,,3,mean
mean_ensemble,BE,Cases,2021-08-23,680.062499999998,1640.0402173913,0.414662087422298,,3,mean
mean_ensemble,BE,Deaths,2021-08-23,8.07355072463768,8.0666847826087,1.00085114792681,,3,mean
mean_ensemble,BG,Cases,2021-08-23,8882.13018115943,6177.41282608696,1.4378398257035,,3,mean
mean_ensemble,BG,Deaths,2021-08-23,143.062862318841,38.2772282608696,3.73754497958496,,3,mean
mean_ensemble,CY,Cases,2021-08-23,191.871195652174,186.297119565217,1.02992035571975,,3,mean
mean_ensemble,CY,Deaths,2021-08-23,2.6413768115942,2.02336956521739,1.30543468528964,,3,mean
mean_ensemble,EE,Cases,2021-08-23,219.820652173913,172.444510869565,1.27473267235617,,3,mean
mean_ensemble,EE,Deaths,2021-08-23,7.43739130434783,4.70722826086957,1.57999376537009,,3,mean
mean_ensemble,ES,Cases,2021-08-23,6134.38336956521,3231.23532608696,1.89846382281107,,3,mean
mean_ensemble,FI,Cases,2021-08-23,762.175362318841,746.775326086957,1.02062204748057,,3,mean
mean_ensemble,FI,Deaths,2021-08-23,2.15724637681159,2.19684782608696,0.981973512773571,,3,mean
mean_ensemble,GR,Cases,2021-08-23,3065.785,2427.08858695652,1.26315331730202,,3,mean
mean_ensemble,GR,Deaths,2021-08-23,39.745,49.3238043478261,0.805797535804874,,3,mean
mean_ensemble,HR,Cases,2021-08-23,657.16463768116,500.588532608696,1.31278404292744,,3,mean
mean_ensemble,HR,Deaths,2021-08-23,11.9465579710145,9.71494565217391,1.22970919228367,,3,mean
mean_ensemble,HU,Cases,2021-08-23,604.732463768116,620.267717391304,0.974953954256194,,3,mean
mean_ensemble,HU,Deaths,2021-08-23,7.77880434782609,6.82423913043478,1.13987862956533,,3,mean
mean_ensemble,IT,Cases,2021-08-23,6079.79489130435,7178.68902173913,0.846922728215832,,3,mean
mean_ensemble,IT,Deaths,2021-08-23,95.8447463768116,41.9640760869565,2.28397132295265,,3,mean
mean_ensemble,LT,Cases,2021-08-23,406.371304347826,605.555489130435,0.671071952351331,,3,mean
mean_ensemble,LT,Deaths,2021-08-23,12.3779710144927,7.59923913043478,1.62884346735705,,3,mean
mean_ensemble,LU,Deaths,2021-08-23,1.90507246376812,1.50880434782609,1.26263717791706,,3,mean
mean_ensemble,LV,Cases,2021-08-23,333.67695652174,468.140706521739,0.712770651800272,,3,mean
mean_ensemble,LV,Deaths,2021-08-23,6.27913043478261,6.64461956521739,0.944994724401076,,3,mean
mean_ensemble,MT,Cases,2021-08-23,59.9715942028986,58.5785869565217,1.02378014422592,,3,mean
mean_ensemble,MT,Deaths,2021-08-23,2.06264492753623,2.33641304347826,0.882825463286036,,3,mean
mean_ensemble,NO,Cases,2021-08-23,2525.52721014493,2316.72076086957,1.09013017572173,,3,mean
mean_ensemble,PT,Cases,2021-08-23,2861.86880434783,2638.96255434783,1.0844673789072,,3,mean
mean_ensemble,PT,Deaths,2021-08-23,6.86934782608696,7.58521739130435,0.905623065459131,,3,mean
mean_ensemble,RO,Cases,2021-08-23,1954.22894927536,1935.11538043478,1.00987722439387,,3,mean
mean_ensemble,RO,Deaths,2021-08-23,50.1648913043478,80.7349456521739,0.621352883799174,,3,mean
mean_ensemble,SI,Cases,2021-08-23,482.683731884058,538.92597826087,0.895640127502655,,3,mean
mean_ensemble,SI,Deaths,2021-08-23,3.36670289855072,2.72614130434783,1.2349700630636,,3,mean
mean_ensemble,SK,Cases,2021-08-23,1373.32467391304,1483.5439673913,0.925705408197592,,3,mean
mean_ensemble,SK,Deaths,2021-08-23,2.35601449275362,2.21048913043478,1.06583400945754,,3,mean
mean_ensemble,AT,Cases,2021-08-30,2822.37036231884,2077.74451086957,1.3583818162213,,3,mean
mean_ensemble,AT,Deaths,2021-08-30,27.0811231884058,18.0921739130435,1.49684185651575,,3,mean
mean_ensemble,BE,Cases,2021-08-30,1079.29369565217,1461.0335326087,0.738719318594337,,3,mean
mean_ensemble,BE,Deaths,2021-08-30,10.6739855072464,8.2425,1.2949936921136,,3,mean
mean_ensemble,BG,Cases,2021-08-30,10594.232826087,4207.92548913044,2.517685461269,,3,mean
mean_ensemble,BG,Deaths,2021-08-30,136.96402173913,84.2655434782609,1.62538584676031,,3,mean
mean_ensemble,CY,Cases,2021-08-30,167.095072463768,135.663315217391,1.23168943790007,,3,mean
mean_ensemble,CY,Deaths,2021-08-30,4.48721014492754,1.72130434782609,2.6068662120064,,3,mean
mean_ensemble,EE,Cases,2021-08-30,182.069673913044,276.932554347826,0.657451321827498,,3,mean
mean_ensemble,EE,Deaths,2021-08-30,6.82960144927537,4.33391304347826,1.57585105671482,,3,mean
mean_ensemble,ES,Cases,2021-08-30,3713.65217391305,3106.96652173913,1.19526623409972,,3,mean
mean_ensemble,FI,Cases,2021-08-30,295.55518115942,246.586902173913,1.19858426604902,,3,mean
mean_ensemble,FI,Deaths,2021-08-30,2.08134057971015,2.01413043478261,1.03336931102716,,3,mean
mean_ensemble,GR,Cases,2021-08-30,3291.47358695652,2185.37875,1.50613415956228,,3,mean
mean_ensemble,GR,Deaths,2021-08-30,34.040615942029,25.5323913043478,1.33323258038241,,3,mean
mean_ensemble,HR,Cases,2021-08-30,763.134456521739,670.599565217391,1.13798829600247,,3,mean
mean_ensemble,HR,Deaths,2021-08-30,12.2477173913044,10.0644565217391,1.21692784551748,,3,mean
mean_ensemble,HU,Cases,2021-08-30,447.601557971015,441.066521739131,1.01481644130712,,3,mean
mean_ensemble,HU,Deaths,2021-08-30,10.6482608695652,7.40467391304348,1.43804588758569,,3,mean
mean_ensemble,IT,Cases,2021-08-30,14342.1438043478,9430.70815217391,1.52079181890935,,3,mean
mean_ensemble,IT,Deaths,2021-08-30,47.718152173913,35.4288043478261,1.34687447268711,,3,mean
mean_ensemble,LT,Cases,2021-08-30,1263.36608695652,1122.72565217391,1.12526696482822,,3,mean
mean_ensemble,LT,Deaths,2021-08-30,12.665652173913,13.8089130434783,0.917208482234221,,3,mean
mean_ensemble,LU,Deaths,2021-08-30,1.25217391304348,0.863804347826087,1.44960362400906,,3,mean
mean_ensemble,LV,Cases,2021-08-30,346.178804347826,467.887717391304,0.73987581097007,,3,mean
mean_ensemble,LV,Deaths,2021-08-30,10.3882971014493,12.033152173913,0.863306384836578,,3,mean
mean_ensemble,MT,Cases,2021-08-30,47.608079710145,45.2416304347826,1.05230689638327,,3,mean
mean_ensemble,MT,Deaths,2021-08-30,1.00489130434783,0.907282608695652,1.10758356295675,,3,mean
mean_ensemble,NO,Cases,2021-08-30,8635.15938405797,5902.68706521739,1.46292007159623,,3,mean
mean_ensemble,PT,Cases,2021-08-30,3697.5497826087,2912.41472826087,1.26958216037338,,3,mean
mean_ensemble,PT,Deaths,2021-08-30,7.62322463768116,7.99217391304348,0.953836180321329,,3,mean
mean_ensemble,RO,Cases,2021-08-30,2780.70677536232,3657.45869565217,0.760283849184107,,3,mean
mean_ensemble,RO,Deaths,2021-08-30,70.4389492753623,43.9620652173913,1.60226661161261,,3,mean
mean_ensemble,SI,Cases,2021-08-30,786.579456521739,729.97,1.07755038771695,,3,mean
mean_ensemble,SI,Deaths,2021-08-30,4.1056884057971,3.53152173913044,1.16258335898225,,3,mean
mean_ensemble,SK,Cases,2021-08-30,2316.70561594203,2793.04858695652,0.829454105009485,,3,mean
mean_ensemble,SK,Deaths,2021-08-30,5.58416666666667,4.77641304347826,1.16911301762131,,3,mean
mean_ensemble,AT,Cases,2021-09-06,2575.06539855073,2355.49494565217,1.0932162700259,,3,mean
mean_ensemble,AT,Deaths,2021-09-06,20.7448188405797,23.4919565217391,0.883060498659733,,3,mean
mean_ensemble,BE,Cases,2021-09-06,1030.16561594203,1512.59739130435,0.681057379752382,,3,mean
mean_ensemble,BE,Deaths,2021-09-06,12.5647826086957,13.0257608695652,0.964610262272921,,3,mean
mean_ensemble,BG,Cases,2021-09-06,889.547898550724,1086.11032608696,0.819021675040685,,3,mean
mean_ensemble,BG,Deaths,2021-09-06,56.0798550724638,75.0080434782609,0.747651218081925,,3,mean
mean_ensemble,CY,Cases,2021-09-06,110.956630434783,128.988804347826,0.860203573447982,,3,mean
mean_ensemble,CY,Deaths,2021-09-06,4.35996376811594,3.13086956521739,1.39257279081609,,3,mean
mean_ensemble,EE,Cases,2021-09-06,372.736268115942,337.161467391304,1.10551265243887,,3,mean
mean_ensemble,EE,Deaths,2021-09-06,2.7843115942029,2.11521739130435,1.31632408359027,,3,mean
mean_ensemble,ES,Cases,2021-09-06,2551.24913043478,3408.57673913043,0.748479299628629,,3,mean
mean_ensemble,FI,Cases,2021-09-06,516.909891304348,334.342989130435,1.54604674872572,,3,mean
mean_ensemble,FI,Deaths,2021-09-06,4.15253623188406,3.88402173913044,1.06913310758496,,3,mean
mean_ensemble,GR,Cases,2021-09-06,1395.87981884058,1258.15690217391,1.10946402346854,,3,mean
mean_ensemble,GR,Deaths,2021-09-06,67.6814855072464,24.2197826086957,2.79447122217136,,3,mean
mean_ensemble,HR,Cases,2021-09-06,896.300471014492,878.808967391304,1.01990364717728,,3,mean
mean_ensemble,HR,Deaths,2021-09-06,10.7558695652174,8.38336956521739,1.28300076497206,,3,mean
mean_ensemble,HU,Cases,2021-09-06,318.155253623189,512.88277173913,0.620327433780547,,3,mean
mean_ensemble,HU,Deaths,2021-09-06,9.38775362318841,12.9529347826087,0.724758811863463,,3,mean
mean_ensemble,IT,Cases,2021-09-06,10060.1092028986,6606.1525,1.52283938387716,,3,mean
mean_ensemble,IT,Deaths,2021-09-06,31.3685507246377,44.6073913043478,0.703214194047259,,3,mean
mean_ensemble,LT,Cases,2021-09-06,1333.16336956522,1152.98483695652,1.15627138088329,,3,mean
mean_ensemble,LT,Deaths,2021-09-06,15.3276449275362,10.8053260869565,1.4185268268802,,3,mean
mean_ensemble,LU,Deaths,2021-09-06,1.04608695652174,0.935978260869565,1.11764022761584,,3,mean
mean_ensemble,LV,Cases,2021-09-06,1060.83311594203,357.555869565217,2.96690169631948,,3,mean
mean_ensemble,LV,Deaths,2021-09-06,6.01304347826087,8.75880434782609,0.686514190690113,,3,mean
mean_ensemble,MT,Cases,2021-09-06,64.2105434782609,127.958043478261,0.501809356667522,,3,mean
mean_ensemble,MT,Deaths,2021-09-06,1.42159420289855,1.04907608695652,1.35509160924899,,3,mean
mean_ensemble,NO,Cases,2021-09-06,14687.9281884058,13097.6030434783,1.12142108289955,,3,mean
mean_ensemble,PT,Cases,2021-09-06,6046.12608695652,2460.0264673913,2.45774838893016,,3,mean
mean_ensemble,PT,Deaths,2021-09-06,7.58340579710145,8.51565217391304,0.89052554545764,,3,mean
mean_ensemble,RO,Cases,2021-09-06,5646.77326086957,6258.47619565217,0.902260084458328,,3,mean
mean_ensemble,RO,Deaths,2021-09-06,102.143550724638,78.5373913043478,1.30057223735394,,3,mean
mean_ensemble,SI,Cases,2021-09-06,995.792210144928,946.173369565217,1.05244159492939,,3,mean
mean_ensemble,SI,Deaths,2021-09-06,6.20851449275362,4.88771739130435,1.27022779668053,,3,mean
mean_ensemble,SK,Cases,2021-09-06,1773.33326086957,2362.23510869565,0.750701424401715,,3,mean
mean_ensemble,SK,Deaths,2021-09-06,17.2825724637681,13.3129347826087,1.29817900755776,,3,mean
mean_ensemble,AT,Cases,2021-09-13,3659.51858695652,3629.7464673913,1.00820225870668,,3,mean
mean_ensemble,AT,Deaths,2021-09-13,13.5101449275362,13.2271739130435,1.02139315747665,,3,mean
mean_ensemble,BE,Cases,2021-09-13,1125.1795289855,1363.78527173913,0.825041560648802,,3,mean
mean_ensemble,BE,Deaths,2021-09-13,8.09322463768116,7.91173913043478,1.02293876279973,,3,mean
mean_ensemble,BG,Cases,2021-09-13,1154.19086956522,1685.52864130435,0.684764910711956,,3,mean
mean_ensemble,BG,Deaths,2021-09-13,52.1320652173913,59.5483695652174,0.87545747428561,,3,mean
mean_ensemble,CY,Cases,2021-09-13,76.2914130434783,101.83472826087,0.749168916600268,,3,mean
mean_ensemble,CY,Deaths,2021-09-13,3.60768115942029,2.1929347826087,1.64513837257332,,3,mean
mean_ensemble,EE,Cases,2021-09-13,522.416956521739,416.746956521739,1.2535591402561,,3,mean
mean_ensemble,EE,Deaths,2021-09-13,3.92105072463768,3.39586956521739,1.154652924482,,3,mean
mean_ensemble,ES,Cases,2021-09-13,2701.52648550725,1747.135,1.54626087022883,,3,mean
mean_ensemble,FI,Cases,2021-09-13,1027.36311594203,701.256739130435,1.46503136243078,,3,mean
mean_ensemble,FI,Deaths,2021-09-13,9.81463768115942,8.92065217391304,1.10021526339304,,3,mean
mean_ensemble,GR,Cases,2021-09-13,1697.2831884058,1396.1,1.21573181606317,,3,mean
mean_ensemble,GR,Deaths,2021-09-13,50.5533695652174,29.7644565217391,1.69844759397151,,3,mean
mean_ensemble,HR,Cases,2021-09-13,1411.41992753623,1283.22597826087,1.09989974598948,,3,mean
mean_ensemble,HR,Deaths,2021-09-13,19.6964130434783,16.0828260869565,1.2246860680445,,3,mean
mean_ensemble,HU,Cases,2021-09-13,480.377536231884,630.293586956522,0.762148855982285,,3,mean
mean_ensemble,HU,Deaths,2021-09-13,9.15612318840579,7.35989130434783,1.24405684945331,,3,mean
mean_ensemble,IT,Cases,2021-09-13,4999.07072463768,4916.00065217391,1.01689789695757,,3,mean
mean_ensemble,IT,Deaths,2021-09-13,26.9315942028986,35.6416304347826,0.755621835319185,,3,mean
mean_ensemble,LT,Cases,2021-09-13,1302.36130434782,1635.05945652174,0.796522291072116,,3,mean
mean_ensemble,LT,Deaths,2021-09-13,20.5378623188406,17.4373913043478,1.17780589770442,,3,mean
mean_ensemble,LU,Deaths,2021-09-13,0.80713768115942,0.825978260869565,0.977189981137869,,3,mean
mean_ensemble,LV,Cases,2021-09-13,640.323260869565,559.084076086957,1.14530763485736,,3,mean
mean_ensemble,LV,Deaths,2021-09-13,6.36434782608696,6.69358695652174,0.950812750686089,,3,mean
mean_ensemble,MT,Cases,2021-09-13,63.863115942029,59.7272826086957,1.06924529549468,,3,mean
mean_ensemble,MT,Deaths,2021-09-13,0.938985507246377,1.11141304347826,0.844857375713121,,3,mean
mean_ensemble,NO,Cases,2021-09-13,8691.90865942029,5825.13467391304,1.49213866219191,,3,mean
mean_ensemble,PT,Cases,2021-09-13,684.245724637682,667.831684782609,1.02457810886948,,3,mean
mean_ensemble,PT,Deaths,2021-09-13,5.01840579710145,6.71804347826087,0.747004066487612,,3,mean
mean_ensemble,RO,Cases,2021-09-13,6028.17931159421,9190.71440217391,0.655898883134519,,3,mean
mean_ensemble,RO,Deaths,2021-09-13,94.8709420289854,184.910434782609,0.513064295914512,,3,mean
mean_ensemble,SI,Cases,2021-09-13,2841.73565217392,2909.02298913043,0.976869437880712,,3,mean
mean_ensemble,SI,Deaths,2021-09-13,4.74554347826087,4.82195652173913,0.984153104007934,,3,mean
mean_ensemble,SK,Cases,2021-09-13,2348.35757246377,1427.64820652174,1.64491333490707,,3,mean
mean_ensemble,SK,Deaths,2021-09-13,13.2458333333333,13.024347826087,1.01700549695108,,3,mean
mean_ensemble,AT,Cases,2021-09-20,2177.47478260869,1661.08619565217,1.31087404633676,,3,mean
mean_ensemble,AT,Deaths,2021-09-20,13.713115942029,7.61788043478261,1.80012223339921,,3,mean
mean_ensemble,BE,Cases,2021-09-20,2125.50050724638,2212.34608695652,0.96074502980245,,3,mean
mean_ensemble,BE,Deaths,2021-09-20,16.589347826087,11.6373913043478,1.42552118359112,,3,mean
mean_ensemble,BG,Cases,2021-09-20,1522.39985507247,2160.51565217391,0.704646528962021,,3,mean
mean_ensemble,BG,Deaths,2021-09-20,45.3722101449275,43.23625,1.04940206759207,,3,mean
mean_ensemble,CY,Cases,2021-09-20,274.780942028986,434.24,0.632785883449211,,3,mean
mean_ensemble,CY,Deaths,2021-09-20,1.10333333333333,1.27228260869565,0.867207745977502,,3,mean
mean_ensemble,EE,Cases,2021-09-20,1072.47934782609,1293.60608695652,0.829061766669109,,3,mean
mean_ensemble,EE,Deaths,2021-09-20,4.96981884057971,4.90461956521739,1.01329344192661,,3,mean
mean_ensemble,ES,Cases,2021-09-20,2751.90507246377,1775.3414673913,1.55007085848529,,3,mean
mean_ensemble,FI,Cases,2021-09-20,935.209094202899,738.104891304348,1.26704091142146,,3,mean
mean_ensemble,FI,Deaths,2021-09-20,12.0757971014493,11.0751630434783,1.09034937490697,,3,mean
mean_ensemble,GR,Cases,2021-09-20,1707.4525,2035.56195652174,0.838811363382721,,3,mean
mean_ensemble,GR,Deaths,2021-09-20,30.0197463768116,24.4836413043478,1.22611444938465,,3,mean
mean_ensemble,HR,Cases,2021-09-20,2995.63474637681,2289.99032608696,1.30814296997299,,3,mean
mean_ensemble,HR,Deaths,2021-09-20,19.7916666666667,8.41190217391304,2.35281702728837,,3,mean
mean_ensemble,HU,Cases,2021-09-20,650.965688405797,669.810869565217,0.971864921852264,,3,mean
mean_ensemble,HU,Deaths,2021-09-20,16.0648188405797,10.1735326086957,1.57907970205439,,3,mean
mean_ensemble,IT,Cases,2021-09-20,1907.72028985507,2458.69043478261,0.775909103019611,,3,mean
mean_ensemble,IT,Deaths,2021-09-20,15.5075724637681,23.1132065217391,0.670939899627621,,3,mean
mean_ensemble,LT,Cases,2021-09-20,835.185144927536,1007.55815217391,0.828920041116769,,3,mean
mean_ensemble,LT,Deaths,2021-09-20,12.3772463768116,9.82364130434783,1.25994486090749,,3,mean
mean_ensemble,LU,Deaths,2021-09-20,0.568115942028986,0.564945652173913,1.00561167227834,,3,mean
mean_ensemble,LV,Cases,2021-09-20,1257.86257246377,1492.87369565217,0.842578026612132,,3,mean
mean_ensemble,LV,Deaths,2021-09-20,7.57981884057971,5.51309782608696,1.37487472192375,,3,mean
mean_ensemble,MT,Cases,2021-09-20,37.9311956521739,32.805597826087,1.15624156137192,,3,mean
mean_ensemble,MT,Deaths,2021-09-20,1.60014492753623,1.76739130434783,0.905371053710537,,3,mean
mean_ensemble,NO,Cases,2021-09-20,1274.56003623188,631.011847826087,2.01986704468846,,3,mean
mean_ensemble,PT,Cases,2021-09-20,927.257971014493,645.188586956522,1.43718904791628,,3,mean
mean_ensemble,PT,Deaths,2021-09-20,11.1769565217391,10.386902173913,1.07606255788278,,3,mean
mean_ensemble,RO,Cases,2021-09-20,38321.413442029,6351.94989130435,6.03301570349129,,3,mean
mean_ensemble,RO,Deaths,2021-09-20,354.948007246377,100.102880434783,3.54583210497751,,3,mean
mean_ensemble,SI,Cases,2021-09-20,7293.51192028986,4031.8,1.80899645822954,,3,mean
mean_ensemble,SI,Deaths,2021-09-20,11.6580797101449,9.66489130434783,1.20622977983213,,3,mean
mean_ensemble,SK,Cases,2021-09-20,2979.57692028986,1708.37945652174,1.7440954987578,,3,mean
mean_ensemble,SK,Deaths,2021-09-20,12.3947101449275,19.9250543478261,0.62206656647237,,3,mean
mean_ensemble,AT,Cases,2021-09-27,1583.59586956522,1898.04,0.834332189819612,,3,mean
mean_ensemble,AT,Deaths,2021-09-27,14.7259782608696,9.13190217391304,1.61258607247645,,3,mean
mean_ensemble,BE,Cases,2021-09-27,4705.13644927536,3851.23010869565,1.22172301225307,,3,mean
mean_ensemble,BE,Deaths,2021-09-27,11.4711231884058,12.7028260869565,0.903037096617779,,3,mean
mean_ensemble,BG,Cases,2021-09-27,4894.40210144928,4483.14673913043,1.09173363850201,,3,mean
mean_ensemble,BG,Deaths,2021-09-27,159.495,107.68347826087,1.48114643560839,,3,mean
mean_ensemble,CY,Cases,2021-09-27,185.110905797101,186.960760869565,0.990105650705207,,3,mean
mean_ensemble,CY,Deaths,2021-09-27,1.75778985507246,1.68184782608696,1.04515392403973,,3,mean
mean_ensemble,EE,Cases,2021-09-27,1438.85358695652,1166.20804347826,1.23378808352675,,3,mean
mean_ensemble,EE,Deaths,2021-09-27,4.13090579710145,4.72092391304348,0.875020625875401,,3,mean
mean_ensemble,ES,Cases,2021-09-27,2064.70307971014,1892.3410326087,1.0910840298505,,3,mean
mean_ensemble,FI,Cases,2021-09-27,1074.11735507246,1114.18402173913,0.964039453191828,,3,mean
mean_ensemble,FI,Deaths,2021-09-27,12.1684420289855,11.2165760869565,1.08486243347789,,3,mean
mean_ensemble,GR,Cases,2021-09-27,1972.71398550725,2034.85989130435,0.96945936864613,,3,mean
mean_ensemble,GR,Deaths,2021-09-27,27.7595652173913,29.77625,0.932272036182909,,3,mean
mean_ensemble,HR,Cases,2021-09-27,1163.5293115942,1396.89163043478,0.832941715909669,,3,mean
mean_ensemble,HR,Deaths,2021-09-27,20.6741666666666,12.5963586956522,1.64128119611286,,3,mean
mean_ensemble,HU,Cases,2021-09-27,849.861956521738,775.698369565218,1.09560879572055,,3,mean
mean_ensemble,HU,Deaths,2021-09-27,12.5086956521739,26.7473913043478,0.467660397600741,,3,mean
mean_ensemble,IT,Cases,2021-09-27,3057.54945652174,2609.79880434783,1.17156519936632,,3,mean
mean_ensemble,IT,Deaths,2021-09-27,22.7261594202899,23.2634782608696,0.976902901855244,,3,mean
mean_ensemble,LT,Cases,2021-09-27,1095.9231884058,1233.21717391304,0.888670066869399,,3,mean
mean_ensemble,LT,Deaths,2021-09-27,11.621884057971,10.2638043478261,1.13231738097508,,3,mean
mean_ensemble,LU,Deaths,2021-09-27,0.737463768115942,0.687717391304348,1.07233549338812,,3,mean
mean_ensemble,LV,Cases,2021-09-27,2681.3620289855,3038.1975,0.882550271661241,,3,mean
mean_ensemble,LV,Deaths,2021-09-27,10.2319565217391,10.8670652173913,0.941556558008342,,3,mean
mean_ensemble,MT,Cases,2021-09-27,27.1790579710145,27.230652173913,0.998105289488881,,3,mean
mean_ensemble,MT,Deaths,2021-09-27,1.53304347826087,1.49978260869565,1.02217712711987,,3,mean
mean_ensemble,NO,Cases,2021-09-27,443.219565217392,364.06847826087,1.21740714091652,,3,mean
mean_ensemble,PT,Cases,2021-09-27,1315.56652173913,1045.42467391304,1.25840393341296,,3,mean
mean_ensemble,PT,Deaths,2021-09-27,14.6646739130435,11.2664673913043,1.30162129829284,,3,mean
mean_ensemble,RO,Cases,2021-09-27,30830.4374275362,13336.5095652174,2.31173211227204,,3,mean
mean_ensemble,RO,Deaths,2021-09-27,355.29,169.103913043478,2.10101584053026,,3,mean
mean_ensemble,SI,Cases,2021-09-27,976.4275,1101.22326086957,0.886675331602584,,3,mean
mean_ensemble,SI,Deaths,2021-09-27,7.77264492753623,8.08288043478261,0.96161819913711,,3,mean
mean_ensemble,SK,Cases,2021-09-27,2611.17405797101,1589.99706521739,1.64225086642786,,3,mean
mean_ensemble,SK,Deaths,2021-09-27,16.3625362318841,14.8480434782609,1.10199948268205,,3,mean
mean_ensemble,AT,Cases,2021-10-04,3058.24202898551,4857.93076086957,0.629535944320065,,3,mean
mean_ensemble,AT,Deaths,2021-10-04,22.6936231884058,27.3665217391304,0.829247626159117,,3,mean
mean_ensemble,BE,Cases,2021-10-04,11687.3238043478,10917.6243478261,1.07050063566943,,3,mean
mean_ensemble,BE,Deaths,2021-10-04,29.8954710144928,28.0445652173913,1.0659987338992,,3,mean
mean_ensemble,BG,Cases,2021-10-04,7060.11043478261,4437.71586956522,1.59093340860381,,3,mean
mean_ensemble,BG,Deaths,2021-10-04,179.266014492754,126.818695652174,1.4135614119895,,3,mean
mean_ensemble,CY,Cases,2021-10-04,242.013152173913,286.700489130435,0.844132330949072,,3,mean
mean_ensemble,CY,Deaths,2021-10-04,1.80586956521739,2.06804347826087,0.873226111636708,,3,mean
mean_ensemble,EE,Cases,2021-10-04,798.156775362319,1007.00961956522,0.792600944275913,,3,mean
mean_ensemble,EE,Deaths,2021-10-04,11.0942028985507,11.2854347826087,0.983054983016457,,3,mean
mean_ensemble,ES,Cases,2021-10-04,1992.75586956522,1890.88554347826,1.05387440103835,,3,mean
mean_ensemble,FI,Cases,2021-10-04,410.57865942029,714.382119565217,0.574732553035025,,3,mean
mean_ensemble,FI,Deaths,2021-10-04,11.9236231884058,13.043152173913,0.91416729862691,,3,mean
mean_ensemble,GR,Cases,2021-10-04,2934.52974637682,3347.21179347826,0.876708713829964,,3,mean
mean_ensemble,GR,Deaths,2021-10-04,26.9799637681159,29.0738043478261,0.927981885182263,,3,mean
mean_ensemble,HR,Cases,2021-10-04,2701.03213768116,3067.16782608696,0.880627435743251,,3,mean
mean_ensemble,HR,Deaths,2021-10-04,18.4453985507246,21.0085869565217,0.87799329811654,,3,mean
mean_ensemble,HU,Cases,2021-10-04,3019.65134057971,3278.03163043478,0.921178219436278,,3,mean
mean_ensemble,HU,Deaths,2021-10-04,29.8483695652174,35.8426086956522,0.832762197045052,,3,mean
mean_ensemble,IT,Cases,2021-10-04,3193.6720289855,3505.52195652174,0.911040372474044,,3,mean
mean_ensemble,IT,Deaths,2021-10-04,24.3138043478261,25.3589130434783,0.958787322869071,,3,mean
mean_ensemble,LT,Cases,2021-10-04,1463.45768115942,1018.81635869565,1.43642931198418,,3,mean
mean_ensemble,LT,Deaths,2021-10-04,15.6440579710145,16.9052173913043,0.925398213397802,,3,mean
mean_ensemble,LU,Deaths,2021-10-04,0.822608695652174,0.822717391304348,0.999867882150878,,3,mean
mean_ensemble,LV,Cases,2021-10-04,1200.8043115942,1150.54282608696,1.04368501925147,,3,mean
mean_ensemble,LV,Deaths,2021-10-04,14.6469565217391,18.0759782608696,0.810299520742758,,3,mean
mean_ensemble,MT,Cases,2021-10-04,28.3473913043478,36.2747826086957,0.781462748106242,,3,mean
mean_ensemble,MT,Deaths,2021-10-04,0.83677536231884,1.135,0.73724701525889,,3,mean
mean_ensemble,NO,Cases,2021-10-04,1308.81420289855,1202.32717391304,1.0885674309755,,3,mean
mean_ensemble,PT,Cases,2021-10-04,1042.43391304348,1228.15288043478,0.848781881840674,,3,mean
mean_ensemble,PT,Deaths,2021-10-04,14.0244202898551,10.208152173913,1.37384514365827,,3,mean
mean_ensemble,RO,Cases,2021-10-04,93465.0210869565,55424.1111956522,1.68636030548179,,3,mean
mean_ensemble,RO,Deaths,2021-10-04,772.615036231884,187.579782608696,4.11886092140117,,3,mean
mean_ensemble,SI,Cases,2021-10-04,2243.34264492754,2707.69625,0.828506020543308,,3,mean
mean_ensemble,SI,Deaths,2021-10-04,6.6918115942029,6.22836956521739,1.07440824185733,,3,mean
mean_ensemble,SK,Cases,2021-10-04,3394.19992753623,2960.30179347826,1.14657226334622,,3,mean
mean_ensemble,SK,Deaths,2021-10-04,23.9585507246377,18.6429347826087,1.28512763703855,,3,mean
mean_ensemble,AT,Cases,2021-10-11,11795.8602536232,11285.2611413044,1.04524477598928,,3,mean
mean_ensemble,AT,Deaths,2021-10-11,47.9847101449275,42.8075,1.12094166080541,,3,mean
mean_ensemble,BE,Cases,2021-10-11,20555.5077536232,19484.655326087,1.05495875649915,,3,mean
mean_ensemble,BE,Deaths,2021-10-11,40.293731884058,34.9804347826087,1.15189339796574,,3,mean
mean_ensemble,BG,Cases,2021-10-11,5403.85945652173,5912.2347826087,0.914013001042789,,3,mean
mean_ensemble,BG,Deaths,2021-10-11,83.5371739130435,103.37402173913,0.80810606482791,,3,mean
mean_ensemble,CY,Cases,2021-10-11,385.066557971014,461.841086956522,0.833764186093874,,3,mean
mean_ensemble,CY,Deaths,2021-10-11,1.59974637681159,1.50565217391304,1.06249398402156,,3,mean
mean_ensemble,EE,Cases,2021-10-11,653.200688405799,686.957119565217,0.950860934113642,,3,mean
mean_ensemble,EE,Deaths,2021-10-11,8.17105072463768,8.97021739130435,0.910908885280598,,3,mean
mean_ensemble,ES,Cases,2021-10-11,1908.74257246377,2247.91760869565,0.849115895120067,,3,mean
mean_ensemble,FI,Cases,2021-10-11,351.103152173913,516.231467391304,0.680127373769287,,3,mean
mean_ensemble,FI,Deaths,2021-10-11,10.2275,12.0157608695652,0.851173730155141,,3,mean
mean_ensemble,GR,Cases,2021-10-11,7946.36862318841,7590.10179347826,1.04693834673156,,3,mean
mean_ensemble,GR,Deaths,2021-10-11,62.8417028985507,46.0707608695652,1.36402572287588,,3,mean
mean_ensemble,HR,Cases,2021-10-11,8721.2090942029,7004.20668478261,1.24513874114404,,3,mean
mean_ensemble,HR,Deaths,2021-10-11,42.0986956521739,38.7777173913044,1.08564140656753,,3,mean
mean_ensemble,HU,Cases,2021-10-11,8202.88076086956,8303.81706521739,0.987844589595955,,3,mean
mean_ensemble,HU,Deaths,2021-10-11,94.7932971014493,105.787065217391,0.896076442868039,,3,mean
mean_ensemble,IT,Cases,2021-10-11,8527.80329710145,7610.75663043478,1.12049349508819,,3,mean
mean_ensemble,IT,Deaths,2021-10-11,58.6961231884059,40.0847826086957,1.4642994016306,,3,mean
mean_ensemble,LT,Cases,2021-10-11,1821.08532608696,1088.11706521739,1.67361158491079,,3,mean
mean_ensemble,LT,Deaths,2021-10-11,15.4518478260869,13.4467391304348,1.14911486541104,,3,mean
mean_ensemble,LU,Deaths,2021-10-11,1.52496376811594,1.39902173913044,1.09002149535131,,3,mean
mean_ensemble,LV,Cases,2021-10-11,5062.01376811594,3185.69369565217,1.5889832016884,,3,mean
mean_ensemble,LV,Deaths,2021-10-11,14.315615942029,45.0497826086957,0.317773252456622,,3,mean
mean_ensemble,MT,Cases,2021-10-11,46.4890217391304,44.8641304347826,1.03621804966687,,3,mean
mean_ensemble,MT,Deaths,2021-10-11,0.590652173913044,0.608206521739131,0.971137521222411,,3,mean
mean_ensemble,NO,Cases,2021-10-11,1875.12887681159,2810.63972826087,0.667153765015576,,3,mean
mean_ensemble,PT,Cases,2021-10-11,795.365579710145,1283.80918478261,0.619535667089675,,3,mean
mean_ensemble,PT,Deaths,2021-10-11,5.51471014492754,6.0345652173913,0.913853765145238,,3,mean
mean_ensemble,RO,Cases,2021-10-11,69092.0394927537,44696.3691847826,1.54580877044207,,3,mean
mean_ensemble,RO,Deaths,2021-10-11,948.189420289855,347.01847826087,2.73238884869139,,3,mean
mean_ensemble,SI,Cases,2021-10-11,6151.07079710145,6807.1472826087,0.903619466676823,,3,mean
mean_ensemble,SI,Deaths,2021-10-11,99.1797463768116,13.2477173913043,7.48655360371079,,3,mean
mean_ensemble,SK,Cases,2021-10-11,5715.98304347826,6667.90402173913,0.857238350288582,,3,mean
mean_ensemble,SK,Deaths,2021-10-11,36.8676449275362,23.7971739130435,1.54924467343278,,3,mean
mean_ensemble,AT,Cases,2021-10-18,19525.1077898551,20163.1324456522,0.968356868283396,,3,mean
mean_ensemble,AT,Deaths,2021-10-18,91.2732971014493,69.8704347826087,1.30632215736788,,3,mean
mean_ensemble,BE,Cases,2021-10-18,18332.579057971,24233.1857608696,0.756507181469036,,3,mean
mean_ensemble,BE,Deaths,2021-10-18,32.1505434782609,37.4726086956522,0.857974520519336,,3,mean
mean_ensemble,BG,Cases,2021-10-18,4392.23923913043,3630.82336956522,1.20970887098162,,3,mean
mean_ensemble,BG,Deaths,2021-10-18,88.3021739130435,180.739130434783,0.488561462593216,,3,mean
mean_ensemble,CY,Cases,2021-10-18,162.451413043478,249.942282608696,0.649955707165438,,3,mean
mean_ensemble,CY,Deaths,2021-10-18,2.13492753623188,1.85,1.15401488444967,,3,mean
mean_ensemble,EE,Cases,2021-10-18,1942.7972826087,1175.32152173913,1.65299217845848,,3,mean
mean_ensemble,EE,Deaths,2021-10-18,10.7884420289855,13.9272826086957,0.774626489035961,,3,mean
mean_ensemble,ES,Cases,2021-10-18,4778.6815942029,4938.24554347826,0.9676881297476,,3,mean
mean_ensemble,FI,Cases,2021-10-18,377.348876811594,549.394402173913,0.686845143158453,,3,mean
mean_ensemble,FI,Deaths,2021-10-18,8.63996376811594,13.6375,0.633544547616201,,3,mean
mean_ensemble,GR,Cases,2021-10-18,9171.17934782609,10817.6083695652,0.8478010142823,,3,mean
mean_ensemble,GR,Deaths,2021-10-18,50.7293478260869,54.0141304347826,0.939186605759362,,3,mean
mean_ensemble,HR,Cases,2021-10-18,11279.6176449275,10798.3844021739,1.04456530021813,,3,mean
mean_ensemble,HR,Deaths,2021-10-18,88.49,74.7914130434783,1.18315721550224,,3,mean
mean_ensemble,HU,Cases,2021-10-18,11870.7223913044,11397.6110326087,1.04150969508804,,3,mean
mean_ensemble,HU,Deaths,2021-10-18,144.83402173913,216.499130434783,0.668982002136769,,3,mean
mean_ensemble,IT,Cases,2021-10-18,15903.4923550725,15529.7811956522,1.02406416128547,,3,mean
mean_ensemble,IT,Deaths,2021-10-18,97.3444927536231,80.7223913043478,1.2059168612412,,3,mean
mean_ensemble,LT,Cases,2021-10-18,2222.32278985507,1804.49135869565,1.23155080745936,,3,mean
mean_ensemble,LT,Deaths,2021-10-18,16.4748550724638,32.98,0.499540784489501,,3,mean
mean_ensemble,LU,Deaths,2021-10-18,1.34326086956522,1.37554347826087,0.976531015408929,,3,mean
mean_ensemble,LV,Cases,2021-10-18,12108.3285507246,9503.43548913044,1.27410014668627,,3,mean
mean_ensemble,LV,Deaths,2021-10-18,17.7179347826087,38.6828260869565,0.458031032758049,,3,mean
mean_ensemble,MT,Cases,2021-10-18,51.676268115942,51.3763043478261,1.00583856258101,,3,mean
mean_ensemble,MT,Deaths,2021-10-18,0.407427536231884,0.422934782608696,0.963334190011136,,3,mean
mean_ensemble,NO,Cases,2021-10-18,5314.29851449275,5203.0847826087,1.02137457614679,,3,mean
mean_ensemble,PT,Cases,2021-10-18,1050.24079710145,1327.93293478261,0.790883914083643,,3,mean
mean_ensemble,PT,Deaths,2021-10-18,15.1511956521739,8.13141304347826,1.86329184991111,,3,mean
mean_ensemble,RO,Cases,2021-10-18,49450.1694927537,38239.9257065217,1.29315548027647,,3,mean
mean_ensemble,RO,Deaths,2021-10-18,734.699420289855,401.00347826087,1.83215223837012,,3,mean
mean_ensemble,SI,Cases,2021-10-18,2292.22699275362,7896.85793478261,0.290270764864244,,3,mean
mean_ensemble,SI,Deaths,2021-10-18,13.6001811594203,28.7695652173913,0.472728074152436,,3,mean
mean_ensemble,SK,Cases,2021-10-18,15803.9640217391,16412.3474456522,0.96293135848314,,3,mean
mean_ensemble,SK,Deaths,2021-10-18,26.2095652173913,28.6372826086957,0.915225287801323,,3,mean
mean_ensemble,AT,Cases,2021-10-25,14671.7042753623,14670.5231521739,1.00008050995702,,3,mean
mean_ensemble,AT,Deaths,2021-10-25,92.9133333333333,93.5676086956522,0.993007458762284,,3,mean
mean_ensemble,BE,Cases,2021-10-25,6232.03057971014,8484.64065217391,0.734507309760183,,3,mean
mean_ensemble,BE,Deaths,2021-10-25,28.1180072463768,22.1784239130435,1.26780908132251,,3,mean
mean_ensemble,BG,Cases,2021-10-25,14351.8475,9898.93858695652,1.44983700766776,,3,mean
mean_ensemble,BG,Deaths,2021-10-25,161.03481884058,85.4405434782609,1.88475883093549,,3,mean
mean_ensemble,CY,Cases,2021-10-25,395.349239130435,373.267065217391,1.05915918110853,,3,mean
mean_ensemble,CY,Deaths,2021-10-25,1.6425,1.60630434782609,1.02253349573691,,3,mean
mean_ensemble,EE,Cases,2021-10-25,3005.30253623189,2197.9072826087,1.36734727620762,,3,mean
mean_ensemble,EE,Deaths,2021-10-25,13.5104347826087,16.908152173913,0.7990485680306,,3,mean
mean_ensemble,ES,Cases,2021-10-25,3203.83851449275,3167.24576086957,1.01155349359853,,3,mean
mean_ensemble,FI,Cases,2021-10-25,948.947753623188,1149.16663043478,0.825770370015146,,3,mean
mean_ensemble,FI,Deaths,2021-10-25,13.1113405797101,17.5764673913044,0.745959941085588,,3,mean
mean_ensemble,GR,Cases,2021-10-25,4407.47673913043,7606.62206521739,0.579426281645356,,3,mean
mean_ensemble,GR,Deaths,2021-10-25,60.6922463768116,81.606847826087,0.743715116973436,,3,mean
mean_ensemble,HR,Cases,2021-10-25,4711.60057971015,5040.18391304348,0.934807273107041,,3,mean
mean_ensemble,HR,Deaths,2021-10-25,97.7947463768116,70.1170108695652,1.39473638656294,,3,mean
mean_ensemble,HU,Cases,2021-10-25,5112.53108695652,7620.20847826087,0.670917482315829,,3,mean
mean_ensemble,HU,Deaths,2021-10-25,79.3473913043478,189.516739130435,0.418682759467157,,3,mean
mean_ensemble,IT,Cases,2021-10-25,8935.86449275363,7209.37809782609,1.23947785391477,,3,mean
mean_ensemble,IT,Deaths,2021-10-25,39.6613043478261,40.4325,0.980926342616116,,3,mean
mean_ensemble,LT,Cases,2021-10-25,3085.87134057971,2707.53956521739,1.13973268580175,,3,mean
mean_ensemble,LT,Deaths,2021-10-25,12.8458333333333,15.8672826086957,0.809579916746013,,3,mean
mean_ensemble,LU,Deaths,2021-10-25,1.66739130434783,1.44478260869565,1.15407764068613,,3,mean
mean_ensemble,LV,Cases,2021-10-25,17885.467826087,13346.677173913,1.34006896196195,,3,mean
mean_ensemble,LV,Deaths,2021-10-25,32.4506521739131,29.2576630434783,1.1091334302979,,3,mean
mean_ensemble,MT,Cases,2021-10-25,111.35884057971,95.6338043478261,1.16442968403402,,3,mean
mean_ensemble,MT,Deaths,2021-10-25,0.52268115942029,0.439347826086957,1.18967507834405,,3,mean
mean_ensemble,NO,Cases,2021-10-25,2306.9227173913,5518.0352173913,0.418069589356829,,3,mean
mean_ensemble,PT,Cases,2021-10-25,2136.61380434783,3021.43315217391,0.707152432881243,,3,mean
mean_ensemble,PT,Deaths,2021-10-25,8.20452898550725,8.81472826086957,0.930775032728902,,3,mean
mean_ensemble,RO,Cases,2021-10-25,56083.5746014493,46999.8777173913,1.19327064931271,,3,mean
mean_ensemble,RO,Deaths,2021-10-25,1031.8915942029,496.488423913043,2.07837996719059,,3,mean
mean_ensemble,SI,Cases,2021-10-25,3757.165,2647.17195652174,1.41931278425023,,3,mean
mean_ensemble,SI,Deaths,2021-10-25,15.7355797101449,21.9302173913044,0.717529581644016,,3,mean
mean_ensemble,SK,Cases,2021-10-25,11580.491557971,16101.4141304348,0.719222017653819,,3,mean
mean_ensemble,SK,Deaths,2021-10-25,94.5018115942029,69.2167934782609,1.36530178364711,,3,mean
mean_ensemble,AT,Cases,2021-11-01,12724.6088405797,20326.3686956522,0.626014859373357,,3,mean
mean_ensemble,AT,Deaths,2021-11-01,76.6969927536232,110.673423913043,0.693002800870102,,3,mean
mean_ensemble,BE,Cases,2021-11-01,12318.5179710145,16306.6788043478,0.755427767899005,,3,mean
mean_ensemble,BE,Deaths,2021-11-01,68.6555434782609,32.6061413043478,2.1056016054591,,3,mean
mean_ensemble,BG,Cases,2021-11-01,18024.2155434783,19058.3642391304,0.945737804006869,,3,mean
mean_ensemble,BG,Deaths,2021-11-01,254.014275362319,183.480380434783,1.38442200065422,,3,mean
mean_ensemble,CY,Cases,2021-11-01,529.908007246377,444.235108695652,1.1928548574251,,3,mean
mean_ensemble,CY,Deaths,2021-11-01,2.46398550724638,2.12614130434783,1.15890016444706,,3,mean
mean_ensemble,EE,Cases,2021-11-01,8360.55347826087,6748.19543478261,1.23893173501876,,3,mean
mean_ensemble,EE,Deaths,2021-11-01,18.7386231884058,14.7577717391304,1.26974610528228,,3,mean
mean_ensemble,ES,Cases,2021-11-01,5722.80268115942,8774.49282608696,0.652208941825706,,3,mean
mean_ensemble,FI,Cases,2021-11-01,1143.36188405797,1305.82206521739,0.875587811320699,,3,mean
mean_ensemble,FI,Deaths,2021-11-01,15.0892391304348,25.18375,0.599165697341928,,3,mean
mean_ensemble,GR,Cases,2021-11-01,7336.36663043478,7050.8097826087,1.04049986549494,,3,mean
mean_ensemble,GR,Deaths,2021-11-01,54.6971014492754,66.9539130434783,0.816936590603097,,3,mean
mean_ensemble,HR,Cases,2021-11-01,7743.61351449276,6165.18815217391,1.25602225323201,,3,mean
mean_ensemble,HR,Deaths,2021-11-01,45.2539492753623,43.8847282608696,1.03120039860686,,3,mean
mean_ensemble,HU,Cases,2021-11-01,15471.0882246377,4376.6377173913,3.53492548929986,,3,mean
mean_ensemble,HU,Deaths,2021-11-01,146.330108695652,111.617880434783,1.31099164511686,,3,mean
mean_ensemble,IT,Cases,2021-11-01,5724.40811594203,6383.14059782609,0.896801194993511,,3,mean
mean_ensemble,IT,Deaths,2021-11-01,56.6499637681159,33.6591304347826,1.68304893906514,,3,mean
mean_ensemble,LT,Cases,2021-11-01,4962.39528985507,4422.7797826087,1.12200822418703,,3,mean
mean_ensemble,LT,Deaths,2021-11-01,13.6107246376812,35.0167391304348,0.388691950640584,,3,mean
mean_ensemble,LU,Deaths,2021-11-01,2.36177536231884,2.11559782608696,1.11636310701227,,3,mean
mean_ensemble,LV,Cases,2021-11-01,11363.9194202899,7945.8775,1.43016544368949,,3,mean
mean_ensemble,LV,Deaths,2021-11-01,115.861956521739,47.0701630434783,2.46147344794023,,3,mean
mean_ensemble,MT,Cases,2021-11-01,214.933876811594,186.816141304348,1.15051020383426,,3,mean
mean_ensemble,MT,Deaths,2021-11-01,0.842971014492754,0.908478260869565,0.927893435431124,,3,mean
mean_ensemble,NO,Cases,2021-11-01,1361.42902173913,1742.0377173913,0.781515238245166,,3,mean
mean_ensemble,PT,Cases,2021-11-01,3931.67134057971,4793.35184782609,0.820234246389159,,3,mean
mean_ensemble,PT,Deaths,2021-11-01,18.9414130434783,24.4611413043478,0.774347067776087,,3,mean
mean_ensemble,RO,Cases,2021-11-01,25950.847826087,32361.7741304348,0.801898181524027,,3,mean
mean_ensemble,RO,Deaths,2021-11-01,832.509202898551,510.078260869565,1.6321205327969,,3,mean
mean_ensemble,SI,Cases,2021-11-01,4896.32619565217,4300.89652173913,1.13844315270163,,3,mean
mean_ensemble,SI,Deaths,2021-11-01,8.61141304347826,10.4708695652174,0.822416227214217,,3,mean
mean_ensemble,SK,Cases,2021-11-01,5931.64496376811,6407.1177173913,0.925789914498904,,3,mean
mean_ensemble,SK,Deaths,2021-11-01,134.222391304348,99.846847826087,1.34428271123928,,3,mean
mean_ensemble,AT,Cases,2021-11-08,21405.1464855073,9518.19635869565,2.24886582277239,,3,mean
mean_ensemble,AT,Deaths,2021-11-08,62.3581884057971,77.5829347826087,0.803761659449052,,3,mean
mean_ensemble,BE,Cases,2021-11-08,13235.7974275362,32186.9945652174,0.411215697716599,,3,mean
mean_ensemble,BE,Deaths,2021-11-08,37.6871376811594,42.6458695652174,0.883723044350762,,3,mean
mean_ensemble,BG,Cases,2021-11-08,3671.8331884058,4558.85586956522,0.80542866312551,,3,mean
mean_ensemble,BG,Deaths,2021-11-08,173.151376811594,123.091304347826,1.40669056785937,,3,mean
mean_ensemble,CY,Cases,2021-11-08,817.149311594203,643.555489130435,1.26974180998491,,3,mean
mean_ensemble,CY,Deaths,2021-11-08,2.7245652173913,2.31184782608696,1.17852273261554,,3,mean
mean_ensemble,EE,Cases,2021-11-08,9144.11057971015,7351.15766304348,1.24390075670399,,3,mean
mean_ensemble,EE,Deaths,2021-11-08,28.8542028985507,33.0575,0.872848911700846,,3,mean
mean_ensemble,ES,Cases,2021-11-08,13322.194384058,17423.8451086957,0.764595547133814,,3,mean
mean_ensemble,FI,Cases,2021-11-08,1029.63210144928,1699.23798913044,0.605937548498535,,3,mean
mean_ensemble,FI,Deaths,2021-11-08,12.411268115942,22.2915217391304,0.556770787619912,,3,mean
mean_ensemble,GR,Cases,2021-11-08,21314.1151449275,8173.84576086957,2.60759938081583,,3,mean
mean_ensemble,GR,Deaths,2021-11-08,60.4547463768117,36.0901086956522,1.67510568855933,,3,mean
mean_ensemble,HR,Cases,2021-11-08,12082.9451449275,9478.22059782609,1.2748115556309,,3,mean
mean_ensemble,HR,Deaths,2021-11-08,74.6448188405797,52.0608695652174,1.43379892544959,,3,mean
mean_ensemble,HU,Cases,2021-11-08,21107.961884058,11173.0757065217,1.88918095952194,,3,mean
mean_ensemble,HU,Deaths,2021-11-08,251.911050724637,246.375434782609,1.02246821379296,,3,mean
mean_ensemble,IT,Cases,2021-11-08,9115.04887681159,12224.2858695652,0.745650827710543,,3,mean
mean_ensemble,IT,Deaths,2021-11-08,40.5676811594203,46.9867391304348,0.863385753303816,,3,mean
mean_ensemble,LT,Cases,2021-11-08,2498.07112318841,2747.00135869565,0.909381102153716,,3,mean
mean_ensemble,LT,Deaths,2021-11-08,47.7102536231884,35.0686956521739,1.36047984494202,,3,mean
mean_ensemble,LU,Deaths,2021-11-08,2.53992753623188,1.99673913043478,1.27203774269643,,3,mean
mean_ensemble,LV,Cases,2021-11-08,3840.52445652174,3883.58163043478,0.988913024622526,,3,mean
mean_ensemble,LV,Deaths,2021-11-08,30.0047826086957,38.5411956521739,0.778511981815054,,3,mean
mean_ensemble,MT,Cases,2021-11-08,97.0476811594203,111.857391304348,0.867601863656623,,3,mean
mean_ensemble,MT,Deaths,2021-11-08,0.978188405797102,0.963152173913043,1.01561148102171,,3,mean
mean_ensemble,NO,Cases,2021-11-08,1225.62079710145,2331.14891304348,0.525758260334094,,3,mean
mean_ensemble,PT,Cases,2021-11-08,5467.10010869565,5851.62576086957,0.934287381338486,,3,mean
mean_ensemble,PT,Deaths,2021-11-08,25.0359420289855,22.0920652173913,1.1332549393923,,3,mean
mean_ensemble,RO,Cases,2021-11-08,6106.92148550725,5871.8752173913,1.0400291660524,,3,mean
mean_ensemble,RO,Deaths,2021-11-08,479.041050724638,590.696956521739,0.810975992741564,,3,mean
mean_ensemble,SI,Cases,2021-11-08,10208.8818478261,6044.06815217391,1.68907457540071,,3,mean
mean_ensemble,SI,Deaths,2021-11-08,10.7033695652174,14.519347826087,0.737179775112668,,3,mean
mean_ensemble,SK,Cases,2021-11-08,7485.43757246377,5982.43157608696,1.25123663802268,,3,mean
mean_ensemble,SK,Deaths,2021-11-08,71.2932246376811,32.8745652173913,2.16864387912773,,3,mean
mean_ensemble,AT,Cases,2021-11-15,55032.1989855073,50932.4777717391,1.08049326074694,,3,mean
mean_ensemble,AT,Deaths,2021-11-15,72.384963768116,57.6082608695652,1.2565031937348,,3,mean
mean_ensemble,BE,Cases,2021-11-15,12185.2384782609,6018.26842391304,2.02470837456234,,3,mean
mean_ensemble,BE,Deaths,2021-11-15,25.4567028985507,41.5627173913043,0.612488896211505,,3,mean
mean_ensemble,BG,Cases,2021-11-15,1212.61554347826,1446.25842391304,0.838450116126115,,3,mean
mean_ensemble,BG,Deaths,2021-11-15,155.466268115942,166.81097826087,0.931990626377205,,3,mean
mean_ensemble,CY,Cases,2021-11-15,598.732028985507,917.3725,0.652659665496303,,3,mean
mean_ensemble,CY,Deaths,2021-11-15,2.35217391304348,2.365,0.994576707417961,,3,mean
mean_ensemble,EE,Cases,2021-11-15,2001.59905797102,2229.32961956522,0.897847963084698,,3,mean
mean_ensemble,EE,Deaths,2021-11-15,9.31347826086956,20.2597826086957,0.459702773753957,,3,mean
mean_ensemble,ES,Cases,2021-11-15,8907.3356884058,8110.29532608696,1.09827513429198,,3,mean
mean_ensemble,FI,Cases,2021-11-15,1062.85956521739,2862.02798913044,0.371365887843857,,3,mean
mean_ensemble,FI,Deaths,2021-11-15,9.02833333333333,16,0.564270833333333,,3,mean
mean_ensemble,GR,Cases,2021-11-15,17141.2156521739,14203.3423369565,1.20684380095333,,3,mean
mean_ensemble,GR,Deaths,2021-11-15,63.0728260869565,48.5703260869565,1.29858765975826,,3,mean
mean_ensemble,HR,Cases,2021-11-15,22605.067826087,17752.2575543478,1.27336299379853,,3,mean
mean_ensemble,HR,Deaths,2021-11-15,269.446413043478,150.084565217391,1.79529728891973,,3,mean
mean_ensemble,HU,Cases,2021-11-15,61637.7565217392,49707.3232608696,1.2400135931331,,3,mean
mean_ensemble,HU,Deaths,2021-11-15,848.561884057971,687.258043478261,1.23470636991506,,3,mean
mean_ensemble,IT,Cases,2021-11-15,7951.1152536232,9576.98456521739,0.830231603640755,,3,mean
mean_ensemble,IT,Deaths,2021-11-15,125.713224637681,42.2655434782609,2.97436668955508,,3,mean
mean_ensemble,LT,Cases,2021-11-15,1183.64438405797,1255.04369565217,0.943110099001691,,3,mean
mean_ensemble,LT,Deaths,2021-11-15,8.35931159420291,16.1970652173913,0.516100384977598,,3,mean
mean_ensemble,LU,Deaths,2021-11-15,2.02539855072464,1.98380434782609,1.02096688765912,,3,mean
mean_ensemble,LV,Cases,2021-11-15,1974.91014492754,1242.72527173913,1.58917677932448,,3,mean
mean_ensemble,LV,Deaths,2021-11-15,20.1048550724638,63.2253260869565,0.317987368618909,,3,mean
mean_ensemble,MT,Cases,2021-11-15,72.3036594202899,104.553913043478,0.691544269512158,,3,mean
mean_ensemble,MT,Deaths,2021-11-15,1.13786231884058,0.998369565217391,1.13972055888224,,3,mean
mean_ensemble,NO,Cases,2021-11-15,1909.76144927536,3962.82793478261,0.481918841974684,,3,mean
mean_ensemble,PT,Cases,2021-11-15,2777.56804347826,2895.45619565217,0.959285119784946,,3,mean
mean_ensemble,PT,Deaths,2021-11-15,20.7195289855072,19.7083695652174,1.05130609190901,,3,mean
mean_ensemble,RO,Cases,2021-11-15,1445.68913043478,2276.93869565217,0.634926681686833,,3,mean
mean_ensemble,RO,Deaths,2021-11-15,556.710652173913,141.287282608696,3.94027432543776,,3,mean
mean_ensemble,SI,Cases,2021-11-15,12037.8019927536,8988.87277173913,1.33918927305327,,3,mean
mean_ensemble,SI,Deaths,2021-11-15,30.3155797101449,19.835,1.52838818805873,,3,mean
mean_ensemble,SK,Cases,2021-11-15,10749.2899637681,9534.10222826087,1.12745696515664,,3,mean
mean_ensemble,SK,Deaths,2021-11-15,46.2720652173913,47.6454347826087,0.97117521182284,,3,mean
mean_ensemble,AT,Cases,2021-11-22,59023.6352536232,69380.9273913044,0.850718453512928,,3,mean
mean_ensemble,AT,Deaths,2021-11-22,192.625217391304,78.863097826087,2.44252664048389,,3,mean
mean_ensemble,BE,Cases,2021-11-22,27033.8932971014,16637.1930978261,1.62490710651389,,3,mean
mean_ensemble,BE,Deaths,2021-11-22,49.1874275362319,30.675597826087,1.60347087007387,,3,mean
mean_ensemble,BG,Cases,2021-11-22,1316.75981884058,1331.46543478261,0.988955315280542,,3,mean
mean_ensemble,BG,Deaths,2021-11-22,94.1847101449276,42.5438586956522,2.21382622621753,,3,mean
mean_ensemble,CY,Cases,2021-11-22,1873.13481884058,507.331304347826,3.6921333313908,,3,mean
mean_ensemble,CY,Deaths,2021-11-22,2.3968115942029,2.13135869565217,1.12454632769802,,3,mean
mean_ensemble,EE,Cases,2021-11-22,527.246268115942,763.386413043478,0.690667608313737,,3,mean
mean_ensemble,EE,Deaths,2021-11-22,7.825,7.13684782608696,1.09642242495317,,3,mean
mean_ensemble,ES,Cases,2021-11-22,12089.3152173913,15302.4295652174,0.790025869151554,,3,mean
mean_ensemble,FI,Cases,2021-11-22,783.81347826087,931.810652173913,0.841172481160453,,3,mean
mean_ensemble,FI,Deaths,2021-11-22,10.1609782608696,13.9799456521739,0.726825304881605,,3,mean
mean_ensemble,GR,Cases,2021-11-22,10262.0983333333,4413.085,2.3253797135866,,3,mean
mean_ensemble,GR,Deaths,2021-11-22,81.3771739130434,44.5947282608696,1.82481600598628,,3,mean
mean_ensemble,HR,Cases,2021-11-22,5215.82166666667,1972.43891304348,2.64435143323077,,3,mean
mean_ensemble,HR,Deaths,2021-11-22,48.4838405797102,43.7302173913043,1.10870339714687,,3,mean
mean_ensemble,HU,Cases,2021-11-22,38705.7369927536,33717.5429891304,1.14794061374019,,3,mean
mean_ensemble,HU,Deaths,2021-11-22,546.511521739131,508.94597826087,1.07381047317954,,3,mean
mean_ensemble,IT,Cases,2021-11-22,11368.9874637681,18925.4659782609,0.600724308549514,,3,mean
mean_ensemble,IT,Deaths,2021-11-22,83.1289855072464,42.0610326086957,1.97638955468869,,3,mean
mean_ensemble,LT,Cases,2021-11-22,2571.80438405797,2066.64576086957,1.24443406448905,,3,mean
mean_ensemble,LT,Deaths,2021-11-22,8.35934782608697,9.8775,0.84630198188681,,3,mean
mean_ensemble,LU,Deaths,2021-11-22,2.00605072463768,1.98347826086957,1.01138024258366,,3,mean
mean_ensemble,LV,Cases,2021-11-22,1099.41047101449,1391.42179347826,0.790134577572052,,3,mean
mean_ensemble,LV,Deaths,2021-11-22,26.8946376811594,25.9954891304348,1.03458863752142,,3,mean
mean_ensemble,MT,Cases,2021-11-22,137.074239130435,117.978695652174,1.16185586196476,,3,mean
mean_ensemble,MT,Deaths,2021-11-22,1.12481884057971,1.21782608695652,0.923628466024039,,3,mean
mean_ensemble,NO,Cases,2021-11-22,3823.90394927536,4476.65951086957,0.854186908785607,,3,mean
mean_ensemble,PT,Cases,2021-11-22,2340.84981884058,1879.11744565217,1.24571767680447,,3,mean
mean_ensemble,PT,Deaths,2021-11-22,19.9211956521739,11.5236956521739,1.72871587843574,,3,mean
mean_ensemble,RO,Cases,2021-11-22,1503.5463768116,1560.81168478261,0.963310559160128,,3,mean
mean_ensemble,RO,Deaths,2021-11-22,381.535615942029,144.039239130435,2.64883109800746,,3,mean
mean_ensemble,SI,Cases,2021-11-22,8493.97246376812,6191.02532608696,1.37198154043682,,3,mean
mean_ensemble,SI,Deaths,2021-11-22,25.985,25.9060869565217,1.0030461197637,,3,mean
mean_ensemble,SK,Cases,2021-11-22,28985.2147826087,24637.5902717391,1.17646305758468,,3,mean
mean_ensemble,SK,Deaths,2021-11-22,48.8358333333334,32.4444565217391,1.50521348078712,,3,mean
mean_ensemble,AT,Cases,2021-11-29,47956.9330797102,17893.0683695652,2.68019615692529,,3,mean
mean_ensemble,AT,Deaths,2021-11-29,73.7942028985507,83.0380434782609,0.888679451098458,,3,mean
mean_ensemble,BE,Cases,2021-11-29,64055.2922463768,20871.8779347826,3.06897598991942,,3,mean
mean_ensemble,BE,Deaths,2021-11-29,92.299384057971,51.0685326086957,1.80736315188846,,3,mean
mean_ensemble,BG,Cases,2021-11-29,951.953731884058,925.266739130435,1.02884248576654,,3,mean
mean_ensemble,BG,Deaths,2021-11-29,42.3803260869565,39.5815217391304,1.07070987230537,,3,mean
mean_ensemble,CY,Cases,2021-11-29,683.069275362318,775.803695652174,0.880466642773725,,3,mean
mean_ensemble,CY,Deaths,2021-11-29,3.19590579710145,1.70184782608696,1.87790338719636,,3,mean
mean_ensemble,EE,Cases,2021-11-29,827.915833333333,785.000434782609,1.05466926723755,,3,mean
mean_ensemble,EE,Deaths,2021-11-29,8.19666666666667,6.67521739130435,1.22792505264986,,3,mean
mean_ensemble,ES,Cases,2021-11-29,28482.1582608696,23483.2897826087,1.21286917312424,,3,mean
mean_ensemble,FI,Cases,2021-11-29,1384.58333333333,1997.1822826087,0.693268383857685,,3,mean
mean_ensemble,FI,Deaths,2021-11-29,8.55880434782608,5.98923913043478,1.42903032612838,,3,mean
mean_ensemble,GR,Cases,2021-11-29,2740.20923913044,3077.8127173913,0.890310584411708,,3,mean
mean_ensemble,GR,Deaths,2021-11-29,110.828115942029,51.3760869565218,2.15719262613013,,3,mean
mean_ensemble,HR,Cases,2021-11-29,4734.91532608695,3575.47586956522,1.32427556465728,,3,mean
mean_ensemble,HR,Deaths,2021-11-29,35.234963768116,35.0811956521739,1.00438320624721,,3,mean
mean_ensemble,HU,Cases,2021-11-29,36225.9293478261,23760.4729347826,1.52462997884169,,3,mean
mean_ensemble,HU,Deaths,2021-11-29,214.939202898551,222.750108695652,0.964934222286851,,3,mean
mean_ensemble,IT,Cases,2021-11-29,23815.1403985507,29912.8199456522,0.796151631368083,,3,mean
mean_ensemble,IT,Deaths,2021-11-29,40.7382971014493,61.1148913043478,0.666585446394324,,3,mean
mean_ensemble,LT,Cases,2021-11-29,2488.79873188406,1476.22369565217,1.68592249210886,,3,mean
mean_ensemble,LT,Deaths,2021-11-29,21.518115942029,14.195652173913,1.51582440020418,,3,mean
mean_ensemble,LU,Deaths,2021-11-29,1.94873188405797,2.04826086956522,0.9514080520767,,3,mean
mean_ensemble,LV,Cases,2021-11-29,1164.82126811594,877.526195652174,1.32739201848015,,3,mean
mean_ensemble,LV,Deaths,2021-11-29,15.0518115942029,16.5153260869565,0.911384462828775,,3,mean
mean_ensemble,MT,Cases,2021-11-29,454.186195652174,669.670163043478,0.678223729706002,,3,mean
mean_ensemble,MT,Deaths,2021-11-29,1.93177536231884,2.14472826086957,0.900708680705133,,3,mean
mean_ensemble,NO,Cases,2021-11-29,2703.23097826087,2807.04630434783,0.96301616901504,,3,mean
mean_ensemble,PT,Cases,2021-11-29,3823.15876811594,4132.38043478261,0.925171055388821,,3,mean
mean_ensemble,PT,Deaths,2021-11-29,43.0419927536232,37.171847826087,1.15791910466761,,3,mean
mean_ensemble,RO,Cases,2021-11-29,729.138514492754,879.955,0.828608865786039,,3,mean
mean_ensemble,RO,Deaths,2021-11-29,80.3427536231885,80.9910869565218,0.991995003923317,,3,mean
mean_ensemble,SI,Cases,2021-11-29,772.068550724637,821.322880434783,0.9400304911948,,3,mean
mean_ensemble,SI,Deaths,2021-11-29,10.8708333333333,20.1565217391304,0.539320894449237,,3,mean
mean_ensemble,SK,Cases,2021-11-29,42821.0436231884,30036.3383695652,1.42564127145996,,3,mean
mean_ensemble,SK,Deaths,2021-11-29,98.0947463768116,60.5783695652174,1.61930317835981,,3,mean
mean_ensemble,AT,Cases,2021-12-06,24096.2114492754,25848.6109782609,0.932205272830354,,3,mean
mean_ensemble,AT,Deaths,2021-12-06,71.7844927536232,76.3744565217392,0.939901847068339,,3,mean
mean_ensemble,BE,Cases,2021-12-06,55721.535942029,37987.4592391304,1.4668402956687,,3,mean
mean_ensemble,BE,Deaths,2021-12-06,121.189057971015,83.02,1.45975738341381,,3,mean
mean_ensemble,BG,Cases,2021-12-06,2004.40278985507,1786.50239130435,1.12197039288127,,3,mean
mean_ensemble,BG,Deaths,2021-12-06,26.8995289855073,35.9755434782609,0.747717098471688,,3,mean
mean_ensemble,CY,Cases,2021-12-06,2187.78735507246,2488.97065217391,0.878992829088446,,3,mean
mean_ensemble,CY,Deaths,2021-12-06,1.8331884057971,2.28521739130435,0.802194317605277,,3,mean
mean_ensemble,EE,Cases,2021-12-06,1496.51018115942,1467.77152173913,1.01957979085617,,3,mean
mean_ensemble,EE,Deaths,2021-12-06,3.61670289855073,6.06619565217391,0.596206107736507,,3,mean
mean_ensemble,ES,Cases,2021-12-06,108412.896630435,88452.1731521739,1.22566685211815,,3,mean
mean_ensemble,FI,Cases,2021-12-06,6396.12282608696,7921.40641304348,0.807447881421035,,3,mean
mean_ensemble,FI,Deaths,2021-12-06,18.4105434782609,9.34108695652174,1.97092089646024,,3,mean
mean_ensemble,GR,Cases,2021-12-06,34200.974384058,35154.1331521739,0.972886295788039,,3,mean
mean_ensemble,GR,Deaths,2021-12-06,30.2076449275363,34.9814130434783,0.86353415426619,,3,mean
mean_ensemble,HR,Cases,2021-12-06,2621.52652173913,2248.99239130435,1.1656449047472,,3,mean
mean_ensemble,HR,Deaths,2021-12-06,15.2225362318841,21.518152173913,0.707427668921251,,3,mean
mean_ensemble,HU,Cases,2021-12-06,24449.9787318841,17360.0758695652,1.40840275789051,,3,mean
mean_ensemble,HU,Deaths,2021-12-06,74.1871739130434,85.1761956521739,0.870984825572566,,3,mean
mean_ensemble,IT,Cases,2021-12-06,99173.8547463769,127848.754347826,0.775712327056108,,3,mean
mean_ensemble,IT,Deaths,2021-12-06,57.9519927536231,51.7230434782609,1.12042890086273,,3,mean
mean_ensemble,LT,Cases,2021-12-06,1562.35586956522,997.40597826087,1.56641919500966,,3,mean
mean_ensemble,LT,Deaths,2021-12-06,21.549963768116,17.0038043478261,1.26736131087459,,3,mean
mean_ensemble,LU,Deaths,2021-12-06,8.48391304347826,3.23858695652174,2.61963416680651,,3,mean
mean_ensemble,LV,Cases,2021-12-06,1681.28858695652,1018.72739130435,1.65038125145909,,3,mean
mean_ensemble,LV,Deaths,2021-12-06,11.5136956521739,10.5504347826087,1.09130058518091,,3,mean
mean_ensemble,MT,Cases,2021-12-06,1662.75333333333,2173.11027173913,0.765149083761239,,3,mean
mean_ensemble,MT,Deaths,2021-12-06,0.771521739130435,0.800163043478261,0.964205664606398,,3,mean
mean_ensemble,NO,Cases,2021-12-06,6090.38807971014,4613.20934782609,1.3202063076934,,3,mean
mean_ensemble,PT,Cases,2021-12-06,16925.7033695652,25814.9215217391,0.655655813453155,,3,mean
mean_ensemble,PT,Deaths,2021-12-06,24.5803623188406,23.1160869565217,1.06334443044244,,3,mean
mean_ensemble,RO,Cases,2021-12-06,720.701956521739,1377.70065217391,0.52311941304849,,3,mean
mean_ensemble,RO,Deaths,2021-12-06,59.5846739130435,65.0569565217391,0.915884743134778,,3,mean
mean_ensemble,SI,Cases,2021-12-06,1467.17166666667,1314.03733695652,1.11653727440106,,3,mean
mean_ensemble,SI,Deaths,2021-12-06,19.6160869565217,8.07347826086956,2.42969465237762,,3,mean
mean_ensemble,SK,Cases,2021-12-06,29732.845615942,25027.2205434783,1.18802028232775,,3,mean
mean_ensemble,SK,Deaths,2021-12-06,118.936630434783,117.639945652174,1.01102248709331,,3,mean
mean_ensemble,AT,Cases,2021-12-13,13440.2992028986,14024.970923913,0.958312090329,,3,mean
mean_ensemble,AT,Deaths,2021-12-13,35.4371014492754,25.7005434782609,1.37884638428951,,3,mean
mean_ensemble,BE,Cases,2021-12-13,22839.1941304348,20882.8108152174,1.09368390742647,,3,mean
mean_ensemble,BE,Deaths,2021-12-13,66.4154710144928,45.3110869565217,1.46576644868885,,3,mean
mean_ensemble,BG,Cases,2021-12-13,5896.25721014493,6107.29885869565,0.965444355445249,,3,mean
mean_ensemble,BG,Deaths,2021-12-13,50.1242391304348,45.0336956521739,1.11303854601627,,3,mean
mean_ensemble,CY,Cases,2021-12-13,7676.12373188406,9095.99755434783,0.843901252833442,,3,mean
mean_ensemble,CY,Deaths,2021-12-13,1.75554347826087,2.1304347826087,0.824030612244898,,3,mean
mean_ensemble,EE,Cases,2021-12-13,2902.49916666667,2480.45760869565,1.17014665217074,,3,mean
mean_ensemble,EE,Deaths,2021-12-13,5.03858695652174,4.40407608695652,1.14407354846671,,3,mean
mean_ensemble,ES,Cases,2021-12-13,296511.757608696,297566.470543478,0.996455538378177,,3,mean
mean_ensemble,FI,Cases,2021-12-13,16130.0561594203,17070.7173369565,0.944896212679956,,3,mean
mean_ensemble,FI,Deaths,2021-12-13,11.9948550724638,10.3038043478261,1.16411906394501,,3,mean
mean_ensemble,GR,Cases,2021-12-13,89892.2035869565,89157.691576087,1.00823834711156,,3,mean
mean_ensemble,GR,Deaths,2021-12-13,27.4588043478261,28.2959239130435,0.970415542260081,,3,mean
mean_ensemble,HR,Cases,2021-12-13,8000.15278985507,7337.04918478261,1.09037742399871,,3,mean
mean_ensemble,HR,Deaths,2021-12-13,27.1393115942029,17.7773913043478,1.52661946455358,,3,mean
mean_ensemble,HU,Cases,2021-12-13,5671.51405797101,4196.61673913044,1.35144913403414,,3,mean
mean_ensemble,HU,Deaths,2021-12-13,116.448913043478,79.6625,1.46177829020528,,3,mean
mean_ensemble,IT,Cases,2021-12-13,301215.717753623,351567.538315217,0.856779096264432,,3,mean
mean_ensemble,IT,Deaths,2021-12-13,142.393514492754,84.7094565217391,1.68096361775395,,3,mean
mean_ensemble,LT,Cases,2021-12-13,2016.08173913044,2584.04945652174,0.780202458603166,,3,mean
mean_ensemble,LT,Deaths,2021-12-13,31.731847826087,22.6565760869565,1.40055795298898,,3,mean
mean_ensemble,LU,Deaths,2021-12-13,2.2472463768116,2.84646739130435,0.789486077963406,,3,mean
mean_ensemble,LV,Cases,2021-12-13,1843.93684782609,1814.11565217391,1.01643842034902,,3,mean
mean_ensemble,LV,Deaths,2021-12-13,9.29315217391305,9.65097826086956,0.962923335097817,,3,mean
mean_ensemble,MT,Cases,2021-12-13,4073.5406884058,3904.55010869565,1.04328042284149,,3,mean
mean_ensemble,MT,Deaths,2021-12-13,1.79054347826087,1.56385869565217,1.14495221546481,,3,mean
mean_ensemble,NO,Cases,2021-12-13,14535.7604710145,8229.89364130435,1.76621486310128,,3,mean
mean_ensemble,PT,Cases,2021-12-13,55165.0788768116,69711.5260869565,0.791333685737994,,3,mean
mean_ensemble,PT,Deaths,2021-12-13,43.1993115942029,32.4411413043478,1.33162120250107,,3,mean
mean_ensemble,RO,Cases,2021-12-13,5585.30028985507,7131.60010869565,0.783176314533515,,3,mean
mean_ensemble,RO,Deaths,2021-12-13,60.610652173913,57.5959782608696,1.05234174336599,,3,mean
mean_ensemble,SI,Cases,2021-12-13,4515.57764492754,4668.66239130435,0.967210148529493,,3,mean
mean_ensemble,SI,Deaths,2021-12-13,7.67235507246377,7.57652173913044,1.0126487241287,,3,mean
mean_ensemble,SK,Cases,2021-12-13,8687.55134057971,3069.97282608696,2.82984633178432,,3,mean
mean_ensemble,SK,Deaths,2021-12-13,112.325652173913,52.2241304347826,2.15083815161241,,3,mean
mean_ensemble,AT,Cases,2021-12-20,23693.3996376812,25915.8101086957,0.914244993241836,,3,mean
mean_ensemble,AT,Deaths,2021-12-20,9.40358695652174,20.969347826087,0.448444416798847,,3,mean
mean_ensemble,BE,Cases,2021-12-20,59044.9886956522,59811.5552173913,0.987183638362972,,3,mean
mean_ensemble,BE,Deaths,2021-12-20,114.437717391304,58.0390217391305,1.97173753040964,,3,mean
mean_ensemble,BG,Cases,2021-12-20,12628.874673913,13145.8744565217,0.96067208885049,,3,mean
mean_ensemble,BG,Deaths,2021-12-20,79.906847826087,81.3691304347826,0.98202902500147,,3,mean
mean_ensemble,CY,Cases,2021-12-20,14615.2330072464,15055.3545652174,0.970766443522504,,3,mean
mean_ensemble,CY,Deaths,2021-12-20,2.70449275362319,1.86119565217391,1.45309427865055,,3,mean
mean_ensemble,EE,Cases,2021-12-20,2482.70061594203,3697.81554347826,0.671396554736405,,3,mean
mean_ensemble,EE,Deaths,2021-12-20,4.19942028985507,3.4095652173913,1.23165859049562,,3,mean
mean_ensemble,ES,Cases,2021-12-20,221907.721521739,289758.254891304,0.765837444751944,,3,mean
mean_ensemble,FI,Cases,2021-12-20,25647.8694927536,26263.3633695652,0.976564544755725,,3,mean
mean_ensemble,FI,Deaths,2021-12-20,14.6595289855072,13.7089130434783,1.06934291136096,,3,mean
mean_ensemble,GR,Cases,2021-12-20,125221.477028986,123459.00576087,1.01427576106947,,3,mean
mean_ensemble,GR,Deaths,2021-12-20,35.0786594202899,31.4867391304348,1.11407723978579,,3,mean
mean_ensemble,HR,Cases,2021-12-20,17075.3869202899,14771.2223913043,1.1559901048096,,3,mean
mean_ensemble,HR,Deaths,2021-12-20,27.0197463768116,18.6416304347826,1.4494304278448,,3,mean
mean_ensemble,HU,Cases,2021-12-20,11690.2097826087,11671.4380434783,1.00160834843663,,3,mean
mean_ensemble,HU,Deaths,2021-12-20,58.7732246376812,88.2913043478261,0.665673987623316,,3,mean
mean_ensemble,IT,Cases,2021-12-20,455975.960289855,493792.453804348,0.923416218244849,,3,mean
mean_ensemble,IT,Deaths,2021-12-20,85.6323913043478,93.4494565217391,0.916349805463311,,3,mean
mean_ensemble,LT,Cases,2021-12-20,5753.2509057971,5558.86119565217,1.03496934053633,,3,mean
mean_ensemble,LT,Deaths,2021-12-20,12.6261231884058,11.5708695652174,1.09119916331617,,3,mean
mean_ensemble,LU,Deaths,2021-12-20,2.02981884057971,1.67065217391304,1.21498590327478,,3,mean
mean_ensemble,LV,Cases,2021-12-20,2886.87094202899,2296.20945652174,1.25723327801375,,3,mean
mean_ensemble,LV,Deaths,2021-12-20,8.09394927536232,9.6725,0.836800131854466,,3,mean
mean_ensemble,MT,Cases,2021-12-20,2795.07847826087,3627.0877173913,0.77061231931583,,3,mean
mean_ensemble,MT,Deaths,2021-12-20,4.79007246376812,4.0895652173913,1.17129137430009,,3,mean
mean_ensemble,NO,Cases,2021-12-20,8555.5252173913,11244.2039130435,0.760883143311439,,3,mean
mean_ensemble,PT,Cases,2021-12-20,121478.313731884,119013.972608696,1.02070631766314,,3,mean
mean_ensemble,PT,Deaths,2021-12-20,15.5338768115942,15.6476086956522,0.992731676368569,,3,mean
mean_ensemble,RO,Cases,2021-12-20,17576.0617753623,18707.4048913044,0.939524315504183,,3,mean
mean_ensemble,RO,Deaths,2021-12-20,119.582717391304,43.7870652173913,2.73100553320044,,3,mean
mean_ensemble,SI,Cases,2021-12-20,11604.5322463768,12427.27625,0.933795307429238,,3,mean
mean_ensemble,SI,Deaths,2021-12-20,5.45916666666667,7.2295652173913,0.755116871141047,,3,mean
mean_ensemble,SK,Cases,2021-12-20,2925.87949275362,1906.61380434783,1.53459472814131,,3,mean
mean_ensemble,SK,Deaths,2021-12-20,203.565869565217,163.3675,1.24606099478303,,3,mean
mean_ensemble,AT,Cases,2021-12-27,63275.3578985507,63055.139076087,1.00349248016404,,3,mean
mean_ensemble,AT,Deaths,2021-12-27,11.7774637681159,10.1801630434783,1.15690325565669,,3,mean
mean_ensemble,BE,Cases,2021-12-27,127592.956231884,137933.056413043,0.92503537259266,,3,mean
mean_ensemble,BE,Deaths,2021-12-27,22.1370652173913,31.5385869565217,0.701904154675948,,3,mean
mean_ensemble,BG,Cases,2021-12-27,24304.634384058,24600.0530434783,0.987991137299657,,3,mean
mean_ensemble,BG,Deaths,2021-12-27,89.2689492753623,89.6329891304348,0.99593855054256,,3,mean
mean_ensemble,CY,Cases,2021-12-27,15432.3575724638,14773.4282608696,1.04460232926026,,3,mean
mean_ensemble,CY,Deaths,2021-12-27,5.46920289855073,5.4820652173913,0.997653745745349,,3,mean
mean_ensemble,EE,Cases,2021-12-27,5961.55833333333,6625.315,0.899815077974909,,3,mean
mean_ensemble,EE,Deaths,2021-12-27,4.84753623188406,5.00961956521739,0.967645580423171,,3,mean
mean_ensemble,ES,Cases,2021-12-27,131575.10307971,309590.511684783,0.424997207968946,,3,mean
mean_ensemble,FI,Cases,2021-12-27,17418.5589855072,23131.5205434783,0.753022653775273,,3,mean
mean_ensemble,FI,Deaths,2021-12-27,17.5007971014493,16.3586413043478,1.06981972254614,,3,mean
mean_ensemble,GR,Cases,2021-12-27,87159.3040942029,119129.847826087,0.731632799711483,,3,mean
mean_ensemble,GR,Deaths,2021-12-27,126.762862318841,36.7864130434783,3.445915266841,,3,mean
mean_ensemble,HR,Cases,2021-12-27,22562.7967028985,23859.4945108696,0.945652754404319,,3,mean
mean_ensemble,HR,Deaths,2021-12-27,23.1666304347826,19.8946739130435,1.16446394326644,,3,mean
mean_ensemble,HU,Cases,2021-12-27,35943.9368115942,32698.8973369565,1.09924002761311,,3,mean
mean_ensemble,HU,Deaths,2021-12-27,231.446557971014,246.205597826087,0.940054003705075,,3,mean
mean_ensemble,IT,Cases,2021-12-27,169516.03115942,286436.698206522,0.591809751406919,,3,mean
mean_ensemble,IT,Deaths,2021-12-27,482.209347826088,292.31222826087,1.64963795970844,,3,mean
mean_ensemble,LT,Cases,2021-12-27,16141.7637681159,15275.2686956522,1.05672535715921,,3,mean
mean_ensemble,LT,Deaths,2021-12-27,19.9309057971014,12.3252173913043,1.61708350971262,,3,mean
mean_ensemble,LU,Deaths,2021-12-27,1.66260869565217,1.71396739130435,0.970035196753021,,3,mean
mean_ensemble,LV,Cases,2021-12-27,7884.20123188406,8761.68565217391,0.899849817132833,,3,mean
mean_ensemble,LV,Deaths,2021-12-27,7.41050724637682,11.1448913043478,0.664924138244923,,3,mean
mean_ensemble,MT,Cases,2021-12-27,5838.67594202899,1596.63375,3.65686616735302,,3,mean
mean_ensemble,MT,Deaths,2021-12-27,6.57663043478261,6.98152173913044,0.942005293476569,,3,mean
mean_ensemble,NO,Cases,2021-12-27,35155.0999275362,35111.0413586957,1.00125483514973,,3,mean
mean_ensemble,PT,Cases,2021-12-27,62868.5396014493,92487.4363043478,0.679752214069035,,3,mean
mean_ensemble,PT,Deaths,2021-12-27,31.3502536231884,23.7675543478261,1.31903573941152,,3,mean
mean_ensemble,RO,Cases,2021-12-27,44411.4060869565,45110.9159782609,0.984493556024412,,3,mean
mean_ensemble,RO,Deaths,2021-12-27,67.1791304347827,38.4276630434783,1.74819713493308,,3,mean
mean_ensemble,SI,Cases,2021-12-27,25475.702826087,26201.7459782609,0.972290275893206,,3,mean
mean_ensemble,SI,Deaths,2021-12-27,4.40268115942029,7.76141304347826,0.567252526667134,,3,mean
mean_ensemble,SK,Cases,2021-12-27,12153.97,11601.9727173913,1.04757788145642,,3,mean
mean_ensemble,SK,Deaths,2021-12-27,41.4349637681159,63.5401086956522,0.652107222015992,,3,mean
mean_ensemble,AT,Cases,2022-01-03,79090.7651449276,102943.59423913,0.768292245180458,,3,mean
mean_ensemble,AT,Deaths,2022-01-03,45.0607971014493,14.5113586956522,3.10520868834634,,3,mean
mean_ensemble,BE,Cases,2022-01-03,161187.893695652,176637.112445652,0.912536960460371,,3,mean
mean_ensemble,BE,Deaths,2022-01-03,43.7294927536232,28.4030434782609,1.53960588016185,,3,mean
mean_ensemble,BG,Cases,2022-01-03,20518.4902536232,25712.8336956522,0.797986347848261,,3,mean
mean_ensemble,BG,Deaths,2022-01-03,69.1898188405798,59.7984782608696,1.15704982556146,,3,mean
mean_ensemble,CY,Cases,2022-01-03,21029.279673913,6367.26114130435,3.3027198362411,,3,mean
mean_ensemble,CY,Deaths,2022-01-03,4.70028985507246,6.15315217391304,0.763883245891407,,3,mean
mean_ensemble,EE,Cases,2022-01-03,10782.304057971,11887.1331521739,0.907056724269901,,3,mean
mean_ensemble,EE,Deaths,2022-01-03,11.7873913043478,4.56190217391304,2.58387638642347,,3,mean
mean_ensemble,ES,Cases,2022-01-03,806358.870615942,191780.842608696,4.20458508601516,,3,mean
mean_ensemble,FI,Cases,2022-01-03,12027.6156521739,11173.0282608696,1.07648664008998,,3,mean
mean_ensemble,FI,Deaths,2022-01-03,12.229347826087,14.7179347826087,0.830914663417156,,3,mean
mean_ensemble,GR,Cases,2022-01-03,621920.683949275,27907.0404891304,22.2854402705836,,3,mean
mean_ensemble,GR,Deaths,2022-01-03,945.351666666667,155.267173913043,6.08854816405756,,3,mean
mean_ensemble,HR,Cases,2022-01-03,19119.5971014493,21419.0021195652,0.892646491872955,,3,mean
mean_ensemble,HR,Deaths,2022-01-03,34.3016666666667,39.3953260869565,0.870703966022601,,3,mean
mean_ensemble,HU,Cases,2022-01-03,46852.0726449275,50019.316576087,0.936679584049463,,3,mean
mean_ensemble,HU,Deaths,2022-01-03,88.9865579710145,73.3816304347826,1.21265441287926,,3,mean
mean_ensemble,IT,Cases,2022-01-03,4091208.03057971,176567.861902174,23.1707400571369,,3,mean
mean_ensemble,IT,Deaths,2022-01-03,204.458405797101,486.706195652174,0.42008589087947,,3,mean
mean_ensemble,LT,Cases,2022-01-03,25500.0534782609,27079.2944021739,0.9416808687679,,3,mean
mean_ensemble,LT,Deaths,2022-01-03,15.8940579710145,18.3621739130435,0.865586942280524,,3,mean
mean_ensemble,LU,Deaths,2022-01-03,1.67311594202899,1.58923913043478,1.05277796776326,,3,mean
mean_ensemble,LV,Cases,2022-01-03,18610.1830797101,19058.7954347826,0.976461662721153,,3,mean
mean_ensemble,LV,Deaths,2022-01-03,7.5318115942029,6.56407608695652,1.14742905085597,,3,mean
mean_ensemble,MT,Cases,2022-01-03,21372.2513043478,12372.7920652174,1.72735880403501,,3,mean
mean_ensemble,MT,Deaths,2022-01-03,2.72561594202899,3.51559782608696,0.775292304996882,,3,mean
mean_ensemble,NO,Cases,2022-01-03,64131.4921014493,64051.6088043478,1.00124717081417,,3,mean
mean_ensemble,PT,Cases,2022-01-03,299241.843514493,41176.9970652174,7.26720899633707,,3,mean
mean_ensemble,PT,Deaths,2022-01-03,19.4627536231884,16.7098913043478,1.16474447790838,,3,mean
mean_ensemble,RO,Cases,2022-01-03,47749.0007608696,79023.4772826087,0.604238163174047,,3,mean
mean_ensemble,RO,Deaths,2022-01-03,76.7639855072464,46.9605434782609,1.63464857562354,,3,mean
mean_ensemble,SI,Cases,2022-01-03,40770.6027536232,40277.1581521739,1.01225122685133,,3,mean
mean_ensemble,SI,Deaths,2022-01-03,10.8798550724638,10.8342934782609,1.00420531290705,,3,mean
mean_ensemble,SK,Cases,2022-01-03,28323.9892028986,26654.0382065217,1.06265283269415,,3,mean
mean_ensemble,SK,Deaths,2022-01-03,66.4032246376812,56.3819565217391,1.17773892099821,,3,mean
mean_ensemble,AT,Cases,2022-01-10,83902.503731884,74043.9059239131,1.13314529649613,,3,mean
mean_ensemble,AT,Deaths,2022-01-10,68.1946014492753,14.5152173913044,4.69814537466926,,3,mean
mean_ensemble,BE,Cases,2022-01-10,120452.811014493,97649.1261956522,1.23352676779873,,3,mean
mean_ensemble,BE,Deaths,2022-01-10,39.4694202898551,58.1983695652174,0.678187732486654,,3,mean
mean_ensemble,BG,Cases,2022-01-10,16251.5714855072,6670.87054347826,2.43619950043784,,3,mean
mean_ensemble,BG,Deaths,2022-01-10,645.367137681159,81.6408152173913,7.90495704829368,,3,mean
mean_ensemble,CY,Cases,2022-01-10,91844.272210145,42850.3736956522,2.14337155756156,,3,mean
mean_ensemble,CY,Deaths,2022-01-10,9.01985507246377,6.7525,1.33578009218271,,3,mean
mean_ensemble,EE,Cases,2022-01-10,12269.4344202899,15099.66125,0.812563554714836,,3,mean
mean_ensemble,EE,Deaths,2022-01-10,3.16952898550725,2.71641304347826,1.16680671708482,,3,mean
mean_ensemble,ES,Cases,2022-01-10,446707.005724638,352984.678804348,1.2655138666011,,3,mean
mean_ensemble,FI,Cases,2022-01-10,51944.7614130435,28974.1013043478,1.79279974441342,,3,mean
mean_ensemble,FI,Deaths,2022-01-10,59.2666666666667,48.5013043478261,1.22196026402995,,3,mean
mean_ensemble,GR,Cases,2022-01-10,240707.969456522,203313.967445652,1.1839224450768,,3,mean
mean_ensemble,GR,Deaths,2022-01-10,90.3127536231884,139.544891304348,0.647194983485394,,3,mean
mean_ensemble,HR,Cases,2022-01-10,6794.79471014493,5377.94657608696,1.26345522663947,,3,mean
mean_ensemble,HR,Deaths,2022-01-10,33.7434420289855,57.1705434782609,0.590224265435162,,3,mean
mean_ensemble,HU,Cases,2022-01-10,26634.2480434783,42571.3501630435,0.625637851312493,,3,mean
mean_ensemble,HU,Deaths,2022-01-10,74.3202173913043,63.0509782608696,1.17873218530899,,3,mean
mean_ensemble,IT,Cases,2022-01-10,1446604.75188406,915476.392663044,1.58016609000261,,3,mean
mean_ensemble,IT,Deaths,2022-01-10,448.754384057972,243.723043478261,1.84124725201866,,3,mean
mean_ensemble,LT,Cases,2022-01-10,25191.8696014493,27839.0016304348,0.904912824672148,,3,mean
mean_ensemble,LT,Deaths,2022-01-10,28.4422101449275,13.5058695652174,2.1059147659901,,3,mean
mean_ensemble,LU,Deaths,2022-01-10,1.88184782608696,1.71902173913043,1.09472020233955,,3,mean
mean_ensemble,LV,Cases,2022-01-10,19897.5596376812,23395.5329347826,0.850485419295538,,3,mean
mean_ensemble,LV,Deaths,2022-01-10,28.4193115942029,16.9322826086957,1.67840994926508,,3,mean
mean_ensemble,MT,Cases,2022-01-10,17584.1718478261,10996.3292934783,1.59909469592321,,3,mean
mean_ensemble,MT,Deaths,2022-01-10,3.90971014492754,2.08467391304348,1.87545405565115,,3,mean
mean_ensemble,NO,Cases,2022-01-10,56521.8017391304,50907.7739673913,1.11027839825279,,3,mean
mean_ensemble,PT,Cases,2022-01-10,60724.7826086956,165273.65826087,0.367419607260384,,3,mean
mean_ensemble,PT,Deaths,2022-01-10,178.380108695652,143.645,1.24181216676983,,3,mean
mean_ensemble,RO,Cases,2022-01-10,72338.6169927537,15313.7945652174,4.7237552185177,,3,mean
mean_ensemble,RO,Deaths,2022-01-10,304.493550724638,108.824130434783,2.79803339119827,,3,mean
mean_ensemble,SI,Cases,2022-01-10,22977.2122463768,41912.1390217391,0.54822332581162,,3,mean
mean_ensemble,SI,Deaths,2022-01-10,15.8659057971014,13.765597826087,1.15257658966574,,3,mean
mean_ensemble,SK,Cases,2022-01-10,56342.0771014493,54037.7963043478,1.04264202011724,,3,mean
mean_ensemble,SK,Deaths,2022-01-10,62.4746376811594,57.4613043478261,1.08724712030528,,3,mean
mean_ensemble,AT,Cases,2022-01-17,159597.742463768,38825.4961956522,4.11064269879545,,3,mean
mean_ensemble,AT,Deaths,2022-01-17,139.557608695652,7.89184782608696,17.6837683355141,,3,mean
mean_ensemble,BE,Cases,2022-01-17,79970.2510144927,54078.6880434783,1.47877572307594,,3,mean
mean_ensemble,BE,Deaths,2022-01-17,55.8475362318841,57.305,0.974566551468181,,3,mean
mean_ensemble,BG,Cases,2022-01-17,34641.5388405797,14749.3858695652,2.34867669385891,,3,mean
mean_ensemble,BG,Deaths,2022-01-17,256.399202898551,92.7817391304348,2.76346623054887,,3,mean
mean_ensemble,CY,Cases,2022-01-17,9685.78949275363,8595.42684782609,1.12685381008196,,3,mean
mean_ensemble,CY,Deaths,2022-01-17,11.2300362318841,9.85086956521739,1.14000456076856,,3,mean
mean_ensemble,EE,Cases,2022-01-17,8077.45963768116,8637.55989130435,0.935155268308234,,3,mean
mean_ensemble,EE,Deaths,2022-01-17,5.12210144927536,5.65152173913044,0.90632252439384,,3,mean
mean_ensemble,ES,Cases,2022-01-17,270566.412826087,344190.808913044,0.786094241390516,,3,mean
mean_ensemble,FI,Cases,2022-01-17,66498.2627173913,36229.8264130435,1.83545628839808,,3,mean
mean_ensemble,FI,Deaths,2022-01-17,28.0217391304348,42.1216304347826,0.665257703493248,,3,mean
mean_ensemble,GR,Cases,2022-01-17,33576.1306884058,25316.0588043478,1.32627795455426,,3,mean
mean_ensemble,GR,Deaths,2022-01-17,36.2487318840579,46.6801086956522,0.776534864569289,,3,mean
mean_ensemble,HR,Cases,2022-01-17,18443.3007971014,22728.2060869565,0.811471909685202,,3,mean
mean_ensemble,HR,Deaths,2022-01-17,59.8967753623189,58.6563043478261,1.02114812769548,,3,mean
mean_ensemble,HU,Cases,2022-01-17,10492.2433695652,15419.092826087,0.680470860893567,,3,mean
mean_ensemble,HU,Deaths,2022-01-17,69.6346014492754,137.8625,0.505101832980509,,3,mean
mean_ensemble,IT,Cases,2022-01-17,498889.863731884,521685.415869565,0.95630402644152,,3,mean
mean_ensemble,IT,Deaths,2022-01-17,823.572101449276,978.292065217391,0.841846858142783,,3,mean
mean_ensemble,LT,Cases,2022-01-17,16036.8525,17420.5547826087,0.920570710871386,,3,mean
mean_ensemble,LT,Deaths,2022-01-17,9.50416666666666,13.3563043478261,0.711586560111113,,3,mean
mean_ensemble,LU,Deaths,2022-01-17,2.4893115942029,3.37913043478261,0.736672242237091,,3,mean
mean_ensemble,LV,Cases,2022-01-17,13312.0605072464,13391.2479347826,0.994086628227489,,3,mean
mean_ensemble,LV,Deaths,2022-01-17,35.6069202898551,16.0148913043478,2.22336321946739,,3,mean
mean_ensemble,MT,Cases,2022-01-17,1297.53311594203,1415.8152173913,0.916456540375929,,3,mean
mean_ensemble,MT,Deaths,2022-01-17,3.37630434782609,2.65565217391304,1.27136542239686,,3,mean
mean_ensemble,NO,Cases,2022-01-17,26821.4238405797,20356.5036956522,1.31758499600835,,3,mean
mean_ensemble,PT,Cases,2022-01-17,38633.1680797102,48783.8082608696,0.791926039745006,,3,mean
mean_ensemble,PT,Deaths,2022-01-17,17.2961231884058,23.4513043478261,0.737533526147305,,3,mean
mean_ensemble,RO,Cases,2022-01-17,196978.605724638,59000.1938043478,3.33860946928147,,3,mean
mean_ensemble,RO,Deaths,2022-01-17,1017.69876811594,84.1405434782609,12.0952245617344,,3,mean
mean_ensemble,SI,Cases,2022-01-17,41063.523768116,14985.9320108696,2.74013813343954,,3,mean
mean_ensemble,SI,Deaths,2022-01-17,15.0528985507246,26.2125,0.57426413164424,,3,mean
mean_ensemble,SK,Cases,2022-01-17,86700.7193115942,86366.2373913044,1.00387283191202,,3,mean
mean_ensemble,SK,Deaths,2022-01-17,43.0705434782609,39.1175,1.10105562672106,,3,mean
mean_ensemble,AT,Cases,2022-01-24,49352.8113043478,42027.0492391304,1.17431064511654,,3,mean
mean_ensemble,AT,Deaths,2022-01-24,14.7086231884058,12.8170652173913,1.147581208251,,3,mean
mean_ensemble,BE,Cases,2022-01-24,259595.214021739,164695.414891304,1.57621397167047,,3,mean
mean_ensemble,BE,Deaths,2022-01-24,68.4199275362319,54.8434782608696,1.24754901960784,,3,mean
mean_ensemble,BG,Cases,2022-01-24,54874.8580434783,41787.4932608696,1.31318855861746,,3,mean
mean_ensemble,BG,Deaths,2022-01-24,286.786413043478,162.205217391304,1.76804678453489,,3,mean
mean_ensemble,CY,Cases,2022-01-24,4677.18753623188,5758.55239130435,0.812215851903098,,3,mean
mean_ensemble,CY,Deaths,2022-01-24,20.2424637681159,12.8833695652174,1.57120881036951,,3,mean
mean_ensemble,EE,Cases,2022-01-24,5673.69521739131,4773.40760869565,1.18860480447042,,3,mean
mean_ensemble,EE,Deaths,2022-01-24,6.21572463768116,5.84467391304348,1.06348527397048,,3,mean
mean_ensemble,ES,Cases,2022-01-24,234960.019565217,222650.90173913,1.05528438344485,,3,mean
mean_ensemble,FI,Cases,2022-01-24,22177.2294202899,15198.4179347826,1.45918012752734,,3,mean
mean_ensemble,FI,Deaths,2022-01-24,38.2315217391304,38.8936413043478,0.982976148722198,,3,mean
mean_ensemble,GR,Cases,2022-01-24,28027.5985507247,17825.8698913044,1.57229906431645,,3,mean
mean_ensemble,GR,Deaths,2022-01-24,81.5193115942029,44.8901086956522,1.81597492104309,,3,mean
mean_ensemble,HR,Cases,2022-01-24,12236.3362318841,21061.2577173913,0.580987916110059,,3,mean
mean_ensemble,HR,Deaths,2022-01-24,23.8484057971014,24.4067391304348,0.977123804603741,,3,mean
mean_ensemble,HU,Cases,2022-01-24,81392.6683333333,56391.0965217391,1.44336027056959,,3,mean
mean_ensemble,HU,Deaths,2022-01-24,362.441811594203,56.0370652173913,6.46789424442802,,3,mean
mean_ensemble,IT,Cases,2022-01-24,294656.705108696,281281.883152174,1.04754953218685,,3,mean
mean_ensemble,IT,Deaths,2022-01-24,1457.54471014493,1145.95880434783,1.27189974422722,,3,mean
mean_ensemble,LT,Cases,2022-01-24,13758.1392028985,13418.6234782609,1.02530182959435,,3,mean
mean_ensemble,LT,Deaths,2022-01-24,11.7360507246377,18.2888043478261,0.64170683339574,,3,mean
mean_ensemble,LU,Deaths,2022-01-24,1.93996376811594,2.14836956521739,0.902993507041066,,3,mean
mean_ensemble,LV,Cases,2022-01-24,11493.6857608696,11256.9438043478,1.02103074872154,,3,mean
mean_ensemble,LV,Deaths,2022-01-24,61.5418478260869,17.1047826086957,3.59793218271015,,3,mean
mean_ensemble,MT,Cases,2022-01-24,227.504166666667,183.160760869565,1.24210101326605,,3,mean
mean_ensemble,MT,Deaths,2022-01-24,1.86742753623189,2.88934782608696,0.646314548692098,,3,mean
mean_ensemble,NO,Cases,2022-01-24,11981.8889130435,23424.4229891304,0.511512660038771,,3,mean
mean_ensemble,PT,Cases,2022-01-24,41866.9742028986,85909.935,0.487335652190851,,3,mean
mean_ensemble,PT,Deaths,2022-01-24,134.564891304348,54.7186956521739,2.45921233502579,,3,mean
mean_ensemble,RO,Cases,2022-01-24,192832.891775362,120621.811413043,1.59865690554959,,3,mean
mean_ensemble,RO,Deaths,2022-01-24,68.9748188405797,64.6047826086956,1.06764261182261,,3,mean
mean_ensemble,SI,Cases,2022-01-24,52740.0462681159,20818.6870652174,2.53330318587817,,3,mean
mean_ensemble,SI,Deaths,2022-01-24,23.1002898550725,17.3244565217391,1.33339189175058,,3,mean
mean_ensemble,SK,Cases,2022-01-24,59403.8586594203,55944.0596739131,1.06184390274274,,3,mean
mean_ensemble,SK,Deaths,2022-01-24,254.136847826087,107.393695652174,2.36640378453111,,3,mean
mean_ensemble,AT,Cases,2022-01-31,128391.543405797,81599.6777173913,1.5734319913672,,3,mean
mean_ensemble,AT,Deaths,2022-01-31,23.4227898550725,16.2441304347826,1.44192328109596,,3,mean
mean_ensemble,BE,Cases,2022-01-31,277911.791268116,237480.612173913,1.17025044160066,,3,mean
mean_ensemble,BE,Deaths,2022-01-31,48.7711956521739,50.1723913043478,0.972072376545215,,3,mean
mean_ensemble,BG,Cases,2022-01-31,24262.868442029,26697.2458695652,0.908815409670725,,3,mean
mean_ensemble,BG,Deaths,2022-01-31,79.083731884058,49.9421739130435,1.58350599679049,,3,mean
mean_ensemble,CY,Cases,2022-01-31,5043.11876811594,5306.61217391304,0.9503462101315,,3,mean
mean_ensemble,CY,Deaths,2022-01-31,7.50090579710145,8.06402173913044,0.930169342265475,,3,mean
mean_ensemble,EE,Cases,2022-01-31,28155.0453260869,14547.6725,1.93536425335991,,3,mean
mean_ensemble,EE,Deaths,2022-01-31,10.1481884057971,4.35336956521739,2.33111116659592,,3,mean
mean_ensemble,ES,Cases,2022-01-31,230768.175688406,249483.781304348,0.924982676155968,,3,mean
mean_ensemble,FI,Cases,2022-01-31,10211.2810869565,12339.7995652174,0.827507856427377,,3,mean
mean_ensemble,FI,Deaths,2022-01-31,59.9873550724638,51.3010326086957,1.16932061640989,,3,mean
mean_ensemble,GR,Cases,2022-01-31,40285.8294202898,20094.9586956522,2.00477293984218,,3,mean
mean_ensemble,GR,Deaths,2022-01-31,102.331702898551,70.4223913043478,1.45311315056456,,3,mean
mean_ensemble,HR,Cases,2022-01-31,26542.0014130435,22461.1314130435,1.18168586100833,,3,mean
mean_ensemble,HR,Deaths,2022-01-31,59.4538405797101,67.9848913043478,0.874515490707387,,3,mean
mean_ensemble,HU,Cases,2022-01-31,98102.4867753623,91312.3459782609,1.07436169473423,,3,mean
mean_ensemble,HU,Deaths,2022-01-31,147.293333333333,83.3248913043478,1.76769907560201,,3,mean
mean_ensemble,IT,Cases,2022-01-31,238040.096014493,184954.830869565,1.28701745661547,,3,mean
mean_ensemble,IT,Deaths,2022-01-31,955.307427536232,739.79152173913,1.29131978329578,,3,mean
mean_ensemble,LT,Cases,2022-01-31,33182.4735144928,25673.3881521739,1.29248517249886,,3,mean
mean_ensemble,LT,Deaths,2022-01-31,9.15351449275361,16.868152173913,0.542650694538416,,3,mean
mean_ensemble,LU,Deaths,2022-01-31,3.11605072463768,2.34608695652174,1.3281906350383,,3,mean
mean_ensemble,LV,Cases,2022-01-31,46932.5663768116,23404.3560869565,2.00529192952109,,3,mean
mean_ensemble,LV,Deaths,2022-01-31,12.773768115942,10.2232608695652,1.24948079472076,,3,mean
mean_ensemble,MT,Cases,2022-01-31,172.267826086957,142.618043478261,1.20789643361792,,3,mean
mean_ensemble,MT,Deaths,2022-01-31,2.03076086956522,2.82608695652174,0.718576923076923,,3,mean
mean_ensemble,NO,Cases,2022-01-31,23266.0683695652,45538.125,0.510914060900952,,3,mean
mean_ensemble,PT,Cases,2022-01-31,107752.492934783,195086.22076087,0.552332668676083,,3,mean
mean_ensemble,PT,Deaths,2022-01-31,99.7178623188407,88.4806521739131,1.12700189102178,,3,mean
mean_ensemble,RO,Cases,2022-01-31,258773.102246377,183050.173152174,1.41367308093859,,3,mean
mean_ensemble,RO,Deaths,2022-01-31,151.889528985507,84.7549456521739,1.79210225216647,,3,mean
mean_ensemble,SI,Cases,2022-01-31,82681.2528623188,56990.1919565217,1.45079793599216,,3,mean
mean_ensemble,SI,Deaths,2022-01-31,6.36394927536229,15.3032608695652,0.415855766271277,,3,mean
mean_ensemble,SK,Cases,2022-01-31,245976.78268116,25858.5079347826,9.5124120580172,,3,mean
mean_ensemble,SK,Deaths,2022-01-31,328.668695652174,45.0053260869565,7.30288444121348,,3,mean
mean_ensemble,AT,Cases,2022-02-07,33530.8891666667,24914.1818478261,1.34585552001951,,3,mean
mean_ensemble,AT,Deaths,2022-02-07,20.9921376811594,30.589347826087,0.686256464194933,,3,mean
mean_ensemble,BE,Cases,2022-02-07,111275.166521739,79942.8377173913,1.39193415819328,,3,mean
mean_ensemble,BE,Deaths,2022-02-07,56.5663768115942,53.7179347826087,1.05302590355554,,3,mean
mean_ensemble,BG,Cases,2022-02-07,12414.7286594203,9217.32717391304,1.34689031051828,,3,mean
mean_ensemble,BG,Deaths,2022-02-07,59.5460869565217,51.8289673913044,1.14889587722159,,3,mean
mean_ensemble,CY,Cases,2022-02-07,3231.5977173913,3220.06021739131,1.00358300752815,,3,mean
mean_ensemble,CY,Deaths,2022-02-07,16.064347826087,14.0125,1.1464298180972,,3,mean
mean_ensemble,EE,Cases,2022-02-07,33225.2807971015,19372.6141304348,1.71506439829945,,3,mean
mean_ensemble,EE,Deaths,2022-02-07,17.2289855072464,12.8920652173913,1.33640229216376,,3,mean
mean_ensemble,ES,Cases,2022-02-07,36518.9614492754,25500.1879347826,1.43210558065978,,3,mean
mean_ensemble,FI,Cases,2022-02-07,8477.69923913044,6062.30880434783,1.39842748245525,,3,mean
mean_ensemble,FI,Deaths,2022-02-07,16.5683333333333,16.6227173913044,0.996728329268267,,3,mean
mean_ensemble,GR,Cases,2022-02-07,20305.2513043478,9670.43163043478,2.09972543939436,,3,mean
mean_ensemble,GR,Deaths,2022-02-07,67.6499637681159,83.3033695652174,0.812091565097537,,3,mean
mean_ensemble,HR,Cases,2022-02-07,16622.6203623188,11365.3831521739,1.46256577008927,,3,mean
mean_ensemble,HR,Deaths,2022-02-07,64.9870289855073,35.2115217391304,1.84561830263892,,3,mean
mean_ensemble,HU,Cases,2022-02-07,44533.0593115942,45020.3856521739,0.989175429452231,,3,mean
mean_ensemble,HU,Deaths,2022-02-07,78.7165579710145,83.5410869565218,0.942249626366268,,3,mean
mean_ensemble,IT,Cases,2022-02-07,38487.7008333334,48551.7441304348,0.792715102673464,,3,mean
mean_ensemble,IT,Deaths,2022-02-07,470.619347826087,309.811195652174,1.51905210150783,,3,mean
mean_ensemble,LT,Cases,2022-02-07,52229.6827173913,35509.3984782609,1.47086926153837,,3,mean
mean_ensemble,LT,Deaths,2022-02-07,9.13775362318839,7.66152173913044,1.19268128895572,,3,mean
mean_ensemble,LU,Deaths,2022-02-07,1.81760869565218,1.76347826086957,1.03069526627219,,3,mean
mean_ensemble,LV,Cases,2022-02-07,24634.9430072464,13599.1947826087,1.81150012195948,,3,mean
mean_ensemble,LV,Deaths,2022-02-07,8.81927536231882,9.8154347826087,0.89851092260784,,3,mean
mean_ensemble,MT,Cases,2022-02-07,258.229311594203,124.28652173913,2.07769360652163,,3,mean
mean_ensemble,MT,Deaths,2022-02-07,2.70271739130435,3.27097826086957,0.826271890472867,,3,mean
mean_ensemble,NO,Cases,2022-02-07,23973.7273550725,17005.0891304348,1.40979721842008,,3,mean
mean_ensemble,PT,Cases,2022-02-07,136760.840688406,61389.1370652174,2.22776939417012,,3,mean
mean_ensemble,PT,Deaths,2022-02-07,95.5789492753623,64.3440217391304,1.4854363574423,,3,mean
mean_ensemble,RO,Cases,2022-02-07,147311.06615942,142550.650326087,1.03339455710966,,3,mean
mean_ensemble,RO,Deaths,2022-02-07,85.9467753623189,124.226358695652,0.691856191107427,,3,mean
mean_ensemble,SI,Cases,2022-02-07,62957.4583333334,43113.4105434783,1.4602755277234,,3,mean
mean_ensemble,SI,Deaths,2022-02-07,33.8585869565218,17.7425,1.90833236333785,,3,mean
mean_ensemble,SK,Cases,2022-02-07,158699.85384058,79781.4094565217,1.98918338146264,,3,mean
mean_ensemble,SK,Deaths,2022-02-07,66.1656521739131,24.3534782608696,2.71688715119704,,3,mean
mean_ensemble,AT,Cases,2022-02-14,22498.9732246377,21965.3017934783,1.02429611193951,,3,mean
mean_ensemble,AT,Deaths,2022-02-14,19.2893115942029,23.2335869565217,0.830233903628399,,3,mean
mean_ensemble,BE,Cases,2022-02-14,16109.2636956522,10336.3707065217,1.55850289749071,,3,mean
mean_ensemble,BE,Deaths,2022-02-14,138.287101449275,103.888260869565,1.33111383607527,,3,mean
mean_ensemble,BG,Cases,2022-02-14,6252.19960144927,4275.20766304348,1.46243179144154,,3,mean
mean_ensemble,BG,Deaths,2022-02-14,88.7225,71.5920652173913,1.23927839950687,,3,mean
mean_ensemble,CY,Cases,2022-02-14,2867.00257246377,1766.0972826087,1.62335484047002,,3,mean
mean_ensemble,CY,Deaths,2022-02-14,4.32293478260869,5.055,0.85517997677719,,3,mean
mean_ensemble,EE,Cases,2022-02-14,8820.71036231884,3809.9627173913,2.31516973172861,,3,mean
mean_ensemble,EE,Deaths,2022-02-14,6.55713768115942,7.47010869565217,0.877783436401115,,3,mean
mean_ensemble,ES,Cases,2022-02-14,34370.7260144928,69090.2069565217,0.497476090006825,,3,mean
mean_ensemble,FI,Cases,2022-02-14,8705.36518115942,18833.4275,0.462229468383247,,3,mean
mean_ensemble,FI,Deaths,2022-02-14,48.9246739130435,47.5797826086957,1.028266024572,,3,mean
mean_ensemble,GR,Cases,2022-02-14,13748.6829347826,8516.51402173913,1.61435569761148,,3,mean
mean_ensemble,GR,Deaths,2022-02-14,57.9715217391304,61.2339130434783,0.946722475468268,,3,mean
mean_ensemble,HR,Cases,2022-02-14,3404.37916666667,5127.92652173913,0.663890005489407,,3,mean
mean_ensemble,HR,Deaths,2022-02-14,49.193152173913,42.2151086956522,1.16529729980251,,3,mean
mean_ensemble,HU,Cases,2022-02-14,12311.9489492754,10768.9340217391,1.14328390576276,,3,mean
mean_ensemble,HU,Deaths,2022-02-14,65.5926811594203,68.4435869565218,0.958346633718767,,3,mean
mean_ensemble,IT,Cases,2022-02-14,62643.0108333333,38223.9370108696,1.63884245663967,,3,mean
mean_ensemble,IT,Deaths,2022-02-14,158.226521739131,115.814673913044,1.36620444018977,,3,mean
mean_ensemble,LT,Cases,2022-02-14,8561.6986231884,6748.52586956522,1.26867686197964,,3,mean
mean_ensemble,LT,Deaths,2022-02-14,9.96126811594203,11.9371739130435,0.834474574007636,,3,mean
mean_ensemble,LU,Deaths,2022-02-14,1.92420289855073,1.83255434782609,1.05001136846684,,3,mean
mean_ensemble,LV,Cases,2022-02-14,15318.8890942029,11083.1189673913,1.3821821401786,,3,mean
mean_ensemble,LV,Deaths,2022-02-14,13.2873913043478,13.1660869565217,1.0092133940955,,3,mean
mean_ensemble,MT,Cases,2022-02-14,142.886231884058,118.212663043478,1.20872187636535,,3,mean
mean_ensemble,MT,Deaths,2022-02-14,4.92065217391304,4.82266304347826,1.02031846918422,,3,mean
mean_ensemble,NO,Cases,2022-02-14,36346.1030434782,32032.6369565217,1.13465847637868,,3,mean
mean_ensemble,PT,Cases,2022-02-14,17547.4959057971,15257.87375,1.1500616791902,,3,mean
mean_ensemble,PT,Deaths,2022-02-14,136.720579710145,80.3861956521739,1.70079674253682,,3,mean
mean_ensemble,RO,Cases,2022-02-14,39847.5994927536,26941.0743478261,1.47906497633674,,3,mean
mean_ensemble,RO,Deaths,2022-02-14,506.588876811594,193.938097826087,2.61211635305341,,3,mean
mean_ensemble,SI,Cases,2022-02-14,16227.2165942029,2306.58793478261,7.03516061516739,,3,mean
mean_ensemble,SI,Deaths,2022-02-14,22.1584420289855,11.395652173913,1.94446458094875,,3,mean
mean_ensemble,SK,Cases,2022-02-14,50695.2910507246,38656.4434782609,1.31143184652344,,3,mean
mean_ensemble,SK,Deaths,2022-02-14,39.9008333333334,39.0496739130435,1.02179683810383,,3,mean
mean_ensemble,AT,Cases,2022-02-21,51329.8470289855,67393.381576087,0.761645221363974,,3,mean
mean_ensemble,AT,Deaths,2022-02-21,23.5933333333333,19.2711956521739,1.22427968451827,,3,mean
mean_ensemble,BE,Cases,2022-02-21,13447.5236956522,11561.8708695652,1.16309236172587,,3,mean
mean_ensemble,BE,Deaths,2022-02-21,72.4671739130435,51.5490217391304,1.40579144798851,,3,mean
mean_ensemble,BG,Cases,2022-02-21,2730.34297101449,2075.51179347826,1.31550347224904,,3,mean
mean_ensemble,BG,Deaths,2022-02-21,121.932137681159,54.1760869565217,2.25066342977141,,3,mean
mean_ensemble,CY,Cases,2022-02-21,2724.74021739131,2661.86576086957,1.02362044602174,,3,mean
mean_ensemble,CY,Deaths,2022-02-21,6.83981884057971,6.16434782608696,1.10957704424696,,3,mean
mean_ensemble,EE,Cases,2022-02-21,6914.52985507246,6015.82902173913,1.14938935765723,,3,mean
mean_ensemble,EE,Deaths,2022-02-21,6.55840579710145,7.83336956521739,0.837239420724234,,3,mean
mean_ensemble,ES,Cases,2022-02-21,27632.8774275362,19693.0792391304,1.40317708023179,,3,mean
mean_ensemble,FI,Cases,2022-02-21,9461.47206521739,9191.42918478261,1.02937985758318,,3,mean
mean_ensemble,FI,Deaths,2022-02-21,47.4197463768116,44.4354347826087,1.06716062549636,,3,mean
mean_ensemble,GR,Cases,2022-02-21,15304.894057971,13297.1841304348,1.1509876006711,,3,mean
mean_ensemble,GR,Deaths,2022-02-21,51.221884057971,37.2273913043478,1.37591924288256,,3,mean
mean_ensemble,HR,Cases,2022-02-21,1971.42047101449,1594.26326086957,1.2365714743619,,3,mean
mean_ensemble,HR,Deaths,2022-02-21,92.4810507246377,66.8152173913044,1.38413155468792,,3,mean
mean_ensemble,HU,Cases,2022-02-21,3946.69003623189,3156.55679347826,1.25031491414509,,3,mean
mean_ensemble,HU,Deaths,2022-02-21,235.660833333333,87.3970652173913,2.69643875051354,,3,mean
mean_ensemble,IT,Cases,2022-02-21,79096.5770289855,84968.2484239131,0.93089569923069,,3,mean
mean_ensemble,IT,Deaths,2022-02-21,148.720942028986,102.530869565217,1.45049917804889,,3,mean
mean_ensemble,LT,Cases,2022-02-21,3294.8434057971,6825.99701086957,0.482690426109251,,3,mean
mean_ensemble,LT,Deaths,2022-02-21,14.798115942029,12.088152173913,1.2241834590703,,3,mean
mean_ensemble,LU,Deaths,2022-02-21,3.85923913043478,3.08891304347826,1.24938419311704,,3,mean
mean_ensemble,LV,Cases,2022-02-21,13793.0780434783,10730.7142391304,1.28538303565858,,3,mean
mean_ensemble,LV,Deaths,2022-02-21,16.7697826086956,11.5602173913043,1.4506459559584,,3,mean
mean_ensemble,MT,Cases,2022-02-21,490.141594202899,402.569782608696,1.21753200408319,,3,mean
mean_ensemble,MT,Deaths,2022-02-21,1.45728260869565,1.27630434782609,1.14179867143587,,3,mean
mean_ensemble,NO,Cases,2022-02-21,13576.9544565217,11813.6026086957,1.14926453057835,,3,mean
mean_ensemble,PT,Cases,2022-02-21,22466.4718115942,26431.64375,0.849983906566318,,3,mean
mean_ensemble,PT,Deaths,2022-02-21,61.0980072463768,44.1616304347826,1.3835088660643,,3,mean
mean_ensemble,RO,Cases,2022-02-21,11659.742826087,5983.71880434783,1.94857800096069,,3,mean
mean_ensemble,RO,Deaths,2022-02-21,254.938333333333,153.046304347826,1.66575948644888,,3,mean
mean_ensemble,SI,Cases,2022-02-21,3906.33192028986,3400.68913043478,1.14868833064739,,3,mean
mean_ensemble,SI,Deaths,2022-02-21,20.5584782608696,18.1311956521739,1.13387327869934,,3,mean
mean_ensemble,SK,Cases,2022-02-21,32776.1330797101,20302.4113043478,1.61439607287884,,3,mean
mean_ensemble,SK,Deaths,2022-02-21,58.5064855072464,61.7035869565217,0.948186132979139,,3,mean
mean_ensemble,AT,Cases,2022-02-28,44560.7485869566,59153.6211956522,0.753305506683533,,3,mean
mean_ensemble,AT,Deaths,2022-02-28,40.6304710144927,27.0360869565217,1.50282365491104,,3,mean
mean_ensemble,BE,Cases,2022-02-28,27452.2582971015,23808.2155434783,1.15305820576803,,3,mean
mean_ensemble,BE,Deaths,2022-02-28,36.9367028985507,32.4769565217391,1.13732032968749,,3,mean
mean_ensemble,BG,Cases,2022-02-28,1632.42456521739,1616.02326086957,1.01014917590914,,3,mean
mean_ensemble,BG,Deaths,2022-02-28,38.4805797101449,32.2022826086956,1.19496435012821,,3,mean
mean_ensemble,CY,Cases,2022-02-28,6674.40170289855,7571.60141304348,0.881504630103833,,3,mean
mean_ensemble,CY,Deaths,2022-02-28,11.2782608695652,8.81858695652174,1.27891927869742,,3,mean
mean_ensemble,EE,Cases,2022-02-28,4512.82695652174,5700.70934782609,0.791625512050121,,3,mean
mean_ensemble,EE,Deaths,2022-02-28,11.4592753623188,7.71510869565218,1.48530316478583,,3,mean
mean_ensemble,ES,Cases,2022-02-28,26958.3609057971,21363.4142391304,1.26189384356077,,3,mean
mean_ensemble,FI,Cases,2022-02-28,16270.4982608696,18871.8079347826,0.862158957800828,,3,mean
mean_ensemble,FI,Deaths,2022-02-28,65.9664130434783,72.3572826086957,0.911676208187932,,3,mean
mean_ensemble,GR,Cases,2022-02-28,25331.0411594203,31048.8872826087,0.815843766923296,,3,mean
mean_ensemble,GR,Deaths,2022-02-28,34.4217028985507,32.5307608695652,1.05812781436522,,3,mean
mean_ensemble,HR,Cases,2022-02-28,2704.31420289855,2451.2197826087,1.1032524386779,,3,mean
mean_ensemble,HR,Deaths,2022-02-28,19.7797101449275,14.5164673913043,1.36257049402914,,3,mean
mean_ensemble,HU,Cases,2022-02-28,2819.72463768116,2308.43717391304,1.22148641060975,,3,mean
mean_ensemble,HU,Deaths,2022-02-28,126.837028985507,54.5605434782609,2.32470244795205,,3,mean
mean_ensemble,IT,Cases,2022-02-28,121237.585108696,140500.199456522,0.862899736638545,,3,mean
mean_ensemble,IT,Deaths,2022-02-28,109.828731884058,112.062010869565,0.980071043093214,,3,mean
mean_ensemble,LT,Cases,2022-02-28,5810.14884057971,5623.30684782609,1.03322635556085,,3,mean
mean_ensemble,LT,Deaths,2022-02-28,19.7880072463768,12.1944565217391,1.62270513746149,,3,mean
mean_ensemble,LU,Deaths,2022-02-28,3.12402173913044,2.61391304347826,1.19515136393879,,3,mean
mean_ensemble,LV,Cases,2022-02-28,10749.3198550725,12872.2373913043,0.835077813460309,,3,mean
mean_ensemble,LV,Deaths,2022-02-28,40.4229347826087,24.2613043478261,1.66614845612086,,3,mean
mean_ensemble,MT,Cases,2022-02-28,346.278405797101,584.683586956522,0.592249232785204,,3,mean
mean_ensemble,MT,Deaths,2022-02-28,1.87739130434783,1.57766304347826,1.18998243136174,,3,mean
mean_ensemble,NO,Cases,2022-02-28,18967.7356521739,14741.943423913,1.28665095956115,,3,mean
mean_ensemble,PT,Cases,2022-02-28,26172.9786231884,29561.8763043478,0.885362564734736,,3,mean
mean_ensemble,PT,Deaths,2022-02-28,14.1246739130435,20.9458695652174,0.674341729717388,,3,mean
mean_ensemble,RO,Cases,2022-02-28,5456.38655797101,4249.45847826087,1.28401926642759,,3,mean
mean_ensemble,RO,Deaths,2022-02-28,180.054456521739,125.801141304348,1.43126250409873,,3,mean
mean_ensemble,SI,Cases,2022-02-28,9569.3940942029,9289.89527173913,1.03008632651802,,3,mean
mean_ensemble,SI,Deaths,2022-02-28,14.8755072463768,8.60304347826087,1.72909822947727,,3,mean
mean_ensemble,SK,Cases,2022-02-28,8776.14644927536,7880.50413043478,1.11365292169337,,3,mean
mean_ensemble,SK,Deaths,2022-02-28,58.3709420289855,34.5689130434783,1.68853854200075,,3,mean
mean_ensemble,AT,Cases,2022-03-07,50779.7249637681,42812.2739130435,1.18610202921964,,3,mean
mean_ensemble,AT,Deaths,2022-03-07,20.5692391304348,25.9332608695652,0.793160537500105,,3,mean
mean_ensemble,BE,Cases,2022-03-07,27304.9832246377,26101.9404347826,1.04609016685411,,3,mean
mean_ensemble,BE,Deaths,2022-03-07,43.4669565217391,45.5873913043478,0.953486375904855,,3,mean
mean_ensemble,BG,Cases,2022-03-07,2506.14362318841,2191.35608695652,1.14364965060018,,3,mean
mean_ensemble,BG,Deaths,2022-03-07,22.1313405797102,25.500597826087,0.867875362399149,,3,mean
mean_ensemble,CY,Cases,2022-03-07,9898.2402173913,10537.0193478261,0.939377625745124,,3,mean
mean_ensemble,CY,Deaths,2022-03-07,5.56061594202899,4.6791847826087,1.18837280431761,,3,mean
mean_ensemble,EE,Cases,2022-03-07,3508.62144927536,2313.30706521739,1.51671237339417,,3,mean
mean_ensemble,EE,Deaths,2022-03-07,22.6005072463768,13.5344565217391,1.66984963231259,,3,mean
mean_ensemble,ES,Cases,2022-03-07,26037.0302173913,19553.8261956522,1.33155679900544,,3,mean
mean_ensemble,FI,Cases,2022-03-07,17000.2290942029,15915.689673913,1.06814278504484,,3,mean
mean_ensemble,FI,Deaths,2022-03-07,120.76,118.7325,1.01707620070326,,3,mean
mean_ensemble,GR,Cases,2022-03-07,37044.2525724637,28961.2504347826,1.27909713898173,,3,mean
mean_ensemble,GR,Deaths,2022-03-07,46.9439492753623,37.2741304347826,1.25942439777364,,3,mean
mean_ensemble,HR,Cases,2022-03-07,3940.9590942029,3656.1077173913,1.07791110077436,,3,mean
mean_ensemble,HR,Deaths,2022-03-07,11.456847826087,13.2198913043478,0.866637067002129,,3,mean
mean_ensemble,HU,Cases,2022-03-07,2995.48478260869,3148.38782608696,0.951434495391154,,3,mean
mean_ensemble,HU,Deaths,2022-03-07,37.3038405797102,31.7586956521739,1.17460241403701,,3,mean
mean_ensemble,IT,Cases,2022-03-07,168622.253369565,168631.160217391,0.999947181482861,,3,mean
mean_ensemble,IT,Deaths,2022-03-07,118.031413043478,104.442391304348,1.13011021261981,,3,mean
mean_ensemble,LT,Cases,2022-03-07,6028.26184782609,5529.79206521739,1.09014259066703,,3,mean
mean_ensemble,LT,Deaths,2022-03-07,28.0777536231884,12.0117934782609,2.33751551539776,,3,mean
mean_ensemble,LU,Deaths,2022-03-07,2.99278985507247,2.99581521739131,0.998990137208304,,3,mean
mean_ensemble,LV,Cases,2022-03-07,6531.4365942029,6100.12391304348,1.07070556062594,,3,mean
mean_ensemble,LV,Deaths,2022-03-07,45.6027536231884,35.5510869565217,1.28273865941032,,3,mean
mean_ensemble,MT,Cases,2022-03-07,1678.73333333333,1498.71684782609,1.12011373980907,,3,mean
mean_ensemble,MT,Deaths,2022-03-07,3.58800724637681,2.52326086956522,1.42197237299331,,3,mean
mean_ensemble,NO,Cases,2022-03-07,17493.7010869565,14100.719076087,1.2406247505933,,3,mean
mean_ensemble,PT,Cases,2022-03-07,13044.9419927536,13980.7447826087,0.933064882850937,,3,mean
mean_ensemble,PT,Deaths,2022-03-07,19.5402898550725,25.5975543478261,0.763365499279895,,3,mean
mean_ensemble,RO,Cases,2022-03-07,4826.17471014493,4806.07413043478,1.0041823282714,,3,mean
mean_ensemble,RO,Deaths,2022-03-07,36.4055797101449,43.3929347826087,0.838974821420371,,3,mean
mean_ensemble,SI,Cases,2022-03-07,3554.56112318841,9797.19902173913,0.362814016057155,,3,mean
mean_ensemble,SI,Deaths,2022-03-07,3.23692028985507,4.62489130434783,0.699891105940602,,3,mean
mean_ensemble,SK,Cases,2022-03-07,7751.38862318841,7596.8972826087,1.02033611023455,,3,mean
mean_ensemble,SK,Deaths,2022-03-07,77.9647826086956,40.4628260869565,1.92682494399046,,3,mean
mean_ensemble,Average,Cases,2021-04-12,4529.29843440122,2558.71173913044,1.77014798702588,average,3,mean
mean_ensemble,Average,Deaths,2021-04-12,54.4185849436393,34.6456461352657,1.57071929705611,average,3,mean
mean_ensemble,Average,Cases,2021-04-19,2162.62738939741,2233.21402459954,0.968392355401407,average,3,mean
mean_ensemble,Average,Deaths,2021-04-19,41.3023872785829,34.6658605072464,1.19144272417381,average,3,mean
mean_ensemble,Average,Cases,2021-04-26,3033.97162471396,2995.58180778032,1.012815479395,average,3,mean
mean_ensemble,Average,Deaths,2021-04-26,36.1181602254428,29.1292481884058,1.23992764907056,average,3,mean
mean_ensemble,Average,Cases,2021-05-03,2526.13873951182,2672.65729691076,0.94517869628542,average,3,mean
mean_ensemble,Average,Deaths,2021-05-03,28.6966123188406,27.3975120772947,1.0474167230178,average,3,mean
mean_ensemble,Average,Cases,2021-05-10,1827.30593630816,1677.51883009153,1.08929086429895,average,3,mean
mean_ensemble,Average,Deaths,2021-05-10,25.6009681964573,25.5505676328502,1.00197258097477,average,3,mean
mean_ensemble,Average,Cases,2021-05-17,1129.59192028986,1221.40098684211,0.924832984792636,average,3,mean
mean_ensemble,Average,Deaths,2021-05-17,32.4433413848631,32.3674154589372,1.00234575188811,average,3,mean
mean_ensemble,Average,Cases,2021-05-24,1125.52732646835,1154.29530034325,0.975077457331456,average,3,mean
mean_ensemble,Average,Deaths,2021-05-24,34.7437016908213,32.4678985507246,1.07009394638033,average,3,mean
mean_ensemble,Average,Cases,2021-05-31,784.893260869565,757.317325514874,1.03641265612924,average,3,mean
mean_ensemble,Average,Deaths,2021-05-31,39.5436292270531,38.3490972222222,1.03114889505505,average,3,mean
mean_ensemble,Average,Cases,2021-06-07,768.752181540808,849.270646453089,0.905191042162402,average,3,mean
mean_ensemble,Average,Deaths,2021-06-07,17.8762761674718,27.1867632850242,0.657536021484359,average,3,mean
mean_ensemble,Average,Cases,2021-06-14,1492.44138825324,1502.55292906179,0.993270426210638,average,3,mean
mean_ensemble,Average,Deaths,2021-06-14,15.7511896135266,13.2335024154589,1.19025100982538,average,3,mean
mean_ensemble,Average,Cases,2021-06-21,4058.84514683448,4186.52386441648,0.969502450788061,average,3,mean
mean_ensemble,Average,Deaths,2021-06-21,13.8377073268921,15.2533967391304,0.907188579930752,average,3,mean
mean_ensemble,Average,Cases,2021-06-28,6816.42959572845,6979.72994851259,0.976603628795275,average,3,mean
mean_ensemble,Average,Deaths,2021-06-28,29.8335547504026,22.6186745169082,1.31897891399874,average,3,mean
mean_ensemble,Average,Cases,2021-07-05,5286.15102402746,5311.38373569794,0.995249314881752,average,3,mean
mean_ensemble,Average,Deaths,2021-07-05,21.0285346215781,16.035018115942,1.3114132126032,average,3,mean
mean_ensemble,Average,Cases,2021-07-12,22317.7424199085,7030.51748569794,3.17440963134066,average,3,mean
mean_ensemble,Average,Deaths,2021-07-12,24.8202958937198,12.2437258454106,2.027184878778,average,3,mean
mean_ensemble,Average,Cases,2021-07-19,22062.338863463,13758.2142276888,1.6035757619664,average,3,mean
mean_ensemble,Average,Deaths,2021-07-19,17.9386835748792,13.2343870772947,1.3554600957422,average,3,mean
mean_ensemble,Average,Cases,2021-07-26,5041.92089816934,5447.62227688787,0.925526888962223,average,3,mean
mean_ensemble,Average,Deaths,2021-07-26,16.316672705314,13.5121950483092,1.20755159668567,average,3,mean
mean_ensemble,Average,Cases,2021-08-02,2649.8274122807,3179.05433924485,0.833526932701043,average,3,mean
mean_ensemble,Average,Deaths,2021-08-02,10.0410044283414,12.8275120772947,0.782770997823845,average,3,mean
mean_ensemble,Average,Cases,2021-08-09,3228.40443554538,1757.955048627,1.83645448617519,average,3,mean
mean_ensemble,Average,Deaths,2021-08-09,12.6466807568438,12.416240942029,1.01855954760307,average,3,mean
mean_ensemble,Average,Cases,2021-08-16,2480.87801678108,2104.74614988558,1.17870652330969,average,3,mean
mean_ensemble,Average,Deaths,2021-08-16,18.2658655394525,14.5155102657005,1.25836882101306,average,3,mean
mean_ensemble,Average,Cases,2021-08-23,2059.82787376049,1803.23895881007,1.14229335147003,average,3,mean
mean_ensemble,Average,Deaths,2021-08-23,23.1616827697263,16.0490489130435,1.44318101933767,average,3,mean
mean_ensemble,Average,Cases,2021-08-30,3030.13033562166,2203.79157322654,1.3749623024401,average,3,mean
mean_ensemble,Average,Deaths,2021-08-30,22.5463929146538,15.8319565217391,1.42410654575099,average,3,mean
mean_ensemble,Average,Cases,2021-09-06,2753.95976926011,2378.01509153318,1.15809179641688,average,3,mean
mean_ensemble,Average,Deaths,2021-09-06,20.9392411433172,18.7567904589372,1.11635523087801,average,3,mean
mean_ensemble,Average,Cases,2021-09-13,2181.87436498856,2112.94088386728,1.03262442487038,average,3,mean
mean_ensemble,Average,Deaths,2021-09-13,19.10807568438,23.3104830917874,0.819720278174416,average,3,mean
mean_ensemble,Average,Cases,2021-09-20,3739.41168573608,1770.04532608696,2.11260786976727,average,3,mean
mean_ensemble,Average,Deaths,2021-09-20,32.6394726247987,16.8708152173913,1.93467074377961,average,3,mean
mean_ensemble,Average,Cases,2021-09-27,3314.25596872616,2270.80146167048,1.45950935150803,average,3,mean
mean_ensemble,Average,Deaths,2021-09-27,39.2017793880837,25.8967059178744,1.51377474464912,average,3,mean
mean_ensemble,Average,Cases,2021-10-04,7433.92037566743,5423.07395881007,1.37079457741686,average,3,mean
mean_ensemble,Average,Deaths,2021-10-04,66.9725865539453,32.1949154589372,2.08022246989171,average,3,mean
mean_ensemble,Average,Cases,2021-10-11,8684.7777955759,7246.76447368421,1.19843522265884,average,3,mean
mean_ensemble,Average,Deaths,2021-10-11,87.3265740740741,49.1653109903382,1.77618268480464,average,3,mean
mean_ensemble,Average,Cases,2021-10-18,9791.02339054157,9680.15169908467,1.01145350764156,average,3,mean
mean_ensemble,Average,Deaths,2021-10-18,80.0161694847021,71.307059178744,1.12213531740423,average,3,mean
mean_ensemble,Average,Cases,2021-10-25,8574.94520976354,8308.2033895881,1.03210583656507,average,3,mean
mean_ensemble,Average,Deaths,2021-10-25,99.2025664251208,70.1338798309179,1.41447424075615,average,3,mean
mean_ensemble,Average,Cases,2021-11-01,8090.13751716247,8373.71498855835,0.966134807336606,average,3,mean
mean_ensemble,Average,Deaths,2021-11-01,103.641757246377,75.2728532608696,1.37688094388013,average,3,mean
mean_ensemble,Average,Cases,2021-11-08,8588.18629481312,7750.2558409611,1.10811648944845,average,3,mean
mean_ensemble,Average,Deaths,2021-11-08,78.4484319645732,78.8470471014493,0.994944450660744,average,3,mean
mean_ensemble,Average,Cases,2021-11-15,11709.826493135,10211.3925514874,1.14674139047072,average,3,mean
mean_ensemble,Average,Deaths,2021-11-15,125.913417874396,85.7592149758454,1.46822027125435,average,3,mean
mean_ensemble,Average,Cases,2021-11-22,11429.2746891686,10852.8593278032,1.05311184305952,average,3,mean
mean_ensemble,Average,Deaths,2021-11-22,90.585787037037,59.3139130434783,1.52722662169727,average,3,mean
mean_ensemble,Average,Cases,2021-11-29,14042.8708790999,8882.02809210526,1.58104328577635,average,3,mean
mean_ensemble,Average,Deaths,2021-11-29,50.1648128019324,44.0099154589372,1.13985251457113,average,3,mean
mean_ensemble,Average,Cases,2021-12-06,22137.1057913806,21626.3780606407,1.02361596238204,average,3,mean
mean_ensemble,Average,Deaths,2021-12-06,38.1299838969404,36.2189311594203,1.05276391865647,average,3,mean
mean_ensemble,Average,Cases,2021-12-13,45610.4528051106,48452.7363014874,0.941339050932206,average,3,mean
mean_ensemble,Average,Deaths,2021-12-13,41.837616747182,29.4380314009662,1.42120973299216,average,3,mean
mean_ensemble,Average,Cases,2021-12-20,60187.3333924485,65901.2514731121,0.913295757623132,average,3,mean
mean_ensemble,Average,Deaths,2021-12-20,44.6387338969404,37.1256461352657,1.2023692122233,average,3,mean
mean_ensemble,Average,Cases,2021-12-27,47930.1028756674,67262.1401229977,0.712586646633915,average,3,mean
mean_ensemble,Average,Deaths,2021-12-27,66.3630052334944,51.0590730676329,1.29972992548435,average,3,mean
mean_ensemble,Average,Cases,2022-01-03,338726.053661327,58532.0625286041,5.7870172180554,average,3,mean
mean_ensemble,Average,Deaths,2022-01-03,92.2849919484702,57.9896648550725,1.59140412656477,average,3,mean
mean_ensemble,Average,Cases,2022-01-10,151352.221887872,114457.28423913,1.32234678547552,average,3,mean
mean_ensemble,Average,Deaths,2022-01-10,116.415849436393,59.65288647343,1.95155433908879,average,3,mean
mean_ensemble,Average,Cases,2022-01-17,84804.3622330282,71167.1715188787,1.19162192936854,average,3,mean
mean_ensemble,Average,Deaths,2022-01-17,146.09030394525,91.4123007246377,1.59814710697764,average,3,mean
mean_ensemble,Average,Cases,2022-01-24,75364.7006464531,63422.5783438215,1.18829449408209,average,3,mean
mean_ensemble,Average,Deaths,2022-01-24,162.101169484702,102.402949879227,1.58297363187176,average,3,mean
mean_ensemble,Average,Cases,2022-01-31,100339.539180015,79053.802597254,1.2692563277595,average,3,mean
mean_ensemble,Average,Deaths,2022-01-31,117.056366747182,78.189365942029,1.49708806737184,average,3,mean
mean_ensemble,Average,Cases,2022-02-07,50813.0924618612,35574.2125629291,1.4283687199534,average,3,mean
mean_ensemble,Average,Deaths,2022-02-07,65.1648047504026,52.4838043478261,1.24161740102786,average,3,mean
mean_ensemble,Average,Cases,2022-02-14,19811.549609077,17150.4400085812,1.15516275962391,average,3,mean
mean_ensemble,Average,Deaths,2022-02-14,76.2527657004831,50.1696769323672,1.51989748316056,average,3,mean
mean_ensemble,Average,Cases,2022-02-21,16659.1901048818,16184.2403518307,1.02934643472453,average,3,mean
mean_ensemble,Average,Deaths,2022-02-21,68.8267250402577,43.4697946859903,1.58332298409589,average,3,mean
mean_ensemble,Average,Cases,2022-02-28,19263.2933085431,21010.4232665904,0.916844609179032,average,3,mean
mean_ensemble,Average,Deaths,2022-02-28,46.0142673107891,34.7134661835749,1.32554516646227,average,3,mean
mean_ensemble,Average,Cases,2022-03-07,21607.7432589626,20380.6624227689,1.06020809386563,average,3,mean
mean_ensemble,Average,Deaths,2022-03-07,37.0129770531401,32.6568146135266,1.13339214161473,average,3,mean
median_ensemble,AT,Cases,2021-04-12,1336.0147826087,1048.75070652174,1.27391073426753,,3,median
median_ensemble,AT,Deaths,2021-04-12,24.2376086956522,16.2261956521739,1.49373329492702,,3,median
median_ensemble,BE,Cases,2021-04-12,3660.51184782609,2658.24108695652,1.37704283700508,,3,median
median_ensemble,BE,Deaths,2021-04-12,26.3309782608696,23.4015217391304,1.12518230884279,,3,median
median_ensemble,BG,Cases,2021-04-12,2311.94695652174,2546.63070652174,0.907845393759295,,3,median
median_ensemble,BG,Deaths,2021-04-12,64.5195652173913,62.5614130434783,1.03129967944541,,3,median
median_ensemble,CY,Cases,2021-04-12,804.599782608696,761.670054347826,1.05636263105765,,3,median
median_ensemble,CY,Deaths,2021-04-12,2.88565217391304,1.85260869565217,1.55761558319643,,3,median
median_ensemble,EE,Cases,2021-04-12,293.219130434783,313.512880434783,0.93526980463496,,3,median
median_ensemble,EE,Deaths,2021-04-12,19.6190217391304,5.40097826086957,3.63249411338526,,3,median
median_ensemble,ES,Cases,2021-04-12,11380.1781521739,9732.32673913043,1.16931731303451,,3,median
median_ensemble,FI,Cases,2021-04-12,197.880760869565,205.949402173913,0.960822215460794,,3,median
median_ensemble,FI,Deaths,2021-04-12,3.4279347826087,3.57086956521739,0.959971995616705,,3,median
median_ensemble,GR,Cases,2021-04-12,4416.43782608696,2799.41934782609,1.57762638509896,,3,median
median_ensemble,GR,Deaths,2021-04-12,38.6507608695652,28.8505434782609,1.33968917773382,,3,median
median_ensemble,HR,Cases,2021-04-12,5410.82097826087,2639.75336956522,2.04974488929322,,3,median
median_ensemble,HR,Deaths,2021-04-12,74.458152173913,43.4075,1.71532919827018,,3,median
median_ensemble,HU,Cases,2021-04-12,2392.98608695652,5873.6964673913,0.407407175403349,,3,median
median_ensemble,HU,Deaths,2021-04-12,375.672717391304,90.8639130434783,4.13445453544957,,3,median
median_ensemble,IT,Cases,2021-04-12,6529.44293478261,6057.26206521739,1.07795285468605,,3,median
median_ensemble,IT,Deaths,2021-04-12,149.794565217391,153.432554347826,0.97628932695608,,3,median
median_ensemble,LT,Cases,2021-04-12,1231.85695652174,1145.14777173913,1.07571877352643,,3,median
median_ensemble,LT,Deaths,2021-04-12,10.7105434782609,13.0653260869565,0.819768554338151,,3,median
median_ensemble,LU,Deaths,2021-04-12,5.5479347826087,4.9691847826087,1.11646779609113,,3,median
median_ensemble,LV,Cases,2021-04-12,570.658043478261,474.991521739131,1.20140679856528,,3,median
median_ensemble,LV,Deaths,2021-04-12,7.07076086956522,6.71260869565217,1.05335513958158,,3,median
median_ensemble,MT,Cases,2021-04-12,109.865869565217,49.3860869565217,2.22463200338064,,3,median
median_ensemble,MT,Deaths,2021-04-12,0.829891304347826,0.766739130434783,1.08236461582081,,3,median
median_ensemble,NO,Cases,2021-04-12,317.792173913044,604.246304347826,0.525931514394684,,3,median
median_ensemble,PT,Cases,2021-04-12,544.961413043478,1075.04597826087,0.506919168169046,,3,median
median_ensemble,PT,Deaths,2021-04-12,12.5273913043478,24.2245652173913,0.517135857421051,,3,median
median_ensemble,RO,Cases,2021-04-12,5823.60010869565,5699.83869565217,1.02171314306454,,3,median
median_ensemble,RO,Deaths,2021-04-12,84.7494565217391,90.7752173913044,0.933618877015849,,3,median
median_ensemble,SI,Cases,2021-04-12,1668.68619565217,1439.32673913043,1.15935190411338,,3,median
median_ensemble,SI,Deaths,2021-04-12,11.3717391304348,7.98315217391304,1.42446728844714,,3,median
median_ensemble,SK,Cases,2021-04-12,3320.16826086957,3490.32711956522,0.951248449538779,,3,median
median_ensemble,SK,Deaths,2021-04-12,80.839347826087,45.5567391304348,1.77447616684402,,3,median
median_ensemble,AT,Cases,2021-04-19,1209.4547826087,954.08347826087,1.26766138411004,,3,median
median_ensemble,AT,Deaths,2021-04-19,15.2158695652174,15.3169565217391,0.993400323597036,,3,median
median_ensemble,BE,Cases,2021-04-19,2286.41315217391,1938.73086956522,1.17933499077501,,3,median
median_ensemble,BE,Deaths,2021-04-19,50.0363043478261,17.0504891304348,2.93459641920256,,3,median
median_ensemble,BG,Cases,2021-04-19,793.245760869565,744.43652173913,1.06556534735347,,3,median
median_ensemble,BG,Deaths,2021-04-19,29.7109782608696,40.4265760869565,0.734936794967796,,3,median
median_ensemble,CY,Cases,2021-04-19,2004.46684782609,2807.49793478261,0.71396912638559,,3,median
median_ensemble,CY,Deaths,2021-04-19,6.19728260869565,4.65282608695652,1.33193944774097,,3,median
median_ensemble,EE,Cases,2021-04-19,558.275760869565,352.110326086957,1.58551374245041,,3,median
median_ensemble,EE,Deaths,2021-04-19,3.46489130434783,3.85456521739131,0.898905871073261,,3,median
median_ensemble,ES,Cases,2021-04-19,7550.39054347826,7108.64815217391,1.06214154672563,,3,median
median_ensemble,FI,Cases,2021-04-19,269.33347826087,153.19597826087,1.75809757748494,,3,median
median_ensemble,FI,Deaths,2021-04-19,2.72608695652174,1.98369565217391,1.37424657534247,,3,median
median_ensemble,GR,Cases,2021-04-19,2656.02054347826,2100.42059782609,1.26451842370391,,3,median
median_ensemble,GR,Deaths,2021-04-19,29.3648913043478,37.6042391304348,0.780893111611491,,3,median
median_ensemble,HR,Cases,2021-04-19,5294.62989130435,5034.4122826087,1.05168778282116,,3,median
median_ensemble,HR,Deaths,2021-04-19,32.9621739130435,33.0275,0.998022069882476,,3,median
median_ensemble,HU,Cases,2021-04-19,1919.5527173913,3481.4702173913,0.551362670805681,,3,median
median_ensemble,HU,Deaths,2021-04-19,69.1585869565218,97.0792391304348,0.712393170527438,,3,median
median_ensemble,IT,Cases,2021-04-19,9250.88369565217,11073.0985326087,0.835437675227908,,3,median
median_ensemble,IT,Deaths,2021-04-19,257.859239130435,184.974673913043,1.39402456387978,,3,median
median_ensemble,LT,Cases,2021-04-19,1013.12913043478,997.675108695652,1.01549003438538,,3,median
median_ensemble,LT,Deaths,2021-04-19,8.92826086956522,10.2,0.875319693094629,,3,median
median_ensemble,LU,Deaths,2021-04-19,6.95141304347826,5.28635869565217,1.31497188210016,,3,median
median_ensemble,LV,Cases,2021-04-19,416.932717391304,347.89972826087,1.19842783285726,,3,median
median_ensemble,LV,Deaths,2021-04-19,7.5854347826087,7.45510869565217,1.01748144692143,,3,median
median_ensemble,MT,Cases,2021-04-19,103.870108695652,55.0302717391304,1.88750855507394,,3,median
median_ensemble,MT,Deaths,2021-04-19,1.25913043478261,0.876521739130435,1.43650793650794,,3,median
median_ensemble,NO,Cases,2021-04-19,356.605,331.974891304348,1.07419268547353,,3,median
median_ensemble,PT,Cases,2021-04-19,423.718369565217,368.174293478261,1.15086353683798,,3,median
median_ensemble,PT,Deaths,2021-04-19,11.6879347826087,12.4972826086957,0.935238095238095,,3,median
median_ensemble,RO,Cases,2021-04-19,814.195217391304,1581.50472826087,0.514823131946402,,3,median
median_ensemble,RO,Deaths,2021-04-19,124.015434782609,110.113695652174,1.12624895611848,,3,median
median_ensemble,SI,Cases,2021-04-19,970.164782608696,375.746413043478,2.58196685033008,,3,median
median_ensemble,SI,Deaths,2021-04-19,5.30402173913044,5.52923913043478,0.959267923489748,,3,median
median_ensemble,SK,Cases,2021-04-19,2172.61423913044,2624.95614130435,0.827676396166702,,3,median
median_ensemble,SK,Deaths,2021-04-19,34.5897826086957,36.0565217391304,0.959321114192693,,3,median
median_ensemble,AT,Cases,2021-04-26,2510.71130434783,2769.96809782609,0.906404411775814,,3,median
median_ensemble,AT,Deaths,2021-04-26,16.2673913043478,15.7438043478261,1.03325669863231,,3,median
median_ensemble,BE,Cases,2021-04-26,2956.18423913043,2184.39179347826,1.35332143618029,,3,median
median_ensemble,BE,Deaths,2021-04-26,34.5602173913044,21.9200543478261,1.57664834415576,,3,median
median_ensemble,BG,Cases,2021-04-26,1299.74239130435,850.852934782609,1.52757584556775,,3,median
median_ensemble,BG,Deaths,2021-04-26,69.6297826086957,32.6590760869565,2.13201936341685,,3,median
median_ensemble,CY,Cases,2021-04-26,2165.05391304348,2240.1952173913,0.966457698077167,,3,median
median_ensemble,CY,Deaths,2021-04-26,4.01902173913044,3.70929347826087,1.0835006080497,,3,median
median_ensemble,EE,Cases,2021-04-26,343.313369565217,335.779021739131,1.02243841139051,,3,median
median_ensemble,EE,Deaths,2021-04-26,3.26413043478261,4.25255434782609,0.767569363681675,,3,median
median_ensemble,ES,Cases,2021-04-26,24390.0285869565,20778.6852173913,1.17380037917619,,3,median
median_ensemble,FI,Cases,2021-04-26,191.713804347826,194.354673913043,0.98641211187749,,3,median
median_ensemble,FI,Deaths,2021-04-26,2.77076086956522,2.74016304347826,1.01116642535552,,3,median
median_ensemble,GR,Cases,2021-04-26,1782.91184782609,1691.70847826087,1.05391198941024,,3,median
median_ensemble,GR,Deaths,2021-04-26,32.019347826087,35.7525543478261,0.895582103437426,,3,median
median_ensemble,HR,Cases,2021-04-26,6642.45967391304,3953.35679347826,1.68020748465479,,3,median
median_ensemble,HR,Deaths,2021-04-26,38.1009782608696,24.8619565217391,1.53250120229091,,3,median
median_ensemble,HU,Cases,2021-04-26,690.658695652174,2473.01076086957,0.279278483773893,,3,median
median_ensemble,HU,Deaths,2021-04-26,84.0382608695652,68.7975543478261,1.22152977189691,,3,median
median_ensemble,IT,Cases,2021-04-26,14258.1225,14080.4839673913,1.0126159394109,,3,median
median_ensemble,IT,Deaths,2021-04-26,233.899239130435,178.539673913043,1.31006870352163,,3,median
median_ensemble,LT,Cases,2021-04-26,1010.19293478261,888.826739130435,1.13654651723339,,3,median
median_ensemble,LT,Deaths,2021-04-26,8.89619565217391,10.8451086956522,0.820295665246805,,3,median
median_ensemble,LU,Deaths,2021-04-26,1.67032608695652,2.6083152173913,0.640385056154023,,3,median
median_ensemble,LV,Cases,2021-04-26,464.070326086957,472.80097826087,0.981534191815703,,3,median
median_ensemble,LV,Deaths,2021-04-26,6.57858695652174,7.32461956521739,0.898147255013986,,3,median
median_ensemble,MT,Cases,2021-04-26,20.5560869565217,23.5201086956522,0.873979249948009,,3,median
median_ensemble,MT,Deaths,2021-04-26,0.845978260869565,0.754510869565217,1.12122740041778,,3,median
median_ensemble,NO,Cases,2021-04-26,292.831086956522,368.859347826087,0.793882786710853,,3,median
median_ensemble,PT,Cases,2021-04-26,589.759130434783,822.076413043478,0.717401838901308,,3,median
median_ensemble,PT,Deaths,2021-04-26,5.71826086956522,9.10195652173913,0.628245241109174,,3,median
median_ensemble,RO,Cases,2021-04-26,1010.3797826087,1006.96717391304,1.00338899696441,,3,median
median_ensemble,RO,Deaths,2021-04-26,87.9977173913044,60.9139130434783,1.44462427374342,,3,median
median_ensemble,SI,Cases,2021-04-26,677.650760869565,404.018152173913,1.67727800650369,,3,median
median_ensemble,SI,Deaths,2021-04-26,5.31271739130435,5.39608695652174,0.984549995971316,,3,median
median_ensemble,SK,Cases,2021-04-26,1141.8602173913,1376.19847826087,0.829720592944048,,3,median
median_ensemble,SK,Deaths,2021-04-26,36.8348913043478,38.4052717391304,0.959110289716227,,3,median
median_ensemble,AT,Cases,2021-05-03,3088.87010869565,3281.86923913044,0.941192315606724,,3,median
median_ensemble,AT,Deaths,2021-05-03,12.2901086956522,13.128152173913,0.9361643994403,,3,median
median_ensemble,BE,Cases,2021-05-03,1910.72543478261,1888.31086956522,1.01187016691937,,3,median
median_ensemble,BE,Deaths,2021-05-03,14.8382608695652,34.1202173913044,0.434881779895892,,3,median
median_ensemble,BG,Cases,2021-05-03,608.464456521739,1409.25239130435,0.431764004997408,,3,median
median_ensemble,BG,Deaths,2021-05-03,20.3816304347826,24.4845108695652,0.832429552845077,,3,median
median_ensemble,CY,Cases,2021-05-03,2866.83130434783,2212.49369565217,1.29574665454709,,3,median
median_ensemble,CY,Deaths,2021-05-03,2.7554347826087,2.79184782608696,0.986957368113685,,3,median
median_ensemble,EE,Cases,2021-05-03,394.074891304348,324.783369565217,1.21334688974959,,3,median
median_ensemble,EE,Deaths,2021-05-03,2.69423913043478,2.54217391304348,1.05981700017103,,3,median
median_ensemble,ES,Cases,2021-05-03,16598.3792391304,7684.33190217391,2.16002893295574,,3,median
median_ensemble,FI,Cases,2021-05-03,127.234673913043,133.259076086957,0.95479180592561,,3,median
median_ensemble,FI,Deaths,2021-05-03,3.09478260869565,2.70342391304348,1.14476408740928,,3,median
median_ensemble,GR,Cases,2021-05-03,1545.0002173913,1862.23554347826,0.82964811986435,,3,median
median_ensemble,GR,Deaths,2021-05-03,45.1063043478261,28.2523369565217,1.59655126644006,,3,median
median_ensemble,HR,Cases,2021-05-03,4425.25130434783,3769.6239673913,1.17392380317717,,3,median
median_ensemble,HR,Deaths,2021-05-03,49.9417391304348,41.3163043478261,1.20876588356002,,3,median
median_ensemble,HU,Cases,2021-05-03,579.230652173913,3116.13826086957,0.18588092173172,,3,median
median_ensemble,HU,Deaths,2021-05-03,89.0215217391304,80.9621195652174,1.09954534561587,,3,median
median_ensemble,IT,Cases,2021-05-03,18656.2541304348,18686.5769565217,0.998377293703523,,3,median
median_ensemble,IT,Deaths,2021-05-03,172.017065217391,155.817445652174,1.1039653775443,,3,median
median_ensemble,LT,Cases,2021-05-03,1887.91489130435,1852.52625,1.01910290950228,,3,median
median_ensemble,LT,Deaths,2021-05-03,17.9330434782609,19.3765217391304,0.925503747251268,,3,median
median_ensemble,LU,Deaths,2021-05-03,1.27565217391304,1.80875,0.705267269613293,,3,median
median_ensemble,LV,Cases,2021-05-03,937.622608695652,942.271684782609,0.995066098067004,,3,median
median_ensemble,LV,Deaths,2021-05-03,6.6829347826087,7.37635869565217,0.905993737336526,,3,median
median_ensemble,MT,Cases,2021-05-03,45.6081521739131,29.7239130434783,1.53439259855189,,3,median
median_ensemble,MT,Deaths,2021-05-03,0.624021739130435,0.668478260869565,0.93349593495935,,3,median
median_ensemble,NO,Cases,2021-05-03,302.567173913044,354.262445652174,0.854076342627955,,3,median
median_ensemble,PT,Cases,2021-05-03,408.681847826087,362.144456521739,1.12850504948031,,3,median
median_ensemble,PT,Deaths,2021-05-03,4.45032608695652,3.28880434782609,1.353174472023,,3,median
median_ensemble,RO,Cases,2021-05-03,528.419239130435,1166.47054347826,0.453006929394684,,3,median
median_ensemble,RO,Deaths,2021-05-03,39.4296739130435,31.4199456521739,1.25492495593529,,3,median
median_ensemble,SI,Cases,2021-05-03,793.655652173913,681.882336956522,1.163918771846,,3,median
median_ensemble,SI,Deaths,2021-05-03,10.9509782608696,8.47108695652174,1.29274770960043,,3,median
median_ensemble,SK,Cases,2021-05-03,816.682608695652,1022.33173913044,0.798843054007399,,3,median
median_ensemble,SK,Deaths,2021-05-03,31.5073913043478,34.6267391304348,0.909915056848502,,3,median
median_ensemble,AT,Cases,2021-05-10,1155.92315217391,1117.33956521739,1.03453165730242,,3,median
median_ensemble,AT,Deaths,2021-05-10,7.43195652173913,7.6179347826087,0.975586787472355,,3,median
median_ensemble,BE,Cases,2021-05-10,2517.97945652174,3051.80217391304,0.825079514670234,,3,median
median_ensemble,BE,Deaths,2021-05-10,57.1833695652174,57.3961956521739,0.996291982690869,,3,median
median_ensemble,BG,Cases,2021-05-10,390.209891304348,790.490326086956,0.49363019182783,,3,median
median_ensemble,BG,Deaths,2021-05-10,18.3709782608696,19.5688043478261,0.938788999794482,,3,median
median_ensemble,CY,Cases,2021-05-10,946.172391304348,950.60097826087,0.995341276668341,,3,median
median_ensemble,CY,Deaths,2021-05-10,5.62684782608696,5.43891304347826,1.03455373915824,,3,median
median_ensemble,EE,Cases,2021-05-10,631.605434782609,761.860543478261,0.829030247319313,,3,median
median_ensemble,EE,Deaths,2021-05-10,4.1904347826087,4.6825,0.894913995218088,,3,median
median_ensemble,ES,Cases,2021-05-10,4883.8875,4550.51891304348,1.07325946629976,,3,median
median_ensemble,FI,Cases,2021-05-10,212.630652173913,195.965326086957,1.085042218538,,3,median
median_ensemble,FI,Deaths,2021-05-10,2.65565217391304,2.73271739130435,0.971799053339167,,3,median
median_ensemble,GR,Cases,2021-05-10,1137.11315217391,1647.10793478261,0.690369542979582,,3,median
median_ensemble,GR,Deaths,2021-05-10,35.8954347826087,48.1138043478261,0.746052723727937,,3,median
median_ensemble,HR,Cases,2021-05-10,1544.64065217391,1544.47097826087,1.00010985891961,,3,median
median_ensemble,HR,Deaths,2021-05-10,46.9086956521739,32.0575,1.46326743046632,,3,median
median_ensemble,HU,Cases,2021-05-10,385.347826086957,1347.77663043478,0.285913716995261,,3,median
median_ensemble,HU,Deaths,2021-05-10,62.9497826086957,40.7648913043478,1.54421563739044,,3,median
median_ensemble,IT,Cases,2021-05-10,7261.42369565218,7288.51451086957,0.996283081391004,,3,median
median_ensemble,IT,Deaths,2021-05-10,95.0094565217391,115.776630434783,0.820627238544987,,3,median
median_ensemble,LT,Cases,2021-05-10,2669.03945652174,2672.99282608696,0.998520995070905,,3,median
median_ensemble,LT,Deaths,2021-05-10,16.2848913043478,15.8089130434783,1.03010822183413,,3,median
median_ensemble,LU,Deaths,2021-05-10,0.7775,0.931304347826087,0.83485060690943,,3,median
median_ensemble,LV,Cases,2021-05-10,1293.35489130435,1284.59902173913,1.00681603318782,,3,median
median_ensemble,LV,Deaths,2021-05-10,8.8154347826087,9.36021739130435,0.941798081612746,,3,median
median_ensemble,MT,Cases,2021-05-10,44.4957608695652,26.3892391304348,1.68613276986255,,3,median
median_ensemble,MT,Deaths,2021-05-10,0.553586956521739,0.649565217391304,0.852242302543507,,3,median
median_ensemble,NO,Cases,2021-05-10,246.159565217391,320.593152173913,0.767825399726119,,3,median
median_ensemble,PT,Cases,2021-05-10,641.900217391304,642.270217391304,0.999423918484804,,3,median
median_ensemble,PT,Deaths,2021-05-10,3.12184782608696,2.0075,1.55509231685527,,3,median
median_ensemble,RO,Cases,2021-05-10,2744.01152173913,2192.21445652174,1.25170761171464,,3,median
median_ensemble,RO,Deaths,2021-05-10,74.3276086956522,50.8116304347826,1.46280700028023,,3,median
median_ensemble,SI,Cases,2021-05-10,828.845869565218,835.219782608696,0.992368579892145,,3,median
median_ensemble,SI,Deaths,2021-05-10,2.54358695652174,3.13608695652174,0.81107028975461,,3,median
median_ensemble,SK,Cases,2021-05-10,534.428586956522,652.131195652174,0.81951084462699,,3,median
median_ensemble,SK,Deaths,2021-05-10,41.9327173913043,43.0551086956522,0.973931286243363,,3,median
median_ensemble,AT,Cases,2021-05-17,319.127282608696,399.315217391304,0.799186378855105,,3,median
median_ensemble,AT,Deaths,2021-05-17,8.14076086956522,7.41173913043478,1.09836041532234,,3,median
median_ensemble,BE,Cases,2021-05-17,1434.36880434783,1710.46695652174,0.838583171033387,,3,median
median_ensemble,BE,Deaths,2021-05-17,22.8464130434783,16.0021739130435,1.42770683331069,,3,median
median_ensemble,BG,Cases,2021-05-17,325.071630434783,298.144076086957,1.09031725433301,,3,median
median_ensemble,BG,Deaths,2021-05-17,16.6948913043478,17.7733695652174,0.939320551631349,,3,median
median_ensemble,CY,Cases,2021-05-17,476.964782608696,262.217608695652,1.81896549580045,,3,median
median_ensemble,CY,Deaths,2021-05-17,1.95326086956522,1.98695652173913,0.983041575492341,,3,median
median_ensemble,EE,Cases,2021-05-17,564.663695652174,408.248043478261,1.38313876740537,,3,median
median_ensemble,EE,Deaths,2021-05-17,2.63913043478261,3.64239130434783,0.724559832885706,,3,median
median_ensemble,ES,Cases,2021-05-17,4714.28684782609,4804.38635869565,0.98124640606672,,3,median
median_ensemble,FI,Cases,2021-05-17,268.917826086957,260.58125,1.0319922330826,,3,median
median_ensemble,FI,Deaths,2021-05-17,2.90978260869565,2.90228260869565,1.00258417287742,,3,median
median_ensemble,GR,Cases,2021-05-17,2175.18119565217,2298.27407608696,0.946441165692318,,3,median
median_ensemble,GR,Deaths,2021-05-17,34.4280434782609,41.1927173913044,0.835779857667961,,3,median
median_ensemble,HR,Cases,2021-05-17,2224.85423913044,1078.65516304348,2.06261863416377,,3,median
median_ensemble,HR,Deaths,2021-05-17,33.1817391304348,34.6845652173913,0.956671618123586,,3,median
median_ensemble,HU,Cases,2021-05-17,456.927826086957,498.046141304348,0.917440751353468,,3,median
median_ensemble,HU,Deaths,2021-05-17,75.8016304347826,57.6170652173913,1.31561075089091,,3,median
median_ensemble,IT,Cases,2021-05-17,2945.51097826087,4209.95336956522,0.699654062573398,,3,median
median_ensemble,IT,Deaths,2021-05-17,52.839347826087,68.0210869565218,0.776808342681458,,3,median
median_ensemble,LT,Cases,2021-05-17,2565.68,2493.23989130435,1.02905460840263,,3,median
median_ensemble,LT,Deaths,2021-05-17,10.1352173913043,10.3267391304348,0.981453802917711,,3,median
median_ensemble,LU,Deaths,2021-05-17,1.07858695652174,1.06815217391304,1.00976900376514,,3,median
median_ensemble,LV,Cases,2021-05-17,1644.14576086957,1463.77456521739,1.12322334322388,,3,median
median_ensemble,LV,Deaths,2021-05-17,5.79652173913043,6.81913043478261,0.850038255547054,,3,median
median_ensemble,MT,Cases,2021-05-17,11.0354347826087,10.9715217391304,1.00582535814064,,3,median
median_ensemble,MT,Deaths,2021-05-17,0.39804347826087,0.423695652173913,0.93945613134941,,3,median
median_ensemble,NO,Cases,2021-05-17,360.038586956522,351.409239130435,1.0245564056524,,3,median
median_ensemble,PT,Cases,2021-05-17,611.443152173913,714.049836956522,0.856303188556212,,3,median
median_ensemble,PT,Deaths,2021-05-17,3.54739130434783,3.7345652173913,0.949880668257757,,3,median
median_ensemble,RO,Cases,2021-05-17,519.882282608696,885.584565217391,0.587049845974987,,3,median
median_ensemble,RO,Deaths,2021-05-17,266.436413043478,252.014782608696,1.05722533529779,,3,median
median_ensemble,SI,Cases,2021-05-17,445.841195652174,614.715217391304,0.725280882982223,,3,median
median_ensemble,SI,Deaths,2021-05-17,2.57619565217391,2.97434782608696,0.866137991521707,,3,median
median_ensemble,SK,Cases,2021-05-17,323.217608695652,444.585652173913,0.727008636277844,,3,median
median_ensemble,SK,Deaths,2021-05-17,34.8304347826087,54.0177173913044,0.644796493903973,,3,median
median_ensemble,AT,Cases,2021-05-24,203.727826086957,235.29277173913,0.865848213615461,,3,median
median_ensemble,AT,Deaths,2021-05-24,10.2782608695652,9.405,1.09285070383469,,3,median
median_ensemble,BE,Cases,2021-05-24,3025.61902173913,3598.91309782609,0.840703551182369,,3,median
median_ensemble,BE,Deaths,2021-05-24,8.22315217391304,9.68565217391305,0.849003456479777,,3,median
median_ensemble,BG,Cases,2021-05-24,141.074782608696,126.915108695652,1.11156807143426,,3,median
median_ensemble,BG,Deaths,2021-05-24,15.5483695652174,10.0114130434783,1.55306443732696,,3,median
median_ensemble,CY,Cases,2021-05-24,59.8448913043478,56.6540760869565,1.05632101761741,,3,median
median_ensemble,CY,Deaths,2021-05-24,1.43554347826087,1.41510869565217,1.014440433213,,3,median
median_ensemble,EE,Cases,2021-05-24,489.302065217391,420.278804347826,1.16423207679167,,3,median
median_ensemble,EE,Deaths,2021-05-24,3.74271739130435,4.2270652173913,0.885417470235799,,3,median
median_ensemble,ES,Cases,2021-05-24,4140.22510869565,4394.53902173913,0.9421295585759,,3,median
median_ensemble,FI,Cases,2021-05-24,561.911086956522,382.360652173913,1.46958397461081,,3,median
median_ensemble,FI,Deaths,2021-05-24,1.45869565217391,1.01163043478261,1.44192543247018,,3,median
median_ensemble,GR,Cases,2021-05-24,2843.56141304348,2736.14065217391,1.03925995572787,,3,median
median_ensemble,GR,Deaths,2021-05-24,55.605652173913,54.2170652173913,1.02561162156148,,3,median
median_ensemble,HR,Cases,2021-05-24,195.264456521739,213.185543478261,0.915936668762208,,3,median
median_ensemble,HR,Deaths,2021-05-24,17.6802173913044,23.8098913043478,0.742557669218584,,3,median
median_ensemble,HU,Cases,2021-05-24,311.012173913043,390.296358695652,0.796861582189565,,3,median
median_ensemble,HU,Deaths,2021-05-24,33.4204347826087,31.423152173913,1.0635608610378,,3,median
median_ensemble,IT,Cases,2021-05-24,1638.86923913043,3778.94282608696,0.433684581787511,,3,median
median_ensemble,IT,Deaths,2021-05-24,55.6580434782609,62.7,0.887688093752167,,3,median
median_ensemble,LT,Cases,2021-05-24,2260.54445652174,1401.33608695652,1.61313511980647,,3,median
median_ensemble,LT,Deaths,2021-05-24,13.3111956521739,13.965652173913,0.953138133931073,,3,median
median_ensemble,LU,Deaths,2021-05-24,1.24597826086957,1.18,1.05591378039794,,3,median
median_ensemble,LV,Cases,2021-05-24,1044.0725,965.371086956522,1.08152451850572,,3,median
median_ensemble,LV,Deaths,2021-05-24,4.9570652173913,8.54913043478261,0.579832680669277,,3,median
median_ensemble,MT,Cases,2021-05-24,4.97673913043478,5.89532608695652,0.844183859726755,,3,median
median_ensemble,MT,Deaths,2021-05-24,0.45054347826087,0.4375,1.02981366459627,,3,median
median_ensemble,NO,Cases,2021-05-24,990.092717391304,856.841358695652,1.15551462046428,,3,median
median_ensemble,PT,Cases,2021-05-24,927.413913043478,899.303043478261,1.03125850598314,,3,median
median_ensemble,PT,Deaths,2021-05-24,3.41260869565217,2.51576086956522,1.35649168286887,,3,median
median_ensemble,RO,Cases,2021-05-24,296.689565217391,754.06472826087,0.393453710401836,,3,median
median_ensemble,RO,Deaths,2021-05-24,398.66847826087,335.4975,1.1882904589777,,3,median
median_ensemble,SI,Cases,2021-05-24,252.772608695652,319.520054347826,0.791100919194532,,3,median
median_ensemble,SI,Deaths,2021-05-24,1.28826086956522,2.80934782608696,0.458562253346746,,3,median
median_ensemble,SK,Cases,2021-05-24,277.191847826087,395.760108695652,0.700403708548739,,3,median
median_ensemble,SK,Deaths,2021-05-24,10.8732608695652,11.5613043478261,0.940487382949118,,3,median
median_ensemble,AT,Cases,2021-05-31,442.091195652174,364.743532608696,1.2120604099277,,3,median
median_ensemble,AT,Deaths,2021-05-31,9.01891304347826,8.32978260869565,1.08273090273247,,3,median
median_ensemble,BE,Cases,2021-05-31,2246.76423913043,3104.02581521739,0.723822665428793,,3,median
median_ensemble,BE,Deaths,2021-05-31,12.316847826087,9.43635869565217,1.30525430659625,,3,median
median_ensemble,BG,Cases,2021-05-31,106.724347826087,135.780923913044,0.786003989002425,,3,median
median_ensemble,BG,Deaths,2021-05-31,13.7908695652174,13.598152173913,1.01417232200667,,3,median
median_ensemble,CY,Cases,2021-05-31,102.899673913044,238.447445652174,0.431540265116299,,3,median
median_ensemble,CY,Deaths,2021-05-31,1.51532608695652,1.51934782608696,0.997352983259408,,3,median
median_ensemble,EE,Cases,2021-05-31,78.3332608695652,126.012445652174,0.621631144956783,,3,median
median_ensemble,EE,Deaths,2021-05-31,1.97282608695652,2.14478260869565,0.919825663896209,,3,median
median_ensemble,ES,Cases,2021-05-31,2814.18663043478,3257.99559782609,0.863778524535933,,3,median
median_ensemble,FI,Cases,2021-05-31,117.723586956522,135.666141304348,0.867744787495839,,3,median
median_ensemble,FI,Deaths,2021-05-31,5.84021739130435,3.08423913043478,1.89356828193833,,3,median
median_ensemble,GR,Cases,2021-05-31,2233.02782608696,2495.22086956522,0.894921909849228,,3,median
median_ensemble,GR,Deaths,2021-05-31,35.1303260869565,35.6141304347826,0.986415382267664,,3,median
median_ensemble,HR,Cases,2021-05-31,122.540869565217,138.061304347826,0.88758302077527,,3,median
median_ensemble,HR,Deaths,2021-05-31,3.60152173913044,4.84836956521739,0.742831521129918,,3,median
median_ensemble,HU,Cases,2021-05-31,151.884347826087,222.246467391304,0.683405003503015,,3,median
median_ensemble,HU,Deaths,2021-05-31,14.3321739130435,11.4373369565217,1.2531041069723,,3,median
median_ensemble,IT,Cases,2021-05-31,1039.00673913044,1131.75,0.918053226534513,,3,median
median_ensemble,IT,Deaths,2021-05-31,70.4527173913044,57.7021739130435,1.22097163093848,,3,median
median_ensemble,LT,Cases,2021-05-31,156.075326086957,360.075923913044,0.433451157719303,,3,median
median_ensemble,LT,Deaths,2021-05-31,14.69,14.2157065217391,1.03336404543352,,3,median
median_ensemble,LU,Deaths,2021-05-31,1.90184782608696,1.44032608695652,1.32042864689457,,3,median
median_ensemble,LV,Cases,2021-05-31,365.849456521739,292.729076086957,1.24978858066379,,3,median
median_ensemble,LV,Deaths,2021-05-31,6.11869565217391,7.12923913043478,0.858253670585007,,3,median
median_ensemble,MT,Cases,2021-05-31,17.3264130434783,10.6488043478261,1.62707591176801,,3,median
median_ensemble,MT,Deaths,2021-05-31,0.199130434782609,0.292391304347826,0.681040892193309,,3,median
median_ensemble,NO,Cases,2021-05-31,425.04347826087,529.463206521739,0.802781898770935,,3,median
median_ensemble,PT,Cases,2021-05-31,1118.30673913043,1115.20875,1.00277794550162,,3,median
median_ensemble,PT,Deaths,2021-05-31,2.01282608695652,2.73336956521739,0.736390026643337,,3,median
median_ensemble,RO,Cases,2021-05-31,126.3675,110.5875,1.14269243811462,,3,median
median_ensemble,RO,Deaths,2021-05-31,534.826086956522,505.236413043478,1.05856599633189,,3,median
median_ensemble,SI,Cases,2021-05-31,186.441086956522,240.626684782609,0.774814676622253,,3,median
median_ensemble,SI,Deaths,2021-05-31,1.2175,2.23010869565217,0.545937515231272,,3,median
median_ensemble,SK,Cases,2021-05-31,386.050434782609,379.738695652174,1.01662126931677,,3,median
median_ensemble,SK,Deaths,2021-05-31,8.23163043478261,9.29152173913043,0.885929201469315,,3,median
median_ensemble,AT,Cases,2021-06-07,159.76597826087,211.343804347826,0.755952977916161,,3,median
median_ensemble,AT,Deaths,2021-06-07,5.63413043478261,4.83065217391304,1.16632914810315,,3,median
median_ensemble,BE,Cases,2021-06-07,1918.10304347826,2437.98798913043,0.78675655992973,,3,median
median_ensemble,BE,Deaths,2021-06-07,7.6829347826087,11.75,0.653866790009251,,3,median
median_ensemble,BG,Cases,2021-06-07,93.6579347826087,117.771956521739,0.795248185974738,,3,median
median_ensemble,BG,Deaths,2021-06-07,10.1255434782609,9.76239130434783,1.03719910036297,,3,median
median_ensemble,CY,Cases,2021-06-07,729.21097826087,808.052119565217,0.902430623724161,,3,median
median_ensemble,CY,Deaths,2021-06-07,1.44423913043478,1.42592391304348,1.01284445630217,,3,median
median_ensemble,EE,Cases,2021-06-07,61.4071739130435,59.888097826087,1.02536524187774,,3,median
median_ensemble,EE,Deaths,2021-06-07,2.01076086956522,2.5725,0.781636878353826,,3,median
median_ensemble,ES,Cases,2021-06-07,5859.26630434783,6902.39673913044,0.848874170203954,,3,median
median_ensemble,FI,Cases,2021-06-07,197.69652173913,233.35347826087,0.847197664301033,,3,median
median_ensemble,FI,Deaths,2021-06-07,1.53271739130435,2.15402173913043,0.7115607811475,,3,median
median_ensemble,GR,Cases,2021-06-07,1282.57097826087,1163.42260869565,1.10241194272372,,3,median
median_ensemble,GR,Deaths,2021-06-07,14.3829347826087,20.6613043478261,0.696129079775257,,3,median
median_ensemble,HR,Cases,2021-06-07,174.65097826087,132.395923913043,1.31915676177145,,3,median
median_ensemble,HR,Deaths,2021-06-07,4.02934782608696,4.28326086956522,0.940719687357255,,3,median
median_ensemble,HU,Cases,2021-06-07,101.334456521739,125.6675,0.806369638305363,,3,median
median_ensemble,HU,Deaths,2021-06-07,9.54826086956522,10.150597826087,0.940659952562229,,3,median
median_ensemble,IT,Cases,2021-06-07,885.315543478261,848.031413043478,1.04396550630238,,3,median
median_ensemble,IT,Deaths,2021-06-07,33.1263043478261,37.9648913043478,0.872551012520149,,3,median
median_ensemble,LT,Cases,2021-06-07,186.004239130435,225.531956521739,0.824735625048798,,3,median
median_ensemble,LT,Deaths,2021-06-07,6.31108695652174,6.50576086956522,0.970076687885319,,3,median
median_ensemble,LU,Deaths,2021-06-07,1.57347826086957,1.29304347826087,1.21687962340282,,3,median
median_ensemble,LV,Cases,2021-06-07,189.474673913044,180.036847826087,1.05242163590907,,3,median
median_ensemble,LV,Deaths,2021-06-07,5.36489130434783,5.63554347826087,0.951974077574402,,3,median
median_ensemble,MT,Cases,2021-06-07,20.1620652173913,14.413097826087,1.39887104498098,,3,median
median_ensemble,MT,Deaths,2021-06-07,0.173913043478261,0.305108695652174,0.570003562522266,,3,median
median_ensemble,NO,Cases,2021-06-07,187.481630434783,179.372880434783,1.04520610908597,,3,median
median_ensemble,PT,Cases,2021-06-07,1501.97369565217,1807.64826086957,0.830899311644652,,3,median
median_ensemble,PT,Deaths,2021-06-07,3.53923913043478,3.67880434782609,0.962062343034422,,3,median
median_ensemble,RO,Cases,2021-06-07,72.7836956521739,99.6111413043478,0.730678262482643,,3,median
median_ensemble,RO,Deaths,2021-06-07,188.188260869565,357.615652173913,0.526230492780688,,3,median
median_ensemble,SI,Cases,2021-06-07,283.16097826087,401.472989130435,0.705305178498256,,3,median
median_ensemble,SI,Deaths,2021-06-07,1.995,2.35130434782609,0.848465236686391,,3,median
median_ensemble,SK,Cases,2021-06-07,177.404130434783,187.74347826087,0.944928324957736,,3,median
median_ensemble,SK,Deaths,2021-06-07,4.73326086956522,6.42097826086957,0.737155722580536,,3,median
median_ensemble,AT,Cases,2021-06-14,269.412391304348,201.443695652174,1.33740790662187,,3,median
median_ensemble,AT,Deaths,2021-06-14,8.78684782608696,7.41065217391304,1.18570506615037,,3,median
median_ensemble,BE,Cases,2021-06-14,1475.64663043478,1203.33956521739,1.22629278807782,,3,median
median_ensemble,BE,Deaths,2021-06-14,5.65369565217391,6.30141304347826,0.897210770531109,,3,median
median_ensemble,BG,Cases,2021-06-14,88.384347826087,100.612663043478,0.878461469486132,,3,median
median_ensemble,BG,Deaths,2021-06-14,14.3098913043478,11.9272826086957,1.19976123429113,,3,median
median_ensemble,CY,Cases,2021-06-14,2151.8075,2036.31684782609,1.05671546267331,,3,median
median_ensemble,CY,Deaths,2021-06-14,1.53326086956522,1.665,0.920877399138269,,3,median
median_ensemble,EE,Cases,2021-06-14,54.4571739130435,50.7507065217391,1.07303282348821,,3,median
median_ensemble,EE,Deaths,2021-06-14,1.1004347826087,1.00195652173913,1.09828596224778,,3,median
median_ensemble,ES,Cases,2021-06-14,15979.3552173913,16086.8216847826,0.993319596033506,,3,median
median_ensemble,FI,Cases,2021-06-14,404.758152173913,464.461793478261,0.871456291684965,,3,median
median_ensemble,FI,Deaths,2021-06-14,1.18358695652174,1.50695652173913,0.785415464512406,,3,median
median_ensemble,GR,Cases,2021-06-14,2271.49130434783,2415.77864130435,0.940272947823308,,3,median
median_ensemble,GR,Deaths,2021-06-14,8.17097826086957,7.76467391304348,1.05232729054385,,3,median
median_ensemble,HR,Cases,2021-06-14,125.28902173913,119.014782608696,1.05271814973661,,3,median
median_ensemble,HR,Deaths,2021-06-14,2.14173913043478,2.30369565217391,0.9296970840804,,3,median
median_ensemble,HU,Cases,2021-06-14,58.9175,75.6528804347826,0.778787267072937,,3,median
median_ensemble,HU,Deaths,2021-06-14,7.73423913043478,3.50586956521739,2.20608296645377,,3,median
median_ensemble,IT,Cases,2021-06-14,1039.73543478261,1123.78652173913,0.925207247701772,,3,median
median_ensemble,IT,Deaths,2021-06-14,11.4705434782609,36.4429347826087,0.314753560510029,,3,median
median_ensemble,LT,Cases,2021-06-14,101.977826086957,135.546739130435,0.752344370223652,,3,median
median_ensemble,LT,Deaths,2021-06-14,2.37728260869565,2.86402173913044,0.830050476298911,,3,median
median_ensemble,LU,Deaths,2021-06-14,0.480869565217391,0.597173913043478,0.805242082271569,,3,median
median_ensemble,LV,Cases,2021-06-14,71.131847826087,194.50625,0.36570468982918,,3,median
median_ensemble,LV,Deaths,2021-06-14,5.76684782608696,7.03347826086957,0.819914075539346,,3,median
median_ensemble,MT,Cases,2021-06-14,69.7125,73.3871195652174,0.94992827641979,,3,median
median_ensemble,MT,Deaths,2021-06-14,0.151195652173913,0.197282608695652,0.766391184573003,,3,median
median_ensemble,NO,Cases,2021-06-14,195.711739130435,217.992717391304,0.897790263236755,,3,median
median_ensemble,PT,Cases,2021-06-14,4410.2002173913,3621.98668478261,1.21761911381958,,3,median
median_ensemble,PT,Deaths,2021-06-14,6.49434782608696,4.36173913043478,1.48893540669856,,3,median
median_ensemble,RO,Cases,2021-06-14,58.0909782608696,68.6911956521739,0.845683026905226,,3,median
median_ensemble,RO,Deaths,2021-06-14,144.9475,135.460543478261,1.07003483286084,,3,median
median_ensemble,SI,Cases,2021-06-14,241.103043478261,273.871576086957,0.880350735637161,,3,median
median_ensemble,SI,Deaths,2021-06-14,1.73554347826087,2.42347826086957,0.71613742375314,,3,median
median_ensemble,SK,Cases,2021-06-14,64.8230434782609,84.5435869565218,0.766741107301225,,3,median
median_ensemble,SK,Deaths,2021-06-14,4.8495652173913,5.43489130434783,0.892302153956921,,3,median
median_ensemble,AT,Cases,2021-06-21,345.554456521739,330.956630434783,1.04410797290201,,3,median
median_ensemble,AT,Deaths,2021-06-21,5.94565217391304,6.67989130434783,0.890082173948418,,3,median
median_ensemble,BE,Cases,2021-06-21,4206.03554347826,3385.96451086957,1.24219717305841,,3,median
median_ensemble,BE,Deaths,2021-06-21,5.59836956521739,3.73163043478261,1.50024758964201,,3,median
median_ensemble,BG,Cases,2021-06-21,94.7554347826087,81.5161413043478,1.1624131523698,,3,median
median_ensemble,BG,Deaths,2021-06-21,9.66434782608696,9.14489130434783,1.05680291918748,,3,median
median_ensemble,CY,Cases,2021-06-21,3592.89282608696,3355.32043478261,1.07080468048344,,3,median
median_ensemble,CY,Deaths,2021-06-21,1.59445652173913,1.57972826086957,1.00932328757698,,3,median
median_ensemble,EE,Cases,2021-06-21,72.1463043478261,70.2423369565218,1.02710569542245,,3,median
median_ensemble,EE,Deaths,2021-06-21,0.473478260869565,0.481956521739131,0.982408660351827,,3,median
median_ensemble,ES,Cases,2021-06-21,55987.6145652174,57930.5680978261,0.966460651148325,,3,median
median_ensemble,FI,Cases,2021-06-21,869.79347826087,889.824673913044,0.977488603947016,,3,median
median_ensemble,FI,Deaths,2021-06-21,1.09728260869565,1.08967391304348,1.0069825436409,,3,median
median_ensemble,GR,Cases,2021-06-21,7284.64510869565,6933.85407608696,1.05059106072314,,3,median
median_ensemble,GR,Deaths,2021-06-21,8.5229347826087,7.99152173913044,1.06649710290797,,3,median
median_ensemble,HR,Cases,2021-06-21,228.341086956522,157.515,1.44964661750641,,3,median
median_ensemble,HR,Deaths,2021-06-21,1.78521739130435,2.10532608695652,0.847952914450927,,3,median
median_ensemble,HU,Cases,2021-06-21,69.5066304347826,58.1202717391304,1.1959102797516,,3,median
median_ensemble,HU,Deaths,2021-06-21,6.01184782608696,2.4975,2.4071462767115,,3,median
median_ensemble,IT,Cases,2021-06-21,3255.45826086957,3331.06239130435,0.977303298001219,,3,median
median_ensemble,IT,Deaths,2021-06-21,19.0428260869565,17.8960869565217,1.06407764631569,,3,median
median_ensemble,LT,Cases,2021-06-21,141.260760869565,111.414891304348,1.26788043515376,,3,median
median_ensemble,LT,Deaths,2021-06-21,1.72771739130435,2.59608695652174,0.665508290068665,,3,median
median_ensemble,LU,Deaths,2021-06-21,0.376630434782609,0.352934782608696,1.06713889744379,,3,median
median_ensemble,LV,Cases,2021-06-21,62.9076086956522,58.5929891304348,1.07363713012853,,3,median
median_ensemble,LV,Deaths,2021-06-21,7.3554347826087,7.38815217391304,0.995571640846832,,3,median
median_ensemble,MT,Cases,2021-06-21,406.990760869565,404.097391304348,1.00716007979135,,3,median
median_ensemble,MT,Deaths,2021-06-21,0.0197826086956522,0.0957608695652174,0.206583427922815,,3,median
median_ensemble,NO,Cases,2021-06-21,271.363586956522,193.043804347826,1.40570990026481,,3,median
median_ensemble,PT,Cases,2021-06-21,1744.89032608696,2000.26407608696,0.872329982299348,,3,median
median_ensemble,PT,Deaths,2021-06-21,6.8145652173913,6.98,0.976298741746605,,3,median
median_ensemble,RO,Cases,2021-06-21,90.9031521739131,80.979402173913,1.12254659498088,,3,median
median_ensemble,RO,Deaths,2021-06-21,159.858043478261,197.821086956522,0.808094050728755,,3,median
median_ensemble,SI,Cases,2021-06-21,96.7065217391304,90.7510326086957,1.06562447786257,,3,median
median_ensemble,SI,Deaths,2021-06-21,1.19108695652174,1.57782608695652,0.754891154588041,,3,median
median_ensemble,SK,Cases,2021-06-21,72.326847826087,79.8652717391304,0.905610739826107,,3,median
median_ensemble,SK,Deaths,2021-06-21,3.57619565217391,4.55108695652174,0.785789347981849,,3,median
median_ensemble,AT,Cases,2021-06-28,898.128913043478,746.572663043478,1.20300267810794,,3,median
median_ensemble,AT,Deaths,2021-06-28,3.52032608695652,3.70989130434783,0.948902757024406,,3,median
median_ensemble,BE,Cases,2021-06-28,5500.48184782609,5260.03206521739,1.04571260776121,,3,median
median_ensemble,BE,Deaths,2021-06-28,4.46608695652174,2.34402173913044,1.90530952932993,,3,median
median_ensemble,BG,Cases,2021-06-28,161.927391304348,108.227608695652,1.49617452751548,,3,median
median_ensemble,BG,Deaths,2021-06-28,11.2973913043478,9.57510869565217,1.1798708154068,,3,median
median_ensemble,CY,Cases,2021-06-28,2878.2122826087,3243.11255434783,0.887484548986765,,3,median
median_ensemble,CY,Deaths,2021-06-28,2.21771739130435,3.2041847826087,0.692131553505097,,3,median
median_ensemble,EE,Cases,2021-06-28,212.528369565217,182.39277173913,1.16522364093018,,3,median
median_ensemble,EE,Deaths,2021-06-28,0.3775,0.386739130434783,0.9761101742552,,3,median
median_ensemble,ES,Cases,2021-06-28,100116.621521739,96770.7256521739,1.03457549632925,,3,median
median_ensemble,FI,Cases,2021-06-28,804.535869565217,909.407173913043,0.884681683456949,,3,median
median_ensemble,FI,Deaths,2021-06-28,1.06097826086957,1.16097826086957,0.913865742907968,,3,median
median_ensemble,GR,Cases,2021-06-28,11799.184673913,11172.9526630435,1.05604892724024,,3,median
median_ensemble,GR,Deaths,2021-06-28,5.82369565217391,5.3570652173913,1.08710561022624,,3,median
median_ensemble,HR,Cases,2021-06-28,261.793260869565,261.895217391304,0.999610697275213,,3,median
median_ensemble,HR,Deaths,2021-06-28,1.18152173913043,1.64489130434783,0.718297759862552,,3,median
median_ensemble,HU,Cases,2021-06-28,86.6998913043478,67.21,1.28998499188138,,3,median
median_ensemble,HU,Deaths,2021-06-28,2.47945652173913,2.26771739130435,1.09337103963955,,3,median
median_ensemble,IT,Cases,2021-06-28,10352.0251086957,10258.0711956522,1.00915902329507,,3,median
median_ensemble,IT,Deaths,2021-06-28,20.6746739130435,17.9180434782609,1.15384662048215,,3,median
median_ensemble,LT,Cases,2021-06-28,333.840434782609,367.722717391304,0.907859153089417,,3,median
median_ensemble,LT,Deaths,2021-06-28,1.25315217391304,1.30663043478261,0.959071624656851,,3,median
median_ensemble,LU,Deaths,2021-06-28,0.398804347826087,0.346521739130435,1.150878293601,,3,median
median_ensemble,LV,Cases,2021-06-28,159.2125,81.4657608695652,1.95434865274155,,3,median
median_ensemble,LV,Deaths,2021-06-28,2.14304347826087,2.14304347826087,1,,3,median
median_ensemble,MT,Cases,2021-06-28,711.437934782609,702.916902173913,1.01212238969122,,3,median
median_ensemble,MT,Deaths,2021-06-28,0.183260869565217,0.213369565217391,0.858889454915945,,3,median
median_ensemble,NO,Cases,2021-06-28,163.940652173913,149.604347826087,1.09582812636229,,3,median
median_ensemble,PT,Cases,2021-06-28,1733.58684782609,1969.02233695652,0.880430259874886,,3,median
median_ensemble,PT,Deaths,2021-06-28,5.31630434782609,6.78217391304348,0.783864350278864,,3,median
median_ensemble,RO,Cases,2021-06-28,148.05402173913,118.5425,1.24895309057199,,3,median
median_ensemble,RO,Deaths,2021-06-28,482.288913043478,343.826630434783,1.40270959359257,,3,median
median_ensemble,SI,Cases,2021-06-28,154.799673913043,155.759673913043,0.993836658899684,,3,median
median_ensemble,SI,Deaths,2021-06-28,1.09945652173913,1.11489130434783,0.986155796041727,,3,median
median_ensemble,SK,Cases,2021-06-28,92.1836956521739,89.2352173913044,1.03304164372616,,3,median
median_ensemble,SK,Deaths,2021-06-28,3.19521739130435,3.83423913043478,0.833338058114812,,3,median
median_ensemble,AT,Cases,2021-07-05,1597.03793478261,1405.55173913043,1.13623560792621,,3,median
median_ensemble,AT,Deaths,2021-07-05,3.97804347826087,4.58576086956522,0.867477304510654,,3,median
median_ensemble,BE,Cases,2021-07-05,5083.55673913044,5122.32054347826,0.992432374346978,,3,median
median_ensemble,BE,Deaths,2021-07-05,3.83228260869565,3.67771739130435,1.04202748633072,,3,median
median_ensemble,BG,Cases,2021-07-05,295.338369565217,271.869456521739,1.0863241989142,,3,median
median_ensemble,BG,Deaths,2021-07-05,6.45271739130435,6.09695652173913,1.05835056692576,,3,median
median_ensemble,CY,Cases,2021-07-05,1254.92217391304,1205.88309782609,1.04066652578128,,3,median
median_ensemble,CY,Deaths,2021-07-05,2.60163043478261,3.7695652173913,0.690167243367935,,3,median
median_ensemble,EE,Cases,2021-07-05,414.832717391304,336.672336956522,1.23215563577734,,3,median
median_ensemble,EE,Deaths,2021-07-05,0.321086956521739,0.294021739130435,1.09205175600739,,3,median
median_ensemble,ES,Cases,2021-07-05,65200.0106521739,58884.1143478261,1.10725976563119,,3,median
median_ensemble,FI,Cases,2021-07-05,753.033804347826,730.269565217391,1.03117237827604,,3,median
median_ensemble,FI,Deaths,2021-07-05,1.35967391304348,1.5770652173913,0.862154524777724,,3,median
median_ensemble,GR,Cases,2021-07-05,5603.00467391304,8047.90940217391,0.696206231198322,,3,median
median_ensemble,GR,Deaths,2021-07-05,7.48630434782609,8.15923913043478,0.917524811829748,,3,median
median_ensemble,HR,Cases,2021-07-05,292.836086956522,156.518315217391,1.87093814899423,,3,median
median_ensemble,HR,Deaths,2021-07-05,1.36978260869565,1.64021739130435,0.835122597746852,,3,median
median_ensemble,HU,Cases,2021-07-05,151.617826086957,113.36972826087,1.33737487434102,,3,median
median_ensemble,HU,Deaths,2021-07-05,2.05271739130435,1.89413043478261,1.08372546769195,,3,median
median_ensemble,IT,Cases,2021-07-05,17259.7433695652,17229.3010869565,1.00176689016316,,3,median
median_ensemble,IT,Deaths,2021-07-05,16.0852173913043,14.2219565217391,1.13101297748429,,3,median
median_ensemble,LT,Cases,2021-07-05,694.151195652174,717.84527173913,0.966992781007594,,3,median
median_ensemble,LT,Deaths,2021-07-05,0.731086956521739,0.97445652173913,0.750250976017847,,3,median
median_ensemble,LU,Deaths,2021-07-05,0.382065217391304,0.369239130434783,1.03473653223432,,3,median
median_ensemble,LV,Cases,2021-07-05,97.5570652173913,88.5464673913043,1.10176123442923,,3,median
median_ensemble,LV,Deaths,2021-07-05,1.93032608695652,2.12108695652174,0.910064569027365,,3,median
median_ensemble,MT,Cases,2021-07-05,863.318260869565,816.312010869565,1.05758368047277,,3,median
median_ensemble,MT,Deaths,2021-07-05,0.31445652173913,0.370978260869565,0.847641371227659,,3,median
median_ensemble,NO,Cases,2021-07-05,213.853804347826,202.278967391304,1.05722214773882,,3,median
median_ensemble,PT,Cases,2021-07-05,6568.76586956522,5000.86413043478,1.31352616232629,,3,median
median_ensemble,PT,Deaths,2021-07-05,10.0821739130435,11.0986956521739,0.908410702393544,,3,median
median_ensemble,RO,Cases,2021-07-05,301.845869565217,238.877065217391,1.26360339068349,,3,median
median_ensemble,RO,Deaths,2021-07-05,331.275869565217,225.187065217391,1.47111411237324,,3,median
median_ensemble,SI,Cases,2021-07-05,257.767608695652,227.158586956522,1.13474736812388,,3,median
median_ensemble,SI,Deaths,2021-07-05,0.708260869565218,0.682391304347826,1.03791016247213,,3,median
median_ensemble,SK,Cases,2021-07-05,152.162391304348,120.628858695652,1.26140952463336,,3,median
median_ensemble,SK,Deaths,2021-07-05,1.5975,1.90978260869565,0.836482640865111,,3,median
median_ensemble,AT,Cases,2021-07-12,1725.1222826087,1344.12032608696,1.28345822105892,,3,median
median_ensemble,AT,Deaths,2021-07-12,4.69510869565217,4.30934782608696,1.08951722746305,,3,median
median_ensemble,BE,Cases,2021-07-12,1131.14826086957,1318.15815217391,0.858127880181957,,3,median
median_ensemble,BE,Deaths,2021-07-12,7.41641304347826,4.50380434782609,1.6466996500543,,3,median
median_ensemble,BG,Cases,2021-07-12,923.923369565217,797.467065217391,1.15857244751964,,3,median
median_ensemble,BG,Deaths,2021-07-12,7.26684782608696,5.54782608695652,1.30985501567398,,3,median
median_ensemble,CY,Cases,2021-07-12,4439.9247826087,6456.2822826087,0.687690622600027,,3,median
median_ensemble,CY,Deaths,2021-07-12,9.69739130434783,6.40347826086957,1.51439435089625,,3,median
median_ensemble,EE,Cases,2021-07-12,546.505108695652,298.769565217391,1.82918600928446,,3,median
median_ensemble,EE,Deaths,2021-07-12,0.842391304347826,0.750869565217391,1.12188766647365,,3,median
median_ensemble,ES,Cases,2021-07-12,263276.35826087,101562.505217391,2.59225939432407,,3,median
median_ensemble,FI,Cases,2021-07-12,835.245,834.663043478261,1.0006972352811,,3,median
median_ensemble,FI,Deaths,2021-07-12,3.61086956521739,2.13934782608696,1.68783660197135,,3,median
median_ensemble,GR,Cases,2021-07-12,1613.76380434783,4383.64315217391,0.36813302276841,,3,median
median_ensemble,GR,Deaths,2021-07-12,100.383260869565,52.4572826086957,1.9136191559592,,3,median
median_ensemble,HR,Cases,2021-07-12,189.87152173913,239.533423913043,0.792672348757719,,3,median
median_ensemble,HR,Deaths,2021-07-12,2.47336956521739,2.50173913043478,0.988660062565172,,3,median
median_ensemble,HU,Cases,2021-07-12,187.480108695652,152.435326086957,1.22989935147122,,3,median
median_ensemble,HU,Deaths,2021-07-12,1.92369565217391,1.85641304347826,1.03624333977399,,3,median
median_ensemble,IT,Cases,2021-07-12,15898.6259782609,8038.46032608696,1.97781979798614,,3,median
median_ensemble,IT,Deaths,2021-07-12,21.4320652173913,16.1011956521739,1.33108532312615,,3,median
median_ensemble,LT,Cases,2021-07-12,728.079239130435,1329.97565217391,0.547438021094862,,3,median
median_ensemble,LT,Deaths,2021-07-12,2.00271739130435,1.73489130434783,1.15437629221227,,3,median
median_ensemble,LU,Deaths,2021-07-12,4.49608695652174,0.715489130434783,6.28393467527535,,3,median
median_ensemble,LV,Cases,2021-07-12,176.361847826087,156.775652173913,1.12493136134715,,3,median
median_ensemble,LV,Deaths,2021-07-12,1.03228260869565,1.52820652173913,0.675486325971763,,3,median
median_ensemble,MT,Cases,2021-07-12,261.293369565217,652.614130434783,0.400379577118778,,3,median
median_ensemble,MT,Deaths,2021-07-12,16.3719565217391,0.504619565217391,32.4441572428648,,3,median
median_ensemble,NO,Cases,2021-07-12,458.654130434783,459.104891304348,0.999018174543328,,3,median
median_ensemble,PT,Cases,2021-07-12,10804.6256521739,4554.09217391304,2.37250921579178,,3,median
median_ensemble,PT,Deaths,2021-07-12,17.5589130434783,14.0263043478261,1.25185598487314,,3,median
median_ensemble,RO,Cases,2021-07-12,594.519347826087,583.55,1.01879761430227,,3,median
median_ensemble,RO,Deaths,2021-07-12,131.449673913044,102.934565217391,1.2770217043753,,3,median
median_ensemble,SI,Cases,2021-07-12,307.103152173913,225.921086956522,1.35933814904589,,3,median
median_ensemble,SI,Deaths,2021-07-12,0.543913043478261,0.723967391304348,0.75129494782674,,3,median
median_ensemble,SK,Cases,2021-07-12,208.155434782609,191.760760869565,1.08549545714514,,3,median
median_ensemble,SK,Deaths,2021-07-12,1.58836956521739,1.64771739130435,0.963981792994261,,3,median
median_ensemble,AT,Cases,2021-07-19,1251.8725,762.016086956522,1.64284261373005,,3,median
median_ensemble,AT,Deaths,2021-07-19,5.54880434782609,3.58826086956522,1.54637707500303,,3,median
median_ensemble,BE,Cases,2021-07-19,875.793695652174,3020.82929347826,0.289918300760306,,3,median
median_ensemble,BE,Deaths,2021-07-19,10.6902173913043,5.13673913043478,2.08112912099539,,3,median
median_ensemble,BG,Cases,2021-07-19,1872.92619565217,1363.64809782609,1.3734673913585,,3,median
median_ensemble,BG,Deaths,2021-07-19,13.6627173913043,13.6321739130435,1.00224054347133,,3,median
median_ensemble,CY,Cases,2021-07-19,1219.0527173913,1614.27413043478,0.755170819136505,,3,median
median_ensemble,CY,Deaths,2021-07-19,11.8927173913043,6.81728260869565,1.74449528850906,,3,median
median_ensemble,EE,Cases,2021-07-19,631.228804347826,467.961141304348,1.34889149682045,,3,median
median_ensemble,EE,Deaths,2021-07-19,0.848152173913044,0.885760869565218,0.95754080255246,,3,median
median_ensemble,ES,Cases,2021-07-19,135377.451195652,224500.908967391,0.603015158461188,,3,median
median_ensemble,FI,Cases,2021-07-19,922.542065217391,844.940543478261,1.09184258269781,,3,median
median_ensemble,FI,Deaths,2021-07-19,1.79619565217391,2.3545652173913,0.762856615270981,,3,median
median_ensemble,GR,Cases,2021-07-19,7968.07793478261,7703.83907608696,1.03429963373922,,3,median
median_ensemble,GR,Deaths,2021-07-19,63.4427173913044,62.7729347826087,1.01066992663343,,3,median
median_ensemble,HR,Cases,2021-07-19,266.912826086957,200.697282608696,1.32992745401223,,3,median
median_ensemble,HR,Deaths,2021-07-19,1.55021739130435,2.40130434782609,0.645573058120587,,3,median
median_ensemble,HU,Cases,2021-07-19,124.666739130435,112.868369565217,1.10453211657674,,3,median
median_ensemble,HU,Deaths,2021-07-19,1.63673913043478,2.05891304347826,0.79495301446521,,3,median
median_ensemble,IT,Cases,2021-07-19,10344.1734782609,10253.2559782609,1.00886718328234,,3,median
median_ensemble,IT,Deaths,2021-07-19,181.217282608696,103.521413043478,1.75052945357871,,3,median
median_ensemble,LT,Cases,2021-07-19,1844.34608695652,926.221304347826,1.99125854512186,,3,median
median_ensemble,LT,Deaths,2021-07-19,2.70663043478261,4.4120652173913,0.613461112069178,,3,median
median_ensemble,LU,Deaths,2021-07-19,0.721630434782609,0.74554347826087,0.96792535355008,,3,median
median_ensemble,LV,Cases,2021-07-19,248.651739130435,220.077717391304,1.12983605099977,,3,median
median_ensemble,LV,Deaths,2021-07-19,0.874130434782609,1.06347826086957,0.821954210956664,,3,median
median_ensemble,MT,Cases,2021-07-19,367.84902173913,513.421739130435,0.716465614335193,,3,median
median_ensemble,MT,Deaths,2021-07-19,1.3375,1.08244565217391,1.23562785560074,,3,median
median_ensemble,NO,Cases,2021-07-19,877.880217391305,934.81875,0.939091366525655,,3,median
median_ensemble,PT,Cases,2021-07-19,8956.79608695652,6963.20108695652,1.28630438430601,,3,median
median_ensemble,PT,Deaths,2021-07-19,9.18586956521739,9.68260869565217,0.948697799730579,,3,median
median_ensemble,RO,Cases,2021-07-19,674.186630434783,477.325597826087,1.41242504802858,,3,median
median_ensemble,RO,Deaths,2021-07-19,15.6626086956522,15.8292391304348,0.989473250520157,,3,median
median_ensemble,SI,Cases,2021-07-19,325.832717391304,315.031195652174,1.03428714961631,,3,median
median_ensemble,SI,Deaths,2021-07-19,0.503260869565217,0.562717391304348,0.894340351554955,,3,median
median_ensemble,SK,Cases,2021-07-19,235.15652173913,210.733967391304,1.11589282283324,,3,median
median_ensemble,SK,Deaths,2021-07-19,1.66608695652174,1.67152173913044,0.996748601898816,,3,median
median_ensemble,AT,Cases,2021-07-26,1507.86782608696,677.430326086957,2.22586407490326,,3,median
median_ensemble,AT,Deaths,2021-07-26,7.10695652173913,3.71239130434783,1.91438777302805,,3,median
median_ensemble,BE,Cases,2021-07-26,858.041304347826,2931.57342391304,0.292689685801053,,3,median
median_ensemble,BE,Deaths,2021-07-26,3.94728260869565,5.16304347826087,0.764526315789474,,3,median
median_ensemble,BG,Cases,2021-07-26,3184.19913043478,2079.58135869565,1.53117314555655,,3,median
median_ensemble,BG,Deaths,2021-07-26,28.6496739130435,28.2732608695652,1.0133133933583,,3,median
median_ensemble,CY,Cases,2021-07-26,1518.15445652174,1712.59054347826,0.886466681894889,,3,median
median_ensemble,CY,Deaths,2021-07-26,4.60358695652174,3.12413043478261,1.47355785957832,,3,median
median_ensemble,EE,Cases,2021-07-26,346.108586956522,346.346902173913,0.999311917571962,,3,median
median_ensemble,EE,Deaths,2021-07-26,1.07130434782609,0.901739130434783,1.18804243008679,,3,median
median_ensemble,ES,Cases,2021-07-26,48457.1997826087,66723.0371739131,0.726243915670466,,3,median
median_ensemble,FI,Cases,2021-07-26,551.589021739131,599.048423913044,0.920775349238207,,3,median
median_ensemble,FI,Deaths,2021-07-26,3.5725,3.06565217391304,1.16533115870089,,3,median
median_ensemble,GR,Cases,2021-07-26,2134.76434782609,1851.66869565217,1.15288677334052,,3,median
median_ensemble,GR,Deaths,2021-07-26,36.2591304347826,15.4344565217391,2.34923273026895,,3,median
median_ensemble,HR,Cases,2021-07-26,397.264239130435,251.344673913044,1.58055562883292,,3,median
median_ensemble,HR,Deaths,2021-07-26,2.30641304347826,2.52,0.915243271221532,,3,median
median_ensemble,HU,Cases,2021-07-26,80.3770652173913,159.83777173913,0.502866527372353,,3,median
median_ensemble,HU,Deaths,2021-07-26,1.64847826086957,2.06315217391304,0.799009535851641,,3,median
median_ensemble,IT,Cases,2021-07-26,36799.0809782609,17996.9361956522,2.04474142588509,,3,median
median_ensemble,IT,Deaths,2021-07-26,236.149456521739,140.420217391304,1.68173401885335,,3,median
median_ensemble,LT,Cases,2021-07-26,278.098804347826,310.620543478261,0.895300746157149,,3,median
median_ensemble,LT,Deaths,2021-07-26,7.53445652173913,7.59413043478261,0.992142100592563,,3,median
median_ensemble,LU,Deaths,2021-07-26,0.734347826086957,0.75054347826087,0.978421433743664,,3,median
median_ensemble,LV,Cases,2021-07-26,199.095326086957,168.31902173913,1.18284507615262,,3,median
median_ensemble,LV,Deaths,2021-07-26,1.18663043478261,1.56413043478261,0.758651841556637,,3,median
median_ensemble,MT,Cases,2021-07-26,604.881413043478,597.992608695652,1.0115198820983,,3,median
median_ensemble,MT,Deaths,2021-07-26,1.87239130434783,1.57483695652174,1.18894295475722,,3,median
median_ensemble,NO,Cases,2021-07-26,782.589456521739,1199.89880434783,0.65221288135802,,3,median
median_ensemble,PT,Cases,2021-07-26,3185.43543478261,4804.12347826087,0.663062772886046,,3,median
median_ensemble,PT,Deaths,2021-07-26,12.2226086956522,12.6740217391304,0.964382809752918,,3,median
median_ensemble,RO,Cases,2021-07-26,493.978586956522,408.531467391304,1.20915676364135,,3,median
median_ensemble,RO,Deaths,2021-07-26,10.4975,11.6359782608696,0.902158784130928,,3,median
median_ensemble,SI,Cases,2021-07-26,455.191847826087,503.74097826087,0.903622828934039,,3,median
median_ensemble,SI,Deaths,2021-07-26,0.899565217391304,0.904673913043478,0.994352997717169,,3,median
median_ensemble,SK,Cases,2021-07-26,226.742608695652,182.200869565217,1.24446501949592,,3,median
median_ensemble,SK,Deaths,2021-07-26,1.64130434782609,1.84315217391304,0.890487704192959,,3,median
median_ensemble,AT,Cases,2021-08-02,1446.4425,876.92,1.6494577612553,,3,median
median_ensemble,AT,Deaths,2021-08-02,4.72532608695652,4.7675,0.991153872460728,,3,median
median_ensemble,BE,Cases,2021-08-02,1355.16869565217,1418.92331521739,0.955068312091658,,3,median
median_ensemble,BE,Deaths,2021-08-02,5.65065217391304,5.55423913043478,1.01735846102663,,3,median
median_ensemble,BG,Cases,2021-08-02,1043.76608695652,2431.42489130435,0.429281649081329,,3,median
median_ensemble,BG,Deaths,2021-08-02,65.8434782608696,59.7746739130435,1.10152802099188,,3,median
median_ensemble,CY,Cases,2021-08-02,1210.71739130435,878.923315217391,1.37750059685798,,3,median
median_ensemble,CY,Deaths,2021-08-02,4.53913043478261,3.78315217391304,1.19982761097543,,3,median
median_ensemble,EE,Cases,2021-08-02,1954.80369565217,186.350543478261,10.4899275267218,,3,median
median_ensemble,EE,Deaths,2021-08-02,1.27010869565217,1.41358695652174,0.898500576701269,,3,median
median_ensemble,ES,Cases,2021-08-02,31310.4816304348,38522.7248369565,0.812779515544479,,3,median
median_ensemble,FI,Cases,2021-08-02,1128.16413043478,1347.33315217391,0.837331233640691,,3,median
median_ensemble,FI,Deaths,2021-08-02,3.76391304347826,3.1395652173913,1.19886442321008,,3,median
median_ensemble,GR,Cases,2021-08-02,1717.76119565217,1906.19336956522,0.901147398306173,,3,median
median_ensemble,GR,Deaths,2021-08-02,38.2675,38.423152173913,0.995949000404534,,3,median
median_ensemble,HR,Cases,2021-08-02,387.839456521739,416.348532608696,0.931525935954839,,3,median
median_ensemble,HR,Deaths,2021-08-02,3.55108695652174,3.43347826086957,1.03425351399266,,3,median
median_ensemble,HU,Cases,2021-08-02,205.884456521739,181.363097826087,1.1352058880201,,3,median
median_ensemble,HU,Deaths,2021-08-02,1.78869565217391,2.47336956521739,0.72318171830367,,3,median
median_ensemble,IT,Cases,2021-08-02,6118.6322826087,5902.35576086957,1.03664240694757,,3,median
median_ensemble,IT,Deaths,2021-08-02,73.8764130434783,60.0772826086957,1.22968965698168,,3,median
median_ensemble,LT,Cases,2021-08-02,816.177934782609,618.398097826087,1.31982607587539,,3,median
median_ensemble,LT,Deaths,2021-08-02,15.7494565217391,6.84945652173913,2.29937316511942,,3,median
median_ensemble,LU,Deaths,2021-08-02,0.848260869565217,0.855869565217391,0.991109982219964,,3,median
median_ensemble,LV,Cases,2021-08-02,162.393913043478,178.754293478261,0.908475594535735,,3,median
median_ensemble,LV,Deaths,2021-08-02,1.36532608695652,1.38760869565217,0.983941720194266,,3,median
median_ensemble,MT,Cases,2021-08-02,317.083695652174,154.311086956522,2.05483417883975,,3,median
median_ensemble,MT,Deaths,2021-08-02,1.83989130434783,1.70608695652174,1.07842762487258,,3,median
median_ensemble,NO,Cases,2021-08-02,1385.86130434783,1436.48913043478,0.964755858562165,,3,median
median_ensemble,PT,Cases,2021-08-02,925.3975,2408.1885326087,0.384271201141197,,3,median
median_ensemble,PT,Deaths,2021-08-02,14.946847826087,16.1303260869565,0.926630233357368,,3,median
median_ensemble,RO,Cases,2021-08-02,639.196630434783,694.458913043478,0.920423970992744,,3,median
median_ensemble,RO,Deaths,2021-08-02,14.9658695652174,16.2985869565217,0.918231108324941,,3,median
median_ensemble,SI,Cases,2021-08-02,846.301956521739,703.07847826087,1.20370909178609,,3,median
median_ensemble,SI,Deaths,2021-08-02,1.65391304347826,1.52130434782609,1.08716776221778,,3,median
median_ensemble,SK,Cases,2021-08-02,182.743586956522,139.493097826087,1.31005468947544,,3,median
median_ensemble,SK,Deaths,2021-08-02,4.85934782608696,3.30597826086957,1.46986684201874,,3,median
median_ensemble,AT,Cases,2021-08-09,1940.37847826087,1470.24788043478,1.31976281284423,,3,median
median_ensemble,AT,Deaths,2021-08-09,3.4554347826087,3.77086956521739,0.916349590683731,,3,median
median_ensemble,BE,Cases,2021-08-09,2362.77923913043,1543.48858695652,1.5308044770123,,3,median
median_ensemble,BE,Deaths,2021-08-09,5.65608695652174,6.06271739130435,0.932929343636266,,3,median
median_ensemble,BG,Cases,2021-08-09,10053.4351086957,1341.03065217391,7.49679740160918,,3,median
median_ensemble,BG,Deaths,2021-08-09,59.3525,39.5746739130435,1.49975967282545,,3,median
median_ensemble,CY,Cases,2021-08-09,486.692065217391,354.962065217391,1.37111007881736,,3,median
median_ensemble,CY,Deaths,2021-08-09,5.20847826086957,3.35152173913044,1.55406369592009,,3,median
median_ensemble,EE,Cases,2021-08-09,207.785869565217,217.679293478261,0.95455045927907,,3,median
median_ensemble,EE,Deaths,2021-08-09,1.56967391304348,1.54076086956522,1.01876543209877,,3,median
median_ensemble,ES,Cases,2021-08-09,35962.9205434783,11478.8629347826,3.13296889664092,,3,median
median_ensemble,FI,Cases,2021-08-09,1836.13586956522,1483.53864130435,1.2376731002779,,3,median
median_ensemble,FI,Deaths,2021-08-09,3.73804347826087,1.86282608695652,2.00665188470067,,3,median
median_ensemble,GR,Cases,2021-08-09,2080.59130434783,2065.33972826087,1.0073845362476,,3,median
median_ensemble,GR,Deaths,2021-08-09,51.6055434782609,51.5517391304348,1.0010436960757,,3,median
median_ensemble,HR,Cases,2021-08-09,682.695652173913,655.400054347826,1.04164723155729,,3,median
median_ensemble,HR,Deaths,2021-08-09,3.2895652173913,4.88565217391304,0.67331138204147,,3,median
median_ensemble,HU,Cases,2021-08-09,258.775326086957,265.686141304348,0.973988800531847,,3,median
median_ensemble,HU,Deaths,2021-08-09,1.66108695652174,2.09782608695652,0.791813471502591,,3,median
median_ensemble,IT,Cases,2021-08-09,5856.31717391304,6004.51173913044,0.975319464486741,,3,median
median_ensemble,IT,Deaths,2021-08-09,78.2647826086957,46.7396739130435,1.67448285485052,,3,median
median_ensemble,LT,Cases,2021-08-09,852.338804347826,853.281956521739,0.998894676997791,,3,median
median_ensemble,LT,Deaths,2021-08-09,28.2607608695652,17.19,1.64402331992817,,3,median
median_ensemble,LU,Deaths,2021-08-09,0.832608695652174,0.833369565217391,0.999086996217556,,3,median
median_ensemble,LV,Cases,2021-08-09,253.080434782609,309.237663043478,0.818401071498933,,3,median
median_ensemble,LV,Deaths,2021-08-09,1.37684782608696,1.745,0.789024542170176,,3,median
median_ensemble,MT,Cases,2021-08-09,72.2051086956522,67.8423913043478,1.06430665705359,,3,median
median_ensemble,MT,Deaths,2021-08-09,1.90358695652174,1.77103260869565,1.07484579740387,,3,median
median_ensemble,NO,Cases,2021-08-09,2048.70847826087,1517.65891304348,1.34991364703446,,3,median
median_ensemble,PT,Cases,2021-08-09,1500.6825,1478.62592391304,1.01491694128329,,3,median
median_ensemble,PT,Deaths,2021-08-09,4.99032608695652,6.66826086956522,0.748369955010758,,3,median
median_ensemble,RO,Cases,2021-08-09,953.26,987.274076086956,0.96554748381344,,3,median
median_ensemble,RO,Deaths,2021-08-09,17.4759782608696,29.9930434782609,0.582667720051026,,3,median
median_ensemble,SI,Cases,2021-08-09,1131.32989130435,873.487717391305,1.29518694857335,,3,median
median_ensemble,SI,Deaths,2021-08-09,1.22641304347826,1.75782608695652,0.697687360870641,,3,median
median_ensemble,SK,Cases,2021-08-09,417.882608695652,432.989565217391,0.965110114110592,,3,median
median_ensemble,SK,Deaths,2021-08-09,2.69391304347826,2.09554347826087,1.28554385600913,,3,median
median_ensemble,AT,Cases,2021-08-16,733.992608695652,1185.37293478261,0.619208172515144,,3,median
median_ensemble,AT,Deaths,2021-08-16,13.3821739130435,9.95918478260869,1.34370173916365,,3,median
median_ensemble,BE,Cases,2021-08-16,2231.58782608696,1760.84836956522,1.26733673646072,,3,median
median_ensemble,BE,Deaths,2021-08-16,10.6901086956522,9.2720652173913,1.1529371768871,,3,median
median_ensemble,BG,Cases,2021-08-16,10896.7939130435,7161.35494565218,1.52161064431797,,3,median
median_ensemble,BG,Deaths,2021-08-16,112.688260869565,45.2650543478261,2.48952006118551,,3,median
median_ensemble,CY,Cases,2021-08-16,297.971739130435,216.338641304348,1.37733942181529,,3,median
median_ensemble,CY,Deaths,2021-08-16,3.80391304347826,3.38472826086957,1.12384591917019,,3,median
median_ensemble,EE,Cases,2021-08-16,450.963260869565,395.860760869565,1.13919667076615,,3,median
median_ensemble,EE,Deaths,2021-08-16,1.24815217391304,1.8491847826087,0.674974283614989,,3,median
median_ensemble,ES,Cases,2021-08-16,8099.09282608696,5326.82706521739,1.52043472163225,,3,median
median_ensemble,FI,Cases,2021-08-16,2863.45315217391,2539.06923913043,1.12775701743154,,3,median
median_ensemble,FI,Deaths,2021-08-16,3.66358695652174,3.07201086956522,1.19256965944272,,3,median
median_ensemble,GR,Cases,2021-08-16,2408.79902173913,4413.90282608696,0.545729962042367,,3,median
median_ensemble,GR,Deaths,2021-08-16,34.4644565217391,34.6964673913043,0.993313127041188,,3,median
median_ensemble,HR,Cases,2021-08-16,359.312826086957,505.119782608696,0.711341821203838,,3,median
median_ensemble,HR,Deaths,2021-08-16,16.7048913043478,11.2853804347826,1.48022402974221,,3,median
median_ensemble,HU,Cases,2021-08-16,336.015869565217,335.492717391304,1.00155935478415,,3,median
median_ensemble,HU,Deaths,2021-08-16,3.89380434782609,4.31510869565217,0.902365298874027,,3,median
median_ensemble,IT,Cases,2021-08-16,11011.9039130435,9147.5025,1.20381534883904,,3,median
median_ensemble,IT,Deaths,2021-08-16,51.7634782608696,44.7304347826087,1.15723172628305,,3,median
median_ensemble,LT,Cases,2021-08-16,759.250108695652,1079.53211956522,0.703314051462814,,3,median
median_ensemble,LT,Deaths,2021-08-16,7.83228260869565,8.25875,0.948361750712354,,3,median
median_ensemble,LU,Deaths,2021-08-16,1.41358695652174,1.07597826086957,1.31376906758258,,3,median
median_ensemble,LV,Cases,2021-08-16,236.663586956522,302.350869565217,0.782744853014135,,3,median
median_ensemble,LV,Deaths,2021-08-16,4.18217391304348,4.18135869565217,1.00019496471139,,3,median
median_ensemble,MT,Cases,2021-08-16,82.5052173913043,80.6389130434783,1.02314396706736,,3,median
median_ensemble,MT,Deaths,2021-08-16,0.951521739130435,1.1445652173913,0.831339031339031,,3,median
median_ensemble,NO,Cases,2021-08-16,1390.56532608696,1202.15614130435,1.15672605105871,,3,median
median_ensemble,PT,Cases,2021-08-16,1985.03532608696,1658.82130434783,1.19665410667449,,3,median
median_ensemble,PT,Deaths,2021-08-16,8.23521739130435,7.64788043478261,1.07679735078631,,3,median
median_ensemble,RO,Cases,2021-08-16,1339.30923913043,1302.44809782609,1.02830142818426,,3,median
median_ensemble,RO,Deaths,2021-08-16,68.591847826087,65.6048913043478,1.0455294790122,,3,median
median_ensemble,SI,Cases,2021-08-16,567.538043478261,668.077880434783,0.849508807429621,,3,median
median_ensemble,SI,Deaths,2021-08-16,2.87902173913044,3.18913043478261,0.902760736196319,,3,median
median_ensemble,SK,Cases,2021-08-16,655.783043478261,708.461739130435,0.925643555971235,,3,median
median_ensemble,SK,Deaths,2021-08-16,2.24326086956522,2.34701086956522,0.955794836169966,,3,median
median_ensemble,AT,Cases,2021-08-23,1271.88760869565,1335.15760869565,0.952612336110783,,3,median
median_ensemble,AT,Deaths,2021-08-23,12.6632608695652,14.4385869565217,0.877042948018218,,3,median
median_ensemble,BE,Cases,2021-08-23,1044.24989130435,1640.0402173913,0.63672212439117,,3,median
median_ensemble,BE,Deaths,2021-08-23,7.75206521739131,8.0666847826087,0.960997662150417,,3,median
median_ensemble,BG,Cases,2021-08-23,4190.20076086957,6177.41282608696,0.678309978438631,,3,median
median_ensemble,BG,Deaths,2021-08-23,157.633586956522,38.2772282608696,4.11820798209856,,3,median
median_ensemble,CY,Cases,2021-08-23,192.35,186.297119565217,1.03249046710389,,3,median
median_ensemble,CY,Deaths,2021-08-23,1.69913043478261,2.02336956521739,0.839752887456352,,3,median
median_ensemble,EE,Cases,2021-08-23,270.094891304348,172.444510869565,1.56627131790031,,3,median
median_ensemble,EE,Deaths,2021-08-23,7.83239130434783,4.70722826086957,1.66390726565296,,3,median
median_ensemble,ES,Cases,2021-08-23,6407.62054347826,3231.23532608696,1.98302503434125,,3,median
median_ensemble,FI,Cases,2021-08-23,573.152934782609,746.775326086957,0.767503845883453,,3,median
median_ensemble,FI,Deaths,2021-08-23,1.52619565217391,2.19684782608696,0.694720696650339,,3,median
median_ensemble,GR,Cases,2021-08-23,2429.37869565217,2427.08858695652,1.00094356205536,,3,median
median_ensemble,GR,Deaths,2021-08-23,49.6932608695652,49.3238043478261,1.00749043036368,,3,median
median_ensemble,HR,Cases,2021-08-23,568.379782608696,500.588532608696,1.1354230981815,,3,median
median_ensemble,HR,Deaths,2021-08-23,16.4366304347826,9.71494565217391,1.69189113591228,,3,median
median_ensemble,HU,Cases,2021-08-23,520.872717391304,620.267717391304,0.839754678160535,,3,median
median_ensemble,HU,Deaths,2021-08-23,6.55402173913044,6.82423913043478,0.960403293885287,,3,median
median_ensemble,IT,Cases,2021-08-23,7149.48195652174,7178.68902173913,0.995931420747027,,3,median
median_ensemble,IT,Deaths,2021-08-23,107.274347826087,41.9640760869565,2.55633765423065,,3,median
median_ensemble,LT,Cases,2021-08-23,527.020434782609,605.555489130435,0.870309070337054,,3,median
median_ensemble,LT,Deaths,2021-08-23,9.83510869565217,7.59923913043478,1.29422281979031,,3,median
median_ensemble,LU,Deaths,2021-08-23,1.53989130434783,1.50880434782609,1.02060370290325,,3,median
median_ensemble,LV,Cases,2021-08-23,422.110434782609,468.140706521739,0.901674280621455,,3,median
median_ensemble,LV,Deaths,2021-08-23,7.53858695652174,6.64461956521739,1.13454004138687,,3,median
median_ensemble,MT,Cases,2021-08-23,58.5785869565217,58.5785869565217,1,,3,median
median_ensemble,MT,Deaths,2021-08-23,2.4495652173913,2.33641304347826,1.04842986741103,,3,median
median_ensemble,NO,Cases,2021-08-23,2645.17315217391,2316.72076086957,1.1417747001935,,3,median
median_ensemble,PT,Cases,2021-08-23,3308.84989130435,2638.96255434783,1.25384495731205,,3,median
median_ensemble,PT,Deaths,2021-08-23,7.23119565217391,7.58521739130435,0.953327410294623,,3,median
median_ensemble,RO,Cases,2021-08-23,2918.2175,1935.11538043478,1.50803281783866,,3,median
median_ensemble,RO,Deaths,2021-08-23,40.5319565217391,80.7349456521739,0.50203732961388,,3,median
median_ensemble,SI,Cases,2021-08-23,583.762065217391,538.92597826087,1.08319526013797,,3,median
median_ensemble,SI,Deaths,2021-08-23,2.87423913043478,2.72614130434783,1.05432507326409,,3,median
median_ensemble,SK,Cases,2021-08-23,1543.80054347826,1483.5439673913,1.04061664326195,,3,median
median_ensemble,SK,Deaths,2021-08-23,2.16228260869565,2.21048913043478,0.978191920930347,,3,median
median_ensemble,AT,Cases,2021-08-30,3797.38869565217,2077.74451086957,1.82764949000535,,3,median
median_ensemble,AT,Deaths,2021-08-30,27.814347826087,18.0921739130435,1.53736902816495,,3,median
median_ensemble,BE,Cases,2021-08-30,1363.14380434783,1461.0335326087,0.932999670386698,,3,median
median_ensemble,BE,Deaths,2021-08-30,11.3548913043478,8.2425,1.37760282733974,,3,median
median_ensemble,BG,Cases,2021-08-30,11155.0908695652,4207.92548913044,2.65097157693978,,3,median
median_ensemble,BG,Deaths,2021-08-30,167.489130434783,84.2655434782609,1.9876348448164,,3,median
median_ensemble,CY,Cases,2021-08-30,136.753586956522,135.663315217391,1.00803659955813,,3,median
median_ensemble,CY,Deaths,2021-08-30,4.85097826086957,1.72130434782609,2.81819904016166,,3,median
median_ensemble,EE,Cases,2021-08-30,185.745217391304,276.932554347826,0.670723663488147,,3,median
median_ensemble,EE,Deaths,2021-08-30,6.36576086956522,4.33391304347826,1.46882524077047,,3,median
median_ensemble,ES,Cases,2021-08-30,3998.00902173913,3106.96652173913,1.28678857456798,,3,median
median_ensemble,FI,Cases,2021-08-30,308.664239130435,246.586902173913,1.25174628664072,,3,median
median_ensemble,FI,Deaths,2021-08-30,2.14141304347826,2.01413043478261,1.06319481921209,,3,median
median_ensemble,GR,Cases,2021-08-30,3650.6322826087,2185.37875,1.67048036071948,,3,median
median_ensemble,GR,Deaths,2021-08-30,30.2967391304348,25.5323913043478,1.18660014133794,,3,median
median_ensemble,HR,Cases,2021-08-30,1004.24423913043,670.599565217391,1.49753189715368,,3,median
median_ensemble,HR,Deaths,2021-08-30,10.9655434782609,10.0644565217391,1.08953160606093,,3,median
median_ensemble,HU,Cases,2021-08-30,406.102717391304,441.066521739131,0.920728954421742,,3,median
median_ensemble,HU,Deaths,2021-08-30,6.85032608695652,7.40467391304348,0.925135416819576,,3,median
median_ensemble,IT,Cases,2021-08-30,13668.9519565217,9430.70815217391,1.44940886049696,,3,median
median_ensemble,IT,Deaths,2021-08-30,43.4520652173913,35.4288043478261,1.22646151958152,,3,median
median_ensemble,LT,Cases,2021-08-30,1066.41152173913,1122.72565217391,0.94984159280075,,3,median
median_ensemble,LT,Deaths,2021-08-30,19.2439130434783,13.8089130434783,1.3935863730105,,3,median
median_ensemble,LU,Deaths,2021-08-30,1.08554347826087,0.863804347826087,1.2567006417516,,3,median
median_ensemble,LV,Cases,2021-08-30,382.83097826087,467.887717391304,0.818211216133934,,3,median
median_ensemble,LV,Deaths,2021-08-30,12.3496739130435,12.033152173913,1.02630414163769,,3,median
median_ensemble,MT,Cases,2021-08-30,42.8063043478261,45.2416304347826,0.946170682542772,,3,median
median_ensemble,MT,Deaths,2021-08-30,0.921630434782609,0.907282608695652,1.01581406493351,,3,median
median_ensemble,NO,Cases,2021-08-30,6976.74717391304,5902.68706521739,1.18196121475332,,3,median
median_ensemble,PT,Cases,2021-08-30,2996.34456521739,2912.41472826087,1.02881795512916,,3,median
median_ensemble,PT,Deaths,2021-08-30,7.42597826086957,7.99217391304348,0.929156239799804,,3,median
median_ensemble,RO,Cases,2021-08-30,2518.26663043478,3657.45869565217,0.688529068948444,,3,median
median_ensemble,RO,Deaths,2021-08-30,49.2680434782609,43.9620652173913,1.12069447225993,,3,median
median_ensemble,SI,Cases,2021-08-30,785.886630434783,729.97,1.07660127188074,,3,median
median_ensemble,SI,Deaths,2021-08-30,3.00728260869565,3.53152173913044,0.85155432440751,,3,median
median_ensemble,SK,Cases,2021-08-30,2316.74293478261,2793.04858695652,0.829467466338305,,3,median
median_ensemble,SK,Deaths,2021-08-30,5.27630434782609,4.77641304347826,1.10465830735271,,3,median
median_ensemble,AT,Cases,2021-09-06,2360.74597826087,2355.49494565217,1.002229269317,,3,median
median_ensemble,AT,Deaths,2021-09-06,24.4758695652174,23.4919565217391,1.0418829756716,,3,median
median_ensemble,BE,Cases,2021-09-06,1546.28282608696,1512.59739130435,1.02226992785804,,3,median
median_ensemble,BE,Deaths,2021-09-06,12.7645652173913,13.0257608695652,0.979947762377229,,3,median
median_ensemble,BG,Cases,2021-09-06,837.762717391304,1086.11032608696,0.771342189894833,,3,median
median_ensemble,BG,Deaths,2021-09-06,82.6442391304348,75.0080434782609,1.10180502380904,,3,median
median_ensemble,CY,Cases,2021-09-06,108.329782608696,128.988804347826,0.839838644573973,,3,median
median_ensemble,CY,Deaths,2021-09-06,4.0020652173913,3.13086956521739,1.2782599638939,,3,median
median_ensemble,EE,Cases,2021-09-06,328.982934782609,337.161467391304,0.975742979552276,,3,median
median_ensemble,EE,Deaths,2021-09-06,3.30489130434783,2.11521739130435,1.56243576567318,,3,median
median_ensemble,ES,Cases,2021-09-06,3191.8272826087,3408.57673913043,0.936410568659506,,3,median
median_ensemble,FI,Cases,2021-09-06,416.274130434783,334.342989130435,1.24505117190414,,3,median
median_ensemble,FI,Deaths,2021-09-06,4.05076086956522,3.88402173913044,1.04292950493941,,3,median
median_ensemble,GR,Cases,2021-09-06,1583.69130434783,1258.15690217391,1.25873911402579,,3,median
median_ensemble,GR,Deaths,2021-09-06,30.0820652173913,24.2197826086957,1.24204521995135,,3,median
median_ensemble,HR,Cases,2021-09-06,816.833913043478,878.808967391304,0.929478354628315,,3,median
median_ensemble,HR,Deaths,2021-09-06,9.10141304347826,8.38336956521739,1.08565093935976,,3,median
median_ensemble,HU,Cases,2021-09-06,411.770434782609,512.88277173913,0.802854877316973,,3,median
median_ensemble,HU,Deaths,2021-09-06,7.20130434782609,12.9529347826087,0.555959284029975,,3,median
median_ensemble,IT,Cases,2021-09-06,11122.0860869565,6606.1525,1.6835951163641,,3,median
median_ensemble,IT,Deaths,2021-09-06,37.3594565217391,44.6073913043478,0.837517178864879,,3,median
median_ensemble,LT,Cases,2021-09-06,1702.68663043478,1152.98483695652,1.47676411333325,,3,median
median_ensemble,LT,Deaths,2021-09-06,16.1865217391304,10.8053260869565,1.49801325835689,,3,median
median_ensemble,LU,Deaths,2021-09-06,1.02728260869565,0.935978260869565,1.09754964580188,,3,median
median_ensemble,LV,Cases,2021-09-06,309.4925,357.555869565217,0.865578015475843,,3,median
median_ensemble,LV,Deaths,2021-09-06,8.17315217391304,8.75880434782609,0.933135602685497,,3,median
median_ensemble,MT,Cases,2021-09-06,64.4132608695652,127.958043478261,0.503393605580634,,3,median
median_ensemble,MT,Deaths,2021-09-06,1.19065217391304,1.04907608695652,1.13495311609594,,3,median
median_ensemble,NO,Cases,2021-09-06,14630.005326087,13097.6030434783,1.11699868117256,,3,median
median_ensemble,PT,Cases,2021-09-06,3682.70195652174,2460.0264673913,1.49701720909816,,3,median
median_ensemble,PT,Deaths,2021-09-06,7.20619565217391,8.51565217391304,0.846229449606862,,3,median
median_ensemble,RO,Cases,2021-09-06,4604.48260869565,6258.47619565217,0.735719441082868,,3,median
median_ensemble,RO,Deaths,2021-09-06,71.9491304347826,78.5373913043478,0.916113067162692,,3,median
median_ensemble,SI,Cases,2021-09-06,972.761413043478,946.173369565217,1.0281006043221,,3,median
median_ensemble,SI,Deaths,2021-09-06,4.53489130434783,4.88771739130435,0.927813730068717,,3,median
median_ensemble,SK,Cases,2021-09-06,1675.58836956522,2362.23510869565,0.709323285983342,,3,median
median_ensemble,SK,Deaths,2021-09-06,16.9303260869565,13.3129347826087,1.27172004996775,,3,median
median_ensemble,AT,Cases,2021-09-13,3401.13630434783,3629.7464673913,0.937017594728102,,3,median
median_ensemble,AT,Deaths,2021-09-13,15.1363043478261,13.2271739130435,1.14433396334949,,3,median
median_ensemble,BE,Cases,2021-09-13,1078.22847826087,1363.78527173913,0.790614549522072,,3,median
median_ensemble,BE,Deaths,2021-09-13,8.90402173913044,7.91173913043478,1.12541902511403,,3,median
median_ensemble,BG,Cases,2021-09-13,1219.76010869565,1685.52864130435,0.72366620109863,,3,median
median_ensemble,BG,Deaths,2021-09-13,73.0478260869565,59.5483695652174,1.22669733227464,,3,median
median_ensemble,CY,Cases,2021-09-13,91.6508695652174,101.83472826087,0.899996210825405,,3,median
median_ensemble,CY,Deaths,2021-09-13,2.88847826086957,2.1929347826087,1.31717472118959,,3,median
median_ensemble,EE,Cases,2021-09-13,482.449673913043,416.746956521739,1.15765614208601,,3,median
median_ensemble,EE,Deaths,2021-09-13,3.44815217391304,3.39586956521739,1.01539594136099,,3,median
median_ensemble,ES,Cases,2021-09-13,1734.74804347826,1747.135,0.992910132003687,,3,median
median_ensemble,FI,Cases,2021-09-13,1146.00326086957,701.256739130435,1.63421354394486,,3,median
median_ensemble,FI,Deaths,2021-09-13,9.715,8.92065217391304,1.08904593639576,,3,median
median_ensemble,GR,Cases,2021-09-13,1708.73326086957,1396.1,1.22393328620412,,3,median
median_ensemble,GR,Deaths,2021-09-13,38.3155434782609,29.7644565217391,1.28729188958234,,3,median
median_ensemble,HR,Cases,2021-09-13,1391.80467391304,1283.22597826087,1.08461385406125,,3,median
median_ensemble,HR,Deaths,2021-09-13,16.2883695652174,16.0828260869565,1.01278030845758,,3,median
median_ensemble,HU,Cases,2021-09-13,506.418260869565,630.293586956522,0.803464086180681,,3,median
median_ensemble,HU,Deaths,2021-09-13,8.21576086956522,7.35989130434783,1.11628834310526,,3,median
median_ensemble,IT,Cases,2021-09-13,4944.55815217391,4916.00065217391,1.00580909198769,,3,median
median_ensemble,IT,Deaths,2021-09-13,33.905652173913,35.6416304347826,0.951293522779603,,3,median
median_ensemble,LT,Cases,2021-09-13,924.795108695652,1635.05945652174,0.565603351613261,,3,median
median_ensemble,LT,Deaths,2021-09-13,22.150652173913,17.4373913043478,1.27029621503017,,3,median
median_ensemble,LU,Deaths,2021-09-13,0.717065217391304,0.825978260869565,0.868140544808527,,3,median
median_ensemble,LV,Cases,2021-09-13,579.305434782609,559.084076086957,1.03616872588678,,3,median
median_ensemble,LV,Deaths,2021-09-13,6.71358695652174,6.69358695652174,1.00298793459021,,3,median
median_ensemble,MT,Cases,2021-09-13,59.7294565217391,59.7272826086957,1.00003639732043,,3,median
median_ensemble,MT,Deaths,2021-09-13,0.957717391304348,1.11141304347826,0.861711491442543,,3,median
median_ensemble,NO,Cases,2021-09-13,9245.9752173913,5825.13467391304,1.58725518549776,,3,median
median_ensemble,PT,Cases,2021-09-13,574.904021739131,667.831684782609,0.860851670921053,,3,median
median_ensemble,PT,Deaths,2021-09-13,5.73576086956522,6.71804347826087,0.85378442222438,,3,median
median_ensemble,RO,Cases,2021-09-13,6528.84358695652,9190.71440217391,0.710373894918575,,3,median
median_ensemble,RO,Deaths,2021-09-13,107.30652173913,184.910434782609,0.580316204790098,,3,median
median_ensemble,SI,Cases,2021-09-13,2876.37358695652,2909.02298913043,0.988776505962343,,3,median
median_ensemble,SI,Deaths,2021-09-13,4.57076086956522,4.82195652173913,0.94790586538028,,3,median
median_ensemble,SK,Cases,2021-09-13,2897.56239130435,1427.64820652174,2.02960531737986,,3,median
median_ensemble,SK,Deaths,2021-09-13,15.4515217391304,13.024347826087,1.18635665642943,,3,median
median_ensemble,AT,Cases,2021-09-20,1709.9472826087,1661.08619565217,1.02941514238359,,3,median
median_ensemble,AT,Deaths,2021-09-20,12.6444565217391,7.61788043478261,1.65983919411567,,3,median
median_ensemble,BE,Cases,2021-09-20,2949.24760869565,2212.34608695652,1.33308600588476,,3,median
median_ensemble,BE,Deaths,2021-09-20,15.8184782608696,11.6373913043478,1.35928043039677,,3,median
median_ensemble,BG,Cases,2021-09-20,1629.41152173913,2160.51565217391,0.754177142896241,,3,median
median_ensemble,BG,Deaths,2021-09-20,48.9623913043478,43.23625,1.13243843544128,,3,median
median_ensemble,CY,Cases,2021-09-20,279.892934782609,434.24,0.64455815858191,,3,median
median_ensemble,CY,Deaths,2021-09-20,1.16282608695652,1.27228260869565,0.913968389577104,,3,median
median_ensemble,EE,Cases,2021-09-20,957.687065217391,1293.60608695652,0.740323561301841,,3,median
median_ensemble,EE,Deaths,2021-09-20,4.87673913043478,4.90461956521739,0.994315474541526,,3,median
median_ensemble,ES,Cases,2021-09-20,2392.97913043478,1775.3414673913,1.3478979533729,,3,median
median_ensemble,FI,Cases,2021-09-20,914.515434782609,738.104891304348,1.23900470726663,,3,median
median_ensemble,FI,Deaths,2021-09-20,12.8909782608696,11.0751630434783,1.16395381361546,,3,median
median_ensemble,GR,Cases,2021-09-20,3321.85989130435,2035.56195652174,1.63191293719233,,3,median
median_ensemble,GR,Deaths,2021-09-20,28.0084782608696,24.4836413043478,1.14396702323424,,3,median
median_ensemble,HR,Cases,2021-09-20,3504.68369565217,2289.99032608696,1.53043602661887,,3,median
median_ensemble,HR,Deaths,2021-09-20,20.3223913043478,8.41190217391304,2.41590913496017,,3,median
median_ensemble,HU,Cases,2021-09-20,682.779239130435,669.810869565217,1.01936124084346,,3,median
median_ensemble,HU,Deaths,2021-09-20,15.1183695652174,10.1735326086957,1.48604915782107,,3,median
median_ensemble,IT,Cases,2021-09-20,1810.9902173913,2458.69043478261,0.736566991830929,,3,median
median_ensemble,IT,Deaths,2021-09-20,16.1938043478261,23.1132065217391,0.700629933479589,,3,median
median_ensemble,LT,Cases,2021-09-20,920.733260869565,1007.55815217391,0.913826421713711,,3,median
median_ensemble,LT,Deaths,2021-09-20,12.0126086956522,9.82364130434783,1.22282647782911,,3,median
median_ensemble,LU,Deaths,2021-09-20,0.547065217391304,0.564945652173913,0.968350168350169,,3,median
median_ensemble,LV,Cases,2021-09-20,1080.9077173913,1492.87369565217,0.724044988225947,,3,median
median_ensemble,LV,Deaths,2021-09-20,5.70228260869565,5.51309782608696,1.03431551345117,,3,median
median_ensemble,MT,Cases,2021-09-20,42.8813043478261,32.805597826087,1.30713375732866,,3,median
median_ensemble,MT,Deaths,2021-09-20,1.71728260869565,1.76739130434783,0.971648216482165,,3,median
median_ensemble,NO,Cases,2021-09-20,1495.7697826087,631.011847826087,2.37043058345387,,3,median
median_ensemble,PT,Cases,2021-09-20,842.123586956522,645.188586956522,1.305236335517,,3,median
median_ensemble,PT,Deaths,2021-09-20,11.6130434782609,10.386902173913,1.11804687132101,,3,median
median_ensemble,RO,Cases,2021-09-20,26598.4791304348,6351.94989130435,4.18745103245342,,3,median
median_ensemble,RO,Deaths,2021-09-20,425.289456521739,100.102880434783,4.24852366559838,,3,median
median_ensemble,SI,Cases,2021-09-20,6682.57173913044,4031.8,1.65746607945097,,3,median
median_ensemble,SI,Deaths,2021-09-20,10.9102173913043,9.66489130434783,1.12885050102905,,3,median
median_ensemble,SK,Cases,2021-09-20,3761.18467391304,1708.37945652174,2.20160963628702,,3,median
median_ensemble,SK,Deaths,2021-09-20,10.5022826086957,19.9250543478261,0.527089282937966,,3,median
median_ensemble,AT,Cases,2021-09-27,1491.53891304348,1898.04,0.785831127396408,,3,median
median_ensemble,AT,Deaths,2021-09-27,13.9036956521739,9.13190217391304,1.52254102019318,,3,median
median_ensemble,BE,Cases,2021-09-27,4872.10054347826,3851.23010869565,1.26507645764339,,3,median
median_ensemble,BE,Deaths,2021-09-27,12.5078260869565,12.7028260869565,0.984649085277155,,3,median
median_ensemble,BG,Cases,2021-09-27,4388.79913043478,4483.14673913043,0.978955047830098,,3,median
median_ensemble,BG,Deaths,2021-09-27,171.981413043478,107.68347826087,1.59710120643432,,3,median
median_ensemble,CY,Cases,2021-09-27,160.706956521739,186.960760869565,0.859575858454372,,3,median
median_ensemble,CY,Deaths,2021-09-27,1.7129347826087,1.68184782608696,1.01848381050863,,3,median
median_ensemble,EE,Cases,2021-09-27,1099.44086956522,1166.20804347826,0.942748487899374,,3,median
median_ensemble,EE,Deaths,2021-09-27,4.7304347826087,4.72092391304348,1.00201462038796,,3,median
median_ensemble,ES,Cases,2021-09-27,1973.16967391304,1892.3410326087,1.04271357007617,,3,median
median_ensemble,FI,Cases,2021-09-27,1114.08782608696,1114.18402173913,0.999913662689199,,3,median
median_ensemble,FI,Deaths,2021-09-27,13.7807608695652,11.2165760869565,1.22860673014027,,3,median
median_ensemble,GR,Cases,2021-09-27,2527.50663043478,2034.85989130435,1.24210351839735,,3,median
median_ensemble,GR,Deaths,2021-09-27,25.8126086956522,29.77625,0.866885813211945,,3,median
median_ensemble,HR,Cases,2021-09-27,1583.53108695652,1396.89163043478,1.1336105482024,,3,median
median_ensemble,HR,Deaths,2021-09-27,14.9705434782609,12.5963586956522,1.18848183351814,,3,median
median_ensemble,HU,Cases,2021-09-27,805.928260869565,775.698369565218,1.0389711935598,,3,median
median_ensemble,HU,Deaths,2021-09-27,11.7328260869565,26.7473913043478,0.438653099042572,,3,median
median_ensemble,IT,Cases,2021-09-27,4209.76902173913,2609.79880434783,1.61306266779102,,3,median
median_ensemble,IT,Deaths,2021-09-27,23.4889130434783,23.2634782608696,1.00969050199978,,3,median
median_ensemble,LT,Cases,2021-09-27,983.617391304348,1233.21717391304,0.797602735439772,,3,median
median_ensemble,LT,Deaths,2021-09-27,10.4855434782609,10.2638043478261,1.02160399038411,,3,median
median_ensemble,LU,Deaths,2021-09-27,0.750434782608696,0.687717391304348,1.09119645961751,,3,median
median_ensemble,LV,Cases,2021-09-27,2909.18586956522,3038.1975,0.957536786059898,,3,median
median_ensemble,LV,Deaths,2021-09-27,8.56489130434783,10.8670652173913,0.788151274793203,,3,median
median_ensemble,MT,Cases,2021-09-27,27.9559782608696,27.230652173913,1.02663638323181,,3,median
median_ensemble,MT,Deaths,2021-09-27,1.54,1.49978260869565,1.02681548050442,,3,median
median_ensemble,NO,Cases,2021-09-27,410.247717391304,364.06847826087,1.12684217911704,,3,median
median_ensemble,PT,Cases,2021-09-27,1152.67206521739,1045.42467391304,1.10258739245451,,3,median
median_ensemble,PT,Deaths,2021-09-27,15.5067391304348,11.2664673913043,1.37636213658268,,3,median
median_ensemble,RO,Cases,2021-09-27,34780.7452173913,13336.5095652174,2.60793463591869,,3,median
median_ensemble,RO,Deaths,2021-09-27,215.380326086957,169.103913043478,1.27365666595533,,3,median
median_ensemble,SI,Cases,2021-09-27,1162.2922826087,1101.22326086957,1.05545562276891,,3,median
median_ensemble,SI,Deaths,2021-09-27,4.56532608695652,8.08288043478261,0.564814254496554,,3,median
median_ensemble,SK,Cases,2021-09-27,3426.11326086957,1589.99706521739,2.15479219164542,,3,median
median_ensemble,SK,Deaths,2021-09-27,20.7926086956522,14.8480434782609,1.4003601704221,,3,median
median_ensemble,AT,Cases,2021-10-04,3438.62260869565,4857.93076086957,0.707836891458729,,3,median
median_ensemble,AT,Deaths,2021-10-04,20.4705434782609,27.3665217391304,0.748014076227698,,3,median
median_ensemble,BE,Cases,2021-10-04,10808.1858695652,10917.6243478261,0.989975980600335,,3,median
median_ensemble,BE,Deaths,2021-10-04,30.2108695652174,28.0445652173913,1.07724506802062,,3,median
median_ensemble,BG,Cases,2021-10-04,6437.95586956522,4437.71586956522,1.45073638303842,,3,median
median_ensemble,BG,Deaths,2021-10-04,202.817717391304,126.818695652174,1.59927301213989,,3,median
median_ensemble,CY,Cases,2021-10-04,272.111847826087,286.700489130435,0.94911539443621,,3,median
median_ensemble,CY,Deaths,2021-10-04,2.15978260869565,2.06804347826087,1.04436034899611,,3,median
median_ensemble,EE,Cases,2021-10-04,639.024565217391,1007.00961956522,0.634576425886869,,3,median
median_ensemble,EE,Deaths,2021-10-04,11.6963043478261,11.2854347826087,1.03640706566756,,3,median
median_ensemble,ES,Cases,2021-10-04,2053.2627173913,1890.88554347826,1.0858736132777,,3,median
median_ensemble,FI,Cases,2021-10-04,679.60597826087,714.382119565217,0.951319972390248,,3,median
median_ensemble,FI,Deaths,2021-10-04,12.4522826086957,13.043152173913,0.954698867471687,,3,median
median_ensemble,GR,Cases,2021-10-04,3167.13065217391,3347.21179347826,0.946199657381938,,3,median
median_ensemble,GR,Deaths,2021-10-04,27.7927173913043,29.0738043478261,0.955936727743113,,3,median
median_ensemble,HR,Cases,2021-10-04,3034.73119565217,3067.16782608696,0.989424566155493,,3,median
median_ensemble,HR,Deaths,2021-10-04,22.3907608695652,21.0085869565217,1.06579090330558,,3,median
median_ensemble,HU,Cases,2021-10-04,3264.58869565217,3278.03163043478,0.995899083261492,,3,median
median_ensemble,HU,Deaths,2021-10-04,31.3959782608696,35.8426086956522,0.875940100439118,,3,median
median_ensemble,IT,Cases,2021-10-04,4095.86847826087,3505.52195652174,1.16840474230687,,3,median
median_ensemble,IT,Deaths,2021-10-04,21.7301086956522,25.3589130434783,0.856902212582832,,3,median
median_ensemble,LT,Cases,2021-10-04,1704.49434782609,1018.81635869565,1.67301431045756,,3,median
median_ensemble,LT,Deaths,2021-10-04,17.0497826086957,16.9052173913043,1.00855151483977,,3,median
median_ensemble,LU,Deaths,2021-10-04,0.829021739130435,0.822717391304348,1.00766283524904,,3,median
median_ensemble,LV,Cases,2021-10-04,1352.10315217391,1150.54282608696,1.17518715645942,,3,median
median_ensemble,LV,Deaths,2021-10-04,17.720652173913,18.0759782608696,0.980342635854696,,3,median
median_ensemble,MT,Cases,2021-10-04,29.314347826087,36.2747826086957,0.808119186882731,,3,median
median_ensemble,MT,Deaths,2021-10-04,0.777065217391304,1.135,0.684638958054013,,3,median
median_ensemble,NO,Cases,2021-10-04,1480.95336956522,1202.32717391304,1.23173908208809,,3,median
median_ensemble,PT,Cases,2021-10-04,1441.12195652174,1228.15288043478,1.17340599812913,,3,median
median_ensemble,PT,Deaths,2021-10-04,14.4378260869565,10.208152173913,1.41434275674812,,3,median
median_ensemble,RO,Cases,2021-10-04,86992.6194565217,55424.1111956522,1.56958077594478,,3,median
median_ensemble,RO,Deaths,2021-10-04,1095.60141304348,187.579782608696,5.84072226658338,,3,median
median_ensemble,SI,Cases,2021-10-04,2272.48826086957,2707.69625,0.839270010758986,,3,median
median_ensemble,SI,Deaths,2021-10-04,5.82,6.22836956521739,0.934433954032216,,3,median
median_ensemble,SK,Cases,2021-10-04,3357.8227173913,2960.30179347826,1.13428391821023,,3,median
median_ensemble,SK,Deaths,2021-10-04,18.8963043478261,18.6429347826087,1.01359064804828,,3,median
median_ensemble,AT,Cases,2021-10-11,10987.1365217391,11285.2611413044,0.973582833765887,,3,median
median_ensemble,AT,Deaths,2021-10-11,49.3088043478261,42.8075,1.15187302103197,,3,median
median_ensemble,BE,Cases,2021-10-11,20171.9804347826,19484.655326087,1.03527519975041,,3,median
median_ensemble,BE,Deaths,2021-10-11,44.2419565217391,34.9804347826087,1.26476291094401,,3,median
median_ensemble,BG,Cases,2021-10-11,6355.88086956522,5912.2347826087,1.07503864499115,,3,median
median_ensemble,BG,Deaths,2021-10-11,78.7377173913044,103.37402173913,0.761677992852043,,3,median
median_ensemble,CY,Cases,2021-10-11,404.862826086957,461.841086956522,0.876627995042526,,3,median
median_ensemble,CY,Deaths,2021-10-11,1.62771739130435,1.50565217391304,1.08107132544037,,3,median
median_ensemble,EE,Cases,2021-10-11,603.840760869565,686.957119565217,0.879007937572206,,3,median
median_ensemble,EE,Deaths,2021-10-11,8.75760869565218,8.97021739130435,0.976298378692776,,3,median
median_ensemble,ES,Cases,2021-10-11,1817.97141304348,2247.91760869565,0.80873578551589,,3,median
median_ensemble,FI,Cases,2021-10-11,415.166630434783,516.231467391304,0.804225733337727,,3,median
median_ensemble,FI,Deaths,2021-10-11,10.2415217391304,12.0157608695652,0.85234067574291,,3,median
median_ensemble,GR,Cases,2021-10-11,7891.5072826087,7590.10179347826,1.03971033555695,,3,median
median_ensemble,GR,Deaths,2021-10-11,68.6606521739131,46.0707608695652,1.49033032834652,,3,median
median_ensemble,HR,Cases,2021-10-11,8413.99673913043,7004.20668478261,1.20127762040643,,3,median
median_ensemble,HR,Deaths,2021-10-11,42.4496739130435,38.7777173913044,1.09469243598548,,3,median
median_ensemble,HU,Cases,2021-10-11,8066.82858695652,8303.81706521739,0.971460296343286,,3,median
median_ensemble,HU,Deaths,2021-10-11,103.330543478261,105.787065217391,0.976778619067631,,3,median
median_ensemble,IT,Cases,2021-10-11,10437.3486956522,7610.75663043478,1.37139435702281,,3,median
median_ensemble,IT,Deaths,2021-10-11,58.844347826087,40.0847826086957,1.46799717989045,,3,median
median_ensemble,LT,Cases,2021-10-11,1696.2627173913,1088.11706521739,1.55889726538974,,3,median
median_ensemble,LT,Deaths,2021-10-11,11.826847826087,13.4467391304348,0.879532778271765,,3,median
median_ensemble,LU,Deaths,2021-10-11,1.5145652173913,1.39902173913044,1.08258876544169,,3,median
median_ensemble,LV,Cases,2021-10-11,5220.91543478261,3185.69369565217,1.63886297100945,,3,median
median_ensemble,LV,Deaths,2021-10-11,15.0808695652174,45.0497826086957,0.334760096318566,,3,median
median_ensemble,MT,Cases,2021-10-11,47.1730434782609,44.8641304347826,1.05146456692913,,3,median
median_ensemble,MT,Deaths,2021-10-11,0.598478260869565,0.608206521739131,0.984005004021088,,3,median
median_ensemble,NO,Cases,2021-10-11,2079.80586956522,2810.63972826087,0.739975973673485,,3,median
median_ensemble,PT,Cases,2021-10-11,1078.58293478261,1283.80918478261,0.840142715574393,,3,median
median_ensemble,PT,Deaths,2021-10-11,5.85445652173913,6.0345652173913,0.970153823985014,,3,median
median_ensemble,RO,Cases,2021-10-11,66074.332826087,44696.3691847826,1.47829307013561,,3,median
median_ensemble,RO,Deaths,2021-10-11,947.557391304348,347.01847826087,2.73056753649881,,3,median
median_ensemble,SI,Cases,2021-10-11,6169.02141304348,6807.1472826087,0.906256491438706,,3,median
median_ensemble,SI,Deaths,2021-10-11,50.2444565217391,13.2477173913043,3.79268782973277,,3,median
median_ensemble,SK,Cases,2021-10-11,6796.34554347826,6667.90402173913,1.01926265304965,,3,median
median_ensemble,SK,Deaths,2021-10-11,34.2046739130435,23.7971739130435,1.43734184731472,,3,median
median_ensemble,AT,Cases,2021-10-18,21020.9023913044,20163.1324456522,1.04254150231688,,3,median
median_ensemble,AT,Deaths,2021-10-18,95.8670652173913,69.8704347826087,1.37206910928302,,3,median
median_ensemble,BE,Cases,2021-10-18,18086.5611956522,24233.1857608696,0.746355075809198,,3,median
median_ensemble,BE,Deaths,2021-10-18,37.9928260869565,37.4726086956522,1.01388260410503,,3,median
median_ensemble,BG,Cases,2021-10-18,4912.36304347826,3630.82336956522,1.3529611725691,,3,median
median_ensemble,BG,Deaths,2021-10-18,93.6963043478261,180.739130434783,0.518406302622083,,3,median
median_ensemble,CY,Cases,2021-10-18,111.737608695652,249.942282608696,0.447053645863458,,3,median
median_ensemble,CY,Deaths,2021-10-18,2.20108695652174,1.85,1.18977673325499,,3,median
median_ensemble,EE,Cases,2021-10-18,1706.79576086957,1175.32152173913,1.45219476483678,,3,median
median_ensemble,EE,Deaths,2021-10-18,10.2332608695652,13.9272826086957,0.734763640336843,,3,median
median_ensemble,ES,Cases,2021-10-18,4999.12891304348,4938.24554347826,1.01232894740231,,3,median
median_ensemble,FI,Cases,2021-10-18,470.359021739131,549.394402173913,0.856140906929438,,3,median
median_ensemble,FI,Deaths,2021-10-18,8.69815217391304,13.6375,0.637811341808472,,3,median
median_ensemble,GR,Cases,2021-10-18,9734.39434782609,10817.6083695652,0.899865664874068,,3,median
median_ensemble,GR,Deaths,2021-10-18,46.8289130434783,54.0141304347826,0.866975227899302,,3,median
median_ensemble,HR,Cases,2021-10-18,10784.4476086957,10798.3844021739,0.998709363089959,,3,median
median_ensemble,HR,Deaths,2021-10-18,81.9303260869565,74.7914130434783,1.09545097161526,,3,median
median_ensemble,HU,Cases,2021-10-18,12492.4206521739,11397.6110326087,1.09605606090899,,3,median
median_ensemble,HU,Deaths,2021-10-18,145.645869565217,216.499130434783,0.672731891683469,,3,median
median_ensemble,IT,Cases,2021-10-18,16403.455,15529.7811956522,1.05625795968023,,3,median
median_ensemble,IT,Deaths,2021-10-18,90.9884782608696,80.7223913043478,1.12717768627314,,3,median
median_ensemble,LT,Cases,2021-10-18,2620.66423913044,1804.49135869565,1.45230079739741,,3,median
median_ensemble,LT,Deaths,2021-10-18,15.853152173913,32.98,0.480689877923379,,3,median
median_ensemble,LU,Deaths,2021-10-18,1.39184782608696,1.37554347826087,1.01185302252074,,3,median
median_ensemble,LV,Cases,2021-10-18,11727.8291304348,9503.43548913044,1.23406205512191,,3,median
median_ensemble,LV,Deaths,2021-10-18,19.9013043478261,38.6828260869565,0.5144738986518,,3,median
median_ensemble,MT,Cases,2021-10-18,59.9916304347826,51.3763043478261,1.16769065420956,,3,median
median_ensemble,MT,Deaths,2021-10-18,0.391630434782609,0.422934782608696,0.925983037779491,,3,median
median_ensemble,NO,Cases,2021-10-18,5294.2722826087,5203.0847826087,1.01752566098957,,3,median
median_ensemble,PT,Cases,2021-10-18,1100.33065217391,1327.93293478261,0.828604083348565,,3,median
median_ensemble,PT,Deaths,2021-10-18,16.8321739130435,8.13141304347826,2.07001831330455,,3,median
median_ensemble,RO,Cases,2021-10-18,52324.8242391304,38239.9257065217,1.36832965212081,,3,median
median_ensemble,RO,Deaths,2021-10-18,844.79902173913,401.00347826087,2.10671245397416,,3,median
median_ensemble,SI,Cases,2021-10-18,3884.82760869565,7896.85793478261,0.491945991782945,,3,median
median_ensemble,SI,Deaths,2021-10-18,21.5048913043478,28.7695652173913,0.747487532114251,,3,median
median_ensemble,SK,Cases,2021-10-18,12800.5015217391,16412.3474456522,0.779931180723946,,3,median
median_ensemble,SK,Deaths,2021-10-18,29.8985869565217,28.6372826086957,1.04404413522961,,3,median
median_ensemble,AT,Cases,2021-10-25,14653.147173913,14670.5231521739,0.998815585641996,,3,median
median_ensemble,AT,Deaths,2021-10-25,96.9009782608696,93.5676086956522,1.03562525121338,,3,median
median_ensemble,BE,Cases,2021-10-25,7443.39532608696,8484.64065217391,0.877278794851474,,3,median
median_ensemble,BE,Deaths,2021-10-25,16.5015217391304,22.1784239130435,0.74403491446593,,3,median
median_ensemble,BG,Cases,2021-10-25,12495.2209782609,9898.93858695652,1.26227886641557,,3,median
median_ensemble,BG,Deaths,2021-10-25,228.111956521739,85.4405434782609,2.6698326957597,,3,median
median_ensemble,CY,Cases,2021-10-25,373.439891304348,373.267065217391,1.00046300920456,,3,median
median_ensemble,CY,Deaths,2021-10-25,1.59217391304348,1.60630434782609,0.991203139802409,,3,median
median_ensemble,EE,Cases,2021-10-25,3236.31945652174,2197.9072826087,1.47245494936463,,3,median
median_ensemble,EE,Deaths,2021-10-25,15.4741304347826,16.908152173913,0.915187554241265,,3,median
median_ensemble,ES,Cases,2021-10-25,3167.24576086957,3167.24576086957,1,,3,median
median_ensemble,FI,Cases,2021-10-25,868.960543478261,1149.16663043478,0.756165833974393,,3,median
median_ensemble,FI,Deaths,2021-10-25,17.3340217391304,17.5764673913044,0.986206235486554,,3,median
median_ensemble,GR,Cases,2021-10-25,4620.92760869565,7606.62206521739,0.607487471978613,,3,median
median_ensemble,GR,Deaths,2021-10-25,81.7078260869565,81.606847826087,1.00123737484733,,3,median
median_ensemble,HR,Cases,2021-10-25,5142.60673913044,5040.18391304348,1.02032124776675,,3,median
median_ensemble,HR,Deaths,2021-10-25,90.0316304347826,70.1170108695652,1.28401980230252,,3,median
median_ensemble,HU,Cases,2021-10-25,5090.81347826087,7620.20847826087,0.668067480408715,,3,median
median_ensemble,HU,Deaths,2021-10-25,88.425,189.516739130435,0.466581476684978,,3,median
median_ensemble,IT,Cases,2021-10-25,7877.43065217391,7209.37809782609,1.09266438037828,,3,median
median_ensemble,IT,Deaths,2021-10-25,44.2972826086957,40.4325,1.09558604114748,,3,median
median_ensemble,LT,Cases,2021-10-25,2578.40695652174,2707.53956521739,0.952306289313529,,3,median
median_ensemble,LT,Deaths,2021-10-25,16.4564130434783,15.8672826086957,1.03712862809034,,3,median
median_ensemble,LU,Deaths,2021-10-25,1.74554347826087,1.44478260869565,1.20817032801685,,3,median
median_ensemble,LV,Cases,2021-10-25,16788.0033695652,13346.677173913,1.2578414200636,,3,median
median_ensemble,LV,Deaths,2021-10-25,41.7228260869565,29.2576630434783,1.4260478024152,,3,median
median_ensemble,MT,Cases,2021-10-25,132.267065217391,95.6338043478261,1.38305765539064,,3,median
median_ensemble,MT,Deaths,2021-10-25,0.531739130434783,0.439347826086957,1.2102919346858,,3,median
median_ensemble,NO,Cases,2021-10-25,3346.0427173913,5518.0352173913,0.606382994230539,,3,median
median_ensemble,PT,Cases,2021-10-25,2265.41858695652,3021.43315217391,0.749782792754014,,3,median
median_ensemble,PT,Deaths,2021-10-25,9.46293478260869,8.81472826086957,1.07353675604688,,3,median
median_ensemble,RO,Cases,2021-10-25,49982.5717391304,46999.8777173913,1.06346174004269,,3,median
median_ensemble,RO,Deaths,2021-10-25,1025.26739130435,496.488423913043,2.06503785772841,,3,median
median_ensemble,SI,Cases,2021-10-25,4369.33489130435,2647.17195652174,1.65056708180206,,3,median
median_ensemble,SI,Deaths,2021-10-25,22.5121739130435,21.9302173913044,1.02653674203749,,3,median
median_ensemble,SK,Cases,2021-10-25,13833.7351086957,16101.4141304348,0.859162741646848,,3,median
median_ensemble,SK,Deaths,2021-10-25,106.616086956522,69.2167934782609,1.54032109259738,,3,median
median_ensemble,AT,Cases,2021-11-01,16740.702826087,20326.3686956522,0.823595354229101,,3,median
median_ensemble,AT,Deaths,2021-11-01,99.3482608695652,110.673423913043,0.897670437553495,,3,median
median_ensemble,BE,Cases,2021-11-01,18804.3143478261,16306.6788043478,1.15316641564144,,3,median
median_ensemble,BE,Deaths,2021-11-01,72.0790217391304,32.6061413043478,2.21059649672558,,3,median
median_ensemble,BG,Cases,2021-11-01,19064.6764130435,19058.3642391304,1.00033120229175,,3,median
median_ensemble,BG,Deaths,2021-11-01,382.604130434783,183.480380434783,2.08525908616577,,3,median
median_ensemble,CY,Cases,2021-11-01,525.995869565217,444.235108695652,1.18404839975307,,3,median
median_ensemble,CY,Deaths,2021-11-01,2.37315217391304,2.12614130434783,1.11617801180951,,3,median
median_ensemble,EE,Cases,2021-11-01,7783.83032608696,6748.19543478261,1.15346842001142,,3,median
median_ensemble,EE,Deaths,2021-11-01,17.0264130434783,14.7577717391304,1.15372519269508,,3,median
median_ensemble,ES,Cases,2021-11-01,7449.00989130435,8774.49282608696,0.84893908274198,,3,median
median_ensemble,FI,Cases,2021-11-01,1150.51195652174,1305.82206521739,0.881063344821182,,3,median
median_ensemble,FI,Deaths,2021-11-01,14.614347826087,25.18375,0.580308644506356,,3,median
median_ensemble,GR,Cases,2021-11-01,7305.69608695652,7050.8097826087,1.03614993344119,,3,median
median_ensemble,GR,Deaths,2021-11-01,52.8806521739131,66.9539130434783,0.789806745717366,,3,median
median_ensemble,HR,Cases,2021-11-01,8375.41304347826,6165.18815217391,1.35850080107044,,3,median
median_ensemble,HR,Deaths,2021-11-01,45.1056521739131,43.8847282608696,1.02782115695888,,3,median
median_ensemble,HU,Cases,2021-11-01,13142.0797826087,4376.6377173913,3.00277990348309,,3,median
median_ensemble,HU,Deaths,2021-11-01,168.825,111.617880434783,1.51252648180005,,3,median
median_ensemble,IT,Cases,2021-11-01,5801.63293478261,6383.14059782609,0.908899443129684,,3,median
median_ensemble,IT,Deaths,2021-11-01,59.3861956521739,33.6591304347826,1.76434135062519,,3,median
median_ensemble,LT,Cases,2021-11-01,5299.60358695652,4422.7797826087,1.19825174380051,,3,median
median_ensemble,LT,Deaths,2021-11-01,15.2361956521739,35.0167391304348,0.435111778838692,,3,median
median_ensemble,LU,Deaths,2021-11-01,2.4429347826087,2.11559782608696,1.15472551185552,,3,median
median_ensemble,LV,Cases,2021-11-01,12328.7593478261,7945.8775,1.55159192270786,,3,median
median_ensemble,LV,Deaths,2021-11-01,70.0486956521739,47.0701630434783,1.48817618471962,,3,median
median_ensemble,MT,Cases,2021-11-01,255.00902173913,186.816141304348,1.3650267046448,,3,median
median_ensemble,MT,Deaths,2021-11-01,0.776304347826087,0.908478260869565,0.854510648480498,,3,median
median_ensemble,NO,Cases,2021-11-01,1274.28934782609,1742.0377173913,0.731493546382182,,3,median
median_ensemble,PT,Cases,2021-11-01,3970.18434782609,4793.35184782609,0.828268917840169,,3,median
median_ensemble,PT,Deaths,2021-11-01,20.9971739130435,24.4611413043478,0.85838897097215,,3,median
median_ensemble,RO,Cases,2021-11-01,31199.9531521739,32361.7741304348,0.964098971410587,,3,median
median_ensemble,RO,Deaths,2021-11-01,634.271413043478,510.078260869565,1.24347862220631,,3,median
median_ensemble,SI,Cases,2021-11-01,6141.4472826087,4300.89652173913,1.42794583677296,,3,median
median_ensemble,SI,Deaths,2021-11-01,10.2683695652174,10.4708695652174,0.980660631981065,,3,median
median_ensemble,SK,Cases,2021-11-01,5619.97173913044,6407.1177173913,0.877145073185676,,3,median
median_ensemble,SK,Deaths,2021-11-01,135.260108695652,99.846847826087,1.35467580239737,,3,median
median_ensemble,AT,Cases,2021-11-08,14475.2292391304,9518.19635869565,1.52079540005561,,3,median
median_ensemble,AT,Deaths,2021-11-08,60.4415217391304,77.5829347826087,0.779056913849555,,3,median
median_ensemble,BE,Cases,2021-11-08,9970.80858695652,32186.9945652174,0.309777558347476,,3,median
median_ensemble,BE,Deaths,2021-11-08,42.9798913043478,42.6458695652174,1.00783245229927,,3,median
median_ensemble,BG,Cases,2021-11-08,3166.28902173913,4558.85586956522,0.694535890655631,,3,median
median_ensemble,BG,Deaths,2021-11-08,179.251739130435,123.091304347826,1.45625022076225,,3,median
median_ensemble,CY,Cases,2021-11-08,798.779347826087,643.555489130435,1.24119731913932,,3,median
median_ensemble,CY,Deaths,2021-11-08,2.79336956521739,2.31184782608696,1.20828435751563,,3,median
median_ensemble,EE,Cases,2021-11-08,10047.3467391304,7351.15766304348,1.36677067744602,,3,median
median_ensemble,EE,Deaths,2021-11-08,26.3182608695652,33.0575,0.796135850247757,,3,median
median_ensemble,ES,Cases,2021-11-08,15521.334673913,17423.8451086957,0.890809954811115,,3,median
median_ensemble,FI,Cases,2021-11-08,900.139891304348,1699.23798913044,0.529731501450826,,3,median
median_ensemble,FI,Deaths,2021-11-08,11.191847826087,22.2915217391304,0.502067465696648,,3,median
median_ensemble,GR,Cases,2021-11-08,13029.3372826087,8173.84576086957,1.5940277886064,,3,median
median_ensemble,GR,Deaths,2021-11-08,37.9479347826087,36.0901086956522,1.05147743118824,,3,median
median_ensemble,HR,Cases,2021-11-08,16121.1088043478,9478.22059782609,1.70085815559572,,3,median
median_ensemble,HR,Deaths,2021-11-08,76.2983695652174,52.0608695652174,1.46556079839653,,3,median
median_ensemble,HU,Cases,2021-11-08,19618.0902173913,11173.0757065217,1.75583614867482,,3,median
median_ensemble,HU,Deaths,2021-11-08,326.673695652174,246.375434782609,1.32591829189634,,3,median
median_ensemble,IT,Cases,2021-11-08,8790.1475,12224.2858695652,0.719072475381553,,3,median
median_ensemble,IT,Deaths,2021-11-08,34.8175,46.9867391304348,0.741006944605092,,3,median
median_ensemble,LT,Cases,2021-11-08,3665.89630434783,2747.00135869565,1.33450836955119,,3,median
median_ensemble,LT,Deaths,2021-11-08,31.9695652173913,35.0686956521739,0.911626869002455,,3,median
median_ensemble,LU,Deaths,2021-11-08,2.81173913043478,1.99673913043478,1.4081654872074,,3,median
median_ensemble,LV,Cases,2021-11-08,3953.24282608696,3883.58163043478,1.01793735841839,,3,median
median_ensemble,LV,Deaths,2021-11-08,30.6113043478261,38.5411956521739,0.794248954393802,,3,median
median_ensemble,MT,Cases,2021-11-08,112.415869565217,111.857391304348,1.00499277029758,,3,median
median_ensemble,MT,Deaths,2021-11-08,0.986413043478261,0.963152173913043,1.02415077305045,,3,median
median_ensemble,NO,Cases,2021-11-08,2389.11565217391,2331.14891304348,1.02486616741045,,3,median
median_ensemble,PT,Cases,2021-11-08,6090.80967391304,5851.62576086957,1.04087477956005,,3,median
median_ensemble,PT,Deaths,2021-11-08,31.3114130434783,22.0920652173913,1.41731489271674,,3,median
median_ensemble,RO,Cases,2021-11-08,7337.67402173913,5871.8752173913,1.249630441738,,3,median
median_ensemble,RO,Deaths,2021-11-08,468.405543478261,590.696956521739,0.792970978276951,,3,median
median_ensemble,SI,Cases,2021-11-08,11949.7714130435,6044.06815217391,1.97710732443436,,3,median
median_ensemble,SI,Deaths,2021-11-08,15.5503260869565,14.519347826087,1.07100720178473,,3,median
median_ensemble,SK,Cases,2021-11-08,7089.21293478261,5982.43157608696,1.18500526827915,,3,median
median_ensemble,SK,Deaths,2021-11-08,86.5092391304348,32.8745652173913,2.63149454778704,,3,median
median_ensemble,AT,Cases,2021-11-15,31856.9310869565,50932.4777717391,0.625473813187093,,3,median
median_ensemble,AT,Deaths,2021-11-15,57.0726086956522,57.6082608695652,0.990701816617484,,3,median
median_ensemble,BE,Cases,2021-11-15,16990.6491304348,6018.26842391304,2.82317901656297,,3,median
median_ensemble,BE,Deaths,2021-11-15,36.1957608695652,41.5627173913043,0.870870894431412,,3,median
median_ensemble,BG,Cases,2021-11-15,1547.91119565217,1446.25842391304,1.07028672750206,,3,median
median_ensemble,BG,Deaths,2021-11-15,179.888804347826,166.81097826087,1.07839907315036,,3,median
median_ensemble,CY,Cases,2021-11-15,616.782391304348,917.3725,0.672335819205773,,3,median
median_ensemble,CY,Deaths,2021-11-15,2.50739130434783,2.365,1.06020773968196,,3,median
median_ensemble,EE,Cases,2021-11-15,2913.2947826087,2229.32961956522,1.3068030662854,,3,median
median_ensemble,EE,Deaths,2021-11-15,10.0516304347826,20.2597826086957,0.496137131820377,,3,median
median_ensemble,ES,Cases,2021-11-15,9214.37380434783,8110.29532608696,1.13613295618343,,3,median
median_ensemble,FI,Cases,2021-11-15,1208.08826086957,2862.02798913044,0.42210917065022,,3,median
median_ensemble,FI,Deaths,2021-11-15,9.70391304347826,16,0.606494565217391,,3,median
median_ensemble,GR,Cases,2021-11-15,17024.175326087,14203.3423369565,1.19860346404457,,3,median
median_ensemble,GR,Deaths,2021-11-15,57.1886956521739,48.5703260869565,1.17744104805448,,3,median
median_ensemble,HR,Cases,2021-11-15,27529.2147826087,17752.2575543478,1.55074444466171,,3,median
median_ensemble,HR,Deaths,2021-11-15,228.149565217391,150.084565217391,1.52014009493199,,3,median
median_ensemble,HU,Cases,2021-11-15,60053.8025,49707.3232608696,1.20814798626011,,3,median
median_ensemble,HU,Deaths,2021-11-15,848.436086956522,687.258043478261,1.23452332789374,,3,median
median_ensemble,IT,Cases,2021-11-15,9981.95782608696,9576.98456521739,1.04228609309243,,3,median
median_ensemble,IT,Deaths,2021-11-15,159.750760869565,42.2655434782609,3.77969257515244,,3,median
median_ensemble,LT,Cases,2021-11-15,1041.24369565217,1255.04369565217,0.829647365473677,,3,median
median_ensemble,LT,Deaths,2021-11-15,8.35467391304348,16.1970652173913,0.515814056491716,,3,median
median_ensemble,LU,Deaths,2021-11-15,2.14989130434783,1.98380434782609,1.0837214399211,,3,median
median_ensemble,LV,Cases,2021-11-15,1885.24597826087,1242.72527173913,1.5170255414719,,3,median
median_ensemble,LV,Deaths,2021-11-15,19.6101086956522,63.2253260869565,0.310162238921181,,3,median
median_ensemble,MT,Cases,2021-11-15,108.448695652174,104.553913043478,1.03725142842885,,3,median
median_ensemble,MT,Deaths,2021-11-15,1.17554347826087,0.998369565217391,1.17746325530757,,3,median
median_ensemble,NO,Cases,2021-11-15,3290.22108695652,3962.82793478261,0.830270993619867,,3,median
median_ensemble,PT,Cases,2021-11-15,2735.2097826087,2895.45619565217,0.944655901448585,,3,median
median_ensemble,PT,Deaths,2021-11-15,20.221847826087,19.7083695652174,1.02605381734752,,3,median
median_ensemble,RO,Cases,2021-11-15,1382.11902173913,2276.93869565217,0.607007568705426,,3,median
median_ensemble,RO,Deaths,2021-11-15,820.870760869565,141.287282608696,5.80994089286168,,3,median
median_ensemble,SI,Cases,2021-11-15,13215.1441304348,8988.87277173913,1.47016700158255,,3,median
median_ensemble,SI,Deaths,2021-11-15,32.1856521739131,19.835,1.6226696331693,,3,median
median_ensemble,SK,Cases,2021-11-15,11134.0257608696,9534.10222826087,1.16781061229512,,3,median
median_ensemble,SK,Deaths,2021-11-15,50.8032608695652,47.6454347826087,1.06627762137894,,3,median
median_ensemble,AT,Cases,2021-11-22,49381.4252173913,69380.9273913044,0.711743516181082,,3,median
median_ensemble,AT,Deaths,2021-11-22,178.686630434783,78.863097826087,2.26578254418602,,3,median
median_ensemble,BE,Cases,2021-11-22,35318.9416304348,16637.1930978261,2.12289064764475,,3,median
median_ensemble,BE,Deaths,2021-11-22,41.1104347826087,30.675597826087,1.3401673543799,,3,median
median_ensemble,BG,Cases,2021-11-22,1477.02043478261,1331.46543478261,1.10931939815904,,3,median
median_ensemble,BG,Deaths,2021-11-22,45.979347826087,42.5438586956522,1.08075170508184,,3,median
median_ensemble,CY,Cases,2021-11-22,846.735,507.331304347826,1.66899813345537,,3,median
median_ensemble,CY,Deaths,2021-11-22,1.80663043478261,2.13135869565217,0.847642603972767,,3,median
median_ensemble,EE,Cases,2021-11-22,856.399347826087,763.386413043478,1.12184253373306,,3,median
median_ensemble,EE,Deaths,2021-11-22,9.52934782608696,7.13684782608696,1.33523203216619,,3,median
median_ensemble,ES,Cases,2021-11-22,15630.3072826087,15302.4295652174,1.02142651374371,,3,median
median_ensemble,FI,Cases,2021-11-22,740.635217391304,931.810652173913,0.79483446091049,,3,median
median_ensemble,FI,Deaths,2021-11-22,10.7178260869565,13.9799456521739,0.766657206946286,,3,median
median_ensemble,GR,Cases,2021-11-22,6405.77369565217,4413.085,1.45154097318592,,3,median
median_ensemble,GR,Deaths,2021-11-22,60.8173913043478,44.5947282608696,1.36377983847282,,3,median
median_ensemble,HR,Cases,2021-11-22,8113.88782608696,1972.43891304348,4.11363199764053,,3,median
median_ensemble,HR,Deaths,2021-11-22,53.5546739130435,43.7302173913043,1.22466059187011,,3,median
median_ensemble,HU,Cases,2021-11-22,36753.8016304348,33717.5429891304,1.09004981894093,,3,median
median_ensemble,HU,Deaths,2021-11-22,435.108152173913,508.94597826087,0.854920110894148,,3,median
median_ensemble,IT,Cases,2021-11-22,15910.3586956522,18925.4659782609,0.840685175938492,,3,median
median_ensemble,IT,Deaths,2021-11-22,70.8113043478261,42.0610326086957,1.68353699269824,,3,median
median_ensemble,LT,Cases,2021-11-22,2241.21347826087,2066.64576086957,1.08446910481545,,3,median
median_ensemble,LT,Deaths,2021-11-22,8.98010869565217,9.8775,0.909147931728896,,3,median
median_ensemble,LU,Deaths,2021-11-22,2.28282608695652,1.98347826086957,1.15092064883823,,3,median
median_ensemble,LV,Cases,2021-11-22,1413.77108695652,1391.42179347826,1.01606219881205,,3,median
median_ensemble,LV,Deaths,2021-11-22,21.2394565217391,25.9954891304348,0.817043926935484,,3,median
median_ensemble,MT,Cases,2021-11-22,161.354456521739,117.978695652174,1.36765757266419,,3,median
median_ensemble,MT,Deaths,2021-11-22,1.12130434782609,1.21782608695652,0.920742591931453,,3,median
median_ensemble,NO,Cases,2021-11-22,5631.16880434783,4476.65951086957,1.25789526558253,,3,median
median_ensemble,PT,Cases,2021-11-22,1816.16760869565,1879.11744565217,0.966500317953956,,3,median
median_ensemble,PT,Deaths,2021-11-22,17.5125,11.5236956521739,1.51969476881284,,3,median
median_ensemble,RO,Cases,2021-11-22,1346.84206521739,1560.81168478261,0.8629113161752,,3,median
median_ensemble,RO,Deaths,2021-11-22,244.094239130435,144.039239130435,1.69463710447259,,3,median
median_ensemble,SI,Cases,2021-11-22,7913.245,6191.02532608696,1.2781800401714,,3,median
median_ensemble,SI,Deaths,2021-11-22,26.405,25.9060869565217,1.01925852577873,,3,median
median_ensemble,SK,Cases,2021-11-22,27821.9097826087,24637.5902717391,1.12924638634494,,3,median
median_ensemble,SK,Deaths,2021-11-22,55.1278260869565,32.4444565217391,1.69914469209921,,3,median
median_ensemble,AT,Cases,2021-11-29,19540.0891304348,17893.0683695652,1.09204797784549,,3,median
median_ensemble,AT,Deaths,2021-11-29,72.8429347826087,83.0380434782609,0.877223640290595,,3,median
median_ensemble,BE,Cases,2021-11-29,82979.3869565217,20871.8779347826,3.97565505201801,,3,median
median_ensemble,BE,Deaths,2021-11-29,87.2916304347826,51.0685326086957,1.70930367441024,,3,median
median_ensemble,BG,Cases,2021-11-29,862.170217391305,925.266739130435,0.931807208591083,,3,median
median_ensemble,BG,Deaths,2021-11-29,64.0004347826087,39.5815217391304,1.61692709048469,,3,median
median_ensemble,CY,Cases,2021-11-29,668.660434782609,775.803695652174,0.861893850892917,,3,median
median_ensemble,CY,Deaths,2021-11-29,3.29597826086957,1.70184782608696,1.93670562687616,,3,median
median_ensemble,EE,Cases,2021-11-29,786.844673913044,785.000434782609,1.00234934790953,,3,median
median_ensemble,EE,Deaths,2021-11-29,9.69478260869565,6.67521739130435,1.45235458867974,,3,median
median_ensemble,ES,Cases,2021-11-29,48647.7515217391,23483.2897826087,2.07159013801238,,3,median
median_ensemble,FI,Cases,2021-11-29,1205.49282608696,1997.1822826087,0.60359679563768,,3,median
median_ensemble,FI,Deaths,2021-11-29,7.34478260869565,5.98923913043478,1.22632983067458,,3,median
median_ensemble,GR,Cases,2021-11-29,2826.51663043478,3077.8127173913,0.918352378773223,,3,median
median_ensemble,GR,Deaths,2021-11-29,90.031847826087,51.3760869565218,1.75240765031947,,3,median
median_ensemble,HR,Cases,2021-11-29,6468.74684782609,3575.47586956522,1.80919885458847,,3,median
median_ensemble,HR,Deaths,2021-11-29,25.2597826086957,35.0811956521739,0.720037676570193,,3,median
median_ensemble,HU,Cases,2021-11-29,23726.71,23760.4729347826,0.998579029345279,,3,median
median_ensemble,HU,Deaths,2021-11-29,226.181086956522,222.750108695652,1.01540281295915,,3,median
median_ensemble,IT,Cases,2021-11-29,26028.1732608696,29912.8199456522,0.870134387468633,,3,median
median_ensemble,IT,Deaths,2021-11-29,47.5132608695652,61.1148913043478,0.777441632563045,,3,median
median_ensemble,LT,Cases,2021-11-29,3120.91836956522,1476.22369565217,2.11412293323638,,3,median
median_ensemble,LT,Deaths,2021-11-29,23.1847826086957,14.195652173913,1.63323124042879,,3,median
median_ensemble,LU,Deaths,2021-11-29,1.89358695652174,2.04826086956522,0.924485247293568,,3,median
median_ensemble,LV,Cases,2021-11-29,1107.93206521739,877.526195652174,1.26256295334179,,3,median
median_ensemble,LV,Deaths,2021-11-29,14.7740217391304,16.5153260869565,0.894564337473098,,3,median
median_ensemble,MT,Cases,2021-11-29,448.139673913044,669.670163043478,0.669194625420318,,3,median
median_ensemble,MT,Deaths,2021-11-29,1.54163043478261,2.14472826086957,0.718799888503155,,3,median
median_ensemble,NO,Cases,2021-11-29,2946.09880434783,2807.04630434783,1.04953694557322,,3,median
median_ensemble,PT,Cases,2021-11-29,4162.25869565217,4132.38043478261,1.00723027836887,,3,median
median_ensemble,PT,Deaths,2021-11-29,41.3957608695652,37.171847826087,1.11363204388548,,3,median
median_ensemble,RO,Cases,2021-11-29,885.766195652174,879.955,1.00660396912589,,3,median
median_ensemble,RO,Deaths,2021-11-29,95.5677173913043,80.9910869565218,1.17997820479441,,3,median
median_ensemble,SI,Cases,2021-11-29,659.671956521739,821.322880434783,0.803182246880215,,3,median
median_ensemble,SI,Deaths,2021-11-29,16.169347826087,20.1565217391304,0.802189387402934,,3,median
median_ensemble,SK,Cases,2021-11-29,40483.7825,30036.3383695652,1.34782682236064,,3,median
median_ensemble,SK,Deaths,2021-11-29,94.0158695652174,60.5783695652174,1.5519709467255,,3,median
median_ensemble,AT,Cases,2021-12-06,27103.8397826087,25848.6109782609,1.04856078361052,,3,median
median_ensemble,AT,Deaths,2021-12-06,71.1010869565217,76.3744565217392,0.93095375331782,,3,median
median_ensemble,BE,Cases,2021-12-06,49351.8472826087,37987.4592391304,1.29916157255845,,3,median
median_ensemble,BE,Deaths,2021-12-06,121.893804347826,83.02,1.46824625810439,,3,median
median_ensemble,BG,Cases,2021-12-06,1783.57619565217,1786.50239130435,0.998362053324744,,3,median
median_ensemble,BG,Deaths,2021-12-06,23.3090217391304,35.9755434782609,0.647912984364378,,3,median
median_ensemble,CY,Cases,2021-12-06,2300.63923913044,2488.97065217391,0.924333614428524,,3,median
median_ensemble,CY,Deaths,2021-12-06,1.78260869565217,2.28521739130435,0.780060882800609,,3,median
median_ensemble,EE,Cases,2021-12-06,1366.58108695652,1467.77152173913,0.931058456112631,,3,median
median_ensemble,EE,Deaths,2021-12-06,4.34858695652174,6.06619565217391,0.716855704277088,,3,median
median_ensemble,ES,Cases,2021-12-06,159328.137717391,88452.1731521739,1.80129138764383,,3,median
median_ensemble,FI,Cases,2021-12-06,5973.59706521739,7921.40641304348,0.754108141122667,,3,median
median_ensemble,FI,Deaths,2021-12-06,18.2048913043478,9.34108695652174,1.94890502455258,,3,median
median_ensemble,GR,Cases,2021-12-06,34957.8579347826,35154.1331521739,0.994416724299766,,3,median
median_ensemble,GR,Deaths,2021-12-06,46.3692391304348,34.9814130434783,1.3255393392143,,3,median
median_ensemble,HR,Cases,2021-12-06,2141.08717391304,2248.99239130435,0.95202063919446,,3,median
median_ensemble,HR,Deaths,2021-12-06,19.848152173913,21.518152173913,0.922391105588305,,3,median
median_ensemble,HU,Cases,2021-12-06,23559.9095652174,17360.0758695652,1.35713171660277,,3,median
median_ensemble,HU,Deaths,2021-12-06,84.431847826087,85.1761956521739,0.991261081568769,,3,median
median_ensemble,IT,Cases,2021-12-06,98472.3146739131,127848.754347826,0.770225061450413,,3,median
median_ensemble,IT,Deaths,2021-12-06,49.1461956521739,51.7230434782609,0.950179887864294,,3,median
median_ensemble,LT,Cases,2021-12-06,1188.72097826087,997.40597826087,1.19181256596595,,3,median
median_ensemble,LT,Deaths,2021-12-06,24.5698913043478,17.0038043478261,1.44496436219516,,3,median
median_ensemble,LU,Deaths,2021-12-06,3.30239130434783,3.23858695652174,1.01970129216311,,3,median
median_ensemble,LV,Cases,2021-12-06,1585.61597826087,1018.72739130435,1.55646740413124,,3,median
median_ensemble,LV,Deaths,2021-12-06,10.7289130434783,10.5504347826087,1.01691667353499,,3,median
median_ensemble,MT,Cases,2021-12-06,1841.58967391304,2173.11027173913,0.847444189953245,,3,median
median_ensemble,MT,Deaths,2021-12-06,0.620326086956522,0.800163043478261,0.775249609454595,,3,median
median_ensemble,NO,Cases,2021-12-06,10076.837173913,4613.20934782609,2.18434421985675,,3,median
median_ensemble,PT,Cases,2021-12-06,15331.230326087,25814.9215217391,0.593890255028523,,3,median
median_ensemble,PT,Deaths,2021-12-06,22.9989130434783,23.1160869565217,0.994931066262907,,3,median
median_ensemble,RO,Cases,2021-12-06,1791.01054347826,1377.70065217391,1.29999977909002,,3,median
median_ensemble,RO,Deaths,2021-12-06,64.5882608695652,65.0569565217391,0.99279561053525,,3,median
median_ensemble,SI,Cases,2021-12-06,1427.63163043478,1314.03733695652,1.08644677763979,,3,median
median_ensemble,SI,Deaths,2021-12-06,22.6616304347826,8.07347826086956,2.80692282836987,,3,median
median_ensemble,SK,Cases,2021-12-06,25945.0586956522,25027.2205434783,1.03667359507938,,3,median
median_ensemble,SK,Deaths,2021-12-06,111.284673913043,117.639945652174,0.945976923876512,,3,median
median_ensemble,AT,Cases,2021-12-13,16439.2114130435,14024.970923913,1.17213871616761,,3,median
median_ensemble,AT,Deaths,2021-12-13,28.3222826086957,25.7005434782609,1.1020110385079,,3,median
median_ensemble,BE,Cases,2021-12-13,22442.3897826087,20882.8108152174,1.07468242571325,,3,median
median_ensemble,BE,Deaths,2021-12-13,57.3030434782609,45.3110869565217,1.26465832817575,,3,median
median_ensemble,BG,Cases,2021-12-13,6004.75880434783,6107.29885869565,0.98321024454177,,3,median
median_ensemble,BG,Deaths,2021-12-13,43.6077173913044,45.0336956521739,0.968335304482151,,3,median
median_ensemble,CY,Cases,2021-12-13,7378.92608695652,9095.99755434783,0.811227800234999,,3,median
median_ensemble,CY,Deaths,2021-12-13,1.75434782608696,2.1304347826087,0.823469387755102,,3,median
median_ensemble,EE,Cases,2021-12-13,2929.68532608696,2480.45760869565,1.18110679086652,,3,median
median_ensemble,EE,Deaths,2021-12-13,5.73369565217391,4.40407608695652,1.301906583575,,3,median
median_ensemble,ES,Cases,2021-12-13,356583.464239131,297566.470543478,1.19833213596903,,3,median
median_ensemble,FI,Cases,2021-12-13,14539.4269565217,17070.7173369565,0.851717398251638,,3,median
median_ensemble,FI,Deaths,2021-12-13,13.6739130434783,10.3038043478261,1.32707421277494,,3,median
median_ensemble,GR,Cases,2021-12-13,89594.9940217391,89157.691576087,1.00490482018906,,3,median
median_ensemble,GR,Deaths,2021-12-13,27.3963043478261,28.2959239130435,0.968206743558471,,3,median
median_ensemble,HR,Cases,2021-12-13,8021.1625,7337.04918478261,1.09324093351265,,3,median
median_ensemble,HR,Deaths,2021-12-13,18.0963043478261,17.7773913043478,1.01793924867932,,3,median
median_ensemble,HU,Cases,2021-12-13,8920.63195652174,4196.61673913044,2.12567230010386,,3,median
median_ensemble,HU,Deaths,2021-12-13,187.071304347826,79.6625,2.34829818732561,,3,median
median_ensemble,IT,Cases,2021-12-13,295031.934130435,351567.538315217,0.839189919365956,,3,median
median_ensemble,IT,Deaths,2021-12-13,140.422391304348,84.7094565217391,1.65769439529235,,3,median
median_ensemble,LT,Cases,2021-12-13,2021.2125,2584.04945652174,0.782188009172493,,3,median
median_ensemble,LT,Deaths,2021-12-13,28.9858695652174,22.6565760869565,1.27935789829712,,3,median
median_ensemble,LU,Deaths,2021-12-13,2.44706521739131,2.84646739130435,0.859684964200478,,3,median
median_ensemble,LV,Cases,2021-12-13,1813.61913043478,1814.11565217391,0.999726300945292,,3,median
median_ensemble,LV,Deaths,2021-12-13,9.50086956521739,9.65097826086956,0.984446271497595,,3,median
median_ensemble,MT,Cases,2021-12-13,4089.40945652174,3904.55010869565,1.04734459609428,,3,median
median_ensemble,MT,Deaths,2021-12-13,1.92782608695652,1.56385869565217,1.23273675065161,,3,median
median_ensemble,NO,Cases,2021-12-13,15673.4990217391,8229.89364130435,1.90445948694606,,3,median
median_ensemble,PT,Cases,2021-12-13,50433.9556521739,69711.5260869565,0.723466526744283,,3,median
median_ensemble,PT,Deaths,2021-12-13,36.0620652173913,32.4411413043478,1.11161518268034,,3,median
median_ensemble,RO,Cases,2021-12-13,6866.02467391304,7131.60010869565,0.962760750640128,,3,median
median_ensemble,RO,Deaths,2021-12-13,63.1009782608696,57.5959782608696,1.09557959021142,,3,median
median_ensemble,SI,Cases,2021-12-13,4478.02597826087,4668.66239130435,0.959166802594561,,3,median
median_ensemble,SI,Deaths,2021-12-13,5.7870652173913,7.57652173913044,0.763815562951911,,3,median
median_ensemble,SK,Cases,2021-12-13,5519.74684782609,3069.97282608696,1.79797905731357,,3,median
median_ensemble,SK,Deaths,2021-12-13,167.79847826087,52.2241304347826,3.21304494424117,,3,median
median_ensemble,AT,Cases,2021-12-20,23326.7267391304,25915.8101086957,0.900096375196989,,3,median
median_ensemble,AT,Deaths,2021-12-20,8.79021739130435,20.969347826087,0.419193647041748,,3,median
median_ensemble,BE,Cases,2021-12-20,59811.6593478261,59811.5552173913,1.00000174097521,,3,median
median_ensemble,BE,Deaths,2021-12-20,109.532065217391,58.0390217391305,1.88721418685704,,3,median
median_ensemble,BG,Cases,2021-12-20,12813.4604347826,13145.8744565217,0.974713434025363,,3,median
median_ensemble,BG,Deaths,2021-12-20,92.2780434782609,81.3691304347826,1.13406697337416,,3,median
median_ensemble,CY,Cases,2021-12-20,15080.6468478261,15055.3545652174,1.00167995263739,,3,median
median_ensemble,CY,Deaths,2021-12-20,2.2020652173913,1.86119565217391,1.18314547684401,,3,median
median_ensemble,EE,Cases,2021-12-20,2050.86467391304,3697.81554347826,0.554615190995695,,3,median
median_ensemble,EE,Deaths,2021-12-20,5.01532608695652,3.4095652173913,1.47095766386126,,3,median
median_ensemble,ES,Cases,2021-12-20,222093.690326087,289758.254891304,0.766479251503637,,3,median
median_ensemble,FI,Cases,2021-12-20,27300.1375,26263.3633695652,1.03947606084742,,3,median
median_ensemble,FI,Deaths,2021-12-20,17.579347826087,13.7089130434783,1.28232980764656,,3,median
median_ensemble,GR,Cases,2021-12-20,123486.466413043,123459.00576087,1.00022242729078,,3,median
median_ensemble,GR,Deaths,2021-12-20,31.2816304347826,31.4867391304348,0.9934858705183,,3,median
median_ensemble,HR,Cases,2021-12-20,18276.0117391304,14771.2223913043,1.23727144951046,,3,median
median_ensemble,HR,Deaths,2021-12-20,21.965652173913,18.6416304347826,1.17831174964869,,3,median
median_ensemble,HU,Cases,2021-12-20,11671.4380434783,11671.4380434783,1,,3,median
median_ensemble,HU,Deaths,2021-12-20,69.1797826086957,88.2913043478261,0.783540158566012,,3,median
median_ensemble,IT,Cases,2021-12-20,487920.013695652,493792.453804348,0.988107472960649,,3,median
median_ensemble,IT,Deaths,2021-12-20,93.6038043478261,93.4494565217391,1.00165167173606,,3,median
median_ensemble,LT,Cases,2021-12-20,6456.43554347826,5558.86119565217,1.16146730710386,,3,median
median_ensemble,LT,Deaths,2021-12-20,13.1955434782609,11.5708695652174,1.14041070153684,,3,median
median_ensemble,LU,Deaths,2021-12-20,1.89739130434783,1.67065217391304,1.13571893298634,,3,median
median_ensemble,LV,Cases,2021-12-20,3081.74065217391,2296.20945652174,1.34209910312018,,3,median
median_ensemble,LV,Deaths,2021-12-20,10.4057608695652,9.6725,1.07580882600829,,3,median
median_ensemble,MT,Cases,2021-12-20,3219.46326086957,3627.0877173913,0.887616598140915,,3,median
median_ensemble,MT,Deaths,2021-12-20,4.97619565217391,4.0895652173913,1.21680310440145,,3,median
median_ensemble,NO,Cases,2021-12-20,12276.7759782609,11244.2039130435,1.09183149587136,,3,median
median_ensemble,PT,Cases,2021-12-20,123251.802173913,119013.972608696,1.03560783219253,,3,median
median_ensemble,PT,Deaths,2021-12-20,16.7816304347826,15.6476086956522,1.07247252670918,,3,median
median_ensemble,RO,Cases,2021-12-20,19203.5798913043,18707.4048913044,1.02652291982148,,3,median
median_ensemble,RO,Deaths,2021-12-20,131.502717391304,43.7870652173913,3.00323204440462,,3,median
median_ensemble,SI,Cases,2021-12-20,11758.0785869565,12427.27625,0.946150898267553,,3,median
median_ensemble,SI,Deaths,2021-12-20,6.1720652173913,7.2295652173913,0.853725643492903,,3,median
median_ensemble,SK,Cases,2021-12-20,1906.61380434783,1906.61380434783,1,,3,median
median_ensemble,SK,Deaths,2021-12-20,279.4275,163.3675,1.71042281971628,,3,median
median_ensemble,AT,Cases,2021-12-27,63148.4639130435,63055.139076087,1.00148005124283,,3,median
median_ensemble,AT,Deaths,2021-12-27,11.7363043478261,10.1801630434783,1.15286015535328,,3,median
median_ensemble,BE,Cases,2021-12-27,134986.373586957,137933.056413043,0.978636862672984,,3,median
median_ensemble,BE,Deaths,2021-12-27,30.715,31.5385869565217,0.973886371077527,,3,median
median_ensemble,BG,Cases,2021-12-27,24478.624673913,24600.0530434783,0.995063898059463,,3,median
median_ensemble,BG,Deaths,2021-12-27,80.2017391304348,89.6329891304348,0.894779253804918,,3,median
median_ensemble,CY,Cases,2021-12-27,16361.4661956522,14773.4282608696,1.10749285181076,,3,median
median_ensemble,CY,Deaths,2021-12-27,5.23130434782609,5.4820652173913,0.954257955784673,,3,median
median_ensemble,EE,Cases,2021-12-27,5705.04836956522,6625.315,0.861098433744693,,3,median
median_ensemble,EE,Deaths,2021-12-27,5.9204347826087,5.00961956521739,1.18181325059397,,3,median
median_ensemble,ES,Cases,2021-12-27,159646.05173913,309590.511684783,0.515668425593347,,3,median
median_ensemble,FI,Cases,2021-12-27,16331.3194565217,23131.5205434783,0.70602014363151,,3,median
median_ensemble,FI,Deaths,2021-12-27,18.320652173913,16.3586413043478,1.11993727553912,,3,median
median_ensemble,GR,Cases,2021-12-27,127498.86173913,119129.847826087,1.07025119284347,,3,median
median_ensemble,GR,Deaths,2021-12-27,47.134347826087,36.7864130434783,1.2812977381181,,3,median
median_ensemble,HR,Cases,2021-12-27,22739.2459782609,23859.4945108696,0.953048102838124,,3,median
median_ensemble,HR,Deaths,2021-12-27,23.9830434782609,19.8946739130435,1.20550070753042,,3,median
median_ensemble,HU,Cases,2021-12-27,34888.2941304348,32698.8973369565,1.06695628818663,,3,median
median_ensemble,HU,Deaths,2021-12-27,248.673369565217,246.205597826087,1.0100232153977,,3,median
median_ensemble,IT,Cases,2021-12-27,166102.587065217,286436.698206522,0.579892828346516,,3,median
median_ensemble,IT,Deaths,2021-12-27,471.066847826087,292.31222826087,1.61151947227364,,3,median
median_ensemble,LT,Cases,2021-12-27,16783.8463043478,15275.2686956522,1.09875948101162,,3,median
median_ensemble,LT,Deaths,2021-12-27,7.53945652173913,12.3252173913043,0.611709820798645,,3,median
median_ensemble,LU,Deaths,2021-12-27,1.69065217391304,1.71396739130435,0.986396930589467,,3,median
median_ensemble,LV,Cases,2021-12-27,7833.64130434783,8761.68565217391,0.894079246315368,,3,median
median_ensemble,LV,Deaths,2021-12-27,9.17260869565217,11.1448913043478,0.823032584631289,,3,median
median_ensemble,MT,Cases,2021-12-27,5692.6277173913,1596.63375,3.56539357720035,,3,median
median_ensemble,MT,Deaths,2021-12-27,7.165,6.98152173913044,1.02628055425813,,3,median
median_ensemble,NO,Cases,2021-12-27,40467.7483695652,35111.0413586957,1.15256474327108,,3,median
median_ensemble,PT,Cases,2021-12-27,82735.6359782609,92487.4363043478,0.894560810465145,,3,median
median_ensemble,PT,Deaths,2021-12-27,48.1283695652174,23.7675543478261,2.02496095563234,,3,median
median_ensemble,RO,Cases,2021-12-27,45930.4551086957,45110.9159782609,1.01816720216521,,3,median
median_ensemble,RO,Deaths,2021-12-27,66.536847826087,38.4276630434783,1.73148306600912,,3,median
median_ensemble,SI,Cases,2021-12-27,25347.2739130435,26201.7459782609,0.967388735623713,,3,median
median_ensemble,SI,Deaths,2021-12-27,3.39108695652174,7.76141304347826,0.436916182340172,,3,median
median_ensemble,SK,Cases,2021-12-27,12642.472173913,11601.9727173913,1.08968297735798,,3,median
median_ensemble,SK,Deaths,2021-12-27,72.2595652173913,63.5401086956522,1.13722759845288,,3,median
median_ensemble,AT,Cases,2022-01-03,99477.5877173913,102943.59423913,0.966331013140188,,3,median
median_ensemble,AT,Deaths,2022-01-03,14.5834782608696,14.5113586956522,1.00496986992948,,3,median
median_ensemble,BE,Cases,2022-01-03,180265.856195652,176637.112445652,1.02054349564346,,3,median
median_ensemble,BE,Deaths,2022-01-03,46.126847826087,28.4030434782609,1.62401074593966,,3,median
median_ensemble,BG,Cases,2022-01-03,22763.3492391304,25712.8336956522,0.885291349392561,,3,median
median_ensemble,BG,Deaths,2022-01-03,67.319347826087,59.7984782608696,1.12577025007907,,3,median
median_ensemble,CY,Cases,2022-01-03,8899.69826086956,6367.26114130435,1.39772785556687,,3,median
median_ensemble,CY,Deaths,2022-01-03,8.3354347826087,6.15315217391304,1.35466091964175,,3,median
median_ensemble,EE,Cases,2022-01-03,11178.8818478261,11887.1331521739,0.940418661482033,,3,median
median_ensemble,EE,Deaths,2022-01-03,11.669347826087,4.56190217391304,2.55800045270971,,3,median
median_ensemble,ES,Cases,2022-01-03,549952.033804348,191780.842608696,2.86760672402746,,3,median
median_ensemble,FI,Cases,2022-01-03,12636.0457608696,11173.0282608696,1.13094189559368,,3,median
median_ensemble,FI,Deaths,2022-01-03,12.4338043478261,14.7179347826087,0.844806321775415,,3,median
median_ensemble,GR,Cases,2022-01-03,51283.4146739131,27907.0404891304,1.83765149492966,,3,median
median_ensemble,GR,Deaths,2022-01-03,168.716630434783,155.267173913043,1.08662137773739,,3,median
median_ensemble,HR,Cases,2022-01-03,21969.0179347826,21419.0021195652,1.02567887206636,,3,median
median_ensemble,HR,Deaths,2022-01-03,51.0302173913044,39.3953260869565,1.29533684474819,,3,median
median_ensemble,HU,Cases,2022-01-03,50242.595326087,50019.316576087,1.00446385047385,,3,median
median_ensemble,HU,Deaths,2022-01-03,89.3170652173913,73.3816304347826,1.21715836358762,,3,median
median_ensemble,IT,Cases,2022-01-03,541886.213804348,176567.861902174,3.06899686028127,,3,median
median_ensemble,IT,Deaths,2022-01-03,243.485543478261,486.706195652174,0.50027212649717,,3,median
median_ensemble,LT,Cases,2022-01-03,26051.0039130435,27079.2944021739,0.962026688219473,,3,median
median_ensemble,LT,Deaths,2022-01-03,15.6372826086957,18.3621739130435,0.851603011862762,,3,median
median_ensemble,LU,Deaths,2022-01-03,1.68739130434783,1.58923913043478,1.06176048149921,,3,median
median_ensemble,LV,Cases,2022-01-03,18538.9042391304,19058.7954347826,0.972721718041878,,3,median
median_ensemble,LV,Deaths,2022-01-03,7.26695652173913,6.56407608695652,1.10707987315676,,3,median
median_ensemble,MT,Cases,2022-01-03,20575.812173913,12372.7920652174,1.66298860155875,,3,median
median_ensemble,MT,Deaths,2022-01-03,8.92086956521739,3.51559782608696,2.53751140105431,,3,median
median_ensemble,NO,Cases,2022-01-03,64736.5879347826,64051.6088043478,1.01069417526306,,3,median
median_ensemble,PT,Cases,2022-01-03,49256.8615217391,41176.9970652174,1.19622277077963,,3,median
median_ensemble,PT,Deaths,2022-01-03,16.3353260869565,16.7098913043478,0.97758422179001,,3,median
median_ensemble,RO,Cases,2022-01-03,77159.8922826087,79023.4772826087,0.976417324773809,,3,median
median_ensemble,RO,Deaths,2022-01-03,47.831847826087,46.9605434782609,1.01855396644269,,3,median
median_ensemble,SI,Cases,2022-01-03,41987.7494565217,40277.1581521739,1.04247050643158,,3,median
median_ensemble,SI,Deaths,2022-01-03,13.625652173913,10.8342934782609,1.25764104519165,,3,median
median_ensemble,SK,Cases,2022-01-03,27638.2997826087,26654.0382065217,1.03692729666179,,3,median
median_ensemble,SK,Deaths,2022-01-03,64.0654347826087,56.3819565217391,1.13627548128641,,3,median
median_ensemble,AT,Cases,2022-01-10,92390.9570652174,74043.9059239131,1.24778610626184,,3,median
median_ensemble,AT,Deaths,2022-01-10,15.1940217391304,14.5152173913044,1.04676501422795,,3,median
median_ensemble,BE,Cases,2022-01-10,112924.374456522,97649.1261956522,1.15642995340546,,3,median
median_ensemble,BE,Deaths,2022-01-10,46.1007608695652,58.1983695652174,0.792131484334874,,3,median
median_ensemble,BG,Cases,2022-01-10,11468.6093478261,6670.87054347826,1.71920730181735,,3,median
median_ensemble,BG,Deaths,2022-01-10,832.504456521739,81.6408152173913,10.1971600149382,,3,median
median_ensemble,CY,Cases,2022-01-10,63106.0570652174,42850.3736956522,1.47270727470039,,3,median
median_ensemble,CY,Deaths,2022-01-10,5.18152173913043,6.7525,0.767348647038939,,3,median
median_ensemble,EE,Cases,2022-01-10,13012.0052173913,15099.66125,0.861741531942732,,3,median
median_ensemble,EE,Deaths,2022-01-10,3.91347826086957,2.71641304347826,1.44067864431195,,3,median
median_ensemble,ES,Cases,2022-01-10,690126.702608696,352984.678804348,1.9551180095021,,3,median
median_ensemble,FI,Cases,2022-01-10,45570.7738043478,28974.1013043478,1.57281060508715,,3,median
median_ensemble,FI,Deaths,2022-01-10,28.9551086956522,48.5013043478261,0.596996494939625,,3,median
median_ensemble,GR,Cases,2022-01-10,279367.645108696,203313.967445652,1.37407010752163,,3,median
median_ensemble,GR,Deaths,2022-01-10,180.300326086957,139.544891304348,1.29205966912627,,3,median
median_ensemble,HR,Cases,2022-01-10,5675.16413043478,5377.94657608696,1.05526599235281,,3,median
median_ensemble,HR,Deaths,2022-01-10,28.2525,57.1705434782609,0.494179314750489,,3,median
median_ensemble,HU,Cases,2022-01-10,46004.640326087,42571.3501630435,1.08064790404566,,3,median
median_ensemble,HU,Deaths,2022-01-10,81.1222826086957,63.0509782608696,1.28661417865806,,3,median
median_ensemble,IT,Cases,2022-01-10,1672240.9323913,915476.392663044,1.82663468527779,,3,median
median_ensemble,IT,Deaths,2022-01-10,485.390869565218,243.723043478261,1.9915674063397,,3,median
median_ensemble,LT,Cases,2022-01-10,26693.5805434783,27839.0016304348,0.958855525705911,,3,median
median_ensemble,LT,Deaths,2022-01-10,15.8510869565217,13.5058695652174,1.17364430923753,,3,median
median_ensemble,LU,Deaths,2022-01-10,1.97423913043478,1.71902173913043,1.14846664558963,,3,median
median_ensemble,LV,Cases,2022-01-10,21649.3768478261,23395.5329347826,0.925363696914958,,3,median
median_ensemble,LV,Deaths,2022-01-10,17.4809782608696,16.9322826086957,1.03240529731603,,3,median
median_ensemble,MT,Cases,2022-01-10,17633.3773913043,10996.3292934783,1.6035694203667,,3,median
median_ensemble,MT,Deaths,2022-01-10,3.92652173913044,2.08467391304348,1.88351843161792,,3,median
median_ensemble,NO,Cases,2022-01-10,57916.56,50907.7739673913,1.1376761442584,,3,median
median_ensemble,PT,Cases,2022-01-10,184079.13923913,165273.65826087,1.11378389742289,,3,median
median_ensemble,PT,Deaths,2022-01-10,175.542282608696,143.645,1.22205633755923,,3,median
median_ensemble,RO,Cases,2022-01-10,36957.255,15313.7945652174,2.41333099008276,,3,median
median_ensemble,RO,Deaths,2022-01-10,181.608043478261,108.824130434783,1.6688214530425,,3,median
median_ensemble,SI,Cases,2022-01-10,30865.8761956522,41912.1390217391,0.736442398696057,,3,median
median_ensemble,SI,Deaths,2022-01-10,9.21684782608696,13.765597826087,0.669556668917078,,3,median
median_ensemble,SK,Cases,2022-01-10,54341.8161956522,54037.7963043478,1.00562606013006,,3,median
median_ensemble,SK,Deaths,2022-01-10,60.0234782608696,57.4613043478261,1.04458955365047,,3,median
median_ensemble,AT,Cases,2022-01-17,45627.0136956522,38825.4961956522,1.17518172763911,,3,median
median_ensemble,AT,Deaths,2022-01-17,38.9097826086957,7.89184782608696,4.93037669581985,,3,median
median_ensemble,BE,Cases,2022-01-17,100660.787282609,54078.6880434783,1.86137628194085,,3,median
median_ensemble,BE,Deaths,2022-01-17,92.5194565217391,57.305,1.61450931893795,,3,median
median_ensemble,BG,Cases,2022-01-17,34292.3447826087,14749.3858695652,2.32500153469912,,3,median
median_ensemble,BG,Deaths,2022-01-17,86.1844565217391,92.7817391304348,0.928894600699163,,3,median
median_ensemble,CY,Cases,2022-01-17,13455.6538043478,8595.42684782609,1.56544335058252,,3,median
median_ensemble,CY,Deaths,2022-01-17,10.8942391304348,9.85086956521739,1.10591649379883,,3,median
median_ensemble,EE,Cases,2022-01-17,7533.79358695652,8637.55989130435,0.872213180778171,,3,median
median_ensemble,EE,Deaths,2022-01-17,6.04663043478261,5.65152173913044,1.06991191291303,,3,median
median_ensemble,ES,Cases,2022-01-17,437362.540326087,344190.808913044,1.27069790651087,,3,median
median_ensemble,FI,Cases,2022-01-17,74790.0882608696,36229.8264130435,2.0643236710056,,3,median
median_ensemble,FI,Deaths,2022-01-17,24.3804347826087,42.1216304347826,0.578810329299983,,3,median
median_ensemble,GR,Cases,2022-01-17,73105.2022826087,25316.0588043478,2.88770076130703,,3,median
median_ensemble,GR,Deaths,2022-01-17,46.6491304347826,46.6801086956522,0.999336371278149,,3,median
median_ensemble,HR,Cases,2022-01-17,27465.3854347826,22728.2060869565,1.20842733164694,,3,median
median_ensemble,HR,Deaths,2022-01-17,58.6259782608696,58.6563043478261,0.999482986742965,,3,median
median_ensemble,HU,Cases,2022-01-17,14365.9634782609,15419.092826087,0.931699655764161,,3,median
median_ensemble,HU,Deaths,2022-01-17,188.214673913043,137.8625,1.36523473687945,,3,median
median_ensemble,IT,Cases,2022-01-17,537723.500978261,521685.415869565,1.03074282818883,,3,median
median_ensemble,IT,Deaths,2022-01-17,563.828043478261,978.292065217391,0.576339176739586,,3,median
median_ensemble,LT,Cases,2022-01-17,15273.9469565217,17420.5547826087,0.876777298262053,,3,median
median_ensemble,LT,Deaths,2022-01-17,14.1322826086957,13.3563043478261,1.05809827633913,,3,median
median_ensemble,LU,Deaths,2022-01-17,2.60923913043478,3.37913043478261,0.77216289243438,,3,median
median_ensemble,LV,Cases,2022-01-17,12044.9263043478,13391.2479347826,0.899462571599632,,3,median
median_ensemble,LV,Deaths,2022-01-17,9.57347826086957,16.0148913043478,0.597786027949531,,3,median
median_ensemble,MT,Cases,2022-01-17,1219.92586956522,1415.8152173913,0.861642009903651,,3,median
median_ensemble,MT,Deaths,2022-01-17,3.44847826086957,2.65565217391304,1.29854289456451,,3,median
median_ensemble,NO,Cases,2022-01-17,31710.1547826087,20356.5036956522,1.55774072290132,,3,median
median_ensemble,PT,Cases,2022-01-17,32647.824673913,48783.8082608696,0.669234851435338,,3,median
median_ensemble,PT,Deaths,2022-01-17,17.8482608695652,23.4513043478261,0.761077533464348,,3,median
median_ensemble,RO,Cases,2022-01-17,88049.7185869565,59000.1938043478,1.49236320949963,,3,median
median_ensemble,RO,Deaths,2022-01-17,1381.3597826087,84.1405434782609,16.4172909456616,,3,median
median_ensemble,SI,Cases,2022-01-17,39019.655,14985.9320108696,2.60375230394068,,3,median
median_ensemble,SI,Deaths,2022-01-17,23.9582608695652,26.2125,0.914001368414505,,3,median
median_ensemble,SK,Cases,2022-01-17,86370.0028260869,86366.2373913044,1.00004359845811,,3,median
median_ensemble,SK,Deaths,2022-01-17,42.0189130434783,39.1175,1.07417174010298,,3,median
median_ensemble,AT,Cases,2022-01-24,51270.03,42027.0492391304,1.21992932952009,,3,median
median_ensemble,AT,Deaths,2022-01-24,11.9761956521739,12.8170652173913,0.934394531746907,,3,median
median_ensemble,BE,Cases,2022-01-24,275683.513043478,164695.414891304,1.67389913814798,,3,median
median_ensemble,BE,Deaths,2022-01-24,64.9783695652174,54.8434782608696,1.18479665451086,,3,median
median_ensemble,BG,Cases,2022-01-24,67842.6325,41787.4932608696,1.62351524836568,,3,median
median_ensemble,BG,Deaths,2022-01-24,181.104239130435,162.205217391304,1.11651303233692,,3,median
median_ensemble,CY,Cases,2022-01-24,6037.91706521739,5758.55239130435,1.04851300377763,,3,median
median_ensemble,CY,Deaths,2022-01-24,13.2355434782609,12.8833695652174,1.02733554380015,,3,median
median_ensemble,EE,Cases,2022-01-24,4363.77456521739,4773.40760869565,0.91418435695036,,3,median
median_ensemble,EE,Deaths,2022-01-24,7.38891304347826,5.84467391304348,1.26421305164494,,3,median
median_ensemble,ES,Cases,2022-01-24,363542.007391304,222650.90173913,1.63278928830591,,3,median
median_ensemble,FI,Cases,2022-01-24,19282.8859782609,15198.4179347826,1.26874297449938,,3,median
median_ensemble,FI,Deaths,2022-01-24,50.8601086956522,38.8936413043478,1.30767156249694,,3,median
median_ensemble,GR,Cases,2022-01-24,33121.587826087,17825.8698913044,1.85806291799785,,3,median
median_ensemble,GR,Deaths,2022-01-24,23.3079347826087,44.8901086956522,0.519222061604546,,3,median
median_ensemble,HR,Cases,2022-01-24,22510.8879347826,21061.2577173913,1.06882923312762,,3,median
median_ensemble,HR,Deaths,2022-01-24,23.6664130434783,24.4067391304348,0.96966714467672,,3,median
median_ensemble,HU,Cases,2022-01-24,100992.025869565,56391.0965217391,1.79092147695039,,3,median
median_ensemble,HU,Deaths,2022-01-24,209.570652173913,56.0370652173913,3.73985774167331,,3,median
median_ensemble,IT,Cases,2022-01-24,539743.429673913,281281.883152174,1.91887022237373,,3,median
median_ensemble,IT,Deaths,2022-01-24,1016.66054347826,1145.95880434783,0.887170236505011,,3,median
median_ensemble,LT,Cases,2022-01-24,13294.6580434783,13418.6234782609,0.990761687666142,,3,median
median_ensemble,LT,Deaths,2022-01-24,28.058152173913,18.2888043478261,1.5341709408821,,3,median
median_ensemble,LU,Deaths,2022-01-24,1.82010869565217,2.14836956521739,0.847204654692639,,3,median
median_ensemble,LV,Cases,2022-01-24,11103.0792391304,11256.9438043478,0.98633158627318,,3,median
median_ensemble,LV,Deaths,2022-01-24,17.6953260869565,17.1047826086957,1.03452505020208,,3,median
median_ensemble,MT,Cases,2022-01-24,202.34902173913,183.160760869565,1.10476185389528,,3,median
median_ensemble,MT,Deaths,2022-01-24,2.89782608695652,2.88934782608696,1.00293431645474,,3,median
median_ensemble,NO,Cases,2022-01-24,8876.78902173913,23424.4229891304,0.378954436822551,,3,median
median_ensemble,PT,Cases,2022-01-24,69674.1731521739,85909.935,0.811014152812174,,3,median
median_ensemble,PT,Deaths,2022-01-24,58.2219565217391,54.7186956521739,1.06402310632246,,3,median
median_ensemble,RO,Cases,2022-01-24,191593.970543478,120621.811413043,1.58838578445324,,3,median
median_ensemble,RO,Deaths,2022-01-24,56.0282608695652,64.6047826086956,0.8672463338964,,3,median
median_ensemble,SI,Cases,2022-01-24,16167.8780434783,20818.6870652174,0.776604114987183,,3,median
median_ensemble,SI,Deaths,2022-01-24,33.9726086956522,17.3244565217391,1.96096244941494,,3,median
median_ensemble,SK,Cases,2022-01-24,56663.0427173913,55944.0596739131,1.01285182104533,,3,median
median_ensemble,SK,Deaths,2022-01-24,212.707282608696,107.393695652174,1.98063099809518,,3,median
median_ensemble,AT,Cases,2022-01-31,141141.817065217,81599.6777173913,1.72968596216816,,3,median
median_ensemble,AT,Deaths,2022-01-31,22.7739130434783,16.2441304347826,1.4019779719765,,3,median
median_ensemble,BE,Cases,2022-01-31,261358.89576087,237480.612173913,1.10054834947735,,3,median
median_ensemble,BE,Deaths,2022-01-31,50.4408695652174,50.1723913043478,1.00535111550177,,3,median
median_ensemble,BG,Cases,2022-01-31,26998.7393478261,26697.2458695652,1.011293055461,,3,median
median_ensemble,BG,Deaths,2022-01-31,70.4627173913044,49.9421739130435,1.41088606823544,,3,median
median_ensemble,CY,Cases,2022-01-31,6160.33815217391,5306.61217391304,1.16087966300943,,3,median
median_ensemble,CY,Deaths,2022-01-31,7.14565217391304,8.06402173913044,0.886115192279179,,3,median
median_ensemble,EE,Cases,2022-01-31,17262.5179347826,14547.6725,1.18661716743916,,3,median
median_ensemble,EE,Deaths,2022-01-31,11.9890217391304,4.35336956521739,2.75396369628723,,3,median
median_ensemble,ES,Cases,2022-01-31,392347.246086957,249483.781304348,1.5726362813474,,3,median
median_ensemble,FI,Cases,2022-01-31,7728.69391304348,12339.7995652174,0.626322483780742,,3,median
median_ensemble,FI,Deaths,2022-01-31,62.1622826086957,51.3010326086957,1.21171601131005,,3,median
median_ensemble,GR,Cases,2022-01-31,37905.0476086957,20094.9586956522,1.88629636829744,,3,median
median_ensemble,GR,Deaths,2022-01-31,112.544130434783,70.4223913043478,1.59812991791766,,3,median
median_ensemble,HR,Cases,2022-01-31,27003.0472826087,22461.1314130435,1.20221224772888,,3,median
median_ensemble,HR,Deaths,2022-01-31,54.5991304347826,67.9848913043478,0.80310682840337,,3,median
median_ensemble,HU,Cases,2022-01-31,132324.06423913,91312.3459782609,1.44913661807171,,3,median
median_ensemble,HU,Deaths,2022-01-31,150.125,83.3248913043478,1.8016825182725,,3,median
median_ensemble,IT,Cases,2022-01-31,418220.094021739,184954.830869565,2.26120124603114,,3,median
median_ensemble,IT,Deaths,2022-01-31,992.975760869565,739.79152173913,1.34223728130222,,3,median
median_ensemble,LT,Cases,2022-01-31,27607.0832608696,25673.3881521739,1.07531904621369,,3,median
median_ensemble,LT,Deaths,2022-01-31,17.0251086956522,16.868152173913,1.00930490311689,,3,median
median_ensemble,LU,Deaths,2022-01-31,3.16826086956522,2.34608695652174,1.3504447739066,,3,median
median_ensemble,LV,Cases,2022-01-31,25801.4031521739,23404.3560869565,1.10241884272788,,3,median
median_ensemble,LV,Deaths,2022-01-31,12.5609782608696,10.2232608695652,1.22866651072788,,3,median
median_ensemble,MT,Cases,2022-01-31,196.654782608696,142.618043478261,1.37889132267245,,3,median
median_ensemble,MT,Deaths,2022-01-31,2.67978260869565,2.82608695652174,0.948230769230769,,3,median
median_ensemble,NO,Cases,2022-01-31,42129.7304347826,45538.125,0.925152944588356,,3,median
median_ensemble,PT,Cases,2022-01-31,182455.195217391,195086.22076087,0.935254137918018,,3,median
median_ensemble,PT,Deaths,2022-01-31,72.5373913043478,88.4806521739131,0.819810766785173,,3,median
median_ensemble,RO,Cases,2022-01-31,268766.849673913,183050.173152174,1.46826875411082,,3,median
median_ensemble,RO,Deaths,2022-01-31,160.144239130435,84.7549456521739,1.88949727827862,,3,median
median_ensemble,SI,Cases,2022-01-31,68470.1576086957,56990.1919565217,1.20143756772976,,3,median
median_ensemble,SI,Deaths,2022-01-31,5.97152173913044,15.3032608695652,0.390212373037858,,3,median
median_ensemble,SK,Cases,2022-01-31,26913.0780434783,25858.5079347826,1.04078232631811,,3,median
median_ensemble,SK,Deaths,2022-01-31,44.5271739130435,45.0053260869565,0.989375653606216,,3,median
median_ensemble,AT,Cases,2022-02-07,35999.3913043478,24914.1818478261,1.44493572071639,,3,median
median_ensemble,AT,Deaths,2022-02-07,30.3404347826087,30.589347826087,0.991862754155681,,3,median
median_ensemble,BE,Cases,2022-02-07,103493.474456522,79942.8377173913,1.29459345466801,,3,median
median_ensemble,BE,Deaths,2022-02-07,74.3648913043478,53.7179347826087,1.38435871753625,,3,median
median_ensemble,BG,Cases,2022-02-07,10903.9429347826,9217.32717391304,1.18298317169895,,3,median
median_ensemble,BG,Deaths,2022-02-07,68.5075,51.8289673913044,1.32179943857986,,3,median
median_ensemble,CY,Cases,2022-02-07,3126.48010869565,3220.06021739131,0.97093839792491,,3,median
median_ensemble,CY,Deaths,2022-02-07,16.3038043478261,14.0125,1.1635185975255,,3,median
median_ensemble,EE,Cases,2022-02-07,32851.8932608696,19372.6141304348,1.69579041009538,,3,median
median_ensemble,EE,Deaths,2022-02-07,15.9745652173913,12.8920652173913,1.23910055898893,,3,median
median_ensemble,ES,Cases,2022-02-07,34699.7586956522,25500.1879347826,1.36076482198475,,3,median
median_ensemble,FI,Cases,2022-02-07,11584.5498913043,6062.30880434783,1.91091385562478,,3,median
median_ensemble,FI,Deaths,2022-02-07,17.6752173913043,16.6227173913044,1.06331696408137,,3,median
median_ensemble,GR,Cases,2022-02-07,17943.5793478261,9670.43163043478,1.85550966425884,,3,median
median_ensemble,GR,Deaths,2022-02-07,85.4827173913044,83.3033695652174,1.0261615807075,,3,median
median_ensemble,HR,Cases,2022-02-07,13787.8066304348,11365.3831521739,1.2131405026849,,3,median
median_ensemble,HR,Deaths,2022-02-07,59.5317391304348,35.2115217391304,1.6906891889389,,3,median
median_ensemble,HU,Cases,2022-02-07,50989.8958695652,45020.3856521739,1.1325957148282,,3,median
median_ensemble,HU,Deaths,2022-02-07,89.2734782608696,83.5410869565218,1.0686176289199,,3,median
median_ensemble,IT,Cases,2022-02-07,54563.8281521739,48551.7441304348,1.12382838411711,,3,median
median_ensemble,IT,Deaths,2022-02-07,494.840326086957,309.811195652174,1.5972319045646,,3,median
median_ensemble,LT,Cases,2022-02-07,49124.2493478261,35509.3984782609,1.38341541825611,,3,median
median_ensemble,LT,Deaths,2022-02-07,12.1929347826087,7.66152173913044,1.59145078455296,,3,median
median_ensemble,LU,Deaths,2022-02-07,1.63467391304348,1.76347826086957,0.926960059171598,,3,median
median_ensemble,LV,Cases,2022-02-07,26121.324673913,13599.1947826087,1.92079936286509,,3,median
median_ensemble,LV,Deaths,2022-02-07,10.1044565217391,9.8154347826087,1.02944563797037,,3,median
median_ensemble,MT,Cases,2022-02-07,205.888260869565,124.28652173913,1.65656145162475,,3,median
median_ensemble,MT,Deaths,2022-02-07,1.63836956521739,3.27097826086957,0.500880603462599,,3,median
median_ensemble,NO,Cases,2022-02-07,20423.6073913044,17005.0891304348,1.20102912925939,,3,median
median_ensemble,PT,Cases,2022-02-07,102586.279565217,61389.1370652174,1.67108196123092,,3,median
median_ensemble,PT,Deaths,2022-02-07,74.329347826087,64.3440217391304,1.15518653974475,,3,median
median_ensemble,RO,Cases,2022-02-07,151882.800652174,142550.650326087,1.0654655051011,,3,median
median_ensemble,RO,Deaths,2022-02-07,82.0040217391305,124.226358695652,0.660117728637896,,3,median
median_ensemble,SI,Cases,2022-02-07,60100.2008695652,43113.4105434783,1.39400247189807,,3,median
median_ensemble,SI,Deaths,2022-02-07,14.244347826087,17.7425,0.802837696270929,,3,median
median_ensemble,SK,Cases,2022-02-07,137771.287608696,79781.4094565217,1.7268595346611,,3,median
median_ensemble,SK,Deaths,2022-02-07,24.3786956521739,24.3534782608696,1.00103547390784,,3,median
median_ensemble,AT,Cases,2022-02-14,20619.835326087,21965.3017934783,0.938745823752315,,3,median
median_ensemble,AT,Deaths,2022-02-14,22.255,23.2335869565217,0.957880504704115,,3,median
median_ensemble,BE,Cases,2022-02-14,17662.4258695652,10336.3707065217,1.70876474645217,,3,median
median_ensemble,BE,Deaths,2022-02-14,191.50902173913,103.888260869565,1.84341349192067,,3,median
median_ensemble,BG,Cases,2022-02-14,6481.03597826087,4275.20766304348,1.51595816836815,,3,median
median_ensemble,BG,Deaths,2022-02-14,73.7572826086957,71.5920652173913,1.03024381800874,,3,median
median_ensemble,CY,Cases,2022-02-14,3136.69956521739,1766.0972826087,1.77606273227723,,3,median
median_ensemble,CY,Deaths,2022-02-14,4.7270652173913,5.055,0.935126650324689,,3,median
median_ensemble,EE,Cases,2022-02-14,7858.09891304348,3809.9627173913,2.06251333567483,,3,median
median_ensemble,EE,Deaths,2022-02-14,6.7654347826087,7.47010869565217,0.905667515460167,,3,median
median_ensemble,ES,Cases,2022-02-14,41965.3885869565,69090.2069565217,0.607399954864301,,3,median
median_ensemble,FI,Cases,2022-02-14,7923.84543478261,18833.4275,0.420733052163904,,3,median
median_ensemble,FI,Deaths,2022-02-14,49.0607608695652,47.5797826086957,1.03112620906761,,3,median
median_ensemble,GR,Cases,2022-02-14,14339.6676086957,8516.51402173913,1.68374848818336,,3,median
median_ensemble,GR,Deaths,2022-02-14,58.4651086956522,61.2339130434783,0.954783155114387,,3,median
median_ensemble,HR,Cases,2022-02-14,5544.5077173913,5127.92652173913,1.08123774665767,,3,median
median_ensemble,HR,Deaths,2022-02-14,47.1536956521739,42.2151086956522,1.11698624281951,,3,median
median_ensemble,HU,Cases,2022-02-14,14352.075,10768.9340217391,1.33272940209566,,3,median
median_ensemble,HU,Deaths,2022-02-14,67.921847826087,68.4435869565218,0.992377092527804,,3,median
median_ensemble,IT,Cases,2022-02-14,59075.4077173913,38223.9370108696,1.54550819034136,,3,median
median_ensemble,IT,Deaths,2022-02-14,169.827608695652,115.814673913044,1.46637384502039,,3,median
median_ensemble,LT,Cases,2022-02-14,7643.01847826087,6748.52586956522,1.13254637027172,,3,median
median_ensemble,LT,Deaths,2022-02-14,8.87260869565217,11.9371739130435,0.743275482143833,,3,median
median_ensemble,LU,Deaths,2022-02-14,1.8254347826087,1.83255434782609,0.996114950028174,,3,median
median_ensemble,LV,Cases,2022-02-14,12746.5133695652,11083.1189673913,1.15008360075065,,3,median
median_ensemble,LV,Deaths,2022-02-14,14.4229347826087,13.1660869565217,1.09546099993395,,3,median
median_ensemble,MT,Cases,2022-02-14,108.804565217391,118.212663043478,0.920413789996198,,3,median
median_ensemble,MT,Deaths,2022-02-14,7.05978260869565,4.82266304347826,1.46387639879644,,3,median
median_ensemble,NO,Cases,2022-02-14,32149.347826087,32032.6369565217,1.00364349865182,,3,median
median_ensemble,PT,Cases,2022-02-14,14889.5327173913,15257.87375,0.9758589539641,,3,median
median_ensemble,PT,Deaths,2022-02-14,90.0772826086957,80.3861956521739,1.12055660649068,,3,median
median_ensemble,RO,Cases,2022-02-14,36462.8202173913,26941.0743478261,1.353428588134,,3,median
median_ensemble,RO,Deaths,2022-02-14,214.115652173913,193.938097826087,1.10404120992215,,3,median
median_ensemble,SI,Cases,2022-02-14,13896.7069565217,2306.58793478261,6.02478958073258,,3,median
median_ensemble,SI,Deaths,2022-02-14,8.45478260869565,11.395652173913,0.741930560854636,,3,median
median_ensemble,SK,Cases,2022-02-14,54880.7515217391,38656.4434782609,1.41970514055703,,3,median
median_ensemble,SK,Deaths,2022-02-14,57.0392391304348,39.0496739130435,1.46068413419919,,3,median
median_ensemble,AT,Cases,2022-02-21,54602.7807608696,67393.381576087,0.81020983787886,,3,median
median_ensemble,AT,Deaths,2022-02-21,16.6871739130435,19.2711956521739,0.865912744296229,,3,median
median_ensemble,BE,Cases,2022-02-21,14539.1009782609,11561.8708695652,1.25750418269527,,3,median
median_ensemble,BE,Deaths,2022-02-21,81.0466304347826,51.5490217391304,1.57222441281094,,3,median
median_ensemble,BG,Cases,2022-02-21,2727.05489130435,2075.51179347826,1.31391924626658,,3,median
median_ensemble,BG,Deaths,2022-02-21,176.097391304348,54.1760869565217,3.25046346454797,,3,median
median_ensemble,CY,Cases,2022-02-21,2896.90608695652,2661.86576086957,1.08829909063866,,3,median
median_ensemble,CY,Deaths,2022-02-21,5.59532608695652,6.16434782608696,0.907691493863733,,3,median
median_ensemble,EE,Cases,2022-02-21,6344.41413043478,6015.82902173913,1.05462008769004,,3,median
median_ensemble,EE,Deaths,2022-02-21,6.58054347826087,7.83336956521739,0.840065494609183,,3,median
median_ensemble,ES,Cases,2022-02-21,32413.3027173913,19693.0792391304,1.64592354114869,,3,median
median_ensemble,FI,Cases,2022-02-21,9615.45065217391,9191.42918478261,1.04613226723145,,3,median
median_ensemble,FI,Deaths,2022-02-21,51.4281521739131,44.4354347826087,1.15736804254341,,3,median
median_ensemble,GR,Cases,2022-02-21,15713.4148913043,13297.1841304348,1.18170995732392,,3,median
median_ensemble,GR,Deaths,2022-02-21,36.6571739130435,37.2273913043478,0.984682853906077,,3,median
median_ensemble,HR,Cases,2022-02-21,2045.06858695652,1594.26326086957,1.28276717976997,,3,median
median_ensemble,HR,Deaths,2022-02-21,90.578152173913,66.8152173913044,1.35565153733529,,3,median
median_ensemble,HU,Cases,2022-02-21,4459.70173913044,3156.55679347826,1.41283747795845,,3,median
median_ensemble,HU,Deaths,2022-02-21,290.240217391304,87.3970652173913,3.32093779887644,,3,median
median_ensemble,IT,Cases,2022-02-21,89034.7972826087,84968.2484239131,1.04785962914532,,3,median
median_ensemble,IT,Deaths,2022-02-21,162.094782608696,102.530869565217,1.58093638819274,,3,median
median_ensemble,LT,Cases,2022-02-21,3725.23217391304,6825.99701086957,0.545741840786198,,3,median
median_ensemble,LT,Deaths,2022-02-21,15.7013043478261,12.088152173913,1.29890028864051,,3,median
median_ensemble,LU,Deaths,2022-02-21,4.27217391304348,3.08891304347826,1.3830670701668,,3,median
median_ensemble,LV,Cases,2022-02-21,14034.2657608696,10730.7142391304,1.30785942558161,,3,median
median_ensemble,LV,Deaths,2022-02-21,16.6385869565217,11.5602173913043,1.43929706452038,,3,median
median_ensemble,MT,Cases,2022-02-21,466.258586956522,402.569782608696,1.15820562570572,,3,median
median_ensemble,MT,Deaths,2022-02-21,1.70434782608696,1.27630434782609,1.33537727814682,,3,median
median_ensemble,NO,Cases,2022-02-21,13243.2433695652,11813.6026086957,1.12101649329369,,3,median
median_ensemble,PT,Cases,2022-02-21,21923.8406521739,26431.64375,0.829454303316793,,3,median
median_ensemble,PT,Deaths,2022-02-21,44.214347826087,44.1616304347826,1.00119373743191,,3,median
median_ensemble,RO,Cases,2022-02-21,9673.0075,5983.71880434783,1.61655448998899,,3,median
median_ensemble,RO,Deaths,2022-02-21,227.708043478261,153.046304347826,1.48783758254464,,3,median
median_ensemble,SI,Cases,2022-02-21,5289.77891304348,3400.68913043478,1.55550204977636,,3,median
median_ensemble,SI,Deaths,2022-02-21,22.7138043478261,18.1311956521739,1.25274718686866,,3,median
median_ensemble,SK,Cases,2022-02-21,28003.7835869565,20302.4113043478,1.37933288648129,,3,median
median_ensemble,SK,Deaths,2022-02-21,79.295,61.7035869565217,1.28509546869413,,3,median
median_ensemble,AT,Cases,2022-02-28,76031.4905434783,59153.6211956522,1.2853226735182,,3,median
median_ensemble,AT,Deaths,2022-02-28,31.8310869565217,27.0360869565217,1.17735554733609,,3,median
median_ensemble,BE,Cases,2022-02-28,26902.4351086957,23808.2155434783,1.12996436291358,,3,median
median_ensemble,BE,Deaths,2022-02-28,31.6825,32.4769565217391,0.975537839538402,,3,median
median_ensemble,BG,Cases,2022-02-28,1609.78108695652,1616.02326086957,0.996137324217917,,3,median
median_ensemble,BG,Deaths,2022-02-28,46.2286956521739,32.2022826086956,1.43557201251599,,3,median
median_ensemble,CY,Cases,2022-02-28,9763.70684782609,7571.60141304348,1.28951675018264,,3,median
median_ensemble,CY,Deaths,2022-02-28,10.073152173913,8.81858695652174,1.14226374628687,,3,median
median_ensemble,EE,Cases,2022-02-28,5503.97826086957,5700.70934782609,0.965490068875105,,3,median
median_ensemble,EE,Deaths,2022-02-28,9.02097826086957,7.71510869565218,1.16926133081616,,3,median
median_ensemble,ES,Cases,2022-02-28,29049.8775,21363.4142391304,1.35979563822671,,3,median
median_ensemble,FI,Cases,2022-02-28,18285.3875,18871.8079347826,0.968926112600914,,3,median
median_ensemble,FI,Deaths,2022-02-28,71.6647826086957,72.3572826086957,0.990429436056285,,3,median
median_ensemble,GR,Cases,2022-02-28,28577.5219565217,31048.8872826087,0.920404061388981,,3,median
median_ensemble,GR,Deaths,2022-02-28,22.895652173913,32.5307608695652,0.703815452264245,,3,median
median_ensemble,HR,Cases,2022-02-28,2927.92630434783,2451.2197826087,1.19447726602133,,3,median
median_ensemble,HR,Deaths,2022-02-28,28.6142391304348,14.5164673913043,1.97115719404125,,3,median
median_ensemble,HU,Cases,2022-02-28,3338.61630434783,2308.43717391304,1.44626691255735,,3,median
median_ensemble,HU,Deaths,2022-02-28,140.14402173913,54.5605434782609,2.56859651324715,,3,median
median_ensemble,IT,Cases,2022-02-28,135772.443369565,140500.199456522,0.966350538253723,,3,median
median_ensemble,IT,Deaths,2022-02-28,101.433695652174,112.062010869565,0.905156840084173,,3,median
median_ensemble,LT,Cases,2022-02-28,5955.0575,5623.30684782609,1.05899565169597,,3,median
median_ensemble,LT,Deaths,2022-02-28,19.7817391304348,12.1944565217391,1.62219112390698,,3,median
median_ensemble,LU,Deaths,2022-02-28,3.05391304347826,2.61391304347826,1.16833000665336,,3,median
median_ensemble,LV,Cases,2022-02-28,8836.98684782609,12872.2373913043,0.68651521714444,,3,median
median_ensemble,LV,Deaths,2022-02-28,36.218152173913,24.2613043478261,1.49283614988979,,3,median
median_ensemble,MT,Cases,2022-02-28,571.537826086957,584.683586956522,0.977516453064822,,3,median
median_ensemble,MT,Deaths,2022-02-28,1.65565217391304,1.57766304347826,1.04943332529539,,3,median
median_ensemble,NO,Cases,2022-02-28,17876.6084782609,14741.943423913,1.21263580819765,,3,median
median_ensemble,PT,Cases,2022-02-28,25172.8155434783,29561.8763043478,0.851529696028664,,3,median
median_ensemble,PT,Deaths,2022-02-28,19.6641304347826,20.9458695652174,0.938807069983705,,3,median
median_ensemble,RO,Cases,2022-02-28,6024.3927173913,4249.45847826087,1.41768480577244,,3,median
median_ensemble,RO,Deaths,2022-02-28,257.270869565217,125.801141304348,2.04505990087012,,3,median
median_ensemble,SI,Cases,2022-02-28,9684.44586956522,9289.89527173913,1.04247094141377,,3,median
median_ensemble,SI,Deaths,2022-02-28,16.915,8.60304347826087,1.96616465356042,,3,median
median_ensemble,SK,Cases,2022-02-28,7454.63554347826,7880.50413043478,0.945959220386447,,3,median
median_ensemble,SK,Deaths,2022-02-28,44.5135869565218,34.5689130434783,1.2876767892741,,3,median
median_ensemble,AT,Cases,2022-03-07,54327.8444565217,42812.2739130435,1.26897825064998,,3,median
median_ensemble,AT,Deaths,2022-03-07,26.0044565217391,25.9332608695652,1.00274534130251,,3,median
median_ensemble,BE,Cases,2022-03-07,26643.3020652174,26101.9404347826,1.02074028296047,,3,median
median_ensemble,BE,Deaths,2022-03-07,43.309347826087,45.5873913043478,0.950029088897579,,3,median
median_ensemble,BG,Cases,2022-03-07,2522.65586956522,2191.35608695652,1.15118482321548,,3,median
median_ensemble,BG,Deaths,2022-03-07,25.6320652173913,25.500597826087,1.00515546310722,,3,median
median_ensemble,CY,Cases,2022-03-07,13452.0139130435,10537.0193478261,1.27664318238334,,3,median
median_ensemble,CY,Deaths,2022-03-07,5.23673913043478,4.6791847826087,1.11915630045182,,3,median
median_ensemble,EE,Cases,2022-03-07,3511.5727173913,2313.30706521739,1.517988152196,,3,median
median_ensemble,EE,Deaths,2022-03-07,23.1367391304348,13.5344565217391,1.70946938972189,,3,median
median_ensemble,ES,Cases,2022-03-07,24173.4283695652,19553.8261956522,1.23625054900714,,3,median
median_ensemble,FI,Cases,2022-03-07,18554.6472826087,15915.689673913,1.16580856141101,,3,median
median_ensemble,FI,Deaths,2022-03-07,166.530869565217,118.7325,1.40257191219942,,3,median
median_ensemble,GR,Cases,2022-03-07,43944.56,28961.2504347826,1.51735713549241,,3,median
median_ensemble,GR,Deaths,2022-03-07,43.9996739130435,37.2741304347826,1.1804346177848,,3,median
median_ensemble,HR,Cases,2022-03-07,4123.085,3656.1077173913,1.12772525283853,,3,median
median_ensemble,HR,Deaths,2022-03-07,10.885652173913,13.2198913043478,0.82342977890695,,3,median
median_ensemble,HU,Cases,2022-03-07,3257.63130434783,3148.38782608696,1.0346982278853,,3,median
median_ensemble,HU,Deaths,2022-03-07,68.0155434782609,31.7586956521739,2.14163529331234,,3,median
median_ensemble,IT,Cases,2022-03-07,168581.56673913,168631.160217391,0.999705905609634,,3,median
median_ensemble,IT,Deaths,2022-03-07,114.023586956522,104.442391304348,1.09173665532278,,3,median
median_ensemble,LT,Cases,2022-03-07,5595.23391304348,5529.79206521739,1.01183441385395,,3,median
median_ensemble,LT,Deaths,2022-03-07,16.3521739130435,12.0117934782609,1.36134324508974,,3,median
median_ensemble,LU,Deaths,2022-03-07,2.77510869565217,2.99581521739131,0.926328392866861,,3,median
median_ensemble,LV,Cases,2022-03-07,6086.86163043478,6100.12391304348,0.997825899473888,,3,median
median_ensemble,LV,Deaths,2022-03-07,50.8870652173913,35.5510869565217,1.43137860396857,,3,median
median_ensemble,MT,Cases,2022-03-07,1716.42945652174,1498.71684782609,1.14526600472361,,3,median
median_ensemble,MT,Deaths,2022-03-07,2.48380434782609,2.52326086956522,0.98436288446627,,3,median
median_ensemble,NO,Cases,2022-03-07,15527.534673913,14100.719076087,1.10118743520292,,3,median
median_ensemble,PT,Cases,2022-03-07,13980.7447826087,13980.7447826087,1,,3,median
median_ensemble,PT,Deaths,2022-03-07,27.613152173913,25.5975543478261,1.07874181254578,,3,median
median_ensemble,RO,Cases,2022-03-07,5135.20173913044,4806.07413043478,1.06848159220255,,3,median
median_ensemble,RO,Deaths,2022-03-07,43.1579347826087,43.3929347826087,0.994584371829716,,3,median
median_ensemble,SI,Cases,2022-03-07,10102.7054347826,9797.19902173913,1.03118303633167,,3,median
median_ensemble,SI,Deaths,2022-03-07,4.29989130434783,4.62489130434783,0.929728078215704,,3,median
median_ensemble,SK,Cases,2022-03-07,8038.01489130435,7596.8972826087,1.05806549598946,,3,median
median_ensemble,SK,Deaths,2022-03-07,60.0781521739131,40.4628260869565,1.48477400082738,,3,median
median_ensemble,Average,Cases,2021-04-12,2753.76990846682,2558.71173913044,1.07623295987327,average,3,median
median_ensemble,Average,Deaths,2021-04-12,55.1802234299517,34.6456461352657,1.59270296805877,average,3,median
median_ensemble,Average,Cases,2021-04-19,2108.62614416476,2233.21402459954,0.944211401566348,average,3,median
median_ensemble,Average,Deaths,2021-04-19,38.7232065217391,34.6658605072464,1.11704154909539,average,3,median
median_ensemble,Average,Cases,2021-04-26,3286.22108695652,2995.58180778032,1.09702264796152,average,3,median
median_ensemble,Average,Deaths,2021-04-26,37.3568780193237,29.1292481884058,1.28245252941999,average,3,median
median_ensemble,Average,Cases,2021-05-03,2974.81413615561,2672.65729691076,1.11305483856614,average,3,median
median_ensemble,Average,Deaths,2021-05-03,29.1663949275362,27.3975120772947,1.06456363064103,average,3,median
median_ensemble,Average,Cases,2021-05-10,1582.58787757437,1677.51883009153,0.943409903475133,average,3,median
median_ensemble,Average,Deaths,2021-05-10,26.9210990338164,25.5505676328502,1.05363995902792,average,3,median
median_ensemble,Average,Cases,2021-05-17,1178.27153318078,1221.40098684211,0.964688538714188,average,3,median
median_ensemble,Average,Deaths,2021-05-17,32.0129891304348,32.3674154589372,0.989049903321689,average,3,median
median_ensemble,Average,Cases,2021-05-24,1034.95612700229,1154.29530034325,0.896612960907427,average,3,median
median_ensemble,Average,Deaths,2021-05-24,35.4032487922705,32.4678985507246,1.09040776805927,average,3,median
median_ensemble,Average,Cases,2021-05-31,644.033850114417,757.317325514874,0.850414784418883,average,3,median
median_ensemble,Average,Deaths,2021-05-31,40.9538586956522,38.3490972222222,1.06792236746373,average,3,median
median_ensemble,Average,Cases,2021-06-07,741.127631578947,849.270646453089,0.872663661076958,average,3,median
median_ensemble,Average,Deaths,2021-06-07,16.7442391304348,27.1867632850242,0.615896749270567,average,3,median
median_ensemble,Average,Cases,2021-06-14,1533.26346681922,1502.55292906179,1.02043890578724,average,3,median
median_ensemble,Average,Deaths,2021-06-14,12.716020531401,13.2335024154589,0.960896075142325,average,3,median
median_ensemble,Average,Cases,2021-06-21,4152.3206979405,4186.52386441648,0.991830175204139,average,3,median
median_ensemble,Average,Deaths,2021-06-21,13.369770531401,15.2533967391304,0.876511032923094,average,3,median
median_ensemble,Average,Cases,2021-06-28,7187.85236270023,6979.72994851259,1.0298181184262,average,3,median
median_ensemble,Average,Deaths,2021-06-28,30.49875,22.6186745169082,1.34838803119083,average,3,median
median_ensemble,Average,Cases,2021-07-05,5634.49244279176,5311.38373569794,1.06083324481381,average,3,median
median_ensemble,Average,Deaths,2021-07-05,21.8089553140097,16.035018115942,1.36008298564547,average,3,median
median_ensemble,Average,Cases,2021-07-12,16016.1452974828,7030.51748569794,2.2780891065365,average,3,median
median_ensemble,Average,Deaths,2021-07-12,18.5991847826087,12.2437258454106,1.51907883412632,average,3,median
median_ensemble,Average,Cases,2021-07-19,9178.178798627,13758.2142276888,0.667105384952915,average,3,median
median_ensemble,Average,Deaths,2021-07-19,18.0524154589372,13.2343870772947,1.36405376036707,average,3,median
median_ensemble,Average,Cases,2021-07-26,5371.61369565217,5447.62227688787,0.986047384093025,average,3,median
median_ensemble,Average,Deaths,2021-07-26,20.1057548309179,13.5121950483092,1.48797103350234,average,3,median
median_ensemble,Average,Cases,2021-08-02,2797.62200228833,3179.05433924485,0.880017043984493,average,3,median
median_ensemble,Average,Deaths,2021-08-02,14.4169565217391,12.8275120772947,1.12390901952514,average,3,median
median_ensemble,Average,Cases,2021-08-09,3629.36812929062,1757.955048627,2.06453977997061,average,3,median
median_ensemble,Average,Deaths,2021-08-09,15.1423128019324,12.416240942029,1.21955693938538,average,3,median
median_ensemble,Average,Cases,2021-08-16,2458.23878146453,2104.74614988558,1.16795024502036,average,3,median
median_ensemble,Average,Deaths,2021-08-16,19.3684299516908,14.5155102657005,1.33432649608313,average,3,median
median_ensemble,Average,Cases,2021-08-23,1927.6411784897,1803.23895881007,1.0689882054022,average,3,median
median_ensemble,Average,Deaths,2021-08-23,24.6237620772947,16.0490489130435,1.53428170172018,average,3,median
median_ensemble,Average,Cases,2021-08-30,2987.40859839817,2203.79157322654,1.35557674087316,average,3,median
median_ensemble,Average,Deaths,2021-08-30,22.7866425120773,15.8319565217391,1.43928152409897,average,3,median
median_ensemble,Average,Cases,2021-09-06,2650.87997139588,2378.01509153318,1.11474480579801,average,3,median
median_ensemble,Average,Deaths,2021-09-06,19.0102657004831,18.7567904589372,1.01351378542618,average,3,median
median_ensemble,Average,Cases,2021-09-13,2178.57788901602,2112.94088386728,1.03106428847579,average,3,median
median_ensemble,Average,Deaths,2021-09-13,20.7482608695652,23.3104830917874,0.890082834742927,average,3,median
median_ensemble,Average,Cases,2021-09-20,3240.98132723112,1770.04532608696,1.83101600815837,average,3,median
median_ensemble,Average,Deaths,2021-09-20,36.3496195652174,16.8708152173913,2.15458583932247,average,3,median
median_ensemble,Average,Cases,2021-09-27,3635.75835240275,2270.80146167048,1.60109036997367,average,3,median
median_ensemble,Average,Deaths,2021-09-27,31.7893236714976,25.8967059178744,1.22754313897336,average,3,median
median_ensemble,Average,Cases,2021-10-04,7185.36874141876,5423.07395881007,1.32496233612041,average,3,median
median_ensemble,Average,Deaths,2021-10-04,86.3471739130435,32.1949154589372,2.68201275518721,average,3,median
median_ensemble,Average,Cases,2021-10-11,8669.94529176201,7246.76447368421,1.19638844662965,average,3,median
median_ensemble,Average,Deaths,2021-10-11,85.1712379227053,49.1653109903382,1.73234413058921,average,3,median
median_ensemble,Average,Cases,2021-10-18,10028.2003604119,9680.15169908467,1.03595487675675,average,3,median
median_ensemble,Average,Deaths,2021-10-18,86.9252717391304,71.307059178744,1.21902757932054,average,3,median
median_ensemble,Average,Cases,2021-10-25,8329.75200228833,8308.2033895881,1.00259365493233,average,3,median
median_ensemble,Average,Deaths,2021-10-25,105.816201690821,70.1338798309179,1.50877438901039,average,3,median
median_ensemble,Average,Cases,2021-11-01,9064.89901601831,8373.71498855835,1.082542100896,average,3,median
median_ensemble,Average,Deaths,2021-11-01,100.196890096618,75.2728532608696,1.33111587718577,average,3,median
median_ensemble,Average,Cases,2021-11-08,8159.30263157895,7750.2558409611,1.05277848873788,average,3,median
median_ensemble,Average,Deaths,2021-11-08,81.4927596618358,78.8470471014493,1.03355499866701,average,3,median
median_ensemble,Average,Cases,2021-11-15,11248.8862757437,10211.3925514874,1.10160159048093,average,3,median
median_ensemble,Average,Deaths,2021-11-15,141.350942028986,85.7592149758454,1.64823036298546,average,3,median
median_ensemble,Average,Cases,2021-11-22,11567.4188558352,10852.8593278032,1.06584066985937,average,3,median
median_ensemble,Average,Deaths,2021-11-22,71.3825,59.3139130434783,1.20346974828107,average,3,median
median_ensemble,Average,Cases,2021-11-29,14081.8479347826,8882.02809210526,1.58543159160904,average,3,median
median_ensemble,Average,Deaths,2021-11-29,51.2221799516908,44.0099154589372,1.16387817194248,average,3,median
median_ensemble,Average,Cases,2021-12-06,24501.4254061785,21626.3780606407,1.13294169451196,average,3,median
median_ensemble,Average,Deaths,2021-12-06,38.9550241545894,36.2189311594203,1.07554317335114,average,3,median
median_ensemble,Average,Cases,2021-12-13,48356.9514988558,48452.7363014874,0.998023129136906,average,3,median
median_ensemble,Average,Deaths,2021-12-13,46.6106400966184,29.4380314009662,1.58334772667878,average,3,median
median_ensemble,Average,Cases,2021-12-20,62367.6634553776,65901.2514731121,0.946380562754923,average,3,median
median_ensemble,Average,Deaths,2021-12-20,50.8770410628019,37.1256461352657,1.37040149759101,average,3,median
median_ensemble,Average,Cases,2021-12-27,53122.1072482838,67262.1401229977,0.789777237999608,average,3,median
median_ensemble,Average,Deaths,2021-12-27,64.381479468599,51.0590730676329,1.26092143081641,average,3,median
median_ensemble,Average,Cases,2022-01-03,98763.1476773456,58532.0625286041,1.68733414492409,average,3,median
median_ensemble,Average,Deaths,2022-01-03,49.3549154589372,57.9896648550725,0.851098477328414,average,3,median
median_ensemble,Average,Cases,2022-01-10,182211.833838673,114457.28423913,1.59196363123544,average,3,median
median_ensemble,Average,Deaths,2022-01-10,120.696600241546,59.65288647343,2.02331533940617,average,3,median
median_ensemble,Average,Cases,2022-01-17,88037.8120480549,71167.1715188787,1.23705649907276,average,3,median
median_ensemble,Average,Deaths,2022-01-17,145.06675120773,91.4123007246377,1.58695000626574,average,3,median
median_ensemble,Average,Cases,2022-01-24,97471.9279805492,63422.5783438215,1.53686479682586,average,3,median
median_ensemble,Average,Deaths,2022-01-24,111.897246376812,102.402949879227,1.09271506835284,average,3,median
median_ensemble,Average,Cases,2022-01-31,111094.244925629,79053.802597254,1.40529919214143,average,3,median
median_ensemble,Average,Deaths,2022-01-31,102.990718599034,78.189365942029,1.31719598129742,average,3,median
median_ensemble,Average,Cases,2022-02-07,48324.2231064073,35574.2125629291,1.35840598076273,average,3,median
median_ensemble,Average,Deaths,2022-02-07,65.1567512077295,52.4838043478261,1.24146395287803,average,3,median
median_ensemble,Average,Cases,2022-02-14,19565.0780720824,17150.4400085812,1.14079161014487,average,3,median
median_ensemble,Average,Deaths,2022-02-14,60.7394746376812,50.1696769323672,1.21068099999055,average,3,median
median_ensemble,Average,Cases,2022-02-21,17407.9685926773,16184.2403518307,1.07561233732594,average,3,median
median_ensemble,Average,Deaths,2022-02-21,73.8473973429952,43.4697946859903,1.69882093707691,average,3,median
median_ensemble,Average,Cases,2022-02-28,22070.5076372998,21010.4232665904,1.05045516490832,average,3,median
median_ensemble,Average,Deaths,2022-02-28,49.5923248792271,34.7134661835749,1.42861921701994,average,3,median
median_ensemble,Average,Cases,2022-03-07,22593.4228546911,20380.6624227689,1.10857156583145,average,3,median
median_ensemble,Average,Deaths,2022-03-07,40.8012198067633,32.6568146135266,1.24939374184594,average,3,median
weighted.mean_ensemble,AT,Cases,2021-04-12,970.546392561824,1048.75070652174,0.925430978521783,,3,invscore_mean
weighted.mean_ensemble,AT,Deaths,2021-04-12,18.9517571078786,16.2261956521739,1.16797291947725,,3,invscore_mean
weighted.mean_ensemble,AT,Cases,2021-04-19,1115.7197574885,954.08347826087,1.1694152376711,,3,invscore_mean
weighted.mean_ensemble,AT,Deaths,2021-04-19,14.255580744829,15.3169565217391,0.930705830795839,,3,invscore_mean
weighted.mean_ensemble,AT,Cases,2021-04-26,2385.66041479037,2769.96809782609,0.861259166364649,,3,invscore_mean
weighted.mean_ensemble,AT,Deaths,2021-04-26,16.6250072617831,15.7438043478261,1.05597140910092,,3,invscore_mean
weighted.mean_ensemble,AT,Cases,2021-05-03,2917.91198025136,3281.86923913044,0.889100621517903,,3,invscore_mean
weighted.mean_ensemble,AT,Deaths,2021-05-03,12.4457123553775,13.128152173913,0.948017069767699,,3,invscore_mean
weighted.mean_ensemble,AT,Cases,2021-05-10,1089.49191461784,1117.33956521739,0.975076824032328,,3,invscore_mean
weighted.mean_ensemble,AT,Deaths,2021-05-10,7.23675253361588,7.6179347826087,0.949962521356439,,3,invscore_mean
weighted.mean_ensemble,AT,Cases,2021-05-17,270.590885322902,399.315217391304,0.677637298900481,,3,invscore_mean
weighted.mean_ensemble,AT,Deaths,2021-05-17,7.02879600960193,7.41173913043478,0.948332892713347,,3,invscore_mean
weighted.mean_ensemble,AT,Cases,2021-05-24,231.035659918624,235.29277173913,0.981907171269902,,3,invscore_mean
weighted.mean_ensemble,AT,Deaths,2021-05-24,10.5069222486163,9.405,1.11716345014528,,3,invscore_mean
weighted.mean_ensemble,AT,Cases,2021-05-31,400.123492342788,364.743532608696,1.09699955330544,,3,invscore_mean
weighted.mean_ensemble,AT,Deaths,2021-05-31,9.25985206274211,8.32978260869565,1.11165590961228,,3,invscore_mean
weighted.mean_ensemble,AT,Cases,2021-06-07,200.126833165305,211.343804347826,0.946925478997906,,3,invscore_mean
weighted.mean_ensemble,AT,Deaths,2021-06-07,6.39076231489698,4.83065217391304,1.32296056201459,,3,invscore_mean
weighted.mean_ensemble,AT,Cases,2021-06-14,270.229159092613,201.443695652174,1.3414624777298,,3,invscore_mean
weighted.mean_ensemble,AT,Deaths,2021-06-14,9.15882715381285,7.41065217391304,1.23590028770393,,3,invscore_mean
weighted.mean_ensemble,AT,Cases,2021-06-21,372.44487374969,330.956630434783,1.12535855003238,,3,invscore_mean
weighted.mean_ensemble,AT,Deaths,2021-06-21,5.52344237643422,6.67989130434783,0.82687608596851,,3,invscore_mean
weighted.mean_ensemble,AT,Cases,2021-06-28,860.376600935058,746.572663043478,1.15243517948762,,3,invscore_mean
weighted.mean_ensemble,AT,Deaths,2021-06-28,2.34024577267304,3.70989130434783,0.630812490363364,,3,invscore_mean
weighted.mean_ensemble,AT,Cases,2021-07-05,1595.11158944575,1405.55173913043,1.13486508183085,,3,invscore_mean
weighted.mean_ensemble,AT,Deaths,2021-07-05,3.44052508832539,4.58576086956522,0.750262646959956,,3,invscore_mean
weighted.mean_ensemble,AT,Cases,2021-07-12,2772.23592227015,1344.12032608696,2.06249088602117,,3,invscore_mean
weighted.mean_ensemble,AT,Deaths,2021-07-12,8.16422500512643,4.30934782608696,1.89453841616211,,3,invscore_mean
weighted.mean_ensemble,AT,Cases,2021-07-19,5396.18582678005,762.016086956522,7.08145919639613,,3,invscore_mean
weighted.mean_ensemble,AT,Deaths,2021-07-19,5.62953832527542,3.58826086956522,1.5688765476958,,3,invscore_mean
weighted.mean_ensemble,AT,Cases,2021-07-26,1112.18815465271,677.430326086957,1.6417749720138,,3,invscore_mean
weighted.mean_ensemble,AT,Deaths,2021-07-26,5.93731511741288,3.71239130434783,1.59932362476426,,3,invscore_mean
weighted.mean_ensemble,AT,Cases,2021-08-02,1207.69422311561,876.92,1.37719999899148,,3,invscore_mean
weighted.mean_ensemble,AT,Deaths,2021-08-02,4.68100379074655,4.7675,0.981857113947887,,3,invscore_mean
weighted.mean_ensemble,AT,Cases,2021-08-09,1817.94404680456,1470.24788043478,1.23648812625185,,3,invscore_mean
weighted.mean_ensemble,AT,Deaths,2021-08-09,4.31733775696231,3.77086956521739,1.14491834901572,,3,invscore_mean
weighted.mean_ensemble,AT,Cases,2021-08-16,812.671121768649,1185.37293478261,0.685582653291885,,3,invscore_mean
weighted.mean_ensemble,AT,Deaths,2021-08-16,9.63674624940275,9.95918478260869,0.967624003345234,,3,invscore_mean
weighted.mean_ensemble,AT,Cases,2021-08-23,1788.55709180432,1335.15760869565,1.33958498993359,,3,invscore_mean
weighted.mean_ensemble,AT,Deaths,2021-08-23,12.7330829682128,14.4385869565217,0.881878746622185,,3,invscore_mean
weighted.mean_ensemble,AT,Cases,2021-08-30,2650.12077617523,2077.74451086957,1.27547961855335,,3,invscore_mean
weighted.mean_ensemble,AT,Deaths,2021-08-30,27.0634633100938,18.0921739130435,1.49586575058194,,3,invscore_mean
weighted.mean_ensemble,AT,Cases,2021-09-06,2465.9718020764,2355.49494565217,1.04690175906688,,3,invscore_mean
weighted.mean_ensemble,AT,Deaths,2021-09-06,20.9217097951478,23.4919565217391,0.890590350607329,,3,invscore_mean
weighted.mean_ensemble,AT,Cases,2021-09-13,3520.01429999526,3629.7464673913,0.969768641313699,,3,invscore_mean
weighted.mean_ensemble,AT,Deaths,2021-09-13,13.5910011860808,13.2271739130435,1.02750604743153,,3,invscore_mean
weighted.mean_ensemble,AT,Cases,2021-09-20,2072.98068385185,1661.08619565217,1.24796695636734,,3,invscore_mean
weighted.mean_ensemble,AT,Deaths,2021-09-20,13.8368859254264,7.61788043478261,1.81636953269158,,3,invscore_mean
weighted.mean_ensemble,AT,Cases,2021-09-27,1662.81698414043,1898.04,0.876070569714249,,3,invscore_mean
weighted.mean_ensemble,AT,Deaths,2021-09-27,16.3912342720277,9.13190217391304,1.79494194745672,,3,invscore_mean
weighted.mean_ensemble,AT,Cases,2021-10-04,3348.61688305156,4857.93076086957,0.689309306345932,,3,invscore_mean
weighted.mean_ensemble,AT,Deaths,2021-10-04,21.9102676178745,27.3665217391304,0.800623032284945,,3,invscore_mean
weighted.mean_ensemble,AT,Cases,2021-10-11,12947.0049938446,11285.2611413044,1.1472490385232,,3,invscore_mean
weighted.mean_ensemble,AT,Deaths,2021-10-11,48.0037393423672,42.8075,1.1213861903257,,3,invscore_mean
weighted.mean_ensemble,AT,Cases,2021-10-18,19712.8613414183,20163.1324456522,0.977668593635066,,3,invscore_mean
weighted.mean_ensemble,AT,Deaths,2021-10-18,90.9033072876105,69.8704347826087,1.30102678723043,,3,invscore_mean
weighted.mean_ensemble,AT,Cases,2021-10-25,14799.0248692055,14670.5231521739,1.00875917754934,,3,invscore_mean
weighted.mean_ensemble,AT,Deaths,2021-10-25,91.8779844271232,93.5676086956522,0.981942209573563,,3,invscore_mean
weighted.mean_ensemble,AT,Cases,2021-11-01,13740.2492189016,20326.3686956522,0.675981500908258,,3,invscore_mean
weighted.mean_ensemble,AT,Deaths,2021-11-01,78.9901386373679,110.673423913043,0.713722733466986,,3,invscore_mean
weighted.mean_ensemble,AT,Cases,2021-11-08,19395.147636023,9518.19635869565,2.03769148114957,,3,invscore_mean
weighted.mean_ensemble,AT,Deaths,2021-11-08,63.7448692561392,77.5829347826087,0.821635188650127,,3,invscore_mean
weighted.mean_ensemble,AT,Cases,2021-11-15,52756.5898724151,50932.4777717391,1.03581432085144,,3,invscore_mean
weighted.mean_ensemble,AT,Deaths,2021-11-15,79.2711728474251,57.6082608695652,1.37603829122543,,3,invscore_mean
weighted.mean_ensemble,AT,Cases,2021-11-22,56681.8743354977,69380.9273913044,0.816966224965764,,3,invscore_mean
weighted.mean_ensemble,AT,Deaths,2021-11-22,184.094606576654,78.863097826087,2.33435677333687,,3,invscore_mean
weighted.mean_ensemble,AT,Cases,2021-11-29,44080.2297971107,17893.0683695652,2.46353665490307,,3,invscore_mean
weighted.mean_ensemble,AT,Deaths,2021-11-29,73.6199256759961,83.0380434782609,0.886580687504633,,3,invscore_mean
weighted.mean_ensemble,AT,Cases,2021-12-06,26230.9835585415,25848.6109782609,1.01479277089984,,3,invscore_mean
weighted.mean_ensemble,AT,Deaths,2021-12-06,83.2875536606593,76.3744565217392,1.09051582759155,,3,invscore_mean
weighted.mean_ensemble,AT,Cases,2021-12-13,12604.2936545653,14024.970923913,0.898703728010909,,3,invscore_mean
weighted.mean_ensemble,AT,Deaths,2021-12-13,38.3537752427407,25.7005434782609,1.49233323704546,,3,invscore_mean
weighted.mean_ensemble,AT,Cases,2021-12-20,23602.4900259022,25915.8101086957,0.910737110933791,,3,invscore_mean
weighted.mean_ensemble,AT,Deaths,2021-12-20,9.56155703851507,20.969347826087,0.455977797584148,,3,invscore_mean
weighted.mean_ensemble,AT,Cases,2021-12-27,61790.4897387594,63055.139076087,0.979943754690613,,3,invscore_mean
weighted.mean_ensemble,AT,Deaths,2021-12-27,11.5080470005773,10.1801630434783,1.1304383781898,,3,invscore_mean
weighted.mean_ensemble,AT,Cases,2022-01-03,68283.9783502714,102943.59423913,0.663314496205103,,3,invscore_mean
weighted.mean_ensemble,AT,Deaths,2022-01-03,43.4411644947272,14.5113586956522,2.99359731957717,,3,invscore_mean
weighted.mean_ensemble,AT,Cases,2022-01-10,83018.1666387204,74043.9059239131,1.12120188154349,,3,invscore_mean
weighted.mean_ensemble,AT,Deaths,2022-01-10,41.576775321449,14.5152173913044,2.86435774267883,,3,invscore_mean
weighted.mean_ensemble,AT,Cases,2022-01-17,84496.2226396775,38825.4961956522,2.17630760503042,,3,invscore_mean
weighted.mean_ensemble,AT,Deaths,2022-01-17,112.19169744744,7.89184782608696,14.2161506303484,,3,invscore_mean
weighted.mean_ensemble,AT,Cases,2022-01-24,34108.2056836333,42027.0492391304,0.811577455499206,,3,invscore_mean
weighted.mean_ensemble,AT,Deaths,2022-01-24,15.1507894182544,12.8170652173913,1.1820794512067,,3,invscore_mean
weighted.mean_ensemble,AT,Cases,2022-01-31,82550.8619639062,81599.6777173913,1.01165671572637,,3,invscore_mean
weighted.mean_ensemble,AT,Deaths,2022-01-31,24.2382757709592,16.2441304347826,1.4921251628871,,3,invscore_mean
weighted.mean_ensemble,AT,Cases,2022-02-07,34135.2314586697,24914.1818478261,1.37011247919619,,3,invscore_mean
weighted.mean_ensemble,AT,Deaths,2022-02-07,17.9739889296008,30.589347826087,0.58758980517631,,3,invscore_mean
weighted.mean_ensemble,AT,Cases,2022-02-14,21816.2843026557,21965.3017934783,0.993215777674093,,3,invscore_mean
weighted.mean_ensemble,AT,Deaths,2022-02-14,21.8262507254631,23.2335869565217,0.939426648425303,,3,invscore_mean
weighted.mean_ensemble,AT,Cases,2022-02-21,51234.1052598595,67393.381576087,0.760224580836864,,3,invscore_mean
weighted.mean_ensemble,AT,Deaths,2022-02-21,22.0691391493652,19.2711956521739,1.14518785173953,,3,invscore_mean
weighted.mean_ensemble,AT,Cases,2022-02-28,46633.3624869375,59153.6211956522,0.788343326145603,,3,invscore_mean
weighted.mean_ensemble,AT,Deaths,2022-02-28,28.891240671427,27.0360869565217,1.06861768560993,,3,invscore_mean
weighted.mean_ensemble,AT,Cases,2022-03-07,48710.8509618957,42812.2739130435,1.13777770974821,,3,invscore_mean
weighted.mean_ensemble,AT,Deaths,2022-03-07,19.8145720854015,25.9332608695652,0.764060184527564,,3,invscore_mean
weighted.mean_ensemble,BE,Cases,2021-04-12,2940.23288582746,2658.24108695652,1.10608210077506,,3,invscore_mean
weighted.mean_ensemble,BE,Deaths,2021-04-12,27.7581293697508,23.4015217391304,1.18616770649302,,3,invscore_mean
weighted.mean_ensemble,BE,Cases,2021-04-19,2113.67042831409,1938.73086956522,1.09023406058836,,3,invscore_mean
weighted.mean_ensemble,BE,Deaths,2021-04-19,26.9602878442034,17.0504891304348,1.58120319235181,,3,invscore_mean
weighted.mean_ensemble,BE,Cases,2021-04-26,3219.9305859334,2184.39179347826,1.47406275538429,,3,invscore_mean
weighted.mean_ensemble,BE,Deaths,2021-04-26,27.5924439786764,21.9200543478261,1.25877625761511,,3,invscore_mean
weighted.mean_ensemble,BE,Cases,2021-05-03,1632.33612414381,1888.31086956522,0.864442476317289,,3,invscore_mean
weighted.mean_ensemble,BE,Deaths,2021-05-03,20.8806560590216,34.1202173913044,0.611973124894072,,3,invscore_mean
weighted.mean_ensemble,BE,Cases,2021-05-10,2560.98995093293,3051.80217391304,0.839172988611254,,3,invscore_mean
weighted.mean_ensemble,BE,Deaths,2021-05-10,54.1529043528706,57.3961956521739,0.943492922092642,,3,invscore_mean
weighted.mean_ensemble,BE,Cases,2021-05-17,1518.22758358311,1710.46695652174,0.88761000485531,,3,invscore_mean
weighted.mean_ensemble,BE,Deaths,2021-05-17,19.4101858738405,16.0021739130435,1.21297181116243,,3,invscore_mean
weighted.mean_ensemble,BE,Cases,2021-05-24,3401.59558275185,3598.91309782609,0.945173025935685,,3,invscore_mean
weighted.mean_ensemble,BE,Deaths,2021-05-24,10.7500101577724,9.68565217391305,1.10989017205532,,3,invscore_mean
weighted.mean_ensemble,BE,Cases,2021-05-31,2130.43339906651,3104.02581521739,0.68634525802657,,3,invscore_mean
weighted.mean_ensemble,BE,Deaths,2021-05-31,10.6132030917908,9.43635869565217,1.12471382596773,,3,invscore_mean
weighted.mean_ensemble,BE,Cases,2021-06-07,2151.09266559891,2437.98798913043,0.882322913480041,,3,invscore_mean
weighted.mean_ensemble,BE,Deaths,2021-06-07,8.22368298383366,11.75,0.699887913517758,,3,invscore_mean
weighted.mean_ensemble,BE,Cases,2021-06-14,1308.03409611843,1203.33956521739,1.08700331471451,,3,invscore_mean
weighted.mean_ensemble,BE,Deaths,2021-06-14,4.53417271205033,6.30141304347826,0.71954856486404,,3,invscore_mean
weighted.mean_ensemble,BE,Cases,2021-06-21,4230.94240621344,3385.96451086957,1.24955308675898,,3,invscore_mean
weighted.mean_ensemble,BE,Deaths,2021-06-21,4.6558083662791,3.73163043478261,1.24766062654067,,3,invscore_mean
weighted.mean_ensemble,BE,Cases,2021-06-28,5390.27092946787,5260.03206521739,1.02476008941309,,3,invscore_mean
weighted.mean_ensemble,BE,Deaths,2021-06-28,2.89640908740583,2.34402173913044,1.23565794593711,,3,invscore_mean
weighted.mean_ensemble,BE,Cases,2021-07-05,5131.32510330979,5122.32054347826,1.00175790635418,,3,invscore_mean
weighted.mean_ensemble,BE,Deaths,2021-07-05,3.53730941588541,3.67771739130435,0.961821978015244,,3,invscore_mean
weighted.mean_ensemble,BE,Cases,2021-07-12,2355.19639624817,1318.15815217391,1.78673279254388,,3,invscore_mean
weighted.mean_ensemble,BE,Deaths,2021-07-12,5.70723852036832,4.50380434782609,1.26720391908745,,3,invscore_mean
weighted.mean_ensemble,BE,Cases,2021-07-19,1332.93220743191,3020.82929347826,0.441247113933121,,3,invscore_mean
weighted.mean_ensemble,BE,Deaths,2021-07-19,6.73185212819545,5.13673913043478,1.31053027168729,,3,invscore_mean
weighted.mean_ensemble,BE,Cases,2021-07-26,1152.42417883135,2931.57342391304,0.39310773164709,,3,invscore_mean
weighted.mean_ensemble,BE,Deaths,2021-07-26,4.59179151951824,5.16304347826087,0.889357515359323,,3,invscore_mean
weighted.mean_ensemble,BE,Cases,2021-08-02,1319.0219328869,1418.92331521739,0.92959352964386,,3,invscore_mean
weighted.mean_ensemble,BE,Deaths,2021-08-02,5.56898244399017,5.55423913043478,1.00265442542339,,3,invscore_mean
weighted.mean_ensemble,BE,Cases,2021-08-09,1704.4166985328,1543.48858695652,1.10426258602508,,3,invscore_mean
weighted.mean_ensemble,BE,Deaths,2021-08-09,5.45833532444792,6.06271739130435,0.900311687342828,,3,invscore_mean
weighted.mean_ensemble,BE,Cases,2021-08-16,1301.66018043881,1760.84836956522,0.739223321517578,,3,invscore_mean
weighted.mean_ensemble,BE,Deaths,2021-08-16,10.7807470570006,9.2720652173913,1.16271260007744,,3,invscore_mean
weighted.mean_ensemble,BE,Cases,2021-08-23,688.345884112075,1640.0402173913,0.41971280753528,,3,invscore_mean
weighted.mean_ensemble,BE,Deaths,2021-08-23,8.13493428505452,8.0666847826087,1.00846066312061,,3,invscore_mean
weighted.mean_ensemble,BE,Cases,2021-08-30,900.449546393036,1461.0335326087,0.616309979405655,,3,invscore_mean
weighted.mean_ensemble,BE,Deaths,2021-08-30,10.5342342568131,8.2425,1.27803873300735,,3,invscore_mean
weighted.mean_ensemble,BE,Cases,2021-09-06,920.663223325968,1512.59739130435,0.608663765135849,,3,invscore_mean
weighted.mean_ensemble,BE,Deaths,2021-09-06,12.3076646037839,13.0257608695652,0.944871069492829,,3,invscore_mean
weighted.mean_ensemble,BE,Cases,2021-09-13,1149.82175201376,1363.78527173913,0.843110551082195,,3,invscore_mean
weighted.mean_ensemble,BE,Deaths,2021-09-13,8.10326236724777,7.91173913043478,1.0242074762142,,3,invscore_mean
weighted.mean_ensemble,BE,Cases,2021-09-20,2355.10787171707,2212.34608695652,1.06452958947167,,3,invscore_mean
weighted.mean_ensemble,BE,Deaths,2021-09-20,15.5013063421103,11.6373913043478,1.33202587562033,,3,invscore_mean
weighted.mean_ensemble,BE,Cases,2021-09-27,5112.07109489017,3851.23010869565,1.32738656237333,,3,invscore_mean
weighted.mean_ensemble,BE,Deaths,2021-09-27,11.1634343731191,12.7028260869565,0.878815020901683,,3,invscore_mean
weighted.mean_ensemble,BE,Cases,2021-10-04,12271.6829350169,10917.6243478261,1.12402502083344,,3,invscore_mean
weighted.mean_ensemble,BE,Deaths,2021-10-04,30.1883812737893,28.0445652173913,1.0764431910347,,3,invscore_mean
weighted.mean_ensemble,BE,Cases,2021-10-11,20517.49217578,19484.655326087,1.05300770439138,,3,invscore_mean
weighted.mean_ensemble,BE,Deaths,2021-10-11,40.29789408989,34.9804347826087,1.15201238464666,,3,invscore_mean
weighted.mean_ensemble,BE,Cases,2021-10-18,18113.3377874964,24233.1857608696,0.74746003130735,,3,invscore_mean
weighted.mean_ensemble,BE,Deaths,2021-10-18,31.0086796463138,37.4726086956522,0.827502560554629,,3,invscore_mean
weighted.mean_ensemble,BE,Cases,2021-10-25,6335.49220886441,8484.64065217391,0.74670130045415,,3,invscore_mean
weighted.mean_ensemble,BE,Deaths,2021-10-25,25.725056976197,22.1784239130435,1.15991366550928,,3,invscore_mean
weighted.mean_ensemble,BE,Cases,2021-11-01,12542.9569400282,16306.6788043478,0.7691913902593,,3,invscore_mean
weighted.mean_ensemble,BE,Deaths,2021-11-01,69.626705024386,32.6061413043478,2.13538622600221,,3,invscore_mean
weighted.mean_ensemble,BE,Cases,2021-11-08,13350.5795419979,32186.9945652174,0.414781799989028,,3,invscore_mean
weighted.mean_ensemble,BE,Deaths,2021-11-08,39.0404255589222,42.6458695652174,0.915456196741834,,3,invscore_mean
weighted.mean_ensemble,BE,Cases,2021-11-15,12992.0118090221,6018.26842391304,2.15876243694939,,3,invscore_mean
weighted.mean_ensemble,BE,Deaths,2021-11-15,29.2062847226868,41.5627173913043,0.702703926880327,,3,invscore_mean
weighted.mean_ensemble,BE,Cases,2021-11-22,28456.766702043,16637.1930978261,1.7104307520336,,3,invscore_mean
weighted.mean_ensemble,BE,Deaths,2021-11-22,48.8261787168742,30.675597826087,1.59169444695718,,3,invscore_mean
weighted.mean_ensemble,BE,Cases,2021-11-29,70887.8408321532,20871.8779347826,3.39633266607121,,3,invscore_mean
weighted.mean_ensemble,BE,Deaths,2021-11-29,82.1313206152254,51.0685326086957,1.60825691320609,,3,invscore_mean
weighted.mean_ensemble,BE,Cases,2021-12-06,57040.4094105484,37987.4592391304,1.50155895005981,,3,invscore_mean
weighted.mean_ensemble,BE,Deaths,2021-12-06,125.903644483747,83.02,1.51654594656405,,3,invscore_mean
weighted.mean_ensemble,BE,Cases,2021-12-13,22682.4812593375,20882.8108152174,1.08617951194619,,3,invscore_mean
weighted.mean_ensemble,BE,Deaths,2021-12-13,72.8866172648814,45.3110869565217,1.60858240577675,,3,invscore_mean
weighted.mean_ensemble,BE,Cases,2021-12-20,57365.1841997378,59811.5552173913,0.959098689061639,,3,invscore_mean
weighted.mean_ensemble,BE,Deaths,2021-12-20,125.707364110996,58.0390217391305,2.16591114640106,,3,invscore_mean
weighted.mean_ensemble,BE,Cases,2021-12-27,125055.891925748,137933.056413043,0.906641926002604,,3,invscore_mean
weighted.mean_ensemble,BE,Deaths,2021-12-27,23.1297058856676,31.5385869565217,0.733378001923601,,3,invscore_mean
weighted.mean_ensemble,BE,Cases,2022-01-03,166219.628529772,176637.112445652,0.941023243803958,,3,invscore_mean
weighted.mean_ensemble,BE,Deaths,2022-01-03,46.7021718870632,28.4030434782609,1.64426646471207,,3,invscore_mean
weighted.mean_ensemble,BE,Cases,2022-01-10,128312.191267352,97649.1261956522,1.31401269285567,,3,invscore_mean
weighted.mean_ensemble,BE,Deaths,2022-01-10,41.854638260386,58.1983695652174,0.719172007275625,,3,invscore_mean
weighted.mean_ensemble,BE,Cases,2022-01-17,75731.4161306526,54078.6880434783,1.40039299899003,,3,invscore_mean
weighted.mean_ensemble,BE,Deaths,2022-01-17,52.3560010455933,57.305,0.913637571688218,,3,invscore_mean
weighted.mean_ensemble,BE,Cases,2022-01-24,276820.038579282,164695.414891304,1.68079991031917,,3,invscore_mean
weighted.mean_ensemble,BE,Deaths,2022-01-24,66.7727334242716,54.8434782608696,1.21751456219934,,3,invscore_mean
weighted.mean_ensemble,BE,Cases,2022-01-31,278490.175449594,237480.612173913,1.17268594223451,,3,invscore_mean
weighted.mean_ensemble,BE,Deaths,2022-01-31,50.0853139193432,50.1723913043478,0.998264436221977,,3,invscore_mean
weighted.mean_ensemble,BE,Cases,2022-02-07,108733.295557225,79942.8377173913,1.36013805191169,,3,invscore_mean
weighted.mean_ensemble,BE,Deaths,2022-02-07,57.3413131247099,53.7179347826087,1.0674519293559,,3,invscore_mean
weighted.mean_ensemble,BE,Cases,2022-02-14,16169.4827034358,10336.3707065217,1.56432883093422,,3,invscore_mean
weighted.mean_ensemble,BE,Deaths,2022-02-14,150.376120479639,103.888260869565,1.44747942857992,,3,invscore_mean
weighted.mean_ensemble,BE,Cases,2022-02-21,14346.3800469308,11561.8708695652,1.24083551950881,,3,invscore_mean
weighted.mean_ensemble,BE,Deaths,2022-02-21,68.1569595970123,51.5490217391304,1.32217755638367,,3,invscore_mean
weighted.mean_ensemble,BE,Cases,2022-02-28,26738.3611804021,23808.2155434783,1.1230728792577,,3,invscore_mean
weighted.mean_ensemble,BE,Deaths,2022-02-28,28.6066970184917,32.4769565217391,0.880830597514371,,3,invscore_mean
weighted.mean_ensemble,BE,Cases,2022-03-07,27558.1563979676,26101.9404347826,1.05578956732445,,3,invscore_mean
weighted.mean_ensemble,BE,Deaths,2022-03-07,43.5641838096361,45.5873913043478,0.955619142994945,,3,invscore_mean
weighted.mean_ensemble,BG,Cases,2021-04-12,3396.67194163806,2546.63070652174,1.33379053858867,,3,invscore_mean
weighted.mean_ensemble,BG,Deaths,2021-04-12,66.9681303139776,62.5614130434783,1.07043826307818,,3,invscore_mean
weighted.mean_ensemble,BG,Cases,2021-04-19,1204.09748999421,744.43652173913,1.61746160328248,,3,invscore_mean
weighted.mean_ensemble,BG,Deaths,2021-04-19,31.7722865226794,40.4265760869565,0.785925734950644,,3,invscore_mean
weighted.mean_ensemble,BG,Cases,2021-04-26,1555.29172436534,850.852934782609,1.82792073786842,,3,invscore_mean
weighted.mean_ensemble,BG,Deaths,2021-04-26,58.7631145921871,32.6590760869565,1.79928894607206,,3,invscore_mean
weighted.mean_ensemble,BG,Cases,2021-05-03,723.664320451758,1409.25239130435,0.51350937909849,,3,invscore_mean
weighted.mean_ensemble,BG,Deaths,2021-05-03,19.8294947152191,24.4845108695652,0.809879144445872,,3,invscore_mean
weighted.mean_ensemble,BG,Cases,2021-05-10,444.849040014813,790.490326086956,0.562750770419774,,3,invscore_mean
weighted.mean_ensemble,BG,Deaths,2021-05-10,17.8222995923282,19.5688043478261,0.910750563782302,,3,invscore_mean
weighted.mean_ensemble,BG,Cases,2021-05-17,424.722781820251,298.144076086957,1.42455549476145,,3,invscore_mean
weighted.mean_ensemble,BG,Deaths,2021-05-17,20.8064768988372,17.7733695652174,1.17065460336545,,3,invscore_mean
weighted.mean_ensemble,BG,Cases,2021-05-24,153.07172091919,126.915108695652,1.20609533799685,,3,invscore_mean
weighted.mean_ensemble,BG,Deaths,2021-05-24,12.9842273544966,10.0114130434783,1.29694252930209,,3,invscore_mean
weighted.mean_ensemble,BG,Cases,2021-05-31,134.866482905948,135.780923913044,0.99326532048286,,3,invscore_mean
weighted.mean_ensemble,BG,Deaths,2021-05-31,14.3640924604529,13.598152173913,1.05632679181288,,3,invscore_mean
weighted.mean_ensemble,BG,Cases,2021-06-07,114.255700373058,117.771956521739,0.970143519284816,,3,invscore_mean
weighted.mean_ensemble,BG,Deaths,2021-06-07,11.1624187548458,9.76239130434783,1.14341029844547,,3,invscore_mean
weighted.mean_ensemble,BG,Cases,2021-06-14,108.269149264601,100.612663043478,1.0760986340041,,3,invscore_mean
weighted.mean_ensemble,BG,Deaths,2021-06-14,13.9043902720518,11.9272826086957,1.16576346249352,,3,invscore_mean
weighted.mean_ensemble,BG,Cases,2021-06-21,97.6911712005421,81.5161413043478,1.19842732540299,,3,invscore_mean
weighted.mean_ensemble,BG,Deaths,2021-06-21,9.41042492046336,9.14489130434783,1.02903627908506,,3,invscore_mean
weighted.mean_ensemble,BG,Cases,2021-06-28,148.907145327014,108.227608695652,1.37587023423715,,3,invscore_mean
weighted.mean_ensemble,BG,Deaths,2021-06-28,11.259154922932,9.57510869565217,1.17587750497751,,3,invscore_mean
weighted.mean_ensemble,BG,Cases,2021-07-05,302.12675906537,271.869456521739,1.1112934969994,,3,invscore_mean
weighted.mean_ensemble,BG,Deaths,2021-07-05,5.84483075729366,6.09695652173913,0.958647275317365,,3,invscore_mean
weighted.mean_ensemble,BG,Cases,2021-07-12,910.047312315393,797.467065217391,1.14117228410845,,3,invscore_mean
weighted.mean_ensemble,BG,Deaths,2021-07-12,6.78798471486023,5.54782608695652,1.22353956459079,,3,invscore_mean
weighted.mean_ensemble,BG,Cases,2021-07-19,1632.60176987347,1363.64809782609,1.19723099564774,,3,invscore_mean
weighted.mean_ensemble,BG,Deaths,2021-07-19,11.8562818197283,13.6321739130435,0.86972788752233,,3,invscore_mean
weighted.mean_ensemble,BG,Cases,2021-07-26,2468.57885381328,2079.58135869565,1.18705567516801,,3,invscore_mean
weighted.mean_ensemble,BG,Deaths,2021-07-26,22.9694455548884,28.2732608695652,0.812408786551179,,3,invscore_mean
weighted.mean_ensemble,BG,Cases,2021-08-02,1802.40229056417,2431.42489130435,0.741294661007302,,3,invscore_mean
weighted.mean_ensemble,BG,Deaths,2021-08-02,31.7924492070333,59.7746739130435,0.531871562415933,,3,invscore_mean
weighted.mean_ensemble,BG,Cases,2021-08-09,6480.02946467441,1341.03065217391,4.83212628597996,,3,invscore_mean
weighted.mean_ensemble,BG,Deaths,2021-08-09,43.1228417124004,39.5746739130435,1.08965753722073,,3,invscore_mean
weighted.mean_ensemble,BG,Cases,2021-08-16,9384.03466949279,7161.35494565218,1.31037139489784,,3,invscore_mean
weighted.mean_ensemble,BG,Deaths,2021-08-16,112.667784023526,45.2650543478261,2.48906768470359,,3,invscore_mean
weighted.mean_ensemble,BG,Cases,2021-08-23,9170.00868826314,6177.41282608696,1.48444161762001,,3,invscore_mean
weighted.mean_ensemble,BG,Deaths,2021-08-23,124.920024128156,38.2772282608696,3.26355981882472,,3,invscore_mean
weighted.mean_ensemble,BG,Cases,2021-08-30,7768.90685609134,4207.92548913044,1.84625580375873,,3,invscore_mean
weighted.mean_ensemble,BG,Deaths,2021-08-30,125.822642236009,84.2655434782609,1.493168346662,,3,invscore_mean
weighted.mean_ensemble,BG,Cases,2021-09-06,887.832456844423,1086.11032608696,0.817442239079993,,3,invscore_mean
weighted.mean_ensemble,BG,Deaths,2021-09-06,56.0873900703793,75.0080434782609,0.747751673947271,,3,invscore_mean
weighted.mean_ensemble,BG,Cases,2021-09-13,1343.48015131076,1685.52864130435,0.797067530262261,,3,invscore_mean
weighted.mean_ensemble,BG,Deaths,2021-09-13,51.4687406066996,59.5483695652174,0.864318216980416,,3,invscore_mean
weighted.mean_ensemble,BG,Cases,2021-09-20,1740.15058370037,2160.51565217391,0.805432990938729,,3,invscore_mean
weighted.mean_ensemble,BG,Deaths,2021-09-20,45.4877285196311,43.23625,1.05207386208635,,3,invscore_mean
weighted.mean_ensemble,BG,Cases,2021-09-27,5629.88377994794,4483.14673913043,1.25578842441368,,3,invscore_mean
weighted.mean_ensemble,BG,Deaths,2021-09-27,166.2861884244,107.68347826087,1.54421264162328,,3,invscore_mean
weighted.mean_ensemble,BG,Cases,2021-10-04,7057.84226865627,4437.71586956522,1.59042229743919,,3,invscore_mean
weighted.mean_ensemble,BG,Deaths,2021-10-04,179.624827205634,126.818695652174,1.41639074808253,,3,invscore_mean
weighted.mean_ensemble,BG,Cases,2021-10-11,5607.66781549662,5912.2347826087,0.948485305758157,,3,invscore_mean
weighted.mean_ensemble,BG,Deaths,2021-10-11,82.5869286497218,103.37402173913,0.798913762474426,,3,invscore_mean
weighted.mean_ensemble,BG,Cases,2021-10-18,4388.43636145094,3630.82336956522,1.20866148384862,,3,invscore_mean
weighted.mean_ensemble,BG,Deaths,2021-10-18,87.6689439382162,180.739130434783,0.485057904878271,,3,invscore_mean
weighted.mean_ensemble,BG,Cases,2021-10-25,15228.1157567874,9898.93858695652,1.53835844348534,,3,invscore_mean
weighted.mean_ensemble,BG,Deaths,2021-10-25,212.038859571534,85.4405434782609,2.48171243931148,,3,invscore_mean
weighted.mean_ensemble,BG,Cases,2021-11-01,19826.6292976555,19058.3642391304,1.04031117512948,,3,invscore_mean
weighted.mean_ensemble,BG,Deaths,2021-11-01,311.251284067458,183.480380434783,1.69637365766249,,3,invscore_mean
weighted.mean_ensemble,BG,Cases,2021-11-08,3570.59451598186,4558.85586956522,0.783221628000797,,3,invscore_mean
weighted.mean_ensemble,BG,Deaths,2021-11-08,180.14883735137,123.091304347826,1.46353829221204,,3,invscore_mean
weighted.mean_ensemble,BG,Cases,2021-11-15,1103.6728452941,1446.25842391304,0.76312284654354,,3,invscore_mean
weighted.mean_ensemble,BG,Deaths,2021-11-15,158.197332116091,166.81097826087,0.948362834181645,,3,invscore_mean
weighted.mean_ensemble,BG,Cases,2021-11-22,1307.75719943311,1331.46543478261,0.982193878466418,,3,invscore_mean
weighted.mean_ensemble,BG,Deaths,2021-11-22,77.2714770858323,42.5438586956522,1.81627805880545,,3,invscore_mean
weighted.mean_ensemble,BG,Cases,2021-11-29,916.61002735441,925.266739130435,0.990644090606606,,3,invscore_mean
weighted.mean_ensemble,BG,Deaths,2021-11-29,45.5613693805851,39.5815217391304,1.15107674942025,,3,invscore_mean
weighted.mean_ensemble,BG,Cases,2021-12-06,1954.35463561936,1786.50239130435,1.09395579044955,,3,invscore_mean
weighted.mean_ensemble,BG,Deaths,2021-12-06,28.0570356637822,35.9755434782609,0.779891919651925,,3,invscore_mean
weighted.mean_ensemble,BG,Cases,2021-12-13,5861.14515671324,6107.29885869565,0.959695160220965,,3,invscore_mean
weighted.mean_ensemble,BG,Deaths,2021-12-13,49.8910703233749,45.0336956521739,1.10786089395633,,3,invscore_mean
weighted.mean_ensemble,BG,Cases,2021-12-20,12626.9462340088,13145.8744565217,0.960525393405417,,3,invscore_mean
weighted.mean_ensemble,BG,Deaths,2021-12-20,72.3502689324485,81.3691304347826,0.889161141895664,,3,invscore_mean
weighted.mean_ensemble,BG,Cases,2021-12-27,24300.7808149539,24600.0530434783,0.987834488486857,,3,invscore_mean
weighted.mean_ensemble,BG,Deaths,2021-12-27,87.1142858057727,89.6329891304348,0.971899817811533,,3,invscore_mean
weighted.mean_ensemble,BG,Cases,2022-01-03,21318.1110241389,25712.8336956522,0.829084467175766,,3,invscore_mean
weighted.mean_ensemble,BG,Deaths,2022-01-03,70.9742410498063,59.7984782608696,1.18689042119404,,3,invscore_mean
weighted.mean_ensemble,BG,Cases,2022-01-10,14483.2923359559,6670.87054347826,2.17112477922621,,3,invscore_mean
weighted.mean_ensemble,BG,Deaths,2022-01-10,654.097915990048,81.6408152173913,8.01189838989641,,3,invscore_mean
weighted.mean_ensemble,BG,Cases,2022-01-17,31853.4575096947,14749.3858695652,2.15964636028833,,3,invscore_mean
weighted.mean_ensemble,BG,Deaths,2022-01-17,192.786111712036,92.7817391304348,2.07784542000245,,3,invscore_mean
weighted.mean_ensemble,BG,Cases,2022-01-24,54744.9516072665,41787.4932608696,1.31007981899049,,3,invscore_mean
weighted.mean_ensemble,BG,Deaths,2022-01-24,237.904567359411,162.205217391304,1.46668874889203,,3,invscore_mean
weighted.mean_ensemble,BG,Cases,2022-01-31,23831.7953652814,26697.2458695652,0.892668685066483,,3,invscore_mean
weighted.mean_ensemble,BG,Deaths,2022-01-31,89.9309376424614,49.9421739130435,1.80070130305189,,3,invscore_mean
weighted.mean_ensemble,BG,Cases,2022-02-07,14483.2719077841,9217.32717391304,1.57130929981251,,3,invscore_mean
weighted.mean_ensemble,BG,Deaths,2022-02-07,55.3603630914173,51.8289673913044,1.06813555966591,,3,invscore_mean
weighted.mean_ensemble,BG,Cases,2022-02-14,6400.71111754606,4275.20766304348,1.49716963993966,,3,invscore_mean
weighted.mean_ensemble,BG,Deaths,2022-02-14,85.1282747314664,71.5920652173913,1.18907415888859,,3,invscore_mean
weighted.mean_ensemble,BG,Cases,2022-02-21,2543.64887297565,2075.51179347826,1.22555259910755,,3,invscore_mean
weighted.mean_ensemble,BG,Deaths,2022-02-21,145.075136192919,54.1760869565217,2.67784449455249,,3,invscore_mean
weighted.mean_ensemble,BG,Cases,2022-02-28,1712.01985936435,1616.02326086957,1.05940298064963,,3,invscore_mean
weighted.mean_ensemble,BG,Deaths,2022-02-28,41.6330663542869,32.2022826086956,1.29286072233416,,3,invscore_mean
weighted.mean_ensemble,BG,Cases,2022-03-07,2521.53011322409,2191.35608695652,1.15067109733231,,3,invscore_mean
weighted.mean_ensemble,BG,Deaths,2022-03-07,22.7073934021762,25.500597826087,0.890465139564168,,3,invscore_mean
weighted.mean_ensemble,CY,Cases,2021-04-12,899.39252673722,761.670054347826,1.18081644618065,,3,invscore_mean
weighted.mean_ensemble,CY,Deaths,2021-04-12,2.22000567680013,1.85260869565217,1.19831332002823,,3,invscore_mean
weighted.mean_ensemble,CY,Cases,2021-04-19,2216.38959195665,2807.49793478261,0.789453685610019,,3,invscore_mean
weighted.mean_ensemble,CY,Deaths,2021-04-19,6.41338930936221,4.65282608695652,1.37838577877242,,3,invscore_mean
weighted.mean_ensemble,CY,Cases,2021-04-26,3538.18329059496,2240.1952173913,1.57940846544399,,3,invscore_mean
weighted.mean_ensemble,CY,Deaths,2021-04-26,4.08537576140974,3.70929347826087,1.10138919590833,,3,invscore_mean
weighted.mean_ensemble,CY,Cases,2021-05-03,2514.88781788517,2212.49369565217,1.13667569893068,,3,invscore_mean
weighted.mean_ensemble,CY,Deaths,2021-05-03,3.08460287814845,2.79184782608696,1.10486067661926,,3,invscore_mean
weighted.mean_ensemble,CY,Cases,2021-05-10,777.44054486548,950.60097826087,0.817841094891163,,3,invscore_mean
weighted.mean_ensemble,CY,Deaths,2021-05-10,5.27681683541835,5.43891304347826,0.970196948036469,,3,invscore_mean
weighted.mean_ensemble,CY,Cases,2021-05-17,294.487734167319,262.217608695652,1.12306620303719,,3,invscore_mean
weighted.mean_ensemble,CY,Deaths,2021-05-17,2.72570784281881,1.98695652173913,1.37180044605761,,3,invscore_mean
weighted.mean_ensemble,CY,Cases,2021-05-24,66.4042781330169,56.6540760869565,1.17210062751875,,3,invscore_mean
weighted.mean_ensemble,CY,Deaths,2021-05-24,1.44370289856811,1.41510869565217,1.02020636506849,,3,invscore_mean
weighted.mean_ensemble,CY,Cases,2021-05-31,180.992329076093,238.447445652174,0.759044948378726,,3,invscore_mean
weighted.mean_ensemble,CY,Deaths,2021-05-31,1.53231260812233,1.51934782608696,1.00853312310241,,3,invscore_mean
weighted.mean_ensemble,CY,Cases,2021-06-07,706.428692515492,808.052119565217,0.874236544166971,,3,invscore_mean
weighted.mean_ensemble,CY,Deaths,2021-06-07,1.49832776161675,1.42592391304348,1.05077679665161,,3,invscore_mean
weighted.mean_ensemble,CY,Cases,2021-06-14,2118.05820148693,2036.31684782609,1.04014176563343,,3,invscore_mean
weighted.mean_ensemble,CY,Deaths,2021-06-14,1.39644012977999,1.665,0.838702780648641,,3,invscore_mean
weighted.mean_ensemble,CY,Cases,2021-06-21,3459.88395025869,3355.32043478261,1.03116349615737,,3,invscore_mean
weighted.mean_ensemble,CY,Deaths,2021-06-21,1.56640904595332,1.57972826086957,0.991568667063716,,3,invscore_mean
weighted.mean_ensemble,CY,Cases,2021-06-28,2510.9417767294,3243.11255434783,0.774238246330103,,3,invscore_mean
weighted.mean_ensemble,CY,Deaths,2021-06-28,2.16171580264693,3.2041847826087,0.674653913338594,,3,invscore_mean
weighted.mean_ensemble,CY,Cases,2021-07-05,2629.62412112986,1205.88309782609,2.18066255831136,,3,invscore_mean
weighted.mean_ensemble,CY,Deaths,2021-07-05,6.87103870359512,3.7695652173913,1.8227668994543,,3,invscore_mean
weighted.mean_ensemble,CY,Cases,2021-07-12,4374.21950907411,6456.2822826087,0.677513670809741,,3,invscore_mean
weighted.mean_ensemble,CY,Deaths,2021-07-12,3.58315086847464,6.40347826086957,0.559563212757447,,3,invscore_mean
weighted.mean_ensemble,CY,Cases,2021-07-19,1230.50135793422,1614.27413043478,0.76226294824089,,3,invscore_mean
weighted.mean_ensemble,CY,Deaths,2021-07-19,12.0634416509079,6.81728260869565,1.76953814933837,,3,invscore_mean
weighted.mean_ensemble,CY,Cases,2021-07-26,1562.10285330599,1712.59054347826,0.912128622486357,,3,invscore_mean
weighted.mean_ensemble,CY,Deaths,2021-07-26,7.6632389082598,3.12413043478261,2.45291900201761,,3,invscore_mean
weighted.mean_ensemble,CY,Cases,2021-08-02,1247.68632924876,878.923315217391,1.41956221623289,,3,invscore_mean
weighted.mean_ensemble,CY,Deaths,2021-08-02,4.89611462491165,3.78315217391304,1.29418918400193,,3,invscore_mean
weighted.mean_ensemble,CY,Cases,2021-08-09,480.045513771854,354.962065217391,1.35238539779696,,3,invscore_mean
weighted.mean_ensemble,CY,Deaths,2021-08-09,4.90726883526042,3.35152173913044,1.46419125914237,,3,invscore_mean
weighted.mean_ensemble,CY,Cases,2021-08-16,344.32855262753,216.338641304348,1.59161835607133,,3,invscore_mean
weighted.mean_ensemble,CY,Deaths,2021-08-16,3.6443352592503,3.38472826086957,1.07669950978991,,3,invscore_mean
weighted.mean_ensemble,CY,Cases,2021-08-23,177.818656896243,186.297119565217,0.954489566512024,,3,invscore_mean
weighted.mean_ensemble,CY,Deaths,2021-08-23,2.94529151865742,2.02336956521739,1.45563695791825,,3,invscore_mean
weighted.mean_ensemble,CY,Cases,2021-08-30,128.92458801967,135.663315217391,0.950327565068548,,3,invscore_mean
weighted.mean_ensemble,CY,Deaths,2021-08-30,4.62618481502131,1.72130434782609,2.68760421180829,,3,invscore_mean
weighted.mean_ensemble,CY,Cases,2021-09-06,109.709650073416,128.988804347826,0.850536220008502,,3,invscore_mean
weighted.mean_ensemble,CY,Deaths,2021-09-06,4.49085200307476,3.13086956521739,1.43437850396777,,3,invscore_mean
weighted.mean_ensemble,CY,Cases,2021-09-13,75.0041702580929,101.83472826087,0.736528407734885,,3,invscore_mean
weighted.mean_ensemble,CY,Deaths,2021-09-13,3.55886411901736,2.1929347826087,1.62287731821362,,3,invscore_mean
weighted.mean_ensemble,CY,Cases,2021-09-20,279.818098086786,434.24,0.644385819101846,,3,invscore_mean
weighted.mean_ensemble,CY,Deaths,2021-09-20,1.10015495425284,1.27228260869565,0.864709575320472,,3,invscore_mean
weighted.mean_ensemble,CY,Cases,2021-09-27,197.430935286387,186.960760869565,1.05600198869605,,3,invscore_mean
weighted.mean_ensemble,CY,Deaths,2021-09-27,1.73723228611495,1.68184782608696,1.03293072010971,,3,invscore_mean
weighted.mean_ensemble,CY,Cases,2021-10-04,242.75011214555,286.700489130435,0.846702818267989,,3,invscore_mean
weighted.mean_ensemble,CY,Deaths,2021-10-04,1.805631084433,2.06804347826087,0.873110794532934,,3,invscore_mean
weighted.mean_ensemble,CY,Cases,2021-10-11,360.603251925878,461.841086956522,0.780795087553191,,3,invscore_mean
weighted.mean_ensemble,CY,Deaths,2021-10-11,1.59032649405135,1.50565217391304,1.05623763682302,,3,invscore_mean
weighted.mean_ensemble,CY,Cases,2021-10-18,137.861019369067,249.942282608696,0.551571418529851,,3,invscore_mean
weighted.mean_ensemble,CY,Deaths,2021-10-18,2.16412753387131,1.85,1.16979866695746,,3,invscore_mean
weighted.mean_ensemble,CY,Cases,2021-10-25,364.958855743813,373.267065217391,0.977741916585276,,3,invscore_mean
weighted.mean_ensemble,CY,Deaths,2021-10-25,1.64308907217371,1.60630434782609,1.02290022086873,,3,invscore_mean
weighted.mean_ensemble,CY,Cases,2021-11-01,517.1565918652,444.235108695652,1.16415065298116,,3,invscore_mean
weighted.mean_ensemble,CY,Deaths,2021-11-01,2.45317525995442,2.12614130434783,1.15381572002662,,3,invscore_mean
weighted.mean_ensemble,CY,Cases,2021-11-08,789.829275618771,643.555489130435,1.22729009224361,,3,invscore_mean
weighted.mean_ensemble,CY,Deaths,2021-11-08,2.71457559514912,2.31184782608696,1.17420167734129,,3,invscore_mean
weighted.mean_ensemble,CY,Cases,2021-11-15,562.742102544658,917.3725,0.613428135838668,,3,invscore_mean
weighted.mean_ensemble,CY,Deaths,2021-11-15,2.35521355947,2.365,0.995861970177592,,3,invscore_mean
weighted.mean_ensemble,CY,Cases,2021-11-22,2049.19638144242,507.331304347826,4.03916802271183,,3,invscore_mean
weighted.mean_ensemble,CY,Deaths,2021-11-22,2.45299621435127,2.13135869565217,1.15090726838012,,3,invscore_mean
weighted.mean_ensemble,CY,Cases,2021-11-29,661.734282206508,775.803695652174,0.852966138103049,,3,invscore_mean
weighted.mean_ensemble,CY,Deaths,2021-11-29,3.16890143725931,1.70184782608696,1.86203571710964,,3,invscore_mean
weighted.mean_ensemble,CY,Cases,2021-12-06,2152.40726843454,2488.97065217391,0.864778082680319,,3,invscore_mean
weighted.mean_ensemble,CY,Deaths,2021-12-06,1.82123626657348,2.28521739130435,0.796964119695398,,3,invscore_mean
weighted.mean_ensemble,CY,Cases,2021-12-13,7391.02564117682,9095.99755434783,0.812558006641498,,3,invscore_mean
weighted.mean_ensemble,CY,Deaths,2021-12-13,1.75685556201158,2.1304347826087,0.824646488291148,,3,invscore_mean
weighted.mean_ensemble,CY,Cases,2021-12-20,14509.9334321748,15055.3545652174,0.96377228243414,,3,invscore_mean
weighted.mean_ensemble,CY,Deaths,2021-12-20,2.55134210606203,1.86119565217391,1.37080811632136,,3,invscore_mean
weighted.mean_ensemble,CY,Cases,2021-12-27,15405.4791664913,14773.4282608696,1.04278295426498,,3,invscore_mean
weighted.mean_ensemble,CY,Deaths,2021-12-27,5.46475282885541,5.4820652173913,0.996841995151576,,3,invscore_mean
weighted.mean_ensemble,CY,Cases,2022-01-03,15854.1232124142,6367.26114130435,2.48994392731416,,3,invscore_mean
weighted.mean_ensemble,CY,Deaths,2022-01-03,4.93425689814976,6.15315217391304,0.801907178416467,,3,invscore_mean
weighted.mean_ensemble,CY,Cases,2022-01-10,76234.1838532558,42850.3736956522,1.77907862355448,,3,invscore_mean
weighted.mean_ensemble,CY,Deaths,2022-01-10,10.6004602686606,6.7525,1.56985712975352,,3,invscore_mean
weighted.mean_ensemble,CY,Cases,2022-01-17,7985.77958199956,8595.42684782609,0.92907306680404,,3,invscore_mean
weighted.mean_ensemble,CY,Deaths,2022-01-17,11.7738117453896,9.85086956521739,1.19520532349367,,3,invscore_mean
weighted.mean_ensemble,CY,Cases,2022-01-24,5520.8185737749,5758.55239130435,0.958716392354364,,3,invscore_mean
weighted.mean_ensemble,CY,Deaths,2022-01-24,21.489250917727,12.8833695652174,1.66798373740235,,3,invscore_mean
weighted.mean_ensemble,CY,Cases,2022-01-31,5745.09817463887,5306.61217391304,1.08263012000036,,3,invscore_mean
weighted.mean_ensemble,CY,Deaths,2022-01-31,7.47440528584884,8.06402173913044,0.926883077407828,,3,invscore_mean
weighted.mean_ensemble,CY,Cases,2022-02-07,3143.6803520068,3220.06021739131,0.976279988500842,,3,invscore_mean
weighted.mean_ensemble,CY,Deaths,2022-02-07,15.3972320813461,14.0125,1.09882120116653,,3,invscore_mean
weighted.mean_ensemble,CY,Cases,2022-02-14,3038.80573417281,1766.0972826087,1.72063326527755,,3,invscore_mean
weighted.mean_ensemble,CY,Deaths,2022-02-14,4.35916362544284,5.055,0.862346909088593,,3,invscore_mean
weighted.mean_ensemble,CY,Cases,2022-02-21,2748.16349951579,2661.86576086957,1.03242001903884,,3,invscore_mean
weighted.mean_ensemble,CY,Deaths,2022-02-21,6.59170252304514,6.16434782608696,1.06932683051233,,3,invscore_mean
weighted.mean_ensemble,CY,Cases,2022-02-28,6846.60225571036,7571.60141304348,0.90424758016393,,3,invscore_mean
weighted.mean_ensemble,CY,Deaths,2022-02-28,11.6223903180944,8.81858695652174,1.31794247484277,,3,invscore_mean
weighted.mean_ensemble,CY,Cases,2022-03-07,10911.6002222749,10537.0193478261,1.03554903546097,,3,invscore_mean
weighted.mean_ensemble,CY,Deaths,2022-03-07,6.04143599192241,4.6791847826087,1.29113003067903,,3,invscore_mean
weighted.mean_ensemble,EE,Cases,2021-04-12,295.895693961963,313.512880434783,0.943807136573182,,3,invscore_mean
weighted.mean_ensemble,EE,Deaths,2021-04-12,16.8808150024155,5.40097826086957,3.12551063660413,,3,invscore_mean
weighted.mean_ensemble,EE,Cases,2021-04-19,513.865231706703,352.110326086957,1.45938699786896,,3,invscore_mean
weighted.mean_ensemble,EE,Deaths,2021-04-19,6.34171406026171,3.85456521739131,1.64524757076329,,3,invscore_mean
weighted.mean_ensemble,EE,Cases,2021-04-26,274.660177987616,335.779021739131,0.817978968921416,,3,invscore_mean
weighted.mean_ensemble,EE,Deaths,2021-04-26,3.32465083627994,4.25255434782609,0.781800904667923,,3,invscore_mean
weighted.mean_ensemble,EE,Cases,2021-05-03,265.219541392749,324.783369565217,0.816604439284542,,3,invscore_mean
weighted.mean_ensemble,EE,Deaths,2021-05-03,2.70531102368259,2.54217391304348,1.06417228569693,,3,invscore_mean
weighted.mean_ensemble,EE,Cases,2021-05-10,537.083659577847,761.860543478261,0.704963216923929,,3,invscore_mean
weighted.mean_ensemble,EE,Deaths,2021-05-10,4.75412120942089,4.6825,1.01529550655011,,3,invscore_mean
weighted.mean_ensemble,EE,Cases,2021-05-17,539.467027520928,408.248043478261,1.32141974992626,,3,invscore_mean
weighted.mean_ensemble,EE,Deaths,2021-05-17,3.10931813091309,3.64239130434783,0.853647472527616,,3,invscore_mean
weighted.mean_ensemble,EE,Cases,2021-05-24,498.094919626834,420.278804347826,1.18515355633925,,3,invscore_mean
weighted.mean_ensemble,EE,Deaths,2021-05-24,3.9032577413355,4.2270652173913,0.923396621674164,,3,invscore_mean
weighted.mean_ensemble,EE,Cases,2021-05-31,109.265003642043,126.012445652174,0.867096921074305,,3,invscore_mean
weighted.mean_ensemble,EE,Deaths,2021-05-31,1.83845268786126,2.14478260869565,0.857174373014574,,3,invscore_mean
weighted.mean_ensemble,EE,Cases,2021-06-07,51.2143093705913,59.888097826087,0.855166739797213,,3,invscore_mean
weighted.mean_ensemble,EE,Deaths,2021-06-07,1.55542896821259,2.5725,0.604637111064176,,3,invscore_mean
weighted.mean_ensemble,EE,Cases,2021-06-14,55.4461577996945,50.7507065217391,1.0925199194211,,3,invscore_mean
weighted.mean_ensemble,EE,Deaths,2021-06-14,1.06288765701702,1.00195652173913,1.06081215497468,,3,invscore_mean
weighted.mean_ensemble,EE,Cases,2021-06-21,73.9580604562652,70.2423369565218,1.05289863151967,,3,invscore_mean
weighted.mean_ensemble,EE,Deaths,2021-06-21,0.491403462680843,0.481956521739131,1.01960123064135,,3,invscore_mean
weighted.mean_ensemble,EE,Cases,2021-06-28,177.970314112753,182.39277173913,0.975753109159927,,3,invscore_mean
weighted.mean_ensemble,EE,Deaths,2021-06-28,0.418857668908822,0.386739130434783,1.08304962168667,,3,invscore_mean
weighted.mean_ensemble,EE,Cases,2021-07-05,259.252519046078,336.672336956522,0.770044017841472,,3,invscore_mean
weighted.mean_ensemble,EE,Deaths,2021-07-05,0.337891925705815,0.294021739130435,1.14920728890702,,3,invscore_mean
weighted.mean_ensemble,EE,Cases,2021-07-12,433.727383176843,298.769565217391,1.45171206732939,,3,invscore_mean
weighted.mean_ensemble,EE,Deaths,2021-07-12,0.704918043090824,0.750869565217391,0.938802257735319,,3,invscore_mean
weighted.mean_ensemble,EE,Cases,2021-07-19,502.520546565324,467.961141304348,1.07385101498951,,3,invscore_mean
weighted.mean_ensemble,EE,Deaths,2021-07-19,0.849853112368328,0.885760869565218,0.959461115939209,,3,invscore_mean
weighted.mean_ensemble,EE,Cases,2021-07-26,290.625347480664,346.346902173913,0.839116347386097,,3,invscore_mean
weighted.mean_ensemble,EE,Deaths,2021-07-26,0.956235000180269,0.901739130434783,1.06043418534938,,3,invscore_mean
weighted.mean_ensemble,EE,Cases,2021-08-02,2562.39501307422,186.350543478261,13.7504026832803,,3,invscore_mean
weighted.mean_ensemble,EE,Deaths,2021-08-02,1.25952423068799,1.41358695652174,0.891012912136065,,3,invscore_mean
weighted.mean_ensemble,EE,Cases,2021-08-09,861.775491775713,217.679293478261,3.95892267934881,,3,invscore_mean
weighted.mean_ensemble,EE,Deaths,2021-08-09,1.23335834728059,1.54076086956522,0.800486546383167,,3,invscore_mean
weighted.mean_ensemble,EE,Cases,2021-08-16,418.381362329448,395.860760869565,1.05689020909881,,3,invscore_mean
weighted.mean_ensemble,EE,Deaths,2021-08-16,1.60353745046086,1.8491847826087,0.867159120895809,,3,invscore_mean
weighted.mean_ensemble,EE,Cases,2021-08-23,233.786993080934,172.444510869565,1.35572302013004,,3,invscore_mean
weighted.mean_ensemble,EE,Deaths,2021-08-23,7.4305748259448,4.70722826086957,1.57854567787035,,3,invscore_mean
weighted.mean_ensemble,EE,Cases,2021-08-30,217.442814260936,276.932554347826,0.78518329046945,,3,invscore_mean
weighted.mean_ensemble,EE,Deaths,2021-08-30,6.85630434530841,4.33391304347826,1.58201243922646,,3,invscore_mean
weighted.mean_ensemble,EE,Cases,2021-09-06,361.42164755198,337.161467391304,1.07195418963022,,3,invscore_mean
weighted.mean_ensemble,EE,Deaths,2021-09-06,2.90943758417079,2.11521739130435,1.37547922787108,,3,invscore_mean
weighted.mean_ensemble,EE,Cases,2021-09-13,512.321842780945,416.746956521739,1.2293355350616,,3,invscore_mean
weighted.mean_ensemble,EE,Deaths,2021-09-13,3.81107726549932,3.39586956521739,1.12226844768561,,3,invscore_mean
weighted.mean_ensemble,EE,Cases,2021-09-20,1131.5007533915,1293.60608695652,0.874687252016258,,3,invscore_mean
weighted.mean_ensemble,EE,Deaths,2021-09-20,4.9715413636725,4.90461956521739,1.01364464614742,,3,invscore_mean
weighted.mean_ensemble,EE,Cases,2021-09-27,1422.15417075236,1166.20804347826,1.21946866916707,,3,invscore_mean
weighted.mean_ensemble,EE,Deaths,2021-09-27,4.16366298870471,4.72092391304348,0.88195935062645,,3,invscore_mean
weighted.mean_ensemble,EE,Cases,2021-10-04,748.128417261411,1007.00961956522,0.742920824911702,,3,invscore_mean
weighted.mean_ensemble,EE,Deaths,2021-10-04,11.24564185129,11.2854347826087,0.996473956734038,,3,invscore_mean
weighted.mean_ensemble,EE,Cases,2021-10-11,630.246786202218,686.957119565217,0.917447054921139,,3,invscore_mean
weighted.mean_ensemble,EE,Deaths,2021-10-11,8.09644642862907,8.97021739130435,0.902591996987464,,3,invscore_mean
weighted.mean_ensemble,EE,Cases,2021-10-18,1913.80566977325,1175.32152173913,1.62832521516442,,3,invscore_mean
weighted.mean_ensemble,EE,Deaths,2021-10-18,10.7369265010985,13.9272826086957,0.770927596054865,,3,invscore_mean
weighted.mean_ensemble,EE,Cases,2021-10-25,2705.42442757224,2197.9072826087,1.23090926035841,,3,invscore_mean
weighted.mean_ensemble,EE,Deaths,2021-10-25,13.2259423840255,16.908152173913,0.782222814650992,,3,invscore_mean
weighted.mean_ensemble,EE,Cases,2021-11-01,8129.51922868443,6748.19543478261,1.20469528591036,,3,invscore_mean
weighted.mean_ensemble,EE,Deaths,2021-11-01,17.9190143183364,14.7577717391304,1.21420866476907,,3,invscore_mean
weighted.mean_ensemble,EE,Cases,2021-11-08,9246.59329370592,7351.15766304348,1.2578417873135,,3,invscore_mean
weighted.mean_ensemble,EE,Deaths,2021-11-08,29.4825964492664,33.0575,0.891858018581756,,3,invscore_mean
weighted.mean_ensemble,EE,Cases,2021-11-15,1817.25829457763,2229.32961956522,0.815159085775773,,3,invscore_mean
weighted.mean_ensemble,EE,Deaths,2021-11-15,9.84563496750126,20.2597826086957,0.485969428086333,,3,invscore_mean
weighted.mean_ensemble,EE,Cases,2021-11-22,517.865916652232,763.386413043478,0.678379792728558,,3,invscore_mean
weighted.mean_ensemble,EE,Deaths,2021-11-22,7.8226329068373,7.13684782608696,1.09609075287323,,3,invscore_mean
weighted.mean_ensemble,EE,Cases,2021-11-29,832.322328579363,785.000434782609,1.06028263386868,,3,invscore_mean
weighted.mean_ensemble,EE,Deaths,2021-11-29,8.16617661342581,6.67521739130435,1.22335740317067,,3,invscore_mean
weighted.mean_ensemble,EE,Cases,2021-12-06,1527.05704803767,1467.77152173913,1.04039152240009,,3,invscore_mean
weighted.mean_ensemble,EE,Deaths,2021-12-06,4.34175116543813,6.06619565217391,0.715728838037427,,3,invscore_mean
weighted.mean_ensemble,EE,Cases,2021-12-13,2914.77056915928,2480.45760869565,1.17509388547543,,3,invscore_mean
weighted.mean_ensemble,EE,Deaths,2021-12-13,5.1472827023369,4.40407608695652,1.16875426325661,,3,invscore_mean
weighted.mean_ensemble,EE,Cases,2021-12-20,2706.93515621146,3697.81554347826,0.732036285851416,,3,invscore_mean
weighted.mean_ensemble,EE,Deaths,2021-12-20,4.15416305190129,3.4095652173913,1.21838498079227,,3,invscore_mean
weighted.mean_ensemble,EE,Cases,2021-12-27,6018.19200628272,6625.315,0.908363150474011,,3,invscore_mean
weighted.mean_ensemble,EE,Deaths,2021-12-27,5.25886916010816,5.00961956521739,1.04975419623106,,3,invscore_mean
weighted.mean_ensemble,EE,Cases,2022-01-03,10840.6615757053,11887.1331521739,0.911966025527588,,3,invscore_mean
weighted.mean_ensemble,EE,Deaths,2022-01-03,11.4385030081869,4.56190217391304,2.5073976977405,,3,invscore_mean
weighted.mean_ensemble,EE,Cases,2022-01-10,13507.1811943384,15099.66125,0.894535378688607,,3,invscore_mean
weighted.mean_ensemble,EE,Deaths,2022-01-10,3.23237443962216,2.71641304347826,1.18994217296322,,3,invscore_mean
weighted.mean_ensemble,EE,Cases,2022-01-17,9908.02651337342,8637.55989130435,1.14708628803235,,3,invscore_mean
weighted.mean_ensemble,EE,Deaths,2022-01-17,4.83650517574135,5.65152173913044,0.855788122029858,,3,invscore_mean
weighted.mean_ensemble,EE,Cases,2022-01-24,5475.97618035069,4773.40760869565,1.14718386302799,,3,invscore_mean
weighted.mean_ensemble,EE,Deaths,2022-01-24,6.02306848549357,5.84467391304348,1.03052258776182,,3,invscore_mean
weighted.mean_ensemble,EE,Cases,2022-01-31,33632.4898918749,14547.6725,2.31188115431351,,3,invscore_mean
weighted.mean_ensemble,EE,Deaths,2022-01-31,11.2935703816795,4.35336956521739,2.59421356549028,,3,invscore_mean
weighted.mean_ensemble,EE,Cases,2022-02-07,35486.5079748495,19372.6141304348,1.83178727124386,,3,invscore_mean
weighted.mean_ensemble,EE,Deaths,2022-02-07,19.540695207679,12.8920652173913,1.51571488959882,,3,invscore_mean
weighted.mean_ensemble,EE,Cases,2022-02-14,8053.12346962943,3809.9627173913,2.11370138423387,,3,invscore_mean
weighted.mean_ensemble,EE,Deaths,2022-02-14,6.61698832348504,7.47010869565217,0.885795453998725,,3,invscore_mean
weighted.mean_ensemble,EE,Cases,2022-02-21,6721.75352245836,6015.82902173913,1.11734450865679,,3,invscore_mean
weighted.mean_ensemble,EE,Deaths,2022-02-21,6.76874163644591,7.83336956521739,0.864090680273945,,3,invscore_mean
weighted.mean_ensemble,EE,Cases,2022-02-28,5376.65327466621,5700.70934782609,0.943155131512984,,3,invscore_mean
weighted.mean_ensemble,EE,Deaths,2022-02-28,10.9036808171726,7.71510869565218,1.41328933230938,,3,invscore_mean
weighted.mean_ensemble,EE,Cases,2022-03-07,3384.08350462092,2313.30706521739,1.46287691569511,,3,invscore_mean
weighted.mean_ensemble,EE,Deaths,2022-03-07,27.9242066103789,13.5344565217391,2.06319378731809,,3,invscore_mean
weighted.mean_ensemble,ES,Cases,2021-04-12,53115.2148658139,9732.32673913043,5.45760703370709,,3,invscore_mean
weighted.mean_ensemble,ES,Cases,2021-04-19,9696.08268261954,7108.64815217391,1.36398404802949,,3,invscore_mean
weighted.mean_ensemble,ES,Cases,2021-04-26,20573.2393882729,20778.6852173913,0.990112664638355,,3,invscore_mean
weighted.mean_ensemble,ES,Cases,2021-05-03,9665.3223604729,7684.33190217391,1.25779605612019,,3,invscore_mean
weighted.mean_ensemble,ES,Cases,2021-05-10,5335.02716276513,4550.51891304348,1.17239973390133,,3,invscore_mean
weighted.mean_ensemble,ES,Cases,2021-05-17,4277.979769218,4804.38635869565,0.890432086394366,,3,invscore_mean
weighted.mean_ensemble,ES,Cases,2021-05-24,4791.67072991398,4394.53902173913,1.09036936666401,,3,invscore_mean
weighted.mean_ensemble,ES,Cases,2021-05-31,3336.34337488186,3257.99559782609,1.02404784619969,,3,invscore_mean
weighted.mean_ensemble,ES,Cases,2021-06-07,5709.11321744308,6902.39673913044,0.827120409506093,,3,invscore_mean
weighted.mean_ensemble,ES,Cases,2021-06-14,15854.6468933186,16086.8216847826,0.985567391992436,,3,invscore_mean
weighted.mean_ensemble,ES,Cases,2021-06-21,54783.6446710543,57930.5680978261,0.945677670181697,,3,invscore_mean
weighted.mean_ensemble,ES,Cases,2021-06-28,94654.3090164484,96770.7256521739,0.978129577705838,,3,invscore_mean
weighted.mean_ensemble,ES,Cases,2021-07-05,62151.0123889592,58884.1143478261,1.05548012528193,,3,invscore_mean
weighted.mean_ensemble,ES,Cases,2021-07-12,327461.121250932,101562.505217391,3.2242324128379,,3,invscore_mean
weighted.mean_ensemble,ES,Cases,2021-07-19,327756.375987497,224500.908967391,1.45993340292045,,3,invscore_mean
weighted.mean_ensemble,ES,Cases,2021-07-26,30592.709202168,66723.0371739131,0.458502947376756,,3,invscore_mean
weighted.mean_ensemble,ES,Cases,2021-08-02,19995.0406693745,38522.7248369565,0.519045336330737,,3,invscore_mean
weighted.mean_ensemble,ES,Cases,2021-08-09,22791.157256423,11478.8629347826,1.9854891016568,,3,invscore_mean
weighted.mean_ensemble,ES,Cases,2021-08-16,7442.14196459291,5326.82706521739,1.39710598325744,,3,invscore_mean
weighted.mean_ensemble,ES,Cases,2021-08-23,5933.20946802173,3231.23532608696,1.83620469240378,,3,invscore_mean
weighted.mean_ensemble,ES,Cases,2021-08-30,3587.0703294305,3106.96652173913,1.15452493753381,,3,invscore_mean
weighted.mean_ensemble,ES,Cases,2021-09-06,2650.8826993641,3408.57673913043,0.777709555114893,,3,invscore_mean
weighted.mean_ensemble,ES,Cases,2021-09-13,2938.32736868388,1747.135,1.68179755352842,,3,invscore_mean
weighted.mean_ensemble,ES,Cases,2021-09-20,2643.09072980127,1775.3414673913,1.48877879458594,,3,invscore_mean
weighted.mean_ensemble,ES,Cases,2021-09-27,2157.17719522137,1892.3410326087,1.13995160388589,,3,invscore_mean
weighted.mean_ensemble,ES,Cases,2021-10-04,1971.86309362245,1890.88554347826,1.04282519924249,,3,invscore_mean
weighted.mean_ensemble,ES,Cases,2021-10-11,1972.15593924856,2247.91760869565,0.877325722090365,,3,invscore_mean
weighted.mean_ensemble,ES,Cases,2021-10-18,4730.41384090628,4938.24554347826,0.957913858121847,,3,invscore_mean
weighted.mean_ensemble,ES,Cases,2021-10-25,2905.85451501865,3167.24576086957,0.917470488371844,,3,invscore_mean
weighted.mean_ensemble,ES,Cases,2021-11-01,6321.62068710771,8774.49282608696,0.720454254440012,,3,invscore_mean
weighted.mean_ensemble,ES,Cases,2021-11-08,14626.362010456,17423.8451086957,0.839445135055549,,3,invscore_mean
weighted.mean_ensemble,ES,Cases,2021-11-15,8872.1201889718,8110.29532608696,1.09393306066604,,3,invscore_mean
weighted.mean_ensemble,ES,Cases,2021-11-22,11675.3975724246,15302.4295652174,0.762976723576166,,3,invscore_mean
weighted.mean_ensemble,ES,Cases,2021-11-29,31301.6288124081,23483.2897826087,1.33293201685862,,3,invscore_mean
weighted.mean_ensemble,ES,Cases,2021-12-06,123905.136876905,88452.1731521739,1.40081506718594,,3,invscore_mean
weighted.mean_ensemble,ES,Cases,2021-12-13,306811.999217713,297566.470543478,1.03107046522193,,3,invscore_mean
weighted.mean_ensemble,ES,Cases,2021-12-20,200210.037637658,289758.254891304,0.69095542321223,,3,invscore_mean
weighted.mean_ensemble,ES,Cases,2021-12-27,130771.423720801,309590.511684783,0.422401264848676,,3,invscore_mean
weighted.mean_ensemble,ES,Cases,2022-01-03,713450.330185704,191780.842608696,3.72013346318124,,3,invscore_mean
weighted.mean_ensemble,ES,Cases,2022-01-10,482657.74675546,352984.678804348,1.36736174609716,,3,invscore_mean
weighted.mean_ensemble,ES,Cases,2022-01-17,294426.897912608,344190.808913044,0.855417664528608,,3,invscore_mean
weighted.mean_ensemble,ES,Cases,2022-01-24,195073.980575109,222650.90173913,0.876142782496646,,3,invscore_mean
weighted.mean_ensemble,ES,Cases,2022-01-31,235973.200016991,249483.781304348,0.945845853318717,,3,invscore_mean
weighted.mean_ensemble,ES,Cases,2022-02-07,37097.1736379092,25500.1879347826,1.45478040133611,,3,invscore_mean
weighted.mean_ensemble,ES,Cases,2022-02-14,32751.2973634707,69090.2069565217,0.47403675290886,,3,invscore_mean
weighted.mean_ensemble,ES,Cases,2022-02-21,29056.0399836398,19693.0792391304,1.47544422234919,,3,invscore_mean
weighted.mean_ensemble,ES,Cases,2022-02-28,27903.1362058405,21363.4142391304,1.30611782805445,,3,invscore_mean
weighted.mean_ensemble,ES,Cases,2022-03-07,27626.6422637046,19553.8261956522,1.41285096774806,,3,invscore_mean
weighted.mean_ensemble,FI,Cases,2021-04-12,168.075241814663,205.949402173913,0.816099682934419,,3,invscore_mean
weighted.mean_ensemble,FI,Deaths,2021-04-12,4.44330294447442,3.57086956521739,1.24431958751871,,3,invscore_mean
weighted.mean_ensemble,FI,Cases,2021-04-19,225.313130134376,153.19597826087,1.47075094719981,,3,invscore_mean
weighted.mean_ensemble,FI,Deaths,2021-04-19,2.70329624071063,1.98369565217391,1.36275755696097,,3,invscore_mean
weighted.mean_ensemble,FI,Cases,2021-04-26,155.293788308724,194.354673913043,0.799022658843823,,3,invscore_mean
weighted.mean_ensemble,FI,Deaths,2021-04-26,2.4913173121494,2.74016304347826,0.909185793917947,,3,invscore_mean
weighted.mean_ensemble,FI,Cases,2021-05-03,133.623211878218,133.259076086957,1.00273254026633,,3,invscore_mean
weighted.mean_ensemble,FI,Deaths,2021-05-03,3.07457272535647,2.70342391304348,1.13728842543793,,3,invscore_mean
weighted.mean_ensemble,FI,Cases,2021-05-10,175.805652834604,195.965326086957,0.897126325075451,,3,invscore_mean
weighted.mean_ensemble,FI,Deaths,2021-05-10,2.71231264242155,2.73271739130435,0.992533165358509,,3,invscore_mean
weighted.mean_ensemble,FI,Cases,2021-05-17,237.025580293545,260.58125,0.90960335900432,,3,invscore_mean
weighted.mean_ensemble,FI,Deaths,2021-05-17,2.76906342342584,2.90228260869565,0.954098479289829,,3,invscore_mean
weighted.mean_ensemble,FI,Cases,2021-05-24,542.274059317704,382.360652173913,1.41822663036744,,3,invscore_mean
weighted.mean_ensemble,FI,Deaths,2021-05-24,1.43452958408471,1.01163043478261,1.41803719496931,,3,invscore_mean
weighted.mean_ensemble,FI,Cases,2021-05-31,122.646977444491,135.666141304348,0.904035275606093,,3,invscore_mean
weighted.mean_ensemble,FI,Deaths,2021-05-31,4.61855055662351,3.08423913043478,1.49746837430613,,3,invscore_mean
weighted.mean_ensemble,FI,Cases,2021-06-07,208.681340658049,233.35347826087,0.894271395538234,,3,invscore_mean
weighted.mean_ensemble,FI,Deaths,2021-06-07,1.63379107314604,2.15402173913043,0.758484022452619,,3,invscore_mean
weighted.mean_ensemble,FI,Cases,2021-06-14,413.679621884775,464.461793478261,0.890664480251028,,3,invscore_mean
weighted.mean_ensemble,FI,Deaths,2021-06-14,1.22649966993558,1.50695652173913,0.813891875606417,,3,invscore_mean
weighted.mean_ensemble,FI,Cases,2021-06-21,916.390152391554,889.824673913044,1.02985473347428,,3,invscore_mean
weighted.mean_ensemble,FI,Deaths,2021-06-21,1.06654237998996,1.08967391304348,0.97877205944216,,3,invscore_mean
weighted.mean_ensemble,FI,Cases,2021-06-28,837.033231376628,909.407173913043,0.920416349669861,,3,invscore_mean
weighted.mean_ensemble,FI,Deaths,2021-06-28,1.07561327333571,1.16097826086957,0.926471502171008,,3,invscore_mean
weighted.mean_ensemble,FI,Cases,2021-07-05,754.242554096413,730.269565217391,1.03282758863419,,3,invscore_mean
weighted.mean_ensemble,FI,Deaths,2021-07-05,1.08554021929295,1.5770652173913,0.688329314046117,,3,invscore_mean
weighted.mean_ensemble,FI,Cases,2021-07-12,839.411719639501,834.663043478261,1.0056893331966,,3,invscore_mean
weighted.mean_ensemble,FI,Deaths,2021-07-12,2.42313487209435,2.13934782608696,1.13265119516655,,3,invscore_mean
weighted.mean_ensemble,FI,Cases,2021-07-19,871.228475829526,844.940543478261,1.03111216825157,,3,invscore_mean
weighted.mean_ensemble,FI,Deaths,2021-07-19,2.09976546122252,2.3545652173913,0.891784795644316,,3,invscore_mean
weighted.mean_ensemble,FI,Cases,2021-07-26,582.055348583582,599.048423913044,0.971633219200442,,3,invscore_mean
weighted.mean_ensemble,FI,Deaths,2021-07-26,3.8812293987482,3.06565217391304,1.26603710354856,,3,invscore_mean
weighted.mean_ensemble,FI,Cases,2021-08-02,1381.93019652951,1347.33315217391,1.02567816601245,,3,invscore_mean
weighted.mean_ensemble,FI,Deaths,2021-08-02,3.58071458709031,3.1395652173913,1.14051288606948,,3,invscore_mean
weighted.mean_ensemble,FI,Cases,2021-08-09,2391.65974851151,1483.53864130435,1.61213175169386,,3,invscore_mean
weighted.mean_ensemble,FI,Deaths,2021-08-09,4.30982600384586,1.86282608695652,2.31359547411495,,3,invscore_mean
weighted.mean_ensemble,FI,Cases,2021-08-16,3581.94379482091,2539.06923913043,1.41073104254834,,3,invscore_mean
weighted.mean_ensemble,FI,Deaths,2021-08-16,4.40930644283625,3.07201086956522,1.43531602915855,,3,invscore_mean
weighted.mean_ensemble,FI,Cases,2021-08-23,838.431082748777,746.775326086957,1.12273538433854,,3,invscore_mean
weighted.mean_ensemble,FI,Deaths,2021-08-23,2.07937625300803,2.19684782608696,0.946527214273111,,3,invscore_mean
weighted.mean_ensemble,FI,Cases,2021-08-30,289.43720029352,246.586902173913,1.17377361790849,,3,invscore_mean
weighted.mean_ensemble,FI,Deaths,2021-08-30,2.08174034759818,2.01413043478261,1.03356779265533,,3,invscore_mean
weighted.mean_ensemble,FI,Cases,2021-09-06,683.026226859658,334.342989130435,2.04289083086828,,3,invscore_mean
weighted.mean_ensemble,FI,Deaths,2021-09-06,4.17723357199405,3.88402173913044,1.075491810437,,3,invscore_mean
weighted.mean_ensemble,FI,Cases,2021-09-13,1091.94446487718,701.256739130435,1.55712509263185,,3,invscore_mean
weighted.mean_ensemble,FI,Deaths,2021-09-13,9.82099324543208,8.92065217391304,1.10092771850829,,3,invscore_mean
weighted.mean_ensemble,FI,Cases,2021-09-20,979.430871722278,738.104891304348,1.32695350384614,,3,invscore_mean
weighted.mean_ensemble,FI,Deaths,2021-09-20,12.1271847003107,11.0751630434783,1.09498927037936,,3,invscore_mean
weighted.mean_ensemble,FI,Cases,2021-09-27,1161.01443264531,1114.18402173913,1.04203112770643,,3,invscore_mean
weighted.mean_ensemble,FI,Deaths,2021-09-27,12.050937989873,11.2165760869565,1.07438650586847,,3,invscore_mean
weighted.mean_ensemble,FI,Cases,2021-10-04,404.063524053251,714.382119565217,0.565612594418193,,3,invscore_mean
weighted.mean_ensemble,FI,Deaths,2021-10-04,11.7845572168169,13.043152173913,0.903505307588655,,3,invscore_mean
weighted.mean_ensemble,FI,Cases,2021-10-11,330.384750039958,516.231467391304,0.639993434940157,,3,invscore_mean
weighted.mean_ensemble,FI,Deaths,2021-10-11,10.1683389031886,12.0157608695652,0.846250105471391,,3,invscore_mean
weighted.mean_ensemble,FI,Cases,2021-10-18,369.437237215194,549.394402173913,0.67244448751818,,3,invscore_mean
weighted.mean_ensemble,FI,Deaths,2021-10-18,8.60672241664048,13.6375,0.631107051632666,,3,invscore_mean
weighted.mean_ensemble,FI,Cases,2021-10-25,921.671073289644,1149.16663043478,0.802034316764779,,3,invscore_mean
weighted.mean_ensemble,FI,Deaths,2021-10-25,13.0279883173952,17.5764673913044,0.741217676302835,,3,invscore_mean
weighted.mean_ensemble,FI,Cases,2021-11-01,1185.42968453818,1305.82206521739,0.907803380042311,,3,invscore_mean
weighted.mean_ensemble,FI,Deaths,2021-11-01,14.6179490114066,25.18375,0.58045164089568,,3,invscore_mean
weighted.mean_ensemble,FI,Cases,2021-11-08,1155.91822885956,1699.23798913044,0.680256818793871,,3,invscore_mean
weighted.mean_ensemble,FI,Deaths,2021-11-08,10.8212718710849,22.2915217391304,0.485443389541652,,3,invscore_mean
weighted.mean_ensemble,FI,Cases,2021-11-15,991.402763970978,2862.02798913044,0.346398696216872,,3,invscore_mean
weighted.mean_ensemble,FI,Deaths,2021-11-15,8.65336182260149,16,0.540835113912593,,3,invscore_mean
weighted.mean_ensemble,FI,Cases,2021-11-22,678.287814165017,931.810652173913,0.727924511897961,,3,invscore_mean
weighted.mean_ensemble,FI,Deaths,2021-11-22,9.29748398081683,13.9799456521739,0.665058664185225,,3,invscore_mean
weighted.mean_ensemble,FI,Cases,2021-11-29,1260.30426952732,1997.1822826087,0.63104118262111,,3,invscore_mean
weighted.mean_ensemble,FI,Deaths,2021-11-29,8.17651728118367,5.98923913043478,1.3652013391207,,3,invscore_mean
weighted.mean_ensemble,FI,Cases,2021-12-06,5818.10034574844,7921.40641304348,0.734478202780795,,3,invscore_mean
weighted.mean_ensemble,FI,Deaths,2021-12-06,20.6322669634696,9.34108695652174,2.20876511047407,,3,invscore_mean
weighted.mean_ensemble,FI,Cases,2021-12-13,14784.3596208296,17070.7173369565,0.866065516111781,,3,invscore_mean
weighted.mean_ensemble,FI,Deaths,2021-12-13,12.0394053104959,10.3038043478261,1.1684427328083,,3,invscore_mean
weighted.mean_ensemble,FI,Cases,2021-12-20,23122.7202604984,26263.3633695652,0.880417330222589,,3,invscore_mean
weighted.mean_ensemble,FI,Deaths,2021-12-20,14.7405966635752,13.7089130434783,1.07525641287715,,3,invscore_mean
weighted.mean_ensemble,FI,Cases,2021-12-27,15973.549123138,23131.5205434783,0.690553355241562,,3,invscore_mean
weighted.mean_ensemble,FI,Deaths,2021-12-27,17.1283365408807,16.3586413043478,1.04705129369933,,3,invscore_mean
weighted.mean_ensemble,FI,Cases,2022-01-03,11901.8832868436,11173.0282608696,1.06523343617832,,3,invscore_mean
weighted.mean_ensemble,FI,Deaths,2022-01-03,12.2188798936294,14.7179347826087,0.830203426914743,,3,invscore_mean
weighted.mean_ensemble,FI,Cases,2022-01-10,48323.9054526013,28974.1013043478,1.66783103796734,,3,invscore_mean
weighted.mean_ensemble,FI,Deaths,2022-01-10,55.1692720626429,48.5013043478261,1.13748017304849,,3,invscore_mean
weighted.mean_ensemble,FI,Cases,2022-01-17,63673.1939472851,36229.8264130435,1.75747996198959,,3,invscore_mean
weighted.mean_ensemble,FI,Deaths,2022-01-17,27.6028906614589,42.1216304347826,0.655313917731575,,3,invscore_mean
weighted.mean_ensemble,FI,Cases,2022-01-24,25722.3585976592,15198.4179347826,1.69243658833672,,3,invscore_mean
weighted.mean_ensemble,FI,Deaths,2022-01-24,35.5712925379075,38.8936413043478,0.914578613495134,,3,invscore_mean
weighted.mean_ensemble,FI,Cases,2022-01-31,12532.3408664607,12339.7995652174,1.01560327623035,,3,invscore_mean
weighted.mean_ensemble,FI,Deaths,2022-01-31,57.9880613858981,51.3010326086957,1.13034881438369,,3,invscore_mean
weighted.mean_ensemble,FI,Cases,2022-02-07,9373.91990711196,6062.30880434783,1.54626235806218,,3,invscore_mean
weighted.mean_ensemble,FI,Deaths,2022-02-07,16.7861686510082,16.6227173913044,1.00983300478834,,3,invscore_mean
weighted.mean_ensemble,FI,Cases,2022-02-14,8823.98920534405,18833.4275,0.468528057643467,,3,invscore_mean
weighted.mean_ensemble,FI,Deaths,2022-02-14,47.9992516320868,47.5797826086957,1.00881611895626,,3,invscore_mean
weighted.mean_ensemble,FI,Cases,2022-02-21,9082.77131924551,9191.42918478261,0.988178349269448,,3,invscore_mean
weighted.mean_ensemble,FI,Deaths,2022-02-21,46.337172315804,44.4354347826087,1.04279777034925,,3,invscore_mean
weighted.mean_ensemble,FI,Cases,2022-02-28,16657.5438279071,18871.8079347826,0.882668151640393,,3,invscore_mean
weighted.mean_ensemble,FI,Deaths,2022-02-28,65.8637926272323,72.3572826086957,0.910257962331452,,3,invscore_mean
weighted.mean_ensemble,FI,Cases,2022-03-07,17446.0513705429,15915.689673913,1.09615428096329,,3,invscore_mean
weighted.mean_ensemble,FI,Deaths,2022-03-07,118.822597247218,118.7325,1.0007588254877,,3,invscore_mean
weighted.mean_ensemble,GR,Cases,2021-04-12,4028.48282338738,2799.41934782609,1.43904228800724,,3,invscore_mean
weighted.mean_ensemble,GR,Deaths,2021-04-12,29.3993733672836,28.8505434782609,1.01902320798346,,3,invscore_mean
weighted.mean_ensemble,GR,Cases,2021-04-19,2113.55890406264,2100.42059782609,1.00625508350573,,3,invscore_mean
weighted.mean_ensemble,GR,Deaths,2021-04-19,31.8232877012487,37.6042391304348,0.846268623887477,,3,invscore_mean
weighted.mean_ensemble,GR,Cases,2021-04-26,1895.63575885448,1691.70847826087,1.12054516674365,,3,invscore_mean
weighted.mean_ensemble,GR,Deaths,2021-04-26,28.8470596607651,35.7525543478261,0.80685310985393,,3,invscore_mean
weighted.mean_ensemble,GR,Cases,2021-05-03,1470.756905359,1862.23554347826,0.789780278069409,,3,invscore_mean
weighted.mean_ensemble,GR,Deaths,2021-05-03,37.8813369707711,28.2523369565217,1.34082136387753,,3,invscore_mean
weighted.mean_ensemble,GR,Cases,2021-05-10,1483.22588988722,1647.10793478261,0.900503153779646,,3,invscore_mean
weighted.mean_ensemble,GR,Deaths,2021-05-10,40.9766683071028,48.1138043478261,0.851661365434186,,3,invscore_mean
weighted.mean_ensemble,GR,Cases,2021-05-17,2108.5263577769,2298.27407608696,0.917439038152871,,3,invscore_mean
weighted.mean_ensemble,GR,Deaths,2021-05-17,46.1784931576126,41.1927173913044,1.12103536940636,,3,invscore_mean
weighted.mean_ensemble,GR,Cases,2021-05-24,3216.5985426221,2736.14065217391,1.17559692703168,,3,invscore_mean
weighted.mean_ensemble,GR,Deaths,2021-05-24,53.7097241321325,54.2170652173913,0.990642409668902,,3,invscore_mean
weighted.mean_ensemble,GR,Cases,2021-05-31,2372.40018641143,2495.22086956522,0.950777630689187,,3,invscore_mean
weighted.mean_ensemble,GR,Deaths,2021-05-31,29.4135844674554,35.6141304347826,0.825896466047885,,3,invscore_mean
weighted.mean_ensemble,GR,Cases,2021-06-07,1389.13752555712,1163.42260869565,1.19400939536024,,3,invscore_mean
weighted.mean_ensemble,GR,Deaths,2021-06-07,21.5565441541933,20.6613043478261,1.04332929767144,,3,invscore_mean
weighted.mean_ensemble,GR,Cases,2021-06-14,2099.54847744074,2415.77864130435,0.869098038016898,,3,invscore_mean
weighted.mean_ensemble,GR,Deaths,2021-06-14,10.0978050869319,7.76467391304348,1.30048025197415,,3,invscore_mean
weighted.mean_ensemble,GR,Cases,2021-06-21,7342.81544369435,6933.85407608696,1.05898038278853,,3,invscore_mean
weighted.mean_ensemble,GR,Deaths,2021-06-21,10.6910387878929,7.99152173913044,1.33779762314157,,3,invscore_mean
weighted.mean_ensemble,GR,Cases,2021-06-28,11558.1664297767,11172.9526630435,1.03447734706756,,3,invscore_mean
weighted.mean_ensemble,GR,Deaths,2021-06-28,7.6510075614745,5.3570652173913,1.42820877681983,,3,invscore_mean
weighted.mean_ensemble,GR,Cases,2021-07-05,6237.55165881663,8047.90940217391,0.775052420089586,,3,invscore_mean
weighted.mean_ensemble,GR,Deaths,2021-07-05,6.32562709873059,8.15923913043478,0.775271688647457,,3,invscore_mean
weighted.mean_ensemble,GR,Cases,2021-07-12,28261.5194897544,4383.64315217391,6.44703925677414,,3,invscore_mean
weighted.mean_ensemble,GR,Deaths,2021-07-12,137.062821726599,52.4572826086957,2.61284639444664,,3,invscore_mean
weighted.mean_ensemble,GR,Cases,2021-07-19,20890.0451440002,7703.83907608696,2.71164090237084,,3,invscore_mean
weighted.mean_ensemble,GR,Deaths,2021-07-19,57.7821077309804,62.7729347826087,0.920493966565172,,3,invscore_mean
weighted.mean_ensemble,GR,Cases,2021-07-26,2056.18604596385,1851.66869565217,1.11045029318252,,3,invscore_mean
weighted.mean_ensemble,GR,Deaths,2021-07-26,31.6413756236935,15.4344565217391,2.05004792874483,,3,invscore_mean
weighted.mean_ensemble,GR,Cases,2021-08-02,1741.17570939114,1906.19336956522,0.913430786819013,,3,invscore_mean
weighted.mean_ensemble,GR,Deaths,2021-08-02,36.6691021139937,38.423152173913,0.9543491368959,,3,invscore_mean
weighted.mean_ensemble,GR,Cases,2021-08-09,1846.35093866397,2065.33972826087,0.893969603837864,,3,invscore_mean
weighted.mean_ensemble,GR,Deaths,2021-08-09,53.0848382127303,51.5517391304348,1.02973903709469,,3,invscore_mean
weighted.mean_ensemble,GR,Cases,2021-08-16,2040.25732783275,4413.90282608696,0.462234310138064,,3,invscore_mean
weighted.mean_ensemble,GR,Deaths,2021-08-16,23.5280415416355,34.6964673913043,0.678110577549234,,3,invscore_mean
weighted.mean_ensemble,GR,Cases,2021-08-23,3088.98156157264,2427.08858695652,1.27271067820648,,3,invscore_mean
weighted.mean_ensemble,GR,Deaths,2021-08-23,40.3202068351415,49.3238043478261,0.817459386360545,,3,invscore_mean
weighted.mean_ensemble,GR,Cases,2021-08-30,3038.01959878307,2185.37875,1.39015701456009,,3,invscore_mean
weighted.mean_ensemble,GR,Deaths,2021-08-30,35.990591770807,25.5323913043478,1.40960520860724,,3,invscore_mean
weighted.mean_ensemble,GR,Cases,2021-09-06,1320.95991299758,1258.15690217391,1.04991667630257,,3,invscore_mean
weighted.mean_ensemble,GR,Deaths,2021-09-06,84.2709575339903,24.2197826086957,3.47942666932669,,3,invscore_mean
weighted.mean_ensemble,GR,Cases,2021-09-13,1602.16957997518,1396.1,1.1476037389694,,3,invscore_mean
weighted.mean_ensemble,GR,Deaths,2021-09-13,55.8291673720471,29.7644565217391,1.87569920288217,,3,invscore_mean
weighted.mean_ensemble,GR,Cases,2021-09-20,1670.53159410919,2035.56195652174,0.820673420800078,,3,invscore_mean
weighted.mean_ensemble,GR,Deaths,2021-09-20,36.3035883760399,24.4836413043478,1.48276916512386,,3,invscore_mean
weighted.mean_ensemble,GR,Cases,2021-09-27,2177.43909582441,2034.85989130435,1.07006831533186,,3,invscore_mean
weighted.mean_ensemble,GR,Deaths,2021-09-27,27.877175584489,29.77625,0.936221840711606,,3,invscore_mean
weighted.mean_ensemble,GR,Cases,2021-10-04,2852.60969935342,3347.21179347826,0.85223459863265,,3,invscore_mean
weighted.mean_ensemble,GR,Deaths,2021-10-04,27.0864061666972,29.0738043478261,0.931642995276692,,3,invscore_mean
weighted.mean_ensemble,GR,Cases,2021-10-11,7597.64276597027,7590.10179347826,1.00099352718807,,3,invscore_mean
weighted.mean_ensemble,GR,Deaths,2021-10-11,57.677739712196,46.0707608695652,1.25193807576767,,3,invscore_mean
weighted.mean_ensemble,GR,Cases,2021-10-18,9236.92435555249,10817.6083695652,0.853878606064173,,3,invscore_mean
weighted.mean_ensemble,GR,Deaths,2021-10-18,51.7162176825086,54.0141304347826,0.957457192520231,,3,invscore_mean
weighted.mean_ensemble,GR,Cases,2021-10-25,4457.09170490731,7606.62206521739,0.585948883314203,,3,invscore_mean
weighted.mean_ensemble,GR,Deaths,2021-10-25,60.9731054553676,81.606847826087,0.747156728627822,,3,invscore_mean
weighted.mean_ensemble,GR,Cases,2021-11-01,7659.71368922142,7050.8097826087,1.0863594289715,,3,invscore_mean
weighted.mean_ensemble,GR,Deaths,2021-11-01,56.0633852355908,66.9539130434783,0.837342922723345,,3,invscore_mean
weighted.mean_ensemble,GR,Cases,2021-11-08,23185.4903925129,8173.84576086957,2.83654610948352,,3,invscore_mean
weighted.mean_ensemble,GR,Deaths,2021-11-08,57.2740149440682,36.0901086956522,1.58697263638245,,3,invscore_mean
weighted.mean_ensemble,GR,Cases,2021-11-15,18739.5244820464,14203.3423369565,1.31937427384869,,3,invscore_mean
weighted.mean_ensemble,GR,Deaths,2021-11-15,67.240372944884,48.5703260869565,1.38439204267441,,3,invscore_mean
weighted.mean_ensemble,GR,Cases,2021-11-22,8754.57265258488,4413.085,1.98377612318478,,3,invscore_mean
weighted.mean_ensemble,GR,Deaths,2021-11-22,83.6699543437383,44.5947282608696,1.87622971608409,,3,invscore_mean
weighted.mean_ensemble,GR,Cases,2021-11-29,2687.18581677013,3077.8127173913,0.873082953223917,,3,invscore_mean
weighted.mean_ensemble,GR,Deaths,2021-11-29,118.187414536585,51.3760869565218,2.30043628345234,,3,invscore_mean
weighted.mean_ensemble,GR,Cases,2021-12-06,34610.8549611147,35154.1331521739,0.98454582314098,,3,invscore_mean
weighted.mean_ensemble,GR,Deaths,2021-12-06,31.484401040125,34.9814130434783,0.900032282886719,,3,invscore_mean
weighted.mean_ensemble,GR,Cases,2021-12-13,89915.5737554779,89157.691576087,1.00850046884339,,3,invscore_mean
weighted.mean_ensemble,GR,Deaths,2021-12-13,27.6269804746996,28.2959239130435,0.976359017630961,,3,invscore_mean
weighted.mean_ensemble,GR,Cases,2021-12-20,125165.038205584,123459.00576087,1.01381861480416,,3,invscore_mean
weighted.mean_ensemble,GR,Deaths,2021-12-20,34.6722275680293,31.4867391304348,1.10116920727798,,3,invscore_mean
weighted.mean_ensemble,GR,Cases,2021-12-27,87080.5462559333,119129.847826087,0.730971690512513,,3,invscore_mean
weighted.mean_ensemble,GR,Deaths,2021-12-27,104.832337505211,36.7864130434783,2.84975698449611,,3,invscore_mean
weighted.mean_ensemble,GR,Cases,2022-01-03,537455.61601524,27907.0404891304,19.2587822497543,,3,invscore_mean
weighted.mean_ensemble,GR,Deaths,2022-01-03,469.429710743048,155.267173913043,3.02336739255619,,3,invscore_mean
weighted.mean_ensemble,GR,Cases,2022-01-10,216886.088473548,203313.967445652,1.066754494039,,3,invscore_mean
weighted.mean_ensemble,GR,Deaths,2022-01-10,60.0332204344714,139.544891304348,0.430207224881768,,3,invscore_mean
weighted.mean_ensemble,GR,Cases,2022-01-17,19796.3177491068,25316.0588043478,0.781966810161895,,3,invscore_mean
weighted.mean_ensemble,GR,Deaths,2022-01-17,37.4830187476916,46.6801086956522,0.802976252520655,,3,invscore_mean
weighted.mean_ensemble,GR,Cases,2022-01-24,42806.8501808652,17825.8698913044,2.40138912950031,,3,invscore_mean
weighted.mean_ensemble,GR,Deaths,2022-01-24,121.413442726483,44.8901086956522,2.70468141544604,,3,invscore_mean
weighted.mean_ensemble,GR,Cases,2022-01-31,48352.7933556892,20094.9586956522,2.40621511534388,,3,invscore_mean
weighted.mean_ensemble,GR,Deaths,2022-01-31,107.993325357473,70.4223913043478,1.5335083537671,,3,invscore_mean
weighted.mean_ensemble,GR,Cases,2022-02-07,21112.3721946015,9670.43163043478,2.18318819691115,,3,invscore_mean
weighted.mean_ensemble,GR,Deaths,2022-02-07,40.8931142937112,83.3033695652174,0.490893879889173,,3,invscore_mean
weighted.mean_ensemble,GR,Cases,2022-02-14,15847.2845083885,8516.51402173913,1.86077125781005,,3,invscore_mean
weighted.mean_ensemble,GR,Deaths,2022-02-14,58.2364887209826,61.2339130434783,0.951049603503741,,3,invscore_mean
weighted.mean_ensemble,GR,Cases,2022-02-21,15757.0155509831,13297.1841304348,1.18498889662799,,3,invscore_mean
weighted.mean_ensemble,GR,Deaths,2022-02-21,44.0811423042344,37.2273913043478,1.18410505704938,,3,invscore_mean
weighted.mean_ensemble,GR,Cases,2022-02-28,26404.3422026335,31048.8872826087,0.850411867011519,,3,invscore_mean
weighted.mean_ensemble,GR,Deaths,2022-02-28,38.1723326227801,32.5307608695652,1.17342268063865,,3,invscore_mean
weighted.mean_ensemble,GR,Cases,2022-03-07,39422.4170607675,28961.2504347826,1.36121253291677,,3,invscore_mean
weighted.mean_ensemble,GR,Deaths,2022-03-07,46.997090737988,37.2741304347826,1.26085009066053,,3,invscore_mean
weighted.mean_ensemble,HR,Cases,2021-04-12,5319.68128358211,2639.75336956522,2.01521905224741,,3,invscore_mean
weighted.mean_ensemble,HR,Deaths,2021-04-12,65.1335768361076,43.4075,1.50051435434217,,3,invscore_mean
weighted.mean_ensemble,HR,Cases,2021-04-19,5224.54073567146,5034.4122826087,1.03776576934701,,3,invscore_mean
weighted.mean_ensemble,HR,Deaths,2021-04-19,42.2190613136709,33.0275,1.2783002441502,,3,invscore_mean
weighted.mean_ensemble,HR,Cases,2021-04-26,5210.74729646944,3953.35679347826,1.31805641855181,,3,invscore_mean
weighted.mean_ensemble,HR,Deaths,2021-04-26,33.7061566763301,24.8619565217391,1.35573226696208,,3,invscore_mean
weighted.mean_ensemble,HR,Cases,2021-05-03,3894.95202836164,3769.6239673913,1.03324683365091,,3,invscore_mean
weighted.mean_ensemble,HR,Deaths,2021-05-03,50.5108525566239,41.3163043478261,1.22254043177222,,3,invscore_mean
weighted.mean_ensemble,HR,Cases,2021-05-10,1686.59774077333,1544.47097826087,1.09202294152041,,3,invscore_mean
weighted.mean_ensemble,HR,Deaths,2021-05-10,54.9795928659467,32.0575,1.71503058148473,,3,invscore_mean
weighted.mean_ensemble,HR,Cases,2021-05-17,1447.31075405915,1078.65516304348,1.34177335226903,,3,invscore_mean
weighted.mean_ensemble,HR,Deaths,2021-05-17,42.1057798965285,34.6845652173913,1.2139630303169,,3,invscore_mean
weighted.mean_ensemble,HR,Cases,2021-05-24,229.438465236511,213.185543478261,1.07623838602315,,3,invscore_mean
weighted.mean_ensemble,HR,Deaths,2021-05-24,11.3087969910507,23.8098913043478,0.474962142686711,,3,invscore_mean
weighted.mean_ensemble,HR,Cases,2021-05-31,125.920634565608,138.061304347826,0.912063196566421,,3,invscore_mean
weighted.mean_ensemble,HR,Deaths,2021-05-31,2.84776991740945,4.84836956521739,0.587366511381391,,3,invscore_mean
weighted.mean_ensemble,HR,Cases,2021-06-07,146.950250684267,132.395923913043,1.10993032369171,,3,invscore_mean
weighted.mean_ensemble,HR,Deaths,2021-06-07,3.38799696623684,4.28326086956522,0.790985435958456,,3,invscore_mean
weighted.mean_ensemble,HR,Cases,2021-06-14,119.443363530806,119.014782608696,1.0036010730156,,3,invscore_mean
weighted.mean_ensemble,HR,Deaths,2021-06-14,2.38569492336149,2.30369565217391,1.03559466334461,,3,invscore_mean
weighted.mean_ensemble,HR,Cases,2021-06-21,164.606440040072,157.515,1.04502072843902,,3,invscore_mean
weighted.mean_ensemble,HR,Deaths,2021-06-21,2.02086455653833,2.10532608695652,0.959881972231536,,3,invscore_mean
weighted.mean_ensemble,HR,Cases,2021-06-28,307.115719103223,261.895217391304,1.17266638987284,,3,invscore_mean
weighted.mean_ensemble,HR,Deaths,2021-06-28,1.1746812858422,1.64489130434783,0.71413915481056,,3,invscore_mean
weighted.mean_ensemble,HR,Cases,2021-07-05,130.229702992247,156.518315217391,0.832041303353977,,3,invscore_mean
weighted.mean_ensemble,HR,Deaths,2021-07-05,2.94798948914924,1.64021739130435,1.79731632207906,,3,invscore_mean
weighted.mean_ensemble,HR,Cases,2021-07-12,211.078084544848,239.533423913043,0.881205140796864,,3,invscore_mean
weighted.mean_ensemble,HR,Deaths,2021-07-12,1.69709997574976,2.50173913043478,0.678368082068899,,3,invscore_mean
weighted.mean_ensemble,HR,Cases,2021-07-19,221.012225908351,200.697282608696,1.10122181544064,,3,invscore_mean
weighted.mean_ensemble,HR,Deaths,2021-07-19,1.62999964357275,2.40130434782609,0.678797606412696,,3,invscore_mean
weighted.mean_ensemble,HR,Cases,2021-07-26,375.734484644598,251.344673913044,1.49489734075125,,3,invscore_mean
weighted.mean_ensemble,HR,Deaths,2021-07-26,2.48022470305627,2.52,0.984216152006458,,3,invscore_mean
weighted.mean_ensemble,HR,Cases,2021-08-02,335.742393767193,416.348532608696,0.806397447022445,,3,invscore_mean
weighted.mean_ensemble,HR,Deaths,2021-08-02,5.65548702188731,3.43347826086957,1.64715969992919,,3,invscore_mean
weighted.mean_ensemble,HR,Cases,2021-08-09,692.589207510242,655.400054347826,1.05674267634815,,3,invscore_mean
weighted.mean_ensemble,HR,Deaths,2021-08-09,3.59029403852287,4.88565217391304,0.734864847254836,,3,invscore_mean
weighted.mean_ensemble,HR,Cases,2021-08-16,522.465427978825,505.119782608696,1.0343396674756,,3,invscore_mean
weighted.mean_ensemble,HR,Deaths,2021-08-16,16.5711543893093,11.2853804347826,1.4683735727894,,3,invscore_mean
weighted.mean_ensemble,HR,Cases,2021-08-23,686.198870431039,500.588532608696,1.37078423841449,,3,invscore_mean
weighted.mean_ensemble,HR,Deaths,2021-08-23,11.723461093669,9.71494565217391,1.2067448973372,,3,invscore_mean
weighted.mean_ensemble,HR,Cases,2021-08-30,777.378657027419,670.599565217391,1.15922928875657,,3,invscore_mean
weighted.mean_ensemble,HR,Deaths,2021-08-30,11.8764984482687,10.0644565217391,1.18004369362772,,3,invscore_mean
weighted.mean_ensemble,HR,Cases,2021-09-06,916.733515776778,878.808967391304,1.04315448498216,,3,invscore_mean
weighted.mean_ensemble,HR,Deaths,2021-09-06,10.0154583691661,8.38336956521739,1.1946817197133,,3,invscore_mean
weighted.mean_ensemble,HR,Cases,2021-09-13,1433.16105483761,1283.22597826087,1.11684230144713,,3,invscore_mean
weighted.mean_ensemble,HR,Deaths,2021-09-13,19.7343215267472,16.0828260869565,1.22704314652461,,3,invscore_mean
weighted.mean_ensemble,HR,Cases,2021-09-20,3298.95974418789,2289.99032608696,1.44059986044789,,3,invscore_mean
weighted.mean_ensemble,HR,Deaths,2021-09-20,22.0982990161275,8.41190217391304,2.62702758059392,,3,invscore_mean
weighted.mean_ensemble,HR,Cases,2021-09-27,1124.11618527252,1396.89163043478,0.804726838346535,,3,invscore_mean
weighted.mean_ensemble,HR,Deaths,2021-09-27,20.9625139904148,12.5963586956522,1.6641725197656,,3,invscore_mean
weighted.mean_ensemble,HR,Cases,2021-10-04,2730.88388365465,3067.16782608696,0.890360110205859,,3,invscore_mean
weighted.mean_ensemble,HR,Deaths,2021-10-04,18.7571593128182,21.0085869565217,0.892832980706273,,3,invscore_mean
weighted.mean_ensemble,HR,Cases,2021-10-11,8612.71391362434,7004.20668478261,1.22964873842692,,3,invscore_mean
weighted.mean_ensemble,HR,Deaths,2021-10-11,51.1177257349405,38.7777173913044,1.31822420642024,,3,invscore_mean
weighted.mean_ensemble,HR,Cases,2021-10-18,12048.1253221797,10798.3844021739,1.11573406478789,,3,invscore_mean
weighted.mean_ensemble,HR,Deaths,2021-10-18,89.3499580812093,74.7914130434783,1.19465530126123,,3,invscore_mean
weighted.mean_ensemble,HR,Cases,2021-10-25,4854.11211266497,5040.18391304348,0.963082339139058,,3,invscore_mean
weighted.mean_ensemble,HR,Deaths,2021-10-25,95.6951025736639,70.1170108695652,1.36479153042733,,3,invscore_mean
weighted.mean_ensemble,HR,Cases,2021-11-01,8023.16291955359,6165.18815217391,1.30136546063473,,3,invscore_mean
weighted.mean_ensemble,HR,Deaths,2021-11-01,46.0116813570897,43.8847282608696,1.0484668170571,,3,invscore_mean
weighted.mean_ensemble,HR,Cases,2021-11-08,12297.4275497024,9478.22059782609,1.29744052934608,,3,invscore_mean
weighted.mean_ensemble,HR,Deaths,2021-11-08,74.5526640186682,52.0608695652174,1.43202878940151,,3,invscore_mean
weighted.mean_ensemble,HR,Cases,2021-11-15,22345.811194408,17752.2575543478,1.25875884382576,,3,invscore_mean
weighted.mean_ensemble,HR,Deaths,2021-11-15,267.035561715733,150.084565217391,1.77923400270336,,3,invscore_mean
weighted.mean_ensemble,HR,Cases,2021-11-22,2813.76089788652,1972.43891304348,1.42653893070122,,3,invscore_mean
weighted.mean_ensemble,HR,Deaths,2021-11-22,50.2148077426876,43.7302173913043,1.14828625920969,,3,invscore_mean
weighted.mean_ensemble,HR,Cases,2021-11-29,3965.00691901334,3575.47586956522,1.1089452323714,,3,invscore_mean
weighted.mean_ensemble,HR,Deaths,2021-11-29,35.2621611947611,35.0811956521739,1.00515847704797,,3,invscore_mean
weighted.mean_ensemble,HR,Cases,2021-12-06,2887.6957708997,2248.99239130435,1.28399534923501,,3,invscore_mean
weighted.mean_ensemble,HR,Deaths,2021-12-06,15.6838924299427,21.518152173913,0.728867994945992,,3,invscore_mean
weighted.mean_ensemble,HR,Cases,2021-12-13,8684.6456617463,7337.04918478261,1.18367008902689,,3,invscore_mean
weighted.mean_ensemble,HR,Deaths,2021-12-13,30.4491140329662,17.7773913043478,1.71279989913476,,3,invscore_mean
weighted.mean_ensemble,HR,Cases,2021-12-20,16760.9149857671,14771.2223913043,1.13470060511946,,3,invscore_mean
weighted.mean_ensemble,HR,Deaths,2021-12-20,29.7785243337445,18.6416304347826,1.59742059247039,,3,invscore_mean
weighted.mean_ensemble,HR,Cases,2021-12-27,22351.6485377302,23859.4945108696,0.936803104841453,,3,invscore_mean
weighted.mean_ensemble,HR,Deaths,2021-12-27,22.7039439466293,19.8946739130435,1.14120714146232,,3,invscore_mean
weighted.mean_ensemble,HR,Cases,2022-01-03,19651.5817658276,21419.0021195652,0.917483534299521,,3,invscore_mean
weighted.mean_ensemble,HR,Deaths,2022-01-03,39.5467847944433,39.3953260869565,1.00384458570422,,3,invscore_mean
weighted.mean_ensemble,HR,Cases,2022-01-10,6323.69837513788,5377.94657608696,1.17585741800713,,3,invscore_mean
weighted.mean_ensemble,HR,Deaths,2022-01-10,28.7855995603584,57.1705434782609,0.503504039126446,,3,invscore_mean
weighted.mean_ensemble,HR,Cases,2022-01-17,16218.6471701972,22728.2060869565,0.713591169850618,,3,invscore_mean
weighted.mean_ensemble,HR,Deaths,2022-01-17,58.4667330916221,58.6563043478261,0.99676810091751,,3,invscore_mean
weighted.mean_ensemble,HR,Cases,2022-01-24,12378.5276131633,21061.2577173913,0.587739240422559,,3,invscore_mean
weighted.mean_ensemble,HR,Deaths,2022-01-24,23.621315740614,24.4067391304348,0.967819404893732,,3,invscore_mean
weighted.mean_ensemble,HR,Cases,2022-01-31,26331.0270099545,22461.1314130435,1.17229299476266,,3,invscore_mean
weighted.mean_ensemble,HR,Deaths,2022-01-31,58.7122831823384,67.9848913043478,0.863607811322389,,3,invscore_mean
weighted.mean_ensemble,HR,Cases,2022-02-07,17492.1097625791,11365.3831521739,1.53906907742334,,3,invscore_mean
weighted.mean_ensemble,HR,Deaths,2022-02-07,45.4454015584639,35.2115217391304,1.29064008920582,,3,invscore_mean
weighted.mean_ensemble,HR,Cases,2022-02-14,3649.91817499506,5127.92652173913,0.711772713497696,,3,invscore_mean
weighted.mean_ensemble,HR,Deaths,2022-02-14,46.2052904908075,42.2151086956522,1.09452023027875,,3,invscore_mean
weighted.mean_ensemble,HR,Cases,2022-02-21,1885.30384949926,1594.26326086957,1.18255491158402,,3,invscore_mean
weighted.mean_ensemble,HR,Deaths,2022-02-21,88.136636116095,66.8152173913044,1.31911022005543,,3,invscore_mean
weighted.mean_ensemble,HR,Cases,2022-02-28,2795.90036398798,2451.2197826087,1.14061594306018,,3,invscore_mean
weighted.mean_ensemble,HR,Deaths,2022-02-28,21.6718487793428,14.5164673913043,1.4929147839594,,3,invscore_mean
weighted.mean_ensemble,HR,Cases,2022-03-07,4059.2157258173,3656.1077173913,1.11025605359177,,3,invscore_mean
weighted.mean_ensemble,HR,Deaths,2022-03-07,12.6082354122445,13.2198913043478,0.953732154219594,,3,invscore_mean
weighted.mean_ensemble,HU,Cases,2021-04-12,2443.08458331942,5873.6964673913,0.415936471501816,,3,invscore_mean
weighted.mean_ensemble,HU,Deaths,2021-04-12,315.351823597294,90.8639130434783,3.47059479428756,,3,invscore_mean
weighted.mean_ensemble,HU,Cases,2021-04-19,2525.75161128184,3481.4702173913,0.725484193047156,,3,invscore_mean
weighted.mean_ensemble,HU,Deaths,2021-04-19,154.526596925501,97.0792391304348,1.5917573964283,,3,invscore_mean
weighted.mean_ensemble,HU,Cases,2021-04-26,888.555831339829,2473.01076086957,0.359301239363549,,3,invscore_mean
weighted.mean_ensemble,HU,Deaths,2021-04-26,73.1745011832109,68.7975543478261,1.06362067484632,,3,invscore_mean
weighted.mean_ensemble,HU,Cases,2021-05-03,885.727169214602,3116.13826086957,0.284238725969572,,3,invscore_mean
weighted.mean_ensemble,HU,Deaths,2021-05-03,86.0858333761835,80.9621195652174,1.06328532205532,,3,invscore_mean
weighted.mean_ensemble,HU,Cases,2021-05-10,618.998081241126,1347.77663043478,0.459273493294985,,3,invscore_mean
weighted.mean_ensemble,HU,Deaths,2021-05-10,60.3777637369351,40.7648913043478,1.48112166634173,,3,invscore_mean
weighted.mean_ensemble,HU,Cases,2021-05-17,811.045871878874,498.046141304348,1.62845528680295,,3,invscore_mean
weighted.mean_ensemble,HU,Deaths,2021-05-17,79.8584989783653,57.6170652173913,1.38602163572643,,3,invscore_mean
weighted.mean_ensemble,HU,Cases,2021-05-24,334.608110669757,390.296358695652,0.857318043622026,,3,invscore_mean
weighted.mean_ensemble,HU,Deaths,2021-05-24,30.9481182670176,31.423152173913,0.984882678088234,,3,invscore_mean
weighted.mean_ensemble,HU,Cases,2021-05-31,184.013106848151,222.246467391304,0.827968646737423,,3,invscore_mean
weighted.mean_ensemble,HU,Deaths,2021-05-31,13.7894743861312,11.4373369565217,1.20565429160223,,3,invscore_mean
weighted.mean_ensemble,HU,Cases,2021-06-07,212.863724169589,125.6675,1.69386455662434,,3,invscore_mean
weighted.mean_ensemble,HU,Deaths,2021-06-07,11.0590496370693,10.150597826087,1.08949737015958,,3,invscore_mean
weighted.mean_ensemble,HU,Cases,2021-06-14,86.097149939026,75.6528804347826,1.13805514666751,,3,invscore_mean
weighted.mean_ensemble,HU,Deaths,2021-06-14,8.26306639078788,3.50586956521739,2.35692350701459,,3,invscore_mean
weighted.mean_ensemble,HU,Cases,2021-06-21,80.1622476002732,58.1202717391304,1.37924763944802,,3,invscore_mean
weighted.mean_ensemble,HU,Deaths,2021-06-21,5.95226498396832,2.4975,2.3832892828702,,3,invscore_mean
weighted.mean_ensemble,HU,Cases,2021-06-28,68.6246325821966,67.21,1.0210479479571,,3,invscore_mean
weighted.mean_ensemble,HU,Deaths,2021-06-28,2.8799338120932,2.26771739130435,1.26997033366522,,3,invscore_mean
weighted.mean_ensemble,HU,Cases,2021-07-05,150.258906667618,113.36972826087,1.32538825815887,,3,invscore_mean
weighted.mean_ensemble,HU,Deaths,2021-07-05,1.99275717029929,1.89413043478261,1.05206966410843,,3,invscore_mean
weighted.mean_ensemble,HU,Cases,2021-07-12,178.850842154116,152.435326086957,1.1732899895664,,3,invscore_mean
weighted.mean_ensemble,HU,Deaths,2021-07-12,2.0416007909673,1.85641304347826,1.09975568106441,,3,invscore_mean
weighted.mean_ensemble,HU,Cases,2021-07-19,123.202397803226,112.868369565217,1.091558230865,,3,invscore_mean
weighted.mean_ensemble,HU,Deaths,2021-07-19,1.66804882054316,2.05891304347826,0.810159917062456,,3,invscore_mean
weighted.mean_ensemble,HU,Cases,2021-07-26,95.3778858153809,159.83777173913,0.596716813414079,,3,invscore_mean
weighted.mean_ensemble,HU,Deaths,2021-07-26,1.80059783896125,2.06315217391304,0.872741168454956,,3,invscore_mean
weighted.mean_ensemble,HU,Cases,2021-08-02,177.29262081005,181.363097826087,0.977556200435324,,3,invscore_mean
weighted.mean_ensemble,HU,Deaths,2021-08-02,1.86121290774716,2.47336956521739,0.75250093391667,,3,invscore_mean
weighted.mean_ensemble,HU,Cases,2021-08-09,284.221274105582,265.686141304348,1.06976326544636,,3,invscore_mean
weighted.mean_ensemble,HU,Deaths,2021-08-09,1.7262995226584,2.09782608695652,0.822899254324211,,3,invscore_mean
weighted.mean_ensemble,HU,Cases,2021-08-16,347.161560668569,335.492717391304,1.03478121184864,,3,invscore_mean
weighted.mean_ensemble,HU,Deaths,2021-08-16,4.73131050843206,4.31510869565217,1.09645221989408,,3,invscore_mean
weighted.mean_ensemble,HU,Cases,2021-08-23,547.699147429813,620.267717391304,0.883004438363007,,3,invscore_mean
weighted.mean_ensemble,HU,Deaths,2021-08-23,7.50852412764234,6.82423913043478,1.10027271672761,,3,invscore_mean
weighted.mean_ensemble,HU,Cases,2021-08-30,401.369479566519,441.066521739131,0.909997607580631,,3,invscore_mean
weighted.mean_ensemble,HU,Deaths,2021-08-30,10.6822049549811,7.40467391304348,1.44263003076533,,3,invscore_mean
weighted.mean_ensemble,HU,Cases,2021-09-06,323.907656347685,512.88277173913,0.631543257437463,,3,invscore_mean
weighted.mean_ensemble,HU,Deaths,2021-09-06,9.2604716990215,12.9529347826087,0.714932318771118,,3,invscore_mean
weighted.mean_ensemble,HU,Cases,2021-09-13,485.391062719596,630.293586956522,0.77010312775573,,3,invscore_mean
weighted.mean_ensemble,HU,Deaths,2021-09-13,9.24455537040589,7.35989130434783,1.25607226902179,,3,invscore_mean
weighted.mean_ensemble,HU,Cases,2021-09-20,699.628653659614,669.810869565217,1.04451672173333,,3,invscore_mean
weighted.mean_ensemble,HU,Deaths,2021-09-20,16.4766563356394,10.1735326086957,1.61956096956491,,3,invscore_mean
weighted.mean_ensemble,HU,Cases,2021-09-27,814.375784675319,775.698369565218,1.04986141086229,,3,invscore_mean
weighted.mean_ensemble,HU,Deaths,2021-09-27,11.5281663967177,26.7473913043478,0.431001523309072,,3,invscore_mean
weighted.mean_ensemble,HU,Cases,2021-10-04,2935.73146369509,3278.03163043478,0.895577527818334,,3,invscore_mean
weighted.mean_ensemble,HU,Deaths,2021-10-04,30.3435752287747,35.8426086956522,0.846578313716754,,3,invscore_mean
weighted.mean_ensemble,HU,Cases,2021-10-11,8270.79450336294,8303.81706521739,0.996023206966736,,3,invscore_mean
weighted.mean_ensemble,HU,Deaths,2021-10-11,94.1431859760097,105.787065217391,0.889930973910151,,3,invscore_mean
weighted.mean_ensemble,HU,Cases,2021-10-18,11952.5744668619,11397.6110326087,1.04869120666299,,3,invscore_mean
weighted.mean_ensemble,HU,Deaths,2021-10-18,140.252052013639,216.499130434783,0.647818084682276,,3,invscore_mean
weighted.mean_ensemble,HU,Cases,2021-10-25,4780.97902594162,7620.20847826087,0.627407903547642,,3,invscore_mean
weighted.mean_ensemble,HU,Deaths,2021-10-25,73.4710935403874,189.516739130435,0.387676011509574,,3,invscore_mean
weighted.mean_ensemble,HU,Cases,2021-11-01,16572.8595165479,4376.6377173913,3.78666469255447,,3,invscore_mean
weighted.mean_ensemble,HU,Deaths,2021-11-01,154.55647591573,111.617880434783,1.38469280471632,,3,invscore_mean
weighted.mean_ensemble,HU,Cases,2021-11-08,22073.6360573234,11173.0757065217,1.97560963848468,,3,invscore_mean
weighted.mean_ensemble,HU,Deaths,2021-11-08,284.825125446613,246.375434782609,1.15606138127339,,3,invscore_mean
weighted.mean_ensemble,HU,Cases,2021-11-15,63630.4628189889,49707.3232608696,1.28010238018751,,3,invscore_mean
weighted.mean_ensemble,HU,Deaths,2021-11-15,864.767268654494,687.258043478261,1.2582861370059,,3,invscore_mean
weighted.mean_ensemble,HU,Cases,2021-11-22,41664.1109237403,33717.5429891304,1.23568051613878,,3,invscore_mean
weighted.mean_ensemble,HU,Deaths,2021-11-22,581.766479451193,508.94597826087,1.14308100329068,,3,invscore_mean
weighted.mean_ensemble,HU,Cases,2021-11-29,37127.0023117512,23760.4729347826,1.5625531702865,,3,invscore_mean
weighted.mean_ensemble,HU,Deaths,2021-11-29,201.497261057455,222.750108695652,0.904588833816306,,3,invscore_mean
weighted.mean_ensemble,HU,Cases,2021-12-06,18445.0512329565,17360.0758695652,1.06249830769999,,3,invscore_mean
weighted.mean_ensemble,HU,Deaths,2021-12-06,80.6595957647041,85.1761956521739,0.946973448944424,,3,invscore_mean
weighted.mean_ensemble,HU,Cases,2021-12-13,4804.40245902919,4196.61673913044,1.14482754982879,,3,invscore_mean
weighted.mean_ensemble,HU,Deaths,2021-12-13,105.576663924245,79.6625,1.32529940592179,,3,invscore_mean
weighted.mean_ensemble,HU,Cases,2021-12-20,11666.519487084,11671.4380434783,0.999578581801494,,3,invscore_mean
weighted.mean_ensemble,HU,Deaths,2021-12-20,89.2818894148496,88.2913043478261,1.01121950881053,,3,invscore_mean
weighted.mean_ensemble,HU,Cases,2021-12-27,35399.3021729212,32698.8973369565,1.08258397242382,,3,invscore_mean
weighted.mean_ensemble,HU,Deaths,2021-12-27,223.497456699395,246.205597826087,0.907767567727148,,3,invscore_mean
weighted.mean_ensemble,HU,Cases,2022-01-03,42572.5650111011,50019.316576087,0.851122484777291,,3,invscore_mean
weighted.mean_ensemble,HU,Deaths,2022-01-03,90.8978104473478,73.3816304347826,1.2386997932423,,3,invscore_mean
weighted.mean_ensemble,HU,Cases,2022-01-10,25023.7939063874,42571.3501630435,0.587808322041679,,3,invscore_mean
weighted.mean_ensemble,HU,Deaths,2022-01-10,81.4095293703152,63.0509782608696,1.29116996461955,,3,invscore_mean
weighted.mean_ensemble,HU,Cases,2022-01-17,10012.1770236251,15419.092826087,0.649336321958313,,3,invscore_mean
weighted.mean_ensemble,HU,Deaths,2022-01-17,72.0904715538127,137.8625,0.522915742524709,,3,invscore_mean
weighted.mean_ensemble,HU,Cases,2022-01-24,76991.3512438783,56391.0965217391,1.36531041233074,,3,invscore_mean
weighted.mean_ensemble,HU,Deaths,2022-01-24,338.025684674612,56.0370652173913,6.03218036782027,,3,invscore_mean
weighted.mean_ensemble,HU,Cases,2022-01-31,84060.1790914637,91312.3459782609,0.920578462757667,,3,invscore_mean
weighted.mean_ensemble,HU,Deaths,2022-01-31,150.123267246221,83.3248913043478,1.80166172312051,,3,invscore_mean
weighted.mean_ensemble,HU,Cases,2022-02-07,34445.6168321029,45020.3856521739,0.765111545205956,,3,invscore_mean
weighted.mean_ensemble,HU,Deaths,2022-02-07,84.1640361074904,83.5410869565218,1.0074567996858,,3,invscore_mean
weighted.mean_ensemble,HU,Cases,2022-02-14,9253.1319828776,10768.9340217391,0.859243074959732,,3,invscore_mean
weighted.mean_ensemble,HU,Deaths,2022-02-14,65.287746815245,68.4435869565218,0.953891368328175,,3,invscore_mean
weighted.mean_ensemble,HU,Cases,2022-02-21,3379.28125183348,3156.55679347826,1.0705593065252,,3,invscore_mean
weighted.mean_ensemble,HU,Deaths,2022-02-21,226.896422191664,87.3970652173913,2.59615607946653,,3,invscore_mean
weighted.mean_ensemble,HU,Cases,2022-02-28,3114.1724717072,2308.43717391304,1.3490393010906,,3,invscore_mean
weighted.mean_ensemble,HU,Deaths,2022-02-28,143.380731579123,54.5605434782609,2.6279197830251,,3,invscore_mean
weighted.mean_ensemble,HU,Cases,2022-03-07,3267.10932128822,3148.38782608696,1.03770866289647,,3,invscore_mean
weighted.mean_ensemble,HU,Deaths,2022-03-07,33.6727101438711,31.7586956521739,1.06026741503051,,3,invscore_mean
weighted.mean_ensemble,IT,Cases,2021-04-12,3972.04870132149,6057.26206521739,0.655749851757311,,3,invscore_mean
weighted.mean_ensemble,IT,Deaths,2021-04-12,229.827349742024,153.432554347826,1.49790473552968,,3,invscore_mean
weighted.mean_ensemble,IT,Cases,2021-04-19,7857.65857511483,11073.0985326087,0.709616965113708,,3,invscore_mean
weighted.mean_ensemble,IT,Deaths,2021-04-19,282.107676373144,184.974673913043,1.52511514363184,,3,invscore_mean
weighted.mean_ensemble,IT,Cases,2021-04-26,14678.0455065626,14080.4839673913,1.04243899148319,,3,invscore_mean
weighted.mean_ensemble,IT,Deaths,2021-04-26,214.23047093905,178.539673913043,1.19990401149377,,3,invscore_mean
weighted.mean_ensemble,IT,Cases,2021-05-03,18864.0190606856,18686.5769565217,1.00949569868129,,3,invscore_mean
weighted.mean_ensemble,IT,Deaths,2021-05-03,157.683752858957,155.817445652174,1.01197752407615,,3,invscore_mean
weighted.mean_ensemble,IT,Cases,2021-05-10,11414.4709282458,7288.51451086957,1.56609016984504,,3,invscore_mean
weighted.mean_ensemble,IT,Deaths,2021-05-10,95.021348400259,115.776630434783,0.820729952525133,,3,invscore_mean
weighted.mean_ensemble,IT,Cases,2021-05-17,2415.18243551253,4209.95336956522,0.573683892313981,,3,invscore_mean
weighted.mean_ensemble,IT,Deaths,2021-05-17,54.8737969988554,68.0210869565218,0.806717437989929,,3,invscore_mean
weighted.mean_ensemble,IT,Cases,2021-05-24,1825.42867439322,3778.94282608696,0.483052736810901,,3,invscore_mean
weighted.mean_ensemble,IT,Deaths,2021-05-24,57.4426767089588,62.7,0.916151143683554,,3,invscore_mean
weighted.mean_ensemble,IT,Cases,2021-05-31,2559.92946495016,1131.75,2.26192132975495,,3,invscore_mean
weighted.mean_ensemble,IT,Deaths,2021-05-31,55.3964126818095,57.7021739130435,0.960040305678799,,3,invscore_mean
weighted.mean_ensemble,IT,Cases,2021-06-07,880.789758360691,848.031413043478,1.03862869324575,,3,invscore_mean
weighted.mean_ensemble,IT,Deaths,2021-06-07,29.831968604378,37.9648913043478,0.785777795733122,,3,invscore_mean
weighted.mean_ensemble,IT,Cases,2021-06-14,1039.01335375315,1123.78652173913,0.924564704820639,,3,invscore_mean
weighted.mean_ensemble,IT,Deaths,2021-06-14,16.567567479175,36.4429347826087,0.45461672003105,,3,invscore_mean
weighted.mean_ensemble,IT,Cases,2021-06-21,3085.25300252849,3331.06239130435,0.926206909417988,,3,invscore_mean
weighted.mean_ensemble,IT,Deaths,2021-06-21,18.0026487054047,17.8960869565217,1.00595447201066,,3,invscore_mean
weighted.mean_ensemble,IT,Cases,2021-06-28,10758.3221651334,10258.0711956522,1.04876657218886,,3,invscore_mean
weighted.mean_ensemble,IT,Deaths,2021-06-28,20.5006501793348,17.9180434782609,1.14413441424044,,3,invscore_mean
weighted.mean_ensemble,IT,Cases,2021-07-05,11494.9614002121,17229.3010869565,0.667175142055786,,3,invscore_mean
weighted.mean_ensemble,IT,Deaths,2021-07-05,14.9396717533431,14.2219565217391,1.05046529501809,,3,invscore_mean
weighted.mean_ensemble,IT,Cases,2021-07-12,11996.8349391817,8038.46032608696,1.49242945197463,,3,invscore_mean
weighted.mean_ensemble,IT,Deaths,2021-07-12,64.5643162203573,16.1011956521739,4.00990818415651,,3,invscore_mean
weighted.mean_ensemble,IT,Cases,2021-07-19,30061.0920496872,10253.2559782609,2.93185814471259,,3,invscore_mean
weighted.mean_ensemble,IT,Deaths,2021-07-19,185.169341630067,103.521413043478,1.78870570045539,,3,invscore_mean
weighted.mean_ensemble,IT,Cases,2021-07-26,36750.3499261514,17996.9361956522,2.04203368432399,,3,invscore_mean
weighted.mean_ensemble,IT,Deaths,2021-07-26,150.871598611273,140.420217391304,1.07442931946789,,3,invscore_mean
weighted.mean_ensemble,IT,Cases,2021-08-02,5546.86340761976,5902.35576086957,0.939771107054138,,3,invscore_mean
weighted.mean_ensemble,IT,Deaths,2021-08-02,38.4824193878166,60.0772826086957,0.640548602014276,,3,invscore_mean
weighted.mean_ensemble,IT,Cases,2021-08-09,7149.53330341045,6004.51173913044,1.19069353413336,,3,invscore_mean
weighted.mean_ensemble,IT,Deaths,2021-08-09,59.4459871457019,46.7396739130435,1.27185284296801,,3,invscore_mean
weighted.mean_ensemble,IT,Cases,2021-08-16,10079.8633560197,9147.5025,1.10192518187556,,3,invscore_mean
weighted.mean_ensemble,IT,Deaths,2021-08-16,43.3070024641519,44.7304347826087,0.968177543424858,,3,invscore_mean
weighted.mean_ensemble,IT,Cases,2021-08-23,5912.07515529093,7178.68902173913,0.823559167612285,,3,invscore_mean
weighted.mean_ensemble,IT,Deaths,2021-08-23,91.6395322346423,41.9640760869565,2.18376146408538,,3,invscore_mean
weighted.mean_ensemble,IT,Cases,2021-08-30,14895.6565856318,9430.70815217391,1.57948441890847,,3,invscore_mean
weighted.mean_ensemble,IT,Deaths,2021-08-30,49.1054322453605,35.4288043478261,1.38603131404782,,3,invscore_mean
weighted.mean_ensemble,IT,Cases,2021-09-06,11221.1376728363,6606.1525,1.69858895519538,,3,invscore_mean
weighted.mean_ensemble,IT,Deaths,2021-09-06,31.2771542793842,44.6073913043478,0.701165285949723,,3,invscore_mean
weighted.mean_ensemble,IT,Cases,2021-09-13,5293.15791799184,4916.00065217391,1.07672034495177,,3,invscore_mean
weighted.mean_ensemble,IT,Deaths,2021-09-13,26.2891323884561,35.6416304347826,0.73759623417229,,3,invscore_mean
weighted.mean_ensemble,IT,Cases,2021-09-20,1873.41553722706,2458.69043478261,0.761956654129458,,3,invscore_mean
weighted.mean_ensemble,IT,Deaths,2021-09-20,15.5789534423153,23.1132065217391,0.674028219652801,,3,invscore_mean
weighted.mean_ensemble,IT,Cases,2021-09-27,3346.21354616146,2609.79880434783,1.28217299379048,,3,invscore_mean
weighted.mean_ensemble,IT,Deaths,2021-09-27,21.7873071968985,23.2634782608696,0.93654555662667,,3,invscore_mean
weighted.mean_ensemble,IT,Cases,2021-10-04,3028.73401959669,3505.52195652174,0.863989459247852,,3,invscore_mean
weighted.mean_ensemble,IT,Deaths,2021-10-04,24.3686443856111,25.3589130434783,0.960949877616233,,3,invscore_mean
weighted.mean_ensemble,IT,Cases,2021-10-11,8602.03323984152,7610.75663043478,1.13024678853121,,3,invscore_mean
weighted.mean_ensemble,IT,Deaths,2021-10-11,63.0227945613953,40.0847826086957,1.57223740431921,,3,invscore_mean
weighted.mean_ensemble,IT,Cases,2021-10-18,16085.2736728122,15529.7811956522,1.03576949798337,,3,invscore_mean
weighted.mean_ensemble,IT,Deaths,2021-10-18,102.71475204297,80.7223913043478,1.27244436621933,,3,invscore_mean
weighted.mean_ensemble,IT,Cases,2021-10-25,9849.54484959968,7209.37809782609,1.36621282944915,,3,invscore_mean
weighted.mean_ensemble,IT,Deaths,2021-10-25,40.4268445533136,40.4325,0.999860126218107,,3,invscore_mean
weighted.mean_ensemble,IT,Cases,2021-11-01,5732.96657032118,6383.14059782609,0.898141985510027,,3,invscore_mean
weighted.mean_ensemble,IT,Deaths,2021-11-01,55.3210963885084,33.6591304347826,1.64356879318964,,3,invscore_mean
weighted.mean_ensemble,IT,Cases,2021-11-08,8778.78557398384,12224.2858695652,0.718143020185774,,3,invscore_mean
weighted.mean_ensemble,IT,Deaths,2021-11-08,40.3886687229917,46.9867391304348,0.859575903126053,,3,invscore_mean
weighted.mean_ensemble,IT,Cases,2021-11-15,7811.65040444484,9576.98456521739,0.815669102445455,,3,invscore_mean
weighted.mean_ensemble,IT,Deaths,2021-11-15,131.094686707954,42.2655434782609,3.10169173088671,,3,invscore_mean
weighted.mean_ensemble,IT,Cases,2021-11-22,11995.7151136959,18925.4659782609,0.633839881537132,,3,invscore_mean
weighted.mean_ensemble,IT,Deaths,2021-11-22,77.0665631848471,42.0610326086957,1.83225561535345,,3,invscore_mean
weighted.mean_ensemble,IT,Cases,2021-11-29,24498.6560686332,29912.8199456522,0.819001889930277,,3,invscore_mean
weighted.mean_ensemble,IT,Deaths,2021-11-29,42.4672954793468,61.1148913043478,0.694876397110202,,3,invscore_mean
weighted.mean_ensemble,IT,Cases,2021-12-06,98089.2665496464,127848.754347826,0.767228957763516,,3,invscore_mean
weighted.mean_ensemble,IT,Deaths,2021-12-06,55.6225134088629,51.7230434782609,1.07539134722884,,3,invscore_mean
weighted.mean_ensemble,IT,Cases,2021-12-13,302620.302240901,351567.538315217,0.860774301549907,,3,invscore_mean
weighted.mean_ensemble,IT,Deaths,2021-12-13,133.683794196502,84.7094565217391,1.57814486936526,,3,invscore_mean
weighted.mean_ensemble,IT,Cases,2021-12-20,468420.027817167,493792.453804348,0.948617226140855,,3,invscore_mean
weighted.mean_ensemble,IT,Deaths,2021-12-20,85.7068003559383,93.4494565217391,0.91714605462687,,3,invscore_mean
weighted.mean_ensemble,IT,Cases,2021-12-27,174471.547131745,286436.698206522,0.609110313811642,,3,invscore_mean
weighted.mean_ensemble,IT,Deaths,2021-12-27,542.441252927506,292.31222826087,1.85569127967993,,3,invscore_mean
weighted.mean_ensemble,IT,Cases,2022-01-03,3940161.40506513,176567.861902174,22.3152807233298,,3,invscore_mean
weighted.mean_ensemble,IT,Deaths,2022-01-03,150.179149104964,486.706195652174,0.308562230040503,,3,invscore_mean
weighted.mean_ensemble,IT,Cases,2022-01-10,1314716.21650457,915476.392663044,1.4361006215356,,3,invscore_mean
weighted.mean_ensemble,IT,Deaths,2022-01-10,423.0140401718,243.723043478261,1.73563416136124,,3,invscore_mean
weighted.mean_ensemble,IT,Cases,2022-01-17,483517.536037759,521685.415869565,0.926837364682341,,3,invscore_mean
weighted.mean_ensemble,IT,Deaths,2022-01-17,1069.35824239707,978.292065217391,1.09308690156803,,3,invscore_mean
weighted.mean_ensemble,IT,Cases,2022-01-24,196001.983305631,281281.883152174,0.696816947857227,,3,invscore_mean
weighted.mean_ensemble,IT,Deaths,2022-01-24,1777.8148523892,1145.95880434783,1.55137762862337,,3,invscore_mean
weighted.mean_ensemble,IT,Cases,2022-01-31,247352.325016449,184954.830869565,1.33736612260151,,3,invscore_mean
weighted.mean_ensemble,IT,Deaths,2022-01-31,1010.02018683162,739.79152173913,1.36527678021671,,3,invscore_mean
weighted.mean_ensemble,IT,Cases,2022-02-07,36921.4955597097,48551.7441304348,0.760456626656289,,3,invscore_mean
weighted.mean_ensemble,IT,Deaths,2022-02-07,402.56181101729,309.811195652174,1.29937786841392,,3,invscore_mean
weighted.mean_ensemble,IT,Cases,2022-02-14,74307.3856941496,38223.9370108696,1.94400136419802,,3,invscore_mean
weighted.mean_ensemble,IT,Deaths,2022-02-14,158.336442166429,115.814673913044,1.36715354640908,,3,invscore_mean
weighted.mean_ensemble,IT,Cases,2022-02-21,80180.2186261417,84968.2484239131,0.94364918794273,,3,invscore_mean
weighted.mean_ensemble,IT,Deaths,2022-02-21,148.880465154619,102.530869565217,1.45205503265452,,3,invscore_mean
weighted.mean_ensemble,IT,Cases,2022-02-28,124832.553915146,140500.199456522,0.888486666908798,,3,invscore_mean
weighted.mean_ensemble,IT,Deaths,2022-02-28,127.047872410074,112.062010869565,1.13372829404205,,3,invscore_mean
weighted.mean_ensemble,IT,Cases,2022-03-07,168893.268595816,168631.160217391,1.00155432944947,,3,invscore_mean
weighted.mean_ensemble,IT,Deaths,2022-03-07,125.018305209807,104.442391304348,1.19700730372498,,3,invscore_mean
weighted.mean_ensemble,LT,Cases,2021-04-12,1292.24045409894,1145.14777173913,1.12844864740594,,3,invscore_mean
weighted.mean_ensemble,LT,Deaths,2021-04-12,6.75794674709518,13.0653260869565,0.517242868805382,,3,invscore_mean
weighted.mean_ensemble,LT,Cases,2021-04-19,1048.30872356396,997.675108695652,1.05075160683772,,3,invscore_mean
weighted.mean_ensemble,LT,Deaths,2021-04-19,8.95677413817053,10.2,0.878115111585346,,3,invscore_mean
weighted.mean_ensemble,LT,Cases,2021-04-26,1039.39590964965,888.826739130435,1.16940216117544,,3,invscore_mean
weighted.mean_ensemble,LT,Deaths,2021-04-26,9.92433288997406,10.8451086956522,0.915097595467415,,3,invscore_mean
weighted.mean_ensemble,LT,Cases,2021-05-03,1937.88609736794,1852.52625,1.04607753729155,,3,invscore_mean
weighted.mean_ensemble,LT,Deaths,2021-05-03,18.2636164588757,19.3765217391304,0.94256423855437,,3,invscore_mean
weighted.mean_ensemble,LT,Cases,2021-05-10,2443.77674953917,2672.99282608696,0.91424740301928,,3,invscore_mean
weighted.mean_ensemble,LT,Deaths,2021-05-10,14.711848021727,15.8089130434783,0.930604652025469,,3,invscore_mean
weighted.mean_ensemble,LT,Cases,2021-05-17,2660.26298036736,2493.23989130435,1.06699038052677,,3,invscore_mean
weighted.mean_ensemble,LT,Deaths,2021-05-17,9.42571450880029,10.3267391304348,0.912748389375015,,3,invscore_mean
weighted.mean_ensemble,LT,Cases,2021-05-24,1827.50804741235,1401.33608695652,1.30411830853611,,3,invscore_mean
weighted.mean_ensemble,LT,Deaths,2021-05-24,15.0218775630282,13.965652173913,1.0756302230617,,3,invscore_mean
weighted.mean_ensemble,LT,Cases,2021-05-31,523.145691399899,360.075923913044,1.45287606489968,,3,invscore_mean
weighted.mean_ensemble,LT,Deaths,2021-05-31,16.2272868726691,14.2157065217391,1.14150407141944,,3,invscore_mean
weighted.mean_ensemble,LT,Cases,2021-06-07,142.664776201535,225.531956521739,0.632570117342921,,3,invscore_mean
weighted.mean_ensemble,LT,Deaths,2021-06-07,8.13148114017177,6.50576086956522,1.24988933703541,,3,invscore_mean
weighted.mean_ensemble,LT,Cases,2021-06-14,93.1950411026062,135.546739130435,0.687549119222454,,3,invscore_mean
weighted.mean_ensemble,LT,Deaths,2021-06-14,3.13596004722248,2.86402173913044,1.09494980585399,,3,invscore_mean
weighted.mean_ensemble,LT,Cases,2021-06-21,131.558634831893,111.414891304348,1.18079938230626,,3,invscore_mean
weighted.mean_ensemble,LT,Deaths,2021-06-21,1.51480519454014,2.59608695652174,0.583495553080276,,3,invscore_mean
weighted.mean_ensemble,LT,Cases,2021-06-28,345.473886552487,367.722717391304,0.939495631391352,,3,invscore_mean
weighted.mean_ensemble,LT,Deaths,2021-06-28,1.1358324230759,1.30663043478261,0.86928361137162,,3,invscore_mean
weighted.mean_ensemble,LT,Cases,2021-07-05,615.394448926273,717.84527173913,0.85728007574021,,3,invscore_mean
weighted.mean_ensemble,LT,Deaths,2021-07-05,0.90295498120439,0.97445652173913,0.92662418595431,,3,invscore_mean
weighted.mean_ensemble,LT,Cases,2021-07-12,1652.16318818703,1329.97565217391,1.24225070247451,,3,invscore_mean
weighted.mean_ensemble,LT,Deaths,2021-07-12,14.751922144386,1.73489130434783,8.50308149416398,,3,invscore_mean
weighted.mean_ensemble,LT,Cases,2021-07-19,1331.85383421821,926.221304347826,1.4379434244994,,3,invscore_mean
weighted.mean_ensemble,LT,Deaths,2021-07-19,2.86902657485563,4.4120652173913,0.650268396656199,,3,invscore_mean
weighted.mean_ensemble,LT,Cases,2021-07-26,392.243021434374,310.620543478261,1.26277231068532,,3,invscore_mean
weighted.mean_ensemble,LT,Deaths,2021-07-26,3.20178589929745,7.59413043478261,0.42161323495744,,3,invscore_mean
weighted.mean_ensemble,LT,Cases,2021-08-02,466.828908755502,618.398097826087,0.754900298685572,,3,invscore_mean
weighted.mean_ensemble,LT,Deaths,2021-08-02,9.52814021308739,6.84945652173913,1.39107974228999,,3,invscore_mean
weighted.mean_ensemble,LT,Cases,2021-08-09,1007.76795744356,853.281956521739,1.18104918279482,,3,invscore_mean
weighted.mean_ensemble,LT,Deaths,2021-08-09,14.9044069654524,17.19,0.86703938135267,,3,invscore_mean
weighted.mean_ensemble,LT,Cases,2021-08-16,728.199451058786,1079.53211956522,0.674550981727222,,3,invscore_mean
weighted.mean_ensemble,LT,Deaths,2021-08-16,11.0528344959738,8.25875,1.33831808639005,,3,invscore_mean
weighted.mean_ensemble,LT,Cases,2021-08-23,418.826262988835,605.555489130435,0.691639776216479,,3,invscore_mean
weighted.mean_ensemble,LT,Deaths,2021-08-23,13.4983316128267,7.59923913043478,1.7762740954902,,3,invscore_mean
weighted.mean_ensemble,LT,Cases,2021-08-30,1250.47144371635,1122.72565217391,1.11378184091108,,3,invscore_mean
weighted.mean_ensemble,LT,Deaths,2021-08-30,12.8400804499637,13.8089130434783,0.929840053995262,,3,invscore_mean
weighted.mean_ensemble,LT,Cases,2021-09-06,1376.50627137066,1152.98483695652,1.19386329052181,,3,invscore_mean
weighted.mean_ensemble,LT,Deaths,2021-09-06,15.5753777008735,10.8053260869565,1.44145374008426,,3,invscore_mean
weighted.mean_ensemble,LT,Cases,2021-09-13,1235.38966602389,1635.05945652174,0.755562533886038,,3,invscore_mean
weighted.mean_ensemble,LT,Deaths,2021-09-13,20.245479613808,17.4373913043478,1.16103832622945,,3,invscore_mean
weighted.mean_ensemble,LT,Cases,2021-09-20,886.006807729996,1007.55815217391,0.8793604675009,,3,invscore_mean
weighted.mean_ensemble,LT,Deaths,2021-09-20,13.5244628102321,9.82364130434783,1.37672604192565,,3,invscore_mean
weighted.mean_ensemble,LT,Cases,2021-09-27,1011.18198121088,1233.21717391304,0.819954508095572,,3,invscore_mean
weighted.mean_ensemble,LT,Deaths,2021-09-27,11.6641921544917,10.2638043478261,1.13643944868865,,3,invscore_mean
weighted.mean_ensemble,LT,Cases,2021-10-04,1339.42141026858,1018.81635869565,1.31468384742407,,3,invscore_mean
weighted.mean_ensemble,LT,Deaths,2021-10-04,14.5090667400028,16.9052173913043,0.858259696054898,,3,invscore_mean
weighted.mean_ensemble,LT,Cases,2021-10-11,1796.02191592903,1088.11706521739,1.6505778406942,,3,invscore_mean
weighted.mean_ensemble,LT,Deaths,2021-10-11,13.7616214680814,13.4467391304348,1.02341700352719,,3,invscore_mean
weighted.mean_ensemble,LT,Cases,2021-10-18,2186.25606724666,1804.49135869565,1.21156361138075,,3,invscore_mean
weighted.mean_ensemble,LT,Deaths,2021-10-18,15.3967899688131,32.98,0.466852333802703,,3,invscore_mean
weighted.mean_ensemble,LT,Cases,2021-10-25,3094.35158889627,2707.53956521739,1.14286477237418,,3,invscore_mean
weighted.mean_ensemble,LT,Deaths,2021-10-25,12.212214568026,15.8672826086957,0.769647511120361,,3,invscore_mean
weighted.mean_ensemble,LT,Cases,2021-11-01,4606.12804365935,4422.7797826087,1.0414554352834,,3,invscore_mean
weighted.mean_ensemble,LT,Deaths,2021-11-01,12.9699748087546,35.0167391304348,0.370393564073523,,3,invscore_mean
weighted.mean_ensemble,LT,Cases,2021-11-08,2424.99081654375,2747.00135869565,0.882777436155038,,3,invscore_mean
weighted.mean_ensemble,LT,Deaths,2021-11-08,46.9360179989982,35.0686956521739,1.3384021597076,,3,invscore_mean
weighted.mean_ensemble,LT,Cases,2021-11-15,1161.68694941663,1255.04369565217,0.925614744284236,,3,invscore_mean
weighted.mean_ensemble,LT,Deaths,2021-11-15,8.09877391972078,16.1970652173913,0.500014898441285,,3,invscore_mean
weighted.mean_ensemble,LT,Cases,2021-11-22,3491.84200738281,2066.64576086957,1.68961806299768,,3,invscore_mean
weighted.mean_ensemble,LT,Deaths,2021-11-22,8.52537427234573,9.8775,0.863110531242291,,3,invscore_mean
weighted.mean_ensemble,LT,Cases,2021-11-29,1920.42053987215,1476.22369565217,1.30090076831055,,3,invscore_mean
weighted.mean_ensemble,LT,Deaths,2021-11-29,21.2097354992338,14.195652173913,1.4941008161788,,3,invscore_mean
weighted.mean_ensemble,LT,Cases,2021-12-06,1471.19677405746,997.40597826087,1.47502301582623,,3,invscore_mean
weighted.mean_ensemble,LT,Deaths,2021-12-06,21.9133309291758,17.0038043478261,1.28873106752592,,3,invscore_mean
weighted.mean_ensemble,LT,Cases,2021-12-13,1981.77910550754,2584.04945652174,0.766927699663735,,3,invscore_mean
weighted.mean_ensemble,LT,Deaths,2021-12-13,32.187084581797,22.6565760869565,1.42065087232343,,3,invscore_mean
weighted.mean_ensemble,LT,Cases,2021-12-20,5472.01981313312,5558.86119565217,0.984377846565592,,3,invscore_mean
weighted.mean_ensemble,LT,Deaths,2021-12-20,12.6277572914213,11.5708695652174,1.09134038891778,,3,invscore_mean
weighted.mean_ensemble,LT,Cases,2021-12-27,16263.1685111167,15275.2686956522,1.06467315470174,,3,invscore_mean
weighted.mean_ensemble,LT,Deaths,2021-12-27,13.4832470596921,12.3252173913043,1.09395612520431,,3,invscore_mean
weighted.mean_ensemble,LT,Cases,2022-01-03,25861.5193656972,27079.2944021739,0.955029292182038,,3,invscore_mean
weighted.mean_ensemble,LT,Deaths,2022-01-03,18.5938073593655,18.3621739130435,1.01261470713756,,3,invscore_mean
weighted.mean_ensemble,LT,Cases,2022-01-10,26054.5771212413,27839.0016304348,0.935901993437772,,3,invscore_mean
weighted.mean_ensemble,LT,Deaths,2022-01-10,26.1976035386993,13.5058695652174,1.93971986862421,,3,invscore_mean
weighted.mean_ensemble,LT,Cases,2022-01-17,17300.0374076298,17420.5547826087,0.993081886513787,,3,invscore_mean
weighted.mean_ensemble,LT,Deaths,2022-01-17,9.03371622606283,13.3563043478261,0.676363460340973,,3,invscore_mean
weighted.mean_ensemble,LT,Cases,2022-01-24,13789.4339797212,13418.6234782609,1.02763401939559,,3,invscore_mean
weighted.mean_ensemble,LT,Deaths,2022-01-24,10.8088707857644,18.2888043478261,0.591010247591676,,3,invscore_mean
weighted.mean_ensemble,LT,Cases,2022-01-31,35222.6941122365,25673.3881521739,1.37195347585059,,3,invscore_mean
weighted.mean_ensemble,LT,Deaths,2022-01-31,14.0526344365532,16.868152173913,0.833086771548449,,3,invscore_mean
weighted.mean_ensemble,LT,Cases,2022-02-07,57623.3424099914,35509.3984782609,1.622763124114,,3,invscore_mean
weighted.mean_ensemble,LT,Deaths,2022-02-07,9.08375955812151,7.66152173913044,1.18563385544247,,3,invscore_mean
weighted.mean_ensemble,LT,Cases,2022-02-14,8752.49377891413,6748.52586956522,1.29694898531641,,3,invscore_mean
weighted.mean_ensemble,LT,Deaths,2022-02-14,10.0374583188833,11.9371739130435,0.840857173733186,,3,invscore_mean
weighted.mean_ensemble,LT,Cases,2022-02-21,3239.05561230799,6825.99701086957,0.474517584339723,,3,invscore_mean
weighted.mean_ensemble,LT,Deaths,2022-02-21,15.6658645356083,12.088152173913,1.2959685078598,,3,invscore_mean
weighted.mean_ensemble,LT,Cases,2022-02-28,5804.60940064753,5623.30684782609,1.03224126972398,,3,invscore_mean
weighted.mean_ensemble,LT,Deaths,2022-02-28,28.2190264586254,12.1944565217391,2.31408643823684,,3,invscore_mean
weighted.mean_ensemble,LT,Cases,2022-03-07,5961.97401699228,5529.79206521739,1.07815519040821,,3,invscore_mean
weighted.mean_ensemble,LT,Deaths,2022-03-07,39.2262659351706,12.0117934782609,3.26564605078857,,3,invscore_mean
weighted.mean_ensemble,LU,Deaths,2021-04-12,3.66328347835102,4.9691847826087,0.737200091888692,,3,invscore_mean
weighted.mean_ensemble,LU,Deaths,2021-04-19,5.60391655560781,5.28635869565217,1.06007119044283,,3,invscore_mean
weighted.mean_ensemble,LU,Deaths,2021-04-26,1.4407641751511,2.6083152173913,0.552373488274961,,3,invscore_mean
weighted.mean_ensemble,LU,Deaths,2021-05-03,1.03462048036122,1.80875,0.57200855859639,,3,invscore_mean
weighted.mean_ensemble,LU,Deaths,2021-05-10,0.773991752712956,0.931304347826087,0.831083581344444,,3,invscore_mean
weighted.mean_ensemble,LU,Deaths,2021-05-17,1.10169298678386,1.06815217391304,1.03140078135865,,3,invscore_mean
weighted.mean_ensemble,LU,Deaths,2021-05-24,1.22903798858454,1.18,1.04155761744452,,3,invscore_mean
weighted.mean_ensemble,LU,Deaths,2021-05-31,2.10009753556772,1.44032608695652,1.45807088727062,,3,invscore_mean
weighted.mean_ensemble,LU,Deaths,2021-06-07,2.05771418402781,1.29304347826087,1.59137277177672,,3,invscore_mean
weighted.mean_ensemble,LU,Deaths,2021-06-14,0.546223423131371,0.597173913043478,0.914680650310995,,3,invscore_mean
weighted.mean_ensemble,LU,Deaths,2021-06-21,0.370834197361451,0.352934782608696,1.05071592723294,,3,invscore_mean
weighted.mean_ensemble,LU,Deaths,2021-06-28,0.311581822596303,0.346521739130435,0.899169626062105,,3,invscore_mean
weighted.mean_ensemble,LU,Deaths,2021-07-05,1.26939543113483,0.369239130434783,3.4378681090493,,3,invscore_mean
weighted.mean_ensemble,LU,Deaths,2021-07-12,3.7199449816792,0.715489130434783,5.1991635140826,,3,invscore_mean
weighted.mean_ensemble,LU,Deaths,2021-07-19,0.749229114886975,0.74554347826087,1.00494355692669,,3,invscore_mean
weighted.mean_ensemble,LU,Deaths,2021-07-26,0.744852405097403,0.75054347826087,0.992417397088502,,3,invscore_mean
weighted.mean_ensemble,LU,Deaths,2021-08-02,0.838532402497103,0.855869565217391,0.979743218564052,,3,invscore_mean
weighted.mean_ensemble,LU,Deaths,2021-08-09,0.944886929043228,0.833369565217391,1.13381501854672,,3,invscore_mean
weighted.mean_ensemble,LU,Deaths,2021-08-16,5.20295192760239,1.07597826086957,4.83555487765855,,3,invscore_mean
weighted.mean_ensemble,LU,Deaths,2021-08-23,1.87913638193025,1.50880434782609,1.24544735348738,,3,invscore_mean
weighted.mean_ensemble,LU,Deaths,2021-08-30,1.2476374892426,0.863804347826087,1.44435194425971,,3,invscore_mean
weighted.mean_ensemble,LU,Deaths,2021-09-06,1.04094535313613,0.935978260869565,1.11214693402072,,3,invscore_mean
weighted.mean_ensemble,LU,Deaths,2021-09-13,0.804615650751841,0.825978260869565,0.974136595198965,,3,invscore_mean
weighted.mean_ensemble,LU,Deaths,2021-09-20,0.566656332457264,0.564945652173913,1.003028043984,,3,invscore_mean
weighted.mean_ensemble,LU,Deaths,2021-09-27,0.735205222795505,0.687717391304348,1.0690513750148,,3,invscore_mean
weighted.mean_ensemble,LU,Deaths,2021-10-04,0.815185988177418,0.822717391304348,0.990845698405634,,3,invscore_mean
weighted.mean_ensemble,LU,Deaths,2021-10-11,1.5027619234069,1.39902173913044,1.07415194587394,,3,invscore_mean
weighted.mean_ensemble,LU,Deaths,2021-10-18,1.34644810343372,1.37554347826087,0.978848087838028,,3,invscore_mean
weighted.mean_ensemble,LU,Deaths,2021-10-25,1.67252736691111,1.44478260869565,1.15763254405524,,3,invscore_mean
weighted.mean_ensemble,LU,Deaths,2021-11-01,2.34772985210744,2.11559782608696,1.10972408042687,,3,invscore_mean
weighted.mean_ensemble,LU,Deaths,2021-11-08,2.52441781728595,1.99673913043478,1.26427021878229,,3,invscore_mean
weighted.mean_ensemble,LU,Deaths,2021-11-15,2.02121327686104,1.98380434782609,1.01885716657287,,3,invscore_mean
weighted.mean_ensemble,LU,Deaths,2021-11-22,1.96624776913124,1.98347826086957,0.99131299188993,,3,invscore_mean
weighted.mean_ensemble,LU,Deaths,2021-11-29,1.93720577190894,2.04826086956522,0.94578078441744,,3,invscore_mean
weighted.mean_ensemble,LU,Deaths,2021-12-06,8.16936137219155,3.23858695652174,2.52250795852198,,3,invscore_mean
weighted.mean_ensemble,LU,Deaths,2021-12-13,2.20905754199192,2.84646739130435,0.776069857234392,,3,invscore_mean
weighted.mean_ensemble,LU,Deaths,2021-12-20,1.92147814182883,1.67065217391304,1.15013655854426,,3,invscore_mean
weighted.mean_ensemble,LU,Deaths,2021-12-27,1.67662126085219,1.71396739130435,0.978210711217945,,3,invscore_mean
weighted.mean_ensemble,LU,Deaths,2022-01-03,1.67907493649353,1.58923913043478,1.05652755733127,,3,invscore_mean
weighted.mean_ensemble,LU,Deaths,2022-01-10,1.88361519896762,1.71902173913043,1.09574832946583,,3,invscore_mean
weighted.mean_ensemble,LU,Deaths,2022-01-17,2.5158452874745,3.37913043478261,0.744524467471867,,3,invscore_mean
weighted.mean_ensemble,LU,Deaths,2022-01-24,1.9420621555832,2.14836956521739,0.903970241910721,,3,invscore_mean
weighted.mean_ensemble,LU,Deaths,2022-01-31,3.02951352221212,2.34608695652174,1.29130487418233,,3,invscore_mean
weighted.mean_ensemble,LU,Deaths,2022-02-07,1.85545443790163,1.76347826086957,1.0521561161671,,3,invscore_mean
weighted.mean_ensemble,LU,Deaths,2022-02-14,1.99366569249539,1.83255434782609,1.08791627100196,,3,invscore_mean
weighted.mean_ensemble,LU,Deaths,2022-02-21,3.89420890385221,3.08891304347826,1.26070525425577,,3,invscore_mean
weighted.mean_ensemble,LU,Deaths,2022-02-28,2.78761033048121,2.61391304347826,1.06645105790199,,3,invscore_mean
weighted.mean_ensemble,LU,Deaths,2022-03-07,3.00796098067868,2.99581521739131,1.00405424313785,,3,invscore_mean
weighted.mean_ensemble,LV,Cases,2021-04-12,478.850861433159,474.991521739131,1.00812507069578,,3,invscore_mean
weighted.mean_ensemble,LV,Deaths,2021-04-12,6.7228908625599,6.71260869565217,1.00153176914876,,3,invscore_mean
weighted.mean_ensemble,LV,Cases,2021-04-19,392.146356839975,347.89972826087,1.12718213032327,,3,invscore_mean
weighted.mean_ensemble,LV,Deaths,2021-04-19,10.5597115218832,7.45510869565217,1.41643964601638,,3,invscore_mean
weighted.mean_ensemble,LV,Cases,2021-04-26,419.42130596096,472.80097826087,0.887099065454012,,3,invscore_mean
weighted.mean_ensemble,LV,Deaths,2021-04-26,6.67370381998451,7.32461956521739,0.911133166789453,,3,invscore_mean
weighted.mean_ensemble,LV,Cases,2021-05-03,851.387860119205,942.271684782609,0.903548173917195,,3,invscore_mean
weighted.mean_ensemble,LV,Deaths,2021-05-03,6.54992247762387,7.37635869565217,0.887961492637901,,3,invscore_mean
weighted.mean_ensemble,LV,Cases,2021-05-10,1246.1293223147,1284.59902173913,0.970053145944058,,3,invscore_mean
weighted.mean_ensemble,LV,Deaths,2021-05-10,9.26055348035138,9.36021739130435,0.989352393562402,,3,invscore_mean
weighted.mean_ensemble,LV,Cases,2021-05-17,1630.22178550734,1463.77456521739,1.11371096632303,,3,invscore_mean
weighted.mean_ensemble,LV,Deaths,2021-05-17,7.08951058157675,6.81913043478261,1.03965023830825,,3,invscore_mean
weighted.mean_ensemble,LV,Cases,2021-05-24,1060.96914165966,965.371086956522,1.0990272611173,,3,invscore_mean
weighted.mean_ensemble,LV,Deaths,2021-05-24,4.94730069311505,8.54913043478261,0.578690514884027,,3,invscore_mean
weighted.mean_ensemble,LV,Cases,2021-05-31,427.329637018007,292.729076086957,1.459812748123,,3,invscore_mean
weighted.mean_ensemble,LV,Deaths,2021-05-31,6.03934371403212,7.12923913043478,0.847123178720449,,3,invscore_mean
weighted.mean_ensemble,LV,Cases,2021-06-07,185.386415726481,180.036847826087,1.02971373896505,,3,invscore_mean
weighted.mean_ensemble,LV,Deaths,2021-06-07,5.71032256828809,5.63554347826087,1.0132691887332,,3,invscore_mean
weighted.mean_ensemble,LV,Cases,2021-06-14,146.53595786838,194.50625,0.753374032291404,,3,invscore_mean
weighted.mean_ensemble,LV,Deaths,2021-06-14,6.35165127553424,7.03347826086957,0.903059772128872,,3,invscore_mean
weighted.mean_ensemble,LV,Cases,2021-06-21,50.7895485849576,58.5929891304348,0.866819551941516,,3,invscore_mean
weighted.mean_ensemble,LV,Deaths,2021-06-21,9.84428188465897,7.38815217391304,1.33244167864034,,3,invscore_mean
weighted.mean_ensemble,LV,Cases,2021-06-28,147.318891861456,81.4657608695652,1.80835347622087,,3,invscore_mean
weighted.mean_ensemble,LV,Deaths,2021-06-28,2.03389817345407,2.14304347826087,0.94906995312322,,3,invscore_mean
weighted.mean_ensemble,LV,Cases,2021-07-05,94.902470497614,88.5464673913043,1.0717815548555,,3,invscore_mean
weighted.mean_ensemble,LV,Deaths,2021-07-05,1.53530058916562,2.12108695652174,0.723827273768764,,3,invscore_mean
weighted.mean_ensemble,LV,Cases,2021-07-12,170.654820112063,156.775652173913,1.08852884836195,,3,invscore_mean
weighted.mean_ensemble,LV,Deaths,2021-07-12,1.06283399900686,1.52820652173913,0.69547798932132,,3,invscore_mean
weighted.mean_ensemble,LV,Cases,2021-07-19,243.242428808926,220.077717391304,1.10525695964228,,3,invscore_mean
weighted.mean_ensemble,LV,Deaths,2021-07-19,0.971322606757009,1.06347826086957,0.91334505132507,,3,invscore_mean
weighted.mean_ensemble,LV,Cases,2021-07-26,233.019720519929,168.31902173913,1.38439326769066,,3,invscore_mean
weighted.mean_ensemble,LV,Deaths,2021-07-26,1.20191280019534,1.56413043478261,0.76842236009709,,3,invscore_mean
weighted.mean_ensemble,LV,Cases,2021-08-02,100.467228089376,178.754293478261,0.562040922958832,,3,invscore_mean
weighted.mean_ensemble,LV,Deaths,2021-08-02,2.87638054652198,1.38760869565217,2.0729046708446,,3,invscore_mean
weighted.mean_ensemble,LV,Cases,2021-08-09,252.300416413959,309.237663043478,0.815878680270863,,3,invscore_mean
weighted.mean_ensemble,LV,Deaths,2021-08-09,1.2953307104734,1.745,0.742309862735474,,3,invscore_mean
weighted.mean_ensemble,LV,Cases,2021-08-16,226.535227078361,302.350869565217,0.749246156970279,,3,invscore_mean
weighted.mean_ensemble,LV,Deaths,2021-08-16,5.02927547749715,4.18135869565217,1.2027849901341,,3,invscore_mean
weighted.mean_ensemble,LV,Cases,2021-08-23,329.28160664829,468.140706521739,0.703381701400922,,3,invscore_mean
weighted.mean_ensemble,LV,Deaths,2021-08-23,6.2675509074247,6.64461956521739,0.943252032100298,,3,invscore_mean
weighted.mean_ensemble,LV,Cases,2021-08-30,346.473016495232,467.887717391304,0.740504620268689,,3,invscore_mean
weighted.mean_ensemble,LV,Deaths,2021-08-30,10.4534229316742,12.033152173913,0.868718585171424,,3,invscore_mean
weighted.mean_ensemble,LV,Cases,2021-09-06,1277.13727091608,357.555869565217,3.57185374265864,,3,invscore_mean
weighted.mean_ensemble,LV,Deaths,2021-09-06,6.00339481151144,8.75880434782609,0.685412594357296,,3,invscore_mean
weighted.mean_ensemble,LV,Cases,2021-09-13,654.959325148878,559.084076086957,1.17148628115641,,3,invscore_mean
weighted.mean_ensemble,LV,Deaths,2021-09-13,6.34520546034594,6.69358695652174,0.947952943849282,,3,invscore_mean
weighted.mean_ensemble,LV,Cases,2021-09-20,1253.52040417971,1492.87369565217,0.839669429390069,,3,invscore_mean
weighted.mean_ensemble,LV,Deaths,2021-09-20,7.65843144262018,5.51309782608696,1.38913396500637,,3,invscore_mean
weighted.mean_ensemble,LV,Cases,2021-09-27,2784.31320765516,3038.1975,0.916435882675555,,3,invscore_mean
weighted.mean_ensemble,LV,Deaths,2021-09-27,9.88742270541277,10.8670652173913,0.909852154893601,,3,invscore_mean
weighted.mean_ensemble,LV,Cases,2021-10-04,1195.66883358921,1150.54282608696,1.03922149308925,,3,invscore_mean
weighted.mean_ensemble,LV,Deaths,2021-10-04,14.4964573317402,18.0759782608696,0.801973598470283,,3,invscore_mean
weighted.mean_ensemble,LV,Cases,2021-10-11,5033.8527690087,3185.69369565217,1.58014336904985,,3,invscore_mean
weighted.mean_ensemble,LV,Deaths,2021-10-11,14.2076515443796,45.0497826086957,0.315376694884143,,3,invscore_mean
weighted.mean_ensemble,LV,Cases,2021-10-18,12510.5353611993,9503.43548913044,1.3164224006685,,3,invscore_mean
weighted.mean_ensemble,LV,Deaths,2021-10-18,18.0118191778313,38.6828260869565,0.465628316228549,,3,invscore_mean
weighted.mean_ensemble,LV,Cases,2021-10-25,18909.5948957068,13346.677173913,1.4168016989777,,3,invscore_mean
weighted.mean_ensemble,LV,Deaths,2021-10-25,32.9475675683648,29.2576630434783,1.12611754121999,,3,invscore_mean
weighted.mean_ensemble,LV,Cases,2021-11-01,10796.0752896447,7945.8775,1.35870145111659,,3,invscore_mean
weighted.mean_ensemble,LV,Deaths,2021-11-01,91.8597348724361,47.0701630434783,1.95154911164395,,3,invscore_mean
weighted.mean_ensemble,LV,Cases,2021-11-08,4153.25178971858,3883.58163043478,1.06943851963107,,3,invscore_mean
weighted.mean_ensemble,LV,Deaths,2021-11-08,30.8623223125656,38.5411956521739,0.800761932532958,,3,invscore_mean
weighted.mean_ensemble,LV,Cases,2021-11-15,1887.25144770015,1242.72527173913,1.51863930879835,,3,invscore_mean
weighted.mean_ensemble,LV,Deaths,2021-11-15,21.7103433451022,63.2253260869565,0.343380488306901,,3,invscore_mean
weighted.mean_ensemble,LV,Cases,2021-11-22,1069.49420908652,1391.42179347826,0.768634079255729,,3,invscore_mean
weighted.mean_ensemble,LV,Deaths,2021-11-22,23.1849169694083,25.9954891304348,0.891882312853427,,3,invscore_mean
weighted.mean_ensemble,LV,Cases,2021-11-29,1352.99473318861,877.526195652174,1.54182831223981,,3,invscore_mean
weighted.mean_ensemble,LV,Deaths,2021-11-29,14.9339517260982,16.5153260869565,0.904248069185431,,3,invscore_mean
weighted.mean_ensemble,LV,Cases,2021-12-06,1749.35308152339,1018.72739130435,1.71719450802592,,3,invscore_mean
weighted.mean_ensemble,LV,Deaths,2021-12-06,11.0698719624521,10.5504347826087,1.04923372264237,,3,invscore_mean
weighted.mean_ensemble,LV,Cases,2021-12-13,1834.80734888243,1814.11565217391,1.01140594133771,,3,invscore_mean
weighted.mean_ensemble,LV,Deaths,2021-12-13,9.65819657426564,9.65097826086956,1.00074793592949,,3,invscore_mean
weighted.mean_ensemble,LV,Cases,2021-12-20,2914.05548295691,2296.20945652174,1.26907215484213,,3,invscore_mean
weighted.mean_ensemble,LV,Deaths,2021-12-20,6.98841794299139,9.6725,0.722503793537492,,3,invscore_mean
weighted.mean_ensemble,LV,Cases,2021-12-27,7814.57371015604,8761.68565217391,0.891902999078393,,3,invscore_mean
weighted.mean_ensemble,LV,Deaths,2021-12-27,8.04306023924103,11.1448913043478,0.721681353330318,,3,invscore_mean
weighted.mean_ensemble,LV,Cases,2022-01-03,18524.6553703257,19058.7954347826,0.971974091107454,,3,invscore_mean
weighted.mean_ensemble,LV,Deaths,2022-01-03,7.47254505337937,6.56407608695652,1.13840012735807,,3,invscore_mean
weighted.mean_ensemble,LV,Cases,2022-01-10,20419.8582166673,23395.5329347826,0.872810133181822,,3,invscore_mean
weighted.mean_ensemble,LV,Deaths,2022-01-10,27.7675312999826,16.9322826086957,1.63991659846987,,3,invscore_mean
weighted.mean_ensemble,LV,Cases,2022-01-17,13916.2325700726,13391.2479347826,1.03920356324121,,3,invscore_mean
weighted.mean_ensemble,LV,Deaths,2022-01-17,32.9849187003844,16.0148913043478,2.05964049793016,,3,invscore_mean
weighted.mean_ensemble,LV,Cases,2022-01-24,11403.1394295476,11256.9438043478,1.01298715066369,,3,invscore_mean
weighted.mean_ensemble,LV,Deaths,2022-01-24,46.7927859343841,17.1047826086957,2.73565510915034,,3,invscore_mean
weighted.mean_ensemble,LV,Cases,2022-01-31,45100.7107459859,23404.3560869565,1.92702207137931,,3,invscore_mean
weighted.mean_ensemble,LV,Deaths,2022-01-31,12.7792005836726,10.2232608695652,1.25001217778923,,3,invscore_mean
weighted.mean_ensemble,LV,Cases,2022-02-07,24222.8579516808,13599.1947826087,1.7811979561215,,3,invscore_mean
weighted.mean_ensemble,LV,Deaths,2022-02-07,9.31223094176251,9.8154347826087,0.948733413038638,,3,invscore_mean
weighted.mean_ensemble,LV,Cases,2022-02-14,14721.9213191962,11083.1189673913,1.3283193442668,,3,invscore_mean
weighted.mean_ensemble,LV,Deaths,2022-02-14,13.3206056436124,13.1660869565217,1.01173611321275,,3,invscore_mean
weighted.mean_ensemble,LV,Cases,2022-02-21,13074.2180643558,10730.7142391304,1.21839215666368,,3,invscore_mean
weighted.mean_ensemble,LV,Deaths,2022-02-21,16.8687589140658,11.5602173913043,1.45920775908198,,3,invscore_mean
weighted.mean_ensemble,LV,Cases,2022-02-28,18488.4664053833,12872.2373913043,1.43630558102299,,3,invscore_mean
weighted.mean_ensemble,LV,Deaths,2022-02-28,52.5658389767392,24.2613043478261,2.16665345865666,,3,invscore_mean
weighted.mean_ensemble,LV,Cases,2022-03-07,6635.70620431683,6100.12391304348,1.0877985921119,,3,invscore_mean
weighted.mean_ensemble,LV,Deaths,2022-03-07,55.8840447351733,35.5510869565217,1.57193631810803,,3,invscore_mean
weighted.mean_ensemble,MT,Cases,2021-04-12,157.347850322414,49.3860869565217,3.18607648467754,,3,invscore_mean
weighted.mean_ensemble,MT,Deaths,2021-04-12,1.01479844899494,0.766739130434783,1.32352505397696,,3,invscore_mean
weighted.mean_ensemble,MT,Cases,2021-04-19,157.353721454055,55.0302717391304,2.85940295188775,,3,invscore_mean
weighted.mean_ensemble,MT,Deaths,2021-04-19,1.5107100363171,0.876521739130435,1.72352831524272,,3,invscore_mean
weighted.mean_ensemble,MT,Cases,2021-04-26,39.4418408574366,23.5201086956522,1.67694126620799,,3,invscore_mean
weighted.mean_ensemble,MT,Deaths,2021-04-26,0.963032008902221,0.754510869565217,1.27636598457112,,3,invscore_mean
weighted.mean_ensemble,MT,Cases,2021-05-03,37.9726903299342,29.7239130434783,1.2775131684173,,3,invscore_mean
weighted.mean_ensemble,MT,Deaths,2021-05-03,0.664872711326034,0.668478260869565,0.994606332390165,,3,invscore_mean
weighted.mean_ensemble,MT,Cases,2021-05-10,27.8795325354517,26.3892391304348,1.05647352686642,,3,invscore_mean
weighted.mean_ensemble,MT,Deaths,2021-05-10,0.565742486001336,0.649565217391304,0.87095563440634,,3,invscore_mean
weighted.mean_ensemble,MT,Cases,2021-05-17,10.7471078970447,10.9715217391304,0.979545787045624,,3,invscore_mean
weighted.mean_ensemble,MT,Deaths,2021-05-17,0.380501032594755,0.423695652173913,0.898052719310351,,3,invscore_mean
weighted.mean_ensemble,MT,Cases,2021-05-24,6.5914115555802,5.89532608695652,1.11807412488408,,3,invscore_mean
weighted.mean_ensemble,MT,Deaths,2021-05-24,0.430311930704908,0.4375,0.983570127325504,,3,invscore_mean
weighted.mean_ensemble,MT,Cases,2021-05-31,59.8589019893499,10.6488043478261,5.62118525556062,,3,invscore_mean
weighted.mean_ensemble,MT,Deaths,2021-05-31,0.211574282354907,0.292391304347826,0.723599776083697,,3,invscore_mean
weighted.mean_ensemble,MT,Cases,2021-06-07,30.0753152973351,14.413097826087,2.08666559127215,,3,invscore_mean
weighted.mean_ensemble,MT,Deaths,2021-06-07,0.207479004509526,0.305108695652174,0.680016687384268,,3,invscore_mean
weighted.mean_ensemble,MT,Cases,2021-06-14,67.0845976445742,73.3871195652174,0.914119508191865,,3,invscore_mean
weighted.mean_ensemble,MT,Deaths,2021-06-14,0.151068879689652,0.197282608695652,0.76574859126435,,3,invscore_mean
weighted.mean_ensemble,MT,Cases,2021-06-21,406.283816678796,404.097391304348,1.00541063966632,,3,invscore_mean
weighted.mean_ensemble,MT,Deaths,2021-06-21,0.0895795125705759,0.0957608695652174,0.935450074516797,,3,invscore_mean
weighted.mean_ensemble,MT,Cases,2021-06-28,713.183821746722,702.916902173913,1.01460616403028,,3,invscore_mean
weighted.mean_ensemble,MT,Deaths,2021-06-28,0.179294084744929,0.213369565217391,0.840298308534563,,3,invscore_mean
weighted.mean_ensemble,MT,Cases,2021-07-05,845.821696978807,816.312010869565,1.03615000847263,,3,invscore_mean
weighted.mean_ensemble,MT,Deaths,2021-07-05,0.340907926943527,0.370978260869565,0.918943137380736,,3,invscore_mean
weighted.mean_ensemble,MT,Cases,2021-07-12,2471.69155375416,652.614130434783,3.78737057395229,,3,invscore_mean
weighted.mean_ensemble,MT,Deaths,2021-07-12,22.0239233354949,0.504619565217391,43.64460844083,,3,invscore_mean
weighted.mean_ensemble,MT,Cases,2021-07-19,704.0635313331,513.421739130435,1.3713161669499,,3,invscore_mean
weighted.mean_ensemble,MT,Deaths,2021-07-19,4.92494379255057,1.08244565217391,4.54983008399511,,3,invscore_mean
weighted.mean_ensemble,MT,Cases,2021-07-26,447.522928163747,597.992608695652,0.748375350558075,,3,invscore_mean
weighted.mean_ensemble,MT,Deaths,2021-07-26,1.85841691836502,1.57483695652174,1.18006941015,,3,invscore_mean
weighted.mean_ensemble,MT,Cases,2021-08-02,5235.03078340485,154.311086956522,33.9251759977549,,3,invscore_mean
weighted.mean_ensemble,MT,Deaths,2021-08-02,1.74333007985115,1.70608695652174,1.02182955750705,,3,invscore_mean
weighted.mean_ensemble,MT,Cases,2021-08-09,1149.00172663307,67.8423913043478,16.9363388368569,,3,invscore_mean
weighted.mean_ensemble,MT,Deaths,2021-08-09,1.68084921055701,1.77103260869565,0.949078634862031,,3,invscore_mean
weighted.mean_ensemble,MT,Cases,2021-08-16,289.123687989382,80.6389130434783,3.5854115225176,,3,invscore_mean
weighted.mean_ensemble,MT,Deaths,2021-08-16,0.915644935751478,1.1445652173913,0.79999367606017,,3,invscore_mean
weighted.mean_ensemble,MT,Cases,2021-08-23,67.3114875981839,58.5785869565217,1.14908008361731,,3,invscore_mean
weighted.mean_ensemble,MT,Deaths,2021-08-23,2.12389524233128,2.33641304347826,0.909040996950352,,3,invscore_mean
weighted.mean_ensemble,MT,Cases,2021-08-30,49.9503156254915,45.2416304347826,1.1040785918955,,3,invscore_mean
weighted.mean_ensemble,MT,Deaths,2021-08-30,0.996185937496328,0.907282608695652,1.09798857373502,,3,invscore_mean
weighted.mean_ensemble,MT,Cases,2021-09-06,68.0909294654967,127.958043478261,0.532134812432208,,3,invscore_mean
weighted.mean_ensemble,MT,Deaths,2021-09-06,1.4750692585514,1.04907608695652,1.40606508611852,,3,invscore_mean
weighted.mean_ensemble,MT,Cases,2021-09-13,66.7724620332338,59.7272826086957,1.11795580037844,,3,invscore_mean
weighted.mean_ensemble,MT,Deaths,2021-09-13,0.969050919992817,1.11141304347826,0.871908896228256,,3,invscore_mean
weighted.mean_ensemble,MT,Cases,2021-09-20,36.725383098045,32.805597826087,1.11948525653268,,3,invscore_mean
weighted.mean_ensemble,MT,Deaths,2021-09-20,1.52103233523664,1.76739130434783,0.860608701363904,,3,invscore_mean
weighted.mean_ensemble,MT,Cases,2021-09-27,27.7315525254901,27.230652173913,1.01839472475275,,3,invscore_mean
weighted.mean_ensemble,MT,Deaths,2021-09-27,1.46540629765924,1.49978260869565,0.97707913744492,,3,invscore_mean
weighted.mean_ensemble,MT,Cases,2021-10-04,29.7585126578234,36.2747826086957,0.820363638807577,,3,invscore_mean
weighted.mean_ensemble,MT,Deaths,2021-10-04,0.836211087864948,1.135,0.736749857149734,,3,invscore_mean
weighted.mean_ensemble,MT,Cases,2021-10-11,45.3213313154634,44.8641304347826,1.01019078886072,,3,invscore_mean
weighted.mean_ensemble,MT,Deaths,2021-10-11,0.607539677649563,0.608206521739131,0.998903589380034,,3,invscore_mean
weighted.mean_ensemble,MT,Cases,2021-10-18,50.6913833261637,51.3763043478261,0.98666854242716,,3,invscore_mean
weighted.mean_ensemble,MT,Deaths,2021-10-18,0.402253648175846,0.422934782608696,0.95110089005854,,3,invscore_mean
weighted.mean_ensemble,MT,Cases,2021-10-25,109.802918809525,95.6338043478261,1.14816010466514,,3,invscore_mean
weighted.mean_ensemble,MT,Deaths,2021-10-25,0.511107800913652,0.439347826086957,1.16333294616665,,3,invscore_mean
weighted.mean_ensemble,MT,Cases,2021-11-01,222.571932427271,186.816141304348,1.19139561963584,,3,invscore_mean
weighted.mean_ensemble,MT,Deaths,2021-11-01,0.841190406552851,0.908478260869565,0.925933445834676,,3,invscore_mean
weighted.mean_ensemble,MT,Cases,2021-11-08,88.9566049323671,111.857391304348,0.795268009516948,,3,invscore_mean
weighted.mean_ensemble,MT,Deaths,2021-11-08,0.977427134319849,0.963152173913043,1.01482108517578,,3,invscore_mean
weighted.mean_ensemble,MT,Cases,2021-11-15,73.3716638559079,104.553913043478,0.701759137655581,,3,invscore_mean
weighted.mean_ensemble,MT,Deaths,2021-11-15,1.10614458358825,0.998369565217391,1.10795102547761,,3,invscore_mean
weighted.mean_ensemble,MT,Cases,2021-11-22,126.02091183256,117.978695652174,1.06816668158543,,3,invscore_mean
weighted.mean_ensemble,MT,Deaths,2021-11-22,1.13052729393828,1.21782608695652,0.928315878635501,,3,invscore_mean
weighted.mean_ensemble,MT,Cases,2021-11-29,444.839145675562,669.670163043478,0.664266037557778,,3,invscore_mean
weighted.mean_ensemble,MT,Deaths,2021-11-29,1.96924329278416,2.14472826086957,0.9181784605131,,3,invscore_mean
weighted.mean_ensemble,MT,Cases,2021-12-06,1701.68323315341,2173.11027173913,0.783063453007178,,3,invscore_mean
weighted.mean_ensemble,MT,Deaths,2021-12-06,0.784935430368527,0.800163043478261,0.98096936213957,,3,invscore_mean
weighted.mean_ensemble,MT,Cases,2021-12-13,4062.86384612451,3904.55010869565,1.04054596125589,,3,invscore_mean
weighted.mean_ensemble,MT,Deaths,2021-12-13,1.7835506631165,1.56385869565217,1.14048070204496,,3,invscore_mean
weighted.mean_ensemble,MT,Cases,2021-12-20,2909.16682993904,3627.0877173913,0.802066852695637,,3,invscore_mean
weighted.mean_ensemble,MT,Deaths,2021-12-20,4.84373717044701,4.0895652173913,1.1844137244342,,3,invscore_mean
weighted.mean_ensemble,MT,Cases,2021-12-27,5690.90671314694,1596.63375,3.56431568175666,,3,invscore_mean
weighted.mean_ensemble,MT,Deaths,2021-12-27,6.71672759245533,6.98152173913044,0.962072144645633,,3,invscore_mean
weighted.mean_ensemble,MT,Cases,2022-01-03,22280.4402065593,12372.7920652174,1.80076090256091,,3,invscore_mean
weighted.mean_ensemble,MT,Deaths,2022-01-03,2.51827827242751,3.51559782608696,0.716315800897649,,3,invscore_mean
weighted.mean_ensemble,MT,Cases,2022-01-10,17862.3685039339,10996.3292934783,1.62439374333104,,3,invscore_mean
weighted.mean_ensemble,MT,Deaths,2022-01-10,3.53814863757341,2.08467391304348,1.69721922236172,,3,invscore_mean
weighted.mean_ensemble,MT,Cases,2022-01-17,1217.82189035232,1415.8152173913,0.860155954953081,,3,invscore_mean
weighted.mean_ensemble,MT,Deaths,2022-01-17,4.11713813520886,2.65565217391304,1.55033033906031,,3,invscore_mean
weighted.mean_ensemble,MT,Cases,2022-01-24,259.933324634007,183.160760869565,1.41915399018851,,3,invscore_mean
weighted.mean_ensemble,MT,Deaths,2022-01-24,2.02663843664015,2.88934782608696,0.701417260442756,,3,invscore_mean
weighted.mean_ensemble,MT,Cases,2022-01-31,209.363416810937,142.618043478261,1.46800090440766,,3,invscore_mean
weighted.mean_ensemble,MT,Deaths,2022-01-31,2.22698574423278,2.82608695652174,0.788010340266984,,3,invscore_mean
weighted.mean_ensemble,MT,Cases,2022-02-07,226.209023515971,124.28652173913,1.82006077851925,,3,invscore_mean
weighted.mean_ensemble,MT,Deaths,2022-02-07,3.22212238754362,3.27097826086957,0.985063834293733,,3,invscore_mean
weighted.mean_ensemble,MT,Cases,2022-02-14,147.510983001107,118.212663043478,1.2478441750936,,3,invscore_mean
weighted.mean_ensemble,MT,Deaths,2022-02-14,6.33481815006232,4.82266304347826,1.31355188885298,,3,invscore_mean
weighted.mean_ensemble,MT,Cases,2022-02-21,487.406743475472,402.569782608696,1.21073852169684,,3,invscore_mean
weighted.mean_ensemble,MT,Deaths,2022-02-21,1.48489217052662,1.27630434782609,1.16343109937361,,3,invscore_mean
weighted.mean_ensemble,MT,Cases,2022-02-28,384.684365333059,584.683586956522,0.657935974114602,,3,invscore_mean
weighted.mean_ensemble,MT,Deaths,2022-02-28,2.09231622026472,1.57766304347826,1.32621235498539,,3,invscore_mean
weighted.mean_ensemble,MT,Cases,2022-03-07,1671.50590723541,1498.71684782609,1.11529133048711,,3,invscore_mean
weighted.mean_ensemble,MT,Deaths,2022-03-07,5.72464218928066,2.52326086956522,2.26874765836918,,3,invscore_mean
weighted.mean_ensemble,NO,Cases,2021-04-12,343.978213396274,604.246304347826,0.569268212186313,,3,invscore_mean
weighted.mean_ensemble,NO,Cases,2021-04-19,412.92530329755,331.974891304348,1.24384498380327,,3,invscore_mean
weighted.mean_ensemble,NO,Cases,2021-04-26,408.140635318545,368.859347826087,1.10649394606363,,3,invscore_mean
weighted.mean_ensemble,NO,Cases,2021-05-03,338.907276114984,354.262445652174,0.956655948928139,,3,invscore_mean
weighted.mean_ensemble,NO,Cases,2021-05-10,298.224597564034,320.593152173913,0.930227597008232,,3,invscore_mean
weighted.mean_ensemble,NO,Cases,2021-05-17,363.959870373472,351.409239130435,1.03571514304545,,3,invscore_mean
weighted.mean_ensemble,NO,Cases,2021-05-24,1261.0243507529,856.841358695652,1.47171274817141,,3,invscore_mean
weighted.mean_ensemble,NO,Cases,2021-05-31,469.838002860385,529.463206521739,0.887385557812305,,3,invscore_mean
weighted.mean_ensemble,NO,Cases,2021-06-07,223.340628577438,179.372880434783,1.24511926237725,,3,invscore_mean
weighted.mean_ensemble,NO,Cases,2021-06-14,205.227944516673,217.992717391304,0.941444039840478,,3,invscore_mean
weighted.mean_ensemble,NO,Cases,2021-06-21,265.436591642504,193.043804347826,1.37500704847404,,3,invscore_mean
weighted.mean_ensemble,NO,Cases,2021-06-28,192.929511752676,149.604347826087,1.28959829414152,,3,invscore_mean
weighted.mean_ensemble,NO,Cases,2021-07-05,217.622530531386,202.278967391304,1.07585347768955,,3,invscore_mean
weighted.mean_ensemble,NO,Cases,2021-07-12,450.457494902208,459.104891304348,0.98116466069971,,3,invscore_mean
weighted.mean_ensemble,NO,Cases,2021-07-19,875.273593832193,934.81875,0.936302993315221,,3,invscore_mean
weighted.mean_ensemble,NO,Cases,2021-07-26,846.06112161489,1199.89880434783,0.705110396434427,,3,invscore_mean
weighted.mean_ensemble,NO,Cases,2021-08-02,956.729718729943,1436.48913043478,0.666019462632738,,3,invscore_mean
weighted.mean_ensemble,NO,Cases,2021-08-09,894.189238290427,1517.65891304348,0.589189857223742,,3,invscore_mean
weighted.mean_ensemble,NO,Cases,2021-08-16,1514.15778398339,1202.15614130435,1.25953504038213,,3,invscore_mean
weighted.mean_ensemble,NO,Cases,2021-08-23,2578.18453080858,2316.72076086957,1.11285942369717,,3,invscore_mean
weighted.mean_ensemble,NO,Cases,2021-08-30,9030.24431194413,5902.68706521739,1.52985313505038,,3,invscore_mean
weighted.mean_ensemble,NO,Cases,2021-09-06,15013.8222562371,13097.6030434783,1.1463030454044,,3,invscore_mean
weighted.mean_ensemble,NO,Cases,2021-09-13,8848.58148683789,5825.13467391304,1.5190346630894,,3,invscore_mean
weighted.mean_ensemble,NO,Cases,2021-09-20,1107.10205360482,631.011847826087,1.7544869520579,,3,invscore_mean
weighted.mean_ensemble,NO,Cases,2021-09-27,429.368171033499,364.06847826087,1.17936101769799,,3,invscore_mean
weighted.mean_ensemble,NO,Cases,2021-10-04,1074.26150012241,1202.32717391304,0.893485170618049,,3,invscore_mean
weighted.mean_ensemble,NO,Cases,2021-10-11,2175.61522451379,2810.63972826087,0.77406406898688,,3,invscore_mean
weighted.mean_ensemble,NO,Cases,2021-10-18,5335.72904418984,5203.0847826087,1.02549338846534,,3,invscore_mean
weighted.mean_ensemble,NO,Cases,2021-10-25,2128.60429541642,5518.0352173913,0.385754025039139,,3,invscore_mean
weighted.mean_ensemble,NO,Cases,2021-11-01,1364.84887696538,1742.0377173913,0.783478373252009,,3,invscore_mean
weighted.mean_ensemble,NO,Cases,2021-11-08,1241.84461335892,2331.14891304348,0.532717839864468,,3,invscore_mean
weighted.mean_ensemble,NO,Cases,2021-11-15,2056.43261752073,3962.82793478261,0.518930584765229,,3,invscore_mean
weighted.mean_ensemble,NO,Cases,2021-11-22,4668.96051255547,4476.65951086957,1.0429563609247,,3,invscore_mean
weighted.mean_ensemble,NO,Cases,2021-11-29,2707.22974292914,2807.04630434783,0.964440714332327,,3,invscore_mean
weighted.mean_ensemble,NO,Cases,2021-12-06,5353.98684605862,4613.20934782609,1.16057747272658,,3,invscore_mean
weighted.mean_ensemble,NO,Cases,2021-12-13,15990.7863864007,8229.89364130435,1.94301252037399,,3,invscore_mean
weighted.mean_ensemble,NO,Cases,2021-12-20,8411.37671242985,11244.2039130435,0.748063338007638,,3,invscore_mean
weighted.mean_ensemble,NO,Cases,2021-12-27,37469.3340948754,35111.0413586957,1.06716669870561,,3,invscore_mean
weighted.mean_ensemble,NO,Cases,2022-01-03,64742.8480304411,64051.6088043478,1.01079191044529,,3,invscore_mean
weighted.mean_ensemble,NO,Cases,2022-01-10,58237.5665526944,50907.7739673913,1.14398179323256,,3,invscore_mean
weighted.mean_ensemble,NO,Cases,2022-01-17,26674.9031890892,20356.5036956522,1.31038726433098,,3,invscore_mean
weighted.mean_ensemble,NO,Cases,2022-01-24,14046.2341055622,23424.4229891304,0.599640559431497,,3,invscore_mean
weighted.mean_ensemble,NO,Cases,2022-01-31,25721.4974779779,45538.125,0.564834355344623,,3,invscore_mean
weighted.mean_ensemble,NO,Cases,2022-02-07,22980.2388565231,17005.0891304348,1.35137420805365,,3,invscore_mean
weighted.mean_ensemble,NO,Cases,2022-02-14,37431.9175471804,32032.6369565217,1.16855560776926,,3,invscore_mean
weighted.mean_ensemble,NO,Cases,2022-02-21,14315.1942555011,11813.6026086957,1.21175518846081,,3,invscore_mean
weighted.mean_ensemble,NO,Cases,2022-02-28,19427.6051264851,14741.943423913,1.31784558981358,,3,invscore_mean
weighted.mean_ensemble,NO,Cases,2022-03-07,16675.2188974691,14100.719076087,1.18257932857823,,3,invscore_mean
weighted.mean_ensemble,PT,Cases,2021-04-12,2148.29632842758,1075.04597826087,1.99832971972318,,3,invscore_mean
weighted.mean_ensemble,PT,Deaths,2021-04-12,15.1888246878532,24.2245652173913,0.627000920410692,,3,invscore_mean
weighted.mean_ensemble,PT,Cases,2021-04-19,498.947211439944,368.174293478261,1.35519296235006,,3,invscore_mean
weighted.mean_ensemble,PT,Deaths,2021-04-19,11.5735459344466,12.4972826086957,0.926084997581289,,3,invscore_mean
weighted.mean_ensemble,PT,Cases,2021-04-26,558.817572448215,822.076413043478,0.679763539716909,,3,invscore_mean
weighted.mean_ensemble,PT,Deaths,2021-04-26,5.52939273151664,9.10195652173913,0.607494962023849,,3,invscore_mean
weighted.mean_ensemble,PT,Cases,2021-05-03,463.468989377051,362.144456521739,1.27979037378756,,3,invscore_mean
weighted.mean_ensemble,PT,Deaths,2021-05-03,3.52266135929685,3.28880434782609,1.07110700021585,,3,invscore_mean
weighted.mean_ensemble,PT,Cases,2021-05-10,620.452746165869,642.270217391304,0.966030697618129,,3,invscore_mean
weighted.mean_ensemble,PT,Deaths,2021-05-10,2.74320063114995,2.0075,1.36647603046075,,3,invscore_mean
weighted.mean_ensemble,PT,Cases,2021-05-17,424.987204249957,714.049836956522,0.595178630754081,,3,invscore_mean
weighted.mean_ensemble,PT,Deaths,2021-05-17,2.89629599027146,3.7345652173913,0.775537665478124,,3,invscore_mean
weighted.mean_ensemble,PT,Cases,2021-05-24,911.96189282885,899.303043478261,1.01407628879096,,3,invscore_mean
weighted.mean_ensemble,PT,Deaths,2021-05-24,2.78363125935616,2.51576086956522,1.10647688857536,,3,invscore_mean
weighted.mean_ensemble,PT,Cases,2021-05-31,1052.27497030148,1115.20875,0.943567713489941,,3,invscore_mean
weighted.mean_ensemble,PT,Deaths,2021-05-31,2.42608360901421,2.73336956521739,0.887579798899698,,3,invscore_mean
weighted.mean_ensemble,PT,Cases,2021-06-07,1486.01143177784,1807.64826086957,0.822068907953914,,3,invscore_mean
weighted.mean_ensemble,PT,Deaths,2021-06-07,3.55659017648786,3.67880434782609,0.966778833614663,,3,invscore_mean
weighted.mean_ensemble,PT,Cases,2021-06-14,3888.59909966877,3621.98668478261,1.0736094409199,,3,invscore_mean
weighted.mean_ensemble,PT,Deaths,2021-06-14,5.50585388069939,4.36173913043478,1.26230701012845,,3,invscore_mean
weighted.mean_ensemble,PT,Cases,2021-06-21,1613.99841813942,2000.26407608696,0.806892668540458,,3,invscore_mean
weighted.mean_ensemble,PT,Deaths,2021-06-21,5.81953395377779,6.98,0.833744119452406,,3,invscore_mean
weighted.mean_ensemble,PT,Cases,2021-06-28,1873.19569167238,1969.02233695652,0.951332880544025,,3,invscore_mean
weighted.mean_ensemble,PT,Deaths,2021-06-28,5.49568873948137,6.78217391304348,0.810313744522544,,3,invscore_mean
weighted.mean_ensemble,PT,Cases,2021-07-05,6739.21943416196,5000.86413043478,1.3476109844992,,3,invscore_mean
weighted.mean_ensemble,PT,Deaths,2021-07-05,11.0879814841381,11.0986956521739,0.999034646198837,,3,invscore_mean
weighted.mean_ensemble,PT,Cases,2021-07-12,10564.0973702973,4554.09217391304,2.31969335860416,,3,invscore_mean
weighted.mean_ensemble,PT,Deaths,2021-07-12,16.8721609490716,14.0263043478261,1.20289425715239,,3,invscore_mean
weighted.mean_ensemble,PT,Cases,2021-07-19,10123.6444003563,6963.20108695652,1.45387793256752,,3,invscore_mean
weighted.mean_ensemble,PT,Deaths,2021-07-19,10.85903035108,9.68260869565217,1.12149841973435,,3,invscore_mean
weighted.mean_ensemble,PT,Cases,2021-07-26,3299.09210563433,4804.12347826087,0.686720922258356,,3,invscore_mean
weighted.mean_ensemble,PT,Deaths,2021-07-26,11.8761464800606,12.6740217391304,0.937046402831513,,3,invscore_mean
weighted.mean_ensemble,PT,Cases,2021-08-02,2122.55597269254,2408.1885326087,0.881391113673838,,3,invscore_mean
weighted.mean_ensemble,PT,Deaths,2021-08-02,16.4675244462633,16.1303260869565,1.02090462136283,,3,invscore_mean
weighted.mean_ensemble,PT,Cases,2021-08-09,1190.10883674482,1478.62592391304,0.80487486219321,,3,invscore_mean
weighted.mean_ensemble,PT,Deaths,2021-08-09,6.08859818705364,6.66826086956522,0.913071384900787,,3,invscore_mean
weighted.mean_ensemble,PT,Cases,2021-08-16,2498.08868699193,1658.82130434783,1.50594200860837,,3,invscore_mean
weighted.mean_ensemble,PT,Deaths,2021-08-16,7.20946711619269,7.64788043478261,0.942675186631316,,3,invscore_mean
weighted.mean_ensemble,PT,Cases,2021-08-23,3039.48725325287,2638.96255434783,1.15177354382887,,3,invscore_mean
weighted.mean_ensemble,PT,Deaths,2021-08-23,6.92783111096099,7.58521739130435,0.913333231411801,,3,invscore_mean
weighted.mean_ensemble,PT,Cases,2021-08-30,3589.58531091683,2912.41472826087,1.23251172852718,,3,invscore_mean
weighted.mean_ensemble,PT,Deaths,2021-08-30,7.6428689936899,7.99217391304348,0.956294129337764,,3,invscore_mean
weighted.mean_ensemble,PT,Cases,2021-09-06,5526.16494323698,2460.0264673913,2.24638434443232,,3,invscore_mean
weighted.mean_ensemble,PT,Deaths,2021-09-06,7.3579053322158,8.51565217391304,0.864044841422258,,3,invscore_mean
weighted.mean_ensemble,PT,Cases,2021-09-13,717.213235608429,667.831684782609,1.07394310864705,,3,invscore_mean
weighted.mean_ensemble,PT,Deaths,2021-09-13,4.98727780707795,6.71804347826087,0.742370576078652,,3,invscore_mean
weighted.mean_ensemble,PT,Cases,2021-09-20,988.353997700236,645.188586956522,1.5318838827613,,3,invscore_mean
weighted.mean_ensemble,PT,Deaths,2021-09-20,11.1847896907975,10.386902173913,1.07681669698289,,3,invscore_mean
weighted.mean_ensemble,PT,Cases,2021-09-27,1596.57800954869,1045.42467391304,1.52720521084763,,3,invscore_mean
weighted.mean_ensemble,PT,Deaths,2021-09-27,14.8532369980242,11.2664673913043,1.31835796280635,,3,invscore_mean
weighted.mean_ensemble,PT,Cases,2021-10-04,1129.9276365884,1228.15288043478,0.920021973313609,,3,invscore_mean
weighted.mean_ensemble,PT,Deaths,2021-10-04,13.968660631556,10.208152173913,1.36838287611473,,3,invscore_mean
weighted.mean_ensemble,PT,Cases,2021-10-11,726.66957370826,1283.80918478261,0.566026152734924,,3,invscore_mean
weighted.mean_ensemble,PT,Deaths,2021-10-11,5.63281657538688,6.0345652173913,0.933425420468304,,3,invscore_mean
weighted.mean_ensemble,PT,Cases,2021-10-18,993.317300739184,1327.93293478261,0.748017670713014,,3,invscore_mean
weighted.mean_ensemble,PT,Deaths,2021-10-18,15.4959429199873,8.13141304347826,1.90568881904427,,3,invscore_mean
weighted.mean_ensemble,PT,Cases,2021-10-25,2087.41370434493,3021.43315217391,0.690868736527577,,3,invscore_mean
weighted.mean_ensemble,PT,Deaths,2021-10-25,7.95893295473336,8.81472826086957,0.90291302456421,,3,invscore_mean
weighted.mean_ensemble,PT,Cases,2021-11-01,3846.93979342129,4793.35184782609,0.802557357679883,,3,invscore_mean
weighted.mean_ensemble,PT,Deaths,2021-11-01,19.4239044880564,24.4611413043478,0.794071881045221,,3,invscore_mean
weighted.mean_ensemble,PT,Cases,2021-11-08,5483.51723041139,5851.62576086957,0.937092947242157,,3,invscore_mean
weighted.mean_ensemble,PT,Deaths,2021-11-08,26.2151784406313,22.0920652173913,1.18663321797521,,3,invscore_mean
weighted.mean_ensemble,PT,Cases,2021-11-15,2738.654071419,2895.45619565217,0.94584545106618,,3,invscore_mean
weighted.mean_ensemble,PT,Deaths,2021-11-15,21.0010530427694,19.7083695652174,1.06559058441006,,3,invscore_mean
weighted.mean_ensemble,PT,Cases,2021-11-22,2203.4511678458,1879.11744565217,1.17259896285038,,3,invscore_mean
weighted.mean_ensemble,PT,Deaths,2021-11-22,20.0373474737208,11.5236956521739,1.73879526833397,,3,invscore_mean
weighted.mean_ensemble,PT,Cases,2021-11-29,3856.17059776371,4132.38043478261,0.933159630053899,,3,invscore_mean
weighted.mean_ensemble,PT,Deaths,2021-11-29,44.704964076318,37.171847826087,1.20265649115631,,3,invscore_mean
weighted.mean_ensemble,PT,Cases,2021-12-06,17921.2593252688,25814.9215217391,0.694220949313252,,3,invscore_mean
weighted.mean_ensemble,PT,Deaths,2021-12-06,25.3013944616579,23.1160869565217,1.09453622099824,,3,invscore_mean
weighted.mean_ensemble,PT,Cases,2021-12-13,57137.8434179748,69711.5260869565,0.819632657972547,,3,invscore_mean
weighted.mean_ensemble,PT,Deaths,2021-12-13,44.4727034134144,32.4411413043478,1.37087357673986,,3,invscore_mean
weighted.mean_ensemble,PT,Cases,2021-12-20,122054.719587289,119013.972608696,1.02554949567637,,3,invscore_mean
weighted.mean_ensemble,PT,Deaths,2021-12-20,15.6299950344105,15.6476086956522,0.998874354440719,,3,invscore_mean
weighted.mean_ensemble,PT,Cases,2021-12-27,63279.1520247386,92487.4363043478,0.684191870304485,,3,invscore_mean
weighted.mean_ensemble,PT,Deaths,2021-12-27,33.4178301830411,23.7675543478261,1.40602729645584,,3,invscore_mean
weighted.mean_ensemble,PT,Cases,2022-01-03,286194.488514067,41176.9970652174,6.9503487119467,,3,invscore_mean
weighted.mean_ensemble,PT,Deaths,2022-01-03,20.4688510792051,16.7098913043478,1.22495417273476,,3,invscore_mean
weighted.mean_ensemble,PT,Cases,2022-01-10,48087.09784833,165273.65826087,0.290954398627934,,3,invscore_mean
weighted.mean_ensemble,PT,Deaths,2022-01-10,172.123781849809,143.645,1.19825807963945,,3,invscore_mean
weighted.mean_ensemble,PT,Cases,2022-01-17,40109.7816232576,48783.8082608696,0.822194557029497,,3,invscore_mean
weighted.mean_ensemble,PT,Deaths,2022-01-17,18.358070703647,23.4513043478261,0.782816615714116,,3,invscore_mean
weighted.mean_ensemble,PT,Cases,2022-01-24,44035.7936824491,85909.935,0.51258092189744,,3,invscore_mean
weighted.mean_ensemble,PT,Deaths,2022-01-24,132.154620425582,54.7186956521739,2.41516393712378,,3,invscore_mean
weighted.mean_ensemble,PT,Cases,2022-01-31,153803.989293938,195086.22076087,0.788389813970852,,3,invscore_mean
weighted.mean_ensemble,PT,Deaths,2022-01-31,92.7496469194669,88.4806521739131,1.04824777666832,,3,invscore_mean
weighted.mean_ensemble,PT,Cases,2022-02-07,141864.547736826,61389.1370652174,2.31090636745903,,3,invscore_mean
weighted.mean_ensemble,PT,Deaths,2022-02-07,93.47309863581,64.3440217391304,1.45270836527405,,3,invscore_mean
weighted.mean_ensemble,PT,Cases,2022-02-14,17922.6282330148,15257.87375,1.17464782620939,,3,invscore_mean
weighted.mean_ensemble,PT,Deaths,2022-02-14,130.555281848287,80.3861956521739,1.62410076492725,,3,invscore_mean
weighted.mean_ensemble,PT,Cases,2022-02-21,22640.6477954015,26431.64375,0.856573583146961,,3,invscore_mean
weighted.mean_ensemble,PT,Deaths,2022-02-21,55.3583546498685,44.1616304347826,1.25353964753682,,3,invscore_mean
weighted.mean_ensemble,PT,Cases,2022-02-28,26084.757847118,29561.8763043478,0.882378289475542,,3,invscore_mean
weighted.mean_ensemble,PT,Deaths,2022-02-28,14.9689975215612,20.9458695652174,0.714651519954974,,3,invscore_mean
weighted.mean_ensemble,PT,Cases,2022-03-07,13155.2519104908,13980.7447826087,0.940955014560831,,3,invscore_mean
weighted.mean_ensemble,PT,Deaths,2022-03-07,18.3083984374538,25.5975543478261,0.715240143205661,,3,invscore_mean
weighted.mean_ensemble,RO,Cases,2021-04-12,4787.01865819025,5699.83869565217,0.839851601737743,,3,invscore_mean
weighted.mean_ensemble,RO,Deaths,2021-04-12,82.5339170357456,90.7752173913044,0.909212000891907,,3,invscore_mean
weighted.mean_ensemble,RO,Cases,2021-04-19,1428.4346201849,1581.50472826087,0.903212361404514,,3,invscore_mean
weighted.mean_ensemble,RO,Deaths,2021-04-19,61.2216010251956,110.113695652174,0.555985344625811,,3,invscore_mean
weighted.mean_ensemble,RO,Cases,2021-04-26,1175.81713143781,1006.96717391304,1.16768169002831,,3,invscore_mean
weighted.mean_ensemble,RO,Deaths,2021-04-26,196.400724411133,60.9139130434783,3.22423424466179,,3,invscore_mean
weighted.mean_ensemble,RO,Cases,2021-05-03,361.99187591521,1166.47054347826,0.310330919146743,,3,invscore_mean
weighted.mean_ensemble,RO,Deaths,2021-05-03,59.7041859680343,31.4199456521739,1.90020016676583,,3,invscore_mean
weighted.mean_ensemble,RO,Cases,2021-05-10,2542.29516881994,2192.21445652174,1.15969273045195,,3,invscore_mean
weighted.mean_ensemble,RO,Deaths,2021-05-10,63.7076703084354,50.8116304347826,1.25380094602957,,3,invscore_mean
weighted.mean_ensemble,RO,Cases,2021-05-17,577.148389582855,885.584565217391,0.651714598753398,,3,invscore_mean
weighted.mean_ensemble,RO,Deaths,2021-05-17,240.09684067362,252.014782608696,0.9527093537462,,3,invscore_mean
weighted.mean_ensemble,RO,Cases,2021-05-24,244.196045660826,754.06472826087,0.323839634064341,,3,invscore_mean
weighted.mean_ensemble,RO,Deaths,2021-05-24,396.57087291003,335.4975,1.1820382354862,,3,invscore_mean
weighted.mean_ensemble,RO,Cases,2021-05-31,104.965162358098,110.5875,0.949159374776519,,3,invscore_mean
weighted.mean_ensemble,RO,Deaths,2021-05-31,523.054137558759,505.236413043478,1.03526611316067,,3,invscore_mean
weighted.mean_ensemble,RO,Cases,2021-06-07,110.577277771107,99.6111413043478,1.1100894570945,,3,invscore_mean
weighted.mean_ensemble,RO,Deaths,2021-06-07,191.479097627091,357.615652173913,0.535432653641156,,3,invscore_mean
weighted.mean_ensemble,RO,Cases,2021-06-14,72.4957839541889,68.6911956521739,1.05538684056804,,3,invscore_mean
weighted.mean_ensemble,RO,Deaths,2021-06-14,194.080929416978,135.460543478261,1.43274878745872,,3,invscore_mean
weighted.mean_ensemble,RO,Cases,2021-06-21,82.5717926383857,80.979402173913,1.01966414201296,,3,invscore_mean
weighted.mean_ensemble,RO,Deaths,2021-06-21,173.231467772339,197.821086956522,0.875697684395055,,3,invscore_mean
weighted.mean_ensemble,RO,Cases,2021-06-28,149.67136353398,118.5425,1.2625966512768,,3,invscore_mean
weighted.mean_ensemble,RO,Deaths,2021-06-28,483.694512289631,343.826630434783,1.40679769824106,,3,invscore_mean
weighted.mean_ensemble,RO,Cases,2021-07-05,309.282860298053,238.877065217391,1.29473652071449,,3,invscore_mean
weighted.mean_ensemble,RO,Deaths,2021-07-05,312.865199566165,225.187065217391,1.38935688541494,,3,invscore_mean
weighted.mean_ensemble,RO,Cases,2021-07-12,608.323591273939,583.55,1.04245324526423,,3,invscore_mean
weighted.mean_ensemble,RO,Deaths,2021-07-12,127.578564815818,102.934565217391,1.23941422928615,,3,invscore_mean
weighted.mean_ensemble,RO,Cases,2021-07-19,606.80163241658,477.325597826087,1.27125307165627,,3,invscore_mean
weighted.mean_ensemble,RO,Deaths,2021-07-19,14.8596160209856,15.8292391304348,0.938744806275316,,3,invscore_mean
weighted.mean_ensemble,RO,Cases,2021-07-26,427.21120219936,408.531467391304,1.04572410279026,,3,invscore_mean
weighted.mean_ensemble,RO,Deaths,2021-07-26,7.25257756839107,11.6359782608696,0.623289026998327,,3,invscore_mean
weighted.mean_ensemble,RO,Cases,2021-08-02,713.762043079411,694.458913043478,1.02779592812962,,3,invscore_mean
weighted.mean_ensemble,RO,Deaths,2021-08-02,9.7092025056054,16.2985869565217,0.595708237254294,,3,invscore_mean
weighted.mean_ensemble,RO,Cases,2021-08-09,798.957422768481,987.274076086956,0.80925595244548,,3,invscore_mean
weighted.mean_ensemble,RO,Deaths,2021-08-09,18.3208186602045,29.9930434782609,0.610835598377454,,3,invscore_mean
weighted.mean_ensemble,RO,Cases,2021-08-16,1332.44385786667,1302.44809782609,1.02303029202519,,3,invscore_mean
weighted.mean_ensemble,RO,Deaths,2021-08-16,55.5402097871728,65.6048913043478,0.846586415782873,,3,invscore_mean
weighted.mean_ensemble,RO,Cases,2021-08-23,2117.52989673993,1935.11538043478,1.09426544698547,,3,invscore_mean
weighted.mean_ensemble,RO,Deaths,2021-08-23,47.7006786627163,80.7349456521739,0.59083062826626,,3,invscore_mean
weighted.mean_ensemble,RO,Cases,2021-08-30,2748.50899916586,3657.45869565217,0.75148053002845,,3,invscore_mean
weighted.mean_ensemble,RO,Deaths,2021-08-30,61.6933285664137,43.9620652173913,1.40333099142048,,3,invscore_mean
weighted.mean_ensemble,RO,Cases,2021-09-06,5266.93527635792,6258.47619565217,0.841568316584301,,3,invscore_mean
weighted.mean_ensemble,RO,Deaths,2021-09-06,86.6326969203562,78.5373913043478,1.10307581499158,,3,invscore_mean
weighted.mean_ensemble,RO,Cases,2021-09-13,6076.37373530759,9190.71440217391,0.661142700057171,,3,invscore_mean
weighted.mean_ensemble,RO,Deaths,2021-09-13,95.5536284406234,184.910434782609,0.516756280157806,,3,invscore_mean
weighted.mean_ensemble,RO,Cases,2021-09-20,38316.8111000554,6351.94989130435,6.03229114771672,,3,invscore_mean
weighted.mean_ensemble,RO,Deaths,2021-09-20,419.927244241561,100.102880434783,4.1949566527723,,3,invscore_mean
weighted.mean_ensemble,RO,Cases,2021-09-27,34755.643592336,13336.5095652174,2.606052462406,,3,invscore_mean
weighted.mean_ensemble,RO,Deaths,2021-09-27,304.698571057954,169.103913043478,1.80184222573024,,3,invscore_mean
weighted.mean_ensemble,RO,Cases,2021-10-04,98556.9186387497,55424.1111956522,1.77823182929961,,3,invscore_mean
weighted.mean_ensemble,RO,Deaths,2021-10-04,802.522275935095,187.579782608696,4.27829835803367,,3,invscore_mean
weighted.mean_ensemble,RO,Cases,2021-10-11,66502.6488104825,44696.3691847826,1.48787586158394,,3,invscore_mean
weighted.mean_ensemble,RO,Deaths,2021-10-11,970.423926140866,347.01847826087,2.79646182244899,,3,invscore_mean
weighted.mean_ensemble,RO,Cases,2021-10-18,49619.4416696776,38239.9257065217,1.29758206254086,,3,invscore_mean
weighted.mean_ensemble,RO,Deaths,2021-10-18,883.60932892977,401.00347826087,2.20349542293732,,3,invscore_mean
weighted.mean_ensemble,RO,Cases,2021-10-25,45483.6097020256,46999.8777173913,0.967738894460896,,3,invscore_mean
weighted.mean_ensemble,RO,Deaths,2021-10-25,917.913656078571,496.488423913043,1.84881179876077,,3,invscore_mean
weighted.mean_ensemble,RO,Cases,2021-11-01,28551.2595546812,32361.7741304348,0.882252605793638,,3,invscore_mean
weighted.mean_ensemble,RO,Deaths,2021-11-01,786.723429431077,510.078260869565,1.54235828064873,,3,invscore_mean
weighted.mean_ensemble,RO,Cases,2021-11-08,7525.42911827709,5871.8752173913,1.28160576300877,,3,invscore_mean
weighted.mean_ensemble,RO,Deaths,2021-11-08,538.932907313735,590.696956521739,0.912367841688551,,3,invscore_mean
weighted.mean_ensemble,RO,Cases,2021-11-15,1437.37340393946,2276.93869565217,0.631274529562053,,3,invscore_mean
weighted.mean_ensemble,RO,Deaths,2021-11-15,558.550538378282,141.287282608696,3.95329663127023,,3,invscore_mean
weighted.mean_ensemble,RO,Cases,2021-11-22,1816.10082116364,1560.81168478261,1.16356177934213,,3,invscore_mean
weighted.mean_ensemble,RO,Deaths,2021-11-22,331.539816991604,144.039239130435,2.30173263197661,,3,invscore_mean
weighted.mean_ensemble,RO,Cases,2021-11-29,1189.85037409873,879.955,1.35217184299053,,3,invscore_mean
weighted.mean_ensemble,RO,Deaths,2021-11-29,78.8076854437811,80.9910869565218,0.973041459316224,,3,invscore_mean
weighted.mean_ensemble,RO,Cases,2021-12-06,782.459500346273,1377.70065217391,0.567945946103465,,3,invscore_mean
weighted.mean_ensemble,RO,Deaths,2021-12-06,58.6874352342837,65.0569565217391,0.902093156089663,,3,invscore_mean
weighted.mean_ensemble,RO,Cases,2021-12-13,5765.32551593114,7131.60010869565,0.808419629264043,,3,invscore_mean
weighted.mean_ensemble,RO,Deaths,2021-12-13,59.3654138017962,57.5959782608696,1.03072151206309,,3,invscore_mean
weighted.mean_ensemble,RO,Cases,2021-12-20,17661.5824326024,18707.4048913044,0.944095802449434,,3,invscore_mean
weighted.mean_ensemble,RO,Deaths,2021-12-20,113.346286598846,43.7870652173913,2.588579207949,,3,invscore_mean
weighted.mean_ensemble,RO,Cases,2021-12-27,44824.288114171,45110.9159782609,0.993646152868454,,3,invscore_mean
weighted.mean_ensemble,RO,Deaths,2021-12-27,67.1864217881765,38.4276630434783,1.74838687723892,,3,invscore_mean
weighted.mean_ensemble,RO,Cases,2022-01-03,49041.005220211,79023.4772826087,0.620587791205738,,3,invscore_mean
weighted.mean_ensemble,RO,Deaths,2022-01-03,77.6560135514328,46.9605434782609,1.65364384224773,,3,invscore_mean
weighted.mean_ensemble,RO,Cases,2022-01-10,68045.2923360089,15313.7945652174,4.4433985349759,,3,invscore_mean
weighted.mean_ensemble,RO,Deaths,2022-01-10,239.426680676654,108.824130434783,2.20012491457619,,3,invscore_mean
weighted.mean_ensemble,RO,Cases,2022-01-17,156810.302338728,59000.1938043478,2.65779300418455,,3,invscore_mean
weighted.mean_ensemble,RO,Deaths,2022-01-17,941.53357681746,84.1405434782609,11.1900106404794,,3,invscore_mean
weighted.mean_ensemble,RO,Cases,2022-01-24,207185.475306929,120621.811413043,1.71764519932027,,3,invscore_mean
weighted.mean_ensemble,RO,Deaths,2022-01-24,68.3888407114916,64.6047826086956,1.05857241445599,,3,invscore_mean
weighted.mean_ensemble,RO,Cases,2022-01-31,268555.263456624,183050.173152174,1.46711286218433,,3,invscore_mean
weighted.mean_ensemble,RO,Deaths,2022-01-31,154.908370216719,84.7549456521739,1.82772071912415,,3,invscore_mean
weighted.mean_ensemble,RO,Cases,2022-02-07,154075.063013662,142550.650326087,1.08084433610939,,3,invscore_mean
weighted.mean_ensemble,RO,Deaths,2022-02-07,86.8504777460389,124.226358695652,0.699130833890236,,3,invscore_mean
weighted.mean_ensemble,RO,Cases,2022-02-14,34764.0534771659,26941.0743478261,1.29037368845579,,3,invscore_mean
weighted.mean_ensemble,RO,Deaths,2022-02-14,487.503751275049,193.938097826087,2.5137080168344,,3,invscore_mean
weighted.mean_ensemble,RO,Cases,2022-02-21,10579.4672822613,5983.71880434783,1.76804218717198,,3,invscore_mean
weighted.mean_ensemble,RO,Deaths,2022-02-21,239.274314626964,153.046304347826,1.56341125417291,,3,invscore_mean
weighted.mean_ensemble,RO,Cases,2022-02-28,5642.23361168299,4249.45847826087,1.32775355743495,,3,invscore_mean
weighted.mean_ensemble,RO,Deaths,2022-02-28,214.668889851563,125.801141304348,1.70641448579723,,3,invscore_mean
weighted.mean_ensemble,RO,Cases,2022-03-07,4989.13232644832,4806.07413043478,1.03808892477424,,3,invscore_mean
weighted.mean_ensemble,RO,Deaths,2022-03-07,30.3168697853921,43.3929347826087,0.698659123594072,,3,invscore_mean
weighted.mean_ensemble,SI,Cases,2021-04-12,1573.41868324741,1439.32673913043,1.09316296326016,,3,invscore_mean
weighted.mean_ensemble,SI,Deaths,2021-04-12,11.8016523468101,7.98315217391304,1.47831985282393,,3,invscore_mean
weighted.mean_ensemble,SI,Cases,2021-04-19,667.318209274836,375.746413043478,1.77598025186635,,3,invscore_mean
weighted.mean_ensemble,SI,Deaths,2021-04-19,5.32384099965961,5.52923913043478,0.962852369751094,,3,invscore_mean
weighted.mean_ensemble,SI,Cases,2021-04-26,610.514818395034,404.018152173913,1.51110739730385,,3,invscore_mean
weighted.mean_ensemble,SI,Deaths,2021-04-26,5.24872606084327,5.39608695652174,0.9726911562275,,3,invscore_mean
weighted.mean_ensemble,SI,Cases,2021-05-03,759.628331391249,681.882336956522,1.11401673019092,,3,invscore_mean
weighted.mean_ensemble,SI,Deaths,2021-05-03,12.5796440354555,8.47108695652174,1.48500943267625,,3,invscore_mean
weighted.mean_ensemble,SI,Cases,2021-05-10,860.246849035863,835.219782608696,1.02996464756737,,3,invscore_mean
weighted.mean_ensemble,SI,Deaths,2021-05-10,2.83394220616219,3.13608695652174,0.903655493438659,,3,invscore_mean
weighted.mean_ensemble,SI,Cases,2021-05-17,437.761994427597,614.715217391304,0.71213788440987,,3,invscore_mean
weighted.mean_ensemble,SI,Deaths,2021-05-17,3.24459357637389,2.97434782608696,1.09085882556058,,3,invscore_mean
weighted.mean_ensemble,SI,Cases,2021-05-24,204.366232699105,319.520054347826,0.639603774217671,,3,invscore_mean
weighted.mean_ensemble,SI,Deaths,2021-05-24,1.53445731103163,2.80934782608696,0.546196984504024,,3,invscore_mean
weighted.mean_ensemble,SI,Cases,2021-05-31,202.015698738901,240.626684782609,0.839539882791509,,3,invscore_mean
weighted.mean_ensemble,SI,Deaths,2021-05-31,1.38599044886919,2.23010869565217,0.62149008771246,,3,invscore_mean
weighted.mean_ensemble,SI,Cases,2021-06-07,316.33053178989,401.472989130435,0.787924817744382,,3,invscore_mean
weighted.mean_ensemble,SI,Deaths,2021-06-07,2.08336954593958,2.35130434782609,0.886048438546791,,3,invscore_mean
weighted.mean_ensemble,SI,Cases,2021-06-14,208.304321211771,273.871576086957,0.760591238375292,,3,invscore_mean
weighted.mean_ensemble,SI,Deaths,2021-06-14,1.74468809346068,2.42347826086957,0.71991076694646,,3,invscore_mean
weighted.mean_ensemble,SI,Cases,2021-06-21,97.1415000870525,90.7510326086957,1.07041757316318,,3,invscore_mean
weighted.mean_ensemble,SI,Deaths,2021-06-21,1.1875284380835,1.57782608695652,0.752635824632696,,3,invscore_mean
weighted.mean_ensemble,SI,Cases,2021-06-28,192.727259038285,155.759673913043,1.23733732998105,,3,invscore_mean
weighted.mean_ensemble,SI,Deaths,2021-06-28,1.15651119278092,1.11489130434783,1.03733089339811,,3,invscore_mean
weighted.mean_ensemble,SI,Cases,2021-07-05,228.165360072311,227.158586956522,1.00443202755079,,3,invscore_mean
weighted.mean_ensemble,SI,Deaths,2021-07-05,0.707094583218391,0.682391304347826,1.03620104581223,,3,invscore_mean
weighted.mean_ensemble,SI,Cases,2021-07-12,11006.7294064695,225.921086956522,48.7193539777351,,3,invscore_mean
weighted.mean_ensemble,SI,Deaths,2021-07-12,39.6830297654782,0.723967391304348,54.8132833634712,,3,invscore_mean
weighted.mean_ensemble,SI,Cases,2021-07-19,360.230039823941,315.031195652174,1.14347418539995,,3,invscore_mean
weighted.mean_ensemble,SI,Deaths,2021-07-19,0.508706397839063,0.562717391304348,0.904017550728101,,3,invscore_mean
weighted.mean_ensemble,SI,Cases,2021-07-26,326.031107963549,503.74097826087,0.647219745928053,,3,invscore_mean
weighted.mean_ensemble,SI,Deaths,2021-07-26,0.878153916795269,0.904673913043478,0.970685574254052,,3,invscore_mean
weighted.mean_ensemble,SI,Cases,2021-08-02,532.464528310732,703.07847826087,0.757332993078999,,3,invscore_mean
weighted.mean_ensemble,SI,Deaths,2021-08-02,1.53241689105187,1.52130434782609,1.0073046154385,,3,invscore_mean
weighted.mean_ensemble,SI,Cases,2021-08-09,808.681888475842,873.487717391305,0.925807967730781,,3,invscore_mean
weighted.mean_ensemble,SI,Deaths,2021-08-09,1.23614559847903,1.75782608695652,0.70322406047533,,3,invscore_mean
weighted.mean_ensemble,SI,Cases,2021-08-16,581.321010381746,668.077880434783,0.870139586126433,,3,invscore_mean
weighted.mean_ensemble,SI,Deaths,2021-08-16,2.86550047055503,3.18913043478261,0.898520938279013,,3,invscore_mean
weighted.mean_ensemble,SI,Cases,2021-08-23,512.219433850273,538.92597826087,0.950444874643491,,3,invscore_mean
weighted.mean_ensemble,SI,Deaths,2021-08-23,3.0419774122626,2.72614130434783,1.11585463578541,,3,invscore_mean
weighted.mean_ensemble,SI,Cases,2021-08-30,734.934783574112,729.97,1.00680135289685,,3,invscore_mean
weighted.mean_ensemble,SI,Deaths,2021-08-30,4.14947107044193,3.53152173913044,1.17498103564376,,3,invscore_mean
weighted.mean_ensemble,SI,Cases,2021-09-06,977.311324399607,946.173369565217,1.03290935449673,,3,invscore_mean
weighted.mean_ensemble,SI,Deaths,2021-09-06,6.1638174582247,4.88771739130435,1.26108303012581,,3,invscore_mean
weighted.mean_ensemble,SI,Cases,2021-09-13,2770.10984203935,2909.02298913043,0.952247490786379,,3,invscore_mean
weighted.mean_ensemble,SI,Deaths,2021-09-13,4.64051105916018,4.82195652173913,0.962370987427837,,3,invscore_mean
weighted.mean_ensemble,SI,Cases,2021-09-20,7047.63608700482,4031.8,1.74801232377718,,3,invscore_mean
weighted.mean_ensemble,SI,Deaths,2021-09-20,11.3967040816716,9.66489130434783,1.17918595489478,,3,invscore_mean
weighted.mean_ensemble,SI,Cases,2021-09-27,938.888778656131,1101.22326086957,0.852587129257287,,3,invscore_mean
weighted.mean_ensemble,SI,Deaths,2021-09-27,7.65032900702507,8.08288043478261,0.946485484816011,,3,invscore_mean
weighted.mean_ensemble,SI,Cases,2021-10-04,2226.39482210862,2707.69625,0.822246890547129,,3,invscore_mean
weighted.mean_ensemble,SI,Deaths,2021-10-04,6.68685383737639,6.22836956521739,1.073612245927,,3,invscore_mean
weighted.mean_ensemble,SI,Cases,2021-10-11,6349.90172898441,6807.1472826087,0.932828608719472,,3,invscore_mean
weighted.mean_ensemble,SI,Deaths,2021-10-11,81.4435420589193,13.2477173913043,6.14774150544439,,3,invscore_mean
weighted.mean_ensemble,SI,Cases,2021-10-18,3134.57033223394,7896.85793478261,0.396938929143877,,3,invscore_mean
weighted.mean_ensemble,SI,Deaths,2021-10-18,21.2373270342309,28.7695652173913,0.738187277901331,,3,invscore_mean
weighted.mean_ensemble,SI,Cases,2021-10-25,3560.20642376811,2647.17195652174,1.3449093909434,,3,invscore_mean
weighted.mean_ensemble,SI,Deaths,2021-10-25,14.3287015635451,21.9302173913044,0.653377087325481,,3,invscore_mean
weighted.mean_ensemble,SI,Cases,2021-11-01,4269.75918809988,4300.89652173913,0.9927602690551,,3,invscore_mean
weighted.mean_ensemble,SI,Deaths,2021-11-01,8.83032028638715,10.4708695652174,0.84332253700496,,3,invscore_mean
weighted.mean_ensemble,SI,Cases,2021-11-08,8844.08131461907,6044.06815217391,1.46326631201835,,3,invscore_mean
weighted.mean_ensemble,SI,Deaths,2021-11-08,11.4508366137593,14.519347826087,0.788660534269007,,3,invscore_mean
weighted.mean_ensemble,SI,Cases,2021-11-15,9393.97191041144,8988.87277173913,1.04506673405657,,3,invscore_mean
weighted.mean_ensemble,SI,Deaths,2021-11-15,30.8429447680899,19.835,1.55497578866095,,3,invscore_mean
weighted.mean_ensemble,SI,Cases,2021-11-22,6665.28016606084,6191.02532608696,1.07660360198747,,3,invscore_mean
weighted.mean_ensemble,SI,Deaths,2021-11-22,26.8820799972581,25.9060869565217,1.03767427486731,,3,invscore_mean
weighted.mean_ensemble,SI,Cases,2021-11-29,619.764676785247,821.322880434783,0.754593219730056,,3,invscore_mean
weighted.mean_ensemble,SI,Deaths,2021-11-29,12.3201863946075,20.1565217391304,0.611225813364912,,3,invscore_mean
weighted.mean_ensemble,SI,Cases,2021-12-06,1494.73020698769,1314.03733695652,1.13750969241839,,3,invscore_mean
weighted.mean_ensemble,SI,Deaths,2021-12-06,20.6961902369858,8.07347826086956,2.56347878426773,,3,invscore_mean
weighted.mean_ensemble,SI,Cases,2021-12-13,4508.89898482301,4668.66239130435,0.965779618852092,,3,invscore_mean
weighted.mean_ensemble,SI,Deaths,2021-12-13,7.63492102981138,7.57652173913044,1.00770792887445,,3,invscore_mean
weighted.mean_ensemble,SI,Cases,2021-12-20,11684.0651585393,12427.27625,0.940195174187044,,3,invscore_mean
weighted.mean_ensemble,SI,Deaths,2021-12-20,5.41991944947152,7.2295652173913,0.749688160559567,,3,invscore_mean
weighted.mean_ensemble,SI,Cases,2021-12-27,25357.1890596816,26201.7459782609,0.967767151117334,,3,invscore_mean
weighted.mean_ensemble,SI,Deaths,2021-12-27,3.96467937622113,7.76141304347826,0.510819274017707,,3,invscore_mean
weighted.mean_ensemble,SI,Cases,2022-01-03,40486.725104031,40277.1581521739,1.00520312160717,,3,invscore_mean
weighted.mean_ensemble,SI,Deaths,2022-01-03,11.7041209248867,10.8342934782609,1.08028464877485,,3,invscore_mean
weighted.mean_ensemble,SI,Cases,2022-01-10,24931.0158922796,41912.1390217391,0.594839978922294,,3,invscore_mean
weighted.mean_ensemble,SI,Deaths,2022-01-10,11.9933431516552,13.765597826087,0.871254797879306,,3,invscore_mean
weighted.mean_ensemble,SI,Cases,2022-01-17,41588.4493142345,14985.9320108696,2.77516602131049,,3,invscore_mean
weighted.mean_ensemble,SI,Deaths,2022-01-17,15.499529792132,26.2125,0.591302996361736,,3,invscore_mean
weighted.mean_ensemble,SI,Cases,2022-01-24,49525.3974084727,20818.6870652174,2.37889148596776,,3,invscore_mean
weighted.mean_ensemble,SI,Deaths,2022-01-24,24.27435614459,17.3244565217391,1.40116119164431,,3,invscore_mean
weighted.mean_ensemble,SI,Cases,2022-01-31,87804.228425068,56990.1919565217,1.54069016809164,,3,invscore_mean
weighted.mean_ensemble,SI,Deaths,2022-01-31,6.70463095055012,15.3032608695652,0.438117797748853,,3,invscore_mean
weighted.mean_ensemble,SI,Cases,2022-02-07,59741.3469119161,43113.4105434783,1.38567898384353,,3,invscore_mean
weighted.mean_ensemble,SI,Deaths,2022-02-07,29.511907329286,17.7425,1.66334548847603,,3,invscore_mean
weighted.mean_ensemble,SI,Cases,2022-02-14,16081.2120538055,2306.58793478261,6.97186168855998,,3,invscore_mean
weighted.mean_ensemble,SI,Deaths,2022-02-14,20.3448718041702,11.395652173913,1.78531877716869,,3,invscore_mean
weighted.mean_ensemble,SI,Cases,2022-02-21,4185.83677127197,3400.68913043478,1.23087898091314,,3,invscore_mean
weighted.mean_ensemble,SI,Deaths,2022-02-21,20.257205274534,18.1311956521739,1.11725700075964,,3,invscore_mean
weighted.mean_ensemble,SI,Cases,2022-02-28,9878.0340571452,9289.89527173913,1.06330951729835,,3,invscore_mean
weighted.mean_ensemble,SI,Deaths,2022-02-28,10.4170315179323,8.60304347826087,1.2108542220268,,3,invscore_mean
weighted.mean_ensemble,SI,Cases,2022-03-07,5154.49134009925,9797.19902173913,0.526118876289221,,3,invscore_mean
weighted.mean_ensemble,SI,Deaths,2022-03-07,3.40015987111218,4.62489130434783,0.735186980051988,,3,invscore_mean
weighted.mean_ensemble,SK,Cases,2021-04-12,2969.45959424787,3490.32711956522,0.850768278309046,,3,invscore_mean
weighted.mean_ensemble,SK,Deaths,2021-04-12,61.2123304719483,45.5567391304348,1.34365039378015,,3,invscore_mean
weighted.mean_ensemble,SK,Cases,2021-04-19,1791.76928827504,2624.95614130435,0.682590181253355,,3,invscore_mean
weighted.mean_ensemble,SK,Deaths,2021-04-19,68.607796149257,36.0565217391304,1.90278465143243,,3,invscore_mean
weighted.mean_ensemble,SK,Cases,2021-04-26,1124.26289888903,1376.19847826087,0.816933688452978,,3,invscore_mean
weighted.mean_ensemble,SK,Deaths,2021-04-26,45.0848326678127,38.4052717391304,1.17392302218439,,3,invscore_mean
weighted.mean_ensemble,SK,Cases,2021-05-03,802.285606296391,1022.33173913044,0.78476053866702,,3,invscore_mean
weighted.mean_ensemble,SK,Deaths,2021-05-03,35.4066367941143,34.6267391304348,1.02252298897513,,3,invscore_mean
weighted.mean_ensemble,SK,Cases,2021-05-10,521.034024384178,652.131195652174,0.798971170000708,,3,invscore_mean
weighted.mean_ensemble,SK,Deaths,2021-05-10,38.2880151479787,43.0551086956522,0.88927925878968,,3,invscore_mean
weighted.mean_ensemble,SK,Cases,2021-05-17,304.364186441894,444.585652173913,0.684601909561473,,3,invscore_mean
weighted.mean_ensemble,SK,Deaths,2021-05-17,37.7791190526377,54.0177173913044,0.69938384806166,,3,invscore_mean
weighted.mean_ensemble,SK,Cases,2021-05-24,270.627817442817,395.760108695652,0.683817826750536,,3,invscore_mean
weighted.mean_ensemble,SK,Deaths,2021-05-24,10.1989180377671,11.5613043478261,0.882159809216064,,3,invscore_mean
weighted.mean_ensemble,SK,Cases,2021-05-31,278.009455324074,379.738695652174,0.732107258246656,,3,invscore_mean
weighted.mean_ensemble,SK,Deaths,2021-05-31,6.48625679520354,9.29152173913043,0.698083368614124,,3,invscore_mean
weighted.mean_ensemble,SK,Cases,2021-06-07,158.801793115827,187.74347826087,0.845844524597397,,3,invscore_mean
weighted.mean_ensemble,SK,Deaths,2021-06-07,4.95023532028088,6.42097826086957,0.770947216944866,,3,invscore_mean
weighted.mean_ensemble,SK,Cases,2021-06-14,97.812742265422,84.5435869565218,1.15695046527567,,3,invscore_mean
weighted.mean_ensemble,SK,Deaths,2021-06-14,4.67011523698047,5.43489130434783,0.859284017924048,,3,invscore_mean
weighted.mean_ensemble,SK,Cases,2021-06-21,64.1819110433399,79.8652717391304,0.803627279363449,,3,invscore_mean
weighted.mean_ensemble,SK,Deaths,2021-06-21,3.5345325335678,4.55108695652174,0.776634805560635,,3,invscore_mean
weighted.mean_ensemble,SK,Cases,2021-06-28,93.5774453328836,89.2352173913044,1.04866047361703,,3,invscore_mean
weighted.mean_ensemble,SK,Deaths,2021-06-28,3.69712226234641,3.83423913043478,0.964238832419191,,3,invscore_mean
weighted.mean_ensemble,SK,Cases,2021-07-05,129.162438260846,120.628858695652,1.07074243806554,,3,invscore_mean
weighted.mean_ensemble,SK,Deaths,2021-07-05,1.76775546383616,1.90978260869565,0.925631773892584,,3,invscore_mean
weighted.mean_ensemble,SK,Cases,2021-07-12,182.786757479198,191.760760869565,0.953202087071028,,3,invscore_mean
weighted.mean_ensemble,SK,Deaths,2021-07-12,1.59704785994569,1.64771739130435,0.969248651725073,,3,invscore_mean
weighted.mean_ensemble,SK,Cases,2021-07-19,230.861286082696,210.733967391304,1.09551055741298,,3,invscore_mean
weighted.mean_ensemble,SK,Deaths,2021-07-19,1.57427430167409,1.67152173913044,0.941821015437746,,3,invscore_mean
weighted.mean_ensemble,SK,Cases,2021-07-26,229.290216005699,182.200869565217,1.25844742976722,,3,invscore_mean
weighted.mean_ensemble,SK,Deaths,2021-07-26,1.65304632497649,1.84315217391304,0.896858299804428,,3,invscore_mean
weighted.mean_ensemble,SK,Cases,2021-08-02,151.806113651171,139.493097826087,1.08826971382079,,3,invscore_mean
weighted.mean_ensemble,SK,Deaths,2021-08-02,6.01067086688639,3.30597826086957,1.81812171544813,,3,invscore_mean
weighted.mean_ensemble,SK,Cases,2021-08-09,385.612447386891,432.989565217391,0.890581386628305,,3,invscore_mean
weighted.mean_ensemble,SK,Deaths,2021-08-09,3.07145069489419,2.09554347826087,1.46570602173487,,3,invscore_mean
weighted.mean_ensemble,SK,Cases,2021-08-16,559.768693542766,708.461739130435,0.790118453298304,,3,invscore_mean
weighted.mean_ensemble,SK,Deaths,2021-08-16,1.85385929118954,2.34701086956522,0.789880999372179,,3,invscore_mean
weighted.mean_ensemble,SK,Cases,2021-08-23,1384.50636860778,1483.5439673913,0.933242559061008,,3,invscore_mean
weighted.mean_ensemble,SK,Deaths,2021-08-23,2.35907801091403,2.21048913043478,1.06721991003413,,3,invscore_mean
weighted.mean_ensemble,SK,Cases,2021-08-30,2310.67905044485,2793.04858695652,0.827296403376466,,3,invscore_mean
weighted.mean_ensemble,SK,Deaths,2021-08-30,5.86537325653617,4.77641304347826,1.2279870277435,,3,invscore_mean
weighted.mean_ensemble,SK,Cases,2021-09-06,1781.30763627423,2362.23510869565,0.754077199901499,,3,invscore_mean
weighted.mean_ensemble,SK,Deaths,2021-09-06,18.5694446403374,13.3129347826087,1.39484230513887,,3,invscore_mean
weighted.mean_ensemble,SK,Cases,2021-09-13,2280.08858374637,1427.64820652174,1.5970941393899,,3,invscore_mean
weighted.mean_ensemble,SK,Deaths,2021-09-13,12.6023533434858,13.024347826087,0.967599569035161,,3,invscore_mean
weighted.mean_ensemble,SK,Cases,2021-09-20,2874.65144710942,1708.37945652174,1.68267736780341,,3,invscore_mean
weighted.mean_ensemble,SK,Deaths,2021-09-20,12.4751165949215,19.9250543478261,0.626102010922874,,3,invscore_mean
weighted.mean_ensemble,SK,Cases,2021-09-27,2640.16073401605,1589.99706521739,1.66048151394234,,3,invscore_mean
weighted.mean_ensemble,SK,Deaths,2021-09-27,16.7889660480242,14.8480434782609,1.13071907908979,,3,invscore_mean
weighted.mean_ensemble,SK,Cases,2021-10-04,3417.29891550852,2960.30179347826,1.15437517993505,,3,invscore_mean
weighted.mean_ensemble,SK,Deaths,2021-10-04,23.9757618276894,18.6429347826087,1.28605083412379,,3,invscore_mean
weighted.mean_ensemble,SK,Cases,2021-10-11,5722.29384489781,6667.90402173913,0.858184794838321,,3,invscore_mean
weighted.mean_ensemble,SK,Deaths,2021-10-11,35.2067742454411,23.7971739130435,1.47945190357851,,3,invscore_mean
weighted.mean_ensemble,SK,Cases,2021-10-18,15846.2369181392,16412.3474456522,0.96550703490847,,3,invscore_mean
weighted.mean_ensemble,SK,Deaths,2021-10-18,25.3362026521024,28.6372826086957,0.884727891200443,,3,invscore_mean
weighted.mean_ensemble,SK,Cases,2021-10-25,11694.7558822596,16101.4141304348,0.726318557334304,,3,invscore_mean
weighted.mean_ensemble,SK,Deaths,2021-10-25,92.0932422957469,69.2167934782609,1.33050431359076,,3,invscore_mean
weighted.mean_ensemble,SK,Cases,2021-11-01,6157.35636953307,6407.1177173913,0.961018142810099,,3,invscore_mean
weighted.mean_ensemble,SK,Deaths,2021-11-01,130.316023533414,99.846847826087,1.30515911489162,,3,invscore_mean
weighted.mean_ensemble,SK,Cases,2021-11-08,7937.42162760309,5982.43157608696,1.32678853517199,,3,invscore_mean
weighted.mean_ensemble,SK,Deaths,2021-11-08,76.2607447708912,32.8745652173913,2.31974915155829,,3,invscore_mean
weighted.mean_ensemble,SK,Cases,2021-11-15,11077.2339992183,9534.10222826087,1.16185391492691,,3,invscore_mean
weighted.mean_ensemble,SK,Deaths,2021-11-15,49.7989710301384,47.6454347826087,1.0451992149375,,3,invscore_mean
weighted.mean_ensemble,SK,Cases,2021-11-22,28593.3935648657,24637.5902717391,1.16055966713856,,3,invscore_mean
weighted.mean_ensemble,SK,Deaths,2021-11-22,51.6429074227543,32.4444565217391,1.5917328554464,,3,invscore_mean
weighted.mean_ensemble,SK,Cases,2021-11-29,42514.3421672577,30036.3383695652,1.41543025798164,,3,invscore_mean
weighted.mean_ensemble,SK,Deaths,2021-11-29,97.4879853320196,60.5783695652174,1.60928704472751,,3,invscore_mean
weighted.mean_ensemble,SK,Cases,2021-12-06,29095.1208177464,25027.2205434783,1.16253903493603,,3,invscore_mean
weighted.mean_ensemble,SK,Deaths,2021-12-06,119.359977529607,117.639945652174,1.01462115498182,,3,invscore_mean
weighted.mean_ensemble,SK,Cases,2021-12-13,8729.18045417827,3069.97282608696,2.84340642366683,,3,invscore_mean
weighted.mean_ensemble,SK,Deaths,2021-12-13,132.482938943394,52.2241304347826,2.53681464565194,,3,invscore_mean
weighted.mean_ensemble,SK,Cases,2021-12-20,2960.69229434319,1906.61380434783,1.55285369674322,,3,invscore_mean
weighted.mean_ensemble,SK,Deaths,2021-12-20,217.339961470314,163.3675,1.33037453269661,,3,invscore_mean
weighted.mean_ensemble,SK,Cases,2021-12-27,14414.423681452,11601.9727173913,1.24241144437832,,3,invscore_mean
weighted.mean_ensemble,SK,Deaths,2021-12-27,47.8929202742293,63.5401086956522,0.753743127882097,,3,invscore_mean
weighted.mean_ensemble,SK,Cases,2022-01-03,29208.4354916219,26654.0382065217,1.09583528264303,,3,invscore_mean
weighted.mean_ensemble,SK,Deaths,2022-01-03,69.3358891798864,56.3819565217391,1.22975315965051,,3,invscore_mean
weighted.mean_ensemble,SK,Cases,2022-01-10,57249.8339452445,54037.7963043478,1.05944057420118,,3,invscore_mean
weighted.mean_ensemble,SK,Deaths,2022-01-10,65.6123056107981,57.4613043478261,1.14185200554502,,3,invscore_mean
weighted.mean_ensemble,SK,Cases,2022-01-17,86684.9050678612,86366.2373913044,1.00368972513082,,3,invscore_mean
weighted.mean_ensemble,SK,Deaths,2022-01-17,32.7557233803702,39.1175,0.83736750509031,,3,invscore_mean
weighted.mean_ensemble,SK,Cases,2022-01-24,57882.3166783586,55944.0596739131,1.03464634164455,,3,invscore_mean
weighted.mean_ensemble,SK,Deaths,2022-01-24,243.557092824329,107.393695652174,2.26789004089365,,3,invscore_mean
weighted.mean_ensemble,SK,Cases,2022-01-31,251867.264033158,25858.5079347826,9.74020870300752,,3,invscore_mean
weighted.mean_ensemble,SK,Deaths,2022-01-31,290.570592871171,45.0053260869565,6.45636012746021,,3,invscore_mean
weighted.mean_ensemble,SK,Cases,2022-02-07,159236.015654474,79781.4094565217,1.99590376679485,,3,invscore_mean
weighted.mean_ensemble,SK,Deaths,2022-02-07,54.0196753537939,24.3534782608696,2.21815030999457,,3,invscore_mean
weighted.mean_ensemble,SK,Cases,2022-02-14,50582.3790212756,38656.4434782609,1.30851093556296,,3,invscore_mean
weighted.mean_ensemble,SK,Deaths,2022-02-14,40.9571213897939,39.0496739130435,1.04884669411063,,3,invscore_mean
weighted.mean_ensemble,SK,Cases,2022-02-21,34486.6901452717,20302.4113043478,1.69864995976543,,3,invscore_mean
weighted.mean_ensemble,SK,Deaths,2022-02-21,74.6345842893086,61.7035869565217,1.20956637969683,,3,invscore_mean
weighted.mean_ensemble,SK,Cases,2022-02-28,12909.6790125537,7880.50413043478,1.6381793345804,,3,invscore_mean
weighted.mean_ensemble,SK,Deaths,2022-02-28,54.2863765475348,34.5689130434783,1.57038135619877,,3,invscore_mean
weighted.mean_ensemble,SK,Cases,2022-03-07,7273.70278485064,7596.8972826087,0.957457039928928,,3,invscore_mean
weighted.mean_ensemble,SK,Deaths,2022-03-07,86.8526462539843,40.4628260869565,2.14647998306727,,3,invscore_mean
weighted.mean_ensemble,Average,Cases,2021-04-12,4805.25987280681,2558.71173913044,1.87799969778536,average,3,invscore_mean
weighted.mean_ensemble,Average,Deaths,2021-04-12,53.6572171131869,34.6456461352657,1.54874343817099,average,3,invscore_mean
weighted.mean_ensemble,Average,Cases,2021-04-19,2168.6237669829,2233.21402459954,0.971077444031266,average,3,invscore_mean
weighted.mean_ensemble,Average,Deaths,2021-04-19,42.9156151886749,34.6658605072464,1.23797922684493,average,3,invscore_mean
weighted.mean_ensemble,Average,Cases,2021-04-26,3144.79241454928,2995.58180778032,1.04981022597394,average,3,invscore_mean
weighted.mean_ensemble,Average,Deaths,2021-04-26,40.7836448315088,29.1292481884058,1.40009259997798,average,3,invscore_mean
weighted.mean_ensemble,Average,Cases,2021-05-03,2553.78680247415,2672.65729691076,0.955523480479892,average,3,invscore_mean
weighted.mean_ensemble,Average,Deaths,2021-05-03,29.5504603224683,27.3975120772947,1.07858188871674,average,3,invscore_mean
weighted.mean_ensemble,Average,Cases,2021-05-10,1825.47471347975,1677.51883009153,1.08819923850282,average,3,invscore_mean
weighted.mean_ensemble,Average,Deaths,2021-05-10,26.4553080283799,25.5505676328502,1.03540979631178,average,3,invscore_mean
weighted.mean_ensemble,Average,Cases,2021-05-17,1092.31685789479,1221.40098684211,0.894314700628286,average,3,invscore_mean
weighted.mean_ensemble,Average,Deaths,2021-05-17,32.271132534081,32.3674154589372,0.997025313158587,average,3,invscore_mean
weighted.mean_ensemble,Average,Cases,2021-05-24,1109.34029913236,1154.29530034325,0.96105415902021,average,3,invscore_mean
weighted.mean_ensemble,Average,Deaths,2021-05-24,34.8415763209806,32.4678985507246,1.07310845099961,average,3,invscore_mean
weighted.mean_ensemble,Average,Cases,2021-05-31,777.598524848699,757.317325514874,1.02678031869935,average,3,invscore_mean
weighted.mean_ensemble,Average,Deaths,2021-05-31,38.978026429826,38.3490972222222,1.01640010464808,average,3,invscore_mean
weighted.mean_ensemble,Average,Cases,2021-06-07,759.14958885019,849.270646453089,0.893884172284439,average,3,invscore_mean
weighted.mean_ensemble,Average,Deaths,2021-06-07,17.470903376957,27.1867632850242,0.642625353882448,average,3,invscore_mean
weighted.mean_ensemble,Average,Cases,2021-06-14,1486.93269009798,1502.55292906179,0.989604200516547,average,3,invscore_mean
weighted.mean_ensemble,Average,Deaths,2021-06-14,15.8213245404778,13.2335024154589,1.19555081064525,average,3,invscore_mean
weighted.mean_ensemble,Average,Cases,2021-06-21,4069.46077014916,4186.52386441648,0.972038116093808,average,3,invscore_mean
weighted.mean_ensemble,Average,Deaths,2021-06-21,14.165189504028,15.2533967391304,0.928658039011679,average,3,invscore_mean
weighted.mean_ensemble,Average,Cases,2021-06-28,6893.69030697282,6979.72994851259,0.987672926864727,average,3,invscore_mean
weighted.mean_ensemble,Average,Deaths,2021-06-28,30.5590394641532,22.6186745169082,1.35105350409943,average,3,invscore_mean
weighted.mean_ensemble,Average,Cases,2021-07-05,5263.96147070886,5311.38373569794,0.991071579959408,average,3,invscore_mean
weighted.mean_ensemble,Average,Deaths,2021-07-05,20.9888762026348,16.035018115942,1.30893997442807,average,3,invscore_mean
weighted.mean_ensemble,Average,Cases,2021-07-12,21415.8498437772,7030.51748569794,3.04612710050762,average,3,invscore_mean
weighted.mean_ensemble,Average,Deaths,2021-07-12,25.5569954771427,12.2437258454106,2.08735443767898,average,3,invscore_mean
weighted.mean_ensemble,Average,Cases,2021-07-19,21289.1404597991,13758.2142276888,1.54737672400493,average,3,invscore_mean
weighted.mean_ensemble,Average,Deaths,2021-07-19,17.9331321935272,13.2343870772947,1.3550406292932,average,3,invscore_mean
weighted.mean_ensemble,Average,Cases,2021-07-26,4380.9896686814,5447.62227688787,0.804202172251961,average,3,invscore_mean
weighted.mean_ensemble,Average,Deaths,2021-07-26,14.5255524771761,13.5121950483092,1.07499576680502,average,3,invscore_mean
weighted.mean_ensemble,Average,Cases,2021-08-02,2505.09947805765,3179.05433924485,0.788001465446076,average,3,invscore_mean
weighted.mean_ensemble,Average,Deaths,2021-08-02,10.1751782370927,12.8275120772947,0.793230844436568,average,3,invscore_mean
weighted.mean_ensemble,Average,Cases,2021-08-09,2788.75488833375,1757.955048627,1.58636302476097,average,3,invscore_mean
weighted.mean_ensemble,Average,Deaths,2021-08-09,12.7077152142205,12.416240942029,1.02347524291389,average,3,invscore_mean
weighted.mean_ensemble,Average,Cases,2021-08-16,2316.02882723494,2104.74614988558,1.10038392390495,average,3,invscore_mean
weighted.mean_ensemble,Average,Deaths,2021-08-16,17.8083171604411,14.5155102657005,1.22684747793685,average,3,invscore_mean
weighted.mean_ensemble,Average,Cases,2021-08-23,2079.60312842876,1803.23895881007,1.15325987067241,average,3,invscore_mean
weighted.mean_ensemble,Average,Deaths,2021-08-23,21.8463048673053,16.0490489130435,1.36122115308342,average,3,invscore_mean
weighted.mean_ensemble,Average,Cases,2021-08-30,2879.76966650294,2203.79157322654,1.30673413107153,average,3,invscore_mean
weighted.mean_ensemble,Average,Deaths,2021-08-30,21.6404258569844,15.8319565217391,1.36688259769218,average,3,invscore_mean
weighted.mean_ensemble,Average,Cases,2021-09-06,2797.34328275328,2378.01509153318,1.17633537848986,average,3,invscore_mean
weighted.mean_ensemble,Average,Deaths,2021-09-06,21.0298322769622,18.7567904589372,1.12118500886392,average,3,invscore_mean
weighted.mean_ensemble,Average,Cases,2021-09-13,2215.48852643104,2112.94088386728,1.04853313376949,average,3,invscore_mean
weighted.mean_ensemble,Average,Deaths,2021-09-13,19.3110687634933,23.3104830917874,0.828428509501667,average,3,invscore_mean
weighted.mean_ensemble,Average,Cases,2021-09-20,3750.28538957565,1770.04532608696,2.1187510479556,average,3,invscore_mean
weighted.mean_ensemble,Average,Deaths,2021-09-20,36.7631520280569,16.8708152173913,2.17909754533732,average,3,invscore_mean
weighted.mean_ensemble,Average,Cases,2021-09-27,3630.97680167366,2270.80146167048,1.59898470340185,average,3,invscore_mean
weighted.mean_ensemble,Average,Deaths,2021-09-27,36.7606212774525,25.8967059178744,1.41950954665936,average,3,invscore_mean
weighted.mean_ensemble,Average,Cases,2021-10-04,7713.81876682634,5423.07395881007,1.42240707492009,average,3,invscore_mean
weighted.mean_ensemble,Average,Deaths,2021-10-04,68.6069758179578,32.1949154589372,2.13098791656907,average,3,invscore_mean
weighted.mean_ensemble,Average,Cases,2021-10-11,8621.10870179879,7246.76447368421,1.18964935773825,average,3,invscore_mean
weighted.mean_ensemble,Average,Deaths,2021-10-11,87.7495418625845,49.1653109903382,1.78478565669662,average,3,invscore_mean
weighted.mean_ensemble,Average,Cases,2021-10-18,9913.99100798883,9680.15169908467,1.02415657483201,average,3,invscore_mean
weighted.mean_ensemble,Average,Deaths,2021-10-18,88.6643221988012,71.307059178744,1.24341577425803,average,3,invscore_mean
weighted.mean_ensemble,Average,Cases,2021-10-25,8119.50572688539,8308.2033895881,0.977287789687577,average,3,invscore_mean
weighted.mean_ensemble,Average,Deaths,2021-10-25,94.8746120593329,70.1338798309179,1.35276434567803,average,3,invscore_mean
weighted.mean_ensemble,Average,Cases,2021-11-01,8424.58965225563,8373.71498855835,1.00607551890252,average,3,invscore_mean
weighted.mean_ensemble,Average,Deaths,2021-11-01,103.340178494145,75.2728532608696,1.37287446957808,average,3,invscore_mean
weighted.mean_ensemble,Average,Cases,2021-11-08,8745.7819574542,7750.2558409611,1.12845074239119,average,3,invscore_mean
weighted.mean_ensemble,Average,Deaths,2021-11-08,84.2862723120256,78.8470471014493,1.06898451382178,average,3,invscore_mean
weighted.mean_ensemble,Average,Cases,2021-11-15,11655.2222547456,10211.3925514874,1.1413940063491,average,3,invscore_mean
weighted.mean_ensemble,Average,Deaths,2021-11-15,128.377604022411,85.7592149758454,1.49695404812846,average,3,invscore_mean
weighted.mean_ensemble,Average,Cases,2021-11-22,11327.8867826505,10852.8593278032,1.04376979747911,average,3,invscore_mean
weighted.mean_ensemble,Average,Deaths,2021-11-22,88.188466577444,59.3139130434783,1.48680911530487,average,3,invscore_mean
weighted.mean_ensemble,Average,Cases,2021-11-29,14359.1649180567,8882.02809210526,1.61665385080462,average,3,invscore_mean
weighted.mean_ensemble,Average,Deaths,2021-11-29,49.5338500449209,44.0099154589372,1.12551568273603,average,3,invscore_mean
weighted.mean_ensemble,Average,Cases,2021-12-06,22749.005654926,21626.3780606407,1.05191010677504,average,3,invscore_mean
weighted.mean_ensemble,Average,Deaths,2021-12-06,39.6375771113348,36.2189311594203,1.09438837211587,average,3,invscore_mean
weighted.mean_ensemble,Average,Cases,2021-12-13,46267.7096998143,48452.7363014874,0.954903958610774,average,3,invscore_mean
weighted.mean_ensemble,Average,Deaths,2021-12-13,42.6225236435467,29.4380314009662,1.44787275558609,average,3,invscore_mean
weighted.mean_ensemble,Average,Cases,2021-12-20,59485.4960922646,65901.2514731121,0.902645924964487,average,3,invscore_mean
weighted.mean_ensemble,Average,Deaths,2021-12-20,47.0345714819884,37.1256461352657,1.26690243479184,average,3,invscore_mean
weighted.mean_ensemble,Average,Cases,2021-12-27,48091.1519212548,67262.1401229977,0.71498099574759,average,3,invscore_mean
weighted.mean_ensemble,Average,Deaths,2021-12-27,68.0811386708063,51.0590730676329,1.33337983986952,average,3,invscore_mean
weighted.mean_ensemble,Average,Cases,2022-01-03,320213.157964479,58532.0625286041,5.47073081198862,average,3,invscore_mean
weighted.mean_ensemble,Average,Deaths,2022-01-03,63.8439584821357,57.9896648550725,1.10095408624441,average,3,invscore_mean
weighted.mean_ensemble,Average,Cases,2022-01-10,143703.898693354,114457.28423913,1.25552427395639,average,3,invscore_mean
weighted.mean_ensemble,Average,Deaths,2022-01-10,108.23982421355,59.65288647343,1.81449432898374,average,3,invscore_mean
weighted.mean_ensemble,Average,Cases,2022-01-17,77995.9002956423,71167.1715188787,1.09595335364638,average,3,invscore_mean
weighted.mean_ensemble,Average,Deaths,2022-01-17,149.763555701144,91.4123007246377,1.63833044911843,average,3,invscore_mean
weighted.mean_ensemble,Average,Cases,2022-01-24,69672.2508450678,63422.5783438215,1.09854018339283,average,3,invscore_mean
weighted.mean_ensemble,Average,Deaths,2022-01-24,176.318459171797,102.402949879227,1.72181035194538,average,3,invscore_mean
weighted.mean_ensemble,Average,Cases,2022-01-31,102480.910377058,79053.802597254,1.29634384444674,average,3,invscore_mean
weighted.mean_ensemble,Average,Deaths,2022-01-31,119.160066791579,78.189365942029,1.52399326117987,average,3,invscore_mean
weighted.mean_ensemble,Average,Cases,2022-02-07,51178.647194902,35574.2125629291,1.43864455479849,average,3,invscore_mean
weighted.mean_ensemble,Average,Deaths,2022-02-07,57.9329361362764,52.4838043478261,1.10382501528161,average,3,invscore_mean
weighted.mean_ensemble,Average,Cases,2022-02-14,20027.1331931694,17150.4400085812,1.16773290849382,average,3,invscore_mean
weighted.mean_ensemble,Average,Deaths,2022-02-14,75.3010884351889,50.1696769323672,1.50092831047529,average,3,invscore_mean
weighted.mean_ensemble,Average,Cases,2022-02-21,16839.1157080489,16184.2403518307,1.04046376857868,average,3,invscore_mean
weighted.mean_ensemble,Average,Deaths,2022-02-21,68.3573166969962,43.4697946859903,1.572524489494,average,3,invscore_mean
weighted.mean_ensemble,Average,Cases,2022-02-28,20401.8272563501,21010.4232665904,0.97103361495777,average,3,invscore_mean
weighted.mean_ensemble,Average,Deaths,2022-02-28,49.8777633679292,34.7134661835749,1.43684191904551,average,3,invscore_mean
weighted.mean_ensemble,Average,Cases,2022-03-07,21858.8373118854,20380.6624227689,1.07252830445124,average,3,invscore_mean
weighted.mean_ensemble,Average,Deaths,2022-03-07,38.8828732688272,32.6568146135266,1.19065113144017,average,3,invscore_mean
weighted.median_ensemble,AT,Cases,2021-04-12,1068.97059782609,1048.75070652174,1.01927997872002,,3,invscore_median
weighted.median_ensemble,AT,Deaths,2021-04-12,18.4923369565217,16.2261956521739,1.13965943422137,,3,invscore_median
weighted.median_ensemble,AT,Cases,2021-04-19,1308.36130434783,954.08347826087,1.37132791224175,,3,invscore_median
weighted.median_ensemble,AT,Deaths,2021-04-19,16.644402173913,15.3169565217391,1.08666510545289,,3,invscore_median
weighted.median_ensemble,AT,Cases,2021-04-26,2228.38532608696,2769.96809782609,0.80448050208081,,3,invscore_median
weighted.median_ensemble,AT,Deaths,2021-04-26,14.809347826087,15.7438043478261,0.940646078857798,,3,invscore_median
weighted.median_ensemble,AT,Cases,2021-05-03,2374.6747826087,3281.86923913044,0.723573856720108,,3,invscore_median
weighted.median_ensemble,AT,Deaths,2021-05-03,11.0444565217391,13.128152173913,0.841280355028606,,3,invscore_median
weighted.median_ensemble,AT,Cases,2021-05-10,1053.20826086957,1117.33956521739,0.942603568025134,,3,invscore_median
weighted.median_ensemble,AT,Deaths,2021-05-10,7.93407608695652,7.6179347826087,1.04149960761932,,3,invscore_median
weighted.median_ensemble,AT,Cases,2021-05-17,335.910760869565,399.315217391304,0.84121702915317,,3,invscore_median
weighted.median_ensemble,AT,Deaths,2021-05-17,10.740597826087,7.41173913043478,1.44913327858274,,3,invscore_median
weighted.median_ensemble,AT,Cases,2021-05-24,225.270326086957,235.29277173913,0.957404362326584,,3,invscore_median
weighted.median_ensemble,AT,Deaths,2021-05-24,11.85125,9.405,1.26010101010101,,3,invscore_median
weighted.median_ensemble,AT,Cases,2021-05-31,289.573152173913,364.743532608696,0.793908942271975,,3,invscore_median
weighted.median_ensemble,AT,Deaths,2021-05-31,10.6172826086957,8.32978260869565,1.27461701072631,,3,invscore_median
weighted.median_ensemble,AT,Cases,2021-06-07,159.871032608696,211.343804347826,0.756450055879483,,3,invscore_median
weighted.median_ensemble,AT,Deaths,2021-06-07,7.06978260869565,4.83065217391304,1.46352549390216,,3,invscore_median
weighted.median_ensemble,AT,Cases,2021-06-14,218.731141304348,201.443695652174,1.08581775466443,,3,invscore_median
weighted.median_ensemble,AT,Deaths,2021-06-14,11.0946195652174,7.41065217391304,1.49711783859896,,3,invscore_median
weighted.median_ensemble,AT,Cases,2021-06-21,448.579184782609,330.956630434783,1.35540171590853,,3,invscore_median
weighted.median_ensemble,AT,Deaths,2021-06-21,7.03413043478261,6.67989130434783,1.05303067285005,,3,invscore_median
weighted.median_ensemble,AT,Cases,2021-06-28,934.173315217391,746.572663043478,1.2512825093396,,3,invscore_median
weighted.median_ensemble,AT,Deaths,2021-06-28,3.66342391304348,3.70989130434783,0.987474729717852,,3,invscore_median
weighted.median_ensemble,AT,Cases,2021-07-05,1631.70744565217,1405.55173913043,1.16090173006485,,3,invscore_median
weighted.median_ensemble,AT,Deaths,2021-07-05,4.71739130434783,4.58576086956522,1.02870416459267,,3,invscore_median
weighted.median_ensemble,AT,Cases,2021-07-12,1938.53494565217,1344.12032608696,1.44223319001186,,3,invscore_median
weighted.median_ensemble,AT,Deaths,2021-07-12,5.0291847826087,4.30934782608696,1.16704081117893,,3,invscore_median
weighted.median_ensemble,AT,Cases,2021-07-19,511.124347826087,762.016086956522,0.670752700074231,,3,invscore_median
weighted.median_ensemble,AT,Deaths,2021-07-19,6.52070652173913,3.58826086956522,1.81723312734763,,3,invscore_median
weighted.median_ensemble,AT,Cases,2021-07-26,2089.3885326087,677.430326086957,3.08428550088337,,3,invscore_median
weighted.median_ensemble,AT,Deaths,2021-07-26,8.47711956521739,3.71239130434783,2.28346606546817,,3,invscore_median
weighted.median_ensemble,AT,Cases,2021-08-02,1994.665,876.92,2.27462596359987,,3,invscore_median
weighted.median_ensemble,AT,Deaths,2021-08-02,5.25048913043478,4.7675,1.10130867969267,,3,invscore_median
weighted.median_ensemble,AT,Cases,2021-08-09,2680.8397826087,1470.24788043478,1.82339306064221,,3,invscore_median
weighted.median_ensemble,AT,Deaths,2021-08-09,4.86646739130435,3.77086956521739,1.29054248818171,,3,invscore_median
weighted.median_ensemble,AT,Cases,2021-08-16,653.410108695652,1185.37293478261,0.551227457218335,,3,invscore_median
weighted.median_ensemble,AT,Deaths,2021-08-16,14.9374456521739,9.95918478260869,1.49986630213535,,3,invscore_median
weighted.median_ensemble,AT,Cases,2021-08-23,964.260760869565,1335.15760869565,0.722207441720364,,3,invscore_median
weighted.median_ensemble,AT,Deaths,2021-08-23,14.3241847826087,14.4385869565217,0.992076636428652,,3,invscore_median
weighted.median_ensemble,AT,Cases,2021-08-30,2044.81684782609,2077.74451086957,0.984152207900818,,3,invscore_median
weighted.median_ensemble,AT,Deaths,2021-08-30,29.8641304347826,18.0921739130435,1.65066567336345,,3,invscore_median
weighted.median_ensemble,AT,Cases,2021-09-06,2074.95375,2355.49494565217,0.880899258064636,,3,invscore_median
weighted.median_ensemble,AT,Deaths,2021-09-06,26.388152173913,23.4919565217391,1.12328456548495,,3,invscore_median
weighted.median_ensemble,AT,Cases,2021-09-13,3128.95983695652,3629.7464673913,0.86203261441709,,3,invscore_median
weighted.median_ensemble,AT,Deaths,2021-09-13,13.9521739130435,13.2271739130435,1.05481140603172,,3,invscore_median
weighted.median_ensemble,AT,Cases,2021-09-20,1183.91576086957,1661.08619565217,0.712735897732711,,3,invscore_median
weighted.median_ensemble,AT,Deaths,2021-09-20,12.6978260869565,7.61788043478261,1.66684502279391,,3,invscore_median
weighted.median_ensemble,AT,Cases,2021-09-27,1786.58684782609,1898.04,0.941279871776194,,3,invscore_median
weighted.median_ensemble,AT,Deaths,2021-09-27,12.7375543478261,9.13190217391304,1.39484130526642,,3,invscore_median
weighted.median_ensemble,AT,Cases,2021-10-04,4349.9172826087,4857.93076086957,0.895425953298286,,3,invscore_median
weighted.median_ensemble,AT,Deaths,2021-10-04,27.7515760869565,27.3665217391304,1.01407026992676,,3,invscore_median
weighted.median_ensemble,AT,Cases,2021-10-11,15491.0679347826,11285.2611413044,1.37268138865523,,3,invscore_median
weighted.median_ensemble,AT,Deaths,2021-10-11,55.331847826087,42.8075,1.29257368045522,,3,invscore_median
weighted.median_ensemble,AT,Cases,2021-10-18,23019.3061413044,20163.1324456522,1.14165327254338,,3,invscore_median
weighted.median_ensemble,AT,Deaths,2021-10-18,98.080652173913,69.8704347826087,1.40375042003211,,3,invscore_median
weighted.median_ensemble,AT,Cases,2021-10-25,16962.5201630435,14670.5231521739,1.15623144362987,,3,invscore_median
weighted.median_ensemble,AT,Deaths,2021-10-25,117.692445652174,93.5676086956522,1.25783321058244,,3,invscore_median
weighted.median_ensemble,AT,Cases,2021-11-01,19386.4714130435,20326.3686956522,0.95375970510612,,3,invscore_median
weighted.median_ensemble,AT,Deaths,2021-11-01,113.308043478261,110.673423913043,1.02380534975847,,3,invscore_median
weighted.median_ensemble,AT,Cases,2021-11-08,8335.93429347826,9518.19635869565,0.87578927554512,,3,invscore_median
weighted.median_ensemble,AT,Deaths,2021-11-08,97.2522826086957,77.5829347826087,1.25352673086164,,3,invscore_median
weighted.median_ensemble,AT,Cases,2021-11-15,24509.9538586957,50932.4777717391,0.481224455023381,,3,invscore_median
weighted.median_ensemble,AT,Deaths,2021-11-15,52.5907065217391,57.6082608695652,0.912902172846588,,3,invscore_median
weighted.median_ensemble,AT,Cases,2021-11-22,35350.7085326087,69380.9273913044,0.509516229629402,,3,invscore_median
weighted.median_ensemble,AT,Deaths,2021-11-22,139.70097826087,78.863097826087,1.77143660484839,,3,invscore_median
weighted.median_ensemble,AT,Cases,2021-11-29,17708.6314130435,17893.0683695652,0.989692267826157,,3,invscore_median
weighted.median_ensemble,AT,Deaths,2021-11-29,56.1804891304348,83.0380434782609,0.676563256757641,,3,invscore_median
weighted.median_ensemble,AT,Cases,2021-12-06,13034.1261956522,25848.6109782609,0.504248611525552,,3,invscore_median
weighted.median_ensemble,AT,Deaths,2021-12-06,31.65125,76.3744565217392,0.414421934262679,,3,invscore_median
weighted.median_ensemble,AT,Cases,2021-12-13,17237.8783152174,14024.970923913,1.22908478090505,,3,invscore_median
weighted.median_ensemble,AT,Deaths,2021-12-13,13.5316304347826,25.7005434782609,0.526511450865952,,3,invscore_median
weighted.median_ensemble,AT,Cases,2021-12-20,24999.21625,25915.8101086957,0.964631865457754,,3,invscore_median
weighted.median_ensemble,AT,Deaths,2021-12-20,8.62956521739131,20.969347826087,0.41153236089945,,3,invscore_median
weighted.median_ensemble,AT,Cases,2021-12-27,61831.4297826087,63055.139076087,0.980593028396914,,3,invscore_median
weighted.median_ensemble,AT,Deaths,2021-12-27,14.2736956521739,10.1801630434783,1.40210874729733,,3,invscore_median
weighted.median_ensemble,AT,Cases,2022-01-03,105619.33375,102943.59423913,1.02599228762748,,3,invscore_median
weighted.median_ensemble,AT,Deaths,2022-01-03,13.3132608695652,14.5113586956522,0.917437239943223,,3,invscore_median
weighted.median_ensemble,AT,Cases,2022-01-10,105432.799673913,74043.9059239131,1.42392271664133,,3,invscore_median
weighted.median_ensemble,AT,Deaths,2022-01-10,12.2164130434783,14.5152173913044,0.841627976636213,,3,invscore_median
weighted.median_ensemble,AT,Cases,2022-01-17,20596.0902173913,38825.4961956522,0.53047848026467,,3,invscore_median
weighted.median_ensemble,AT,Deaths,2022-01-17,17.6383152173913,7.89184782608696,2.23500447627574,,3,invscore_median
weighted.median_ensemble,AT,Cases,2022-01-24,29489.5494021739,42027.0492391304,0.701680225855991,,3,invscore_median
weighted.median_ensemble,AT,Deaths,2022-01-24,20.7927173913044,12.8170652173913,1.62226820560225,,3,invscore_median
weighted.median_ensemble,AT,Cases,2022-01-31,20399.0713586957,81599.6777173913,0.249989606936254,,3,invscore_median
weighted.median_ensemble,AT,Deaths,2022-01-31,33.0927173913044,16.2441304347826,2.03721076509241,,3,invscore_median
weighted.median_ensemble,AT,Cases,2022-02-07,26283.5539673913,24914.1818478261,1.05496355962757,,3,invscore_median
weighted.median_ensemble,AT,Deaths,2022-02-07,14.5542934782609,30.589347826087,0.475796135341231,,3,invscore_median
weighted.median_ensemble,AT,Cases,2022-02-14,21171.9538043478,21965.3017934783,0.963881762400097,,3,invscore_median
weighted.median_ensemble,AT,Deaths,2022-02-14,26.1920108695652,23.2335869565217,1.12733392904762,,3,invscore_median
weighted.median_ensemble,AT,Cases,2022-02-21,62399.6646195652,67393.381576087,0.925901967823297,,3,invscore_median
weighted.median_ensemble,AT,Deaths,2022-02-21,17.4127173913043,19.2711956521739,0.903561860176542,,3,invscore_median
weighted.median_ensemble,AT,Cases,2022-02-28,83450.5942934783,59153.6211956522,1.41074363000472,,3,invscore_median
weighted.median_ensemble,AT,Deaths,2022-02-28,26.0317934782609,27.0360869565217,0.962853593425857,,3,invscore_median
weighted.median_ensemble,AT,Cases,2022-03-07,68253.2089130435,42812.2739130435,1.5942439556393,,3,invscore_median
weighted.median_ensemble,AT,Deaths,2022-03-07,27.2271739130435,25.9332608695652,1.04989395857259,,3,invscore_median
weighted.median_ensemble,BE,Cases,2021-04-12,2297.74043478261,2658.24108695652,0.864383763405501,,3,invscore_median
weighted.median_ensemble,BE,Deaths,2021-04-12,25.7696195652174,23.4015217391304,1.10119418098043,,3,invscore_median
weighted.median_ensemble,BE,Cases,2021-04-19,3004.5447826087,1938.73086956522,1.54974825530193,,3,invscore_median
weighted.median_ensemble,BE,Deaths,2021-04-19,52.0047282608696,17.0504891304348,3.05004319014181,,3,invscore_median
weighted.median_ensemble,BE,Cases,2021-04-26,2245.51570652174,2184.39179347826,1.02798211988617,,3,invscore_median
weighted.median_ensemble,BE,Deaths,2021-04-26,23.2680434782609,21.9200543478261,1.06149570201994,,3,invscore_median
weighted.median_ensemble,BE,Cases,2021-05-03,1448.04505434783,1888.31086956522,0.766846750546555,,3,invscore_median
weighted.median_ensemble,BE,Deaths,2021-05-03,14.9291304347826,34.1202173913044,0.437544997547036,,3,invscore_median
weighted.median_ensemble,BE,Cases,2021-05-10,2234.67695652174,3051.80217391304,0.732248300897047,,3,invscore_median
weighted.median_ensemble,BE,Deaths,2021-05-10,39.9110326086957,57.3961956521739,0.695360243918606,,3,invscore_median
weighted.median_ensemble,BE,Cases,2021-05-17,1375.71179347826,1710.46695652174,0.804290190016761,,3,invscore_median
weighted.median_ensemble,BE,Deaths,2021-05-17,16.5544565217391,16.0021739130435,1.03451297378074,,3,invscore_median
weighted.median_ensemble,BE,Cases,2021-05-24,2736.7552173913,3598.91309782609,0.760439372388412,,3,invscore_median
weighted.median_ensemble,BE,Deaths,2021-05-24,9.66934782608696,9.68565217391305,0.998316649459083,,3,invscore_median
weighted.median_ensemble,BE,Cases,2021-05-31,1862.30869565217,3104.02581521739,0.599965595170717,,3,invscore_median
weighted.median_ensemble,BE,Deaths,2021-05-31,12.5115217391304,9.43635869565217,1.32588450086103,,3,invscore_median
weighted.median_ensemble,BE,Cases,2021-06-07,1633.83565217391,2437.98798913043,0.670157383653337,,3,invscore_median
weighted.median_ensemble,BE,Deaths,2021-06-07,7.21907608695652,11.75,0.614389454209066,,3,invscore_median
weighted.median_ensemble,BE,Cases,2021-06-14,1776.04989130435,1203.33956521739,1.47593409428326,,3,invscore_median
weighted.median_ensemble,BE,Deaths,2021-06-14,4.43619565217391,6.30141304347826,0.704000137995274,,3,invscore_median
weighted.median_ensemble,BE,Cases,2021-06-21,4460.2264673913,3385.96451086957,1.31726911285489,,3,invscore_median
weighted.median_ensemble,BE,Deaths,2021-06-21,3.69711956521739,3.73163043478261,0.990751798665929,,3,invscore_median
weighted.median_ensemble,BE,Cases,2021-06-28,5722.12815217391,5260.03206521739,1.08785043156147,,3,invscore_median
weighted.median_ensemble,BE,Deaths,2021-06-28,3.08842391304348,2.34402173913044,1.31757477393925,,3,invscore_median
weighted.median_ensemble,BE,Cases,2021-07-05,5441.47195652174,5122.32054347826,1.06230602133047,,3,invscore_median
weighted.median_ensemble,BE,Deaths,2021-07-05,3.78298913043478,3.67771739130435,1.02862420570415,,3,invscore_median
weighted.median_ensemble,BE,Cases,2021-07-12,3818.32864130435,1318.15815217391,2.89671511343851,,3,invscore_median
weighted.median_ensemble,BE,Deaths,2021-07-12,4.72690217391304,4.50380434782609,1.04953541691806,,3,invscore_median
weighted.median_ensemble,BE,Cases,2021-07-19,2970.90755434783,3020.82929347826,0.983474160808023,,3,invscore_median
weighted.median_ensemble,BE,Deaths,2021-07-19,5.79967391304348,5.13673913043478,1.12905751407169,,3,invscore_median
weighted.median_ensemble,BE,Cases,2021-07-26,1004.2947826087,2931.57342391304,0.342578758020043,,3,invscore_median
weighted.median_ensemble,BE,Deaths,2021-07-26,6.18983695652174,5.16304347826087,1.19887368421053,,3,invscore_median
weighted.median_ensemble,BE,Cases,2021-08-02,1330.46652173913,1418.92331521739,0.937659214892308,,3,invscore_median
weighted.median_ensemble,BE,Deaths,2021-08-02,6.59048913043478,5.55423913043478,1.18656920879078,,3,invscore_median
weighted.median_ensemble,BE,Cases,2021-08-09,3261.15288043478,1543.48858695652,2.11284547744223,,3,invscore_median
weighted.median_ensemble,BE,Deaths,2021-08-09,6.08364130434783,6.06271739130435,1.00345124334403,,3,invscore_median
weighted.median_ensemble,BE,Cases,2021-08-16,2308.71179347826,1760.84836956522,1.31113605997109,,3,invscore_median
weighted.median_ensemble,BE,Deaths,2021-08-16,12.059402173913,9.2720652173913,1.30061662544108,,3,invscore_median
weighted.median_ensemble,BE,Cases,2021-08-23,1201.7822826087,1640.0402173913,0.732776105039842,,3,invscore_median
weighted.median_ensemble,BE,Deaths,2021-08-23,8.75581521739131,8.0666847826087,1.08542920088663,,3,invscore_median
weighted.median_ensemble,BE,Cases,2021-08-30,1035.23679347826,1461.0335326087,0.708564704623741,,3,invscore_median
weighted.median_ensemble,BE,Deaths,2021-08-30,12.1977717391304,8.2425,1.47986311666733,,3,invscore_median
weighted.median_ensemble,BE,Cases,2021-09-06,1046.51831521739,1512.59739130435,0.691868385621738,,3,invscore_median
weighted.median_ensemble,BE,Deaths,2021-09-06,14.2329347826087,13.0257608695652,1.09267588474344,,3,invscore_median
weighted.median_ensemble,BE,Cases,2021-09-13,1516.0527173913,1363.78527173913,1.1116506013135,,3,invscore_median
weighted.median_ensemble,BE,Deaths,2021-09-13,9.79782608695652,7.91173913043478,1.23839094356213,,3,invscore_median
weighted.median_ensemble,BE,Cases,2021-09-20,3781.30619565217,2212.34608695652,1.7091838469333,,3,invscore_median
weighted.median_ensemble,BE,Deaths,2021-09-20,21.5811413043478,11.6373913043478,1.85446555331391,,3,invscore_median
weighted.median_ensemble,BE,Cases,2021-09-27,6066.24190217391,3851.23010869565,1.57514397503203,,3,invscore_median
weighted.median_ensemble,BE,Deaths,2021-09-27,14.2284239130435,12.7028260869565,1.1200990878442,,3,invscore_median
weighted.median_ensemble,BE,Cases,2021-10-04,12988.1872282609,10917.6243478261,1.18965324455838,,3,invscore_median
weighted.median_ensemble,BE,Deaths,2021-10-04,34.2403260869565,28.0445652173913,1.22092554552149,,3,invscore_median
weighted.median_ensemble,BE,Cases,2021-10-11,22744.695,19484.655326087,1.16731318154488,,3,invscore_median
weighted.median_ensemble,BE,Deaths,2021-10-11,47.0565217391304,34.9804347826087,1.34522403828227,,3,invscore_median
weighted.median_ensemble,BE,Cases,2021-10-18,20699.3034239131,24233.1857608696,0.854171780308686,,3,invscore_median
weighted.median_ensemble,BE,Deaths,2021-10-18,44.5716304347826,37.4726086956522,1.18944562405003,,3,invscore_median
weighted.median_ensemble,BE,Cases,2021-10-25,8040.68516304348,8484.64065217391,0.947675392826839,,3,invscore_median
weighted.median_ensemble,BE,Deaths,2021-10-25,22.6690217391304,22.1784239130435,1.02212049999632,,3,invscore_median
weighted.median_ensemble,BE,Cases,2021-11-01,7382.48396739131,16306.6788043478,0.45272762504054,,3,invscore_median
weighted.median_ensemble,BE,Deaths,2021-11-01,34.4422282608696,32.6061413043478,1.05631107770109,,3,invscore_median
weighted.median_ensemble,BE,Cases,2021-11-08,20063.7746195652,32186.9945652174,0.623350359068534,,3,invscore_median
weighted.median_ensemble,BE,Deaths,2021-11-08,59.1019021739131,42.6458695652174,1.38587635277386,,3,invscore_median
weighted.median_ensemble,BE,Cases,2021-11-15,11419.1363043478,6018.26842391304,1.89741226213422,,3,invscore_median
weighted.median_ensemble,BE,Deaths,2021-11-15,51.2142391304348,41.5627173913043,1.23221584980268,,3,invscore_median
weighted.median_ensemble,BE,Cases,2021-11-22,12405.0203804348,16637.1930978261,0.745619787394046,,3,invscore_median
weighted.median_ensemble,BE,Deaths,2021-11-22,30.3442934782609,30.675597826087,0.989199742749778,,3,invscore_median
weighted.median_ensemble,BE,Cases,2021-11-29,43708.2026086957,20871.8779347826,2.09411930949714,,3,invscore_median
weighted.median_ensemble,BE,Deaths,2021-11-29,52.3652717391304,51.0685326086957,1.02539213610015,,3,invscore_median
weighted.median_ensemble,BE,Cases,2021-12-06,43346.5736956522,37987.4592391304,1.14107588567022,,3,invscore_median
weighted.median_ensemble,BE,Deaths,2021-12-06,95.7332608695652,83.02,1.15313491772543,,3,invscore_median
weighted.median_ensemble,BE,Cases,2021-12-13,25247.5664130435,20882.8108152174,1.20901188237771,,3,invscore_median
weighted.median_ensemble,BE,Deaths,2021-12-13,51.4821739130435,45.3110869565217,1.13619375236889,,3,invscore_median
weighted.median_ensemble,BE,Cases,2021-12-20,63618.6732065217,59811.5552173913,1.06365188089982,,3,invscore_median
weighted.median_ensemble,BE,Deaths,2021-12-20,76.6773369565217,58.0390217391305,1.32113420693349,,3,invscore_median
weighted.median_ensemble,BE,Cases,2021-12-27,137524.631521739,137933.056413043,0.99703896294387,,3,invscore_median
weighted.median_ensemble,BE,Deaths,2021-12-27,16.0121739130435,31.5385869565217,0.507701056331961,,3,invscore_median
weighted.median_ensemble,BE,Cases,2022-01-03,191065.58701087,176637.112445652,1.08168427554915,,3,invscore_median
weighted.median_ensemble,BE,Deaths,2022-01-03,55.5576630434783,28.4030434782609,1.95604612181793,,3,invscore_median
weighted.median_ensemble,BE,Cases,2022-01-10,155447.784782609,97649.1261956522,1.5919014418127,,3,invscore_median
weighted.median_ensemble,BE,Deaths,2022-01-10,83.3752717391304,58.1983695652174,1.43260494000093,,3,invscore_median
weighted.median_ensemble,BE,Cases,2022-01-17,68735.7885869565,54078.6880434783,1.27103284258106,,3,invscore_median
weighted.median_ensemble,BE,Deaths,2022-01-17,102.880253623188,57.305,1.79531024558395,,3,invscore_median
weighted.median_ensemble,BE,Cases,2022-01-24,97595.41625,164695.414891304,0.592581258648949,,3,invscore_median
weighted.median_ensemble,BE,Deaths,2022-01-24,79.2250543478261,54.8434782608696,1.44456655303631,,3,invscore_median
weighted.median_ensemble,BE,Cases,2022-01-31,237341.541467391,237480.612173913,0.99941439132547,,3,invscore_median
weighted.median_ensemble,BE,Deaths,2022-01-31,59.8529891304348,50.1723913043478,1.19294670982222,,3,invscore_median
weighted.median_ensemble,BE,Cases,2022-02-07,90819.7830978261,79942.8377173913,1.13605903531829,,3,invscore_median
weighted.median_ensemble,BE,Deaths,2022-02-07,50.8471739130435,53.7179347826087,0.946558614340203,,3,invscore_median
weighted.median_ensemble,BE,Cases,2022-02-14,17003.2782608696,10336.3707065217,1.64499501262482,,3,invscore_median
weighted.median_ensemble,BE,Deaths,2022-02-14,89.2792391304348,103.888260869565,0.859377550294422,,3,invscore_median
weighted.median_ensemble,BE,Cases,2022-02-21,18997.3748641304,11561.8708695652,1.64310560794603,,3,invscore_median
weighted.median_ensemble,BE,Deaths,2022-02-21,62.6436956521739,51.5490217391304,1.2152256927239,,3,invscore_median
weighted.median_ensemble,BE,Cases,2022-02-28,29032.1541304348,23808.2155434783,1.21941747702244,,3,invscore_median
weighted.median_ensemble,BE,Deaths,2022-02-28,32.2796195652174,32.4769565217391,0.993923785426456,,3,invscore_median
weighted.median_ensemble,BE,Cases,2022-03-07,30900.7579891304,26101.9404347826,1.18384907307324,,3,invscore_median
weighted.median_ensemble,BE,Deaths,2022-03-07,47.861902173913,45.5873913043478,1.04989342018674,,3,invscore_median
weighted.median_ensemble,BG,Cases,2021-04-12,2125.5777173913,2546.63070652174,0.834662721983149,,3,invscore_median
weighted.median_ensemble,BG,Deaths,2021-04-12,33.4036413043478,62.5614130434783,0.533933613058473,,3,invscore_median
weighted.median_ensemble,BG,Cases,2021-04-19,885.427010869565,744.43652173913,1.18939222487507,,3,invscore_median
weighted.median_ensemble,BG,Deaths,2021-04-19,36.6058152173913,40.4265760869565,0.905488882824337,,3,invscore_median
weighted.median_ensemble,BG,Cases,2021-04-26,902.81652173913,850.852934782609,1.06107234850145,,3,invscore_median
weighted.median_ensemble,BG,Deaths,2021-04-26,46.3633695652174,32.6590760869565,1.41961669221053,,3,invscore_median
weighted.median_ensemble,BG,Cases,2021-05-03,488.531902173913,1409.25239130435,0.346660332235979,,3,invscore_median
weighted.median_ensemble,BG,Deaths,2021-05-03,17.7364673913044,24.4845108695652,0.724395414137155,,3,invscore_median
weighted.median_ensemble,BG,Cases,2021-05-10,311.867119565217,790.490326086956,0.394523638396697,,3,invscore_median
weighted.median_ensemble,BG,Deaths,2021-05-10,19.2263043478261,19.5688043478261,0.982497653208023,,3,invscore_median
weighted.median_ensemble,BG,Cases,2021-05-17,291.476684782609,298.144076086957,0.977637015660834,,3,invscore_median
weighted.median_ensemble,BG,Deaths,2021-05-17,16.0346195652174,17.7733695652174,0.902171054643305,,3,invscore_median
weighted.median_ensemble,BG,Cases,2021-05-24,138.805597826087,126.915108695652,1.09368852339676,,3,invscore_median
weighted.median_ensemble,BG,Deaths,2021-05-24,16.0738586956522,10.0114130434783,1.60555344443841,,3,invscore_median
weighted.median_ensemble,BG,Cases,2021-05-31,119.135597826087,135.780923913044,0.877410422559678,,3,invscore_median
weighted.median_ensemble,BG,Deaths,2021-05-31,15.5707065217391,13.598152173913,1.14506047017258,,3,invscore_median
weighted.median_ensemble,BG,Cases,2021-06-07,103.303206521739,117.771956521739,0.877146050491831,,3,invscore_median
weighted.median_ensemble,BG,Deaths,2021-06-07,12.7926630434783,9.76239130434783,1.31040260983811,,3,invscore_median
weighted.median_ensemble,BG,Cases,2021-06-14,93.8088586956522,100.612663043478,0.93237626217203,,3,invscore_median
weighted.median_ensemble,BG,Deaths,2021-06-14,15.1620108695652,11.9272826086957,1.27120412645469,,3,invscore_median
weighted.median_ensemble,BG,Cases,2021-06-21,103.999293478261,81.5161413043478,1.27581227244271,,3,invscore_median
weighted.median_ensemble,BG,Deaths,2021-06-21,10.0484239130435,9.14489130434783,1.09880189699642,,3,invscore_median
weighted.median_ensemble,BG,Cases,2021-06-28,174.172934782609,108.227608695652,1.60932073508528,,3,invscore_median
weighted.median_ensemble,BG,Deaths,2021-06-28,12.1832608695652,9.57510869565217,1.27238877978454,,3,invscore_median
weighted.median_ensemble,BG,Cases,2021-07-05,328.725163043478,271.869456521739,1.20912870187458,,3,invscore_median
weighted.median_ensemble,BG,Deaths,2021-07-05,6.90717391304348,6.09695652173913,1.13288882550096,,3,invscore_median
weighted.median_ensemble,BG,Cases,2021-07-12,939.1825,797.467065217391,1.17770694360146,,3,invscore_median
weighted.median_ensemble,BG,Deaths,2021-07-12,6.02657608695652,5.54782608695652,1.08629506269592,,3,invscore_median
weighted.median_ensemble,BG,Cases,2021-07-19,1937.42070652174,1363.64809782609,1.42076295901439,,3,invscore_median
weighted.median_ensemble,BG,Deaths,2021-07-19,14.5109782608696,13.6321739130435,1.06446545895261,,3,invscore_median
weighted.median_ensemble,BG,Cases,2021-07-26,3245.15244565217,2079.58135869565,1.56048352332201,,3,invscore_median
weighted.median_ensemble,BG,Deaths,2021-07-26,36.0382608695652,28.2732608695652,1.27464111889402,,3,invscore_median
weighted.median_ensemble,BG,Cases,2021-08-02,1339.40266304348,2431.42489130435,0.550871494255762,,3,invscore_median
weighted.median_ensemble,BG,Deaths,2021-08-02,77.7858695652174,59.7746739130435,1.30131817495777,,3,invscore_median
weighted.median_ensemble,BG,Cases,2021-08-09,4029.44510869565,1341.03065217391,3.00473751451066,,3,invscore_median
weighted.median_ensemble,BG,Deaths,2021-08-09,33.7645652173913,39.5746739130435,0.853186189015263,,3,invscore_median
weighted.median_ensemble,BG,Cases,2021-08-16,4989.2089673913,7161.35494565218,0.696685055447555,,3,invscore_median
weighted.median_ensemble,BG,Deaths,2021-08-16,101.510217391304,45.2650543478261,2.24257363332161,,3,invscore_median
weighted.median_ensemble,BG,Cases,2021-08-23,2628.47630434783,6177.41282608696,0.425497919330869,,3,invscore_median
weighted.median_ensemble,BG,Deaths,2021-08-23,96.7332608695652,38.2772282608696,2.52717517084315,,3,invscore_median
weighted.median_ensemble,BG,Cases,2021-08-30,1600.00967391304,4207.92548913044,0.380237168658536,,3,invscore_median
weighted.median_ensemble,BG,Deaths,2021-08-30,78.7721739130435,84.2655434782609,0.934808827683707,,3,invscore_median
weighted.median_ensemble,BG,Cases,2021-09-06,921.993206521739,1086.11032608696,0.848894614457355,,3,invscore_median
weighted.median_ensemble,BG,Deaths,2021-09-06,43.0295652173913,75.0080434782609,0.57366601263053,,3,invscore_median
weighted.median_ensemble,BG,Cases,2021-09-13,1698.50434782609,1685.52864130435,1.00769830082015,,3,invscore_median
weighted.median_ensemble,BG,Deaths,2021-09-13,87.961902173913,59.5483695652174,1.47715047139246,,3,invscore_median
weighted.median_ensemble,BG,Cases,2021-09-20,2327.36320652174,2160.51565217391,1.07722580217364,,3,invscore_median
weighted.median_ensemble,BG,Deaths,2021-09-20,50.0874456521739,43.23625,1.15845952533288,,3,invscore_median
weighted.median_ensemble,BG,Cases,2021-09-27,7629.13010869565,4483.14673913043,1.70173553368352,,3,invscore_median
weighted.median_ensemble,BG,Deaths,2021-09-27,207.923423913044,107.68347826087,1.93087581559482,,3,invscore_median
weighted.median_ensemble,BG,Cases,2021-10-04,8383.76869565217,4437.71586956522,1.88920808408439,,3,invscore_median
weighted.median_ensemble,BG,Deaths,2021-10-04,226.701086956522,126.818695652174,1.78759989440591,,3,invscore_median
weighted.median_ensemble,BG,Cases,2021-10-11,6888.62842391304,5912.2347826087,1.16514798163572,,3,invscore_median
weighted.median_ensemble,BG,Deaths,2021-10-11,96.7010326086957,103.37402173913,0.935448103709514,,3,invscore_median
weighted.median_ensemble,BG,Cases,2021-10-18,4103.5702173913,3630.82336956522,1.13020375813068,,3,invscore_median
weighted.median_ensemble,BG,Deaths,2021-10-18,82.6254891304348,180.739130434783,0.457153295645898,,3,invscore_median
weighted.median_ensemble,BG,Cases,2021-10-25,9271.11288043478,9898.93858695652,0.936576462111907,,3,invscore_median
weighted.median_ensemble,BG,Deaths,2021-10-25,101.588369565217,85.4405434782609,1.18899488965757,,3,invscore_median
weighted.median_ensemble,BG,Cases,2021-11-01,11714.3124456522,19058.3642391304,0.614654662838297,,3,invscore_median
weighted.median_ensemble,BG,Deaths,2021-11-01,164.693967391304,183.480380434783,0.897610779970255,,3,invscore_median
weighted.median_ensemble,BG,Cases,2021-11-08,2128.64923913044,4558.85586956522,0.466926198158892,,3,invscore_median
weighted.median_ensemble,BG,Deaths,2021-11-08,149.009402173913,123.091304347826,1.21055994136555,,3,invscore_median
weighted.median_ensemble,BG,Cases,2021-11-15,1367.59260869565,1446.25842391304,0.945607359019179,,3,invscore_median
weighted.median_ensemble,BG,Deaths,2021-11-15,125.406847826087,166.81097826087,0.751790134759403,,3,invscore_median
weighted.median_ensemble,BG,Cases,2021-11-22,1919.58163043478,1331.46543478261,1.44170594315743,,3,invscore_median
weighted.median_ensemble,BG,Deaths,2021-11-22,43.2132065217391,42.5438586956522,1.01573312451217,,3,invscore_median
weighted.median_ensemble,BG,Cases,2021-11-29,1197.30847826087,925.266739130435,1.29401439349922,,3,invscore_median
weighted.median_ensemble,BG,Deaths,2021-11-29,74.0682065217392,39.5815217391304,1.87128243855554,,3,invscore_median
weighted.median_ensemble,BG,Cases,2021-12-06,2369.2652173913,1786.50239130435,1.32620321636484,,3,invscore_median
weighted.median_ensemble,BG,Deaths,2021-12-06,35.813152173913,35.9755434782609,0.995486063902107,,3,invscore_median
weighted.median_ensemble,BG,Cases,2021-12-13,6101.24309782609,6107.29885869565,0.99900843875342,,3,invscore_median
weighted.median_ensemble,BG,Deaths,2021-12-13,57.3875,45.0336956521739,1.27432357413531,,3,invscore_median
weighted.median_ensemble,BG,Cases,2021-12-20,13109.102826087,13145.8744565217,0.997202800729887,,3,invscore_median
weighted.median_ensemble,BG,Deaths,2021-12-20,102.02027173913,81.3691304347826,1.25379577235251,,3,invscore_median
weighted.median_ensemble,BG,Cases,2021-12-27,24723.4275543478,24600.0530434783,1.00501521320509,,3,invscore_median
weighted.median_ensemble,BG,Deaths,2021-12-27,123.90972826087,89.6329891304348,1.38241209473172,,3,invscore_median
weighted.median_ensemble,BG,Cases,2022-01-03,25775.6610869565,25712.8336956522,1.00244342541347,,3,invscore_median
weighted.median_ensemble,BG,Deaths,2022-01-03,110.49472826087,59.7984782608696,1.84778495163102,,3,invscore_median
weighted.median_ensemble,BG,Cases,2022-01-10,6683.42923913044,6670.87054347826,1.0018826172042,,3,invscore_median
weighted.median_ensemble,BG,Deaths,2022-01-10,381.844293478261,81.6408152173913,4.67712494616197,,3,invscore_median
weighted.median_ensemble,BG,Cases,2022-01-17,20957.4283695652,14749.3858695652,1.42090176193777,,3,invscore_median
weighted.median_ensemble,BG,Deaths,2022-01-17,55.004347826087,92.7817391304348,0.592835921611262,,3,invscore_median
weighted.median_ensemble,BG,Cases,2022-01-24,40448.4475543478,41787.4932608696,0.967955825965382,,3,invscore_median
weighted.median_ensemble,BG,Deaths,2022-01-24,107.301467391304,162.205217391304,0.661516744757044,,3,invscore_median
weighted.median_ensemble,BG,Cases,2022-01-31,16815.1504891304,26697.2458695652,0.629845886399078,,3,invscore_median
weighted.median_ensemble,BG,Deaths,2022-01-31,102.263260869565,49.9421739130435,2.0476333498742,,3,invscore_median
weighted.median_ensemble,BG,Cases,2022-02-07,6860.69945652174,9217.32717391304,0.744326346138493,,3,invscore_median
weighted.median_ensemble,BG,Deaths,2022-02-07,55.3261956521739,51.8289673913044,1.06747632524618,,3,invscore_median
weighted.median_ensemble,BG,Cases,2022-02-14,3880.95836956522,4275.20766304348,0.90778242262094,,3,invscore_median
weighted.median_ensemble,BG,Deaths,2022-02-14,67.8445652173913,71.5920652173913,0.94765481357996,,3,invscore_median
weighted.median_ensemble,BG,Cases,2022-02-21,2256.48597826087,2075.51179347826,1.08719496817665,,3,invscore_median
weighted.median_ensemble,BG,Deaths,2022-02-21,86.9242391304348,54.1760869565217,1.60447614461699,,3,invscore_median
weighted.median_ensemble,BG,Cases,2022-02-28,2067.08005434783,1616.02326086957,1.27911528528095,,3,invscore_median
weighted.median_ensemble,BG,Deaths,2022-02-28,32.2084782608696,32.2022826086956,1.0001923979194,,3,invscore_median
weighted.median_ensemble,BG,Cases,2022-03-07,2811.69804347826,2191.35608695652,1.28308587555175,,3,invscore_median
weighted.median_ensemble,BG,Deaths,2022-03-07,26.1289673913044,25.500597826087,1.02464136603788,,3,invscore_median
weighted.median_ensemble,CY,Cases,2021-04-12,838.071576086957,761.670054347826,1.10030789749841,,3,invscore_median
weighted.median_ensemble,CY,Deaths,2021-04-12,2.09010869565217,1.85260869565217,1.12819760619573,,3,invscore_median
weighted.median_ensemble,CY,Cases,2021-04-19,1826.03891304348,2807.49793478261,0.650415051217081,,3,invscore_median
weighted.median_ensemble,CY,Deaths,2021-04-19,5.50353260869565,4.65282608695652,1.18283651824511,,3,invscore_median
weighted.median_ensemble,CY,Cases,2021-04-26,1746.41315217391,2240.1952173913,0.779580787699209,,3,invscore_median
weighted.median_ensemble,CY,Deaths,2021-04-26,3.6825,3.70929347826087,0.992776662613002,,3,invscore_median
weighted.median_ensemble,CY,Cases,2021-05-03,1301.18706521739,2212.49369565217,0.588108823891515,,3,invscore_median
weighted.median_ensemble,CY,Deaths,2021-05-03,2.61934782608696,2.79184782608696,0.938212964765427,,3,invscore_median
weighted.median_ensemble,CY,Cases,2021-05-10,464.225923913044,950.60097826087,0.488349932862838,,3,invscore_median
weighted.median_ensemble,CY,Deaths,2021-05-10,4.28380434782609,5.43891304347826,0.787621407730125,,3,invscore_median
weighted.median_ensemble,CY,Cases,2021-05-17,158.639076086957,262.217608695652,0.604990171621479,,3,invscore_median
weighted.median_ensemble,CY,Deaths,2021-05-17,1.90070652173913,1.98695652173913,0.956591903719912,,3,invscore_median
weighted.median_ensemble,CY,Cases,2021-05-24,48.0627173913043,56.6540760869565,0.848354094020251,,3,invscore_median
weighted.median_ensemble,CY,Deaths,2021-05-24,1.63114130434783,1.41510869565217,1.15266149473846,,3,invscore_median
weighted.median_ensemble,CY,Cases,2021-05-31,288.832010869565,238.447445652174,1.21130259994853,,3,invscore_median
weighted.median_ensemble,CY,Deaths,2021-05-31,1.58445652173913,1.51934782608696,1.0428530548004,,3,invscore_median
weighted.median_ensemble,CY,Cases,2021-06-07,789.465380434783,808.052119565217,0.976998093711535,,3,invscore_median
weighted.median_ensemble,CY,Deaths,2021-06-07,1.51690217391304,1.42592391304348,1.06380302626062,,3,invscore_median
weighted.median_ensemble,CY,Cases,2021-06-14,2208.20581521739,2036.31684782609,1.08441170025913,,3,invscore_median
weighted.median_ensemble,CY,Deaths,2021-06-14,1.38358695652174,1.665,0.830983157070114,,3,invscore_median
weighted.median_ensemble,CY,Cases,2021-06-21,3712.65766304348,3355.32043478261,1.10649868923295,,3,invscore_median
weighted.median_ensemble,CY,Deaths,2021-06-21,1.61592391304348,1.57972826086957,1.02291258127774,,3,invscore_median
weighted.median_ensemble,CY,Cases,2021-06-28,3122.72842391304,3243.11255434783,0.962880064007217,,3,invscore_median
weighted.median_ensemble,CY,Deaths,2021-06-28,2.86119565217391,3.2041847826087,0.892955883101243,,3,invscore_median
weighted.median_ensemble,CY,Cases,2021-07-05,1153.0964673913,1205.88309782609,0.956225748142631,,3,invscore_median
weighted.median_ensemble,CY,Deaths,2021-07-05,3.08472826086957,3.7695652173913,0.818324682814302,,3,invscore_median
weighted.median_ensemble,CY,Cases,2021-07-12,2506.34554347826,6456.2822826087,0.388202596133321,,3,invscore_median
weighted.median_ensemble,CY,Deaths,2021-07-12,10.7897826086957,6.40347826086957,1.68498777838131,,3,invscore_median
weighted.median_ensemble,CY,Cases,2021-07-19,781.525434782609,1614.27413043478,0.484134274376382,,3,invscore_median
weighted.median_ensemble,CY,Deaths,2021-07-19,12.7975,6.81728260869565,1.87721424129849,,3,invscore_median
weighted.median_ensemble,CY,Cases,2021-07-26,1475.10190217391,1712.59054347826,0.86132783331735,,3,invscore_median
weighted.median_ensemble,CY,Deaths,2021-07-26,6.34755434782609,3.12413043478261,2.03178275694106,,3,invscore_median
weighted.median_ensemble,CY,Cases,2021-08-02,686.923804347826,878.923315217391,0.781551464678035,,3,invscore_median
weighted.median_ensemble,CY,Deaths,2021-08-02,5.51190217391304,3.78315217391304,1.45696020686683,,3,invscore_median
weighted.median_ensemble,CY,Cases,2021-08-09,415.234782608696,354.962065217391,1.16980044713902,,3,invscore_median
weighted.median_ensemble,CY,Deaths,2021-08-09,5.71206521739131,3.35152173913044,1.70431990659661,,3,invscore_median
weighted.median_ensemble,CY,Cases,2021-08-16,256.028423913044,216.338641304348,1.18346136579854,,3,invscore_median
weighted.median_ensemble,CY,Deaths,2021-08-16,4.70847826086957,3.38472826086957,1.39109491160744,,3,invscore_median
weighted.median_ensemble,CY,Cases,2021-08-23,157.370217391304,186.297119565217,0.844727056213091,,3,invscore_median
weighted.median_ensemble,CY,Deaths,2021-08-23,1.76065217391304,2.02336956521739,0.870158474348644,,3,invscore_median
weighted.median_ensemble,CY,Cases,2021-08-30,66.2494565217391,135.663315217391,0.488337296015351,,3,invscore_median
weighted.median_ensemble,CY,Deaths,2021-08-30,3.7345652173913,1.72130434782609,2.16961353877242,,3,invscore_median
weighted.median_ensemble,CY,Cases,2021-09-06,93.0211413043478,128.988804347826,0.721156706387562,,3,invscore_median
weighted.median_ensemble,CY,Deaths,2021-09-06,3.47521739130435,3.13086956521739,1.10998472434384,,3,invscore_median
weighted.median_ensemble,CY,Cases,2021-09-13,79.9557065217391,101.83472826087,0.785151665715815,,3,invscore_median
weighted.median_ensemble,CY,Deaths,2021-09-13,2.34347826086957,2.1929347826087,1.06864931846344,,3,invscore_median
weighted.median_ensemble,CY,Cases,2021-09-20,346.131739130435,434.24,0.797097778026978,,3,invscore_median
weighted.median_ensemble,CY,Deaths,2021-09-20,1.19146739130435,1.27228260869565,0.936480136693721,,3,invscore_median
weighted.median_ensemble,CY,Cases,2021-09-27,233.25972826087,186.960760869565,1.24764002444131,,3,invscore_median
weighted.median_ensemble,CY,Deaths,2021-09-27,1.69119565217391,1.68184782608696,1.0055580688942,,3,invscore_median
weighted.median_ensemble,CY,Cases,2021-10-04,290.479293478261,286.700489130435,1.01318032054737,,3,invscore_median
weighted.median_ensemble,CY,Deaths,2021-10-04,2.23929347826087,2.06804347826087,1.08280773678125,,3,invscore_median
weighted.median_ensemble,CY,Cases,2021-10-11,470.908315217391,461.841086956522,1.01963278824026,,3,invscore_median
weighted.median_ensemble,CY,Deaths,2021-10-11,1.68766304347826,1.50565217391304,1.12088507074791,,3,invscore_median
weighted.median_ensemble,CY,Cases,2021-10-18,154.896847826087,249.942282608696,0.619730468208095,,3,invscore_median
weighted.median_ensemble,CY,Deaths,2021-10-18,2.5045652173913,1.85,1.35381903642773,,3,invscore_median
weighted.median_ensemble,CY,Cases,2021-10-25,504.095108695652,373.267065217391,1.35049447344642,,3,invscore_median
weighted.median_ensemble,CY,Deaths,2021-10-25,1.65336956521739,1.60630434782609,1.02930031127351,,3,invscore_median
weighted.median_ensemble,CY,Cases,2021-11-01,727.601793478261,444.235108695652,1.63787548358035,,3,invscore_median
weighted.median_ensemble,CY,Deaths,2021-11-01,2.14679347826087,2.12614130434783,1.00971345313259,,3,invscore_median
weighted.median_ensemble,CY,Cases,2021-11-08,1137.25135869565,643.555489130435,1.76713799804939,,3,invscore_median
weighted.median_ensemble,CY,Deaths,2021-11-08,3.39570652173913,2.31184782608696,1.46882787155014,,3,invscore_median
weighted.median_ensemble,CY,Cases,2021-11-15,595.198804347826,917.3725,0.648808204243997,,3,invscore_median
weighted.median_ensemble,CY,Deaths,2021-11-15,2.21951086956522,2.365,0.938482397279162,,3,invscore_median
weighted.median_ensemble,CY,Cases,2021-11-22,637.424347826087,507.331304347826,1.25642620978316,,3,invscore_median
weighted.median_ensemble,CY,Deaths,2021-11-22,2.02114130434783,2.13135869565217,0.948287732360966,,3,invscore_median
weighted.median_ensemble,CY,Cases,2021-11-29,897.303206521739,775.803695652174,1.15661115247386,,3,invscore_median
weighted.median_ensemble,CY,Deaths,2021-11-29,3.76619565217391,1.70184782608696,2.21300376828256,,3,invscore_median
weighted.median_ensemble,CY,Cases,2021-12-06,2709.60538043478,2488.97065217391,1.08864496978627,,3,invscore_median
weighted.median_ensemble,CY,Deaths,2021-12-06,1.5725,2.28521739130435,0.688118340943684,,3,invscore_median
weighted.median_ensemble,CY,Cases,2021-12-13,9070.54934782609,9095.99755434783,0.99720226326253,,3,invscore_median
weighted.median_ensemble,CY,Deaths,2021-12-13,1.3983152173913,2.1304347826087,0.656352040816327,,3,invscore_median
weighted.median_ensemble,CY,Cases,2021-12-20,15310.7246195652,15055.3545652174,1.01696207507047,,3,invscore_median
weighted.median_ensemble,CY,Deaths,2021-12-20,1.93407608695652,1.86119565217391,1.03915785785201,,3,invscore_median
weighted.median_ensemble,CY,Cases,2021-12-27,16655.2920652174,14773.4282608696,1.12738165922749,,3,invscore_median
weighted.median_ensemble,CY,Deaths,2021-12-27,6.83978260869565,5.4820652173913,1.24766531178745,,3,invscore_median
weighted.median_ensemble,CY,Cases,2022-01-03,3711.19211956522,6367.26114130435,0.582855334060474,,3,invscore_median
weighted.median_ensemble,CY,Deaths,2022-01-03,9.43456521739131,6.15315217391304,1.53328975957887,,3,invscore_median
weighted.median_ensemble,CY,Cases,2022-01-10,28121.8163586957,42850.3736956522,0.656279372460853,,3,invscore_median
weighted.median_ensemble,CY,Deaths,2022-01-10,5.57510869565217,6.7525,0.825636237786327,,3,invscore_median
weighted.median_ensemble,CY,Cases,2022-01-17,6182.14646739131,8595.42684782609,0.719236703056215,,3,invscore_median
weighted.median_ensemble,CY,Deaths,2022-01-17,8.19222826086957,9.85086956521739,0.831624884141766,,3,invscore_median
weighted.median_ensemble,CY,Cases,2022-01-24,11032.426576087,5758.55239130435,1.9158333251854,,3,invscore_median
weighted.median_ensemble,CY,Deaths,2022-01-24,11.1515217391304,12.8833695652174,0.865574932293908,,3,invscore_median
weighted.median_ensemble,CY,Cases,2022-01-31,10944.3833695652,5306.61217391304,2.06240497908762,,3,invscore_median
weighted.median_ensemble,CY,Deaths,2022-01-31,7.56423913043478,8.06402173913044,0.938023157071803,,3,invscore_median
weighted.median_ensemble,CY,Cases,2022-02-07,3698.76016304348,3220.06021739131,1.14866179926287,,3,invscore_median
weighted.median_ensemble,CY,Deaths,2022-02-07,18.4251086956522,14.0125,1.3149051700733,,3,invscore_median
weighted.median_ensemble,CY,Cases,2022-02-14,2593.24826086957,1766.0972826087,1.46834961267767,,3,invscore_median
weighted.median_ensemble,CY,Deaths,2022-02-14,4.14777173913043,5.055,0.820528533952608,,3,invscore_median
weighted.median_ensemble,CY,Cases,2022-02-21,3185.45548913043,2661.86576086957,1.19670027540751,,3,invscore_median
weighted.median_ensemble,CY,Deaths,2022-02-21,5.5941847826087,6.16434782608696,0.907506347862886,,3,invscore_median
weighted.median_ensemble,CY,Cases,2022-02-28,10303.886576087,7571.60141304348,1.36085961396972,,3,invscore_median
weighted.median_ensemble,CY,Deaths,2022-02-28,7.84282608695652,8.81858695652174,0.889351789081855,,3,invscore_median
weighted.median_ensemble,CY,Cases,2022-03-07,13913.2116847826,10537.0193478261,1.32041246442744,,3,invscore_median
weighted.median_ensemble,CY,Deaths,2022-03-07,3.78826086956522,4.6791847826087,0.80959847613738,,3,invscore_median
weighted.median_ensemble,EE,Cases,2021-04-12,293.467554347826,313.512880434783,0.936062192854222,,3,invscore_median
weighted.median_ensemble,EE,Deaths,2021-04-12,9.57016304347826,5.40097826086957,1.77193141339129,,3,invscore_median
weighted.median_ensemble,EE,Cases,2021-04-19,695.005652173913,352.110326086957,1.97382922533853,,3,invscore_median
weighted.median_ensemble,EE,Deaths,2021-04-19,3.3533152173913,3.85456521739131,0.869959393153234,,3,invscore_median
weighted.median_ensemble,EE,Cases,2021-04-26,362.043097826087,335.779021739131,1.07821833523406,,3,invscore_median
weighted.median_ensemble,EE,Deaths,2021-04-26,2.98891304347826,4.25255434782609,0.7028512275231,,3,invscore_median
weighted.median_ensemble,EE,Cases,2021-05-03,238.216847826087,324.783369565217,0.733463810493081,,3,invscore_median
weighted.median_ensemble,EE,Deaths,2021-05-03,2.21440217391304,2.54217391304348,0.871066358816487,,3,invscore_median
weighted.median_ensemble,EE,Cases,2021-05-10,371.76472826087,761.860543478261,0.487969525975954,,3,invscore_median
weighted.median_ensemble,EE,Deaths,2021-05-10,3.3366847826087,4.6825,0.712586178880661,,3,invscore_median
weighted.median_ensemble,EE,Cases,2021-05-17,449.021576086957,408.248043478261,1.09987441032493,,3,invscore_median
weighted.median_ensemble,EE,Deaths,2021-05-17,2.42114130434783,3.64239130434783,0.664712026260818,,3,invscore_median
weighted.median_ensemble,EE,Cases,2021-05-24,425.243967391304,420.278804347826,1.01181397441916,,3,invscore_median
weighted.median_ensemble,EE,Deaths,2021-05-24,3.26869565217391,4.2270652173913,0.773277790634884,,3,invscore_median
weighted.median_ensemble,EE,Cases,2021-05-31,56.385597826087,126.012445652174,0.447460546728261,,3,invscore_median
weighted.median_ensemble,EE,Deaths,2021-05-31,1.52951086956522,2.14478260869565,0.713130954794243,,3,invscore_median
weighted.median_ensemble,EE,Cases,2021-06-07,51.8626086956522,59.888097826087,0.865991917897601,,3,invscore_median
weighted.median_ensemble,EE,Deaths,2021-06-07,1.21983695652174,2.5725,0.474183462204758,,3,invscore_median
weighted.median_ensemble,EE,Cases,2021-06-14,59.2263586956522,50.7507065217391,1.16700559962219,,3,invscore_median
weighted.median_ensemble,EE,Deaths,2021-06-14,0.816467391304348,1.00195652173913,0.814873074419614,,3,invscore_median
weighted.median_ensemble,EE,Cases,2021-06-21,79.6663586956522,70.2423369565218,1.13416441063121,,3,invscore_median
weighted.median_ensemble,EE,Deaths,2021-06-21,0.452554347826087,0.481956521739131,0.938994136220117,,3,invscore_median
weighted.median_ensemble,EE,Cases,2021-06-28,249.089076086957,182.39277173913,1.36567405446976,,3,invscore_median
weighted.median_ensemble,EE,Deaths,2021-06-28,0.343369565217391,0.386739130434783,0.887858347386172,,3,invscore_median
weighted.median_ensemble,EE,Cases,2021-07-05,441.135,336.672336956522,1.31027991188052,,3,invscore_median
weighted.median_ensemble,EE,Deaths,2021-07-05,0.362608695652174,0.294021739130435,1.23327171903882,,3,invscore_median
weighted.median_ensemble,EE,Cases,2021-07-12,621.343804347826,298.769565217391,2.07967569888092,,3,invscore_median
weighted.median_ensemble,EE,Deaths,2021-07-12,0.91445652173913,0.750869565217391,1.21786334684424,,3,invscore_median
weighted.median_ensemble,EE,Cases,2021-07-19,652.988043478261,467.961141304348,1.39538945831739,,3,invscore_median
weighted.median_ensemble,EE,Deaths,2021-07-19,0.865054347826087,0.885760869565218,0.976622898515155,,3,invscore_median
weighted.median_ensemble,EE,Cases,2021-07-26,521.668695652174,346.346902173913,1.50620286301919,,3,invscore_median
weighted.median_ensemble,EE,Deaths,2021-07-26,1.16521739130435,0.901739130434783,1.29218900675024,,3,invscore_median
weighted.median_ensemble,EE,Cases,2021-08-02,951.639510869565,186.350543478261,5.10671712090059,,3,invscore_median
weighted.median_ensemble,EE,Deaths,2021-08-02,1.2366847826087,1.41358695652174,0.874855824682815,,3,invscore_median
weighted.median_ensemble,EE,Cases,2021-08-09,301.676793478261,217.679293478261,1.38587730903486,,3,invscore_median
weighted.median_ensemble,EE,Deaths,2021-08-09,1.62190217391304,1.54076086956522,1.05266313932981,,3,invscore_median
weighted.median_ensemble,EE,Cases,2021-08-16,369.008260869565,395.860760869565,0.932166805467118,,3,invscore_median
weighted.median_ensemble,EE,Deaths,2021-08-16,1.88336956521739,1.8491847826087,1.01848640705364,,3,invscore_median
weighted.median_ensemble,EE,Cases,2021-08-23,374.531195652174,172.444510869565,2.17189398354039,,3,invscore_median
weighted.median_ensemble,EE,Deaths,2021-08-23,8.31336956521739,4.70722826086957,1.76608592243659,,3,invscore_median
weighted.median_ensemble,EE,Cases,2021-08-30,203.596195652174,276.932554347826,0.735183323360597,,3,invscore_median
weighted.median_ensemble,EE,Deaths,2021-08-30,8.11711956521739,4.33391304347826,1.8729308788122,,3,invscore_median
weighted.median_ensemble,EE,Cases,2021-09-06,501.470706521739,337.161467391304,1.48733101205702,,3,invscore_median
weighted.median_ensemble,EE,Deaths,2021-09-06,3.52826086956522,2.11521739130435,1.66803699897225,,3,invscore_median
weighted.median_ensemble,EE,Cases,2021-09-13,691.990923913044,416.746956521739,1.66045825430508,,3,invscore_median
weighted.median_ensemble,EE,Deaths,2021-09-13,3.94630434782609,3.39586956521739,1.1620894949107,,3,invscore_median
weighted.median_ensemble,EE,Cases,2021-09-20,1388.09032608696,1293.60608695652,1.07303942064213,,3,invscore_median
weighted.median_ensemble,EE,Deaths,2021-09-20,5.08413043478261,4.90461956521739,1.03660036567123,,3,invscore_median
weighted.median_ensemble,EE,Cases,2021-09-27,1998.87554347826,1166.20804347826,1.71399567569139,,3,invscore_median
weighted.median_ensemble,EE,Deaths,2021-09-27,4.95005434782609,4.72092391304348,1.04853508317504,,3,invscore_median
weighted.median_ensemble,EE,Cases,2021-10-04,893.609076086957,1007.00961956522,0.887388818065887,,3,invscore_median
weighted.median_ensemble,EE,Deaths,2021-10-04,13.1770108695652,11.2854347826087,1.16761215880415,,3,invscore_median
weighted.median_ensemble,EE,Cases,2021-10-11,634.716141304348,686.957119565217,0.923953072509193,,3,invscore_median
weighted.median_ensemble,EE,Deaths,2021-10-11,9.61364130434783,8.97021739130435,1.07172890967695,,3,invscore_median
weighted.median_ensemble,EE,Cases,2021-10-18,1625.00081521739,1175.32152173913,1.38260108843482,,3,invscore_median
weighted.median_ensemble,EE,Deaths,2021-10-18,13.611847826087,13.9272826086957,0.977351304524276,,3,invscore_median
weighted.median_ensemble,EE,Cases,2021-10-25,2300.88717391304,2197.9072826087,1.04685361030431,,3,invscore_median
weighted.median_ensemble,EE,Deaths,2021-10-25,17.3151086956522,16.908152173913,1.02406865738806,,3,invscore_median
weighted.median_ensemble,EE,Cases,2021-11-01,7185.26114130435,6748.19543478261,1.0647677902553,,3,invscore_median
weighted.median_ensemble,EE,Deaths,2021-11-01,14.5627173913044,14.7577717391304,0.986782940455103,,3,invscore_median
weighted.median_ensemble,EE,Cases,2021-11-08,8126.36961956522,7351.15766304348,1.10545440487816,,3,invscore_median
weighted.median_ensemble,EE,Deaths,2021-11-08,20.6554347826087,33.0575,0.624833541030287,,3,invscore_median
weighted.median_ensemble,EE,Cases,2021-11-15,888.016086956522,2229.32961956522,0.398333238460139,,3,invscore_median
weighted.median_ensemble,EE,Deaths,2021-11-15,6.41614130434783,20.2597826086957,0.316693492140136,,3,invscore_median
weighted.median_ensemble,EE,Cases,2021-11-22,1097.86108695652,763.386413043478,1.43814596146604,,3,invscore_median
weighted.median_ensemble,EE,Deaths,2021-11-22,5.90402173913044,7.13684782608696,0.82725902008864,,3,invscore_median
weighted.median_ensemble,EE,Cases,2021-11-29,1134.55065217391,785.000434782609,1.44528665450753,,3,invscore_median
weighted.median_ensemble,EE,Deaths,2021-11-29,5.81489130434783,6.67521739130435,0.871116394190061,,3,invscore_median
weighted.median_ensemble,EE,Cases,2021-12-06,1750.71695652174,1467.77152173913,1.19277212467466,,3,invscore_median
weighted.median_ensemble,EE,Deaths,2021-12-06,8.54842391304348,6.06619565217391,1.40919027397015,,3,invscore_median
weighted.median_ensemble,EE,Cases,2021-12-13,3084.62532608696,2480.45760869565,1.24357107143186,,3,invscore_median
weighted.median_ensemble,EE,Deaths,2021-12-13,6.32461956521739,4.40407608695652,1.43608317393719,,3,invscore_median
weighted.median_ensemble,EE,Cases,2021-12-20,3107.27858695652,3697.81554347826,0.84030113195796,,3,invscore_median
weighted.median_ensemble,EE,Deaths,2021-12-20,3.33396739130435,3.4095652173913,0.977827722519765,,3,invscore_median
weighted.median_ensemble,EE,Cases,2021-12-27,6452.58798913044,6625.315,0.973929237950261,,3,invscore_median
weighted.median_ensemble,EE,Deaths,2021-12-27,3.68826086956522,5.00961956521739,0.736235720407477,,3,invscore_median
weighted.median_ensemble,EE,Cases,2022-01-03,11900.5177717391,11887.1331521739,1.00112597540499,,3,invscore_median
weighted.median_ensemble,EE,Deaths,2022-01-03,8.08,4.56190217391304,1.77119098392881,,3,invscore_median
weighted.median_ensemble,EE,Cases,2022-01-10,17378.147201087,15099.66125,1.15089649452149,,3,invscore_median
weighted.median_ensemble,EE,Deaths,2022-01-10,4.59054347826087,2.71641304347826,1.68992837421472,,3,invscore_median
weighted.median_ensemble,EE,Cases,2022-01-17,13209.2977717391,8637.55989130435,1.52928580964599,,3,invscore_median
weighted.median_ensemble,EE,Deaths,2022-01-17,8.09271739130435,5.65152173913044,1.43195368696388,,3,invscore_median
weighted.median_ensemble,EE,Cases,2022-01-24,8025.14043478261,4773.40760869565,1.68121834392758,,3,invscore_median
weighted.median_ensemble,EE,Deaths,2022-01-24,8.18070652173913,5.84467391304348,1.39968570418999,,3,invscore_median
weighted.median_ensemble,EE,Cases,2022-01-31,2102.95423913043,14547.6725,0.144556061399542,,3,invscore_median
weighted.median_ensemble,EE,Deaths,2022-01-31,14.5388043478261,4.35336956521739,3.33966692467104,,3,invscore_median
weighted.median_ensemble,EE,Cases,2022-02-07,24181.8754891304,19372.6141304348,1.24825051107275,,3,invscore_median
weighted.median_ensemble,EE,Deaths,2022-02-07,20.9459239130435,12.8920652173913,1.62471439291104,,3,invscore_median
weighted.median_ensemble,EE,Cases,2022-02-14,6010.63190217391,3809.9627173913,1.57760911274466,,3,invscore_median
weighted.median_ensemble,EE,Deaths,2022-02-14,7.82184782608696,7.47010869565217,1.04708621316842,,3,invscore_median
weighted.median_ensemble,EE,Cases,2022-02-21,5206.49157608696,6015.82902173913,0.865465351038484,,3,invscore_median
weighted.median_ensemble,EE,Deaths,2022-02-21,7.09201086956522,7.83336956521739,0.905358902132738,,3,invscore_median
weighted.median_ensemble,EE,Cases,2022-02-28,3160.89309782609,5700.70934782609,0.554473646166764,,3,invscore_median
weighted.median_ensemble,EE,Deaths,2022-02-28,10.6982608695652,7.71510869565218,1.38666366108286,,3,invscore_median
weighted.median_ensemble,EE,Cases,2022-03-07,2597.47945652174,2313.30706521739,1.12284248622984,,3,invscore_median
weighted.median_ensemble,EE,Deaths,2022-03-07,7.71114130434783,13.5344565217391,0.569741481082904,,3,invscore_median
weighted.median_ensemble,ES,Cases,2021-04-12,8894.31989130435,9732.32673913043,0.913894501254593,,3,invscore_median
weighted.median_ensemble,ES,Cases,2021-04-19,7460.07695652174,7108.64815217391,1.04943679822448,,3,invscore_median
weighted.median_ensemble,ES,Cases,2021-04-26,17811.6350543478,20778.6852173913,0.857207030569955,,3,invscore_median
weighted.median_ensemble,ES,Cases,2021-05-03,5744.93418478261,7684.33190217391,0.747616612337808,,3,invscore_median
weighted.median_ensemble,ES,Cases,2021-05-10,4487.67902173913,4550.51891304348,0.986190609795242,,3,invscore_median
weighted.median_ensemble,ES,Cases,2021-05-17,4881.14793478261,4804.38635869565,1.01597739447995,,3,invscore_median
weighted.median_ensemble,ES,Cases,2021-05-24,5031.22657608696,4394.53902173913,1.14488153392159,,3,invscore_median
weighted.median_ensemble,ES,Cases,2021-05-31,2629.3664673913,3257.99559782609,0.807050343820526,,3,invscore_median
weighted.median_ensemble,ES,Cases,2021-06-07,6088.94076086957,6902.39673913044,0.882148765276082,,3,invscore_median
weighted.median_ensemble,ES,Cases,2021-06-14,16290.0927717391,16086.8216847826,1.01263587618111,,3,invscore_median
weighted.median_ensemble,ES,Cases,2021-06-21,56685.9157065217,57930.5680978261,0.978514755988539,,3,invscore_median
weighted.median_ensemble,ES,Cases,2021-06-28,101041.753206522,96770.7256521739,1.04413553298855,,3,invscore_median
weighted.median_ensemble,ES,Cases,2021-07-05,68415.5794021739,58884.1143478261,1.16186819076612,,3,invscore_median
weighted.median_ensemble,ES,Cases,2021-07-12,103353.958967391,101562.505217391,1.01763892832464,,3,invscore_median
weighted.median_ensemble,ES,Cases,2021-07-19,103201.6175,224500.908967391,0.459693539659521,,3,invscore_median
weighted.median_ensemble,ES,Cases,2021-07-26,18848.1507065217,66723.0371739131,0.282483404605731,,3,invscore_median
weighted.median_ensemble,ES,Cases,2021-08-02,10527.78625,38522.7248369565,0.273287683946496,,3,invscore_median
weighted.median_ensemble,ES,Cases,2021-08-09,19485.358423913,11478.8629347826,1.69749900618376,,3,invscore_median
weighted.median_ensemble,ES,Cases,2021-08-16,5663.50054347826,5326.82706521739,1.06320338057514,,3,invscore_median
weighted.median_ensemble,ES,Cases,2021-08-23,5845.12494565217,3231.23532608696,1.80894436826136,,3,invscore_median
weighted.median_ensemble,ES,Cases,2021-08-30,3826.56570652174,3106.96652173913,1.23160828407633,,3,invscore_median
weighted.median_ensemble,ES,Cases,2021-09-06,2780.02576086957,3408.57673913043,0.815597234163717,,3,invscore_median
weighted.median_ensemble,ES,Cases,2021-09-13,3713.95059782609,1747.135,2.12573762063383,,3,invscore_median
weighted.median_ensemble,ES,Cases,2021-09-20,3287.70086956522,1775.3414673913,1.85186958675402,,3,invscore_median
weighted.median_ensemble,ES,Cases,2021-09-27,2284.67875,1892.3410326087,1.20732928717951,,3,invscore_median
weighted.median_ensemble,ES,Cases,2021-10-04,2203.96614130435,1890.88554347826,1.16557353188611,,3,invscore_median
weighted.median_ensemble,ES,Cases,2021-10-11,2154.9139673913,2247.91760869565,0.958626757073044,,3,invscore_median
weighted.median_ensemble,ES,Cases,2021-10-18,5454.66130434783,4938.24554347826,1.10457474346361,,3,invscore_median
weighted.median_ensemble,ES,Cases,2021-10-25,3691.38766304348,3167.24576086957,1.16548823228356,,3,invscore_median
weighted.median_ensemble,ES,Cases,2021-11-01,8436.14597826087,8774.49282608696,0.961439725972518,,3,invscore_median
weighted.median_ensemble,ES,Cases,2021-11-08,17590.5913043478,17423.8451086957,1.00956999988303,,3,invscore_median
weighted.median_ensemble,ES,Cases,2021-11-15,10029.5342934783,8110.29532608696,1.23664230342119,,3,invscore_median
weighted.median_ensemble,ES,Cases,2021-11-22,18711.1980978261,15302.4295652174,1.2227599557365,,3,invscore_median
weighted.median_ensemble,ES,Cases,2021-11-29,51692.9919565217,23483.2897826087,2.20126704712406,,3,invscore_median
weighted.median_ensemble,ES,Cases,2021-12-06,161990.390543478,88452.1731521739,1.83138960605059,,3,invscore_median
weighted.median_ensemble,ES,Cases,2021-12-13,359651.7925,297566.470543478,1.2086435405277,,3,invscore_median
weighted.median_ensemble,ES,Cases,2021-12-20,298438.819673913,289758.254891304,1.02995795507488,,3,invscore_median
weighted.median_ensemble,ES,Cases,2021-12-27,196394.897391304,309590.511684783,0.63436988531247,,3,invscore_median
weighted.median_ensemble,ES,Cases,2022-01-03,146474.276195652,191780.842608696,0.763758643476785,,3,invscore_median
weighted.median_ensemble,ES,Cases,2022-01-10,250869.886630435,352984.678804348,0.710710412361798,,3,invscore_median
weighted.median_ensemble,ES,Cases,2022-01-17,375806.652608695,344190.808913044,1.09185557219118,,3,invscore_median
weighted.median_ensemble,ES,Cases,2022-01-24,105453.394836957,222650.90173913,0.473626623621364,,3,invscore_median
weighted.median_ensemble,ES,Cases,2022-01-31,236976.509722923,249483.781304348,0.949867396124773,,3,invscore_median
weighted.median_ensemble,ES,Cases,2022-02-07,39859.5854891304,25500.1879347826,1.5631094794702,,3,invscore_median
weighted.median_ensemble,ES,Cases,2022-02-14,42272.6791847826,69090.2069565217,0.611847627137442,,3,invscore_median
weighted.median_ensemble,ES,Cases,2022-02-21,32726.3328804348,19693.0792391304,1.66181898133061,,3,invscore_median
weighted.median_ensemble,ES,Cases,2022-02-28,31148.9680978261,21363.4142391304,1.45805196440801,,3,invscore_median
weighted.median_ensemble,ES,Cases,2022-03-07,29517.329673913,19553.8261956522,1.50954239740948,,3,invscore_median
weighted.median_ensemble,FI,Cases,2021-04-12,150.43625,205.949402173913,0.730452472364862,,3,invscore_median
weighted.median_ensemble,FI,Deaths,2021-04-12,2.7495652173913,3.57086956521739,0.769998782418118,,3,invscore_median
weighted.median_ensemble,FI,Cases,2021-04-19,374.344402173913,153.19597826087,2.44356546708074,,3,invscore_median
weighted.median_ensemble,FI,Deaths,2021-04-19,2.17625,1.98369565217391,1.09706849315069,,3,invscore_median
weighted.median_ensemble,FI,Cases,2021-04-26,209.293967391304,194.354673913043,1.07686613950403,,3,invscore_median
weighted.median_ensemble,FI,Deaths,2021-04-26,2.95663043478261,2.74016304347826,1.07899799678693,,3,invscore_median
weighted.median_ensemble,FI,Cases,2021-05-03,156.833913043478,133.259076086957,1.17690980343536,,3,invscore_median
weighted.median_ensemble,FI,Deaths,2021-05-03,3.32836956521739,2.70342391304348,1.2311682045715,,3,invscore_median
weighted.median_ensemble,FI,Cases,2021-05-10,147.427989130435,195.965326086957,0.752316708645773,,3,invscore_median
weighted.median_ensemble,FI,Deaths,2021-05-10,2.95048913043478,2.73271739130435,1.07969054532437,,3,invscore_median
weighted.median_ensemble,FI,Cases,2021-05-17,179.34277173913,260.58125,0.688241274992466,,3,invscore_median
weighted.median_ensemble,FI,Deaths,2021-05-17,2.71978260869565,2.90228260869565,0.937118459982772,,3,invscore_median
weighted.median_ensemble,FI,Cases,2021-05-24,476.633913043478,382.360652173913,1.24655586377305,,3,invscore_median
weighted.median_ensemble,FI,Deaths,2021-05-24,1.11103260869565,1.01163043478261,1.09825937466423,,3,invscore_median
weighted.median_ensemble,FI,Cases,2021-05-31,103.40277173913,135.666141304348,0.762185544196771,,3,invscore_median
weighted.median_ensemble,FI,Deaths,2021-05-31,3.55021739130435,3.08423913043478,1.15108370044053,,3,invscore_median
weighted.median_ensemble,FI,Cases,2021-06-07,236.45527173913,233.35347826087,1.01329225302909,,3,invscore_median
weighted.median_ensemble,FI,Deaths,2021-06-07,1.31092391304348,2.15402173913043,0.608593631730333,,3,invscore_median
weighted.median_ensemble,FI,Cases,2021-06-14,477.895543478261,464.461793478261,1.02892326169478,,3,invscore_median
weighted.median_ensemble,FI,Deaths,2021-06-14,0.982065217391304,1.50695652173913,0.65168782458165,,3,invscore_median
weighted.median_ensemble,FI,Cases,2021-06-21,980.502989130435,889.824673913044,1.10190582243424,,3,invscore_median
weighted.median_ensemble,FI,Deaths,2021-06-21,1.0754347826087,1.08967391304348,0.986932668329177,,3,invscore_median
weighted.median_ensemble,FI,Cases,2021-06-28,910.195217391304,909.407173913043,1.00086654636214,,3,invscore_median
weighted.median_ensemble,FI,Deaths,2021-06-28,1.06266304347826,1.16097826086957,0.915316917891583,,3,invscore_median
weighted.median_ensemble,FI,Cases,2021-07-05,961.430217391304,730.269565217391,1.31654153915767,,3,invscore_median
weighted.median_ensemble,FI,Deaths,2021-07-05,1.30891304347826,1.5770652173913,0.829967606313323,,3,invscore_median
weighted.median_ensemble,FI,Cases,2021-07-12,943.174239130435,834.663043478261,1.13000599044134,,3,invscore_median
weighted.median_ensemble,FI,Deaths,2021-07-12,4.21663043478261,2.13934782608696,1.97098872065847,,3,invscore_median
weighted.median_ensemble,FI,Cases,2021-07-19,1028.16239130435,844.940543478261,1.2168458470129,,3,invscore_median
weighted.median_ensemble,FI,Deaths,2021-07-19,2.46869565217391,2.3545652173913,1.04847197858,,3,invscore_median
weighted.median_ensemble,FI,Cases,2021-07-26,582.029782608696,599.048423913044,0.971590541557258,,3,invscore_median
weighted.median_ensemble,FI,Deaths,2021-07-26,4.42576086956522,3.06565217391304,1.44366047369167,,3,invscore_median
weighted.median_ensemble,FI,Cases,2021-08-02,940.919239130435,1347.33315217391,0.69835677806359,,3,invscore_median
weighted.median_ensemble,FI,Deaths,2021-08-02,3.25625,3.1395652173913,1.03716590499931,,3,invscore_median
weighted.median_ensemble,FI,Cases,2021-08-09,1493.24125,1483.53864130435,1.00654017928857,,3,invscore_median
weighted.median_ensemble,FI,Deaths,2021-08-09,3.42739130434783,1.86282608695652,1.83988796825767,,3,invscore_median
weighted.median_ensemble,FI,Cases,2021-08-16,2666.65320652174,2539.06923913043,1.05024832148138,,3,invscore_median
weighted.median_ensemble,FI,Deaths,2021-08-16,2.78282608695652,3.07201086956522,0.905864661654135,,3,invscore_median
weighted.median_ensemble,FI,Cases,2021-08-23,439.725706521739,746.775326086957,0.588832666480649,,3,invscore_median
weighted.median_ensemble,FI,Deaths,2021-08-23,1.52,2.19684782608696,0.691900450249864,,3,invscore_median
weighted.median_ensemble,FI,Cases,2021-08-30,244.944782608696,246.586902173913,0.993340605073747,,3,invscore_median
weighted.median_ensemble,FI,Deaths,2021-08-30,2.41663043478261,2.01413043478261,1.19983810037777,,3,invscore_median
weighted.median_ensemble,FI,Cases,2021-09-06,826.114592391304,334.342989130435,2.47085962394449,,3,invscore_median
weighted.median_ensemble,FI,Deaths,2021-09-06,4.90092391304348,3.88402173913044,1.26181680799261,,3,invscore_median
weighted.median_ensemble,FI,Cases,2021-09-13,1330.82739130435,701.256739130435,1.89777483344344,,3,invscore_median
weighted.median_ensemble,FI,Deaths,2021-09-13,11.5285869565217,8.92065217391304,1.2923479956135,,3,invscore_median
weighted.median_ensemble,FI,Cases,2021-09-20,1261.23570652174,738.104891304348,1.70874860928362,,3,invscore_median
weighted.median_ensemble,FI,Deaths,2021-09-20,13.2198913043478,11.0751630434783,1.19365207107561,,3,invscore_median
weighted.median_ensemble,FI,Cases,2021-09-27,1438.55913043478,1114.18402173913,1.29113243626429,,3,invscore_median
weighted.median_ensemble,FI,Deaths,2021-09-27,14.4057065217391,11.2165760869565,1.28432298858929,,3,invscore_median
weighted.median_ensemble,FI,Cases,2021-10-04,850.169565217391,714.382119565217,1.19007676974728,,3,invscore_median
weighted.median_ensemble,FI,Deaths,2021-10-04,15.3416847826087,13.043152173913,1.17622523896431,,3,invscore_median
weighted.median_ensemble,FI,Cases,2021-10-11,538.478967391304,516.231467391304,1.04309597807438,,3,invscore_median
weighted.median_ensemble,FI,Deaths,2021-10-11,12.1270652173913,12.0157608695652,1.00926319598354,,3,invscore_median
weighted.median_ensemble,FI,Cases,2021-10-18,514.122119565217,549.394402173913,0.935797884963651,,3,invscore_median
weighted.median_ensemble,FI,Deaths,2021-10-18,10.4017934782609,13.6375,0.762734627186865,,3,invscore_median
weighted.median_ensemble,FI,Cases,2021-10-25,1139.95989130435,1149.16663043478,0.991988334079148,,3,invscore_median
weighted.median_ensemble,FI,Deaths,2021-10-25,18.6626086956522,17.5764673913044,1.06179519923811,,3,invscore_median
weighted.median_ensemble,FI,Cases,2021-11-01,1464.37298913043,1305.82206521739,1.12141847510185,,3,invscore_median
weighted.median_ensemble,FI,Deaths,2021-11-01,19.0136413043478,25.18375,0.754996428424989,,3,invscore_median
weighted.median_ensemble,FI,Cases,2021-11-08,1434.57951086957,1699.23798913044,0.844248727986416,,3,invscore_median
weighted.median_ensemble,FI,Deaths,2021-11-08,17.9361413043478,22.2915217391304,0.804617177519236,,3,invscore_median
weighted.median_ensemble,FI,Cases,2021-11-15,1769.12516304348,2862.02798913044,0.618136918912868,,3,invscore_median
weighted.median_ensemble,FI,Deaths,2021-11-15,10.9142934782609,16,0.682143342391304,,3,invscore_median
weighted.median_ensemble,FI,Cases,2021-11-22,1291.54809782609,931.810652173913,1.38606281738989,,3,invscore_median
weighted.median_ensemble,FI,Deaths,2021-11-22,10.0465760869565,13.9799456521739,0.718641998825958,,3,invscore_median
weighted.median_ensemble,FI,Cases,2021-11-29,1752.29336956522,1997.1822826087,0.877382793160168,,3,invscore_median
weighted.median_ensemble,FI,Deaths,2021-11-29,7.34260869565217,5.98923913043478,1.22596686085552,,3,invscore_median
weighted.median_ensemble,FI,Cases,2021-12-06,7486.88369565218,7921.40641304348,0.945145761404716,,3,invscore_median
weighted.median_ensemble,FI,Deaths,2021-12-06,11.8170652173913,9.34108695652174,1.26506318508692,,3,invscore_median
weighted.median_ensemble,FI,Cases,2021-12-13,18210.4872826087,17070.7173369565,1.06676754837857,,3,invscore_median
weighted.median_ensemble,FI,Deaths,2021-12-13,9.5529347826087,10.3038043478261,0.9271269581729,,3,invscore_median
weighted.median_ensemble,FI,Cases,2021-12-20,23842.7046195652,26263.3633695652,0.907831349856541,,3,invscore_median
weighted.median_ensemble,FI,Deaths,2021-12-20,20.025652173913,13.7089130434783,1.46077607396013,,3,invscore_median
weighted.median_ensemble,FI,Cases,2021-12-27,20289.1410326087,23131.5205434783,0.877120939562663,,3,invscore_median
weighted.median_ensemble,FI,Deaths,2021-12-27,19.8819565217391,16.3586413043478,1.21537945308788,,3,invscore_median
weighted.median_ensemble,FI,Cases,2022-01-03,11195.334673913,11173.0282608696,1.00199645185913,,3,invscore_median
weighted.median_ensemble,FI,Deaths,2022-01-03,11.8953804347826,14.7179347826087,0.808223477715003,,3,invscore_median
weighted.median_ensemble,FI,Cases,2022-01-10,28180.1860869565,28974.1013043478,0.972599142625619,,3,invscore_median
weighted.median_ensemble,FI,Deaths,2022-01-10,22.9659782608696,48.5013043478261,0.473512590427868,,3,invscore_median
weighted.median_ensemble,FI,Cases,2022-01-17,43898.9992934783,36229.8264130435,1.21168119308664,,3,invscore_median
weighted.median_ensemble,FI,Deaths,2022-01-17,21.4174456521739,42.1216304347826,0.508466681633675,,3,invscore_median
weighted.median_ensemble,FI,Cases,2022-01-24,24491.6083695652,15198.4179347826,1.61145775005401,,3,invscore_median
weighted.median_ensemble,FI,Deaths,2022-01-24,54.6632608695652,38.8936413043478,1.40545495449547,,3,invscore_median
weighted.median_ensemble,FI,Cases,2022-01-31,17814.8581521739,12339.7995652174,1.44369104684563,,3,invscore_median
weighted.median_ensemble,FI,Deaths,2022-01-31,68.1598913043478,51.3010326086957,1.32862610825488,,3,invscore_median
weighted.median_ensemble,FI,Cases,2022-02-07,13763.2782065217,6062.30880434783,2.27030305626313,,3,invscore_median
weighted.median_ensemble,FI,Deaths,2022-02-07,19.8453260869565,16.6227173913044,1.1938677425472,,3,invscore_median
weighted.median_ensemble,FI,Cases,2022-02-14,10124.9211413043,18833.4275,0.537603744262925,,3,invscore_median
weighted.median_ensemble,FI,Deaths,2022-02-14,48.56625,47.5797826086957,1.02073291085454,,3,invscore_median
weighted.median_ensemble,FI,Cases,2022-02-21,10894.8263043478,9191.42918478261,1.18532451105486,,3,invscore_median
weighted.median_ensemble,FI,Deaths,2022-02-21,50.8101086956522,44.4354347826087,1.14345924472733,,3,invscore_median
weighted.median_ensemble,FI,Cases,2022-02-28,19294.2022826087,18871.8079347826,1.02238229369893,,3,invscore_median
weighted.median_ensemble,FI,Deaths,2022-02-28,79.0582608695652,72.3572826086957,1.0926095897922,,3,invscore_median
weighted.median_ensemble,FI,Cases,2022-03-07,20334.3626086957,15915.689673913,1.2776300006669,,3,invscore_median
weighted.median_ensemble,FI,Deaths,2022-03-07,170.257934782609,118.7325,1.43396235051573,,3,invscore_median
weighted.median_ensemble,GR,Cases,2021-04-12,3533.34516304348,2799.41934782609,1.26217073043641,,3,invscore_median
weighted.median_ensemble,GR,Deaths,2021-04-12,24.6426630434783,28.8505434782609,0.854149006310634,,3,invscore_median
weighted.median_ensemble,GR,Cases,2021-04-19,1638.55907608696,2100.42059782609,0.780109982630549,,3,invscore_median
weighted.median_ensemble,GR,Deaths,2021-04-19,30.164402173913,37.6042391304348,0.802154301521279,,3,invscore_median
weighted.median_ensemble,GR,Cases,2021-04-26,1718.90554347826,1691.70847826087,1.01607668553234,,3,invscore_median
weighted.median_ensemble,GR,Deaths,2021-04-26,25.3265760869565,35.7525543478261,0.708385080421436,,3,invscore_median
weighted.median_ensemble,GR,Cases,2021-05-03,1896.75918478261,1862.23554347826,1.01853881557854,,3,invscore_median
weighted.median_ensemble,GR,Deaths,2021-05-03,60.4621195652174,28.2523369565217,2.14007498417792,,3,invscore_median
weighted.median_ensemble,GR,Cases,2021-05-10,1236.05538043478,1647.10793478261,0.750439818989714,,3,invscore_median
weighted.median_ensemble,GR,Deaths,2021-05-10,28.444347826087,48.1138043478261,0.591188915772613,,3,invscore_median
weighted.median_ensemble,GR,Cases,2021-05-17,1606.77804347826,2298.27407608696,0.699123773007074,,3,invscore_median
weighted.median_ensemble,GR,Deaths,2021-05-17,31.4703260869565,41.1927173913044,0.763977908716452,,3,invscore_median
weighted.median_ensemble,GR,Cases,2021-05-24,2696.10467391304,2736.14065217391,0.985367719225596,,3,invscore_median
weighted.median_ensemble,GR,Deaths,2021-05-24,30.5852173913044,54.2170652173913,0.564125285436761,,3,invscore_median
weighted.median_ensemble,GR,Cases,2021-05-31,2033.98054347826,2495.22086956522,0.815150501619792,,3,invscore_median
weighted.median_ensemble,GR,Deaths,2021-05-31,21.2571195652174,35.6141304347826,0.596873187852892,,3,invscore_median
weighted.median_ensemble,GR,Cases,2021-06-07,1126.91722826087,1163.42260869565,0.968622424764712,,3,invscore_median
weighted.median_ensemble,GR,Deaths,2021-06-07,12.2022282608696,20.6613043478261,0.590583636707982,,3,invscore_median
weighted.median_ensemble,GR,Cases,2021-06-14,2502.69961956522,2415.77864130435,1.03598052270797,,3,invscore_median
weighted.median_ensemble,GR,Deaths,2021-06-14,13.2292391304348,7.76467391304348,1.70377266046056,,3,invscore_median
weighted.median_ensemble,GR,Cases,2021-06-21,7542.50195652174,6933.85407608696,1.08777915914525,,3,invscore_median
weighted.median_ensemble,GR,Deaths,2021-06-21,11.830652173913,7.99152173913044,1.48040042436278,,3,invscore_median
weighted.median_ensemble,GR,Cases,2021-06-28,11874.0148369565,11172.9526630435,1.06274636571512,,3,invscore_median
weighted.median_ensemble,GR,Deaths,2021-06-28,6.44184782608696,5.3570652173913,1.20249568834331,,3,invscore_median
weighted.median_ensemble,GR,Cases,2021-07-05,8048.11831521739,8047.90940217391,1.00002595867238,,3,invscore_median
weighted.median_ensemble,GR,Deaths,2021-07-05,10.0860326086957,8.15923913043478,1.23614867115167,,3,invscore_median
weighted.median_ensemble,GR,Cases,2021-07-12,1693.13657608696,4383.64315217391,0.386239599646085,,3,invscore_median
weighted.median_ensemble,GR,Deaths,2021-07-12,35.1015760869565,52.4572826086957,0.669145909611754,,3,invscore_median
weighted.median_ensemble,GR,Cases,2021-07-19,3781.55190217391,7703.83907608696,0.490865900082468,,3,invscore_median
weighted.median_ensemble,GR,Deaths,2021-07-19,15.4229891304348,62.7729347826087,0.245694887196954,,3,invscore_median
weighted.median_ensemble,GR,Cases,2021-07-26,2491.62983695652,1851.66869565217,1.34561319895239,,3,invscore_median
weighted.median_ensemble,GR,Deaths,2021-07-26,40.7897826086957,15.4344565217391,2.6427741431157,,3,invscore_median
weighted.median_ensemble,GR,Cases,2021-08-02,2178.97820652174,1906.19336956522,1.1431044936531,,3,invscore_median
weighted.median_ensemble,GR,Deaths,2021-08-02,45.2097282608696,38.423152173913,1.17662725994574,,3,invscore_median
weighted.median_ensemble,GR,Cases,2021-08-09,1878.07442934783,2065.33972826087,0.909329542084231,,3,invscore_median
weighted.median_ensemble,GR,Deaths,2021-08-09,64.2356521739131,51.5517391304348,1.24604238882001,,3,invscore_median
weighted.median_ensemble,GR,Cases,2021-08-16,1338.13467391304,4413.90282608696,0.303163600703765,,3,invscore_median
weighted.median_ensemble,GR,Deaths,2021-08-16,44.2357608695652,34.6964673913043,1.27493558265392,,3,invscore_median
weighted.median_ensemble,GR,Cases,2021-08-23,2152.2735326087,2427.08858695652,0.886771724845679,,3,invscore_median
weighted.median_ensemble,GR,Deaths,2021-08-23,52.4911413043478,49.3238043478261,1.0642151796359,,3,invscore_median
weighted.median_ensemble,GR,Cases,2021-08-30,2529.92190217391,2185.37875,1.15765832452334,,3,invscore_median
weighted.median_ensemble,GR,Deaths,2021-08-30,29.7946195652174,25.5323913043478,1.1669341586561,,3,invscore_median
weighted.median_ensemble,GR,Cases,2021-09-06,1394.30690217391,1258.15690217391,1.10821384818122,,3,invscore_median
weighted.median_ensemble,GR,Deaths,2021-09-06,27.814347826087,24.2197826086957,1.1484144294549,,3,invscore_median
weighted.median_ensemble,GR,Cases,2021-09-13,1699.30989130435,1396.1,1.21718350498127,,3,invscore_median
weighted.median_ensemble,GR,Deaths,2021-09-13,28.7189130434783,29.7644565217391,0.964872750910226,,3,invscore_median
weighted.median_ensemble,GR,Cases,2021-09-20,3727.26032608696,2035.56195652174,1.83107191316147,,3,invscore_median
weighted.median_ensemble,GR,Deaths,2021-09-20,31.1779347826087,24.4836413043478,1.27341903089685,,3,invscore_median
weighted.median_ensemble,GR,Cases,2021-09-27,3444.12880434783,2034.85989130435,1.69256311899692,,3,invscore_median
weighted.median_ensemble,GR,Deaths,2021-09-27,34.7588043478261,29.77625,1.16733317149829,,3,invscore_median
weighted.median_ensemble,GR,Cases,2021-10-04,3323.27054347826,3347.21179347826,0.992847405100972,,3,invscore_median
weighted.median_ensemble,GR,Deaths,2021-10-04,31.5045652173913,29.0738043478261,1.08360656350592,,3,invscore_median
weighted.median_ensemble,GR,Cases,2021-10-11,9196.0172826087,7590.10179347826,1.21158023078298,,3,invscore_median
weighted.median_ensemble,GR,Deaths,2021-10-11,79.5404347826087,46.0707608695652,1.72648407105327,,3,invscore_median
weighted.median_ensemble,GR,Cases,2021-10-18,11000.0376630435,10817.6083695652,1.01686410593228,,3,invscore_median
weighted.median_ensemble,GR,Deaths,2021-10-18,67.6945652173913,54.0141304347826,1.25327510917031,,3,invscore_median
weighted.median_ensemble,GR,Cases,2021-10-25,5033.00451086957,7606.62206521739,0.661660914360904,,3,invscore_median
weighted.median_ensemble,GR,Deaths,2021-10-25,96.2373913043478,81.606847826087,1.17928083081263,,3,invscore_median
weighted.median_ensemble,GR,Cases,2021-11-01,9369.18956521739,7050.8097826087,1.3288104280344,,3,invscore_median
weighted.median_ensemble,GR,Deaths,2021-11-01,76.6599456521739,66.9539130434783,1.14496587529384,,3,invscore_median
weighted.median_ensemble,GR,Cases,2021-11-08,10562.6364130435,8173.84576086957,1.29224807049941,,3,invscore_median
weighted.median_ensemble,GR,Deaths,2021-11-08,53.0007608695652,36.0901086956522,1.46856750464568,,3,invscore_median
weighted.median_ensemble,GR,Cases,2021-11-15,10229.782826087,14203.3423369565,0.720237714715182,,3,invscore_median
weighted.median_ensemble,GR,Deaths,2021-11-15,40.563097826087,48.5703260869565,0.835141558520031,,3,invscore_median
weighted.median_ensemble,GR,Cases,2021-11-22,5192.90418478261,4413.085,1.176706132962,,3,invscore_median
weighted.median_ensemble,GR,Deaths,2021-11-22,56.1948369565217,44.5947282608696,1.26012286985569,,3,invscore_median
weighted.median_ensemble,GR,Cases,2021-11-29,2704.88885869565,3077.8127173913,0.878834778806251,,3,invscore_median
weighted.median_ensemble,GR,Deaths,2021-11-29,66.0291847826087,51.3760869565218,1.28521241484365,,3,invscore_median
weighted.median_ensemble,GR,Cases,2021-12-06,37327.0899456522,35154.1331521739,1.06181227066735,,3,invscore_median
weighted.median_ensemble,GR,Deaths,2021-12-06,19.6159239130435,34.9814130434783,0.56075276000609,,3,invscore_median
weighted.median_ensemble,GR,Cases,2021-12-13,91080.8506521739,89157.691576087,1.02157031033543,,3,invscore_median
weighted.median_ensemble,GR,Deaths,2021-12-13,31.4695652173913,28.2959239130435,1.11215895667874,,3,invscore_median
weighted.median_ensemble,GR,Cases,2021-12-20,126634.90826087,123459.00576087,1.02572434858378,,3,invscore_median
weighted.median_ensemble,GR,Deaths,2021-12-20,33.065652173913,31.4867391304348,1.05014533378441,,3,invscore_median
weighted.median_ensemble,GR,Cases,2021-12-27,133642.519347826,119129.847826087,1.12182229547481,,3,invscore_median
weighted.median_ensemble,GR,Deaths,2021-12-27,39.9646195652174,36.7864130434783,1.08639620606616,,3,invscore_median
weighted.median_ensemble,GR,Cases,2022-01-03,19977.5568478261,27907.0404891304,0.715860818548896,,3,invscore_median
weighted.median_ensemble,GR,Deaths,2022-01-03,197.362282608696,155.267173913043,1.2711140264537,,3,invscore_median
weighted.median_ensemble,GR,Cases,2022-01-10,97341.7114673913,203313.967445652,0.478775328081735,,3,invscore_median
weighted.median_ensemble,GR,Deaths,2022-01-10,204.104184782609,139.544891304348,1.46264175545815,,3,invscore_median
weighted.median_ensemble,GR,Cases,2022-01-17,11906.1901630435,25316.0588043478,0.470301884470212,,3,invscore_median
weighted.median_ensemble,GR,Deaths,2022-01-17,67.3504891304348,46.6801086956522,1.44280917530742,,3,invscore_median
weighted.median_ensemble,GR,Cases,2022-01-24,70359.0474456522,17825.8698913044,3.94701901644498,,3,invscore_median
weighted.median_ensemble,GR,Deaths,2022-01-24,41.7535869565217,44.8901086956522,0.930128889631443,,3,invscore_median
weighted.median_ensemble,GR,Cases,2022-01-31,53530.5763586957,20094.9586956522,2.66388088522311,,3,invscore_median
weighted.median_ensemble,GR,Deaths,2022-01-31,44.8175543478261,70.4223913043478,0.6364105722303,,3,invscore_median
weighted.median_ensemble,GR,Cases,2022-02-07,42814.2167391304,9670.43163043478,4.4273325509469,,3,invscore_median
weighted.median_ensemble,GR,Deaths,2022-02-07,34.955652173913,83.3033695652174,0.419618706378337,,3,invscore_median
weighted.median_ensemble,GR,Cases,2022-02-14,10854.7979347826,8516.51402173913,1.27455880505507,,3,invscore_median
weighted.median_ensemble,GR,Deaths,2022-02-14,45.0590217391304,61.2339130434783,0.735850764708388,,3,invscore_median
weighted.median_ensemble,GR,Cases,2022-02-21,13308.9322826087,13297.1841304348,1.00088350676795,,3,invscore_median
weighted.median_ensemble,GR,Deaths,2022-02-21,30.1086413043478,37.2273913043478,0.808776555364797,,3,invscore_median
weighted.median_ensemble,GR,Cases,2022-02-28,32168.1413043478,31048.8872826087,1.03604812022897,,3,invscore_median
weighted.median_ensemble,GR,Deaths,2022-02-28,43.6000543478261,32.5307608695652,1.34027158241531,,3,invscore_median
weighted.median_ensemble,GR,Cases,2022-03-07,47745.37125,28961.2504347826,1.64859495129594,,3,invscore_median
weighted.median_ensemble,GR,Deaths,2022-03-07,73.1748369565217,37.2741304347826,1.96315342847645,,3,invscore_median
weighted.median_ensemble,HR,Cases,2021-04-12,3110.49309782609,2639.75336956522,1.17832716256307,,3,invscore_median
weighted.median_ensemble,HR,Deaths,2021-04-12,30.4427173913044,43.4075,0.701323904654826,,3,invscore_median
weighted.median_ensemble,HR,Cases,2021-04-19,3718.52483695652,5034.4122826087,0.738621437461948,,3,invscore_median
weighted.median_ensemble,HR,Deaths,2021-04-19,30.0519565217391,33.0275,0.909907093232583,,3,invscore_median
weighted.median_ensemble,HR,Cases,2021-04-26,3926.97456521739,3953.35679347826,0.993326626044886,,3,invscore_median
weighted.median_ensemble,HR,Deaths,2021-04-26,27.8577173913043,24.8619565217391,1.1204957810519,,3,invscore_median
weighted.median_ensemble,HR,Cases,2021-05-03,3140.05532608696,3769.6239673913,0.832989007192665,,3,invscore_median
weighted.median_ensemble,HR,Deaths,2021-05-03,34.848152173913,41.3163043478261,0.84344794927784,,3,invscore_median
weighted.median_ensemble,HR,Cases,2021-05-10,913.744891304348,1544.47097826087,0.591623218672103,,3,invscore_median
weighted.median_ensemble,HR,Deaths,2021-05-10,54.42625,32.0575,1.69776963269126,,3,invscore_median
weighted.median_ensemble,HR,Cases,2021-05-17,907.642663043478,1078.65516304348,0.841457672610142,,3,invscore_median
weighted.median_ensemble,HR,Deaths,2021-05-17,26.1502717391304,34.6845652173913,0.753945496367887,,3,invscore_median
weighted.median_ensemble,HR,Cases,2021-05-24,149.76597826087,213.185543478261,0.702514700656246,,3,invscore_median
weighted.median_ensemble,HR,Deaths,2021-05-24,8.53619565217391,23.8098913043478,0.358514683795098,,3,invscore_median
weighted.median_ensemble,HR,Cases,2021-05-31,142.210163043478,138.061304347826,1.03005084382804,,3,invscore_median
weighted.median_ensemble,HR,Deaths,2021-05-31,4.56641304347826,4.84836956521739,0.941845084631768,,3,invscore_median
weighted.median_ensemble,HR,Cases,2021-06-07,190.686902173913,132.395923913043,1.44027774071923,,3,invscore_median
weighted.median_ensemble,HR,Deaths,2021-06-07,4.89461956521739,4.28326086956522,1.14273207125818,,3,invscore_median
weighted.median_ensemble,HR,Cases,2021-06-14,157.010380434783,119.014782608696,1.31925107951515,,3,invscore_median
weighted.median_ensemble,HR,Deaths,2021-06-14,2.67342391304348,2.30369565217391,1.16049353590639,,3,invscore_median
weighted.median_ensemble,HR,Cases,2021-06-21,257.862445652174,157.515,1.63706596611227,,3,invscore_median
weighted.median_ensemble,HR,Deaths,2021-06-21,2.29847826086957,2.10532608695652,1.09174454024472,,3,invscore_median
weighted.median_ensemble,HR,Cases,2021-06-28,330.82402173913,261.895217391304,1.26319229894465,,3,invscore_median
weighted.median_ensemble,HR,Deaths,2021-06-28,1.20505434782609,1.64489130434783,0.732604242384194,,3,invscore_median
weighted.median_ensemble,HR,Cases,2021-07-05,392.579293478261,156.518315217391,2.50820035299383,,3,invscore_median
weighted.median_ensemble,HR,Deaths,2021-07-05,1.30380434782609,1.64021739130435,0.794897282968854,,3,invscore_median
weighted.median_ensemble,HR,Cases,2021-07-12,239.558260869565,239.533423913043,1.00010368889701,,3,invscore_median
weighted.median_ensemble,HR,Deaths,2021-07-12,2.64733695652174,2.50173913043478,1.05819864442127,,3,invscore_median
weighted.median_ensemble,HR,Cases,2021-07-19,204.248369565217,200.697282608696,1.01769374707203,,3,invscore_median
weighted.median_ensemble,HR,Deaths,2021-07-19,2.21396739130435,2.40130434782609,0.921985334057577,,3,invscore_median
weighted.median_ensemble,HR,Cases,2021-07-26,309.580434782609,251.344673913044,1.23169681681702,,3,invscore_median
weighted.median_ensemble,HR,Deaths,2021-07-26,2.93945652173913,2.52,1.16645100069013,,3,invscore_median
weighted.median_ensemble,HR,Cases,2021-08-02,412.057717391304,416.348532608696,0.989694174756648,,3,invscore_median
weighted.median_ensemble,HR,Deaths,2021-08-02,2.69222826086957,3.43347826086957,0.784111054830948,,3,invscore_median
weighted.median_ensemble,HR,Cases,2021-08-09,764.673695652174,655.400054347826,1.16672815417003,,3,invscore_median
weighted.median_ensemble,HR,Deaths,2021-08-09,3.80130434782609,4.88565217391304,0.778054640918395,,3,invscore_median
weighted.median_ensemble,HR,Cases,2021-08-16,433.915271739131,505.119782608696,0.859034404667683,,3,invscore_median
weighted.median_ensemble,HR,Deaths,2021-08-16,20.1076630434783,11.2853804347826,1.78174436915787,,3,invscore_median
weighted.median_ensemble,HR,Cases,2021-08-23,496.483152173913,500.588532608696,0.991798892368971,,3,invscore_median
weighted.median_ensemble,HR,Deaths,2021-08-23,18.2142391304348,9.71494565217391,1.87486783586473,,3,invscore_median
weighted.median_ensemble,HR,Cases,2021-08-30,742.645054347826,670.599565217391,1.10743444056227,,3,invscore_median
weighted.median_ensemble,HR,Deaths,2021-08-30,14.4464130434783,10.0644565217391,1.43538928428715,,3,invscore_median
weighted.median_ensemble,HR,Cases,2021-09-06,708.441739130435,878.808967391304,0.806138495870615,,3,invscore_median
weighted.median_ensemble,HR,Deaths,2021-09-06,9.56288043478261,8.38336956521739,1.1406965135426,,3,invscore_median
weighted.median_ensemble,HR,Cases,2021-09-13,955.694945652174,1283.22597826087,0.744759661854265,,3,invscore_median
weighted.median_ensemble,HR,Deaths,2021-09-13,14.0266847826087,16.0828260869565,0.872152985225936,,3,invscore_median
weighted.median_ensemble,HR,Cases,2021-09-20,2060.61201086957,2289.99032608696,0.899834373707009,,3,invscore_median
weighted.median_ensemble,HR,Deaths,2021-09-20,13.890652173913,8.41190217391304,1.65130928614347,,3,invscore_median
weighted.median_ensemble,HR,Cases,2021-09-27,1678.94673913043,1396.89163043478,1.20191624214103,,3,invscore_median
weighted.median_ensemble,HR,Deaths,2021-09-27,13.3130434782609,12.5963586956522,1.05689618721767,,3,invscore_median
weighted.median_ensemble,HR,Cases,2021-10-04,3124.3660326087,3067.16782608696,1.01864854150962,,3,invscore_median
weighted.median_ensemble,HR,Deaths,2021-10-04,27.5876086956522,21.0085869565217,1.3131586980479,,3,invscore_median
weighted.median_ensemble,HR,Cases,2021-10-11,9371.55608695652,7004.20668478261,1.3379896551764,,3,invscore_median
weighted.median_ensemble,HR,Deaths,2021-10-11,72.8976086956522,38.7777173913044,1.87988395397402,,3,invscore_median
weighted.median_ensemble,HR,Cases,2021-10-18,13592.6523369565,10798.3844021739,1.25876722208741,,3,invscore_median
weighted.median_ensemble,HR,Deaths,2021-10-18,97.6599456521739,74.7914130434783,1.30576414695363,,3,invscore_median
weighted.median_ensemble,HR,Cases,2021-10-25,6142.15538043478,5040.18391304348,1.21863715419977,,3,invscore_median
weighted.median_ensemble,HR,Deaths,2021-10-25,123.878586956522,70.1170108695652,1.76674084391541,,3,invscore_median
weighted.median_ensemble,HR,Cases,2021-11-01,3701.39070652174,6165.18815217391,0.600369464023022,,3,invscore_median
weighted.median_ensemble,HR,Deaths,2021-11-01,33.9340217391304,43.8847282608696,0.773253545912649,,3,invscore_median
weighted.median_ensemble,HR,Cases,2021-11-08,7163.06570652174,9478.22059782609,0.755739501163821,,3,invscore_median
weighted.median_ensemble,HR,Deaths,2021-11-08,58.4782065217391,52.0608695652174,1.12326603474194,,3,invscore_median
weighted.median_ensemble,HR,Cases,2021-11-15,16022.6963043478,17752.2575543478,0.902572321029874,,3,invscore_median
weighted.median_ensemble,HR,Deaths,2021-11-15,196.932989130435,150.084565217391,1.31214684764676,,3,invscore_median
weighted.median_ensemble,HR,Cases,2021-11-22,1610.985,1972.43891304348,0.816747727570557,,3,invscore_median
weighted.median_ensemble,HR,Deaths,2021-11-22,41.3406521739131,43.7302173913043,0.945356658165929,,3,invscore_median
weighted.median_ensemble,HR,Cases,2021-11-29,3390.78059782609,3575.47586956522,0.948343862893532,,3,invscore_median
weighted.median_ensemble,HR,Deaths,2021-11-29,21.5914130434783,35.0811956521739,0.615469702274537,,3,invscore_median
weighted.median_ensemble,HR,Cases,2021-12-06,3015.14657608696,2248.99239130435,1.34066552992572,,3,invscore_median
weighted.median_ensemble,HR,Deaths,2021-12-06,16.6855434782609,21.518152173913,0.775417114973708,,3,invscore_median
weighted.median_ensemble,HR,Cases,2021-12-13,9793.45119565217,7337.04918478261,1.33479426796869,,3,invscore_median
weighted.median_ensemble,HR,Deaths,2021-12-13,18.549402173913,17.7773913043478,1.0434265554686,,3,invscore_median
weighted.median_ensemble,HR,Cases,2021-12-20,18988.82,14771.2223913043,1.28552800147255,,3,invscore_median
weighted.median_ensemble,HR,Deaths,2021-12-20,32.3498369565217,18.6416304347826,1.73535448359504,,3,invscore_median
weighted.median_ensemble,HR,Cases,2021-12-27,24487.1920108696,23859.4945108696,1.02630808040439,,3,invscore_median
weighted.median_ensemble,HR,Deaths,2021-12-27,25.9909239130435,19.8946739130435,1.30642623380739,,3,invscore_median
weighted.median_ensemble,HR,Cases,2022-01-03,24159.025,21419.0021195652,1.12792486153834,,3,invscore_median
weighted.median_ensemble,HR,Deaths,2022-01-03,59.0672826086957,39.3953260869565,1.49934747280217,,3,invscore_median
weighted.median_ensemble,HR,Cases,2022-01-10,6298.12266304348,5377.94657608696,1.17110175304606,,3,invscore_median
weighted.median_ensemble,HR,Deaths,2022-01-10,52.0639130434783,57.1705434782609,0.910677245236887,,3,invscore_median
weighted.median_ensemble,HR,Cases,2022-01-17,7168.26206521739,22728.2060869565,0.315390578464139,,3,invscore_median
weighted.median_ensemble,HR,Deaths,2022-01-17,80.1538043478261,58.6563043478261,1.36649939403823,,3,invscore_median
weighted.median_ensemble,HR,Cases,2022-01-24,5805.10108695652,21061.2577173913,0.275629364820078,,3,invscore_median
weighted.median_ensemble,HR,Deaths,2022-01-24,23.2809239130435,24.4067391304348,0.953872772131717,,3,invscore_median
weighted.median_ensemble,HR,Cases,2022-01-31,24190.4406521739,22461.1314130435,1.07699119012884,,3,invscore_median
weighted.median_ensemble,HR,Deaths,2022-01-31,41.936902173913,67.9848913043478,0.616856206861819,,3,invscore_median
weighted.median_ensemble,HR,Cases,2022-02-07,12561.7007608696,11365.3831521739,1.10525976930807,,3,invscore_median
weighted.median_ensemble,HR,Deaths,2022-02-07,18.0714130434783,35.2115217391304,0.513224426293271,,3,invscore_median
weighted.median_ensemble,HR,Cases,2022-02-14,1901.72065217391,5127.92652173913,0.370855675117776,,3,invscore_median
weighted.median_ensemble,HR,Deaths,2022-02-14,42.9064130434783,42.2151086956522,1.01637575667067,,3,invscore_median
weighted.median_ensemble,HR,Cases,2022-02-21,1659.02630434783,1594.26326086957,1.04062255279152,,3,invscore_median
weighted.median_ensemble,HR,Deaths,2022-02-21,77.4227173913044,66.8152173913044,1.15875874410281,,3,invscore_median
weighted.median_ensemble,HR,Cases,2022-02-28,3192.76625,2451.2197826087,1.30252141103484,,3,invscore_median
weighted.median_ensemble,HR,Deaths,2022-02-28,15.1186956521739,14.5164673913043,1.04148586874726,,3,invscore_median
weighted.median_ensemble,HR,Cases,2022-03-07,4367.36858695652,3656.1077173913,1.19454045792522,,3,invscore_median
weighted.median_ensemble,HR,Deaths,2022-03-07,13.8267391304348,13.2198913043478,1.04590414641967,,3,invscore_median
weighted.median_ensemble,HU,Cases,2021-04-12,2601.53494565217,5873.6964673913,0.442912731377078,,3,invscore_median
weighted.median_ensemble,HU,Deaths,2021-04-12,124.928423913044,90.8639130434783,1.37489592654089,,3,invscore_median
weighted.median_ensemble,HU,Cases,2021-04-19,2574.64315217391,3481.4702173913,0.739527553420553,,3,invscore_median
weighted.median_ensemble,HU,Deaths,2021-04-19,65.2239130434783,97.0792391304348,0.671862631266032,,3,invscore_median
weighted.median_ensemble,HU,Cases,2021-04-26,674.332336956522,2473.01076086957,0.27267666911381,,3,invscore_median
weighted.median_ensemble,HU,Deaths,2021-04-26,47.2302173913043,68.7975543478261,0.68651012145749,,3,invscore_median
weighted.median_ensemble,HU,Cases,2021-05-03,475.100815217391,3116.13826086957,0.152464613391324,,3,invscore_median
weighted.median_ensemble,HU,Deaths,2021-05-03,63.7928804347826,80.9621195652174,0.78793491051572,,3,invscore_median
weighted.median_ensemble,HU,Cases,2021-05-10,364.209239130435,1347.77663043478,0.270229673750126,,3,invscore_median
weighted.median_ensemble,HU,Deaths,2021-05-10,46.4171739130435,40.7648913043478,1.13865565264227,,3,invscore_median
weighted.median_ensemble,HU,Cases,2021-05-17,400.149456521739,498.046141304348,0.803438523735523,,3,invscore_median
weighted.median_ensemble,HU,Deaths,2021-05-17,57.0633695652174,57.6170652173913,0.99039007540414,,3,invscore_median
weighted.median_ensemble,HU,Cases,2021-05-24,253.547663043478,390.296358695652,0.649628564024578,,3,invscore_median
weighted.median_ensemble,HU,Deaths,2021-05-24,24.0964673913044,31.423152173913,0.766838007146489,,3,invscore_median
weighted.median_ensemble,HU,Cases,2021-05-31,158.32972826087,222.246467391304,0.712406051350647,,3,invscore_median
weighted.median_ensemble,HU,Deaths,2021-05-31,13.0065760869565,11.4373369565217,1.13720319130232,,3,invscore_median
weighted.median_ensemble,HU,Cases,2021-06-07,92.6225,125.6675,0.737044184057135,,3,invscore_median
weighted.median_ensemble,HU,Deaths,2021-06-07,9.15228260869565,10.150597826087,0.901649613698058,,3,invscore_median
weighted.median_ensemble,HU,Cases,2021-06-14,133.19902173913,75.6528804347826,1.7606602811899,,3,invscore_median
weighted.median_ensemble,HU,Deaths,2021-06-14,6.75896739130435,3.50586956521739,1.92790041545235,,3,invscore_median
weighted.median_ensemble,HU,Cases,2021-06-21,95.0563586956522,58.1202717391304,1.63551125711021,,3,invscore_median
weighted.median_ensemble,HU,Deaths,2021-06-21,5.77048913043478,2.4975,2.31050615833225,,3,invscore_median
weighted.median_ensemble,HU,Cases,2021-06-28,92.7853804347826,67.21,1.38052939197713,,3,invscore_median
weighted.median_ensemble,HU,Deaths,2021-06-28,2.02842391304348,2.26771739130435,0.894478262953554,,3,invscore_median
weighted.median_ensemble,HU,Cases,2021-07-05,167.942173913044,113.36972826087,1.48136699707527,,3,invscore_median
weighted.median_ensemble,HU,Deaths,2021-07-05,2.24858695652174,1.89413043478261,1.18713416733616,,3,invscore_median
weighted.median_ensemble,HU,Cases,2021-07-12,195.928152173913,152.435326086957,1.28531986123837,,3,invscore_median
weighted.median_ensemble,HU,Deaths,2021-07-12,2.22125,1.85641304347826,1.19652789975994,,3,invscore_median
weighted.median_ensemble,HU,Cases,2021-07-19,165.58375,112.868369565217,1.46705184665862,,3,invscore_median
weighted.median_ensemble,HU,Deaths,2021-07-19,1.52342391304348,2.05891304347826,0.739916587477563,,3,invscore_median
weighted.median_ensemble,HU,Cases,2021-07-26,79.9575,159.83777173913,0.500241583262921,,3,invscore_median
weighted.median_ensemble,HU,Deaths,2021-07-26,1.49347826086957,2.06315217391304,0.723881776513356,,3,invscore_median
weighted.median_ensemble,HU,Cases,2021-08-02,173.05277173913,181.363097826087,0.954178517093232,,3,invscore_median
weighted.median_ensemble,HU,Deaths,2021-08-02,1.75222826086957,2.47336956521739,0.708437705998682,,3,invscore_median
weighted.median_ensemble,HU,Cases,2021-08-09,327.494565217391,265.686141304348,1.23263698892838,,3,invscore_median
weighted.median_ensemble,HU,Deaths,2021-08-09,1.61983695652174,2.09782608695652,0.772150259067358,,3,invscore_median
weighted.median_ensemble,HU,Cases,2021-08-16,387.823858695652,335.492717391304,1.15598294267387,,3,invscore_median
weighted.median_ensemble,HU,Deaths,2021-08-16,4.27228260869565,4.31510869565217,0.990075316758609,,3,invscore_median
weighted.median_ensemble,HU,Cases,2021-08-23,671.919239130435,620.267717391304,1.08327294858479,,3,invscore_median
weighted.median_ensemble,HU,Deaths,2021-08-23,7.07695652173913,6.82423913043478,1.03703231766561,,3,invscore_median
weighted.median_ensemble,HU,Cases,2021-08-30,563.057119565217,441.066521739131,1.2765809505221,,3,invscore_median
weighted.median_ensemble,HU,Deaths,2021-08-30,7.56521739130435,7.40467391304348,1.02168137046225,,3,invscore_median
weighted.median_ensemble,HU,Cases,2021-09-06,438.297989130435,512.88277173913,0.854577328936617,,3,invscore_median
weighted.median_ensemble,HU,Deaths,2021-09-06,13.8329891304348,12.9529347826087,1.0679424672938,,3,invscore_median
weighted.median_ensemble,HU,Cases,2021-09-13,470.817336956522,630.293586956522,0.74698100488368,,3,invscore_median
weighted.median_ensemble,HU,Deaths,2021-09-13,9.27842391304348,7.35989130434783,1.26067404114546,,3,invscore_median
weighted.median_ensemble,HU,Cases,2021-09-20,522.750326086957,669.810869565217,0.780444674518764,,3,invscore_median
weighted.median_ensemble,HU,Deaths,2021-09-20,12.9590760869565,10.1735326086957,1.27380297340178,,3,invscore_median
weighted.median_ensemble,HU,Cases,2021-09-27,972.167663043478,775.698369565218,1.25328052911647,,3,invscore_median
weighted.median_ensemble,HU,Deaths,2021-09-27,16.7492391304348,26.7473913043478,0.626200848518344,,3,invscore_median
weighted.median_ensemble,HU,Cases,2021-10-04,3714.69168478261,3278.03163043478,1.1332080051619,,3,invscore_median
weighted.median_ensemble,HU,Deaths,2021-10-04,33.6453260869565,35.8426086956522,0.938696353623329,,3,invscore_median
weighted.median_ensemble,HU,Cases,2021-10-11,8840.85065217391,8303.81706521739,1.06467309946001,,3,invscore_median
weighted.median_ensemble,HU,Deaths,2021-10-11,108.416630434783,105.787065217391,1.02485715254495,,3,invscore_median
weighted.median_ensemble,HU,Cases,2021-10-18,14565.3601630435,11397.6110326087,1.27793097354979,,3,invscore_median
weighted.median_ensemble,HU,Deaths,2021-10-18,187.625597826087,216.499130434783,0.866634417650036,,3,invscore_median
weighted.median_ensemble,HU,Cases,2021-10-25,5683.805,7620.20847826087,0.745885761028049,,3,invscore_median
weighted.median_ensemble,HU,Deaths,2021-10-25,121.946684782609,189.516739130435,0.64346128654461,,3,invscore_median
weighted.median_ensemble,HU,Cases,2021-11-01,7917.84788043478,4376.6377173913,1.80911658485506,,3,invscore_median
weighted.median_ensemble,HU,Deaths,2021-11-01,106.729891304348,111.617880434783,0.956207830578804,,3,invscore_median
weighted.median_ensemble,HU,Cases,2021-11-08,15618.6814130435,11173.0757065217,1.39788557987903,,3,invscore_median
weighted.median_ensemble,HU,Deaths,2021-11-08,178.518260869565,246.375434782609,0.724578166760344,,3,invscore_median
weighted.median_ensemble,HU,Cases,2021-11-15,51303.5083695652,49707.3232608696,1.03211166894501,,3,invscore_median
weighted.median_ensemble,HU,Deaths,2021-11-15,773.809782608696,687.258043478261,1.12593776086256,,3,invscore_median
weighted.median_ensemble,HU,Cases,2021-11-22,29430.6007608696,33717.5429891304,0.872857217691015,,3,invscore_median
weighted.median_ensemble,HU,Deaths,2021-11-22,338.653586956522,508.94597826087,0.665401833243171,,3,invscore_median
weighted.median_ensemble,HU,Cases,2021-11-29,22095.9510326087,23760.4729347826,0.929945758792652,,3,invscore_median
weighted.median_ensemble,HU,Deaths,2021-11-29,123.718695652174,222.750108695652,0.555414748736277,,3,invscore_median
weighted.median_ensemble,HU,Cases,2021-12-06,9964.20217391304,17360.0758695652,0.573972271134008,,3,invscore_median
weighted.median_ensemble,HU,Deaths,2021-12-06,140.834510869565,85.1761956521739,1.65344918015214,,3,invscore_median
weighted.median_ensemble,HU,Cases,2021-12-13,4197.59277173913,4196.61673913044,1.00023257606528,,3,invscore_median
weighted.median_ensemble,HU,Deaths,2021-12-13,85.6439673913044,79.6625,1.07508510768937,,3,invscore_median
weighted.median_ensemble,HU,Cases,2021-12-20,12004.8015217391,11671.4380434783,1.02856233113855,,3,invscore_median
weighted.median_ensemble,HU,Deaths,2021-12-20,101.331467391304,88.2913043478261,1.14769476042744,,3,invscore_median
weighted.median_ensemble,HU,Cases,2021-12-27,37002.5374456522,32698.8973369565,1.13161422736514,,3,invscore_median
weighted.median_ensemble,HU,Deaths,2021-12-27,320.089402173913,246.205597826087,1.3000898639194,,3,invscore_median
weighted.median_ensemble,HU,Cases,2022-01-03,44212.8009782609,50019.316576087,0.883914535517624,,3,invscore_median
weighted.median_ensemble,HU,Deaths,2022-01-03,96.4964130434783,73.3816304347826,1.31499412689173,,3,invscore_median
weighted.median_ensemble,HU,Cases,2022-01-10,52583.7725543478,42571.3501630435,1.23519156317472,,3,invscore_median
weighted.median_ensemble,HU,Deaths,2022-01-10,110.639130434783,63.0509782608696,1.75475676169559,,3,invscore_median
weighted.median_ensemble,HU,Cases,2022-01-17,13776.1573369565,15419.092826087,0.893447979873964,,3,invscore_median
weighted.median_ensemble,HU,Deaths,2022-01-17,205.093913043478,137.8625,1.48767005562411,,3,invscore_median
weighted.median_ensemble,HU,Cases,2022-01-24,46490.8505434783,56391.0965217391,0.824436008715591,,3,invscore_median
weighted.median_ensemble,HU,Deaths,2022-01-24,66.4679347826087,56.0370652173913,1.18614232427683,,3,invscore_median
weighted.median_ensemble,HU,Cases,2022-01-31,64270.699076087,91312.3459782609,0.703855523451212,,3,invscore_median
weighted.median_ensemble,HU,Deaths,2022-01-31,185.544293478261,83.3248913043478,2.22675710191511,,3,invscore_median
weighted.median_ensemble,HU,Cases,2022-02-07,26767.0433152174,45020.3856521739,0.594553843274883,,3,invscore_median
weighted.median_ensemble,HU,Deaths,2022-02-07,112.82152173913,83.5410869565218,1.35049142702497,,3,invscore_median
weighted.median_ensemble,HU,Cases,2022-02-14,7181.95668478261,10768.9340217391,0.666914354780563,,3,invscore_median
weighted.median_ensemble,HU,Deaths,2022-02-14,77.8535326086957,68.4435869565218,1.13748469463109,,3,invscore_median
weighted.median_ensemble,HU,Cases,2022-02-21,3648.25097826087,3156.55679347826,1.15576915511183,,3,invscore_median
weighted.median_ensemble,HU,Deaths,2022-02-21,176.079510869565,87.3970652173913,2.01470736381806,,3,invscore_median
weighted.median_ensemble,HU,Cases,2022-02-28,3445.23127717391,2308.43717391304,1.4924518267629,,3,invscore_median
weighted.median_ensemble,HU,Deaths,2022-02-28,53.5659782608696,54.5605434782609,0.981771346948045,,3,invscore_median
weighted.median_ensemble,HU,Cases,2022-03-07,3550.40774456522,3148.38782608696,1.12769072321624,,3,invscore_median
weighted.median_ensemble,HU,Deaths,2022-03-07,30.1088043478261,31.7586956521739,0.948049147785612,,3,invscore_median
weighted.median_ensemble,IT,Cases,2021-04-12,10502.0316304348,6057.26206521739,1.7337918546963,,3,invscore_median
weighted.median_ensemble,IT,Deaths,2021-04-12,123.980434782609,153.432554347826,0.808045172092681,,3,invscore_median
weighted.median_ensemble,IT,Cases,2021-04-19,8028.42815217391,11073.0985326087,0.725038987825434,,3,invscore_median
weighted.median_ensemble,IT,Deaths,2021-04-19,203.196086956522,184.974673913043,1.09850761003122,,3,invscore_median
weighted.median_ensemble,IT,Cases,2021-04-26,13851.517173913,14080.4839673913,0.983738712816369,,3,invscore_median
weighted.median_ensemble,IT,Deaths,2021-04-26,177.580054347826,178.539673913043,0.994625174650622,,3,invscore_median
weighted.median_ensemble,IT,Cases,2021-05-03,15641.0907608696,18686.5769565217,0.837022788992433,,3,invscore_median
weighted.median_ensemble,IT,Deaths,2021-05-03,104.717336956522,155.817445652174,0.672051428633214,,3,invscore_median
weighted.median_ensemble,IT,Cases,2021-05-10,7261.42369565218,7288.51451086957,0.996283081391004,,3,invscore_median
weighted.median_ensemble,IT,Deaths,2021-05-10,82.1622826086957,115.776630434783,0.709662064789301,,3,invscore_median
weighted.median_ensemble,IT,Cases,2021-05-17,1793.74652173913,4209.95336956522,0.426072776650346,,3,invscore_median
weighted.median_ensemble,IT,Deaths,2021-05-17,52.6360326086957,68.0210869565218,0.773819339910578,,3,invscore_median
weighted.median_ensemble,IT,Cases,2021-05-24,1247.0027173913,3778.94282608696,0.329987188158271,,3,invscore_median
weighted.median_ensemble,IT,Deaths,2021-05-24,50.6636956521739,62.7,0.808033423479648,,3,invscore_median
weighted.median_ensemble,IT,Cases,2021-05-31,1140.16505434783,1131.75,1.00743543569501,,3,invscore_median
weighted.median_ensemble,IT,Deaths,2021-05-31,43.9183152173913,57.7021739130435,0.761120634442226,,3,invscore_median
weighted.median_ensemble,IT,Cases,2021-06-07,914.94597826087,848.031413043478,1.07890576243779,,3,invscore_median
weighted.median_ensemble,IT,Deaths,2021-06-07,35.9096195652174,37.9648913043478,0.945863884538633,,3,invscore_median
weighted.median_ensemble,IT,Cases,2021-06-14,1208.24217391304,1123.78652173913,1.07515275413983,,3,invscore_median
weighted.median_ensemble,IT,Deaths,2021-06-14,11.6158152173913,36.4429347826087,0.318739840429498,,3,invscore_median
weighted.median_ensemble,IT,Cases,2021-06-21,3854.20032608696,3331.06239130435,1.15704837476123,,3,invscore_median
weighted.median_ensemble,IT,Deaths,2021-06-21,20.2191304347826,17.8960869565217,1.12980734190131,,3,invscore_median
weighted.median_ensemble,IT,Cases,2021-06-28,11024.3561956522,10258.0711956522,1.07470069035247,,3,invscore_median
weighted.median_ensemble,IT,Deaths,2021-06-28,24.0482608695652,17.9180434782609,1.34212537762518,,3,invscore_median
weighted.median_ensemble,IT,Cases,2021-07-05,17698.193423913,17229.3010869565,1.02721482053103,,3,invscore_median
weighted.median_ensemble,IT,Deaths,2021-07-05,11.3985869565217,14.2219565217391,0.801478118646918,,3,invscore_median
weighted.median_ensemble,IT,Cases,2021-07-12,17917.6444021739,8038.46032608696,2.22898959195287,,3,invscore_median
weighted.median_ensemble,IT,Deaths,2021-07-12,18.0172826086957,16.1011956521739,1.11900277457116,,3,invscore_median
weighted.median_ensemble,IT,Cases,2021-07-19,5396.29461956522,10253.2559782609,0.52630058500505,,3,invscore_median
weighted.median_ensemble,IT,Deaths,2021-07-19,138.88652173913,103.521413043478,1.34162119368289,,3,invscore_median
weighted.median_ensemble,IT,Cases,2021-07-26,20449.9233695652,17996.9361956522,1.13630026506988,,3,invscore_median
weighted.median_ensemble,IT,Deaths,2021-07-26,80.934347826087,140.420217391304,0.576372472067536,,3,invscore_median
weighted.median_ensemble,IT,Cases,2021-08-02,5070.73923913044,5902.35576086957,0.859104304208086,,3,invscore_median
weighted.median_ensemble,IT,Deaths,2021-08-02,80.3489130434783,60.0772826086957,1.3374258880319,,3,invscore_median
weighted.median_ensemble,IT,Cases,2021-08-09,5385.72364130435,6004.51173913044,0.896946142382645,,3,invscore_median
weighted.median_ensemble,IT,Deaths,2021-08-09,86.8009239130435,46.7396739130435,1.85711445215753,,3,invscore_median
weighted.median_ensemble,IT,Cases,2021-08-16,8008.07673913044,9147.5025,0.875438595302973,,3,invscore_median
weighted.median_ensemble,IT,Deaths,2021-08-16,48.3852173913044,44.7304347826087,1.08170684292379,,3,invscore_median
weighted.median_ensemble,IT,Cases,2021-08-23,4130.90967391304,7178.68902173913,0.575440677455656,,3,invscore_median
weighted.median_ensemble,IT,Deaths,2021-08-23,70.9923913043478,41.9640760869565,1.69174203090376,,3,invscore_median
weighted.median_ensemble,IT,Cases,2021-08-30,10292.6582065217,9430.70815217391,1.0913982322896,,3,invscore_median
weighted.median_ensemble,IT,Deaths,2021-08-30,42.6197282608696,35.4288043478261,1.20296829219654,,3,invscore_median
weighted.median_ensemble,IT,Cases,2021-09-06,13517.2569565217,6606.1525,2.04616180999784,,3,invscore_median
weighted.median_ensemble,IT,Deaths,2021-09-06,32.1752717391304,44.6073913043478,0.721299112059807,,3,invscore_median
weighted.median_ensemble,IT,Cases,2021-09-13,3535.84554347826,4916.00065217391,0.719252456143322,,3,invscore_median
weighted.median_ensemble,IT,Deaths,2021-09-13,28.5291304347826,35.6416304347826,0.800444033753885,,3,invscore_median
weighted.median_ensemble,IT,Cases,2021-09-20,1720.8227173913,2458.69043478261,0.699894013921869,,3,invscore_median
weighted.median_ensemble,IT,Deaths,2021-09-20,18.5201086956522,23.1132065217391,0.801278207687587,,3,invscore_median
weighted.median_ensemble,IT,Cases,2021-09-27,5458.13885869565,2609.79880434783,2.09140216081125,,3,invscore_median
weighted.median_ensemble,IT,Deaths,2021-09-27,26.5129891304348,23.2634782608696,1.13968293275521,,3,invscore_median
weighted.median_ensemble,IT,Cases,2021-10-04,5140.61434782609,3505.52195652174,1.46643336187423,,3,invscore_median
weighted.median_ensemble,IT,Deaths,2021-10-04,29.3582065217391,25.3589130434783,1.15770760645001,,3,invscore_median
weighted.median_ensemble,IT,Cases,2021-10-11,11000.8584782609,7610.75663043478,1.44543558708333,,3,invscore_median
weighted.median_ensemble,IT,Deaths,2021-10-11,72.5339130434783,40.0847826086957,1.80951244644504,,3,invscore_median
weighted.median_ensemble,IT,Cases,2021-10-18,19063.2059782609,15529.7811956522,1.22752572866886,,3,invscore_median
weighted.median_ensemble,IT,Deaths,2021-10-18,111.240815217391,80.7223913043478,1.3780664004115,,3,invscore_median
weighted.median_ensemble,IT,Cases,2021-10-25,10796.6975543478,7209.37809782609,1.49759069476512,,3,invscore_median
weighted.median_ensemble,IT,Deaths,2021-10-25,57.4589130434783,40.4325,1.42110710550864,,3,invscore_median
weighted.median_ensemble,IT,Cases,2021-11-01,6677.32538043478,6383.14059782609,1.04608778047422,,3,invscore_median
weighted.median_ensemble,IT,Deaths,2021-11-01,77.8300543478261,33.6591304347826,2.3123013976439,,3,invscore_median
weighted.median_ensemble,IT,Cases,2021-11-08,10680.7641304348,12224.2858695652,0.873733177086988,,3,invscore_median
weighted.median_ensemble,IT,Deaths,2021-11-08,46.3207065217391,46.9867391304348,0.985825094036708,,3,invscore_median
weighted.median_ensemble,IT,Cases,2021-11-15,10046.2185869565,9576.98456521739,1.04899600897796,,3,invscore_median
weighted.median_ensemble,IT,Deaths,2021-11-15,99.3528804347826,42.2655434782609,2.35068266626891,,3,invscore_median
weighted.median_ensemble,IT,Cases,2021-11-22,18038.7325,18925.4659782609,0.953146016099184,,3,invscore_median
weighted.median_ensemble,IT,Deaths,2021-11-22,57.3983695652174,42.0610326086957,1.36464480316517,,3,invscore_median
weighted.median_ensemble,IT,Cases,2021-11-29,29759.3018478261,29912.8199456522,0.994867815936277,,3,invscore_median
weighted.median_ensemble,IT,Deaths,2021-11-29,51.2261956521739,61.1148913043478,0.838194989124191,,3,invscore_median
weighted.median_ensemble,IT,Cases,2021-12-06,121905.69125,127848.754347826,0.953514892435656,,3,invscore_median
weighted.median_ensemble,IT,Deaths,2021-12-06,39.6390217391304,51.7230434782609,0.766370636248245,,3,invscore_median
weighted.median_ensemble,IT,Cases,2021-12-13,323562.493695652,351567.538315217,0.920342348005817,,3,invscore_median
weighted.median_ensemble,IT,Deaths,2021-12-13,162.744510869565,84.7094565217391,1.92120829895538,,3,invscore_median
weighted.median_ensemble,IT,Cases,2021-12-20,505951.079184783,493792.453804348,1.02462294692185,,3,invscore_median
weighted.median_ensemble,IT,Deaths,2021-12-20,96.7129347826087,93.4494565217391,1.03492238887564,,3,invscore_median
weighted.median_ensemble,IT,Cases,2021-12-27,261205.121467391,286436.698206522,0.911912206441724,,3,invscore_median
weighted.median_ensemble,IT,Deaths,2021-12-27,296.014836956522,292.31222826087,1.01266662266468,,3,invscore_median
weighted.median_ensemble,IT,Cases,2022-01-03,167586.772554348,176567.861902174,0.94913519792859,,3,invscore_median
weighted.median_ensemble,IT,Deaths,2022-01-03,395.487065217391,486.706195652174,0.812578653714175,,3,invscore_median
weighted.median_ensemble,IT,Cases,2022-01-10,700428.647826087,915476.392663044,0.76509744373484,,3,invscore_median
weighted.median_ensemble,IT,Deaths,2022-01-10,621.005489130435,243.723043478261,2.54799661233439,,3,invscore_median
weighted.median_ensemble,IT,Cases,2022-01-17,97509.7086413044,521685.415869565,0.186912851452386,,3,invscore_median
weighted.median_ensemble,IT,Deaths,2022-01-17,331.834402173913,978.292065217391,0.339197683362764,,3,invscore_median
weighted.median_ensemble,IT,Cases,2022-01-24,131790.446902174,281281.883152174,0.468535141422084,,3,invscore_median
weighted.median_ensemble,IT,Deaths,2022-01-24,722.535869565217,1145.95880434783,0.630507717052201,,3,invscore_median
weighted.median_ensemble,IT,Cases,2022-01-31,96542.1149456522,184954.830869565,0.521976714486231,,3,invscore_median
weighted.median_ensemble,IT,Deaths,2022-01-31,691.19847826087,739.79152173913,0.934315219828383,,3,invscore_median
weighted.median_ensemble,IT,Cases,2022-02-07,43822.1526086957,48551.7441304348,0.902586578372282,,3,invscore_median
weighted.median_ensemble,IT,Deaths,2022-02-07,272.61875,309.811195652174,0.879951253621157,,3,invscore_median
weighted.median_ensemble,IT,Cases,2022-02-14,108204.457065217,38223.9370108696,2.83080356255421,,3,invscore_median
weighted.median_ensemble,IT,Deaths,2022-02-14,168.522554347826,115.814673913044,1.45510537355877,,3,invscore_median
weighted.median_ensemble,IT,Cases,2022-02-21,91014.0903804348,84968.2484239131,1.07115413191006,,3,invscore_median
weighted.median_ensemble,IT,Deaths,2022-02-21,128.648967391304,102.530869565217,1.25473399315583,,3,invscore_median
weighted.median_ensemble,IT,Cases,2022-02-28,142574.383097826,140500.199456522,1.01476285193422,,3,invscore_median
weighted.median_ensemble,IT,Deaths,2022-02-28,123.765652173913,112.062010869565,1.10443897279311,,3,invscore_median
weighted.median_ensemble,IT,Cases,2022-03-07,185410.274402174,168631.160217391,1.09950186052893,,3,invscore_median
weighted.median_ensemble,IT,Deaths,2022-03-07,127.218369565217,104.442391304348,1.21807216376825,,3,invscore_median
weighted.median_ensemble,LT,Cases,2021-04-12,1172.19125,1145.14777173913,1.02361571050328,,3,invscore_median
weighted.median_ensemble,LT,Deaths,2021-04-12,14.3640760869565,13.0653260869565,1.09940433107878,,3,invscore_median
weighted.median_ensemble,LT,Cases,2021-04-19,845.678586956522,997.675108695652,0.847649279395325,,3,invscore_median
weighted.median_ensemble,LT,Deaths,2021-04-19,8.50190217391304,10.2,0.833519820971867,,3,invscore_median
weighted.median_ensemble,LT,Cases,2021-04-26,783.188532608696,888.826739130435,0.881148707761551,,3,invscore_median
weighted.median_ensemble,LT,Deaths,2021-04-26,8.63576086956522,10.8451086956522,0.796281633675771,,3,invscore_median
weighted.median_ensemble,LT,Cases,2021-05-03,1726.59989130435,1852.52625,0.932024521274313,,3,invscore_median
weighted.median_ensemble,LT,Deaths,2021-05-03,15.9690217391304,19.3765217391304,0.824142844320783,,3,invscore_median
weighted.median_ensemble,LT,Cases,2021-05-10,2321.87434782609,2672.99282608696,0.86864219206496,,3,invscore_median
weighted.median_ensemble,LT,Deaths,2021-05-10,12.4666847826087,15.8089130434783,0.788585828027667,,3,invscore_median
weighted.median_ensemble,LT,Cases,2021-05-17,2000.32826086957,2493.23989130435,0.802300760486824,,3,invscore_median
weighted.median_ensemble,LT,Deaths,2021-05-17,8.90195652173913,10.3267391304348,0.862029766541061,,3,invscore_median
weighted.median_ensemble,LT,Cases,2021-05-24,1439.05467391304,1401.33608695652,1.02691616044688,,3,invscore_median
weighted.median_ensemble,LT,Deaths,2021-05-24,12.3584239130435,13.965652173913,0.884915631518321,,3,invscore_median
weighted.median_ensemble,LT,Cases,2021-05-31,124.097663043478,360.075923913044,0.344643045541271,,3,invscore_median
weighted.median_ensemble,LT,Deaths,2021-05-31,11.2475,14.2157065217391,0.791202321376004,,3,invscore_median
weighted.median_ensemble,LT,Cases,2021-06-07,107.591684782609,225.531956521739,0.477057382208441,,3,invscore_median
weighted.median_ensemble,LT,Deaths,2021-06-07,3.03429347826087,6.50576086956522,0.466401015822098,,3,invscore_median
weighted.median_ensemble,LT,Cases,2021-06-14,96.295,135.546739130435,0.710419155914453,,3,invscore_median
weighted.median_ensemble,LT,Deaths,2021-06-14,1.37309782608696,2.86402173913044,0.479429959391248,,3,invscore_median
weighted.median_ensemble,LT,Cases,2021-06-21,156.32527173913,111.414891304348,1.40309136336275,,3,invscore_median
weighted.median_ensemble,LT,Deaths,2021-06-21,1.53065217391304,2.59608695652174,0.589599732038185,,3,invscore_median
weighted.median_ensemble,LT,Cases,2021-06-28,385.11527173913,367.722717391304,1.04729801430603,,3,invscore_median
weighted.median_ensemble,LT,Deaths,2021-06-28,1.26809782608696,1.30663043478261,0.970509940936694,,3,invscore_median
weighted.median_ensemble,LT,Cases,2021-07-05,725.5875,717.84527173913,1.01078537195364,,3,invscore_median
weighted.median_ensemble,LT,Deaths,2021-07-05,1.32630434782609,0.97445652173913,1.36107083100948,,3,invscore_median
weighted.median_ensemble,LT,Cases,2021-07-12,1018.51016304348,1329.97565217391,0.765811134496088,,3,invscore_median
weighted.median_ensemble,LT,Deaths,2021-07-12,2.07570652173913,1.73489130434783,1.19644759100307,,3,invscore_median
weighted.median_ensemble,LT,Cases,2021-07-19,2046.67059782609,926.221304347826,2.20969933235038,,3,invscore_median
weighted.median_ensemble,LT,Deaths,2021-07-19,3.82070652173913,4.4120652173913,0.86596782538001,,3,invscore_median
weighted.median_ensemble,LT,Cases,2021-07-26,658.119619565218,310.620543478261,2.11872534957198,,3,invscore_median
weighted.median_ensemble,LT,Deaths,2021-07-26,8.50847826086957,7.59413043478261,1.12040191223199,,3,invscore_median
weighted.median_ensemble,LT,Cases,2021-08-02,1060.2210326087,618.398097826087,1.7144636057837,,3,invscore_median
weighted.median_ensemble,LT,Deaths,2021-08-02,17.9885326086957,6.84945652173913,2.62627152265334,,3,invscore_median
weighted.median_ensemble,LT,Cases,2021-08-09,1162.28173913044,853.281956521739,1.36213092313387,,3,invscore_median
weighted.median_ensemble,LT,Deaths,2021-08-09,30.8416304347826,17.19,1.79416116549055,,3,invscore_median
weighted.median_ensemble,LT,Cases,2021-08-16,510.549565217391,1079.53211956522,0.472935965465313,,3,invscore_median
weighted.median_ensemble,LT,Deaths,2021-08-16,9.80461956521739,8.25875,1.18717960529346,,3,invscore_median
weighted.median_ensemble,LT,Cases,2021-08-23,671.890815217391,605.555489130435,1.10954458720573,,3,invscore_median
weighted.median_ensemble,LT,Deaths,2021-08-23,8.40505434782609,7.59923913043478,1.10603893410381,,3,invscore_median
weighted.median_ensemble,LT,Cases,2021-08-30,1617.22059782609,1122.72565217391,1.44044147801798,,3,invscore_median
weighted.median_ensemble,LT,Deaths,2021-08-30,20.885597826087,13.8089130434783,1.51247225327057,,3,invscore_median
weighted.median_ensemble,LT,Cases,2021-09-06,2578.73532608696,1152.98483695652,2.23657349466444,,3,invscore_median
weighted.median_ensemble,LT,Deaths,2021-09-06,16.5815760869565,10.8053260869565,1.53457433431581,,3,invscore_median
weighted.median_ensemble,LT,Cases,2021-09-13,2222.33505434783,1635.05945652174,1.35917690667677,,3,invscore_median
weighted.median_ensemble,LT,Deaths,2021-09-13,26.1730434782609,17.4373913043478,1.50097242307884,,3,invscore_median
weighted.median_ensemble,LT,Cases,2021-09-20,1006.44298913043,1007.55815217391,0.998893202301949,,3,invscore_median
weighted.median_ensemble,LT,Deaths,2021-09-20,17.5875,9.82364130434783,1.79032391911704,,3,invscore_median
weighted.median_ensemble,LT,Cases,2021-09-27,951.691521739131,1233.21717391304,0.771714457007907,,3,invscore_median
weighted.median_ensemble,LT,Deaths,2021-09-27,13.18625,10.2638043478261,1.28473318012856,,3,invscore_median
weighted.median_ensemble,LT,Cases,2021-10-04,1119.43581521739,1018.81635869565,1.09876113164355,,3,invscore_median
weighted.median_ensemble,LT,Deaths,2021-10-04,12.5496195652174,16.9052173913043,0.742351859472249,,3,invscore_median
weighted.median_ensemble,LT,Cases,2021-10-11,1103.84918478261,1088.11706521739,1.01445811307267,,3,invscore_median
weighted.median_ensemble,LT,Deaths,2021-10-11,10.4390217391304,13.4467391304348,0.776323660172985,,3,invscore_median
weighted.median_ensemble,LT,Cases,2021-10-18,1787.14440217391,1804.49135869565,0.990386788809962,,3,invscore_median
weighted.median_ensemble,LT,Deaths,2021-10-18,11.7308695652174,32.98,0.355696469533578,,3,invscore_median
weighted.median_ensemble,LT,Cases,2021-10-25,1794.74836956522,2707.53956521739,0.662870597579288,,3,invscore_median
weighted.median_ensemble,LT,Deaths,2021-10-25,19.3626086956522,15.8672826086957,1.22028510950205,,3,invscore_median
weighted.median_ensemble,LT,Cases,2021-11-01,3057.01907608696,4422.7797826087,0.691198573374103,,3,invscore_median
weighted.median_ensemble,LT,Deaths,2021-11-01,10.5745108695652,35.0167391304348,0.301984454639706,,3,invscore_median
weighted.median_ensemble,LT,Cases,2021-11-08,1382.41315217391,2747.00135869565,0.503244436992313,,3,invscore_median
weighted.median_ensemble,LT,Deaths,2021-11-08,23.3751086956522,35.0686956521739,0.666551984924,,3,invscore_median
weighted.median_ensemble,LT,Cases,2021-11-15,1076.09657608696,1255.04369565217,0.857417618059721,,3,invscore_median
weighted.median_ensemble,LT,Deaths,2021-11-15,7.89413043478261,16.1970652173913,0.487380295678901,,3,invscore_median
weighted.median_ensemble,LT,Cases,2021-11-22,5100.09375,2066.64576086957,2.46781226205602,,3,invscore_median
weighted.median_ensemble,LT,Deaths,2021-11-22,9.09934782608696,9.8775,0.921219724230519,,3,invscore_median
weighted.median_ensemble,LT,Cases,2021-11-29,1993.93445652174,1476.22369565217,1.35069939765521,,3,invscore_median
weighted.median_ensemble,LT,Deaths,2021-11-29,24.1136413043478,14.195652173913,1.69866385911179,,3,invscore_median
weighted.median_ensemble,LT,Cases,2021-12-06,2168.76369565217,997.40597826087,2.17440414727987,,3,invscore_median
weighted.median_ensemble,LT,Deaths,2021-12-06,27.104402173913,17.0038043478261,1.59401988046153,,3,invscore_median
weighted.median_ensemble,LT,Cases,2021-12-13,2231.15146739131,2584.04945652174,0.863432184612499,,3,invscore_median
weighted.median_ensemble,LT,Deaths,2021-12-13,35.4750543478261,22.6565760869565,1.56577296638609,,3,invscore_median
weighted.median_ensemble,LT,Cases,2021-12-20,6773.13918478261,5558.86119565217,1.21844006288198,,3,invscore_median
weighted.median_ensemble,LT,Deaths,2021-12-20,14.7617934782609,11.5708695652174,1.27577217901026,,3,invscore_median
weighted.median_ensemble,LT,Cases,2021-12-27,17690.312173913,15275.2686956522,1.15810153826939,,3,invscore_median
weighted.median_ensemble,LT,Deaths,2021-12-27,8.34532608695652,12.3252173913043,0.677093622125018,,3,invscore_median
weighted.median_ensemble,LT,Cases,2022-01-03,27143.6756521739,27079.2944021739,1.00237750840343,,3,invscore_median
weighted.median_ensemble,LT,Deaths,2022-01-03,19.6876086956522,18.3621739130435,1.07218289015699,,3,invscore_median
weighted.median_ensemble,LT,Cases,2022-01-10,31373.6963043478,27839.0016304348,1.12696916077798,,3,invscore_median
weighted.median_ensemble,LT,Deaths,2022-01-10,14.5886956521739,13.5058695652174,1.08017448130443,,3,invscore_median
weighted.median_ensemble,LT,Cases,2022-01-17,24866.3180978261,17420.5547826087,1.42741252549836,,3,invscore_median
weighted.median_ensemble,LT,Deaths,2022-01-17,14.538152173913,13.3563043478261,1.08848614072495,,3,invscore_median
weighted.median_ensemble,LT,Cases,2022-01-24,16279.7157608696,13418.6234782609,1.21321801653082,,3,invscore_median
weighted.median_ensemble,LT,Deaths,2022-01-24,29.1067934782609,18.2888043478261,1.59150882281272,,3,invscore_median
weighted.median_ensemble,LT,Cases,2022-01-31,6160.20288043478,25673.3881521739,0.239945068563658,,3,invscore_median
weighted.median_ensemble,LT,Deaths,2022-01-31,41.2836956521739,16.868152173913,2.4474343856122,,3,invscore_median
weighted.median_ensemble,LT,Cases,2022-02-07,37807.0949456522,35509.3984782609,1.06470671331698,,3,invscore_median
weighted.median_ensemble,LT,Deaths,2022-02-07,13.2114673913044,7.66152173913044,1.72439207785943,,3,invscore_median
weighted.median_ensemble,LT,Cases,2022-02-14,6815.7522826087,6748.52586956522,1.00996164411945,,3,invscore_median
weighted.median_ensemble,LT,Deaths,2022-02-14,11.6916304347826,11.9371739130435,0.979430350931507,,3,invscore_median
weighted.median_ensemble,LT,Cases,2022-02-21,4559.67097826087,6825.99701086957,0.667986078956693,,3,invscore_median
weighted.median_ensemble,LT,Deaths,2022-02-21,12.0164130434783,12.088152173913,0.994065335263598,,3,invscore_median
weighted.median_ensemble,LT,Cases,2022-02-28,6334.79668478261,5623.30684782609,1.12652516681205,,3,invscore_median
weighted.median_ensemble,LT,Deaths,2022-02-28,29.5164673913044,12.1944565217391,2.42048240023532,,3,invscore_median
weighted.median_ensemble,LT,Cases,2022-03-07,7358.44641304348,5529.79206521739,1.33069133997432,,3,invscore_median
weighted.median_ensemble,LT,Deaths,2022-03-07,12.803097826087,12.0117934782609,1.06587728545768,,3,invscore_median
weighted.median_ensemble,LU,Deaths,2021-04-12,3.43233695652174,4.9691847826087,0.690724355539029,,3,invscore_median
weighted.median_ensemble,LU,Deaths,2021-04-19,4.1395652173913,5.28635869565217,0.783065519332984,,3,invscore_median
weighted.median_ensemble,LU,Deaths,2021-04-26,1.1095652173913,2.6083152173913,0.425395370158148,,3,invscore_median
weighted.median_ensemble,LU,Deaths,2021-05-03,0.88304347826087,1.80875,0.488206484180163,,3,invscore_median
weighted.median_ensemble,LU,Deaths,2021-05-10,0.709673913043478,0.931304347826087,0.762021475256769,,3,invscore_median
weighted.median_ensemble,LU,Deaths,2021-05-17,1.02614130434783,1.06815217391304,0.960669583799735,,3,invscore_median
weighted.median_ensemble,LU,Deaths,2021-05-24,1.11179347826087,1.18,0.94219786293294,,3,invscore_median
weighted.median_ensemble,LU,Deaths,2021-05-31,1.39184782608696,1.44032608695652,0.966342162855634,,3,invscore_median
weighted.median_ensemble,LU,Deaths,2021-06-07,1.22641304347826,1.29304347826087,0.948470073974445,,3,invscore_median
weighted.median_ensemble,LU,Deaths,2021-06-14,0.429184782608696,0.597173913043478,0.718693119767019,,3,invscore_median
weighted.median_ensemble,LU,Deaths,2021-06-21,0.360108695652174,0.352934782608696,1.02032645518941,,3,invscore_median
weighted.median_ensemble,LU,Deaths,2021-06-28,0.481358695652174,0.346521739130435,1.38911543287327,,3,invscore_median
weighted.median_ensemble,LU,Deaths,2021-07-05,0.405271739130435,0.369239130434783,1.09758610538711,,3,invscore_median
weighted.median_ensemble,LU,Deaths,2021-07-12,2.24989130434783,0.715489130434783,3.14454994303076,,3,invscore_median
weighted.median_ensemble,LU,Deaths,2021-07-19,0.679076086956522,0.74554347826087,0.910847062253973,,3,invscore_median
weighted.median_ensemble,LU,Deaths,2021-07-26,0.787445652173913,0.75054347826087,1.04916727009413,,3,invscore_median
weighted.median_ensemble,LU,Deaths,2021-08-02,0.858532608695652,0.855869565217391,1.00311150622301,,3,invscore_median
weighted.median_ensemble,LU,Deaths,2021-08-09,0.891032608695652,0.833369565217391,1.0691926437981,,3,invscore_median
weighted.median_ensemble,LU,Deaths,2021-08-16,1.09771739130435,1.07597826086957,1.02020406101626,,3,invscore_median
weighted.median_ensemble,LU,Deaths,2021-08-23,1.40521739130435,1.50880434782609,0.931345003962251,,3,invscore_median
weighted.median_ensemble,LU,Deaths,2021-08-30,0.934510869565217,0.863804347826087,1.0818547879703,,3,invscore_median
weighted.median_ensemble,LU,Deaths,2021-09-06,0.986413043478261,0.935978260869565,1.05388456625247,,3,invscore_median
weighted.median_ensemble,LU,Deaths,2021-09-13,0.636956521739131,0.825978260869565,0.771154099223582,,3,invscore_median
weighted.median_ensemble,LU,Deaths,2021-09-20,0.54945652173913,0.564945652173913,0.972582972582973,,3,invscore_median
weighted.median_ensemble,LU,Deaths,2021-09-27,0.739891304347826,0.687717391304348,1.07586533902323,,3,invscore_median
weighted.median_ensemble,LU,Deaths,2021-10-04,0.969347826086956,0.822717391304348,1.17822697846479,,3,invscore_median
weighted.median_ensemble,LU,Deaths,2021-10-11,1.79179347826087,1.39902173913044,1.28074741667314,,3,invscore_median
weighted.median_ensemble,LU,Deaths,2021-10-18,1.46679347826087,1.37554347826087,1.06633741604109,,3,invscore_median
weighted.median_ensemble,LU,Deaths,2021-10-25,1.94798913043478,1.44478260869565,1.3482922058381,,3,invscore_median
weighted.median_ensemble,LU,Deaths,2021-11-01,2.5675,2.11559782608696,1.21360495286048,,3,invscore_median
weighted.median_ensemble,LU,Deaths,2021-11-08,3.51891304347826,1.99673913043478,1.76232988568318,,3,invscore_median
weighted.median_ensemble,LU,Deaths,2021-11-15,2.23853260869565,1.98380434782609,1.12840392307271,,3,invscore_median
weighted.median_ensemble,LU,Deaths,2021-11-22,2.24271739130435,1.98347826086957,1.13069925471285,,3,invscore_median
weighted.median_ensemble,LU,Deaths,2021-11-29,2.2708152173913,2.04826086956522,1.10865527488856,,3,invscore_median
weighted.median_ensemble,LU,Deaths,2021-12-06,2.68853260869565,3.23858695652174,0.830156066454103,,3,invscore_median
weighted.median_ensemble,LU,Deaths,2021-12-13,1.8375,2.84646739130435,0.645536992840096,,3,invscore_median
weighted.median_ensemble,LU,Deaths,2021-12-20,1.47695652173913,1.67065217391304,0.884059856864021,,3,invscore_median
weighted.median_ensemble,LU,Deaths,2021-12-27,1.90907608695652,1.71396739130435,1.11383454355202,,3,invscore_median
weighted.median_ensemble,LU,Deaths,2022-01-03,1.70510869565217,1.58923913043478,1.07290882976541,,3,invscore_median
weighted.median_ensemble,LU,Deaths,2022-01-10,2.0029347826087,1.71902173913043,1.16515965855201,,3,invscore_median
weighted.median_ensemble,LU,Deaths,2022-01-17,2.1795652173913,3.37913043478261,0.645007720020587,,3,invscore_median
weighted.median_ensemble,LU,Deaths,2022-01-24,1.97760869565217,2.14836956521739,0.920516063749051,,3,invscore_median
weighted.median_ensemble,LU,Deaths,2022-01-31,3.91673913043478,2.34608695652174,1.66947739065975,,3,invscore_median
weighted.median_ensemble,LU,Deaths,2022-02-07,1.93304347826087,1.76347826086957,1.09615384615385,,3,invscore_median
weighted.median_ensemble,LU,Deaths,2022-02-14,1.81983695652174,1.83255434782609,0.993060292416738,,3,invscore_median
weighted.median_ensemble,LU,Deaths,2022-02-21,3.38972826086957,3.08891304347826,1.09738545991977,,3,invscore_median
weighted.median_ensemble,LU,Deaths,2022-02-28,3.16516304347826,2.61391304347826,1.21089071856287,,3,invscore_median
weighted.median_ensemble,LU,Deaths,2022-03-07,3.4808152173913,2.99581521739131,1.1618924949658,,3,invscore_median
weighted.median_ensemble,LV,Cases,2021-04-12,658.805869565217,474.991521739131,1.38698448164521,,3,invscore_median
weighted.median_ensemble,LV,Deaths,2021-04-12,7.94336956521739,6.71260869565217,1.18335060560917,,3,invscore_median
weighted.median_ensemble,LV,Cases,2021-04-19,470.36652173913,347.89972826087,1.35201750254438,,3,invscore_median
weighted.median_ensemble,LV,Deaths,2021-04-19,7.03592391304348,7.45510869565217,0.943772143409101,,3,invscore_median
weighted.median_ensemble,LV,Cases,2021-04-26,431.29777173913,472.80097826087,0.912218441944848,,3,invscore_median
weighted.median_ensemble,LV,Deaths,2021-04-26,7.18945652173913,7.32461956521739,0.981546748977911,,3,invscore_median
weighted.median_ensemble,LV,Cases,2021-05-03,793.136358695652,942.271684782609,0.841727891758348,,3,invscore_median
weighted.median_ensemble,LV,Deaths,2021-05-03,6.9883152173913,7.37635869565217,0.947393626818935,,3,invscore_median
weighted.median_ensemble,LV,Cases,2021-05-10,1106.75684782609,1284.59902173913,0.861558220967446,,3,invscore_median
weighted.median_ensemble,LV,Deaths,2021-05-10,8.32364130434783,9.36021739130435,0.889257263627285,,3,invscore_median
weighted.median_ensemble,LV,Cases,2021-05-17,1468.88820652174,1463.77456521739,1.00349346233079,,3,invscore_median
weighted.median_ensemble,LV,Deaths,2021-05-17,5.34673913043478,6.81913043478261,0.784079316500893,,3,invscore_median
weighted.median_ensemble,LV,Cases,2021-05-24,991.508804347826,965.371086956522,1.02707530580153,,3,invscore_median
weighted.median_ensemble,LV,Deaths,2021-05-24,4.87347826086957,8.54913043478261,0.570055434063978,,3,invscore_median
weighted.median_ensemble,LV,Cases,2021-05-31,271.66347826087,292.729076086957,0.928037220942721,,3,invscore_median
weighted.median_ensemble,LV,Deaths,2021-05-31,6.09483695652174,7.12923913043478,0.854907072832335,,3,invscore_median
weighted.median_ensemble,LV,Cases,2021-06-07,125.886739130435,180.036847826087,0.699227633956575,,3,invscore_median
weighted.median_ensemble,LV,Deaths,2021-06-07,6.11989130434783,5.63554347826087,1.08594518487087,,3,invscore_median
weighted.median_ensemble,LV,Cases,2021-06-14,68.43625,194.50625,0.351846020372096,,3,invscore_median
weighted.median_ensemble,LV,Deaths,2021-06-14,5.03239130434783,7.03347826086957,0.71549112938122,,3,invscore_median
weighted.median_ensemble,LV,Cases,2021-06-21,62.3885869565217,58.5929891304348,1.0647790440873,,3,invscore_median
weighted.median_ensemble,LV,Deaths,2021-06-21,6.81092391304348,7.38815217391304,0.921871092083389,,3,invscore_median
weighted.median_ensemble,LV,Cases,2021-06-28,186.077282608696,81.4657608695652,2.28411642661294,,3,invscore_median
weighted.median_ensemble,LV,Deaths,2021-06-28,2.4166847826087,2.14304347826087,1.12768817204301,,3,invscore_median
weighted.median_ensemble,LV,Cases,2021-07-05,104.476358695652,88.5464673913043,1.17990431209356,,3,invscore_median
weighted.median_ensemble,LV,Deaths,2021-07-05,1.24777173913043,2.12108695652174,0.588269960028697,,3,invscore_median
weighted.median_ensemble,LV,Cases,2021-07-12,191.363858695652,156.775652173913,1.22062230991946,,3,invscore_median
weighted.median_ensemble,LV,Deaths,2021-07-12,0.973369565217391,1.52820652173913,0.636935879654326,,3,invscore_median
weighted.median_ensemble,LV,Cases,2021-07-19,275.645543478261,220.077717391304,1.25249183218379,,3,invscore_median
weighted.median_ensemble,LV,Deaths,2021-07-19,0.832608695652174,1.06347826086957,0.782910874897792,,3,invscore_median
weighted.median_ensemble,LV,Cases,2021-07-26,281.751847826087,168.31902173913,1.6739156686804,,3,invscore_median
weighted.median_ensemble,LV,Deaths,2021-07-26,1.12413043478261,1.56413043478261,0.718693537178596,,3,invscore_median
weighted.median_ensemble,LV,Cases,2021-08-02,178.732391304348,178.754293478261,0.999877473298756,,3,invscore_median
weighted.median_ensemble,LV,Deaths,2021-08-02,1.28608695652174,1.38760869565217,0.926836910543632,,3,invscore_median
weighted.median_ensemble,LV,Cases,2021-08-09,310.636956521739,309.237663043478,1.00452497753504,,3,invscore_median
weighted.median_ensemble,LV,Deaths,2021-08-09,1.6945652173913,1.745,0.971097545782982,,3,invscore_median
weighted.median_ensemble,LV,Cases,2021-08-16,296.898858695652,302.350869565217,0.981967933886199,,3,invscore_median
weighted.median_ensemble,LV,Deaths,2021-08-16,6.21967391304348,4.18135869565217,1.48747676670523,,3,invscore_median
weighted.median_ensemble,LV,Cases,2021-08-23,471.191684782609,468.140706521739,1.0065172248821,,3,invscore_median
weighted.median_ensemble,LV,Deaths,2021-08-23,8.02092391304348,6.64461956521739,1.20713064673117,,3,invscore_median
weighted.median_ensemble,LV,Cases,2021-08-30,431.293152173913,467.887717391304,0.921787719879839,,3,invscore_median
weighted.median_ensemble,LV,Deaths,2021-08-30,13.4457608695652,12.033152173913,1.11739307167698,,3,invscore_median
weighted.median_ensemble,LV,Cases,2021-09-06,329.076086956522,357.555869565217,0.920348720206085,,3,invscore_median
weighted.median_ensemble,LV,Deaths,2021-09-06,9.06173913043478,8.75880434782609,1.0345863168737,,3,invscore_median
weighted.median_ensemble,LV,Cases,2021-09-13,581.860217391304,559.084076086957,1.04073831160379,,3,invscore_median
weighted.median_ensemble,LV,Deaths,2021-09-13,5.51809782608696,6.69358695652174,0.824385768337636,,3,invscore_median
weighted.median_ensemble,LV,Cases,2021-09-20,1558.13891304348,1492.87369565217,1.04371784269586,,3,invscore_median
weighted.median_ensemble,LV,Deaths,2021-09-20,6.86853260869565,5.51309782608696,1.24585719777999,,3,invscore_median
weighted.median_ensemble,LV,Cases,2021-09-27,3293.60483695652,3038.1975,1.08406541607533,,3,invscore_median
weighted.median_ensemble,LV,Deaths,2021-09-27,8.90239130434783,10.8670652173913,0.819208417936125,,3,invscore_median
weighted.median_ensemble,LV,Cases,2021-10-04,1851.27217391304,1150.54282608696,1.60904238585303,,3,invscore_median
weighted.median_ensemble,LV,Deaths,2021-10-04,22.2878260869565,18.0759782608696,1.2330080156826,,3,invscore_median
weighted.median_ensemble,LV,Cases,2021-10-11,4386.44315217391,3185.69369565217,1.37691930588321,,3,invscore_median
weighted.median_ensemble,LV,Deaths,2021-10-11,17.511847826087,45.0497826086957,0.388722138310758,,3,invscore_median
weighted.median_ensemble,LV,Cases,2021-10-18,10350.202173913,9503.43548913044,1.08910111356584,,3,invscore_median
weighted.median_ensemble,LV,Deaths,2021-10-18,21.2939673913044,38.6828260869565,0.550476000472067,,3,invscore_median
weighted.median_ensemble,LV,Cases,2021-10-25,15021.5376086957,13346.677173913,1.12548894477318,,3,invscore_median
weighted.median_ensemble,LV,Deaths,2021-10-25,28.590652173913,29.2576630434783,0.977202182259943,,3,invscore_median
weighted.median_ensemble,LV,Cases,2021-11-01,9639.2025,7945.8775,1.21310736290611,,3,invscore_median
weighted.median_ensemble,LV,Deaths,2021-11-01,53.8139673913044,47.0701630434783,1.14327131906462,,3,invscore_median
weighted.median_ensemble,LV,Cases,2021-11-08,2395.31032608696,3883.58163043478,0.616778673406896,,3,invscore_median
weighted.median_ensemble,LV,Deaths,2021-11-08,26.525652173913,38.5411956521739,0.688241548427854,,3,invscore_median
weighted.median_ensemble,LV,Cases,2021-11-15,942.36277173913,1242.72527173913,0.75830337820389,,3,invscore_median
weighted.median_ensemble,LV,Deaths,2021-11-15,16.4598913043478,63.2253260869565,0.260336993465401,,3,invscore_median
weighted.median_ensemble,LV,Cases,2021-11-22,1690.2739673913,1391.42179347826,1.21478186938985,,3,invscore_median
weighted.median_ensemble,LV,Deaths,2021-11-22,13.8324456521739,25.9954891304348,0.532109458789882,,3,invscore_median
weighted.median_ensemble,LV,Cases,2021-11-29,1659.83934782609,877.526195652174,1.89149834620322,,3,invscore_median
weighted.median_ensemble,LV,Deaths,2021-11-29,13.2842934782609,16.5153260869565,0.804361561395542,,3,invscore_median
weighted.median_ensemble,LV,Cases,2021-12-06,2139.41836956522,1018.72739130435,2.10008917775929,,3,invscore_median
weighted.median_ensemble,LV,Deaths,2021-12-06,9.50869565217391,10.5504347826087,0.901261023654496,,3,invscore_median
weighted.median_ensemble,LV,Cases,2021-12-13,1989.91489130435,1814.11565217391,1.09690630193272,,3,invscore_median
weighted.median_ensemble,LV,Deaths,2021-12-13,8.90755434782609,9.65097826086956,0.922969061482841,,3,invscore_median
weighted.median_ensemble,LV,Cases,2021-12-20,3438.68592391304,2296.20945652174,1.49754889047531,,3,invscore_median
weighted.median_ensemble,LV,Deaths,2021-12-20,5.54711956521739,9.6725,0.573493881128704,,3,invscore_median
weighted.median_ensemble,LV,Cases,2021-12-27,8489.40293478261,8761.68565217391,0.968923477946992,,3,invscore_median
weighted.median_ensemble,LV,Deaths,2021-12-27,11.7320108695652,11.1448913043478,1.05268060039207,,3,invscore_median
weighted.median_ensemble,LV,Cases,2022-01-03,19191.0246195652,19058.7954347826,1.00693796128066,,3,invscore_median
weighted.median_ensemble,LV,Deaths,2022-01-03,7.76456521739131,6.56407608695652,1.18288775366579,,3,invscore_median
weighted.median_ensemble,LV,Cases,2022-01-10,23545.9054347826,23395.5329347826,1.00642740220619,,3,invscore_median
weighted.median_ensemble,LV,Deaths,2022-01-10,11.690597826087,16.9322826086957,0.690432477194965,,3,invscore_median
weighted.median_ensemble,LV,Cases,2022-01-17,18295.7616304348,13391.2479347826,1.36624769547528,,3,invscore_median
weighted.median_ensemble,LV,Deaths,2022-01-17,8.61255434782609,16.0148913043478,0.537784127544337,,3,invscore_median
weighted.median_ensemble,LV,Cases,2022-01-24,6067.36625,11256.9438043478,0.538988765996733,,3,invscore_median
weighted.median_ensemble,LV,Deaths,2022-01-24,10.4516304347826,17.1047826086957,0.611035560865255,,3,invscore_median
weighted.median_ensemble,LV,Cases,2022-01-31,5231.44244565217,23404.3560869565,0.223524305741003,,3,invscore_median
weighted.median_ensemble,LV,Deaths,2022-01-31,14.6523913043478,10.2232608695652,1.43324047887384,,3,invscore_median
weighted.median_ensemble,LV,Cases,2022-02-07,19782.3826086957,13599.1947826087,1.45467308358538,,3,invscore_median
weighted.median_ensemble,LV,Deaths,2022-02-07,10.9667391304348,9.8154347826087,1.11729529800004,,3,invscore_median
weighted.median_ensemble,LV,Cases,2022-02-14,11171.0911413043,11083.1189673913,1.007937492521,,3,invscore_median
weighted.median_ensemble,LV,Deaths,2022-02-14,16.7027717391304,13.1660869565217,1.2686207978337,,3,invscore_median
weighted.median_ensemble,LV,Cases,2022-02-21,11354.3623913044,10730.7142391304,1.05811804678385,,3,invscore_median
weighted.median_ensemble,LV,Deaths,2022-02-21,19.423152173913,11.5602173913043,1.68017187881979,,3,invscore_median
weighted.median_ensemble,LV,Cases,2022-02-28,16609.3602717391,12872.2373913043,1.29032426662356,,3,invscore_median
weighted.median_ensemble,LV,Deaths,2022-02-28,52.9758695652174,24.2613043478261,2.183554058171,,3,invscore_median
weighted.median_ensemble,LV,Cases,2022-03-07,5795.18771739131,6100.12391304348,0.950011475176734,,3,invscore_median
weighted.median_ensemble,LV,Deaths,2022-03-07,28.2688586956522,35.5510869565217,0.795161586204788,,3,invscore_median
weighted.median_ensemble,MT,Cases,2021-04-12,66.5074456521739,49.3860869565217,1.34668384864598,,3,invscore_median
weighted.median_ensemble,MT,Deaths,2021-04-12,0.881684782608696,0.766739130434783,1.14991494187695,,3,invscore_median
weighted.median_ensemble,MT,Cases,2021-04-19,73.6904347826087,55.0302717391304,1.33908905869003,,3,invscore_median
weighted.median_ensemble,MT,Deaths,2021-04-19,0.69929347826087,0.876521739130435,0.79780505952381,,3,invscore_median
weighted.median_ensemble,MT,Cases,2021-04-26,37.5411775362319,23.5201086956522,1.59613112430775,,3,invscore_median
weighted.median_ensemble,MT,Deaths,2021-04-26,0.522989130434783,0.754510869565217,0.693149895555716,,3,invscore_median
weighted.median_ensemble,MT,Cases,2021-05-03,29.7315217391304,29.7239130434783,1.00025597893659,,3,invscore_median
weighted.median_ensemble,MT,Deaths,2021-05-03,0.609891304347826,0.668478260869565,0.912357723577236,,3,invscore_median
weighted.median_ensemble,MT,Cases,2021-05-10,17.7588586956522,26.3892391304348,0.672958345175281,,3,invscore_median
weighted.median_ensemble,MT,Deaths,2021-05-10,0.523097826086957,0.649565217391304,0.805304551539491,,3,invscore_median
weighted.median_ensemble,MT,Cases,2021-05-17,9.46842391304348,10.9715217391304,0.86300005944243,,3,invscore_median
weighted.median_ensemble,MT,Deaths,2021-05-17,0.360108695652174,0.423695652173913,0.849923037455105,,3,invscore_median
weighted.median_ensemble,MT,Cases,2021-05-24,7.06380434782609,5.89532608695652,1.1982041779597,,3,invscore_median
weighted.median_ensemble,MT,Deaths,2021-05-24,0.458967391304348,0.4375,1.04906832298137,,3,invscore_median
weighted.median_ensemble,MT,Cases,2021-05-31,10.3779347826087,10.6488043478261,0.9745633822944,,3,invscore_median
weighted.median_ensemble,MT,Deaths,2021-05-31,0.180326086956522,0.292391304347826,0.616728624535316,,3,invscore_median
weighted.median_ensemble,MT,Cases,2021-06-07,10.9475543478261,14.413097826087,0.759555959442083,,3,invscore_median
weighted.median_ensemble,MT,Deaths,2021-06-07,0.169347826086957,0.305108695652174,0.555040969006056,,3,invscore_median
weighted.median_ensemble,MT,Cases,2021-06-14,75.0547826086957,73.3871195652174,1.02272419265613,,3,invscore_median
weighted.median_ensemble,MT,Deaths,2021-06-14,0.156684782608696,0.197282608695652,0.794214876033058,,3,invscore_median
weighted.median_ensemble,MT,Cases,2021-06-21,410.805326086957,404.097391304348,1.01659979729381,,3,invscore_median
weighted.median_ensemble,MT,Deaths,2021-06-21,0.018695652173913,0.0957608695652174,0.195232690124858,,3,invscore_median
weighted.median_ensemble,MT,Cases,2021-06-28,716.540923913044,702.916902173913,1.01938212283272,,3,invscore_median
weighted.median_ensemble,MT,Deaths,2021-06-28,0.191086956521739,0.213369565217391,0.89556800815079,,3,invscore_median
weighted.median_ensemble,MT,Cases,2021-07-05,877.956521739131,816.312010869565,1.07551586899218,,3,invscore_median
weighted.median_ensemble,MT,Deaths,2021-07-05,0.366032608695652,0.370978260869565,0.98666861998242,,3,invscore_median
weighted.median_ensemble,MT,Cases,2021-07-12,416.548423913044,652.614130434783,0.638276746529426,,3,invscore_median
weighted.median_ensemble,MT,Deaths,2021-07-12,9.91222826086957,0.504619565217391,19.642972536349,,3,invscore_median
weighted.median_ensemble,MT,Cases,2021-07-19,239.33722826087,513.421739130435,0.466161071921549,,3,invscore_median
weighted.median_ensemble,MT,Deaths,2021-07-19,1.38869565217391,1.08244565217391,1.28292413516092,,3,invscore_median
weighted.median_ensemble,MT,Cases,2021-07-26,384.644836956522,597.992608695652,0.643226741205904,,3,invscore_median
weighted.median_ensemble,MT,Deaths,2021-07-26,2.0345652173913,1.57483695652174,1.291921178866,,3,invscore_median
weighted.median_ensemble,MT,Cases,2021-08-02,197.475054347826,154.311086956522,1.27972045458708,,3,invscore_median
weighted.median_ensemble,MT,Deaths,2021-08-02,1.95592391304348,1.70608695652174,1.14643858307849,,3,invscore_median
weighted.median_ensemble,MT,Cases,2021-08-09,63.09625,67.8423913043478,0.930041656653048,,3,invscore_median
weighted.median_ensemble,MT,Deaths,2021-08-09,2.11880434782609,1.77103260869565,1.19636664927732,,3,invscore_median
weighted.median_ensemble,MT,Cases,2021-08-16,58.9394021739131,80.6389130434783,0.730905216221535,,3,invscore_median
weighted.median_ensemble,MT,Deaths,2021-08-16,0.964619565217391,1.1445652173913,0.84278252611586,,3,invscore_median
weighted.median_ensemble,MT,Cases,2021-08-23,53.3834239130435,58.5785869565217,0.911312933387516,,3,invscore_median
weighted.median_ensemble,MT,Deaths,2021-08-23,1.49885869565217,2.33641304347826,0.64152128401954,,3,invscore_median
weighted.median_ensemble,MT,Cases,2021-08-30,41.7749456521739,45.2416304347826,0.923374008644405,,3,invscore_median
weighted.median_ensemble,MT,Deaths,2021-08-30,1.25913043478261,0.907282608695652,1.38780400143764,,3,invscore_median
weighted.median_ensemble,MT,Cases,2021-09-06,45.6210326086957,127.958043478261,0.356531182945497,,3,invscore_median
weighted.median_ensemble,MT,Deaths,2021-09-06,1.17054347826087,1.04907608695652,1.11578511112262,,3,invscore_median
weighted.median_ensemble,MT,Cases,2021-09-13,60.7879891304348,59.7272826086957,1.01775916257045,,3,invscore_median
weighted.median_ensemble,MT,Deaths,2021-09-13,0.875869565217391,1.11141304347826,0.788068459657702,,3,invscore_median
weighted.median_ensemble,MT,Cases,2021-09-20,33.3464673913044,32.805597826087,1.01648711198877,,3,invscore_median
weighted.median_ensemble,MT,Deaths,2021-09-20,1.12141304347826,1.76739130434783,0.63450184501845,,3,invscore_median
weighted.median_ensemble,MT,Cases,2021-09-27,28.3372282608696,27.230652173913,1.04063714963157,,3,invscore_median
weighted.median_ensemble,MT,Deaths,2021-09-27,1.27510869565217,1.49978260869565,0.850195680533411,,3,invscore_median
weighted.median_ensemble,MT,Cases,2021-10-04,30.7315217391304,36.2747826086957,0.847186930674082,,3,invscore_median
weighted.median_ensemble,MT,Deaths,2021-10-04,0.694184782608696,1.135,0.611616548553917,,3,invscore_median
weighted.median_ensemble,MT,Cases,2021-10-11,38.9975,44.8641304347826,0.869235614778922,,3,invscore_median
weighted.median_ensemble,MT,Deaths,2021-10-11,0.506358695652174,0.608206521739131,0.832544008578322,,3,invscore_median
weighted.median_ensemble,MT,Cases,2021-10-18,62.8727173913044,51.3763043478261,1.22376878192027,,3,invscore_median
weighted.median_ensemble,MT,Deaths,2021-10-18,0.376413043478261,0.422934782608696,0.890002570033411,,3,invscore_median
weighted.median_ensemble,MT,Cases,2021-10-25,147.37972826087,95.6338043478261,1.54108402636415,,3,invscore_median
weighted.median_ensemble,MT,Deaths,2021-10-25,0.586086956521739,0.439347826086957,1.33399307273627,,3,invscore_median
weighted.median_ensemble,MT,Cases,2021-11-01,274.556576086957,186.816141304348,1.46966195838329,,3,invscore_median
weighted.median_ensemble,MT,Deaths,2021-11-01,0.856413043478261,0.908478260869565,0.942689638669538,,3,invscore_median
weighted.median_ensemble,MT,Cases,2021-11-08,160.518097826087,111.857391304348,1.43502450713642,,3,invscore_median
weighted.median_ensemble,MT,Deaths,2021-11-08,0.960054347826087,0.963152173913043,0.996783658729263,,3,invscore_median
weighted.median_ensemble,MT,Cases,2021-11-15,145.126358695652,104.553913043478,1.38805286642215,,3,invscore_median
weighted.median_ensemble,MT,Deaths,2021-11-15,1.30891304347826,0.998369565217391,1.31105062602069,,3,invscore_median
weighted.median_ensemble,MT,Cases,2021-11-22,90.7985326086957,117.978695652174,0.769618040840093,,3,invscore_median
weighted.median_ensemble,MT,Deaths,2021-11-22,1.18711956521739,1.21782608695652,0.974785790789004,,3,invscore_median
weighted.median_ensemble,MT,Cases,2021-11-29,578.905217391304,669.670163043478,0.864463207917655,,3,invscore_median
weighted.median_ensemble,MT,Deaths,2021-11-29,1.3941847826087,2.14472826086957,0.650051947393761,,3,invscore_median
weighted.median_ensemble,MT,Cases,2021-12-06,2121.27472826087,2173.11027173913,0.976146841624941,,3,invscore_median
weighted.median_ensemble,MT,Deaths,2021-12-06,0.610217391304348,0.800163043478261,0.762616314609794,,3,invscore_median
weighted.median_ensemble,MT,Cases,2021-12-13,4157.13391304348,3904.55010869565,1.06468960502909,,3,invscore_median
weighted.median_ensemble,MT,Deaths,2021-12-13,1.7479347826087,1.56385869565217,1.11770634231103,,3,invscore_median
weighted.median_ensemble,MT,Cases,2021-12-20,3438.27695652174,3627.0877173913,0.94794425291557,,3,invscore_median
weighted.median_ensemble,MT,Deaths,2021-12-20,5.15934782608696,4.0895652173913,1.26158834786307,,3,invscore_median
weighted.median_ensemble,MT,Cases,2021-12-27,3095.69907608696,1596.63375,1.93889116780035,,3,invscore_median
weighted.median_ensemble,MT,Deaths,2021-12-27,7.53119565217391,6.98152173913044,1.07873267943329,,3,invscore_median
weighted.median_ensemble,MT,Cases,2022-01-03,10473.1476630435,12372.7920652174,0.84646598826192,,3,invscore_median
weighted.median_ensemble,MT,Deaths,2022-01-03,9.86760869565217,3.51559782608696,2.80680816856555,,3,invscore_median
weighted.median_ensemble,MT,Cases,2022-01-10,10996.2216847826,10996.3292934783,0.999990214125752,,3,invscore_median
weighted.median_ensemble,MT,Deaths,2022-01-10,5.33728260869565,2.08467391304348,2.56024818812243,,3,invscore_median
weighted.median_ensemble,MT,Cases,2022-01-17,529.349076086957,1415.8152173913,0.373882883574527,,3,invscore_median
weighted.median_ensemble,MT,Deaths,2022-01-17,4.74103260869565,2.65565217391304,1.78526113294041,,3,invscore_median
weighted.median_ensemble,MT,Cases,2022-01-24,238.468804347826,183.160760869565,1.30196447762983,,3,invscore_median
weighted.median_ensemble,MT,Deaths,2022-01-24,3.78510869565217,2.88934782608696,1.3100218192762,,3,invscore_median
weighted.median_ensemble,MT,Cases,2022-01-31,251.951684782609,142.618043478261,1.7666185753068,,3,invscore_median
weighted.median_ensemble,MT,Deaths,2022-01-31,3.61586956521739,2.82608695652174,1.27946153846154,,3,invscore_median
weighted.median_ensemble,MT,Cases,2022-02-07,133.8475,124.28652173913,1.07692691151932,,3,invscore_median
weighted.median_ensemble,MT,Deaths,2022-02-07,1.85103260869565,3.27097826086957,0.565895723257901,,3,invscore_median
weighted.median_ensemble,MT,Cases,2022-02-14,353.201467391304,118.212663043478,2.98784798766777,,3,invscore_median
weighted.median_ensemble,MT,Deaths,2022-02-14,2.74880434782609,4.82266304347826,0.569976447254246,,3,invscore_median
weighted.median_ensemble,MT,Cases,2022-02-21,537.204891304348,402.569782608696,1.33443918175677,,3,invscore_median
weighted.median_ensemble,MT,Deaths,2022-02-21,1.5,1.27630434782609,1.17526826775677,,3,invscore_median
weighted.median_ensemble,MT,Cases,2022-02-28,714.534565217391,584.683586956522,1.22208760628426,,3,invscore_median
weighted.median_ensemble,MT,Deaths,2022-02-28,1.68690217391304,1.57766304347826,1.06924110372386,,3,invscore_median
weighted.median_ensemble,MT,Cases,2022-03-07,1792.31005434783,1498.71684782609,1.19589638092586,,3,invscore_median
weighted.median_ensemble,MT,Deaths,2022-03-07,5.20211956521739,2.52326086956522,2.06166537434307,,3,invscore_median
weighted.median_ensemble,NO,Cases,2021-04-12,277.447663043478,604.246304347826,0.459163193961,,3,invscore_median
weighted.median_ensemble,NO,Cases,2021-04-19,456.206630434783,331.974891304348,1.37422028708955,,3,invscore_median
weighted.median_ensemble,NO,Cases,2021-04-26,643.257880434783,368.859347826087,1.74391101710149,,3,invscore_median
weighted.median_ensemble,NO,Cases,2021-05-03,352.967608695652,354.262445652174,0.996344978214843,,3,invscore_median
weighted.median_ensemble,NO,Cases,2021-05-10,275.676086956522,320.593152173913,0.859893871990675,,3,invscore_median
weighted.median_ensemble,NO,Cases,2021-05-17,325.763152173913,351.409239130435,0.927019315086925,,3,invscore_median
weighted.median_ensemble,NO,Cases,2021-05-24,861.914891304348,856.841358695652,1.00592120414964,,3,invscore_median
weighted.median_ensemble,NO,Cases,2021-05-31,279.456576086957,529.463206521739,0.527811135211494,,3,invscore_median
weighted.median_ensemble,NO,Cases,2021-06-07,162.220163043478,179.372880434783,0.904373964727958,,3,invscore_median
weighted.median_ensemble,NO,Cases,2021-06-14,217.023641304348,217.992717391304,0.995554548342012,,3,invscore_median
weighted.median_ensemble,NO,Cases,2021-06-21,373.634347826087,193.043804347826,1.9354899738345,,3,invscore_median
weighted.median_ensemble,NO,Cases,2021-06-28,233.804293478261,149.604347826087,1.56281750414136,,3,invscore_median
weighted.median_ensemble,NO,Cases,2021-07-05,213.516032608696,202.278967391304,1.05555231649791,,3,invscore_median
weighted.median_ensemble,NO,Cases,2021-07-12,481.496413043478,459.104891304348,1.04877212629017,,3,invscore_median
weighted.median_ensemble,NO,Cases,2021-07-19,920.43222826087,934.81875,0.984610362448196,,3,invscore_median
weighted.median_ensemble,NO,Cases,2021-07-26,957.862826086957,1199.89880434783,0.798286340994879,,3,invscore_median
weighted.median_ensemble,NO,Cases,2021-08-02,1538.86858695652,1436.48913043478,1.07127060995634,,3,invscore_median
weighted.median_ensemble,NO,Cases,2021-08-09,2255.05288043478,1517.65891304348,1.48587595081727,,3,invscore_median
weighted.median_ensemble,NO,Cases,2021-08-16,1900.29516304348,1202.15614130435,1.58073905522925,,3,invscore_median
weighted.median_ensemble,NO,Cases,2021-08-23,2933.59282608696,2316.72076086957,1.26626949420778,,3,invscore_median
weighted.median_ensemble,NO,Cases,2021-08-30,6084.75733695652,5902.68706521739,1.03084532005974,,3,invscore_median
weighted.median_ensemble,NO,Cases,2021-09-06,13527.4527717391,13097.6030434783,1.03281896136522,,3,invscore_median
weighted.median_ensemble,NO,Cases,2021-09-13,7735.59326086957,5825.13467391304,1.32796814046415,,3,invscore_median
weighted.median_ensemble,NO,Cases,2021-09-20,940.506847826087,631.011847826087,1.49047415047158,,3,invscore_median
weighted.median_ensemble,NO,Cases,2021-09-27,376.092391304348,364.06847826087,1.03302651495926,,3,invscore_median
weighted.median_ensemble,NO,Cases,2021-10-04,1085.30086956522,1202.32717391304,0.902666839037699,,3,invscore_median
weighted.median_ensemble,NO,Cases,2021-10-11,2456.01733695652,2810.63972826087,0.873828585094478,,3,invscore_median
weighted.median_ensemble,NO,Cases,2021-10-18,5625.09684782609,5203.0847826087,1.08110805086782,,3,invscore_median
weighted.median_ensemble,NO,Cases,2021-10-25,4480.32135869565,5518.0352173913,0.811941421572471,,3,invscore_median
weighted.median_ensemble,NO,Cases,2021-11-01,1759.09695652174,1742.0377173913,1.00979269217889,,3,invscore_median
weighted.median_ensemble,NO,Cases,2021-11-08,2184.29445652174,2331.14891304348,0.93700339961122,,3,invscore_median
weighted.median_ensemble,NO,Cases,2021-11-15,3912.45891304348,3962.82793478261,0.987289626860397,,3,invscore_median
weighted.median_ensemble,NO,Cases,2021-11-22,6540.84220108696,4476.65951086957,1.46109888080732,,3,invscore_median
weighted.median_ensemble,NO,Cases,2021-11-29,2883.51157608696,2807.04630434783,1.02724047395324,,3,invscore_median
weighted.median_ensemble,NO,Cases,2021-12-06,4177.05885869565,4613.20934782609,0.905456168093485,,3,invscore_median
weighted.median_ensemble,NO,Cases,2021-12-13,9820.22043478261,8229.89364130435,1.19323783061991,,3,invscore_median
weighted.median_ensemble,NO,Cases,2021-12-20,11525.7376630435,11244.2039130435,1.02503812205624,,3,invscore_median
weighted.median_ensemble,NO,Cases,2021-12-27,43640.41625,35111.0413586957,1.24292571684696,,3,invscore_median
weighted.median_ensemble,NO,Cases,2022-01-03,66689.1451086957,64051.6088043478,1.04117829908698,,3,invscore_median
weighted.median_ensemble,NO,Cases,2022-01-10,63265.5267934783,50907.7739673913,1.24274785289183,,3,invscore_median
weighted.median_ensemble,NO,Cases,2022-01-17,49428.1779347826,20356.5036956522,2.42812708281234,,3,invscore_median
weighted.median_ensemble,NO,Cases,2022-01-24,29069.4449456522,23424.4229891304,1.2409887304008,,3,invscore_median
weighted.median_ensemble,NO,Cases,2022-01-31,9915.12456521739,45538.125,0.217732385011842,,3,invscore_median
weighted.median_ensemble,NO,Cases,2022-02-07,16737.0513586957,17005.0891304348,0.98423779083525,,3,invscore_median
weighted.median_ensemble,NO,Cases,2022-02-14,27008.7110326087,32032.6369565217,0.843162274441156,,3,invscore_median
weighted.median_ensemble,NO,Cases,2022-02-21,11582.6136413044,11813.6026086957,0.980447203529491,,3,invscore_median
weighted.median_ensemble,NO,Cases,2022-02-28,13942.2992391304,14741.943423913,0.945757207052803,,3,invscore_median
weighted.median_ensemble,NO,Cases,2022-03-07,12635.0850543478,14100.719076087,0.896059625482174,,3,invscore_median
weighted.median_ensemble,PT,Cases,2021-04-12,460.382554347826,1075.04597826087,0.428244525031943,,3,invscore_median
weighted.median_ensemble,PT,Deaths,2021-04-12,5.90592391304348,24.2245652173913,0.243798964400133,,3,invscore_median
weighted.median_ensemble,PT,Cases,2021-04-19,384.643913043478,368.174293478261,1.04473321428724,,3,invscore_median
weighted.median_ensemble,PT,Deaths,2021-04-19,9.63065217391304,12.4972826086957,0.770619699934768,,3,invscore_median
weighted.median_ensemble,PT,Cases,2021-04-26,470.036630434783,822.076413043478,0.571767566830704,,3,invscore_median
weighted.median_ensemble,PT,Deaths,2021-04-26,4.35233695652174,9.10195652173913,0.478175977453486,,3,invscore_median
weighted.median_ensemble,PT,Cases,2021-05-03,378.01125,362.144456521739,1.04381343740742,,3,invscore_median
weighted.median_ensemble,PT,Deaths,2021-05-03,3.11086956521739,3.28880434782609,0.945896817265426,,3,invscore_median
weighted.median_ensemble,PT,Cases,2021-05-10,695.908913043478,642.270217391304,1.08351421909307,,3,invscore_median
weighted.median_ensemble,PT,Deaths,2021-05-10,2.89195652173913,2.0075,1.44057610049272,,3,invscore_median
weighted.median_ensemble,PT,Cases,2021-05-17,641.834130434783,714.049836956522,0.898864613106639,,3,invscore_median
weighted.median_ensemble,PT,Deaths,2021-05-17,2.67961956521739,3.7345652173913,0.717518481867396,,3,invscore_median
weighted.median_ensemble,PT,Cases,2021-05-24,1019.26152173913,899.303043478261,1.13339049515156,,3,invscore_median
weighted.median_ensemble,PT,Deaths,2021-05-24,2.24875,2.51576086956522,0.893864765608123,,3,invscore_median
weighted.median_ensemble,PT,Cases,2021-05-31,1403.57657608696,1115.20875,1.25857744219363,,3,invscore_median
weighted.median_ensemble,PT,Deaths,2021-05-31,3.02086956521739,2.73336956521739,1.10518153258838,,3,invscore_median
weighted.median_ensemble,PT,Cases,2021-06-07,1646.27809782609,1807.64826086957,0.910729223966475,,3,invscore_median
weighted.median_ensemble,PT,Deaths,2021-06-07,4.06108695652174,3.67880434782609,1.10391490618998,,3,invscore_median
weighted.median_ensemble,PT,Cases,2021-06-14,5059.97701086957,3621.98668478261,1.397017010617,,3,invscore_median
weighted.median_ensemble,PT,Deaths,2021-06-14,6.69826086956522,4.36173913043478,1.53568580542265,,3,invscore_median
weighted.median_ensemble,PT,Cases,2021-06-21,1961.25641304348,2000.26407608696,0.980498743386029,,3,invscore_median
weighted.median_ensemble,PT,Deaths,2021-06-21,5.02728260869565,6.98,0.720241061417715,,3,invscore_median
weighted.median_ensemble,PT,Cases,2021-06-28,2033.54739130435,1969.02233695652,1.03277009769608,,3,invscore_median
weighted.median_ensemble,PT,Deaths,2021-06-28,5.59483695652174,6.78217391304348,0.82493268799282,,3,invscore_median
weighted.median_ensemble,PT,Cases,2021-07-05,5186.66657608696,5000.86413043478,1.03715406793826,,3,invscore_median
weighted.median_ensemble,PT,Deaths,2021-07-05,9.81125,11.0986956521739,0.884000274219454,,3,invscore_median
weighted.median_ensemble,PT,Cases,2021-07-12,6679.87755434783,4554.09217391304,1.4667857608618,,3,invscore_median
weighted.median_ensemble,PT,Deaths,2021-07-12,14.1408152173913,14.0263043478261,1.00816400861735,,3,invscore_median
weighted.median_ensemble,PT,Cases,2021-07-19,7643.0160326087,6963.20108695652,1.0976296587105,,3,invscore_median
weighted.median_ensemble,PT,Deaths,2021-07-19,9.33586956521739,9.68260869565217,0.964189492590929,,3,invscore_median
weighted.median_ensemble,PT,Cases,2021-07-26,2525.6502173913,4804.12347826087,0.525725499941898,,3,invscore_median
weighted.median_ensemble,PT,Deaths,2021-07-26,10.6219565217391,12.6740217391304,0.838088867162374,,3,invscore_median
weighted.median_ensemble,PT,Cases,2021-08-02,7044.77858695652,2408.1885326087,2.92534346524987,,3,invscore_median
weighted.median_ensemble,PT,Deaths,2021-08-02,25.5848369565217,16.1303260869565,1.58613265588043,,3,invscore_median
weighted.median_ensemble,PT,Cases,2021-08-09,1343.55635869565,1478.62592391304,0.908651970026373,,3,invscore_median
weighted.median_ensemble,PT,Deaths,2021-08-09,5.20423913043478,6.66826086956522,0.780449240399035,,3,invscore_median
weighted.median_ensemble,PT,Cases,2021-08-16,1219.98722826087,1658.82130434783,0.73545428013448,,3,invscore_median
weighted.median_ensemble,PT,Deaths,2021-08-16,5.97690217391304,7.64788043478261,0.781510932980863,,3,invscore_median
weighted.median_ensemble,PT,Cases,2021-08-23,2119.9435326087,2638.96255434783,0.803324597810598,,3,invscore_median
weighted.median_ensemble,PT,Deaths,2021-08-23,7.03364130434783,7.58521739130435,0.927282758225381,,3,invscore_median
weighted.median_ensemble,PT,Cases,2021-08-30,2665.63820652174,2912.41472826087,0.915267382991676,,3,invscore_median
weighted.median_ensemble,PT,Deaths,2021-08-30,6.98570652173913,7.99217391304348,0.874068382112936,,3,invscore_median
weighted.median_ensemble,PT,Cases,2021-09-06,3294.08358695652,2460.0264673913,1.33904396177074,,3,invscore_median
weighted.median_ensemble,PT,Deaths,2021-09-06,6.9566847826087,8.51565217391304,0.8169291841111,,3,invscore_median
weighted.median_ensemble,PT,Cases,2021-09-13,520.878532608696,667.831684782609,0.779954806693922,,3,invscore_median
weighted.median_ensemble,PT,Deaths,2021-09-13,5.90847826086957,6.71804347826087,0.879493900268582,,3,invscore_median
weighted.median_ensemble,PT,Cases,2021-09-20,1110.24288043478,645.188586956522,1.72080365784524,,3,invscore_median
weighted.median_ensemble,PT,Deaths,2021-09-20,12.9284239130435,10.386902173913,1.24468524845777,,3,invscore_median
weighted.median_ensemble,PT,Cases,2021-09-27,2689.80342391304,1045.42467391304,2.57292896469055,,3,invscore_median
weighted.median_ensemble,PT,Deaths,2021-09-27,16.0228804347826,11.2664673913043,1.42217430524402,,3,invscore_median
weighted.median_ensemble,PT,Cases,2021-10-04,1687.98114130435,1228.15288043478,1.37440636926795,,3,invscore_median
weighted.median_ensemble,PT,Deaths,2021-10-04,15.3509782608696,10.208152173913,1.50379598573178,,3,invscore_median
weighted.median_ensemble,PT,Cases,2021-10-11,1045.8089673913,1283.80918478261,0.814614025033942,,3,invscore_median
weighted.median_ensemble,PT,Deaths,2021-10-11,8.56228260869565,6.0345652173913,1.41887315825498,,3,invscore_median
weighted.median_ensemble,PT,Cases,2021-10-18,1245.34744565217,1327.93293478261,0.937808990975923,,3,invscore_median
weighted.median_ensemble,PT,Deaths,2021-10-18,10.8476086956522,8.13141304347826,1.33403734844738,,3,invscore_median
weighted.median_ensemble,PT,Cases,2021-10-25,2750.84961956522,3021.43315217391,0.910445302285105,,3,invscore_median
weighted.median_ensemble,PT,Deaths,2021-10-25,9.6858152173913,8.81472826086957,1.09882175953043,,3,invscore_median
weighted.median_ensemble,PT,Cases,2021-11-01,4423.7352173913,4793.35184782609,0.922889735164671,,3,invscore_median
weighted.median_ensemble,PT,Deaths,2021-11-01,23.23375,24.4611413043478,0.949822811246765,,3,invscore_median
weighted.median_ensemble,PT,Cases,2021-11-08,7215.14717391304,5851.62576086957,1.23301582650099,,3,invscore_median
weighted.median_ensemble,PT,Deaths,2021-11-08,35.3500543478261,22.0920652173913,1.6001244790821,,3,invscore_median
weighted.median_ensemble,PT,Cases,2021-11-15,3007.65820652174,2895.45619565217,1.03875106487125,,3,invscore_median
weighted.median_ensemble,PT,Deaths,2021-11-15,31.276847826087,19.7083695652174,1.58698301869102,,3,invscore_median
weighted.median_ensemble,PT,Cases,2021-11-22,1943.78391304348,1879.11744565217,1.03441321219221,,3,invscore_median
weighted.median_ensemble,PT,Deaths,2021-11-22,15.3238586956522,11.5236956521739,1.32976947310834,,3,invscore_median
weighted.median_ensemble,PT,Cases,2021-11-29,4754.00798913044,4132.38043478261,1.15042844291768,,3,invscore_median
weighted.median_ensemble,PT,Deaths,2021-11-29,27.1253804347826,37.171847826087,0.729729136998839,,3,invscore_median
weighted.median_ensemble,PT,Cases,2021-12-06,20727.7505978261,25814.9215217391,0.802936804606241,,3,invscore_median
weighted.median_ensemble,PT,Deaths,2021-12-06,18.8571739130435,23.1160869565217,0.815759775800779,,3,invscore_median
weighted.median_ensemble,PT,Cases,2021-12-13,61759.1591304348,69711.5260869565,0.885924646856789,,3,invscore_median
weighted.median_ensemble,PT,Deaths,2021-12-13,32.0715760869565,32.4411413043478,0.988608131448761,,3,invscore_median
weighted.median_ensemble,PT,Cases,2021-12-20,125334.831032609,119013.972608696,1.05311022130734,,3,invscore_median
weighted.median_ensemble,PT,Deaths,2021-12-20,17.6278260869565,15.6476086956522,1.12655079953875,,3,invscore_median
weighted.median_ensemble,PT,Cases,2021-12-27,93282.3544021739,92487.4363043478,1.00859487655394,,3,invscore_median
weighted.median_ensemble,PT,Deaths,2021-12-27,27.808152173913,23.7675543478261,1.17000477907634,,3,invscore_median
weighted.median_ensemble,PT,Cases,2022-01-03,55186.4546195652,41176.9970652174,1.340225333386,,3,invscore_median
weighted.median_ensemble,PT,Deaths,2022-01-03,30.3141847826087,16.7098913043478,1.81414613838458,,3,invscore_median
weighted.median_ensemble,PT,Cases,2022-01-10,243887.957228261,165273.65826087,1.47566139573982,,3,invscore_median
weighted.median_ensemble,PT,Deaths,2022-01-10,198.580054347826,143.645,1.38243624454611,,3,invscore_median
weighted.median_ensemble,PT,Cases,2022-01-17,73664.0432065218,48783.8082608696,1.51001010033096,,3,invscore_median
weighted.median_ensemble,PT,Deaths,2022-01-17,21.7282608695652,23.4513043478261,0.926526752938559,,3,invscore_median
weighted.median_ensemble,PT,Cases,2022-01-24,43778.1776086957,85909.935,0.509582245740212,,3,invscore_median
weighted.median_ensemble,PT,Deaths,2022-01-24,21.9775543478261,54.7186956521739,0.401646166559399,,3,invscore_median
weighted.median_ensemble,PT,Cases,2022-01-31,51181.1902173913,195086.22076087,0.262351641329541,,3,invscore_median
weighted.median_ensemble,PT,Deaths,2022-01-31,57.8777173913044,88.4806521739131,0.654128512497205,,3,invscore_median
weighted.median_ensemble,PT,Cases,2022-02-07,79140.3271195652,61389.1370652174,1.28915848801539,,3,invscore_median
weighted.median_ensemble,PT,Deaths,2022-02-07,37.5191304347826,64.3440217391304,0.583102041505832,,3,invscore_median
weighted.median_ensemble,PT,Cases,2022-02-14,12281.012826087,15257.87375,0.804896739041831,,3,invscore_median
weighted.median_ensemble,PT,Deaths,2022-02-14,73.9663043478261,80.3861956521739,0.920136893501886,,3,invscore_median
weighted.median_ensemble,PT,Cases,2022-02-21,25171.9438586957,26431.64375,0.952341220121645,,3,invscore_median
weighted.median_ensemble,PT,Deaths,2022-02-21,35.0451630434783,44.1616304347826,0.793565878307699,,3,invscore_median
weighted.median_ensemble,PT,Cases,2022-02-28,28340.845,29561.8763043478,0.958695744080079,,3,invscore_median
weighted.median_ensemble,PT,Deaths,2022-02-28,16.2555434782609,20.9458695652174,0.77607393799753,,3,invscore_median
weighted.median_ensemble,PT,Cases,2022-03-07,15455.9408152174,13980.7447826087,1.10551626937957,,3,invscore_median
weighted.median_ensemble,PT,Deaths,2022-03-07,29.2408152173913,25.5975543478261,1.14232847482457,,3,invscore_median
weighted.median_ensemble,RO,Cases,2021-04-12,3028.8639673913,5699.83869565217,0.531394681344529,,3,invscore_median
weighted.median_ensemble,RO,Deaths,2021-04-12,91.9132065217391,90.7752173913044,1.01253634156038,,3,invscore_median
weighted.median_ensemble,RO,Cases,2021-04-19,649.713315217391,1581.50472826087,0.410819710878677,,3,invscore_median
weighted.median_ensemble,RO,Deaths,2021-04-19,140.99777173913,110.113695652174,1.28047443057867,,3,invscore_median
weighted.median_ensemble,RO,Cases,2021-04-26,566.858586956522,1006.96717391304,0.562936510386656,,3,invscore_median
weighted.median_ensemble,RO,Deaths,2021-04-26,211.153597826087,60.9139130434783,3.46642642503319,,3,invscore_median
weighted.median_ensemble,RO,Cases,2021-05-03,745.815733695652,1166.47054347826,0.639378111916764,,3,invscore_median
weighted.median_ensemble,RO,Deaths,2021-05-03,34.8682065217391,31.4199456521739,1.10974751222482,,3,invscore_median
weighted.median_ensemble,RO,Cases,2021-05-10,1876.97451086957,2192.21445652174,0.856200224976006,,3,invscore_median
weighted.median_ensemble,RO,Deaths,2021-05-10,84.1615217391304,50.8116304347826,1.65634365634366,,3,invscore_median
weighted.median_ensemble,RO,Cases,2021-05-17,236.232717391304,885.584565217391,0.266753426685248,,3,invscore_median
weighted.median_ensemble,RO,Deaths,2021-05-17,282.383858695652,252.014782608696,1.12050513772484,,3,invscore_median
weighted.median_ensemble,RO,Cases,2021-05-24,146.009130434783,754.06472826087,0.193629439174976,,3,invscore_median
weighted.median_ensemble,RO,Deaths,2021-05-24,415.862717391304,335.4975,1.23954043589387,,3,invscore_median
weighted.median_ensemble,RO,Cases,2021-05-31,84.2309239130435,110.5875,0.761667674131737,,3,invscore_median
weighted.median_ensemble,RO,Deaths,2021-05-31,556.462826086957,505.236413043478,1.10139097602823,,3,invscore_median
weighted.median_ensemble,RO,Cases,2021-06-07,82.6254891304348,99.6111413043478,0.829480397960548,,3,invscore_median
weighted.median_ensemble,RO,Deaths,2021-06-07,220.504836956522,357.615652173913,0.616597275919253,,3,invscore_median
weighted.median_ensemble,RO,Cases,2021-06-14,42.6382608695652,68.6911956521739,0.620723812778994,,3,invscore_median
weighted.median_ensemble,RO,Deaths,2021-06-14,117.444347826087,135.460543478261,0.867000418058523,,3,invscore_median
weighted.median_ensemble,RO,Cases,2021-06-21,126.324239130435,80.979402173913,1.55995519526235,,3,invscore_median
weighted.median_ensemble,RO,Deaths,2021-06-21,152.507336956522,197.821086956522,0.770935693979079,,3,invscore_median
weighted.median_ensemble,RO,Cases,2021-06-28,166.500597826087,118.5425,1.40456458929149,,3,invscore_median
weighted.median_ensemble,RO,Deaths,2021-06-28,381.817445652174,343.826630434783,1.11049410329081,,3,invscore_median
weighted.median_ensemble,RO,Cases,2021-07-05,335.860489130435,238.877065217391,1.40599721796139,,3,invscore_median
weighted.median_ensemble,RO,Deaths,2021-07-05,248.49375,225.187065217391,1.10349921635201,,3,invscore_median
weighted.median_ensemble,RO,Cases,2021-07-12,637.281304347826,583.55,1.0920766075706,,3,invscore_median
weighted.median_ensemble,RO,Deaths,2021-07-12,98.7033152173913,102.934565217391,0.958893788582447,,3,invscore_median
weighted.median_ensemble,RO,Cases,2021-07-19,802.986902173913,477.325597826087,1.6822623924445,,3,invscore_median
weighted.median_ensemble,RO,Deaths,2021-07-19,11.9507065217391,15.8292391304348,0.754976687335627,,3,invscore_median
weighted.median_ensemble,RO,Cases,2021-07-26,494.889239130435,408.531467391304,1.21138585061898,,3,invscore_median
weighted.median_ensemble,RO,Deaths,2021-07-26,11.3736956521739,11.6359782608696,0.977459341809044,,3,invscore_median
weighted.median_ensemble,RO,Cases,2021-08-02,880.196630434783,694.458913043478,1.26745674064043,,3,invscore_median
weighted.median_ensemble,RO,Deaths,2021-08-02,9.70611413043478,16.2985869565217,0.595518749958319,,3,invscore_median
weighted.median_ensemble,RO,Cases,2021-08-09,1009.68114130435,987.274076086956,1.02269589140454,,3,invscore_median
weighted.median_ensemble,RO,Deaths,2021-08-09,23.0089130434783,29.9930434782609,0.767141656036182,,3,invscore_median
weighted.median_ensemble,RO,Cases,2021-08-16,1526.58711956522,1302.44809782609,1.17209055939599,,3,invscore_median
weighted.median_ensemble,RO,Deaths,2021-08-16,83.7584239130435,65.6048913043478,1.27671004779933,,3,invscore_median
weighted.median_ensemble,RO,Cases,2021-08-23,3296.20701086957,1935.11538043478,1.70336458704027,,3,invscore_median
weighted.median_ensemble,RO,Deaths,2021-08-23,61.4744565217391,80.7349456521739,0.761435534825109,,3,invscore_median
weighted.median_ensemble,RO,Cases,2021-08-30,3316.51434782609,3657.45869565217,0.906781080472245,,3,invscore_median
weighted.median_ensemble,RO,Deaths,2021-08-30,87.0588586956522,43.9620652173913,1.9803177640802,,3,invscore_median
weighted.median_ensemble,RO,Cases,2021-09-06,7657.54206521739,6258.47619565217,1.22354736613637,,3,invscore_median
weighted.median_ensemble,RO,Deaths,2021-09-06,152.041141304348,78.5373913043478,1.93590770942669,,3,invscore_median
weighted.median_ensemble,RO,Cases,2021-09-13,6331.18983695652,9190.71440217391,0.688868085756096,,3,invscore_median
weighted.median_ensemble,RO,Deaths,2021-09-13,119.653695652174,184.910434782609,0.647090013026283,,3,invscore_median
weighted.median_ensemble,RO,Cases,2021-09-20,17893.599673913,6351.94989130435,2.81702469007335,,3,invscore_median
weighted.median_ensemble,RO,Deaths,2021-09-20,138.32375,100.102880434783,1.3818158818129,,3,invscore_median
weighted.median_ensemble,RO,Cases,2021-09-27,12821.0149456522,13336.5095652174,0.961347111322916,,3,invscore_median
weighted.median_ensemble,RO,Deaths,2021-09-27,134.932119565217,169.103913043478,0.797924288898773,,3,invscore_median
weighted.median_ensemble,RO,Cases,2021-10-04,77950.8477173913,55424.1111956522,1.4064429006758,,3,invscore_median
weighted.median_ensemble,RO,Deaths,2021-10-04,520.405054347826,187.579782608696,2.77431313284666,,3,invscore_median
weighted.median_ensemble,RO,Cases,2021-10-11,59022.5634782609,44696.3691847826,1.32052255149073,,3,invscore_median
weighted.median_ensemble,RO,Deaths,2021-10-11,854.735543478261,347.01847826087,2.46308365987277,,3,invscore_median
weighted.median_ensemble,RO,Cases,2021-10-18,38039.0121195652,38239.9257065217,0.99474597339706,,3,invscore_median
weighted.median_ensemble,RO,Deaths,2021-10-18,964.210543478261,401.00347826087,2.40449421451402,,3,invscore_median
weighted.median_ensemble,RO,Cases,2021-10-25,29735.3016304348,46999.8777173913,0.632667638184766,,3,invscore_median
weighted.median_ensemble,RO,Deaths,2021-10-25,306.967989130435,496.488423913043,0.618278240429223,,3,invscore_median
weighted.median_ensemble,RO,Cases,2021-11-01,33988.870326087,32361.7741304348,1.05027833730914,,3,invscore_median
weighted.median_ensemble,RO,Deaths,2021-11-01,440.401413043478,510.078260869565,0.863399691436949,,3,invscore_median
weighted.median_ensemble,RO,Cases,2021-11-08,3103.36336956522,5871.8752173913,0.528513167373463,,3,invscore_median
weighted.median_ensemble,RO,Deaths,2021-11-08,352.931793478261,590.696956521739,0.597483683607353,,3,invscore_median
weighted.median_ensemble,RO,Cases,2021-11-15,1322.6785326087,2276.93869565217,0.580902127551505,,3,invscore_median
weighted.median_ensemble,RO,Deaths,2021-11-15,388.903695652174,141.287282608696,2.75257396470189,,3,invscore_median
weighted.median_ensemble,RO,Cases,2021-11-22,2148.97668478261,1560.81168478261,1.37683277600649,,3,invscore_median
weighted.median_ensemble,RO,Deaths,2021-11-22,200.092173913044,144.039239130435,1.3891504503981,,3,invscore_median
weighted.median_ensemble,RO,Cases,2021-11-29,962.163614130435,879.955,1.09342365703977,,3,invscore_median
weighted.median_ensemble,RO,Deaths,2021-11-29,69.7207065217391,80.9910869565218,0.860844188437268,,3,invscore_median
weighted.median_ensemble,RO,Cases,2021-12-06,2043.0652173913,1377.70065217391,1.48295292897444,,3,invscore_median
weighted.median_ensemble,RO,Deaths,2021-12-06,58.1350543478261,65.0569565217391,0.893602428641124,,3,invscore_median
weighted.median_ensemble,RO,Cases,2021-12-13,8216.28896739131,7131.60010869565,1.15209614142177,,3,invscore_median
weighted.median_ensemble,RO,Deaths,2021-12-13,65.8441847826087,57.5959782608696,1.14320802894224,,3,invscore_median
weighted.median_ensemble,RO,Cases,2021-12-20,19807.5378804348,18707.4048913044,1.05880735438841,,3,invscore_median
weighted.median_ensemble,RO,Deaths,2021-12-20,71.6392934782609,43.7870652173913,1.63608346717439,,3,invscore_median
weighted.median_ensemble,RO,Cases,2021-12-27,46303.342173913,45110.9159782609,1.02643320734668,,3,invscore_median
weighted.median_ensemble,RO,Deaths,2021-12-27,46.8735869565217,38.4276630434783,1.21978760205864,,3,invscore_median
weighted.median_ensemble,RO,Cases,2022-01-03,79321.5933152174,79023.4772826087,1.00377249955153,,3,invscore_median
weighted.median_ensemble,RO,Deaths,2022-01-03,59.6980434782609,46.9605434782609,1.27123834301229,,3,invscore_median
weighted.median_ensemble,RO,Cases,2022-01-10,15314.0632608696,15313.7945652174,1.00001754598777,,3,invscore_median
weighted.median_ensemble,RO,Deaths,2022-01-10,192.12777173913,108.824130434783,1.76548869236562,,3,invscore_median
weighted.median_ensemble,RO,Cases,2022-01-17,52244.8978804348,59000.1938043478,0.885503835015958,,3,invscore_median
weighted.median_ensemble,RO,Deaths,2022-01-17,551.952989130435,84.1405434782609,6.55989332031165,,3,invscore_median
weighted.median_ensemble,RO,Cases,2022-01-24,84143.7660326087,120621.811413043,0.697583339587535,,3,invscore_median
weighted.median_ensemble,RO,Deaths,2022-01-24,101.592173913043,64.6047826086956,1.57251785101386,,3,invscore_median
weighted.median_ensemble,RO,Cases,2022-01-31,178921.074347826,183050.173152174,0.977442803067358,,3,invscore_median
weighted.median_ensemble,RO,Deaths,2022-01-31,201.391141304348,84.7549456521739,2.37615799001084,,3,invscore_median
weighted.median_ensemble,RO,Cases,2022-02-07,121157.29173913,142550.650326087,0.849924510775511,,3,invscore_median
weighted.median_ensemble,RO,Deaths,2022-02-07,96.1445652173913,124.226358695652,0.773946578060299,,3,invscore_median
weighted.median_ensemble,RO,Cases,2022-02-14,20565.0976630435,26941.0743478261,0.763336212859785,,3,invscore_median
weighted.median_ensemble,RO,Deaths,2022-02-14,195.415489130435,193.938097826087,1.00761784982378,,3,invscore_median
weighted.median_ensemble,RO,Cases,2022-02-21,6416.11440217391,5983.71880434783,1.07226201831408,,3,invscore_median
weighted.median_ensemble,RO,Deaths,2022-02-21,186.757554347826,153.046304347826,1.2202683047046,,3,invscore_median
weighted.median_ensemble,RO,Cases,2022-02-28,6137.45782608696,4249.45847826087,1.44429175093358,,3,invscore_median
weighted.median_ensemble,RO,Deaths,2022-02-28,124.837336956522,125.801141304348,0.992338667695435,,3,invscore_median
weighted.median_ensemble,RO,Cases,2022-03-07,5501.83717391304,4806.07413043478,1.14476743899398,,3,invscore_median
weighted.median_ensemble,RO,Deaths,2022-03-07,39.0506521739131,43.3929347826087,0.89993111481282,,3,invscore_median
weighted.median_ensemble,SI,Cases,2021-04-12,1395.27086956522,1439.32673913043,0.96939133529067,,3,invscore_median
weighted.median_ensemble,SI,Deaths,2021-04-12,10.6585326086957,7.98315217391304,1.33512832731976,,3,invscore_median
weighted.median_ensemble,SI,Cases,2021-04-19,544.738423913044,375.746413043478,1.44975016394903,,3,invscore_median
weighted.median_ensemble,SI,Deaths,2021-04-19,5.53532608695652,5.52923913043478,1.00110086693271,,3,invscore_median
weighted.median_ensemble,SI,Cases,2021-04-26,519.242119565217,404.018152173913,1.28519502594454,,3,invscore_median
weighted.median_ensemble,SI,Deaths,2021-04-26,5.13527173913044,5.39608695652174,0.95166586092982,,3,invscore_median
weighted.median_ensemble,SI,Cases,2021-05-03,567.094510869565,681.882336956522,0.831660361523229,,3,invscore_median
weighted.median_ensemble,SI,Deaths,2021-05-03,8.29336956521739,8.47108695652174,0.979020709831396,,3,invscore_median
weighted.median_ensemble,SI,Cases,2021-05-10,757.255923913044,835.219782608696,0.90665467902096,,3,invscore_median
weighted.median_ensemble,SI,Deaths,2021-05-10,2.55054347826087,3.13608695652174,0.813288506862609,,3,invscore_median
weighted.median_ensemble,SI,Cases,2021-05-17,268.032282608696,614.715217391304,0.436026756822707,,3,invscore_median
weighted.median_ensemble,SI,Deaths,2021-05-17,2.28407608695652,2.97434782608696,0.767925010963309,,3,invscore_median
weighted.median_ensemble,SI,Cases,2021-05-24,149.484184782609,319.520054347826,0.46783975762561,,3,invscore_median
weighted.median_ensemble,SI,Deaths,2021-05-24,1.30005434782609,2.80934782608696,0.462760195001161,,3,invscore_median
weighted.median_ensemble,SI,Cases,2021-05-31,136.054945652174,240.626684782609,0.565419191870141,,3,invscore_median
weighted.median_ensemble,SI,Deaths,2021-05-31,1.14320652173913,2.23010869565217,0.512623677925623,,3,invscore_median
weighted.median_ensemble,SI,Cases,2021-06-07,234.518260869565,401.472989130435,0.584144555720964,,3,invscore_median
weighted.median_ensemble,SI,Deaths,2021-06-07,1.96021739130435,2.35130434782609,0.833672337278107,,3,invscore_median
weighted.median_ensemble,SI,Cases,2021-06-14,144.920706521739,273.871576086957,0.529155703532102,,3,invscore_median
weighted.median_ensemble,SI,Deaths,2021-06-14,1.58635869565217,2.42347826086957,0.65457929673484,,3,invscore_median
weighted.median_ensemble,SI,Cases,2021-06-21,104.102880434783,90.7510326086957,1.14712612564595,,3,invscore_median
weighted.median_ensemble,SI,Deaths,2021-06-21,1.16326086956522,1.57782608695652,0.737255442270598,,3,invscore_median
weighted.median_ensemble,SI,Cases,2021-06-28,216.910217391304,155.759673913043,1.39259547700645,,3,invscore_median
weighted.median_ensemble,SI,Deaths,2021-06-28,1.19771739130435,1.11489130434783,1.07429072828312,,3,invscore_median
weighted.median_ensemble,SI,Cases,2021-07-05,285.553043478261,227.158586956522,1.25706471106424,,3,invscore_median
weighted.median_ensemble,SI,Deaths,2021-07-05,0.785815217391304,0.682391304347826,1.15156100669003,,3,invscore_median
weighted.median_ensemble,SI,Cases,2021-07-12,135.154402173913,225.921086956522,0.598237216342374,,3,invscore_median
weighted.median_ensemble,SI,Deaths,2021-07-12,0.595217391304348,0.723967391304348,0.822160498461076,,3,invscore_median
weighted.median_ensemble,SI,Cases,2021-07-19,420.207282608696,315.031195652174,1.33385927618624,,3,invscore_median
weighted.median_ensemble,SI,Deaths,2021-07-19,0.553423913043478,0.562717391304348,0.983484643615994,,3,invscore_median
weighted.median_ensemble,SI,Cases,2021-07-26,558.104510869565,503.74097826087,1.10791961534752,,3,invscore_median
weighted.median_ensemble,SI,Deaths,2021-07-26,0.791630434782609,0.904673913043478,0.875045055869278,,3,invscore_median
weighted.median_ensemble,SI,Cases,2021-08-02,933.18097826087,703.07847826087,1.32727854302863,,3,invscore_median
weighted.median_ensemble,SI,Deaths,2021-08-02,1.79065217391304,1.52130434782609,1.17705058588168,,3,invscore_median
weighted.median_ensemble,SI,Cases,2021-08-09,1261.84951086957,873.487717391305,1.44461048020013,,3,invscore_median
weighted.median_ensemble,SI,Deaths,2021-08-09,1.51842391304348,1.75782608695652,0.863807815978234,,3,invscore_median
weighted.median_ensemble,SI,Cases,2021-08-16,677.240054347826,668.077880434783,1.01371423030363,,3,invscore_median
weighted.median_ensemble,SI,Deaths,2021-08-16,3.79239130434783,3.18913043478261,1.18916155419223,,3,invscore_median
weighted.median_ensemble,SI,Cases,2021-08-23,480.636956521739,538.92597826087,0.891842249046463,,3,invscore_median
weighted.median_ensemble,SI,Deaths,2021-08-23,4.93097826086957,2.72614130434783,1.8087757421104,,3,invscore_median
weighted.median_ensemble,SI,Cases,2021-08-30,664.958641304348,729.97,0.910939684239555,,3,invscore_median
weighted.median_ensemble,SI,Deaths,2021-08-30,2.91679347826087,3.53152173913044,0.825931055709449,,3,invscore_median
weighted.median_ensemble,SI,Cases,2021-09-06,919.182717391304,946.173369565217,0.971473883072491,,3,invscore_median
weighted.median_ensemble,SI,Deaths,2021-09-06,8.91157608695652,4.88771739130435,1.82325927902684,,3,invscore_median
weighted.median_ensemble,SI,Cases,2021-09-13,2525.94635869565,2909.02298913043,0.86831433375874,,3,invscore_median
weighted.median_ensemble,SI,Deaths,2021-09-13,5.43244565217391,4.82195652173913,1.12660610432352,,3,invscore_median
weighted.median_ensemble,SI,Cases,2021-09-20,5989.30983695652,4031.8,1.48551759436394,,3,invscore_median
weighted.median_ensemble,SI,Deaths,2021-09-20,9.58978260869565,9.66489130434783,0.992228707671199,,3,invscore_median
weighted.median_ensemble,SI,Cases,2021-09-27,959.122717391305,1101.22326086957,0.870961186048637,,3,invscore_median
weighted.median_ensemble,SI,Deaths,2021-09-27,4.32728260869565,8.08288043478261,0.535363926710372,,3,invscore_median
weighted.median_ensemble,SI,Cases,2021-10-04,2643.71815217391,2707.69625,0.976371759636596,,3,invscore_median
weighted.median_ensemble,SI,Deaths,2021-10-04,6.95695652173913,6.22836956521739,1.11697876127816,,3,invscore_median
weighted.median_ensemble,SI,Cases,2021-10-11,6739.51798913044,6807.1472826087,0.990064958099108,,3,invscore_median
weighted.median_ensemble,SI,Deaths,2021-10-11,23.6954891304348,13.2477173913043,1.78864693671592,,3,invscore_median
weighted.median_ensemble,SI,Cases,2021-10-18,6238.06048913044,7896.85793478261,0.789942093507114,,3,invscore_median
weighted.median_ensemble,SI,Deaths,2021-10-18,36.7686956521739,28.7695652173913,1.27804140849327,,3,invscore_median
weighted.median_ensemble,SI,Cases,2021-10-25,5264.84614130435,2647.17195652174,1.98885687359053,,3,invscore_median
weighted.median_ensemble,SI,Deaths,2021-10-25,25.383152173913,21.9302173913044,1.15745100566025,,3,invscore_median
weighted.median_ensemble,SI,Cases,2021-11-01,3071.38119565217,4300.89652173913,0.714125806126165,,3,invscore_median
weighted.median_ensemble,SI,Deaths,2021-11-01,9.01576086956522,10.4708695652174,0.861032678652992,,3,invscore_median
weighted.median_ensemble,SI,Cases,2021-11-08,6754.1672826087,6044.06815217391,1.11748694961015,,3,invscore_median
weighted.median_ensemble,SI,Deaths,2021-11-08,8.62065217391304,14.519347826087,0.593735495366004,,3,invscore_median
weighted.median_ensemble,SI,Cases,2021-11-15,3965.64668478261,8988.87277173913,0.441172857318722,,3,invscore_median
weighted.median_ensemble,SI,Deaths,2021-11-15,20.5745652173913,19.835,1.03728586929122,,3,invscore_median
weighted.median_ensemble,SI,Cases,2021-11-22,4902.84788043478,6191.02532608696,0.791928254561613,,3,invscore_median
weighted.median_ensemble,SI,Deaths,2021-11-22,21.9048369565217,25.9060869565217,0.84554788198174,,3,invscore_median
weighted.median_ensemble,SI,Cases,2021-11-29,892.886032608696,821.322880434783,1.08713157015184,,3,invscore_median
weighted.median_ensemble,SI,Deaths,2021-11-29,6.77652173913044,20.1565217391304,0.336194995685936,,3,invscore_median
weighted.median_ensemble,SI,Cases,2021-12-06,1880.71298913043,1314.03733695652,1.43124775547581,,3,invscore_median
weighted.median_ensemble,SI,Deaths,2021-12-06,12.3446195652174,8.07347826086956,1.52903360439442,,3,invscore_median
weighted.median_ensemble,SI,Cases,2021-12-13,4794.97625,4668.66239130435,1.02705568492828,,3,invscore_median
weighted.median_ensemble,SI,Deaths,2021-12-13,5.65288043478261,7.57652173913044,0.746104958108573,,3,invscore_median
weighted.median_ensemble,SI,Cases,2021-12-20,12246.3311413044,12427.27625,0.985439680823411,,3,invscore_median
weighted.median_ensemble,SI,Deaths,2021-12-20,6.09505434782609,7.2295652173913,0.843073430358432,,3,invscore_median
weighted.median_ensemble,SI,Cases,2021-12-27,26023.7648913044,26201.7459782609,0.993207281411545,,3,invscore_median
weighted.median_ensemble,SI,Deaths,2021-12-27,6.79646739130435,7.76141304347826,0.875673972410896,,3,invscore_median
weighted.median_ensemble,SI,Cases,2022-01-03,43648.5289130435,40277.1581521739,1.08370428589157,,3,invscore_median
weighted.median_ensemble,SI,Deaths,2022-01-03,16.7321739130435,10.8342934782609,1.54437148547035,,3,invscore_median
weighted.median_ensemble,SI,Cases,2022-01-10,36548.1580978261,41912.1390217391,0.872018440263074,,3,invscore_median
weighted.median_ensemble,SI,Deaths,2022-01-10,9.76179347826087,13.765597826087,0.709144172421009,,3,invscore_median
weighted.median_ensemble,SI,Cases,2022-01-17,50349.4243478261,14985.9320108696,3.35977931244495,,3,invscore_median
weighted.median_ensemble,SI,Deaths,2022-01-17,30.6139130434783,26.2125,1.16791275320852,,3,invscore_median
weighted.median_ensemble,SI,Cases,2022-01-24,17451.8602717391,20818.6870652174,0.838278620408136,,3,invscore_median
weighted.median_ensemble,SI,Deaths,2022-01-24,37.7757065217391,17.3244565217391,2.18048436176554,,3,invscore_median
weighted.median_ensemble,SI,Cases,2022-01-31,31449.4129891304,56990.1919565217,0.551839042990475,,3,invscore_median
weighted.median_ensemble,SI,Deaths,2022-01-31,6.19440217391304,15.3032608695652,0.404776617657504,,3,invscore_median
weighted.median_ensemble,SI,Cases,2022-02-07,49985.6593478261,43113.4105434783,1.15939933115283,,3,invscore_median
weighted.median_ensemble,SI,Deaths,2022-02-07,9.83048913043478,17.7425,0.554064485299974,,3,invscore_median
weighted.median_ensemble,SI,Cases,2022-02-14,11794.9480978261,2306.58793478261,5.1135913441504,,3,invscore_median
weighted.median_ensemble,SI,Deaths,2022-02-14,6.60304347826087,11.395652173913,0.579435330026707,,3,invscore_median
weighted.median_ensemble,SI,Cases,2022-02-21,5756.80592391304,3400.68913043478,1.69283509991901,,3,invscore_median
weighted.median_ensemble,SI,Deaths,2022-02-21,15.3342391304348,18.1311956521739,0.845737888697717,,3,invscore_median
weighted.median_ensemble,SI,Cases,2022-02-28,10296.4947282609,9289.89527173913,1.10835423081506,,3,invscore_median
weighted.median_ensemble,SI,Deaths,2022-02-28,6.5058152173913,8.60304347826087,0.756222519836256,,3,invscore_median
weighted.median_ensemble,SI,Cases,2022-03-07,11254.9566847826,9797.19902173913,1.14879330917019,,3,invscore_median
weighted.median_ensemble,SI,Deaths,2022-03-07,2.85510869565218,4.62489130434783,0.617335307527793,,3,invscore_median
weighted.median_ensemble,SK,Cases,2021-04-12,3603.13315217391,3490.32711956522,1.03231961611173,,3,invscore_median
weighted.median_ensemble,SK,Deaths,2021-04-12,38.7575,45.5567391304348,0.850752286923617,,3,invscore_median
weighted.median_ensemble,SK,Cases,2021-04-19,2512.86331521739,2624.95614130435,0.957297257533889,,3,invscore_median
weighted.median_ensemble,SK,Deaths,2021-04-19,33.9077717391304,36.0565217391304,0.940406065356325,,3,invscore_median
weighted.median_ensemble,SK,Cases,2021-04-26,1390.00864130435,1376.19847826087,1.01003500822129,,3,invscore_median
weighted.median_ensemble,SK,Deaths,2021-04-26,32.5877717391304,38.4052717391304,0.848523399612542,,3,invscore_median
weighted.median_ensemble,SK,Cases,2021-05-03,892.829728260869,1022.33173913044,0.873326821507355,,3,invscore_median
weighted.median_ensemble,SK,Deaths,2021-05-03,29.6194565217391,34.6267391304348,0.855392603102654,,3,invscore_median
weighted.median_ensemble,SK,Cases,2021-05-10,564.966739130435,652.131195652174,0.866339078542978,,3,invscore_median
weighted.median_ensemble,SK,Deaths,2021-05-10,34.0169565217391,43.0551086956522,0.790079448229898,,3,invscore_median
weighted.median_ensemble,SK,Cases,2021-05-17,333.812445652174,444.585652173913,0.750839447966695,,3,invscore_median
weighted.median_ensemble,SK,Deaths,2021-05-17,31.0484782608696,54.0177173913044,0.574783233359425,,3,invscore_median
weighted.median_ensemble,SK,Cases,2021-05-24,309.417282608696,395.760108695652,0.781830396268271,,3,invscore_median
weighted.median_ensemble,SK,Deaths,2021-05-24,8.96657608695652,11.5613043478261,0.775567861306457,,3,invscore_median
weighted.median_ensemble,SK,Cases,2021-05-31,420.206739130435,379.738695652174,1.10656813209083,,3,invscore_median
weighted.median_ensemble,SK,Deaths,2021-05-31,8.96608695652174,9.29152173913043,0.964975082473503,,3,invscore_median
weighted.median_ensemble,SK,Cases,2021-06-07,187.721630434783,187.74347826087,0.99988362937403,,3,invscore_median
weighted.median_ensemble,SK,Deaths,2021-06-07,4.88353260869565,6.42097826086957,0.760558969410729,,3,invscore_median
weighted.median_ensemble,SK,Cases,2021-06-14,63.88625,84.5435869565218,0.755660509564786,,3,invscore_median
weighted.median_ensemble,SK,Deaths,2021-06-14,4.84820652173913,5.43489130434783,0.892052158956821,,3,invscore_median
weighted.median_ensemble,SK,Cases,2021-06-21,74.7246739130435,79.8652717391304,0.935634128399662,,3,invscore_median
weighted.median_ensemble,SK,Deaths,2021-06-21,2.99913043478261,4.55108695652174,0.658992118461906,,3,invscore_median
weighted.median_ensemble,SK,Cases,2021-06-28,99.09625,89.2352173913044,1.11050606360328,,3,invscore_median
weighted.median_ensemble,SK,Deaths,2021-06-28,2.8920652173913,3.83423913043478,0.754273564847626,,3,invscore_median
weighted.median_ensemble,SK,Cases,2021-07-05,167.484619565217,120.628858695652,1.38842911535608,,3,invscore_median
weighted.median_ensemble,SK,Deaths,2021-07-05,1.71402173913043,1.90978260869565,0.897495731360273,,3,invscore_median
weighted.median_ensemble,SK,Cases,2021-07-12,229.810869565217,191.760760869565,1.19842489424379,,3,invscore_median
weighted.median_ensemble,SK,Deaths,2021-07-12,1.63690217391304,1.64771739130435,0.993436242496207,,3,invscore_median
weighted.median_ensemble,SK,Cases,2021-07-19,277.870217391304,210.733967391304,1.31858295476086,,3,invscore_median
weighted.median_ensemble,SK,Deaths,2021-07-19,1.68565217391304,1.67152173913044,1.00845363506308,,3,invscore_median
weighted.median_ensemble,SK,Cases,2021-07-26,297.34375,182.200869565217,1.63195571299712,,3,invscore_median
weighted.median_ensemble,SK,Deaths,2021-07-26,1.52809782608696,1.84315217391304,0.829067641681901,,3,invscore_median
weighted.median_ensemble,SK,Cases,2021-08-02,197.646902173913,139.493097826087,1.41689377649588,,3,invscore_median
weighted.median_ensemble,SK,Deaths,2021-08-02,3.35951086956522,3.30597826086957,1.0161926680914,,3,invscore_median
weighted.median_ensemble,SK,Cases,2021-08-09,466.528097826087,432.989565217391,1.07745806204789,,3,invscore_median
weighted.median_ensemble,SK,Deaths,2021-08-09,1.9395652173913,2.09554347826087,0.925566678769646,,3,invscore_median
weighted.median_ensemble,SK,Cases,2021-08-16,732.397989130435,708.461739130435,1.0337862282152,,3,invscore_median
weighted.median_ensemble,SK,Deaths,2021-08-16,1.6095652173913,2.34701086956522,0.685793678360542,,3,invscore_median
weighted.median_ensemble,SK,Cases,2021-08-23,1674.42581521739,1483.5439673913,1.12866612114081,,3,invscore_median
weighted.median_ensemble,SK,Deaths,2021-08-23,2.05108695652174,2.21048913043478,0.927888279694146,,3,invscore_median
weighted.median_ensemble,SK,Cases,2021-08-30,2712.45190217391,2793.04858695652,0.971143830021793,,3,invscore_median
weighted.median_ensemble,SK,Deaths,2021-08-30,6.94608695652174,4.77641304347826,1.45424754795986,,3,invscore_median
weighted.median_ensemble,SK,Cases,2021-09-06,1877.12173913044,2362.23510869565,0.794637981723555,,3,invscore_median
weighted.median_ensemble,SK,Deaths,2021-09-06,20.4329891304348,13.3129347826087,1.53482229606708,,3,invscore_median
weighted.median_ensemble,SK,Cases,2021-09-13,1600.5210326087,1427.64820652174,1.12108923283568,,3,invscore_median
weighted.median_ensemble,SK,Deaths,2021-09-13,18.4534239130435,13.024347826087,1.41684053278141,,3,invscore_median
weighted.median_ensemble,SK,Cases,2021-09-20,2001.01869565217,1708.37945652174,1.17129639320661,,3,invscore_median
weighted.median_ensemble,SK,Deaths,2021-09-20,16.6723369565217,19.9250543478261,0.836752395525624,,3,invscore_median
weighted.median_ensemble,SK,Cases,2021-09-27,1759.13418478261,1589.99706521739,1.10637574324207,,3,invscore_median
weighted.median_ensemble,SK,Deaths,2021-09-27,15.5074456521739,14.8480434782609,1.04441003792038,,3,invscore_median
weighted.median_ensemble,SK,Cases,2021-10-04,3848.32233695652,2960.30179347826,1.29997635559815,,3,invscore_median
weighted.median_ensemble,SK,Deaths,2021-10-04,15.9424456521739,18.6429347826087,0.855146780165,,3,invscore_median
weighted.median_ensemble,SK,Cases,2021-10-11,8948.89815217391,6667.90402173913,1.34208562735728,,3,invscore_median
weighted.median_ensemble,SK,Deaths,2021-10-11,29.4157608695652,23.7971739130435,1.2361031178346,,3,invscore_median
weighted.median_ensemble,SK,Cases,2021-10-18,18308.1102717391,16412.3474456522,1.11550832885817,,3,invscore_median
weighted.median_ensemble,SK,Deaths,2021-10-18,32.1616847826087,28.6372826086957,1.12307041216414,,3,invscore_median
weighted.median_ensemble,SK,Cases,2021-10-25,15038.5033695652,16101.4141304348,0.933986496325161,,3,invscore_median
weighted.median_ensemble,SK,Deaths,2021-10-25,124.677608695652,69.2167934782609,1.8012624166823,,3,invscore_median
weighted.median_ensemble,SK,Cases,2021-11-01,6332.1122826087,6407.1177173913,0.988293420209993,,3,invscore_median
weighted.median_ensemble,SK,Deaths,2021-11-01,160.262336956522,99.846847826087,1.60508158690865,,3,invscore_median
weighted.median_ensemble,SK,Cases,2021-11-08,6346.82233695652,5982.43157608696,1.06091014267946,,3,invscore_median
weighted.median_ensemble,SK,Deaths,2021-11-08,108.537445652174,32.8745652173913,3.30156292362934,,3,invscore_median
weighted.median_ensemble,SK,Cases,2021-11-15,9694.78956521739,9534.10222826087,1.01685395573798,,3,invscore_median
weighted.median_ensemble,SK,Deaths,2021-11-15,33.2252717391304,47.6454347826087,0.697344286828885,,3,invscore_median
weighted.median_ensemble,SK,Cases,2021-11-22,22340.7995652174,24637.5902717391,0.906776974485354,,3,invscore_median
weighted.median_ensemble,SK,Deaths,2021-11-22,43.2351086956522,32.4444565217391,1.33258847059691,,3,invscore_median
weighted.median_ensemble,SK,Cases,2021-11-29,34991.9372826087,30036.3383695652,1.16498678540873,,3,invscore_median
weighted.median_ensemble,SK,Deaths,2021-11-29,83.0170652173913,60.5783695652174,1.37040771835262,,3,invscore_median
weighted.median_ensemble,SK,Cases,2021-12-06,23206.5988586957,25027.2205434783,0.927254339665096,,3,invscore_median
weighted.median_ensemble,SK,Deaths,2021-12-06,100.354673913043,117.639945652174,0.853066306318792,,3,invscore_median
weighted.median_ensemble,SK,Cases,2021-12-13,3047.84836956522,3069.97282608696,0.992793272847975,,3,invscore_median
weighted.median_ensemble,SK,Deaths,2021-12-13,62.5806521739131,52.2241304347826,1.19830912746482,,3,invscore_median
weighted.median_ensemble,SK,Cases,2021-12-20,4590.93304347826,1906.61380434783,2.40789877478551,,3,invscore_median
weighted.median_ensemble,SK,Deaths,2021-12-20,130.742826086957,163.3675,0.800298872706973,,3,invscore_median
weighted.median_ensemble,SK,Cases,2021-12-27,17398.2191847826,11601.9727173913,1.49959145815804,,3,invscore_median
weighted.median_ensemble,SK,Deaths,2021-12-27,74.0740217391305,63.5401086956522,1.16578367994197,,3,invscore_median
weighted.median_ensemble,SK,Cases,2022-01-03,31052.183115942,26654.0382065217,1.16500857676208,,3,invscore_median
weighted.median_ensemble,SK,Deaths,2022-01-03,81.1051630434783,56.3819565217391,1.43849500881025,,3,invscore_median
weighted.median_ensemble,SK,Cases,2022-01-10,58151.4283152174,54037.7963043478,1.07612508821975,,3,invscore_median
weighted.median_ensemble,SK,Deaths,2022-01-10,78.4119565217392,57.4613043478261,1.36460453537731,,3,invscore_median
weighted.median_ensemble,SK,Cases,2022-01-17,87700.9304891304,86366.2373913044,1.01545387570584,,3,invscore_median
weighted.median_ensemble,SK,Deaths,2022-01-17,32.5800543478261,39.1175,0.832876700909467,,3,invscore_median
weighted.median_ensemble,SK,Cases,2022-01-24,71996.1749456522,55944.0596739131,1.28693154135227,,3,invscore_median
weighted.median_ensemble,SK,Deaths,2022-01-24,150.075760869565,107.393695652174,1.39743548220586,,3,invscore_median
weighted.median_ensemble,SK,Cases,2022-01-31,17490.5807065217,25858.5079347826,0.676395589050787,,3,invscore_median
weighted.median_ensemble,SK,Deaths,2022-01-31,24.7579891304348,45.0053260869565,0.550112426307031,,3,invscore_median
weighted.median_ensemble,SK,Cases,2022-02-07,105354.08326087,79781.4094565217,1.32053424448817,,3,invscore_median
weighted.median_ensemble,SK,Deaths,2022-02-07,33.696847826087,24.3534782608696,1.38365647260457,,3,invscore_median
weighted.median_ensemble,SK,Cases,2022-02-14,41538.3759239131,38656.4434782609,1.07455244679384,,3,invscore_median
weighted.median_ensemble,SK,Deaths,2022-02-14,72.8256521739131,39.0496739130435,1.86494904761772,,3,invscore_median
weighted.median_ensemble,SK,Cases,2022-02-21,21560.5288043478,20302.4113043478,1.06196887064989,,3,invscore_median
weighted.median_ensemble,SK,Deaths,2022-02-21,85.260652173913,61.7035869565217,1.38177788973582,,3,invscore_median
weighted.median_ensemble,SK,Cases,2022-02-28,15118.715326087,7880.50413043478,1.91849595861487,,3,invscore_median
weighted.median_ensemble,SK,Deaths,2022-02-28,54.8219021739131,34.5689130434783,1.58587289409308,,3,invscore_median
weighted.median_ensemble,SK,Cases,2022-03-07,9411.90027173913,7596.8972826087,1.23891371985316,,3,invscore_median
weighted.median_ensemble,SK,Deaths,2022-03-07,41.1098913043478,40.4628260869565,1.01599159722558,,3,invscore_median
weighted.median_ensemble,Average,Cases,2021-04-12,2425.18903318078,2558.71173913044,0.947816432813556,average,3,invscore_median
weighted.median_ensemble,Average,Deaths,2021-04-12,31.6625724637681,34.6456461352657,0.913897588751819,average,3,invscore_median
weighted.median_ensemble,Average,Cases,2021-04-19,1971.15028318078,2233.21402459954,0.882651757273575,average,3,invscore_median
weighted.median_ensemble,Average,Deaths,2021-04-19,36.4095893719807,34.6658605072464,1.05030104082862,average,3,invscore_median
weighted.median_ensemble,Average,Cases,2021-04-26,2658.90862032799,2995.58180778032,0.887610084098556,average,3,invscore_median
weighted.median_ensemble,Average,Deaths,2021-04-26,35.7083399758454,29.1292481884058,1.22585861965563,average,3,invscore_median
weighted.median_ensemble,Average,Cases,2021-05-03,2020.61139159039,2672.65729691076,0.756030858848216,average,3,invscore_median
weighted.median_ensemble,Average,Deaths,2021-05-03,23.1130464975845,27.3975120772947,0.843618443615512,average,3,invscore_median
weighted.median_ensemble,Average,Cases,2021-05-10,1392.81344393593,1677.51883009153,0.830281853742249,average,3,invscore_median
weighted.median_ensemble,Average,Deaths,2021-05-10,24.1520289855073,25.5505676328502,0.945263891298254,average,3,invscore_median
weighted.median_ensemble,Average,Cases,2021-05-17,929.680363272311,1221.40098684211,0.761159007801337,average,3,invscore_median
weighted.median_ensemble,Average,Deaths,2021-05-17,30.6512379227053,32.3674154589372,0.946978233760768,average,3,invscore_median
weighted.median_ensemble,Average,Cases,2021-05-24,965.901770594966,1154.29530034325,0.83678913905977,average,3,invscore_median
weighted.median_ensemble,Average,Deaths,2021-05-24,33.5926479468599,32.4678985507246,1.0346418908011,average,3,invscore_median
weighted.median_ensemble,Average,Cases,2021-05-31,608.07129576659,757.317325514874,0.802928013502377,average,3,invscore_median
weighted.median_ensemble,Average,Deaths,2021-05-31,39.8122010869565,38.3490972222222,1.03815223748961,average,3,invscore_median
weighted.median_ensemble,Average,Cases,2021-06-07,734.036639016018,849.270646453089,0.864314152480912,average,3,invscore_median
weighted.median_ensemble,Average,Deaths,2021-06-07,18.6248641304348,27.1867632850242,0.685071037518258,average,3,invscore_median
weighted.median_ensemble,Average,Cases,2021-06-14,1625.9680778032,1502.55292906179,1.08213697258471,average,3,invscore_median
weighted.median_ensemble,Average,Deaths,2021-06-14,11.4289402173913,13.2335024154589,0.863636840693088,average,3,invscore_median
weighted.median_ensemble,Average,Cases,2021-06-21,4288.98581521739,4186.52386441648,1.02447423067901,average,3,invscore_median
weighted.median_ensemble,Average,Deaths,2021-06-21,13.0255404589372,15.2533967391304,0.853943595758053,average,3,invscore_median
weighted.median_ensemble,Average,Cases,2021-06-28,7342.83226258581,6979.72994851259,1.0520224015473,average,3,invscore_median
weighted.median_ensemble,Average,Deaths,2021-06-28,25.1547342995169,22.6186745169082,1.11212238722092,average,3,invscore_median
weighted.median_ensemble,Average,Cases,2021-07-05,5925.10947368421,5311.38373569794,1.11554912401855,average,3,invscore_median
weighted.median_ensemble,Average,Deaths,2021-07-05,17.1861684782609,16.035018115942,1.07178977622572,average,3,invscore_median
weighted.median_ensemble,Average,Cases,2021-07-12,7576.69363272311,7030.51748569794,1.07768647871743,average,3,invscore_median
weighted.median_ensemble,Average,Deaths,2021-07-12,12.2210235507246,12.2437258454106,0.99814580177859,average,3,invscore_median
weighted.median_ensemble,Average,Cases,2021-07-19,7013.557402746,13758.2142276888,0.509772364834312,average,3,invscore_median
weighted.median_ensemble,Average,Deaths,2021-07-19,12.8475694444444,13.2343870772947,0.970771775784473,average,3,invscore_median
weighted.median_ensemble,Average,Cases,2021-07-26,3013.43393878719,5447.62227688787,0.553164993023104,average,3,invscore_median
weighted.median_ensemble,Average,Deaths,2021-07-26,12.5317119565217,13.5121950483092,0.927437171511957,average,3,invscore_median
weighted.median_ensemble,Average,Cases,2021-08-02,1980.93321510297,3179.05433924485,0.623120275312288,average,3,invscore_median
weighted.median_ensemble,Average,Deaths,2021-08-02,16.2313873792271,12.8275120772947,1.26535740379129,average,3,invscore_median
weighted.median_ensemble,Average,Cases,2021-08-09,2520.8209625286,1757.955048627,1.43395075118526,average,3,invscore_median
weighted.median_ensemble,Average,Deaths,2021-08-09,15.5083846618358,12.416240942029,1.24904024770813,average,3,invscore_median
weighted.median_ensemble,Average,Cases,2021-08-16,1789.33511727689,2104.74614988558,0.850142957797622,average,3,invscore_median
weighted.median_ensemble,Average,Deaths,2021-08-16,20.4503653381643,14.5155102657005,1.40886299991035,average,3,invscore_median
weighted.median_ensemble,Average,Cases,2021-08-23,1619.1646882151,1803.23895881007,0.897920200927539,average,3,invscore_median
weighted.median_ensemble,Average,Deaths,2021-08-23,20.8334571256039,16.0490489130435,1.29811163505596,average,3,invscore_median
weighted.median_ensemble,Average,Cases,2021-08-30,2141.2795194508,2203.79157322654,0.971634316722511,average,3,invscore_median
weighted.median_ensemble,Average,Deaths,2021-08-30,20.5533786231884,15.8319565217391,1.29822101235348,average,3,invscore_median
weighted.median_ensemble,Average,Cases,2021-09-06,2870.06402030893,2378.01509153318,1.2069158141711,average,3,invscore_median
weighted.median_ensemble,Average,Deaths,2021-09-06,21.9490670289855,18.7567904589372,1.17019311363727,average,3,invscore_median
weighted.median_ensemble,Average,Cases,2021-09-13,2126.36955377574,2112.94088386728,1.00635544042476,average,3,invscore_median
weighted.median_ensemble,Average,Deaths,2021-09-13,21.8186352657005,23.3104830917874,0.936000990618142,average,3,invscore_median
weighted.median_ensemble,Average,Cases,2021-09-20,2744.19976258581,1770.04532608696,1.55035564465031,average,3,invscore_median
weighted.median_ensemble,Average,Deaths,2021-09-20,21.3361594202899,16.8708152173913,1.26467862669111,average,3,invscore_median
weighted.median_ensemble,Average,Cases,2021-09-27,2940.50080663616,2270.80146167048,1.29491761224824,average,3,invscore_median
weighted.median_ensemble,Average,Deaths,2021-09-27,30.120211352657,25.8967059178744,1.16309045050658,average,3,invscore_median
weighted.median_ensemble,Average,Cases,2021-10-04,7130.56050629291,5423.07395881007,1.31485584752333,average,3,invscore_median
weighted.median_ensemble,Average,Deaths,2021-10-04,57.5946165458937,32.1949154589372,1.78893516957212,average,3,invscore_median
weighted.median_ensemble,Average,Cases,2021-10-11,9003.93615846682,7246.76447368421,1.24247672063354,average,3,invscore_median
weighted.median_ensemble,Average,Deaths,2021-10-11,83.4758031400966,49.1653109903382,1.69785976044169,average,3,invscore_median
weighted.median_ensemble,Average,Cases,2021-10-18,10286.7349199085,9680.15169908467,1.0626625738604,average,3,invscore_median
weighted.median_ensemble,Average,Deaths,2021-10-18,99.715193236715,71.307059178744,1.39839160926215,average,3,invscore_median
weighted.median_ensemble,Average,Cases,2021-10-25,7568.41043764302,8308.2033895881,0.910956326265171,average,3,invscore_median
weighted.median_ensemble,Average,Deaths,2021-10-25,66.4613556763285,70.1338798309179,0.947635519902175,average,3,invscore_median
weighted.median_ensemble,Average,Cases,2021-11-01,7710.96723112128,8373.71498855835,0.920853795675798,average,3,invscore_median
weighted.median_ensemble,Average,Deaths,2021-11-01,74.6692753623189,75.2728532608696,0.991981466459642,average,3,invscore_median
weighted.median_ensemble,Average,Cases,2021-11-08,6967.59651601831,7750.2558409611,0.899015033696522,average,3,invscore_median
weighted.median_ensemble,Average,Deaths,2021-11-08,69.082693236715,78.8470471014493,0.87616081738393,average,3,invscore_median
weighted.median_ensemble,Average,Cases,2021-11-15,8539.34635869565,10211.3925514874,0.836256790211418,average,3,invscore_median
weighted.median_ensemble,Average,Deaths,2021-11-15,103.405685386473,85.7592149758454,1.20576762993456,average,3,invscore_median
weighted.median_ensemble,Average,Cases,2021-11-22,8970.78847969108,10852.8593278032,0.826582950053487,average,3,invscore_median
weighted.median_ensemble,Average,Deaths,2021-11-22,57.3186262077295,59.3139130434783,0.966360559717478,average,3,invscore_median
weighted.median_ensemble,Average,Cases,2021-11-29,11829.4415546339,8882.02809210526,1.33184014190953,average,3,invscore_median
weighted.median_ensemble,Average,Deaths,2021-11-29,38.3225422705314,44.0099154589372,0.870770640454597,average,3,invscore_median
weighted.median_ensemble,Average,Cases,2021-12-06,24387.596576087,21626.3780606407,1.12767826899649,average,3,invscore_median
weighted.median_ensemble,Average,Deaths,2021-12-06,35.0841123188406,36.2189311594203,0.968667798738049,average,3,invscore_median
weighted.median_ensemble,Average,Cases,2021-12-13,50697.6433695652,48452.7363014874,1.04633189453139,average,3,invscore_median
weighted.median_ensemble,Average,Deaths,2021-12-13,36.2334420289855,29.4380314009662,1.23083780757827,average,3,invscore_median
weighted.median_ensemble,Average,Cases,2021-12-20,68061.1369250572,65901.2514731121,1.03277457413425,average,3,invscore_median
weighted.median_ensemble,Average,Deaths,2021-12-20,40.5072765700483,37.1256461352657,1.09108610318759,average,3,invscore_median
weighted.median_ensemble,Average,Cases,2021-12-27,61901.6994050343,67262.1401229977,0.920305231023558,average,3,invscore_median
weighted.median_ensemble,Average,Deaths,2021-12-27,58.4297342995169,51.0590730676329,1.14435556286188,average,3,invscore_median
weighted.median_ensemble,Average,Cases,2022-01-03,57072.8321577041,58532.0625286041,0.975069554909551,average,3,invscore_median
weighted.median_ensemble,Average,Deaths,2022-01-03,65.7812832125604,57.9896648550725,1.13436218983091,average,3,invscore_median
weighted.median_ensemble,Average,Cases,2022-01-10,101676.276926487,114457.28423913,0.88833382342062,average,3,invscore_median
weighted.median_ensemble,Average,Deaths,2022-01-10,111.715634057971,59.65288647343,1.87276158225353,average,3,invscore_median
weighted.median_ensemble,Average,Cases,2022-01-17,54569.7696939359,71167.1715188787,0.766782893422426,average,3,invscore_median
weighted.median_ensemble,Average,Deaths,2022-01-17,86.9224688003221,91.4123007246377,0.950883722554579,average,3,invscore_median
weighted.median_ensemble,Average,Cases,2022-01-24,44210.8633695652,63422.5783438215,0.697083980564347,average,3,invscore_median
weighted.median_ensemble,Average,Deaths,2022-01-24,82.8941878019324,102.402949879227,0.809490233432698,average,3,invscore_median
weighted.median_ensemble,Average,Cases,2022-01-31,56922.5936667671,79053.802597254,0.720048774336181,average,3,invscore_median
weighted.median_ensemble,Average,Deaths,2022-01-31,89.0366153381642,78.189365942029,1.13873049442782,average,3,invscore_median
weighted.median_ensemble,Average,Cases,2022-02-07,40080.5466933639,35574.2125629291,1.12667417788836,average,3,invscore_median
weighted.median_ensemble,Average,Deaths,2022-02-07,45.7535929951691,52.4838043478261,0.871765939297124,average,3,invscore_median
weighted.median_ensemble,Average,Cases,2022-02-14,19090.9891418764,17150.4400085812,1.11314864996608,average,3,invscore_median
weighted.median_ensemble,Average,Deaths,2022-02-14,53.3314855072464,50.1696769323672,1.06302230287713,average,3,invscore_median
weighted.median_ensemble,Average,Cases,2022-02-21,17486.114555206,16184.2403518307,1.08044085944559,average,3,invscore_median
weighted.median_ensemble,Average,Deaths,2022-02-21,55.6368719806763,43.4697946859903,1.27989727999813,average,3,invscore_median
weighted.median_ensemble,Average,Cases,2022-02-28,24070.1475843822,21010.4232665904,1.14562887567606,average,3,invscore_median
weighted.median_ensemble,Average,Deaths,2022-02-28,39.6630344202899,34.7134661835749,1.14258352106183,average,3,invscore_median
weighted.median_ensemble,Average,Cases,2022-03-07,25189.8491862128,20380.6624227689,1.23596812820329,average,3,invscore_median
weighted.median_ensemble,Average,Deaths,2022-03-07,38.2953049516908,32.6568146135266,1.17265891988831,average,3,invscore_median
