model,location,target_type,forecast_date,target_val,current_val,rel_score,average,nmod,ens_type
mean_ensemble,AT,Cases,2021-04-12,762.031594202899,704.364891304348,1.08187049583315,,3,mean
mean_ensemble,AT,Deaths,2021-04-12,17.8502898550724,14.5251086956522,1.22892642176341,,3,mean
mean_ensemble,BE,Cases,2021-04-12,2745.45666666666,1855.20413043478,1.47986769845281,,3,mean
mean_ensemble,BE,Deaths,2021-04-12,30.6630434782609,19.1259782608696,1.60321438516927,,3,mean
mean_ensemble,BG,Cases,2021-04-12,2353.34101449276,1838.12163043478,1.28029667652413,,3,mean
mean_ensemble,BG,Deaths,2021-04-12,57.2202898550724,57.014347826087,1.0036121088259,,3,mean
mean_ensemble,CY,Cases,2021-04-12,547.037246376812,558.194891304348,0.980011201998886,,3,mean
mean_ensemble,CY,Deaths,2021-04-12,1.78420289855073,1.60913043478261,1.10879942357921,,3,mean
mean_ensemble,EE,Cases,2021-04-12,246.394057971014,273.697826086957,0.900241194801205,,3,mean
mean_ensemble,EE,Deaths,2021-04-12,8.72934782608695,3.70108695652174,2.35859030837004,,3,mean
mean_ensemble,ES,Cases,2021-04-12,38507.6576086956,4677.57141304348,8.23240399950206,,3,mean
mean_ensemble,FI,Cases,2021-04-12,153.727826086957,209.044239130435,0.735384178614159,,3,mean
mean_ensemble,FI,Deaths,2021-04-12,3.76760869565218,3.75282608695652,1.00393906041824,,3,mean
mean_ensemble,GR,Cases,2021-04-12,2053.94695652174,1388.62836956522,1.47911925288177,,3,mean
mean_ensemble,GR,Deaths,2021-04-12,14.6547826086956,21.6976086956522,0.67541003316334,,3,mean
mean_ensemble,HR,Cases,2021-04-12,1648.5715942029,1222.92347826087,1.34805784949631,,3,mean
mean_ensemble,HR,Deaths,2021-04-12,42.0384782608696,27.8619565217391,1.50881285842469,,3,mean
mean_ensemble,HU,Cases,2021-04-12,1984.87050724638,4191.88326086957,0.473503288074543,,3,mean
mean_ensemble,HU,Deaths,2021-04-12,101.112826086957,73.4808695652174,1.37604286238358,,3,mean
mean_ensemble,IT,Cases,2021-04-12,10200.1848550725,4765.51576086957,2.14041572138484,,3,mean
mean_ensemble,IT,Deaths,2021-04-12,145.519347826087,138.299673913043,1.05220311594938,,3,mean
mean_ensemble,LT,Cases,2021-04-12,577.413985507247,559.798152173913,1.03146818771181,,3,mean
mean_ensemble,LT,Deaths,2021-04-12,5.27985507246377,6.65086956521739,0.793859362402214,,3,mean
mean_ensemble,LU,Deaths,2021-04-12,4.49311594202898,4.76869565217391,0.942210673474349,,3,mean
mean_ensemble,LV,Cases,2021-04-12,362.198550724638,306.542173913044,1.18156189114579,,3,mean
mean_ensemble,LV,Deaths,2021-04-12,4.93021739130435,4.43978260869565,1.11046369289527,,3,mean
mean_ensemble,MT,Cases,2021-04-12,53.4944202898551,40.8357608695652,1.30998955696511,,3,mean
mean_ensemble,MT,Deaths,2021-04-12,0.973840579710145,0.915217391304348,1.06405384006334,,3,mean
mean_ensemble,NO,Cases,2021-04-12,268.470289855073,475.378913043478,0.564750102473557,,3,mean
mean_ensemble,PT,Cases,2021-04-12,574.833260869566,576.78597826087,0.996614485329217,,3,mean
mean_ensemble,PT,Deaths,2021-04-12,5.58891304347826,15.3871739130435,0.363218942936664,,3,mean
mean_ensemble,RO,Cases,2021-04-12,3452.69717391305,4120.91489130435,0.837847241445989,,3,mean
mean_ensemble,RO,Deaths,2021-04-12,71.5518840579716,118.545869565217,0.603579730954757,,3,mean
mean_ensemble,SI,Cases,2021-04-12,1227.05253623188,1168.98934782609,1.04966956158649,,3,mean
mean_ensemble,SI,Deaths,2021-04-12,8.21050724637681,5.44326086956522,1.50838026012753,,3,mean
mean_ensemble,SK,Cases,2021-04-12,3944.56028985507,4582.6825,0.860753562974322,,3,mean
mean_ensemble,SK,Deaths,2021-04-12,41.2518115942029,48.405,0.852222117430077,,3,mean
mean_ensemble,AT,Cases,2021-04-19,1131.7086231884,1084.3952173913,1.04363114576521,,3,mean
mean_ensemble,AT,Deaths,2021-04-19,14.9392753623188,15.8104347826087,0.944899717669489,,3,mean
mean_ensemble,BE,Cases,2021-04-19,1947.88869565218,1508.77630434783,1.29103876435424,,3,mean
mean_ensemble,BE,Deaths,2021-04-19,24.396231884058,12.669347826087,1.92561071169147,,3,mean
mean_ensemble,BG,Cases,2021-04-19,821.20152173913,613.382608695652,1.33880796438849,,3,mean
mean_ensemble,BG,Deaths,2021-04-19,31.2366666666666,42.1230434782609,0.741557686419013,,3,mean
mean_ensemble,CY,Cases,2021-04-19,4212.26985507246,814.831086956522,5.16950067627602,,3,mean
mean_ensemble,CY,Deaths,2021-04-19,3.7677536231884,3.20130434782609,1.17694327493322,,3,mean
mean_ensemble,EE,Cases,2021-04-19,314.670362318841,244.897717391304,1.28490524807976,,3,mean
mean_ensemble,EE,Deaths,2021-04-19,8.23202898550725,4.72673913043478,1.74158733078845,,3,mean
mean_ensemble,ES,Cases,2021-04-19,2855.66260869566,6098.5475,0.46825290918791,,3,mean
mean_ensemble,FI,Cases,2021-04-19,117.740144927536,116.094782608696,1.01417257762897,,3,mean
mean_ensemble,FI,Deaths,2021-04-19,2.69963768115942,2.09630434782609,1.28780808185558,,3,mean
mean_ensemble,GR,Cases,2021-04-19,1575.30876811594,1782.85826086957,0.883586094694709,,3,mean
mean_ensemble,GR,Deaths,2021-04-19,32.9623913043478,25.9010869565217,1.27262579210206,,3,mean
mean_ensemble,HR,Cases,2021-04-19,2095.21079710145,1983.29826086957,1.05642748669724,,3,mean
mean_ensemble,HR,Deaths,2021-04-19,18.7919565217392,15.0309782608696,1.25021513540876,,3,mean
mean_ensemble,HU,Cases,2021-04-19,1919.85862318841,3081.28869565217,0.623070024531426,,3,mean
mean_ensemble,HU,Deaths,2021-04-19,52.8302898550726,49.4619565217391,1.06809947624803,,3,mean
mean_ensemble,IT,Cases,2021-04-19,5202.58007246377,4398.04565217391,1.18292998388777,,3,mean
mean_ensemble,IT,Deaths,2021-04-19,165.306014492754,113.670652173913,1.45425412216198,,3,mean
mean_ensemble,LT,Cases,2021-04-19,563.987246376812,537.522391304348,1.04923488863086,,3,mean
mean_ensemble,LT,Deaths,2021-04-19,4.76782608695653,4.53728260869565,1.05081091440481,,3,mean
mean_ensemble,LU,Deaths,2021-04-19,6.16847826086956,5.5770652173913,1.10604377399676,,3,mean
mean_ensemble,LV,Cases,2021-04-19,328.247101449276,280.674456521739,1.16949403061854,,3,mean
mean_ensemble,LV,Deaths,2021-04-19,10.7223913043478,7.62586956521739,1.4060549046438,,3,mean
mean_ensemble,MT,Cases,2021-04-19,81.0160144927536,43.5363043478261,1.86088405312241,,3,mean
mean_ensemble,MT,Deaths,2021-04-19,1.69152173913043,0.844565217391305,2.0028314028314,,3,mean
mean_ensemble,NO,Cases,2021-04-19,230.531666666667,192.599891304348,1.19694598530369,,3,mean
mean_ensemble,PT,Cases,2021-04-19,304.347101449275,225.041847826087,1.3524022504671,,3,mean
mean_ensemble,PT,Deaths,2021-04-19,11.8105072463768,12.7559782608696,0.925880164174229,,3,mean
mean_ensemble,RO,Cases,2021-04-19,821.396376811598,1330.91380434783,0.617167223097591,,3,mean
mean_ensemble,RO,Deaths,2021-04-19,95.0721739130437,155.049130434783,0.613174505696653,,3,mean
mean_ensemble,SI,Cases,2021-04-19,471.206956521739,286.88902173913,1.64247120250635,,3,mean
mean_ensemble,SI,Deaths,2021-04-19,7.56144927536232,7.21630434782609,1.04782848822614,,3,mean
mean_ensemble,SK,Cases,2021-04-19,2655.23050724638,3766.99543478261,0.704866929948804,,3,mean
mean_ensemble,SK,Deaths,2021-04-19,58.322536231884,41.595652173913,1.4021305877844,,3,mean
mean_ensemble,AT,Cases,2021-04-26,1157.88782608696,1253.25804347826,0.923902170117642,,3,mean
mean_ensemble,AT,Deaths,2021-04-26,7.43963768115944,7.22934782608696,1.02908835764046,,3,mean
mean_ensemble,BE,Cases,2021-04-26,2102.33760869565,1578.7427173913,1.33165308415138,,3,mean
mean_ensemble,BE,Deaths,2021-04-26,14.8423188405797,10.9851086956522,1.35113081279334,,3,mean
mean_ensemble,BG,Cases,2021-04-26,1478.12717391304,824.814347826087,1.79207257707004,,3,mean
mean_ensemble,BG,Deaths,2021-04-26,30.2702898550725,34.3385869565217,0.881524038639086,,3,mean
mean_ensemble,CY,Cases,2021-04-26,2355.32565217391,1449.78434782609,1.62460413902637,,3,mean
mean_ensemble,CY,Deaths,2021-04-26,1.63463768115942,1.69282608695652,0.965626471469541,,3,mean
mean_ensemble,EE,Cases,2021-04-26,204.674565217391,305.358695652174,0.670275869433667,,3,mean
mean_ensemble,EE,Deaths,2021-04-26,4.4881884057971,5.68282608695652,0.789781059128062,,3,mean
mean_ensemble,ES,Cases,2021-04-26,8551.02152173913,11092.470326087,0.770885228480537,,3,mean
mean_ensemble,FI,Cases,2021-04-26,103.962753623189,107.260869565217,0.969251452506419,,3,mean
mean_ensemble,FI,Deaths,2021-04-26,1.84442028985507,1.7854347826087,1.03303705507529,,3,mean
mean_ensemble,GR,Cases,2021-04-26,1702.42884057971,1541.33934782609,1.10451267138597,,3,mean
mean_ensemble,GR,Deaths,2021-04-26,17.6221014492754,20.7698913043478,0.848444567718391,,3,mean
mean_ensemble,HR,Cases,2021-04-26,2103.84442028986,2102.65402173913,1.00056614095254,,3,mean
mean_ensemble,HR,Deaths,2021-04-26,13.4738405797102,10.63,1.26752968764912,,3,mean
mean_ensemble,HU,Cases,2021-04-26,1394.22630434782,2150.27543478261,0.648394285585453,,3,mean
mean_ensemble,HU,Deaths,2021-04-26,62.8452173913045,58.0798913043478,1.08204777901504,,3,mean
mean_ensemble,IT,Cases,2021-04-26,6228.27688405799,6333.66108695652,0.983361250080848,,3,mean
mean_ensemble,IT,Deaths,2021-04-26,114.34231884058,96.9521739130435,1.17936828258368,,3,mean
mean_ensemble,LT,Cases,2021-04-26,461.174855072465,404.522608695652,1.14004716957473,,3,mean
mean_ensemble,LT,Deaths,2021-04-26,4.58123188405797,5.46815217391304,0.837802558954685,,3,mean
mean_ensemble,LU,Deaths,2021-04-26,2.53586956521739,2.60478260869565,0.973543648806544,,3,mean
mean_ensemble,LV,Cases,2021-04-26,275.452246376812,261.260869565217,1.05431879957841,,3,mean
mean_ensemble,LV,Deaths,2021-04-26,7.57094202898551,7.9754347826087,0.949282670519077,,3,mean
mean_ensemble,MT,Cases,2021-04-26,13.5998550724638,18.7265217391304,0.72623497635687,,3,mean
mean_ensemble,MT,Deaths,2021-04-26,0.720869565217391,0.539782608695652,1.33548127265405,,3,mean
mean_ensemble,NO,Cases,2021-04-26,205.438115942029,211.608043478261,0.970842660634183,,3,mean
mean_ensemble,PT,Cases,2021-04-26,520.253260869565,577.199130434783,0.901341033687417,,3,mean
mean_ensemble,PT,Deaths,2021-04-26,5.87992753623188,8.22032608695652,0.715291276043388,,3,mean
mean_ensemble,RO,Cases,2021-04-26,1407.78739130435,934.827826086956,1.50593227118316,,3,mean
mean_ensemble,RO,Deaths,2021-04-26,153.569057971014,53.5191304347826,2.86942363830352,,3,mean
mean_ensemble,SI,Cases,2021-04-26,347.108188405797,291.103913043478,1.1923858555414,,3,mean
mean_ensemble,SI,Deaths,2021-04-26,6.61731884057971,6.37489130434783,1.03802849721791,,3,mean
mean_ensemble,SK,Cases,2021-04-26,1853.22768115942,2060.22456521739,0.899527028483844,,3,mean
mean_ensemble,SK,Deaths,2021-04-26,34.0002173913043,27.9823913043478,1.21505760610322,,3,mean
mean_ensemble,AT,Cases,2021-05-03,2001.20079710145,2257.94608695652,0.886292550854862,,3,mean
mean_ensemble,AT,Deaths,2021-05-03,10.4717391304348,8.86217391304348,1.18162193985184,,3,mean
mean_ensemble,BE,Cases,2021-05-03,1485.59391304348,1496.89652173913,0.992449305258241,,3,mean
mean_ensemble,BE,Deaths,2021-05-03,20.635652173913,20.0459782608696,1.02941607066364,,3,mean
mean_ensemble,BG,Cases,2021-05-03,807.565869565217,1082.63456521739,0.745926553160677,,3,mean
mean_ensemble,BG,Deaths,2021-05-03,22.9895652173913,23.2127173913044,0.990386641505546,,3,mean
mean_ensemble,CY,Cases,2021-05-03,1592.28746376812,1530.84423913044,1.04013682324244,,3,mean
mean_ensemble,CY,Deaths,2021-05-03,2.15268115942029,2.0329347826087,1.05890320625925,,3,mean
mean_ensemble,EE,Cases,2021-05-03,168.916956521739,152.48152173913,1.10778640319925,,3,mean
mean_ensemble,EE,Deaths,2021-05-03,1.69065217391305,1.98065217391304,0.853583580287565,,3,mean
mean_ensemble,ES,Cases,2021-05-03,3605.36398550725,6730.95923913043,0.535638956858848,,3,mean
mean_ensemble,FI,Cases,2021-05-03,100.222028985507,107.798043478261,0.929720296878286,,3,mean
mean_ensemble,FI,Deaths,2021-05-03,1.8445652173913,1.72826086956522,1.06729559748428,,3,mean
mean_ensemble,GR,Cases,2021-05-03,2051.83036231884,1712.455,1.19818060172024,,3,mean
mean_ensemble,GR,Deaths,2021-05-03,51.4513768115942,31.9015217391304,1.61281888783643,,3,mean
mean_ensemble,HR,Cases,2021-05-03,2617.78644927537,2546.85380434783,1.02785108623292,,3,mean
mean_ensemble,HR,Deaths,2021-05-03,18.3898550724638,16.2044565217391,1.13486404482574,,3,mean
mean_ensemble,HU,Cases,2021-05-03,1051.51144927536,2422.65043478261,0.43403350073892,,3,mean
mean_ensemble,HU,Deaths,2021-05-03,50.7815942028985,54.014347826087,0.940150094312031,,3,mean
mean_ensemble,IT,Cases,2021-05-03,11108.0520289855,11236.1297826087,0.988601257185421,,3,mean
mean_ensemble,IT,Deaths,2021-05-03,93.3078260869569,82.5557608695652,1.1302400353911,,3,mean
mean_ensemble,LT,Cases,2021-05-03,616.111449275364,619.344239130435,0.994780302050423,,3,mean
mean_ensemble,LT,Deaths,2021-05-03,17.1276086956522,19.2586956521739,0.889344169770854,,3,mean
mean_ensemble,LU,Deaths,2021-05-03,1.55413043478261,1.61923913043478,0.959790561858092,,3,mean
mean_ensemble,LV,Cases,2021-05-03,322.243115942029,351.292826086957,0.917306281290992,,3,mean
mean_ensemble,LV,Deaths,2021-05-03,6.56326086956522,7.59652173913043,0.863982371794872,,3,mean
mean_ensemble,MT,Cases,2021-05-03,31.128115942029,26.4110869565217,1.17860033527861,,3,mean
mean_ensemble,MT,Deaths,2021-05-03,0.67731884057971,0.701847826086957,0.965050849207579,,3,mean
mean_ensemble,NO,Cases,2021-05-03,251.838260869565,279.714239130435,0.900341225575326,,3,mean
mean_ensemble,PT,Cases,2021-05-03,385.725,245.420434782609,1.57169063913391,,3,mean
mean_ensemble,PT,Deaths,2021-05-03,3.56253623188406,2.55869565217391,1.3923251203625,,3,mean
mean_ensemble,RO,Cases,2021-05-03,513.236231884058,811.429456521739,0.632508750771864,,3,mean
mean_ensemble,RO,Deaths,2021-05-03,66.9422463768116,30.6961956521739,2.1807994428805,,3,mean
mean_ensemble,SI,Cases,2021-05-03,440.682898550724,380.12847826087,1.1592998782067,,3,mean
mean_ensemble,SI,Deaths,2021-05-03,12.3605072463768,8.55336956521739,1.4451038449971,,3,mean
mean_ensemble,SK,Cases,2021-05-03,1275.19876811594,1739.26891304348,0.733180912136537,,3,mean
mean_ensemble,SK,Deaths,2021-05-03,18.1357246376812,13.8369565217391,1.3106729510343,,3,mean
mean_ensemble,AT,Cases,2021-05-10,1144.90869565217,890.003695652174,1.28640892306993,,3,mean
mean_ensemble,AT,Deaths,2021-05-10,8.38659420289855,8.17739130434783,1.02558308521197,,3,mean
mean_ensemble,BE,Cases,2021-05-10,1897.71594202899,2298.96413043478,0.825465659470767,,3,mean
mean_ensemble,BE,Deaths,2021-05-10,63.3097101449275,45.6213043478261,1.38772249171662,,3,mean
mean_ensemble,BG,Cases,2021-05-10,434.618478260869,587.08652173913,0.740297149001814,,3,mean
mean_ensemble,BG,Deaths,2021-05-10,19.1423913043479,19.2019565217391,0.996897961032053,,3,mean
mean_ensemble,CY,Cases,2021-05-10,616.929565217391,723.55347826087,0.852638517750258,,3,mean
mean_ensemble,CY,Deaths,2021-05-10,4.26028985507246,4.43760869565217,0.96004180342592,,3,mean
mean_ensemble,EE,Cases,2021-05-10,241.979565217391,368.149347826087,0.657286415543787,,3,mean
mean_ensemble,EE,Deaths,2021-05-10,2.0631884057971,2.36869565217391,0.87102300538424,,3,mean
mean_ensemble,ES,Cases,2021-05-10,5658.00152173913,3139.80413043478,1.8020237208095,,3,mean
mean_ensemble,FI,Cases,2021-05-10,101.582391304348,83.9113043478261,1.21059244751187,,3,mean
mean_ensemble,FI,Deaths,2021-05-10,4.38992753623189,3.72847826086957,1.17740462169359,,3,mean
mean_ensemble,GR,Cases,2021-05-10,1133.83275362319,921.599565217391,1.2302878564789,,3,mean
mean_ensemble,GR,Deaths,2021-05-10,33.3783333333333,31.8434782608696,1.04819998179501,,3,mean
mean_ensemble,HR,Cases,2021-05-10,1386.48702898551,1341.38695652174,1.03362197033786,,3,mean
mean_ensemble,HR,Deaths,2021-05-10,9.29101449275363,15.8482608695652,0.586248205353305,,3,mean
mean_ensemble,HU,Cases,2021-05-10,668.403405797101,931.261086956522,0.717740078651335,,3,mean
mean_ensemble,HU,Deaths,2021-05-10,34.6832608695652,30.9880434782609,1.11924655371988,,3,mean
mean_ensemble,IT,Cases,2021-05-10,6568.45086956522,5100.9325,1.28769609665786,,3,mean
mean_ensemble,IT,Deaths,2021-05-10,64.926739130435,74.8023913043478,0.867976785210891,,3,mean
mean_ensemble,LT,Cases,2021-05-10,1082.65528985507,1187.63304347826,0.91160758434631,,3,mean
mean_ensemble,LT,Deaths,2021-05-10,11.8394202898551,13.2895652173913,0.890880935243953,,3,mean
mean_ensemble,LU,Deaths,2021-05-10,0.67072463768116,0.777391304347826,0.862788963460105,,3,mean
mean_ensemble,LV,Cases,2021-05-10,598.885797101449,621.416304347826,0.963743295615614,,3,mean
mean_ensemble,LV,Deaths,2021-05-10,4.74260869565217,5.72413043478261,0.828529110174318,,3,mean
mean_ensemble,MT,Cases,2021-05-10,46.5207246376812,28.6823913043478,1.62192629422183,,3,mean
mean_ensemble,MT,Deaths,2021-05-10,0.670652173913043,0.827391304347826,0.810562270099842,,3,mean
mean_ensemble,NO,Cases,2021-05-10,203.233260869565,210.967608695652,0.963338695101555,,3,mean
mean_ensemble,PT,Cases,2021-05-10,286.357246376812,342.017608695652,0.837258781701002,,3,mean
mean_ensemble,PT,Deaths,2021-05-10,2.76137681159421,1.42891304347826,1.9325016481566,,3,mean
mean_ensemble,RO,Cases,2021-05-10,1196.72036231884,1273.24869565217,0.939895219532007,,3,mean
mean_ensemble,RO,Deaths,2021-05-10,29.7182608695652,27.0556521739131,1.09841229028733,,3,mean
mean_ensemble,SI,Cases,2021-05-10,666.944347826087,667.733695652174,0.998817870310834,,3,mean
mean_ensemble,SI,Deaths,2021-05-10,2.17014492753623,2.25586956521739,0.961999293308919,,3,mean
mean_ensemble,SK,Cases,2021-05-10,718.369130434782,1040.47282608696,0.690425653052802,,3,mean
mean_ensemble,SK,Deaths,2021-05-10,33.3575362318841,34.4715217391304,0.967683889452964,,3,mean
mean_ensemble,AT,Cases,2021-05-17,209.711014492754,334.784239130435,0.62640647312865,,3,mean
mean_ensemble,AT,Deaths,2021-05-17,5.28260869565217,7.44565217391304,0.709489051094889,,3,mean
mean_ensemble,BE,Cases,2021-05-17,1085.74427536233,1328.82510869565,0.817070860760654,,3,mean
mean_ensemble,BE,Deaths,2021-05-17,20.6802898550725,14.68,1.40873909094499,,3,mean
mean_ensemble,BG,Cases,2021-05-17,606.59463768116,302.082717391304,2.00804151564687,,3,mean
mean_ensemble,BG,Deaths,2021-05-17,17.6129710144927,19.9647826086957,0.882201993365128,,3,mean
mean_ensemble,CY,Cases,2021-05-17,338.55884057971,267.632826086957,1.26501238853902,,3,mean
mean_ensemble,CY,Deaths,2021-05-17,2.52427536231884,1.88108695652174,1.34192380291999,,3,mean
mean_ensemble,EE,Cases,2021-05-17,345.681739130435,259.183260869565,1.33373481748268,,3,mean
mean_ensemble,EE,Deaths,2021-05-17,2.7377536231884,2.93326086956522,0.933348155833888,,3,mean
mean_ensemble,ES,Cases,2021-05-17,3580.03615942029,2927.15445652174,1.22304313373144,,3,mean
mean_ensemble,FI,Cases,2021-05-17,128.129202898551,139.47152173913,0.918676453091303,,3,mean
mean_ensemble,FI,Deaths,2021-05-17,3.82485507246377,3.80565217391304,1.00504588902852,,3,mean
mean_ensemble,GR,Cases,2021-05-17,1068.20050724638,980.159021739131,1.08982367509206,,3,mean
mean_ensemble,GR,Deaths,2021-05-17,22.5321739130435,18.774347826087,1.20015747666798,,3,mean
mean_ensemble,HR,Cases,2021-05-17,1379.1615942029,964.465326086957,1.42997530019918,,3,mean
mean_ensemble,HR,Deaths,2021-05-17,16.0184782608696,22.0904347826087,0.725131868997008,,3,mean
mean_ensemble,HU,Cases,2021-05-17,914.646014492753,446.562391304348,2.0481931132203,,3,mean
mean_ensemble,HU,Deaths,2021-05-17,64.2060144927537,51.2630434782609,1.25248151760598,,3,mean
mean_ensemble,IT,Cases,2021-05-17,2272.09891304348,3740.47195652174,0.607436424989617,,3,mean
mean_ensemble,IT,Deaths,2021-05-17,45.9351449275362,55.8230434782609,0.822870665327029,,3,mean
mean_ensemble,LT,Cases,2021-05-17,1656.24586956522,1776.2675,0.932430430419527,,3,mean
mean_ensemble,LT,Deaths,2021-05-17,5.33710144927536,5.83282608695652,0.915011243213695,,3,mean
mean_ensemble,LU,Deaths,2021-05-17,0.674130434782609,0.613913043478261,1.09808781869688,,3,mean
mean_ensemble,LV,Cases,2021-05-17,1170.84043478261,1078.9397826087,1.0851768130671,,3,mean
mean_ensemble,LV,Deaths,2021-05-17,6.26478260869565,5.09130434782609,1.23048676345004,,3,mean
mean_ensemble,MT,Cases,2021-05-17,16.346884057971,11.6244565217391,1.40624931818536,,3,mean
mean_ensemble,MT,Deaths,2021-05-17,0.565652173913043,0.59804347826087,0.945837877135587,,3,mean
mean_ensemble,NO,Cases,2021-05-17,181.593260869565,192.4375,0.943647994125704,,3,mean
mean_ensemble,PT,Cases,2021-05-17,243.291014492754,407.909130434783,0.596434343681973,,3,mean
mean_ensemble,PT,Deaths,2021-05-17,2.9218115942029,3.69369565217391,0.791026621937103,,3,mean
mean_ensemble,RO,Cases,2021-05-17,811.171014492754,714.441956521739,1.13539106583541,,3,mean
mean_ensemble,RO,Deaths,2021-05-17,31.7330434782609,29.7730434782609,1.06583136189725,,3,mean
mean_ensemble,SI,Cases,2021-05-17,364.047028985508,525.189565217391,0.693172623935927,,3,mean
mean_ensemble,SI,Deaths,2021-05-17,2.07253623188406,2.15086956521739,0.963580621251936,,3,mean
mean_ensemble,SK,Cases,2021-05-17,381.398695652174,608.53097826087,0.626753130534422,,3,mean
mean_ensemble,SK,Deaths,2021-05-17,66.3426086956521,67.4926086956522,0.982961097189385,,3,mean
mean_ensemble,AT,Cases,2021-05-24,210.105724637681,186.180108695652,1.12850790618637,,3,mean
mean_ensemble,AT,Deaths,2021-05-24,15.1692028985507,14.2917391304348,1.06139657043189,,3,mean
mean_ensemble,BE,Cases,2021-05-24,1663.74210144928,1973.7327173913,0.842941947908864,,3,mean
mean_ensemble,BE,Deaths,2021-05-24,10.565652173913,7.31891304347826,1.44360946921317,,3,mean
mean_ensemble,BG,Cases,2021-05-24,271.306811594203,116.909565217391,2.32065538084684,,3,mean
mean_ensemble,BG,Deaths,2021-05-24,13.1514492753623,11.1330434782609,1.18129865396131,,3,mean
mean_ensemble,CY,Cases,2021-05-24,93.005579710145,51.1969565217391,1.81662321412901,,3,mean
mean_ensemble,CY,Deaths,2021-05-24,1.00072463768116,1.225,0.816918071576456,,3,mean
mean_ensemble,EE,Cases,2021-05-24,399.111956521739,359.328695652174,1.11071551298557,,3,mean
mean_ensemble,EE,Deaths,2021-05-24,2.63731884057971,2.81347826086957,0.937387317776747,,3,mean
mean_ensemble,ES,Cases,2021-05-24,3227.22398550725,3151.22847826087,1.02411615272286,,3,mean
mean_ensemble,FI,Cases,2021-05-24,385.520507246377,283.559239130435,1.3595766035648,,3,mean
mean_ensemble,FI,Deaths,2021-05-24,1.0081884057971,0.760217391304348,1.32618434848918,,3,mean
mean_ensemble,GR,Cases,2021-05-24,1630.92304347826,1396.54130434783,1.16783015181917,,3,mean
mean_ensemble,GR,Deaths,2021-05-24,27.5918115942029,27.175652173913,1.01531368659073,,3,mean
mean_ensemble,HR,Cases,2021-05-24,438.583913043479,237.883260869565,1.84369388346312,,3,mean
mean_ensemble,HR,Deaths,2021-05-24,14.1409420289855,23.2976086956522,0.606969677176546,,3,mean
mean_ensemble,HU,Cases,2021-05-24,524.249492753623,341.003260869565,1.53737384040486,,3,mean
mean_ensemble,HU,Deaths,2021-05-24,28.0614492753623,23.180652173913,1.21055477925431,,3,mean
mean_ensemble,IT,Cases,2021-05-24,1604.09550724638,2749.1552173913,0.583486700604893,,3,mean
mean_ensemble,IT,Deaths,2021-05-24,93.3776811594202,71.6563043478261,1.30313280888945,,3,mean
mean_ensemble,LT,Cases,2021-05-24,1396.40753623188,1377.37489130435,1.01381805712279,,3,mean
mean_ensemble,LT,Deaths,2021-05-24,6.94586956521739,7.32652173913044,0.948044626431665,,3,mean
mean_ensemble,LU,Deaths,2021-05-24,0.671521739130435,0.611304347826087,1.09850640113798,,3,mean
mean_ensemble,LV,Cases,2021-05-24,797.821739130435,678.540869565217,1.17579025069138,,3,mean
mean_ensemble,LV,Deaths,2021-05-24,6.25681159420291,9.05782608695652,0.690763052208836,,3,mean
mean_ensemble,MT,Cases,2021-05-24,8.60217391304347,6.94728260869565,1.23820699366346,,3,mean
mean_ensemble,MT,Deaths,2021-05-24,0.587391304347826,0.550869565217391,1.06629834254144,,3,mean
mean_ensemble,NO,Cases,2021-05-24,663.98768115942,415.485869565217,1.59809930925989,,3,mean
mean_ensemble,PT,Cases,2021-05-24,214.144637681159,317.323043478261,0.674847421523076,,3,mean
mean_ensemble,PT,Deaths,2021-05-24,3.83608695652174,3.31369565217391,1.15764613265105,,3,mean
mean_ensemble,RO,Cases,2021-05-24,442.165072463769,702.166521739131,0.629715400512988,,3,mean
mean_ensemble,RO,Deaths,2021-05-24,136.04115942029,104.776304347826,1.29839623822457,,3,mean
mean_ensemble,SI,Cases,2021-05-24,149.039057971015,210.205326086957,0.709016563687644,,3,mean
mean_ensemble,SI,Deaths,2021-05-24,1.80449275362319,2.59565217391304,0.695198213288666,,3,mean
mean_ensemble,SK,Cases,2021-05-24,370.992826086957,575.370760869565,0.644789153912289,,3,mean
mean_ensemble,SK,Deaths,2021-05-24,15.8561594202899,15.3123913043478,1.03551163924263,,3,mean
mean_ensemble,AT,Cases,2021-05-31,185.332971014493,242.538695652174,0.764137741056708,,3,mean
mean_ensemble,AT,Deaths,2021-05-31,11.1017391304348,10.4186956521739,1.06555940408129,,3,mean
mean_ensemble,BE,Cases,2021-05-31,1731.14797101449,2292.22336956522,0.75522656037786,,3,mean
mean_ensemble,BE,Deaths,2021-05-31,10.7963043478261,8.16402173913044,1.32242474270727,,3,mean
mean_ensemble,BG,Cases,2021-05-31,121.492463768116,113.668695652174,1.06882957590965,,3,mean
mean_ensemble,BG,Deaths,2021-05-31,15.0426086956521,14.1913043478261,1.05998774509804,,3,mean
mean_ensemble,CY,Cases,2021-05-31,49.021231884058,100.844891304348,0.486105257787556,,3,mean
mean_ensemble,CY,Deaths,2021-05-31,2.45384057971015,2.1745652173913,1.1284281382252,,3,mean
mean_ensemble,EE,Cases,2021-05-31,46.7840579710145,119.441739130435,0.391689356766018,,3,mean
mean_ensemble,EE,Deaths,2021-05-31,1.57586956521739,1.68521739130435,0.935113519091848,,3,mean
mean_ensemble,ES,Cases,2021-05-31,2536.28202898551,3354.11304347826,0.756170706266759,,3,mean
mean_ensemble,FI,Cases,2021-05-31,168.471811594203,128.258586956522,1.31353241597238,,3,mean
mean_ensemble,FI,Deaths,2021-05-31,4.07565217391304,2.8845652173913,1.41291732609842,,3,mean
mean_ensemble,GR,Cases,2021-05-31,1796.04768115942,1684.56630434783,1.06617808781041,,3,mean
mean_ensemble,GR,Deaths,2021-05-31,16.8754347826087,27.1958695652174,0.620514624183658,,3,mean
mean_ensemble,HR,Cases,2021-05-31,125.180289855073,141.495652173913,0.884693543100624,,3,mean
mean_ensemble,HR,Deaths,2021-05-31,3.66391304347826,4.99478260869565,0.733548050139275,,3,mean
mean_ensemble,HU,Cases,2021-05-31,173.166956521739,200.712934782609,0.862759326942709,,3,mean
mean_ensemble,HU,Deaths,2021-05-31,19.3579710144927,13.840652173913,1.3986314207779,,3,mean
mean_ensemble,IT,Cases,2021-05-31,1000.04550724638,1069.54652173913,0.93501824083375,,3,mean
mean_ensemble,IT,Deaths,2021-05-31,48.5500724637681,62.4839130434783,0.777001152760478,,3,mean
mean_ensemble,LT,Cases,2021-05-31,276.359710144927,339.172608695652,0.814805509229407,,3,mean
mean_ensemble,LT,Deaths,2021-05-31,11.3492753623188,10.3658695652174,1.09486959014044,,3,mean
mean_ensemble,LU,Deaths,2021-05-31,1.45949275362319,1.26239130434783,1.15613340221572,,3,mean
mean_ensemble,LV,Cases,2021-05-31,149.049275362319,190.6175,0.781928602370291,,3,mean
mean_ensemble,LV,Deaths,2021-05-31,4.20811594202899,5.09586956521739,0.825789570979623,,3,mean
mean_ensemble,MT,Cases,2021-05-31,16.4385507246377,8.83978260869565,1.85961029273131,,3,mean
mean_ensemble,MT,Deaths,2021-05-31,0.146666666666667,0.215869565217391,0.67942262504196,,3,mean
mean_ensemble,NO,Cases,2021-05-31,503.938260869565,499.691739130435,1.00849828285439,,3,mean
mean_ensemble,PT,Cases,2021-05-31,263.040434782609,396.840217391304,0.662837140125941,,3,mean
mean_ensemble,PT,Deaths,2021-05-31,1.26673913043478,1.95239130434783,0.648814163233492,,3,mean
mean_ensemble,RO,Cases,2021-05-31,112.138188405797,113.557717391304,0.987499493490031,,3,mean
mean_ensemble,RO,Deaths,2021-05-31,520.321231884058,517.057608695652,1.00631191405662,,3,mean
mean_ensemble,SI,Cases,2021-05-31,128.349057971015,148.065760869565,0.866838202277436,,3,mean
mean_ensemble,SI,Deaths,2021-05-31,1.43217391304348,2.06152173913044,0.694716861752608,,3,mean
mean_ensemble,SK,Cases,2021-05-31,489.723985507246,603.610434782609,0.811324585009239,,3,mean
mean_ensemble,SK,Deaths,2021-05-31,6.30239130434783,9.18282608695652,0.686323713927227,,3,mean
mean_ensemble,AT,Cases,2021-06-07,189.307173913043,180.52,1.04867701037582,,3,mean
mean_ensemble,AT,Deaths,2021-06-07,5.22920289855073,3.90326086956522,1.33970110461339,,3,mean
mean_ensemble,BE,Cases,2021-06-07,2845.17094202899,2719.19347826087,1.04632898128628,,3,mean
mean_ensemble,BE,Deaths,2021-06-07,7.16065217391304,8.72804347826087,0.820418939450547,,3,mean
mean_ensemble,BG,Cases,2021-06-07,101.611594202899,102.525434782609,0.991086693934556,,3,mean
mean_ensemble,BG,Deaths,2021-06-07,10.9305797101449,9.94239130434783,1.09939142159542,,3,mean
mean_ensemble,CY,Cases,2021-06-07,87.9676811594203,94.0503260869565,0.935325637022116,,3,mean
mean_ensemble,CY,Deaths,2021-06-07,2.21847826086957,2.09760869565217,1.05762255155975,,3,mean
mean_ensemble,EE,Cases,2021-06-07,43.2344202898551,56.4732608695652,0.76557329299104,,3,mean
mean_ensemble,EE,Deaths,2021-06-07,1.78724637681159,2.86804347826087,0.62315874579954,,3,mean
mean_ensemble,ES,Cases,2021-06-07,2991.22115942029,3870.93043478261,0.772739580267935,,3,mean
mean_ensemble,FI,Cases,2021-06-07,75.4973188405797,59.8471739130435,1.26150182045815,,3,mean
mean_ensemble,FI,Deaths,2021-06-07,2.42971014492754,2.10847826086957,1.1523524762003,,3,mean
mean_ensemble,GR,Cases,2021-06-07,1577.15724637681,1222.67163043478,1.28992708027091,,3,mean
mean_ensemble,GR,Deaths,2021-06-07,29.5755797101449,23.3186956521739,1.26832049919515,,3,mean
mean_ensemble,HR,Cases,2021-06-07,139.862028985507,108.318695652174,1.29120857801523,,3,mean
mean_ensemble,HR,Deaths,2021-06-07,2.6581884057971,4.26304347826087,0.623542410334863,,3,mean
mean_ensemble,HU,Cases,2021-06-07,258.176811594203,150.28847826087,1.7178749467811,,3,mean
mean_ensemble,HU,Deaths,2021-06-07,14.462463768116,13.1495652173913,1.09984349512851,,3,mean
mean_ensemble,IT,Cases,2021-06-07,806.983333333333,826.654565217391,0.976203806630058,,3,mean
mean_ensemble,IT,Deaths,2021-06-07,47.3598550724638,50.6771739130435,0.934540176879794,,3,mean
mean_ensemble,LT,Cases,2021-06-07,150.42652173913,217.358260869565,0.692067194213519,,3,mean
mean_ensemble,LT,Deaths,2021-06-07,5.52384057971014,5.93586956521739,0.930586583653787,,3,mean
mean_ensemble,LU,Deaths,2021-06-07,2.04753623188406,1.5295652173913,1.33863937843472,,3,mean
mean_ensemble,LV,Cases,2021-06-07,157.290434782609,149.207282608696,1.05417397886075,,3,mean
mean_ensemble,LV,Deaths,2021-06-07,5.31550724637681,4.32086956521739,1.23019386865231,,3,mean
mean_ensemble,MT,Cases,2021-06-07,18.2274637681159,15.5526086956522,1.17198755043657,,3,mean
mean_ensemble,MT,Deaths,2021-06-07,0.279057971014493,0.307173913043478,0.908468978532673,,3,mean
mean_ensemble,NO,Cases,2021-06-07,198.436739130435,187.993804347826,1.05554935610158,,3,mean
mean_ensemble,PT,Cases,2021-06-07,732.013333333334,745.500760869565,0.981908231025144,,3,mean
mean_ensemble,PT,Deaths,2021-06-07,1.82384057971014,2.05586956521739,0.887138274999119,,3,mean
mean_ensemble,RO,Cases,2021-06-07,79.6592028985507,76.7556521739131,1.03782849395975,,3,mean
mean_ensemble,RO,Deaths,2021-06-07,292.940652173913,352.389782608696,0.831297235706755,,3,mean
mean_ensemble,SI,Cases,2021-06-07,261.033405797102,312.330217391304,0.835760971120078,,3,mean
mean_ensemble,SI,Deaths,2021-06-07,0.992391304347827,1.37065217391304,0.724028548770818,,3,mean
mean_ensemble,SK,Cases,2021-06-07,217.668478260869,276.110326086957,0.788338782347163,,3,mean
mean_ensemble,SK,Deaths,2021-06-07,5.6618115942029,4.66478260869565,1.21373535899587,,3,mean
mean_ensemble,AT,Cases,2021-06-14,182.870869565218,182.02902173913,1.00462480003487,,3,mean
mean_ensemble,AT,Deaths,2021-06-14,10.9076086956522,10.4108695652174,1.04771351012738,,3,mean
mean_ensemble,BE,Cases,2021-06-14,538.897173913043,1131.03086956522,0.476465486852894,,3,mean
mean_ensemble,BE,Deaths,2021-06-14,4.18297101449276,5.59,0.748295351429831,,3,mean
mean_ensemble,BG,Cases,2021-06-14,78.5023913043478,74.0258695652174,1.06047239654762,,3,mean
mean_ensemble,BG,Deaths,2021-06-14,12.7671739130435,10.5308695652174,1.21235704553899,,3,mean
mean_ensemble,CY,Cases,2021-06-14,182.445797101449,254.005,0.718276400470264,,3,mean
mean_ensemble,CY,Deaths,2021-06-14,1.30115942028985,1.4504347826087,0.897082334132693,,3,mean
mean_ensemble,EE,Cases,2021-06-14,27.9323188405797,48.2286956521739,0.579163887035801,,3,mean
mean_ensemble,EE,Deaths,2021-06-14,1.1136231884058,1.165,0.955899732537165,,3,mean
mean_ensemble,ES,Cases,2021-06-14,9679.14833333334,3631.37043478261,2.66542576891161,,3,mean
mean_ensemble,FI,Cases,2021-06-14,134.888623188406,141.984782608696,0.95002169042406,,3,mean
mean_ensemble,FI,Deaths,2021-06-14,1.34644927536232,1.30847826086957,1.02901921692418,,3,mean
mean_ensemble,GR,Cases,2021-06-14,1193.56550724638,675.93847826087,1.76579015048428,,3,mean
mean_ensemble,GR,Deaths,2021-06-14,8.45898550724638,6.9245652173913,1.22159084963216,,3,mean
mean_ensemble,HR,Cases,2021-06-14,79.9731884057971,68.3436956521739,1.17016189485582,,3,mean
mean_ensemble,HR,Deaths,2021-06-14,2.10427536231884,2.40804347826087,0.873852727874574,,3,mean
mean_ensemble,HU,Cases,2021-06-14,111.873768115942,64.4995652173913,1.73448871692203,,3,mean
mean_ensemble,HU,Deaths,2021-06-14,8.68471014492754,4.045,2.14702352161373,,3,mean
mean_ensemble,IT,Cases,2021-06-14,614.553333333334,958.276956521739,0.64131077049372,,3,mean
mean_ensemble,IT,Deaths,2021-06-14,15.4134057971015,34.5145652173913,0.446576849513229,,3,mean
mean_ensemble,LT,Cases,2021-06-14,102.61768115942,163.781630434783,0.626551835434819,,3,mean
mean_ensemble,LT,Deaths,2021-06-14,3.76869565217391,2.80195652173913,1.34502288773373,,3,mean
mean_ensemble,LU,Deaths,2021-06-14,0.638768115942029,0.71,0.899673402735252,,3,mean
mean_ensemble,LV,Cases,2021-06-14,140.318043478261,209.608804347826,0.669428194654535,,3,mean
mean_ensemble,LV,Deaths,2021-06-14,8.02992753623189,8.88673913043478,0.903585377985437,,3,mean
mean_ensemble,MT,Cases,2021-06-14,4.59188405797101,4.56804347826087,1.00521899141801,,3,mean
mean_ensemble,MT,Deaths,2021-06-14,0.298115942028985,0.270217391304348,1.10324483775811,,3,mean
mean_ensemble,NO,Cases,2021-06-14,118.524855072464,125.637282608696,0.943389196355163,,3,mean
mean_ensemble,PT,Cases,2021-06-14,1667.82623188406,1549.3372826087,1.07647718195734,,3,mean
mean_ensemble,PT,Deaths,2021-06-14,2.62405797101449,2.42804347826087,1.0807293998269,,3,mean
mean_ensemble,RO,Cases,2021-06-14,59.571884057971,70.2715217391304,0.847738636984697,,3,mean
mean_ensemble,RO,Deaths,2021-06-14,152.101884057971,146.693043478261,1.03687182739863,,3,mean
mean_ensemble,SI,Cases,2021-06-14,188.659130434783,316.986739130435,0.595164109868813,,3,mean
mean_ensemble,SI,Deaths,2021-06-14,0.955434782608694,1.33282608695652,0.716848801174359,,3,mean
mean_ensemble,SK,Cases,2021-06-14,73.0847101449275,91.3734782608696,0.799845989623729,,3,mean
mean_ensemble,SK,Deaths,2021-06-14,5.09297101449275,4.1904347826087,1.21538009268866,,3,mean
mean_ensemble,AT,Cases,2021-06-21,49.5561594202898,78.954347826087,0.627655864240021,,3,mean
mean_ensemble,AT,Deaths,2021-06-21,6.56659420289855,8.53782608695652,0.769117821798985,,3,mean
mean_ensemble,BE,Cases,2021-06-21,1327.92202898551,841.983043478261,1.57713630846984,,3,mean
mean_ensemble,BE,Deaths,2021-06-21,4.99231884057971,3.71608695652174,1.34343434343434,,3,mean
mean_ensemble,BG,Cases,2021-06-21,77.1303623188406,64.2995652173913,1.1995471829097,,3,mean
mean_ensemble,BG,Deaths,2021-06-21,8.96485507246377,9.02478260869565,0.993359669830258,,3,mean
mean_ensemble,CY,Cases,2021-06-21,1194.54086956522,1266.88152173913,0.942898644480498,,3,mean
mean_ensemble,CY,Deaths,2021-06-21,1.40942028985507,1.44097826086957,0.978099620326369,,3,mean
mean_ensemble,EE,Cases,2021-06-21,35.6291304347827,36.8902173913044,0.965815138925721,,3,mean
mean_ensemble,EE,Deaths,2021-06-21,0.631086956521739,0.670652173913044,0.941004862236629,,3,mean
mean_ensemble,ES,Cases,2021-06-21,11344.6839130435,12493.6109782609,0.908038831430197,,3,mean
mean_ensemble,FI,Cases,2021-06-21,488.165289855073,502.226739130435,0.972001790865001,,3,mean
mean_ensemble,FI,Deaths,2021-06-21,1.14992753623188,1.13739130434783,1.01102191641182,,3,mean
mean_ensemble,GR,Cases,2021-06-21,955.960144927537,1027.99195652174,0.929929596105085,,3,mean
mean_ensemble,GR,Deaths,2021-06-21,10.5713043478261,8.3054347826087,1.27281769401911,,3,mean
mean_ensemble,HR,Cases,2021-06-21,90.8676086956522,87.5440217391304,1.0379647506534,,3,mean
mean_ensemble,HR,Deaths,2021-06-21,1.7086231884058,2.20978260869565,0.773208722741432,,3,mean
mean_ensemble,HU,Cases,2021-06-21,76.7430434782609,47.6444565217391,1.61074444081957,,3,mean
mean_ensemble,HU,Deaths,2021-06-21,3.92347826086956,2.93521739130435,1.33669086061324,,3,mean
mean_ensemble,IT,Cases,2021-06-21,578.672971014492,579.883043478261,0.99791324737397,,3,mean
mean_ensemble,IT,Deaths,2021-06-21,15.9942028985507,17.5623913043478,0.910707580840149,,3,mean
mean_ensemble,LT,Cases,2021-06-21,44.9016666666667,77.7879347826087,0.577231762125474,,3,mean
mean_ensemble,LT,Deaths,2021-06-21,2.41557971014493,3.39195652173913,0.712149372983827,,3,mean
mean_ensemble,LU,Deaths,2021-06-21,0.386521739130435,0.365217391304348,1.05833333333333,,3,mean
mean_ensemble,LV,Cases,2021-06-21,62.4196376811594,73.373152173913,0.850714952701078,,3,mean
mean_ensemble,LV,Deaths,2021-06-21,10.6297101449275,8.19326086956522,1.29737235444471,,3,mean
mean_ensemble,MT,Cases,2021-06-21,8.7113768115942,10.9117391304348,0.798349072266273,,3,mean
mean_ensemble,MT,Deaths,2021-06-21,0.033768115942029,0.0997826086956522,0.338416848220769,,3,mean
mean_ensemble,NO,Cases,2021-06-21,207.455,176.780760869565,1.17351570939932,,3,mean
mean_ensemble,PT,Cases,2021-06-21,928.726304347829,1029.47586956522,0.902135088159047,,3,mean
mean_ensemble,PT,Deaths,2021-06-21,2.67391304347826,3.92652173913044,0.680987709002324,,3,mean
mean_ensemble,RO,Cases,2021-06-21,55.7706521739131,50.2232608695652,1.11045462218702,,3,mean
mean_ensemble,RO,Deaths,2021-06-21,162.848043478261,337.991956521739,0.481810410975821,,3,mean
mean_ensemble,SI,Cases,2021-06-21,61.5424637681159,87.7553260869565,0.701296052471318,,3,mean
mean_ensemble,SI,Deaths,2021-06-21,1.95202898550725,2.185,0.893377110071966,,3,mean
mean_ensemble,SK,Cases,2021-06-21,125.982753623188,90.285652173913,1.39537956020425,,3,mean
mean_ensemble,SK,Deaths,2021-06-21,4.09159420289855,5.03282608695652,0.812981440686508,,3,mean
mean_ensemble,AT,Cases,2021-06-28,132.837246376812,126.159673913044,1.0529295317327,,3,mean
mean_ensemble,AT,Deaths,2021-06-28,2.78355072463768,4.21804347826087,0.659915133398616,,3,mean
mean_ensemble,BE,Cases,2021-06-28,2926.63528985507,3016.66206521739,0.970156824524582,,3,mean
mean_ensemble,BE,Deaths,2021-06-28,1.94920289855073,2.22195652173913,0.877246192479536,,3,mean
mean_ensemble,BG,Cases,2021-06-28,64.2986956521739,53.1870652173913,1.2089160285375,,3,mean
mean_ensemble,BG,Deaths,2021-06-28,17.1234057971015,14.0519565217391,1.21857805143438,,3,mean
mean_ensemble,CY,Cases,2021-06-28,1416.68876811594,2422.56413043478,0.584788964022878,,3,mean
mean_ensemble,CY,Deaths,2021-06-28,1.56963768115942,1.75032608695652,0.896768718044257,,3,mean
mean_ensemble,EE,Cases,2021-06-28,101.559927536232,82.371847826087,1.232944631164,,3,mean
mean_ensemble,EE,Deaths,2021-06-28,0.529782608695652,0.527608695652174,1.0041203131438,,3,mean
mean_ensemble,ES,Cases,2021-06-28,49081.0757246377,50533.5809782609,0.971256633203017,,3,mean
mean_ensemble,FI,Cases,2021-06-28,539.124565217391,590.951630434783,0.912298972456916,,3,mean
mean_ensemble,FI,Deaths,2021-06-28,1.04702898550725,1.18760869565217,0.881627921166636,,3,mean
mean_ensemble,GR,Cases,2021-06-28,6224.79391304348,5843.85576086957,1.06518609763175,,3,mean
mean_ensemble,GR,Deaths,2021-06-28,6.49014492753624,4.50673913043478,1.4400977601981,,3,mean
mean_ensemble,HR,Cases,2021-06-28,119.303550724638,123.123152173913,0.968977390670764,,3,mean
mean_ensemble,HR,Deaths,2021-06-28,1.17782608695653,1.47260869565217,0.79982285208149,,3,mean
mean_ensemble,HU,Cases,2021-06-28,25.8278260869565,40.5029347826087,0.637677892369582,,3,mean
mean_ensemble,HU,Deaths,2021-06-28,3.23905797101449,2.59304347826087,1.2491336910351,,3,mean
mean_ensemble,IT,Cases,2021-06-28,1689.55724637681,2090.73630434783,0.808115898147109,,3,mean
mean_ensemble,IT,Deaths,2021-06-28,21.1961594202899,18.514347826087,1.14485044892719,,3,mean
mean_ensemble,LT,Cases,2021-06-28,75.8807971014493,64.5366304347826,1.17577872582193,,3,mean
mean_ensemble,LT,Deaths,2021-06-28,0.98659420289855,1.50021739130435,0.657634159300584,,3,mean
mean_ensemble,LU,Deaths,2021-06-28,0.282536231884058,0.281739130434783,1.002829218107,,3,mean
mean_ensemble,LV,Cases,2021-06-28,99.6811594202899,63.9417391304348,1.55893725719518,,3,mean
mean_ensemble,LV,Deaths,2021-06-28,2.45355072463768,2.8195652173913,0.870187612438962,,3,mean
mean_ensemble,MT,Cases,2021-06-28,153.392536231884,149.792282608696,1.0240349740353,,3,mean
mean_ensemble,MT,Deaths,2021-06-28,0.0730434782608695,0.143695652173913,0.508320726172466,,3,mean
mean_ensemble,NO,Cases,2021-06-28,160.19847826087,120.072826086957,1.33417762770782,,3,mean
mean_ensemble,PT,Cases,2021-06-28,1455.49927536232,1590.0175,0.91539827414624,,3,mean
mean_ensemble,PT,Deaths,2021-06-28,2.47101449275362,3.5154347826087,0.702904376146599,,3,mean
mean_ensemble,RO,Cases,2021-06-28,44.5653623188406,41.4079347826087,1.07625175109091,,3,mean
mean_ensemble,RO,Deaths,2021-06-28,253.028115942029,199.396086956522,1.26897232440274,,3,mean
mean_ensemble,SI,Cases,2021-06-28,105.021956521739,105.043152173913,0.999798219572287,,3,mean
mean_ensemble,SI,Deaths,2021-06-28,1.78775362318841,1.70804347826087,1.04666751516694,,3,mean
mean_ensemble,SK,Cases,2021-06-28,51.2942028985507,69.8738043478261,0.734097754907009,,3,mean
mean_ensemble,SK,Deaths,2021-06-28,5.22753623188406,5.07717391304348,1.02961535716834,,3,mean
mean_ensemble,AT,Cases,2021-07-05,810.242391304348,686.378152173913,1.18046063782498,,3,mean
mean_ensemble,AT,Deaths,2021-07-05,3.59833333333334,4.85130434782609,0.741724920834081,,3,mean
mean_ensemble,BE,Cases,2021-07-05,4342.72043478261,4459.03293478261,0.973915308161842,,3,mean
mean_ensemble,BE,Deaths,2021-07-05,2.63028985507247,3.17065217391304,0.829573762998516,,3,mean
mean_ensemble,BG,Cases,2021-07-05,55.3094202898551,58.0157608695652,0.953351631709275,,3,mean
mean_ensemble,BG,Deaths,2021-07-05,9.10920289855073,7.94413043478261,1.14665827472658,,3,mean
mean_ensemble,CY,Cases,2021-07-05,1647.07601449275,916.98597826087,1.79618451485654,,3,mean
mean_ensemble,CY,Deaths,2021-07-05,2.23086956521739,1.71891304347826,1.29783735930188,,3,mean
mean_ensemble,EE,Cases,2021-07-05,47.1318115942029,88.3663043478261,0.533368594987105,,3,mean
mean_ensemble,EE,Deaths,2021-07-05,0.335652173913043,0.260869565217391,1.28666666666667,,3,mean
mean_ensemble,ES,Cases,2021-07-05,48378.7698550725,56978.1810869565,0.849075364151057,,3,mean
mean_ensemble,FI,Cases,2021-07-05,249.272898550724,260.152934782609,0.958178306767993,,3,mean
mean_ensemble,FI,Deaths,2021-07-05,0.808623188405797,1.04565217391304,0.773319473319473,,3,mean
mean_ensemble,GR,Cases,2021-07-05,7036.27420289855,8765.34163043478,0.802738158940364,,3,mean
mean_ensemble,GR,Deaths,2021-07-05,4.02927536231884,4.87717391304348,0.826149617413268,,3,mean
mean_ensemble,HR,Cases,2021-07-05,61.8772463768115,82.8646739130435,0.746726481319944,,3,mean
mean_ensemble,HR,Deaths,2021-07-05,2.10963768115942,1.1654347826087,1.81017223154884,,3,mean
mean_ensemble,HU,Cases,2021-07-05,62.349347826087,56.0541304347826,1.11230603958131,,3,mean
mean_ensemble,HU,Deaths,2021-07-05,2.39094202898551,2.20739130434783,1.08315278051343,,3,mean
mean_ensemble,IT,Cases,2021-07-05,3720.52231884058,6201.07652173913,0.599980068911831,,3,mean
mean_ensemble,IT,Deaths,2021-07-05,8.11391304347828,8.75934782608696,0.926314744496564,,3,mean
mean_ensemble,LT,Cases,2021-07-05,157.29963768116,170.214347826087,0.924126783024644,,3,mean
mean_ensemble,LT,Deaths,2021-07-05,0.771666666666667,0.922173913043478,0.836790821939337,,3,mean
mean_ensemble,LU,Deaths,2021-07-05,0.401086956521739,0.28195652173913,1.4225134926754,,3,mean
mean_ensemble,LV,Cases,2021-07-05,31.4226811594203,28.8047826086957,1.09088416275478,,3,mean
mean_ensemble,LV,Deaths,2021-07-05,3.22688405797101,2.65478260869565,1.21549841685774,,3,mean
mean_ensemble,MT,Cases,2021-07-05,745.662608695652,755.696413043478,0.986722440156337,,3,mean
mean_ensemble,MT,Deaths,2021-07-05,0.162753623188406,0.15195652173913,1.07105388650453,,3,mean
mean_ensemble,NO,Cases,2021-07-05,101.288913043478,87.5522826086957,1.15689631412783,,3,mean
mean_ensemble,PT,Cases,2021-07-05,1894.40913043478,1424.21663043478,1.33014113861068,,3,mean
mean_ensemble,PT,Deaths,2021-07-05,4.42014492753624,4.92739130434783,0.8970557957587,,3,mean
mean_ensemble,RO,Cases,2021-07-05,76.2808695652174,59.2235869565217,1.28801502045491,,3,mean
mean_ensemble,RO,Deaths,2021-07-05,325.36115942029,222.721739130435,1.46084149975924,,3,mean
mean_ensemble,SI,Cases,2021-07-05,168.749855072464,165.113913043478,1.02202080952456,,3,mean
mean_ensemble,SI,Deaths,2021-07-05,0.667608695652173,0.624565217391304,1.06891750783153,,3,mean
mean_ensemble,SK,Cases,2021-07-05,75.9208695652174,72.3485869565217,1.04937598312518,,3,mean
mean_ensemble,SK,Deaths,2021-07-05,1.31615942028986,1.75739130434783,0.748927923470229,,3,mean
mean_ensemble,AT,Cases,2021-07-12,327.243985507246,350.840326086957,0.932743362649075,,3,mean
mean_ensemble,AT,Deaths,2021-07-12,2.23608695652174,2.06304347826087,1.08387776606955,,3,mean
mean_ensemble,BE,Cases,2021-07-12,2407.04384057971,1063.78717391304,2.2627118465112,,3,mean
mean_ensemble,BE,Deaths,2021-07-12,3.35253623188406,2.76217391304348,1.2137310457002,,3,mean
mean_ensemble,BG,Cases,2021-07-12,171.404927536232,124.106739130435,1.38110894490659,,3,mean
mean_ensemble,BG,Deaths,2021-07-12,6.29478260869565,3.89565217391304,1.61584821428571,,3,mean
mean_ensemble,CY,Cases,2021-07-12,3400.44239130435,4974.56815217391,0.683565344223565,,3,mean
mean_ensemble,CY,Deaths,2021-07-12,1.7736231884058,2.47478260869565,0.716678379011478,,3,mean
mean_ensemble,EE,Cases,2021-07-12,44.7797101449275,62.7116304347826,0.714057501526714,,3,mean
mean_ensemble,EE,Deaths,2021-07-12,0.467173913043478,0.338913043478261,1.37844772289929,,3,mean
mean_ensemble,ES,Cases,2021-07-12,43061.6681884058,24402.0073913044,1.7646772864986,,3,mean
mean_ensemble,FI,Cases,2021-07-12,214.895072463768,292.293043478261,0.735204197494872,,3,mean
mean_ensemble,FI,Deaths,2021-07-12,0.728840579710145,1.01630434782609,0.717147950089127,,3,mean
mean_ensemble,GR,Cases,2021-07-12,11576.3962318841,1800.63163043478,6.42907524016382,,3,mean
mean_ensemble,GR,Deaths,2021-07-12,27.1051449275362,22.3554347826087,1.2124633312264,,3,mean
mean_ensemble,HR,Cases,2021-07-12,132.29231884058,168.344782608696,0.785841514008087,,3,mean
mean_ensemble,HR,Deaths,2021-07-12,0.988478260869566,1.26239130434783,0.783020492509041,,3,mean
mean_ensemble,HU,Cases,2021-07-12,137.245,128.35,1.0693026879626,,3,mean
mean_ensemble,HU,Deaths,2021-07-12,1.63376811594203,1.81163043478261,0.901821963560728,,3,mean
mean_ensemble,IT,Cases,2021-07-12,3458.46282608695,5360.78967391304,0.645140555115734,,3,mean
mean_ensemble,IT,Deaths,2021-07-12,26.0998550724638,14.230652173913,1.8340589562233,,3,mean
mean_ensemble,LT,Cases,2021-07-12,134.230144927536,516.537173913044,0.259865410868053,,3,mean
mean_ensemble,LT,Deaths,2021-07-12,2.03108695652174,1.05684782608696,1.9218348246426,,3,mean
mean_ensemble,LU,Deaths,2021-07-12,1.16014492753623,0.516630434782609,2.24559927063609,,3,mean
mean_ensemble,LV,Cases,2021-07-12,66.3252898550725,66.9521739130435,0.990636837889907,,3,mean
mean_ensemble,LV,Deaths,2021-07-12,1.27072463768116,1.6604347826087,0.76529632539059,,3,mean
mean_ensemble,MT,Cases,2021-07-12,2220.73210144928,1032.56369565217,2.15069744442898,,3,mean
mean_ensemble,MT,Deaths,2021-07-12,2.77057971014493,0.312608695652174,8.86277236903106,,3,mean
mean_ensemble,NO,Cases,2021-07-12,122.51963768116,106.733913043478,1.14789792847987,,3,mean
mean_ensemble,PT,Cases,2021-07-12,3053.50681159421,1518.91195652174,2.0103250872991,,3,mean
mean_ensemble,PT,Deaths,2021-07-12,5.45514492753623,7.16510869565217,0.76134852369322,,3,mean
mean_ensemble,RO,Cases,2021-07-12,220.166739130435,197.038043478261,1.11738187836161,,3,mean
mean_ensemble,RO,Deaths,2021-07-12,157.870507246377,137.697608695652,1.14650144430113,,3,mean
mean_ensemble,SI,Cases,2021-07-12,4828.66101449275,103.926739130435,46.4621622394259,,3,mean
mean_ensemble,SI,Deaths,2021-07-12,2.93297101449275,0.681521739130435,4.30356193514088,,3,mean
mean_ensemble,SK,Cases,2021-07-12,101.267753623188,105.485434782609,0.96001645944663,,3,mean
mean_ensemble,SK,Deaths,2021-07-12,1.97355072463768,1.95369565217391,1.01016282778829,,3,mean
mean_ensemble,AT,Cases,2021-07-19,1409.59253623188,451.103695652174,3.12476388426389,,3,mean
mean_ensemble,AT,Deaths,2021-07-19,3.68826086956522,2.15847826086957,1.70873199717998,,3,mean
mean_ensemble,BE,Cases,2021-07-19,2201.89333333333,1780.09195652174,1.23695482430907,,3,mean
mean_ensemble,BE,Deaths,2021-07-19,2.73311594202898,4.24586956521739,0.643711706176505,,3,mean
mean_ensemble,BG,Cases,2021-07-19,422.556304347826,353.979239130435,1.19373188491465,,3,mean
mean_ensemble,BG,Deaths,2021-07-19,5.91123188405797,5.17608695652174,1.14202715945681,,3,mean
mean_ensemble,CY,Cases,2021-07-19,976.796811594203,1005.00880434783,0.971928611339947,,3,mean
mean_ensemble,CY,Deaths,2021-07-19,11.578115942029,6.85902173913043,1.68801271994464,,3,mean
mean_ensemble,EE,Cases,2021-07-19,234.721086956522,268.162282608696,0.875294932132677,,3,mean
mean_ensemble,EE,Deaths,2021-07-19,0.505579710144927,0.388695652173913,1.30070842654735,,3,mean
mean_ensemble,ES,Cases,2021-07-19,122196.657246377,103776.151195652,1.17750230509123,,3,mean
mean_ensemble,FI,Cases,2021-07-19,637.33884057971,591.302282608696,1.07785621555173,,3,mean
mean_ensemble,FI,Deaths,2021-07-19,2.11826086956522,1.65630434782609,1.27890799317496,,3,mean
mean_ensemble,GR,Cases,2021-07-19,3656.43963768116,5493.16565217391,0.665634329857525,,3,mean
mean_ensemble,GR,Deaths,2021-07-19,5.90471014492753,28.6952173913044,0.205773319797775,,3,mean
mean_ensemble,HR,Cases,2021-07-19,111.848768115942,115.569891304348,0.967801966875558,,3,mean
mean_ensemble,HR,Deaths,2021-07-19,1.48471014492754,2.15478260869565,0.689030131826742,,3,mean
mean_ensemble,HU,Cases,2021-07-19,116.306956521739,80.7253260869565,1.44077406880282,,3,mean
mean_ensemble,HU,Deaths,2021-07-19,1.29514492753623,1.87086956521739,0.692268959640561,,3,mean
mean_ensemble,IT,Cases,2021-07-19,5627.99115942029,3424.24347826087,1.64357213356764,,3,mean
mean_ensemble,IT,Deaths,2021-07-19,27.0002173913044,36.1002173913044,0.747923955654851,,3,mean
mean_ensemble,LT,Cases,2021-07-19,455.204710144927,526.706413043478,0.864247517919155,,3,mean
mean_ensemble,LT,Deaths,2021-07-19,2.0313768115942,1.07521739130435,1.88927079121175,,3,mean
mean_ensemble,LU,Deaths,2021-07-19,0.502028985507246,0.422608695652174,1.18792866941015,,3,mean
mean_ensemble,LV,Cases,2021-07-19,124.037101449276,112.92652173913,1.09838769085451,,3,mean
mean_ensemble,LV,Deaths,2021-07-19,1.00710144927536,0.869347826086957,1.15845628073685,,3,mean
mean_ensemble,MT,Cases,2021-07-19,554.42268115942,242.440652173913,2.28683876316959,,3,mean
mean_ensemble,MT,Deaths,2021-07-19,0.683840579710145,0.565760869565217,1.20870957412744,,3,mean
mean_ensemble,NO,Cases,2021-07-19,352.275797101449,367.976956521739,0.957331134077788,,3,mean
mean_ensemble,PT,Cases,2021-07-19,5468.11840579711,4573.97858695652,1.1954840412656,,3,mean
mean_ensemble,PT,Deaths,2021-07-19,11.1134782608696,9.33347826086957,1.19071132435832,,3,mean
mean_ensemble,RO,Cases,2021-07-19,340.230724637681,209.657173913044,1.62279552990061,,3,mean
mean_ensemble,RO,Deaths,2021-07-19,20.3363768115942,21.7519565217391,0.934921729512921,,3,mean
mean_ensemble,SI,Cases,2021-07-19,131.725507246377,103.675760869565,1.27055259726621,,3,mean
mean_ensemble,SI,Deaths,2021-07-19,0.486376811594202,0.498913043478261,0.974872912127813,,3,mean
mean_ensemble,SK,Cases,2021-07-19,171.940652173913,168.274565217391,1.02178634038831,,3,mean
mean_ensemble,SK,Deaths,2021-07-19,2.18514492753623,2.52521739130435,0.86532943067034,,3,mean
mean_ensemble,AT,Cases,2021-07-26,180.135942028986,212.783369565217,0.846569646852853,,3,mean
mean_ensemble,AT,Deaths,2021-07-26,5.87304347826087,4.73347826086957,1.24074584366676,,3,mean
mean_ensemble,BE,Cases,2021-07-26,718.199275362322,1686.53576086957,0.425842897628227,,3,mean
mean_ensemble,BE,Deaths,2021-07-26,4.85891304347826,4.57195652173913,1.062764490514,,3,mean
mean_ensemble,BG,Cases,2021-07-26,647.040217391304,758.831739130435,0.852679433431138,,3,mean
mean_ensemble,BG,Deaths,2021-07-26,4.82210144927536,5.87673913043478,0.820540327254344,,3,mean
mean_ensemble,CY,Cases,2021-07-26,1383.0068115942,1416.13510869565,0.976606542060833,,3,mean
mean_ensemble,CY,Deaths,2021-07-26,4.10173913043478,2.7204347826087,1.50775131852325,,3,mean
mean_ensemble,EE,Cases,2021-07-26,261.051594202898,267.874130434783,0.974530813330833,,3,mean
mean_ensemble,EE,Deaths,2021-07-26,1.29913043478261,1.18695652173913,1.09450549450549,,3,mean
mean_ensemble,ES,Cases,2021-07-26,16383.2773188405,45212.9736956522,0.362357880486326,,3,mean
mean_ensemble,FI,Cases,2021-07-26,576.875434782609,594.285760869565,0.970703780515485,,3,mean
mean_ensemble,FI,Deaths,2021-07-26,5.20130434782609,4.14565217391304,1.25464079706345,,3,mean
mean_ensemble,GR,Cases,2021-07-26,964.749927536233,1112.8727173913,0.866900511136362,,3,mean
mean_ensemble,GR,Deaths,2021-07-26,15.1127536231884,7.39826086956522,2.04274408399937,,3,mean
mean_ensemble,HR,Cases,2021-07-26,213.730434782608,156.669130434783,1.36421536386569,,3,mean
mean_ensemble,HR,Deaths,2021-07-26,2.46963768115942,2.27782608695652,1.08420818222307,,3,mean
mean_ensemble,HU,Cases,2021-07-26,56.6400724637681,104.024782608696,0.544486333384882,,3,mean
mean_ensemble,HU,Deaths,2021-07-26,1.17927536231884,1.42717391304348,0.826301091647627,,3,mean
mean_ensemble,IT,Cases,2021-07-26,13398.3919565217,10213.1280434783,1.31187936736752,,3,mean
mean_ensemble,IT,Deaths,2021-07-26,19.8275362318841,37.0515217391304,0.535134194257506,,3,mean
mean_ensemble,LT,Cases,2021-07-26,266.663043478261,161.396956521739,1.6522185376051,,3,mean
mean_ensemble,LT,Deaths,2021-07-26,1.40043478260869,1.82608695652174,0.766904761904761,,3,mean
mean_ensemble,LU,Deaths,2021-07-26,0.460797101449275,0.460652173913044,1.00031461381155,,3,mean
mean_ensemble,LV,Cases,2021-07-26,112.226231884058,74.4944565217391,1.50650447193085,,3,mean
mean_ensemble,LV,Deaths,2021-07-26,0.925507246376811,1.19608695652174,0.773779231794499,,3,mean
mean_ensemble,MT,Cases,2021-07-26,1441.7997826087,672.979782608696,2.14241173341017,,3,mean
mean_ensemble,MT,Deaths,2021-07-26,0.470579710144927,0.430108695652174,1.09409485300312,,3,mean
mean_ensemble,NO,Cases,2021-07-26,471.568405797101,733.943369565218,0.6425133400639,,3,mean
mean_ensemble,PT,Cases,2021-07-26,3054.68398550725,4875.50315217391,0.626537177838806,,3,mean
mean_ensemble,PT,Deaths,2021-07-26,9.4068115942029,7.11282608695652,1.32251393176238,,3,mean
mean_ensemble,RO,Cases,2021-07-26,148.815797101449,145.755108695652,1.02099884136609,,3,mean
mean_ensemble,RO,Deaths,2021-07-26,6.51833333333334,6.02021739130435,1.08274052407949,,3,mean
mean_ensemble,SI,Cases,2021-07-26,120.416956521739,154.420760869565,0.779797715304951,,3,mean
mean_ensemble,SI,Deaths,2021-07-26,0.803623188405797,0.682826086956522,1.17690756659238,,3,mean
mean_ensemble,SK,Cases,2021-07-26,97.973115942029,122.723369565217,0.79832485278987,,3,mean
mean_ensemble,SK,Deaths,2021-07-26,1.78275362318841,1.95369565217391,0.912503245428582,,3,mean
mean_ensemble,AT,Cases,2021-08-02,352.417536231884,343.305,1.02654355815349,,3,mean
mean_ensemble,AT,Deaths,2021-08-02,5.11978260869565,5.79391304347826,0.883648506678673,,3,mean
mean_ensemble,BE,Cases,2021-08-02,836.656231884055,1028.22065217391,0.8136932769393,,3,mean
mean_ensemble,BE,Deaths,2021-08-02,4.61594202898551,3.90478260869565,1.18212522733177,,3,mean
mean_ensemble,BG,Cases,2021-08-02,370.230434782609,1362.32695652174,0.271763274601768,,3,mean
mean_ensemble,BG,Deaths,2021-08-02,18.633768115942,21.134347826087,0.881681718748929,,3,mean
mean_ensemble,CY,Cases,2021-08-02,847.372173913044,739.556304347826,1.14578453179477,,3,mean
mean_ensemble,CY,Deaths,2021-08-02,3.02224637681159,2.66478260869565,1.13414368847555,,3,mean
mean_ensemble,EE,Cases,2021-08-02,755.259855072463,117.463695652174,6.42973006152379,,3,mean
mean_ensemble,EE,Deaths,2021-08-02,1.35202898550725,1.44782608695652,0.933833833833834,,3,mean
mean_ensemble,ES,Cases,2021-08-02,12224.7925362319,25597.9231521739,0.477569702180846,,3,mean
mean_ensemble,FI,Cases,2021-08-02,392.927971014493,446.029347826087,0.880946451011786,,3,mean
mean_ensemble,FI,Deaths,2021-08-02,3.39572463768116,4.03847826086957,0.840842619009168,,3,mean
mean_ensemble,GR,Cases,2021-08-02,1369.34463768116,1443.62195652174,0.948547943244404,,3,mean
mean_ensemble,GR,Deaths,2021-08-02,18.1586231884058,21.7563043478261,0.834637303197141,,3,mean
mean_ensemble,HR,Cases,2021-08-02,148.14884057971,164.940326086957,0.898196602943578,,3,mean
mean_ensemble,HR,Deaths,2021-08-02,3.45753623188406,2.70978260869565,1.27594598208317,,3,mean
mean_ensemble,HU,Cases,2021-08-02,93.5247101449275,104.167934782609,0.897826287332154,,3,mean
mean_ensemble,HU,Deaths,2021-08-02,1.245,1.63826086956522,0.759952229299363,,3,mean
mean_ensemble,IT,Cases,2021-08-02,3330.3565942029,2669.0102173913,1.24778712816543,,3,mean
mean_ensemble,IT,Deaths,2021-08-02,26.0099275362319,32.014347826087,0.812445959465638,,3,mean
mean_ensemble,LT,Cases,2021-08-02,267.301304347826,366.099130434783,0.730133677264889,,3,mean
mean_ensemble,LT,Deaths,2021-08-02,4.93304347826086,3.29956521739131,1.49505863750165,,3,mean
mean_ensemble,LU,Deaths,2021-08-02,1.04391304347826,1.17891304347826,0.885487737414715,,3,mean
mean_ensemble,LV,Cases,2021-08-02,46.8613043478261,80.6966304347826,0.580709554975761,,3,mean
mean_ensemble,LV,Deaths,2021-08-02,2.31942028985507,1.58086956521739,1.46718005133847,,3,mean
mean_ensemble,MT,Cases,2021-08-02,1712.6463768116,145.071304347826,11.8055488954957,,3,mean
mean_ensemble,MT,Deaths,2021-08-02,1.54782608695652,1.57152173913043,0.984921842578503,,3,mean
mean_ensemble,NO,Cases,2021-08-02,417.467753623188,626.123586956522,0.666749763656767,,3,mean
mean_ensemble,PT,Cases,2021-08-02,1918.1634057971,1405.26554347826,1.36498287793305,,3,mean
mean_ensemble,PT,Deaths,2021-08-02,14.4532608695652,15.5460869565217,0.929704105604654,,3,mean
mean_ensemble,RO,Cases,2021-08-02,251.909565217391,213.54152173913,1.17967486213352,,3,mean
mean_ensemble,RO,Deaths,2021-08-02,4.66434782608696,5.73413043478261,0.813435947984987,,3,mean
mean_ensemble,SI,Cases,2021-08-02,189.740724637681,239.43097826087,0.792465227414938,,3,mean
mean_ensemble,SI,Deaths,2021-08-02,0.538333333333333,0.647391304347826,0.831542422207298,,3,mean
mean_ensemble,SK,Cases,2021-08-02,79.1157971014493,74.26,1.06538913414287,,3,mean
mean_ensemble,SK,Deaths,2021-08-02,3.81072463768116,2.7704347826087,1.37549696589245,,3,mean
mean_ensemble,AT,Cases,2021-08-09,1091.79123188406,863.077608695652,1.26499774861968,,3,mean
mean_ensemble,AT,Deaths,2021-08-09,1.87876811594203,1.74239130434783,1.07826991058432,,3,mean
mean_ensemble,BE,Cases,2021-08-09,833.906304347826,1023.29891304348,0.814919564282186,,3,mean
mean_ensemble,BE,Deaths,2021-08-09,4.62,4.62782608695652,0.998308906426155,,3,mean
mean_ensemble,BG,Cases,2021-08-09,1038.27115942029,903.183152173913,1.14956878560149,,3,mean
mean_ensemble,BG,Deaths,2021-08-09,11.8804347826087,20.4136956521739,0.581983536202251,,3,mean
mean_ensemble,CY,Cases,2021-08-09,241.733188405797,261.776847826087,0.92343226841204,,3,mean
mean_ensemble,CY,Deaths,2021-08-09,4.65057971014493,3.16304347826087,1.47028636884307,,3,mean
mean_ensemble,EE,Cases,2021-08-09,249.938115942029,134.623586956522,1.85657002307292,,3,mean
mean_ensemble,EE,Deaths,2021-08-09,1.94760869565217,1.35434782608696,1.43804173354735,,3,mean
mean_ensemble,ES,Cases,2021-08-09,10003.7141304348,11695.437173913,0.855351876264048,,3,mean
mean_ensemble,FI,Cases,2021-08-09,1481.85528985507,837.8725,1.76859282272073,,3,mean
mean_ensemble,FI,Deaths,2021-08-09,2.39384057971015,1.5445652173913,1.54984752521698,,3,mean
mean_ensemble,GR,Cases,2021-08-09,2428.1415942029,1932.97336956522,1.25616919117156,,3,mean
mean_ensemble,GR,Deaths,2021-08-09,23.2003623188406,23.8134782608696,0.974253406608119,,3,mean
mean_ensemble,HR,Cases,2021-08-09,352.599710144927,351.571739130435,1.00292392959979,,3,mean
mean_ensemble,HR,Deaths,2021-08-09,1.84253623188406,1.83130434782609,1.00613327002216,,3,mean
mean_ensemble,HU,Cases,2021-08-09,99.1434782608696,75.1431521739131,1.31939472051172,,3,mean
mean_ensemble,HU,Deaths,2021-08-09,1.06144927536232,1.56673913043478,0.677489477822487,,3,mean
mean_ensemble,IT,Cases,2021-08-09,4083.51768115942,2783.4297826087,1.46708126307833,,3,mean
mean_ensemble,IT,Deaths,2021-08-09,40.7649275362319,30.8723913043478,1.32043310588937,,3,mean
mean_ensemble,LT,Cases,2021-08-09,364.831376811594,368.705326086957,0.989493101940032,,3,mean
mean_ensemble,LT,Deaths,2021-08-09,9.99311594202899,10.4213043478261,0.958912206043918,,3,mean
mean_ensemble,LU,Deaths,2021-08-09,1.31717391304348,1.0395652173913,1.26704307820995,,3,mean
mean_ensemble,LV,Cases,2021-08-09,79.1910144927536,101.38347826087,0.781103744428529,,3,mean
mean_ensemble,LV,Deaths,2021-08-09,1.13942028985507,1.37021739130435,0.831561690200434,,3,mean
mean_ensemble,MT,Cases,2021-08-09,43.4102898550725,50.8315217391304,0.854003350083752,,3,mean
mean_ensemble,MT,Deaths,2021-08-09,2.65202898550725,2.54652173913043,1.04143190484321,,3,mean
mean_ensemble,NO,Cases,2021-08-09,261.698623188406,311.764130434783,0.839412227517783,,3,mean
mean_ensemble,PT,Cases,2021-08-09,743.388623188404,1179.09456521739,0.630474132540289,,3,mean
mean_ensemble,PT,Deaths,2021-08-09,5.21898550724637,5.63695652173913,0.925851651883274,,3,mean
mean_ensemble,RO,Cases,2021-08-09,366.774130434783,310.172934782609,1.1824827033727,,3,mean
mean_ensemble,RO,Deaths,2021-08-09,6.36934782608696,8.90869565217392,0.714958516349439,,3,mean
mean_ensemble,SI,Cases,2021-08-09,350.751956521739,390.104565217391,0.89912292189218,,3,mean
mean_ensemble,SI,Deaths,2021-08-09,0.663695652173913,1.04630434782609,0.634323706627883,,3,mean
mean_ensemble,SK,Cases,2021-08-09,189.525289855073,192.321630434783,0.985460082813418,,3,mean
mean_ensemble,SK,Deaths,2021-08-09,1.45739130434783,1.3154347826087,1.10791604693439,,3,mean
mean_ensemble,AT,Cases,2021-08-16,566.67536231884,496.515108695652,1.14130537499151,,3,mean
mean_ensemble,AT,Deaths,2021-08-16,3.12427536231884,4.45945652173913,0.700595542772646,,3,mean
mean_ensemble,BE,Cases,2021-08-16,708.822608695653,1130.55913043478,0.626966418309371,,3,mean
mean_ensemble,BE,Deaths,2021-08-16,5.26746376811594,6.11445652173913,0.861477017522029,,3,mean
mean_ensemble,BG,Cases,2021-08-16,1857.87862318841,1100.30858695652,1.68850688362557,,3,mean
mean_ensemble,BG,Deaths,2021-08-16,22.258768115942,15.2673913043478,1.45792871042764,,3,mean
mean_ensemble,CY,Cases,2021-08-16,242.600869565217,181.02902173913,1.34012141939768,,3,mean
mean_ensemble,CY,Deaths,2021-08-16,4.52289855072463,3.93304347826087,1.14997420591053,,3,mean
mean_ensemble,EE,Cases,2021-08-16,242.378840579711,212.408586956522,1.14109718468832,,3,mean
mean_ensemble,EE,Deaths,2021-08-16,0.995942028985507,0.813695652173913,1.22397363968296,,3,mean
mean_ensemble,ES,Cases,2021-08-16,5087.79840579711,4669.65608695652,1.08954456410796,,3,mean
mean_ensemble,FI,Cases,2021-08-16,1715.29623188406,1658.03847826087,1.03453342873155,,3,mean
mean_ensemble,FI,Deaths,2021-08-16,4.95231884057971,2.09423913043478,2.36473417414924,,3,mean
mean_ensemble,GR,Cases,2021-08-16,737.892608695649,1788.5625,0.412561824759073,,3,mean
mean_ensemble,GR,Deaths,2021-08-16,21.0468840579711,25.1284782608696,0.837570975825686,,3,mean
mean_ensemble,HR,Cases,2021-08-16,375.786376811594,256.264565217391,1.46640007171031,,3,mean
mean_ensemble,HR,Deaths,2021-08-16,2.78985507246377,3.74739130434783,0.744479251266582,,3,mean
mean_ensemble,HU,Cases,2021-08-16,144.053695652174,152.563369565217,0.944222037456994,,3,mean
mean_ensemble,HU,Deaths,2021-08-16,2.11528985507246,2.54684782608696,0.830552117565049,,3,mean
mean_ensemble,IT,Cases,2021-08-16,4962.14152173913,4751.71804347826,1.044283662527,,3,mean
mean_ensemble,IT,Deaths,2021-08-16,30.4821014492754,33.6655434782609,0.905439161229013,,3,mean
mean_ensemble,LT,Cases,2021-08-16,355.509275362319,628.653913043478,0.565508729025808,,3,mean
mean_ensemble,LT,Deaths,2021-08-16,4.99623188405797,5.3345652173913,0.936577149299754,,3,mean
mean_ensemble,LU,Deaths,2021-08-16,2.8568115942029,0.87945652173913,3.2483829769703,,3,mean
mean_ensemble,LV,Cases,2021-08-16,62.310072463768,71.7313043478261,0.868659409309296,,3,mean
mean_ensemble,LV,Deaths,2021-08-16,1.72297101449275,1.3820652173913,1.2466640450911,,3,mean
mean_ensemble,MT,Cases,2021-08-16,253.61268115942,58.9530434782609,4.30194382166106,,3,mean
mean_ensemble,MT,Deaths,2021-08-16,0.747391304347826,0.901086956521739,0.829433051869723,,3,mean
mean_ensemble,NO,Cases,2021-08-16,1071.19753623188,859.781195652174,1.24589551579963,,3,mean
mean_ensemble,PT,Cases,2021-08-16,801.123985507245,960.03652173913,0.834472405337235,,3,mean
mean_ensemble,PT,Deaths,2021-08-16,4.99521739130435,5.95717391304348,0.83852132978141,,3,mean
mean_ensemble,RO,Cases,2021-08-16,408.49615942029,439.516086956522,0.929422543436275,,3,mean
mean_ensemble,RO,Deaths,2021-08-16,27.3227536231884,23.6378260869565,1.15589113494093,,3,mean
mean_ensemble,SI,Cases,2021-08-16,329.156449275363,381.105543478261,0.863688432005552,,3,mean
mean_ensemble,SI,Deaths,2021-08-16,2.40384057971015,2.83619565217391,0.84755809348612,,3,mean
mean_ensemble,SK,Cases,2021-08-16,124.346086956522,171.049456521739,0.726959848251363,,3,mean
mean_ensemble,SK,Deaths,2021-08-16,1.48260869565217,1.79217391304348,0.827268316351286,,3,mean
mean_ensemble,AT,Cases,2021-08-23,970.454275362317,798.340108695652,1.21559002835003,,3,mean
mean_ensemble,AT,Deaths,2021-08-23,7.27130434782609,8.67673913043478,0.838022699371132,,3,mean
mean_ensemble,BE,Cases,2021-08-23,725.292246376808,1103.40793478261,0.657320129313466,,3,mean
mean_ensemble,BE,Deaths,2021-08-23,4.67210144927536,5.29478260869565,0.882397219028849,,3,mean
mean_ensemble,BG,Cases,2021-08-23,2766.83347826087,1858.0675,1.48909201536589,,3,mean
mean_ensemble,BG,Deaths,2021-08-23,29.1452898550725,25.1067391304348,1.16085524701781,,3,mean
mean_ensemble,CY,Cases,2021-08-23,126.224855072464,157.011956521739,0.803918745226178,,3,mean
mean_ensemble,CY,Deaths,2021-08-23,1.69304347826087,1.97532608695652,0.857095691410332,,3,mean
mean_ensemble,EE,Cases,2021-08-23,164.848043478261,95.4896739130435,1.7263441869995,,3,mean
mean_ensemble,EE,Deaths,2021-08-23,3.04869565217391,2.74260869565217,1.11160431198478,,3,mean
mean_ensemble,ES,Cases,2021-08-23,4142.85550724638,3058.09086956522,1.35471955672638,,3,mean
mean_ensemble,FI,Cases,2021-08-23,559.351449275362,462.824347826087,1.20856098410265,,3,mean
mean_ensemble,FI,Deaths,2021-08-23,2.49557971014493,1.84510869565217,1.35253804614629,,3,mean
mean_ensemble,GR,Cases,2021-08-23,1591.00007246377,1429.32847826087,1.11311017492607,,3,mean
mean_ensemble,GR,Deaths,2021-08-23,31.3771014492754,39.8929347826087,0.786532793845848,,3,mean
mean_ensemble,HR,Cases,2021-08-23,246.568768115942,228.02652173913,1.08131618302727,,3,mean
mean_ensemble,HR,Deaths,2021-08-23,3.4681884057971,4.70195652173913,0.737605375498945,,3,mean
mean_ensemble,HU,Cases,2021-08-23,347.106594202899,366.666304347826,0.946655283256209,,3,mean
mean_ensemble,HU,Deaths,2021-08-23,2.05666666666666,2.36673913043478,0.868987477419552,,3,mean
mean_ensemble,IT,Cases,2021-08-23,2186.13565217392,3375.17,0.647711271483782,,3,mean
mean_ensemble,IT,Deaths,2021-08-23,32.7257246376812,30.0671739130435,1.08842037274026,,3,mean
mean_ensemble,LT,Cases,2021-08-23,181.286521739131,342.673586956522,0.5290355855823,,3,mean
mean_ensemble,LT,Deaths,2021-08-23,8.06884057971015,5.47,1.47510796704025,,3,mean
mean_ensemble,LU,Deaths,2021-08-23,1.66144927536232,1.5220652173913,1.09157561474922,,3,mean
mean_ensemble,LV,Cases,2021-08-23,180.503985507247,244.254130434783,0.739000749694354,,3,mean
mean_ensemble,LV,Deaths,2021-08-23,1.80891304347826,1.51347826086957,1.19520252800919,,3,mean
mean_ensemble,MT,Cases,2021-08-23,44.9967391304348,43.5347826086957,1.03358134425247,,3,mean
mean_ensemble,MT,Deaths,2021-08-23,2.26028985507246,2.73413043478261,0.826694230208582,,3,mean
mean_ensemble,NO,Cases,2021-08-23,3534.36565217391,3222.05663043478,1.09692847071313,,3,mean
mean_ensemble,PT,Cases,2021-08-23,1103.83434782609,1226.91684782609,0.899681465603733,,3,mean
mean_ensemble,PT,Deaths,2021-08-23,4.81217391304348,5.22130434782609,0.921642101757016,,3,mean
mean_ensemble,RO,Cases,2021-08-23,491.017101449275,534.809239130435,0.918116340412588,,3,mean
mean_ensemble,RO,Deaths,2021-08-23,15.5215217391304,23.1921739130435,0.669256870758502,,3,mean
mean_ensemble,SI,Cases,2021-08-23,235.983333333333,230.19902173913,1.02512743777321,,3,mean
mean_ensemble,SI,Deaths,2021-08-23,2.14782608695652,1.93163043478261,1.11192392099488,,3,mean
mean_ensemble,SK,Cases,2021-08-23,399.239057971014,457.053260869565,0.873506639491956,,3,mean
mean_ensemble,SK,Deaths,2021-08-23,2.14021739130435,2.16,0.990841384863124,,3,mean
mean_ensemble,AT,Cases,2021-08-30,993.797971014489,642.335217391304,1.54716407275716,,3,mean
mean_ensemble,AT,Deaths,2021-08-30,20.3897826086957,14.3321739130435,1.42265805120738,,3,mean
mean_ensemble,BE,Cases,2021-08-30,807.618478260871,936.045760869565,0.862798072511553,,3,mean
mean_ensemble,BE,Deaths,2021-08-30,9.4745652173913,7.67760869565218,1.23405158988589,,3,mean
mean_ensemble,BG,Cases,2021-08-30,1895.12210144927,2363.34521739131,0.801881201063439,,3,mean
mean_ensemble,BG,Deaths,2021-08-30,32.2527536231884,34.3169565217391,0.939848893731498,,3,mean
mean_ensemble,CY,Cases,2021-08-30,114.508115942029,123.23152173913,0.92921124665191,,3,mean
mean_ensemble,CY,Deaths,2021-08-30,1.98072463768116,1.52760869565217,1.29661780750439,,3,mean
mean_ensemble,EE,Cases,2021-08-30,92.2481159420296,152.798152173913,0.60372533718231,,3,mean
mean_ensemble,EE,Deaths,2021-08-30,4.76695652173913,3.58152173913044,1.33098634294385,,3,mean
mean_ensemble,ES,Cases,2021-08-30,3254.25253623188,2742.74934782609,1.18649286665995,,3,mean
mean_ensemble,FI,Cases,2021-08-30,212.689782608696,194.869347826087,1.09144811629643,,3,mean
mean_ensemble,FI,Deaths,2021-08-30,1.40471014492754,1.45369565217391,0.966302776531579,,3,mean
mean_ensemble,GR,Cases,2021-08-30,2707.84086956521,2282.15608695652,1.1865274619215,,3,mean
mean_ensemble,GR,Deaths,2021-08-30,17.4179710144927,22.0273913043478,0.790741435235444,,3,mean
mean_ensemble,HR,Cases,2021-08-30,318.036666666667,289.008043478261,1.10044226741596,,3,mean
mean_ensemble,HR,Deaths,2021-08-30,11.5585507246377,10.0080434782609,1.15492611015777,,3,mean
mean_ensemble,HU,Cases,2021-08-30,274.298768115942,266.910326086957,1.02768136451408,,3,mean
mean_ensemble,HU,Deaths,2021-08-30,5.12891304347826,5.03391304347826,1.01887199861807,,3,mean
mean_ensemble,IT,Cases,2021-08-30,7956.4597826087,5087.1497826087,1.56403096480651,,3,mean
mean_ensemble,IT,Deaths,2021-08-30,35.8834782608696,27.9810869565217,1.28241902527328,,3,mean
mean_ensemble,LT,Cases,2021-08-30,603.690072463768,393.87097826087,1.53271021675512,,3,mean
mean_ensemble,LT,Deaths,2021-08-30,8.04311594202899,7.18608695652174,1.11926226202001,,3,mean
mean_ensemble,LU,Deaths,2021-08-30,0.98,1.04891304347826,0.934300518134715,,3,mean
mean_ensemble,LV,Cases,2021-08-30,249.936521739131,361.346086956522,0.691681827370124,,3,mean
mean_ensemble,LV,Deaths,2021-08-30,5.21572463768116,6.10239130434783,0.854701768135561,,3,mean
mean_ensemble,MT,Cases,2021-08-30,37.8018840579711,31.3356521739131,1.20635383135383,,3,mean
mean_ensemble,MT,Deaths,2021-08-30,0.971159420289855,0.923695652173913,1.05138463952303,,3,mean
mean_ensemble,NO,Cases,2021-08-30,2158.79601449275,1300.93434782609,1.65941964565713,,3,mean
mean_ensemble,PT,Cases,2021-08-30,2823.54833333334,2006.90858695652,1.40691427187287,,3,mean
mean_ensemble,PT,Deaths,2021-08-30,4.22927536231884,5.33173913043478,0.793226236103184,,3,mean
mean_ensemble,RO,Cases,2021-08-30,687.68311594203,647.01347826087,1.06285748140901,,3,mean
mean_ensemble,RO,Deaths,2021-08-30,25.466884057971,19.4858695652174,1.30694111303248,,3,mean
mean_ensemble,SI,Cases,2021-08-30,238.958188405797,317.844130434783,0.751809347804924,,3,mean
mean_ensemble,SI,Deaths,2021-08-30,3.04398550724638,2.37891304347826,1.27956989247312,,3,mean
mean_ensemble,SK,Cases,2021-08-30,1243.87275362319,1418.36184782609,0.876978435037337,,3,mean
mean_ensemble,SK,Deaths,2021-08-30,2.07065217391304,1.90804347826087,1.08522274125555,,3,mean
mean_ensemble,AT,Cases,2021-09-06,700.080652173912,720.178043478261,0.972093857225521,,3,mean
mean_ensemble,AT,Deaths,2021-09-06,18.6205072463768,23.5234782608696,0.791571171570802,,3,mean
mean_ensemble,BE,Cases,2021-09-06,690.973333333336,1013.43097826087,0.68181587908345,,3,mean
mean_ensemble,BE,Deaths,2021-09-06,10.0114492753623,10.579347826087,0.946320079454776,,3,mean
mean_ensemble,BG,Cases,2021-09-06,724.57731884058,847.94347826087,0.854511341164728,,3,mean
mean_ensemble,BG,Deaths,2021-09-06,30.8692028985507,37.445,0.824387846135684,,3,mean
mean_ensemble,CY,Cases,2021-09-06,91.753188405797,92.6039130434783,0.990813297087328,,3,mean
mean_ensemble,CY,Deaths,2021-09-06,1.85985507246377,1.72978260869565,1.07519584432994,,3,mean
mean_ensemble,EE,Cases,2021-09-06,123.185652173913,136.84652173913,0.900173790377666,,3,mean
mean_ensemble,EE,Deaths,2021-09-06,2.42833333333334,1.88652173913043,1.28720135207805,,3,mean
mean_ensemble,ES,Cases,2021-09-06,2854.84949275363,3376.94804347826,0.845393371765687,,3,mean
mean_ensemble,FI,Cases,2021-09-06,588.371449275363,225.214782608696,2.61249036346625,,3,mean
mean_ensemble,FI,Deaths,2021-09-06,1.51869565217392,1.42608695652174,1.06493902439025,,3,mean
mean_ensemble,GR,Cases,2021-09-06,962.19333333333,981.088369565217,0.98074073975593,,3,mean
mean_ensemble,GR,Deaths,2021-09-06,22.2018115942029,22.5154347826087,0.986070746959413,,3,mean
mean_ensemble,HR,Cases,2021-09-06,419.72884057971,347.620760869565,1.20743317956548,,3,mean
mean_ensemble,HR,Deaths,2021-09-06,8.95652173913044,6.80891304347826,1.31541138533252,,3,mean
mean_ensemble,HU,Cases,2021-09-06,275.326956521739,179.569347826087,1.53326255207205,,3,mean
mean_ensemble,HU,Deaths,2021-09-06,12.6905072463768,12.3632608695652,1.02646926084179,,3,mean
mean_ensemble,IT,Cases,2021-09-06,3683.76326086957,4086.45652173913,0.901456614373037,,3,mean
mean_ensemble,IT,Deaths,2021-09-06,26.978768115942,27.1547826086957,0.993518103411469,,3,mean
mean_ensemble,LT,Cases,2021-09-06,579.502826086956,544.307065217391,1.06466159107361,,3,mean
mean_ensemble,LT,Deaths,2021-09-06,7.0609420289855,6.98978260869565,1.01018049119315,,3,mean
mean_ensemble,LU,Deaths,2021-09-06,1.24492753623188,1.22130434782609,1.01934258929631,,3,mean
mean_ensemble,LV,Cases,2021-09-06,405.413768115943,167.048369565217,2.42692442417204,,3,mean
mean_ensemble,LV,Deaths,2021-09-06,5.62369565217392,7.60391304347826,0.739579164045972,,3,mean
mean_ensemble,MT,Cases,2021-09-06,38.3421739130434,78.8336956521739,0.486367835426806,,3,mean
mean_ensemble,MT,Deaths,2021-09-06,1.07391304347826,1.08119565217391,0.993264300794209,,3,mean
mean_ensemble,NO,Cases,2021-09-06,7413.65173913042,6632.50771739131,1.11777506412708,,3,mean
mean_ensemble,PT,Cases,2021-09-06,5279.84166666667,2178.49043478261,2.42362398400595,,3,mean
mean_ensemble,PT,Deaths,2021-09-06,8.07137681159421,7.28304347826087,1.1082422939924,,3,mean
mean_ensemble,RO,Cases,2021-09-06,1837.93181159421,2127.86065217391,0.863746321788741,,3,mean
mean_ensemble,RO,Deaths,2021-09-06,42.2929710144927,43.9563043478261,0.962159390831144,,3,mean
mean_ensemble,SI,Cases,2021-09-06,563.301231884058,579.024456521739,0.972845318603411,,3,mean
mean_ensemble,SI,Deaths,2021-09-06,3.49811594202898,2.90413043478261,1.20453127729121,,3,mean
mean_ensemble,SK,Cases,2021-09-06,1315.51855072464,1678.60347826087,0.783698215666508,,3,mean
mean_ensemble,SK,Deaths,2021-09-06,4.73659420289855,3.51391304347826,1.34795430174049,,3,mean
mean_ensemble,AT,Cases,2021-09-13,2017.79876811594,2004.8252173913,1.00647116297824,,3,mean
mean_ensemble,AT,Deaths,2021-09-13,10.3455797101449,13.4734782608696,0.767847730915271,,3,mean
mean_ensemble,BE,Cases,2021-09-13,759.916376811591,910.538369565217,0.834579192060244,,3,mean
mean_ensemble,BE,Deaths,2021-09-13,5.29427536231884,5.51478260869565,0.96001524230001,,3,mean
mean_ensemble,BG,Cases,2021-09-13,589.537101449276,727.256956521739,0.810631092851779,,3,mean
mean_ensemble,BG,Deaths,2021-09-13,37.0266666666667,39.7345652173913,0.931850303736571,,3,mean
mean_ensemble,CY,Cases,2021-09-13,62.2365942028986,82.9198913043478,0.750562901420919,,3,mean
mean_ensemble,CY,Deaths,2021-09-13,3.25115942028986,2.02586956521739,1.6048216904532,,3,mean
mean_ensemble,EE,Cases,2021-09-13,216.669565217391,173.324130434783,1.25008309387664,,3,mean
mean_ensemble,EE,Deaths,2021-09-13,2.47289855072464,1.81326086956522,1.36378531750789,,3,mean
mean_ensemble,ES,Cases,2021-09-13,1846.19000000001,1141.99956521739,1.6166293370248,,3,mean
mean_ensemble,FI,Cases,2021-09-13,270.009855072463,181.853152173913,1.48476862701969,,3,mean
mean_ensemble,FI,Deaths,2021-09-13,4.43275362318841,2.84673913043478,1.55713376606848,,3,mean
mean_ensemble,GR,Cases,2021-09-13,1088.34710144927,962.352391304348,1.13092367336892,,3,mean
mean_ensemble,GR,Deaths,2021-09-13,46.5452898550725,25.3213043478261,1.83818689652409,,3,mean
mean_ensemble,HR,Cases,2021-09-13,588.721376811595,539.377717391304,1.09148256931885,,3,mean
mean_ensemble,HR,Deaths,2021-09-13,8.81833333333335,6.34934782608696,1.38885655265291,,3,mean
mean_ensemble,HU,Cases,2021-09-13,241.099710144927,225.4975,1.06919016904811,,3,mean
mean_ensemble,HU,Deaths,2021-09-13,6.13985507246377,5.61673913043478,1.09313516791165,,3,mean
mean_ensemble,IT,Cases,2021-09-13,1973.32072463768,3903.89456521739,0.505474902478007,,3,mean
mean_ensemble,IT,Deaths,2021-09-13,18.4949275362319,27.5326086956522,0.67174628240558,,3,mean
mean_ensemble,LT,Cases,2021-09-13,1034.74862318841,805.14,1.28517850707753,,3,mean
mean_ensemble,LT,Deaths,2021-09-13,10.8330434782609,14.3032608695652,0.757382779846494,,3,mean
mean_ensemble,LU,Deaths,2021-09-13,0.666811594202899,0.755217391304348,0.882939934753406,,3,mean
mean_ensemble,LV,Cases,2021-09-13,384.082173913044,301.544891304348,1.27371474360476,,3,mean
mean_ensemble,LV,Deaths,2021-09-13,4.73710144927536,4.26065217391304,1.1118254332704,,3,mean
mean_ensemble,MT,Cases,2021-09-13,52.2710144927537,50.3976086956522,1.03717251364871,,3,mean
mean_ensemble,MT,Deaths,2021-09-13,0.790724637681159,0.9675,0.817286447215668,,3,mean
mean_ensemble,NO,Cases,2021-09-13,4517.21543478261,5115.69815217391,0.883010549178518,,3,mean
mean_ensemble,PT,Cases,2021-09-13,761.199927536232,493.498369565217,1.54245682352885,,3,mean
mean_ensemble,PT,Deaths,2021-09-13,4.52956521739131,5.71304347826087,0.792846270928463,,3,mean
mean_ensemble,RO,Cases,2021-09-13,2639.51543478261,4891.3997826087,0.539623738007956,,3,mean
mean_ensemble,RO,Deaths,2021-09-13,52.4723188405797,66.8760869565217,0.784620052227243,,3,mean
mean_ensemble,SI,Cases,2021-09-13,1034.89130434783,1149.07586956522,0.900629220191878,,3,mean
mean_ensemble,SI,Deaths,2021-09-13,5.3518115942029,4.84152173913043,1.10539864996333,,3,mean
mean_ensemble,SK,Cases,2021-09-13,713.775217391303,1311.1497826087,0.544388769962772,,3,mean
mean_ensemble,SK,Deaths,2021-09-13,3.74637681159421,3.61065217391304,1.03759006161318,,3,mean
mean_ensemble,AT,Cases,2021-09-20,1991.96746376811,2006.79608695652,0.99261079723805,,3,mean
mean_ensemble,AT,Deaths,2021-09-20,8.73615942028986,6.92489130434783,1.26155906805423,,3,mean
mean_ensemble,BE,Cases,2021-09-20,937.199202898553,1339.84956521739,0.699480917282301,,3,mean
mean_ensemble,BE,Deaths,2021-09-20,9.24253623188406,8.23989130434783,1.12168181478403,,3,mean
mean_ensemble,BG,Cases,2021-09-20,660.076811594201,1004.70434782609,0.656986120367083,,3,mean
mean_ensemble,BG,Deaths,2021-09-20,34.2677536231884,30.9934782608696,1.10564401112904,,3,mean
mean_ensemble,CY,Cases,2021-09-20,185.868768115942,367.058260869565,0.506374022684074,,3,mean
mean_ensemble,CY,Deaths,2021-09-20,0.859855072463768,1.48434782608696,0.579281390353446,,3,mean
mean_ensemble,EE,Cases,2021-09-20,606.986956521738,513.850869565217,1.18125120044134,,3,mean
mean_ensemble,EE,Deaths,2021-09-20,1.65028985507246,1.66478260869565,0.99129450683381,,3,mean
mean_ensemble,ES,Cases,2021-09-20,1963.30594202899,1453.2222826087,1.3510018154309,,3,mean
mean_ensemble,FI,Cases,2021-09-20,538.31615942029,429.046521739131,1.25468016204452,,3,mean
mean_ensemble,FI,Deaths,2021-09-20,7.31065217391304,6.90956521739131,1.05804807450289,,3,mean
mean_ensemble,GR,Cases,2021-09-20,1139.49224637682,1297.98173913044,0.877895437219483,,3,mean
mean_ensemble,GR,Deaths,2021-09-20,35.6484782608695,27.545,1.29419053406678,,3,mean
mean_ensemble,HR,Cases,2021-09-20,2108.71108695653,1074.30304347826,1.96286429584075,,3,mean
mean_ensemble,HR,Deaths,2021-09-20,8.84514492753623,6.04597826086957,1.46297994234999,,3,mean
mean_ensemble,HU,Cases,2021-09-20,553.668768115943,408.636521739131,1.35491748451549,,3,mean
mean_ensemble,HU,Deaths,2021-09-20,9.79384057971014,6.78782608695652,1.44285378768469,,3,mean
mean_ensemble,IT,Cases,2021-09-20,1373.0918115942,1754.52902173913,0.782598517654136,,3,mean
mean_ensemble,IT,Deaths,2021-09-20,14.3111594202899,18.5234782608696,0.772595687415892,,3,mean
mean_ensemble,LT,Cases,2021-09-20,468.267463768116,480.205,0.975140749821673,,3,mean
mean_ensemble,LT,Deaths,2021-09-20,7.49956521739127,7.08336956521739,1.05875673270213,,3,mean
mean_ensemble,LU,Deaths,2021-09-20,0.517463768115942,0.462282608695652,1.1193667215299,,3,mean
mean_ensemble,LV,Cases,2021-09-20,366.245869565218,391.13347826087,0.936370548472834,,3,mean
mean_ensemble,LV,Deaths,2021-09-20,4.99724637681159,3.61413043478261,1.38269674185464,,3,mean
mean_ensemble,MT,Cases,2021-09-20,37.9587681159421,31.8140217391304,1.19314585333466,,3,mean
mean_ensemble,MT,Deaths,2021-09-20,0.804710144927537,0.92,0.874684940138626,,3,mean
mean_ensemble,NO,Cases,2021-09-20,1033.49253623188,545.311521739131,1.89523326581442,,3,mean
mean_ensemble,PT,Cases,2021-09-20,290.227173913043,399.626739130435,0.726245632473345,,3,mean
mean_ensemble,PT,Deaths,2021-09-20,3.23963768115942,4.0145652173913,0.80697099330337,,3,mean
mean_ensemble,RO,Cases,2021-09-20,6167.50152173913,3335.15913043478,1.84923755675044,,3,mean
mean_ensemble,RO,Deaths,2021-09-20,67.9230434782612,48.7648913043478,1.39286773048144,,3,mean
mean_ensemble,SI,Cases,2021-09-20,3904.83601449275,3059.35891304348,1.27635760480557,,3,mean
mean_ensemble,SI,Deaths,2021-09-20,3.61992753623188,3.90304347826087,0.927462775240429,,3,mean
mean_ensemble,SK,Cases,2021-09-20,805.608188405797,853.632173913044,0.943741593891541,,3,mean
mean_ensemble,SK,Deaths,2021-09-20,10.5289130434783,12.7107608695652,0.828346402825405,,3,mean
mean_ensemble,AT,Cases,2021-09-27,498.37507246377,720.313260869565,0.6918865714927,,3,mean
mean_ensemble,AT,Deaths,2021-09-27,10.4873913043478,5.88065217391304,1.78337214890392,,3,mean
mean_ensemble,BE,Cases,2021-09-27,907.060217391305,965.625217391304,0.939350175466403,,3,mean
mean_ensemble,BE,Deaths,2021-09-27,5.07050724637681,5.21706521739131,0.971907966470127,,3,mean
mean_ensemble,BG,Cases,2021-09-27,1373.50253623188,1457.47869565217,0.94238258187183,,3,mean
mean_ensemble,BG,Deaths,2021-09-27,103.509637681159,69.5777173913044,1.4876837234976,,3,mean
mean_ensemble,CY,Cases,2021-09-27,81.0563768115942,85.8021739130435,0.944689080882042,,3,mean
mean_ensemble,CY,Deaths,2021-09-27,2.2681884057971,2.16902173913044,1.04571953562182,,3,mean
mean_ensemble,EE,Cases,2021-09-27,805.485652173913,636.005,1.26647691790774,,3,mean
mean_ensemble,EE,Deaths,2021-09-27,4.5513043478261,4.95782608695652,0.918004034026135,,3,mean
mean_ensemble,ES,Cases,2021-09-27,1174.99695652174,1204.065,0.975858410070666,,3,mean
mean_ensemble,FI,Cases,2021-09-27,1343.4181884058,1098.36065217391,1.22311208594996,,3,mean
mean_ensemble,FI,Deaths,2021-09-27,13.2557971014493,12.8509782608696,1.03150101356971,,3,mean
mean_ensemble,GR,Cases,2021-09-27,2899.22318840579,1164.67152173913,2.48930546878708,,3,mean
mean_ensemble,GR,Deaths,2021-09-27,18.4510869565217,12.55,1.47020613199376,,3,mean
mean_ensemble,HR,Cases,2021-09-27,956.096521739132,398.247173913044,2.40076159824274,,3,mean
mean_ensemble,HR,Deaths,2021-09-27,14.0738405797101,11.3503260869565,1.23995033022738,,3,mean
mean_ensemble,HU,Cases,2021-09-27,562.251739130435,405.69,1.38591471106124,,3,mean
mean_ensemble,HU,Deaths,2021-09-27,6.90615942028986,14.6775,0.470526957607894,,3,mean
mean_ensemble,IT,Cases,2021-09-27,1464.43731884058,1410.39434782609,1.03831763158849,,3,mean
mean_ensemble,IT,Deaths,2021-09-27,13.0442028985507,20.3827173913043,0.63996387960104,,3,mean
mean_ensemble,LT,Cases,2021-09-27,601.671376811595,661.250434782609,0.909899404466024,,3,mean
mean_ensemble,LT,Deaths,2021-09-27,7.66355072463768,8.22326086956522,0.93193574254721,,3,mean
mean_ensemble,LU,Deaths,2021-09-27,0.555942028985507,0.50554347826087,1.09969182254712,,3,mean
mean_ensemble,LV,Cases,2021-09-27,1148.50833333333,1446.35043478261,0.794073348832614,,3,mean
mean_ensemble,LV,Deaths,2021-09-27,3.40123188405797,4.17445652173913,0.814772382068308,,3,mean
mean_ensemble,MT,Cases,2021-09-27,22.7483333333333,23.1817391304348,0.981303999899971,,3,mean
mean_ensemble,MT,Deaths,2021-09-27,0.861014492753623,1.20717391304348,0.713248094123297,,3,mean
mean_ensemble,NO,Cases,2021-09-27,323.888333333333,256.023260869565,1.26507385396651,,3,mean
mean_ensemble,PT,Cases,2021-09-27,608.974130434783,535.455869565217,1.13730031744588,,3,mean
mean_ensemble,PT,Deaths,2021-09-27,7.95217391304348,6.41456521739131,1.23970583251432,,3,mean
mean_ensemble,RO,Cases,2021-09-27,4508.9534057971,4396.36347826087,1.02560978592716,,3,mean
mean_ensemble,RO,Deaths,2021-09-27,83.0967391304348,76.6785869565218,1.08370201419534,,3,mean
mean_ensemble,SI,Cases,2021-09-27,399.863043478261,366.218478260869,1.09187020102635,,3,mean
mean_ensemble,SI,Deaths,2021-09-27,4.07260869565218,4.60456521739131,0.884471932392239,,3,mean
mean_ensemble,SK,Cases,2021-09-27,879.873260869566,772.147391304348,1.13951464549177,,3,mean
mean_ensemble,SK,Deaths,2021-09-27,8.76442028985508,14.3460869565217,0.610927587182285,,3,mean
mean_ensemble,AT,Cases,2021-10-04,738.973405797106,778.691521739131,0.948993773743268,,3,mean
mean_ensemble,AT,Deaths,2021-10-04,11.1880434782609,8.22956521739131,1.3594938715131,,3,mean
mean_ensemble,BE,Cases,2021-10-04,2029.90862318841,1933.43619565217,1.04989687673851,,3,mean
mean_ensemble,BE,Deaths,2021-10-04,8.5904347826087,9.10130434782609,0.943868532938423,,3,mean
mean_ensemble,BG,Cases,2021-10-04,2381.58586956522,1464.18445652174,1.62656136592436,,3,mean
mean_ensemble,BG,Deaths,2021-10-04,95.5021739130434,60.405,1.5810309397077,,3,mean
mean_ensemble,CY,Cases,2021-10-04,147.130579710145,192.9325,0.762601322794993,,3,mean
mean_ensemble,CY,Deaths,2021-10-04,1.39884057971015,1.09065217391304,1.2825725865391,,3,mean
mean_ensemble,EE,Cases,2021-10-04,363.722681159421,489.49347826087,0.743059299690157,,3,mean
mean_ensemble,EE,Deaths,2021-10-04,8.19934782608697,6.50478260869565,1.26051066105207,,3,mean
mean_ensemble,ES,Cases,2021-10-04,704.119420289856,775.489565217391,0.907967626995048,,3,mean
mean_ensemble,FI,Cases,2021-10-04,418.79463768116,716.521630434783,0.584482896108854,,3,mean
mean_ensemble,FI,Deaths,2021-10-04,10.1541304347826,13.1778260869565,0.770546702299647,,3,mean
mean_ensemble,GR,Cases,2021-10-04,902.920072463764,970.334891304348,0.930524173205847,,3,mean
mean_ensemble,GR,Deaths,2021-10-04,16.6034782608696,13.9602173913043,1.18934238597256,,3,mean
mean_ensemble,HR,Cases,2021-10-04,626.83731884058,520.362608695652,1.20461637397779,,3,mean
mean_ensemble,HR,Deaths,2021-10-04,6.54702898550723,7.2995652173913,0.896906704786862,,3,mean
mean_ensemble,HU,Cases,2021-10-04,349.590869565217,395.511413043478,0.88389578160362,,3,mean
mean_ensemble,HU,Deaths,2021-10-04,10.9015217391304,9.93391304347826,1.09740458683473,,3,mean
mean_ensemble,IT,Cases,2021-10-04,1030.19289855072,1528.86652173913,0.673827887459297,,3,mean
mean_ensemble,IT,Deaths,2021-10-04,11.832536231884,15.8815217391304,0.745050532703669,,3,mean
mean_ensemble,LT,Cases,2021-10-04,630.175869565215,665.870326086957,0.946394282605289,,3,mean
mean_ensemble,LT,Deaths,2021-10-04,8.02818840579711,7.90326086956522,1.01580708751662,,3,mean
mean_ensemble,LU,Deaths,2021-10-04,0.811231884057971,0.792173913043478,1.02405781192828,,3,mean
mean_ensemble,LV,Cases,2021-10-04,578.359420289852,866.823913043478,0.667216734087541,,3,mean
mean_ensemble,LV,Deaths,2021-10-04,4.78405797101449,6.20891304347826,0.770514571151803,,3,mean
mean_ensemble,MT,Cases,2021-10-04,26.7684057971014,23.4239130434783,1.142781129157,,3,mean
mean_ensemble,MT,Deaths,2021-10-04,1.00992753623188,1.2704347826087,0.794946383755419,,3,mean
mean_ensemble,NO,Cases,2021-10-04,304.062971014493,212.85347826087,1.42850834996381,,3,mean
mean_ensemble,PT,Cases,2021-10-04,568.63811594203,673.684456521739,0.844071895139057,,3,mean
mean_ensemble,PT,Deaths,2021-10-04,18.5642753623188,12.7126086956522,1.46030415996899,,3,mean
mean_ensemble,RO,Cases,2021-10-04,25441.2660144927,19449.7509782609,1.30805098959512,,3,mean
mean_ensemble,RO,Deaths,2021-10-04,222.105579710145,92.6086956521739,2.39832316118936,,3,mean
mean_ensemble,SI,Cases,2021-10-04,436.213768115942,405.366413043478,1.07609746165417,,3,mean
mean_ensemble,SI,Deaths,2021-10-04,5.01536231884058,4.55391304347826,1.10133027814907,,3,mean
mean_ensemble,SK,Cases,2021-10-04,1444.87586956521,1271.46130434783,1.13638996690217,,3,mean
mean_ensemble,SK,Deaths,2021-10-04,10.7419565217391,8.51478260869565,1.26156556372549,,3,mean
mean_ensemble,AT,Cases,2021-10-11,3070.20876811595,2795.78793478261,1.09815509607122,,3,mean
mean_ensemble,AT,Deaths,2021-10-11,12.3290579710145,18.9854347826087,0.649395608380184,,3,mean
mean_ensemble,BE,Cases,2021-10-11,9530.0572463768,8948.48728260869,1.06499086889226,,3,mean
mean_ensemble,BE,Deaths,2021-10-11,18.7524637681159,15.9521739130435,1.17554283637685,,3,mean
mean_ensemble,BG,Cases,2021-10-11,4478.61427536232,4724.4102173913,0.947973200734311,,3,mean
mean_ensemble,BG,Deaths,2021-10-11,52.1060144927536,47.5152173913044,1.09661740708545,,3,mean
mean_ensemble,CY,Cases,2021-10-11,266.219927536232,344.16597826087,0.773521917772022,,3,mean
mean_ensemble,CY,Deaths,2021-10-11,1.72079710144928,1.615,1.06550904114506,,3,mean
mean_ensemble,EE,Cases,2021-10-11,245.086376811594,317.334347826087,0.772328550283225,,3,mean
mean_ensemble,EE,Deaths,2021-10-11,3.52666666666667,2.59304347826087,1.36004918399285,,3,mean
mean_ensemble,ES,Cases,2021-10-11,1057.15384057971,1342.99782608696,0.787159755619189,,3,mean
mean_ensemble,FI,Cases,2021-10-11,294.717971014493,317.78652173913,0.927408655979519,,3,mean
mean_ensemble,FI,Deaths,2021-10-11,6.72398550724638,5.5045652173913,1.22152890222872,,3,mean
mean_ensemble,GR,Cases,2021-10-11,2117.62275362319,2652.40630434783,0.798377967263907,,3,mean
mean_ensemble,GR,Deaths,2021-10-11,29.7338405797102,21.8876086956522,1.35847826014984,,3,mean
mean_ensemble,HR,Cases,2021-10-11,2399.17739130434,2157.38989130435,1.112074085901,,3,mean
mean_ensemble,HR,Deaths,2021-10-11,11.4852898550725,11.480652173913,1.00040395624649,,3,mean
mean_ensemble,HU,Cases,2021-10-11,1846.89760869565,2240.96532608696,0.824152693125599,,3,mean
mean_ensemble,HU,Deaths,2021-10-11,18.607536231884,20.3578260869565,0.914023734774218,,3,mean
mean_ensemble,IT,Cases,2021-10-11,2503.7236231884,2207.97673913044,1.13394474625418,,3,mean
mean_ensemble,IT,Deaths,2021-10-11,29.8071014492754,23.3265217391304,1.27782023323579,,3,mean
mean_ensemble,LT,Cases,2021-10-11,795.27268115942,585.427934782609,1.35844675989836,,3,mean
mean_ensemble,LT,Deaths,2021-10-11,11.8390579710145,11.1939130434783,1.05763354825345,,3,mean
mean_ensemble,LU,Deaths,2021-10-11,1.23717391304348,1.15891304347826,1.06752954417558,,3,mean
mean_ensemble,LV,Cases,2021-10-11,1023.29891304348,679.273260869565,1.50646134919769,,3,mean
mean_ensemble,LV,Deaths,2021-10-11,10.2579710144928,16.440652173913,0.623939421987739,,3,mean
mean_ensemble,MT,Cases,2021-10-11,26.6928260869565,32.1584782608696,0.830040086798396,,3,mean
mean_ensemble,MT,Deaths,2021-10-11,0.563768115942029,0.593152173913044,0.950461181357278,,3,mean
mean_ensemble,NO,Cases,2021-10-11,362.966594202898,669.387608695652,0.542236798960417,,3,mean
mean_ensemble,PT,Cases,2021-10-11,452.450362318841,708.345108695652,0.638742834198408,,3,mean
mean_ensemble,PT,Deaths,2021-10-11,6.67471014492754,6.07391304347826,1.09891434025292,,3,mean
mean_ensemble,RO,Cases,2021-10-11,18174.0615942029,13312.8610869565,1.36515069717127,,3,mean
mean_ensemble,RO,Deaths,2021-10-11,242.258188405797,144.902173913044,1.67187407796364,,3,mean
mean_ensemble,SI,Cases,2021-10-11,2403.9334057971,2638.93804347826,0.910947269769392,,3,mean
mean_ensemble,SI,Deaths,2021-10-11,23.4894927536232,5.69086956521739,4.12757531769679,,3,mean
mean_ensemble,SK,Cases,2021-10-11,1840.16652173913,2937.78945652174,0.626377944700583,,3,mean
mean_ensemble,SK,Deaths,2021-10-11,19.1438405797101,17.8363043478261,1.07330757573911,,3,mean
mean_ensemble,AT,Cases,2021-10-18,5817.8915942029,6409.95891304348,0.907633211558378,,3,mean
mean_ensemble,AT,Deaths,2021-10-18,32.4811594202898,36.4202173913044,0.89184419388021,,3,mean
mean_ensemble,BE,Cases,2021-10-18,13291.6564492754,16844.9505434783,0.789058799250759,,3,mean
mean_ensemble,BE,Deaths,2021-10-18,24.0417391304348,28.1163043478261,0.855081764410252,,3,mean
mean_ensemble,BG,Cases,2021-10-18,2332.69644927536,3443.81532608696,0.677358170632771,,3,mean
mean_ensemble,BG,Deaths,2021-10-18,50.8848550724637,92.1163043478261,0.55239792165701,,3,mean
mean_ensemble,CY,Cases,2021-10-18,109.908550724638,107.338695652174,1.0239415530145,,3,mean
mean_ensemble,CY,Deaths,2021-10-18,1.94101449275362,1.49,1.30269429043867,,3,mean
mean_ensemble,EE,Cases,2021-10-18,384.926304347826,413.002934782609,0.932018327062102,,3,mean
mean_ensemble,EE,Deaths,2021-10-18,6.44710144927536,8.24086956521739,0.782332665048714,,3,mean
mean_ensemble,ES,Cases,2021-10-18,2601.89898550725,2876.34956521739,0.904583718533737,,3,mean
mean_ensemble,FI,Cases,2021-10-18,202.186739130435,302.571195652174,0.668228641839596,,3,mean
mean_ensemble,FI,Deaths,2021-10-18,4.83246376811594,6.83413043478261,0.707107336365854,,3,mean
mean_ensemble,GR,Cases,2021-10-18,2994.13601449276,3332.76945652174,0.898392779204596,,3,mean
mean_ensemble,GR,Deaths,2021-10-18,24.6692028985507,23.2465217391304,1.06119974314375,,3,mean
mean_ensemble,HR,Cases,2021-10-18,6670.3052173913,6768.55934782609,0.985483745449267,,3,mean
mean_ensemble,HR,Deaths,2021-10-18,23.0123188405796,20.5063043478261,1.12220702717792,,3,mean
mean_ensemble,HU,Cases,2021-10-18,4641.50760869565,5128.3497826087,0.905068453878863,,3,mean
mean_ensemble,HU,Deaths,2021-10-18,40.8784782608696,67.4789130434783,0.605796335731291,,3,mean
mean_ensemble,IT,Cases,2021-10-18,8205.92572463768,7341.34608695652,1.11776854373032,,3,mean
mean_ensemble,IT,Deaths,2021-10-18,54.9597101449276,45.4595652173913,1.20898010973281,,3,mean
mean_ensemble,LT,Cases,2021-10-18,549.452826086956,588.628913043478,0.9334451874714,,3,mean
mean_ensemble,LT,Deaths,2021-10-18,13.4292753623188,16.7426086956522,0.802101727779508,,3,mean
mean_ensemble,LU,Deaths,2021-10-18,0.665434782608696,0.612173913043478,1.08700284090909,,3,mean
mean_ensemble,LV,Cases,2021-10-18,3517.09550724637,2788.12152173913,1.26145703471796,,3,mean
mean_ensemble,LV,Deaths,2021-10-18,28.3432608695652,35.8591304347826,0.790405693777583,,3,mean
mean_ensemble,MT,Cases,2021-10-18,11.135,12.415,0.896898912605719,,3,mean
mean_ensemble,MT,Deaths,2021-10-18,0.590652173913043,0.528913043478261,1.1167283189478,,3,mean
mean_ensemble,NO,Cases,2021-10-18,2748.45376811594,2636.87326086956,1.04231546085366,,3,mean
mean_ensemble,PT,Cases,2021-10-18,452.769202898551,558.174782608696,0.811160261992634,,3,mean
mean_ensemble,PT,Deaths,2021-10-18,14.2929710144928,8.12173913043478,1.75984118486795,,3,mean
mean_ensemble,RO,Cases,2021-10-18,15792.359057971,12263.8947826087,1.28771155802527,,3,mean
mean_ensemble,RO,Deaths,2021-10-18,247.477463768116,118.438260869565,2.08950605953814,,3,mean
mean_ensemble,SI,Cases,2021-10-18,4778.43268115942,5232.44358695652,0.91323157177865,,3,mean
mean_ensemble,SI,Deaths,2021-10-18,13.9964492753623,14.2619565217391,0.98138353275919,,3,mean
mean_ensemble,SK,Cases,2021-10-18,9477.15731884058,11306.9064130435,0.838174207217977,,3,mean
mean_ensemble,SK,Deaths,2021-10-18,20.6420289855072,17.8871739130435,1.1540128745802,,3,mean
mean_ensemble,AT,Cases,2021-10-25,4078.27021739131,4067.29673913044,1.00269797828009,,3,mean
mean_ensemble,AT,Deaths,2021-10-25,42.9602173913043,40.2044565217391,1.06854366674687,,3,mean
mean_ensemble,BE,Cases,2021-10-25,3826.30898550725,4371.57043478261,0.87527103648223,,3,mean
mean_ensemble,BE,Deaths,2021-10-25,14.3636956521739,16.3152173913044,0.880386409060627,,3,mean
mean_ensemble,BG,Cases,2021-10-25,5071.15891304348,3290.81673913043,1.54100313540507,,3,mean
mean_ensemble,BG,Deaths,2021-10-25,63.1332608695653,64.4039130434783,0.980270574971816,,3,mean
mean_ensemble,CY,Cases,2021-10-25,98.6520289855071,136.483695652174,0.722811823889353,,3,mean
mean_ensemble,CY,Deaths,2021-10-25,1.26891304347826,1.3320652173913,0.952590779273766,,3,mean
mean_ensemble,EE,Cases,2021-10-25,643.677463768115,1000.25717391304,0.643511969276885,,3,mean
mean_ensemble,EE,Deaths,2021-10-25,19.1604347826087,22.6473913043478,0.846032751636622,,3,mean
mean_ensemble,ES,Cases,2021-10-25,2340.4322463768,1133.20695652174,2.06531757761223,,3,mean
mean_ensemble,FI,Cases,2021-10-25,329.708623188406,427.244347826087,0.771709736749089,,3,mean
mean_ensemble,FI,Deaths,2021-10-25,12.3532608695652,14.8923913043478,0.82950149624115,,3,mean
mean_ensemble,GR,Cases,2021-10-25,3930.27021739131,4434.23108695652,0.886347630585235,,3,mean
mean_ensemble,GR,Deaths,2021-10-25,43.130652173913,35.104347826087,1.22864131781026,,3,mean
mean_ensemble,HR,Cases,2021-10-25,5074.18268115942,3724.87,1.36224423433822,,3,mean
mean_ensemble,HR,Deaths,2021-10-25,38.6444202898551,30.1055434782609,1.2836313789771,,3,mean
mean_ensemble,HU,Cases,2021-10-25,2345.28413043478,3181.56869565217,0.737147097794797,,3,mean
mean_ensemble,HU,Deaths,2021-10-25,53.376884057971,93.4075,0.571441094751182,,3,mean
mean_ensemble,IT,Cases,2021-10-25,4007.21992753624,3473.41989130435,1.15368140130948,,3,mean
mean_ensemble,IT,Deaths,2021-10-25,24.7082608695652,19.0739130434783,1.29539548666515,,3,mean
mean_ensemble,LT,Cases,2021-10-25,1086.41101449275,898.469130434783,1.20918012393706,,3,mean
mean_ensemble,LT,Deaths,2021-10-25,15.3899999999999,9.87271739130435,1.55884133921985,,3,mean
mean_ensemble,LU,Deaths,2021-10-25,1.28471014492754,1.2045652173913,1.06653431991819,,3,mean
mean_ensemble,LV,Cases,2021-10-25,8106.84644927536,7459.7802173913,1.08674065629648,,3,mean
mean_ensemble,LV,Deaths,2021-10-25,19.7365217391304,23.3003260869565,0.847049164268087,,3,mean
mean_ensemble,MT,Cases,2021-10-25,44.2140579710145,36.9617391304348,1.19621151523706,,3,mean
mean_ensemble,MT,Deaths,2021-10-25,0.761304347826087,0.542391304347826,1.40360721442886,,3,mean
mean_ensemble,NO,Cases,2021-10-25,1414.72297101449,3639.88717391304,0.388672204224836,,3,mean
mean_ensemble,PT,Cases,2021-10-25,555.047246376812,810.294130434783,0.684994776006816,,3,mean
mean_ensemble,PT,Deaths,2021-10-25,7.53311594202899,5.83315217391304,1.29143141091338,,3,mean
mean_ensemble,RO,Cases,2021-10-25,23651.7988405797,27127.4204347826,0.871877917675266,,3,mean
mean_ensemble,RO,Deaths,2021-10-25,254.029710144928,155.123804347826,1.63759334818356,,3,mean
mean_ensemble,SI,Cases,2021-10-25,1210.3818115942,2681.30217391304,0.451415667868494,,3,mean
mean_ensemble,SI,Deaths,2021-10-25,12.8192753623188,13.5516304347826,0.945958157877147,,3,mean
mean_ensemble,SK,Cases,2021-10-25,11931.169057971,13556.4404347826,0.880110757345894,,3,mean
mean_ensemble,SK,Deaths,2021-10-25,16.7455072463768,27.6935869565217,0.604670939617423,,3,mean
mean_ensemble,AT,Cases,2021-11-01,9206.92442028985,10880.9389130435,0.846151650502613,,3,mean
mean_ensemble,AT,Deaths,2021-11-01,44.7897101449275,59.8264130434783,0.748661132539854,,3,mean
mean_ensemble,BE,Cases,2021-11-01,8437.25999999999,16162.7669565217,0.522018291960556,,3,mean
mean_ensemble,BE,Deaths,2021-11-01,41.498115942029,26.1526086956522,1.58676774561797,,3,mean
mean_ensemble,BG,Cases,2021-11-01,11660.9479710145,14691.2065217391,0.793736576622169,,3,mean
mean_ensemble,BG,Deaths,2021-11-01,81.0748550724635,68.4388043478261,1.18463283870971,,3,mean
mean_ensemble,CY,Cases,2021-11-01,246.286666666667,221.729347826087,1.11075357899777,,3,mean
mean_ensemble,CY,Deaths,2021-11-01,2.11398550724638,2.04032608695652,1.03610178821942,,3,mean
mean_ensemble,EE,Cases,2021-11-01,4391.14862318841,3865.77260869565,1.13590453129886,,3,mean
mean_ensemble,EE,Deaths,2021-11-01,8.27413043478261,9.2620652173913,0.893335367499501,,3,mean
mean_ensemble,ES,Cases,2021-11-01,1584.97050724637,1651.86608695652,0.959503024949559,,3,mean
mean_ensemble,FI,Cases,2021-11-01,521.622391304348,622.019130434783,0.8385954157708,,3,mean
mean_ensemble,FI,Deaths,2021-11-01,14.6776086956522,22.6616304347826,0.647685467199394,,3,mean
mean_ensemble,GR,Cases,2021-11-01,9123.71688405798,9923.03521739131,0.919448201500643,,3,mean
mean_ensemble,GR,Deaths,2021-11-01,29.9489855072464,36.3886956521739,0.823029926478203,,3,mean
mean_ensemble,HR,Cases,2021-11-01,1663.4452173913,1997.93260869565,0.832583246377505,,3,mean
mean_ensemble,HR,Deaths,2021-11-01,37.9516666666667,46.0848913043478,0.823516462608782,,3,mean
mean_ensemble,HU,Cases,2021-11-01,6469.66463768116,1875.75326086957,3.44910216745775,,3,mean
mean_ensemble,HU,Deaths,2021-11-01,39.9936956521739,103.779891304348,0.385370375219293,,3,mean
mean_ensemble,IT,Cases,2021-11-01,2954.29797101449,2870.10043478261,1.02933609403054,,3,mean
mean_ensemble,IT,Deaths,2021-11-01,25.096884057971,21.7160869565217,1.15568168925728,,3,mean
mean_ensemble,LT,Cases,2021-11-01,2820.57847826087,2461.96173913043,1.14566300256847,,3,mean
mean_ensemble,LT,Deaths,2021-11-01,12.4442753623188,18.4265217391304,0.675345870397896,,3,mean
mean_ensemble,LU,Deaths,2021-11-01,2.62985507246377,2.37271739130435,1.10837265411456,,3,mean
mean_ensemble,LV,Cases,2021-11-01,7927.26905797102,6756.50760869565,1.17327908397063,,3,mean
mean_ensemble,LV,Deaths,2021-11-01,22.6709420289855,17.8307608695652,1.27145118454714,,3,mean
mean_ensemble,MT,Cases,2021-11-01,124.996376811594,108.059347826087,1.15673821216066,,3,mean
mean_ensemble,MT,Deaths,2021-11-01,0.456376811594203,0.719782608695652,0.634048122420215,,3,mean
mean_ensemble,NO,Cases,2021-11-01,508.251159420287,841.448913043478,0.604019033766373,,3,mean
mean_ensemble,PT,Cases,2021-11-01,1434.75463768116,1620.84847826087,0.885187392235834,,3,mean
mean_ensemble,PT,Deaths,2021-11-01,6.33963768115942,8.28641304347826,0.765064165628211,,3,mean
mean_ensemble,RO,Cases,2021-11-01,21927.3145652174,25869.0652173913,0.847626861695646,,3,mean
mean_ensemble,RO,Deaths,2021-11-01,402.847608695652,276.397391304348,1.45749425055921,,3,mean
mean_ensemble,SI,Cases,2021-11-01,1188.23362318841,1573.48739130435,0.755159291237418,,3,mean
mean_ensemble,SI,Deaths,2021-11-01,7.3972463768116,6.95260869565217,1.06395264002668,,3,mean
mean_ensemble,SK,Cases,2021-11-01,5556.28942028985,6674.32891304348,0.832486605422057,,3,mean
mean_ensemble,SK,Deaths,2021-11-01,78.3165942028986,63.6141304347826,1.23111946461626,,3,mean
mean_ensemble,AT,Cases,2021-11-08,3130.11420289854,3125.8422826087,1.00136664614002,,3,mean
mean_ensemble,AT,Deaths,2021-11-08,61.0825362318841,75.8219565217391,0.805604854239958,,3,mean
mean_ensemble,BE,Cases,2021-11-08,9521.66543478261,17195.3311956522,0.553735506832817,,3,mean
mean_ensemble,BE,Deaths,2021-11-08,55.2999275362319,33.4086956521739,1.65525550928336,,3,mean
mean_ensemble,BG,Cases,2021-11-08,3497.68369565217,4417.89641304348,0.791707946190306,,3,mean
mean_ensemble,BG,Deaths,2021-11-08,105.787898550725,78.1615217391304,1.35345239187895,,3,mean
mean_ensemble,CY,Cases,2021-11-08,535.681594202899,385.429673913043,1.38982966403296,,3,mean
mean_ensemble,CY,Deaths,2021-11-08,2.70217391304348,2.19739130434783,1.22971903442818,,3,mean
mean_ensemble,EE,Cases,2021-11-08,7297.43246376812,6659.08076086957,1.09586183526256,,3,mean
mean_ensemble,EE,Deaths,2021-11-08,16.6138405797102,19.0521739130435,0.872018104366348,,3,mean
mean_ensemble,ES,Cases,2021-11-08,5242.20847826087,6892.46543478261,0.760570876686045,,3,mean
mean_ensemble,FI,Cases,2021-11-08,707.28463768116,1050.43456521739,0.673325746411233,,3,mean
mean_ensemble,FI,Deaths,2021-11-08,9.39702898550725,17.5569565217391,0.535231090529375,,3,mean
mean_ensemble,GR,Cases,2021-11-08,8242.20376811594,5441.12565217391,1.51479754282515,,3,mean
mean_ensemble,GR,Deaths,2021-11-08,30.3873913043478,34.01,0.893484013653273,,3,mean
mean_ensemble,HR,Cases,2021-11-08,4926.7068115942,5459.54836956522,0.902401898123773,,3,mean
mean_ensemble,HR,Deaths,2021-11-08,29.7476811594203,31.4271739130435,0.946559217883536,,3,mean
mean_ensemble,HU,Cases,2021-11-08,2864.62826086957,2934.07880434783,0.976329693880293,,3,mean
mean_ensemble,HU,Deaths,2021-11-08,106.856811594203,64.2113043478261,1.66414329500878,,3,mean
mean_ensemble,IT,Cases,2021-11-08,4113.90601449275,5121.2602173913,0.803299547350147,,3,mean
mean_ensemble,IT,Deaths,2021-11-08,29.3481884057971,34.8347826086957,0.842496671659179,,3,mean
mean_ensemble,LT,Cases,2021-11-08,2686.86101449276,2575.60456521739,1.0431962463407,,3,mean
mean_ensemble,LT,Deaths,2021-11-08,31.318115942029,27.8441304347826,1.12476545156917,,3,mean
mean_ensemble,LU,Deaths,2021-11-08,1.1354347826087,1.13434782608696,1.00095822154082,,3,mean
mean_ensemble,LV,Cases,2021-11-08,4505.19413043478,4787.43086956522,0.941046305039165,,3,mean
mean_ensemble,LV,Deaths,2021-11-08,22.2613043478261,24.495652173913,0.908785942492013,,3,mean
mean_ensemble,MT,Cases,2021-11-08,35.430652173913,51.055,0.693970270765117,,3,mean
mean_ensemble,MT,Deaths,2021-11-08,0.525217391304348,0.464782608695652,1.13002806361085,,3,mean
mean_ensemble,NO,Cases,2021-11-08,803.550869565222,662.877173913044,1.21221683471429,,3,mean
mean_ensemble,PT,Cases,2021-11-08,2601.95543478261,2664.98010869565,0.976350790121323,,3,mean
mean_ensemble,PT,Deaths,2021-11-08,11.645,9.53869565217391,1.22081681024659,,3,mean
mean_ensemble,RO,Cases,2021-11-08,6068.13963768116,6199.94130434783,0.978741465411255,,3,mean
mean_ensemble,RO,Deaths,2021-11-08,336.943115942029,439.415869565217,0.766797786059524,,3,mean
mean_ensemble,SI,Cases,2021-11-08,2960.31594202898,2433.2122826087,1.21662871882891,,3,mean
mean_ensemble,SI,Deaths,2021-11-08,6.45826086956521,5.98173913043478,1.07966274167757,,3,mean
mean_ensemble,SK,Cases,2021-11-08,5316.38992753623,6700.95108695652,0.793378411295174,,3,mean
mean_ensemble,SK,Deaths,2021-11-08,35.0097826086956,29.225652173913,1.19791279251402,,3,mean
mean_ensemble,AT,Cases,2021-11-15,15073.9292028986,15897.8536956522,0.948173853620321,,3,mean
mean_ensemble,AT,Deaths,2021-11-15,39.9931884057971,50.640652173913,0.789744734496117,,3,mean
mean_ensemble,BE,Cases,2021-11-15,6392.78246376812,5472.32152173913,1.16820300824292,,3,mean
mean_ensemble,BE,Deaths,2021-11-15,14.7792753623188,20.614347826087,0.71694120459227,,3,mean
mean_ensemble,BG,Cases,2021-11-15,1305.40579710145,1479.92358695652,0.88207648597995,,3,mean
mean_ensemble,BG,Deaths,2021-11-15,221.004275362319,152.63,1.44797402451889,,3,mean
mean_ensemble,CY,Cases,2021-11-15,380.499710144927,487.856195652174,0.77994235501359,,3,mean
mean_ensemble,CY,Deaths,2021-11-15,3.22826086956522,3.05260869565217,1.05754166073209,,3,mean
mean_ensemble,EE,Cases,2021-11-15,1191.49797101449,2250.32902173913,0.529477227331701,,3,mean
mean_ensemble,EE,Deaths,2021-11-15,7.38543478260869,12.4347826086957,0.593933566433566,,3,mean
mean_ensemble,ES,Cases,2021-11-15,4219.39181159421,4070.59521739131,1.03655401391108,,3,mean
mean_ensemble,FI,Cases,2021-11-15,861.26695652174,2039.74369565217,0.422242734887514,,3,mean
mean_ensemble,FI,Deaths,2021-11-15,10.3386956521739,19.1571739130435,0.539677496226865,,3,mean
mean_ensemble,GR,Cases,2021-11-15,17288.3905797102,11145.087826087,1.5512116951868,,3,mean
mean_ensemble,GR,Deaths,2021-11-15,26.2844927536232,23.3719565217391,1.12461670588746,,3,mean
mean_ensemble,HR,Cases,2021-11-15,12951.1891304348,13103.9532608696,0.988342134057288,,3,mean
mean_ensemble,HR,Deaths,2021-11-15,72.8444202898551,70.6534782608696,1.03100968392378,,3,mean
mean_ensemble,HU,Cases,2021-11-15,14641.5089855072,19425.467173913,0.753727509069625,,3,mean
mean_ensemble,HU,Deaths,2021-11-15,274.991304347826,199.906086956522,1.37560245680581,,3,mean
mean_ensemble,IT,Cases,2021-11-15,3562.08000000001,3567.51282608696,0.99847713901763,,3,mean
mean_ensemble,IT,Deaths,2021-11-15,63.7829710144928,24.4997826086957,2.60340967237213,,3,mean
mean_ensemble,LT,Cases,2021-11-15,1595.82318840579,1412.23576086957,1.12999771895253,,3,mean
mean_ensemble,LT,Deaths,2021-11-15,8.16934782608699,11.9969565217391,0.680951690646181,,3,mean
mean_ensemble,LU,Deaths,2021-11-15,1.16159420289855,1.12804347826087,1.02974240380292,,3,mean
mean_ensemble,LV,Cases,2021-11-15,2283.69173913044,1495.22195652174,1.52732624689573,,3,mean
mean_ensemble,LV,Deaths,2021-11-15,19.8650724637681,41.8682608695652,0.474466148131995,,3,mean
mean_ensemble,MT,Cases,2021-11-15,40.4867391304348,69.4586956521739,0.582889424431161,,3,mean
mean_ensemble,MT,Deaths,2021-11-15,1.52478260869565,1.3175,1.15733025327943,,3,mean
mean_ensemble,NO,Cases,2021-11-15,731.347101449279,635.359891304348,1.15107533770801,,3,mean
mean_ensemble,PT,Cases,2021-11-15,2100.67485507246,2176.22717391304,0.965282889697251,,3,mean
mean_ensemble,PT,Deaths,2021-11-15,16.8292753623188,17.8680434782609,0.941864473454755,,3,mean
mean_ensemble,RO,Cases,2021-11-15,1800.45311594203,2714.71282608696,0.663220469819357,,3,mean
mean_ensemble,RO,Deaths,2021-11-15,177.996956521739,112.123695652174,1.58750525913733,,3,mean
mean_ensemble,SI,Cases,2021-11-15,5785.31666666666,5458.61108695652,1.05985141174296,,3,mean
mean_ensemble,SI,Deaths,2021-11-15,7.58297101449276,9.25326086956522,0.819491757703905,,3,mean
mean_ensemble,SK,Cases,2021-11-15,6442.50202898551,7118.36076086957,0.905054161401971,,3,mean
mean_ensemble,SK,Deaths,2021-11-15,29.1040579710145,25.6232608695652,1.13584520405768,,3,mean
mean_ensemble,AT,Cases,2021-11-22,39517.6916666667,37096.3216304348,1.06527251031394,,3,mean
mean_ensemble,AT,Deaths,2021-11-22,36.7033333333334,28.2310869565217,1.30010344234565,,3,mean
mean_ensemble,BE,Cases,2021-11-22,5899.29572463773,4587.40576086957,1.2859764390058,,3,mean
mean_ensemble,BE,Deaths,2021-11-22,29.4294927536232,23.7064130434783,1.2414148314909,,3,mean
mean_ensemble,BG,Cases,2021-11-22,1041.84536231884,1099.11369565217,0.947895896885032,,3,mean
mean_ensemble,BG,Deaths,2021-11-22,44.697463768116,44.6870652173913,1.0002326971054,,3,mean
mean_ensemble,CY,Cases,2021-11-22,718.222681159421,629.334239130435,1.14124202451118,,3,mean
mean_ensemble,CY,Deaths,2021-11-22,2.34840579710145,2.69858695652174,0.870235362038641,,3,mean
mean_ensemble,EE,Cases,2021-11-22,248.188550724638,468.238586956522,0.530047197386753,,3,mean
mean_ensemble,EE,Deaths,2021-11-22,9.08166666666667,9.80728260869565,0.92601253874487,,3,mean
mean_ensemble,ES,Cases,2021-11-22,4028.06072463768,3708.60141304348,1.08614010404856,,3,mean
mean_ensemble,FI,Cases,2021-11-22,412.436739130435,445.942173913044,0.92486596526943,,3,mean
mean_ensemble,FI,Deaths,2021-11-22,10.1685507246377,19.199347826087,0.529630007057909,,3,mean
mean_ensemble,GR,Cases,2021-11-22,3461.1977536232,3078.87391304348,1.12417651757677,,3,mean
mean_ensemble,GR,Deaths,2021-11-22,40.6928260869565,25.8558695652174,1.57383320581484,,3,mean
mean_ensemble,HR,Cases,2021-11-22,2936.03782608696,1523.97010869565,1.92657179385223,,3,mean
mean_ensemble,HR,Deaths,2021-11-22,35.039347826087,24.8413043478261,1.41052769755841,,3,mean
mean_ensemble,HU,Cases,2021-11-22,12236.706884058,13798.1334782609,0.886837839577147,,3,mean
mean_ensemble,HU,Deaths,2021-11-22,225.604927536232,176.934239130435,1.27507784047336,,3,mean
mean_ensemble,IT,Cases,2021-11-22,4864.18652173913,5063.42565217391,0.960651317088216,,3,mean
mean_ensemble,IT,Deaths,2021-11-22,29.4126811594203,27.2351086956522,1.07995460888745,,3,mean
mean_ensemble,LT,Cases,2021-11-22,1906.37507246377,1261.42576086957,1.51128598416256,,3,mean
mean_ensemble,LT,Deaths,2021-11-22,6.37065217391308,7.15576086956522,0.890282988774631,,3,mean
mean_ensemble,LU,Deaths,2021-11-22,2.51536231884058,2.52032608695652,0.998030505599401,,3,mean
mean_ensemble,LV,Cases,2021-11-22,671.305942028986,887.219891304348,0.756639868659915,,3,mean
mean_ensemble,LV,Deaths,2021-11-22,14.1296376811594,27.6092391304348,0.511772077977468,,3,mean
mean_ensemble,MT,Cases,2021-11-22,53.6774637681159,58.2706521739131,0.921174927095574,,3,mean
mean_ensemble,MT,Deaths,2021-11-22,1.78057971014493,1.65173913043478,1.0780029832412,,3,mean
mean_ensemble,NO,Cases,2021-11-22,1266.39869565218,1336.52173913044,0.947533181522448,,3,mean
mean_ensemble,PT,Cases,2021-11-22,1254.57289855073,1206.97152173913,1.03943869093366,,3,mean
mean_ensemble,PT,Deaths,2021-11-22,9.88550724637681,9.31923913043478,1.06076334215877,,3,mean
mean_ensemble,RO,Cases,2021-11-22,1197.26224637681,1436.96847826087,0.833186158561971,,3,mean
mean_ensemble,RO,Deaths,2021-11-22,295.070942028986,154.79402173913,1.90621665303237,,3,mean
mean_ensemble,SI,Cases,2021-11-22,7819.37920289854,5061.20347826087,1.54496440154693,,3,mean
mean_ensemble,SI,Deaths,2021-11-22,14.4488405797101,13.0923913043478,1.10360592223606,,3,mean
mean_ensemble,SK,Cases,2021-11-22,6713.03884057971,4365.00576086957,1.5379221032786,,3,mean
mean_ensemble,SK,Deaths,2021-11-22,38.8799275362319,27.2165217391304,1.42854138044879,,3,mean
mean_ensemble,AT,Cases,2021-11-29,15187.3597826087,16983.9280434783,0.894219508215625,,3,mean
mean_ensemble,AT,Deaths,2021-11-29,34.0599275362319,24.9534782608696,1.3649370713037,,3,mean
mean_ensemble,BE,Cases,2021-11-29,28939.1695652174,10146.8591304348,2.85203225877221,,3,mean
mean_ensemble,BE,Deaths,2021-11-29,39.428115942029,20.2997826086957,1.94229252115929,,3,mean
mean_ensemble,BG,Cases,2021-11-29,572.139855072466,706.92347826087,0.809337746823757,,3,mean
mean_ensemble,BG,Deaths,2021-11-29,36.9586231884058,38.7463043478261,0.953861892391795,,3,mean
mean_ensemble,CY,Cases,2021-11-29,589.792028985507,673.852826086957,0.875253476950467,,3,mean
mean_ensemble,CY,Deaths,2021-11-29,2.46463768115942,1.87260869565217,1.31615200061915,,3,mean
mean_ensemble,EE,Cases,2021-11-29,363.452173913043,195.393260869565,1.86010598469753,,3,mean
mean_ensemble,EE,Deaths,2021-11-29,11.9081884057971,9.91021739130435,1.20160718333443,,3,mean
mean_ensemble,ES,Cases,2021-11-29,5095.37297101449,7194.1747826087,0.708263716824356,,3,mean
mean_ensemble,FI,Cases,2021-11-29,359.141739130434,639.737826086956,0.561388938539359,,3,mean
mean_ensemble,FI,Deaths,2021-11-29,7.14739130434783,4.4654347826087,1.60060367070737,,3,mean
mean_ensemble,GR,Cases,2021-11-29,2028.20833333334,2632.72043478261,0.770385000449473,,3,mean
mean_ensemble,GR,Deaths,2021-11-29,55.4031884057971,31.8163043478261,1.74134581440105,,3,mean
mean_ensemble,HR,Cases,2021-11-29,4677.62579710145,2798.81434782609,1.6712883442,,3,mean
mean_ensemble,HR,Deaths,2021-11-29,25.4089130434782,21.7067391304348,1.17055412564721,,3,mean
mean_ensemble,HU,Cases,2021-11-29,23911.1863768116,15008.8115217391,1.59314322404396,,3,mean
mean_ensemble,HU,Deaths,2021-11-29,68.6190579710145,82.3547826086956,0.833212787374527,,3,mean
mean_ensemble,IT,Cases,2021-11-29,5230.59847826086,4790.59065217391,1.09184834564967,,3,mean
mean_ensemble,IT,Deaths,2021-11-29,49.7589130434782,46.805,1.06311105743998,,3,mean
mean_ensemble,LT,Cases,2021-11-29,1405.78275362319,1101.91565217391,1.27576257842403,,3,mean
mean_ensemble,LT,Deaths,2021-11-29,4.84833333333333,7.71239130434783,0.628642030987212,,3,mean
mean_ensemble,LU,Deaths,2021-11-29,2.80731884057971,2.81586956521739,0.996963380426671,,3,mean
mean_ensemble,LV,Cases,2021-11-29,619.635,410.103913043478,1.51092194025056,,3,mean
mean_ensemble,LV,Deaths,2021-11-29,14.3813768115942,17.0691304347826,0.842537167698275,,3,mean
mean_ensemble,MT,Cases,2021-11-29,120.581231884058,60.4040217391304,1.9962450911765,,3,mean
mean_ensemble,MT,Deaths,2021-11-29,1.81601449275362,2.02032608695652,0.89887197144958,,3,mean
mean_ensemble,NO,Cases,2021-11-29,2235.73579710145,1811.7402173913,1.23402669744819,,3,mean
mean_ensemble,PT,Cases,2021-11-29,2143.87152173912,2249.31391304348,0.953122420711086,,3,mean
mean_ensemble,PT,Deaths,2021-11-29,15.0542028985508,9.20173913043478,1.63601713601714,,3,mean
mean_ensemble,RO,Cases,2021-11-29,547.55615942029,553.51347826087,0.989237265081064,,3,mean
mean_ensemble,RO,Deaths,2021-11-29,98.9992028985509,90.8778260869565,1.08936587901897,,3,mean
mean_ensemble,SI,Cases,2021-11-29,837.648695652172,935.653913043478,0.89525484153375,,3,mean
mean_ensemble,SI,Deaths,2021-11-29,5.17876811594201,9.88608695652174,0.523844078928077,,3,mean
mean_ensemble,SK,Cases,2021-11-29,20643.7404347826,15294.4895652174,1.34975020557276,,3,mean
mean_ensemble,SK,Deaths,2021-11-29,42.1894927536232,31.0752173913044,1.35765720388585,,3,mean
mean_ensemble,AT,Cases,2021-12-06,26919.9534782609,25559.9413043478,1.05320873619071,,3,mean
mean_ensemble,AT,Deaths,2021-12-06,45.2645652173913,37.8728260869565,1.19517263151853,,3,mean
mean_ensemble,BE,Cases,2021-12-06,42351.5843478261,30360.7154347826,1.39494684961561,,3,mean
mean_ensemble,BE,Deaths,2021-12-06,36.8083333333334,21.3903260869565,1.72079346447077,,3,mean
mean_ensemble,BG,Cases,2021-12-06,716.04855072464,604.848043478261,1.18384866818268,,3,mean
mean_ensemble,BG,Deaths,2021-12-06,33.3347101449275,35.134347826087,0.948778395145754,,3,mean
mean_ensemble,CY,Cases,2021-12-06,830.22268115942,575.838913043479,1.44176203162695,,3,mean
mean_ensemble,CY,Deaths,2021-12-06,1.06246376811594,1.24652173913043,0.852342750842925,,3,mean
mean_ensemble,EE,Cases,2021-12-06,513.295,513.211086956522,1.00016350590549,,3,mean
mean_ensemble,EE,Deaths,2021-12-06,3.51688405797102,4.67195652173913,0.752764723217471,,3,mean
mean_ensemble,ES,Cases,2021-12-06,18863.2020289855,12657.6713043478,1.49025848241976,,3,mean
mean_ensemble,FI,Cases,2021-12-06,620.042681159418,984.363695652174,0.629891862020185,,3,mean
mean_ensemble,FI,Deaths,2021-12-06,11.6665942028986,8.15739130434783,1.43018690260456,,3,mean
mean_ensemble,GR,Cases,2021-12-06,1534.14130434782,2010.02652173913,0.763244309343957,,3,mean
mean_ensemble,GR,Deaths,2021-12-06,19.9086231884058,26.8580434782609,0.741253665946294,,3,mean
mean_ensemble,HR,Cases,2021-12-06,1124.87369565218,1327.74565217391,0.847205708269822,,3,mean
mean_ensemble,HR,Deaths,2021-12-06,14.6936956521739,19.0063043478261,0.773095883516911,,3,mean
mean_ensemble,HU,Cases,2021-12-06,13216.6207246377,12871.7663043478,1.02679153832783,,3,mean
mean_ensemble,HU,Deaths,2021-12-06,68.0572463768116,52.4626086956522,1.29725242546797,,3,mean
mean_ensemble,IT,Cases,2021-12-06,7589.88739130436,7795.54347826087,0.973618762113249,,3,mean
mean_ensemble,IT,Deaths,2021-12-06,27.2382608695652,32.019347826087,0.850681313607941,,3,mean
mean_ensemble,LT,Cases,2021-12-06,1276.40159420289,689.764565217391,1.85048878786723,,3,mean
mean_ensemble,LT,Deaths,2021-12-06,8.50471014492758,7.89304347826087,1.07749439976498,,3,mean
mean_ensemble,LU,Deaths,2021-12-06,2.38253623188406,2.4,0.99272342995169,,3,mean
mean_ensemble,LV,Cases,2021-12-06,716.943623188406,665.153260869565,1.0778622993611,,3,mean
mean_ensemble,LV,Deaths,2021-12-06,13.7242753623188,11.6776086956522,1.17526419321009,,3,mean
mean_ensemble,MT,Cases,2021-12-06,109.026376811594,118.27097826087,0.921835419092544,,3,mean
mean_ensemble,MT,Deaths,2021-12-06,0.91840579710145,0.971304347826087,0.945538645180543,,3,mean
mean_ensemble,NO,Cases,2021-12-06,1779.40550724637,1202.70934782609,1.47949752819555,,3,mean
mean_ensemble,PT,Cases,2021-12-06,1258.08094202898,1308.05543478261,0.961794820445106,,3,mean
mean_ensemble,PT,Deaths,2021-12-06,14.0426086956522,12.194347826087,1.15156701251471,,3,mean
mean_ensemble,RO,Cases,2021-12-06,447.215869565217,770.608043478261,0.580341554114382,,3,mean
mean_ensemble,RO,Deaths,2021-12-06,66.6299275362319,82.2395652173913,0.810193090881536,,3,mean
mean_ensemble,SI,Cases,2021-12-06,613.234347826089,487.700760869565,1.2573987925151,,3,mean
mean_ensemble,SI,Deaths,2021-12-06,3.59637681159419,6.3745652173913,0.564176016551283,,3,mean
mean_ensemble,SK,Cases,2021-12-06,21549.6498550725,21037.6732608696,1.02433617956959,,3,mean
mean_ensemble,SK,Deaths,2021-12-06,36.4062318840579,32.1276086956522,1.13317589954913,,3,mean
mean_ensemble,AT,Cases,2021-12-13,2869.42275362319,3944.0152173913,0.727538459022762,,3,mean
mean_ensemble,AT,Deaths,2021-12-13,87.9873913043478,32.0628260869565,2.74421821288367,,3,mean
mean_ensemble,BE,Cases,2021-12-13,24895.1877536232,21536.2048913044,1.15596911708781,,3,mean
mean_ensemble,BE,Deaths,2021-12-13,38.5373913043478,30.7384782608696,1.25371825427697,,3,mean
mean_ensemble,BG,Cases,2021-12-13,597.019420289856,615.849347826087,0.969424458103756,,3,mean
mean_ensemble,BG,Deaths,2021-12-13,26.8823913043478,24.0080434782609,1.11972436773907,,3,mean
mean_ensemble,CY,Cases,2021-12-13,357.765724637681,274.644456521739,1.3026504491248,,3,mean
mean_ensemble,CY,Deaths,2021-12-13,1.59507246376812,1.78695652173913,0.892619626926196,,3,mean
mean_ensemble,EE,Cases,2021-12-13,1094.99108695652,861.46347826087,1.27108242495329,,3,mean
mean_ensemble,EE,Deaths,2021-12-13,4.47079710144928,4.01423913043478,1.11373462222343,,3,mean
mean_ensemble,ES,Cases,2021-12-13,88134.5742028985,87171.2289130435,1.01105118399577,,3,mean
mean_ensemble,FI,Cases,2021-12-13,3107.36985507246,3550.64739130435,0.875155855431466,,3,mean
mean_ensemble,FI,Deaths,2021-12-13,10.718115942029,10.761847826087,0.99593639635454,,3,mean
mean_ensemble,GR,Cases,2021-12-13,3655.805,3581.72032608696,1.02068410349447,,3,mean
mean_ensemble,GR,Deaths,2021-12-13,22.3971739130435,24.3965217391304,0.918047832905616,,3,mean
mean_ensemble,HR,Cases,2021-12-13,977.204492753621,1155.22510869565,0.845899630641658,,3,mean
mean_ensemble,HR,Deaths,2021-12-13,12.9821014492754,14.4001086956522,0.901528017854133,,3,mean
mean_ensemble,HU,Cases,2021-12-13,7139.6170289855,4926.07141304348,1.44935313160116,,3,mean
mean_ensemble,HU,Deaths,2021-12-13,121.601884057971,82.9127173913044,1.46662524017967,,3,mean
mean_ensemble,IT,Cases,2021-12-13,49271.2156521739,61668.5122826087,0.798968773989202,,3,mean
mean_ensemble,IT,Deaths,2021-12-13,69.2116666666666,55.2226086956522,1.25332120849474,,3,mean
mean_ensemble,LT,Cases,2021-12-13,517.446884057972,436.774456521739,1.18470042451353,,3,mean
mean_ensemble,LT,Deaths,2021-12-13,30.5014492753623,26.4195652173913,1.15450231767191,,3,mean
mean_ensemble,LU,Deaths,2021-12-13,2.14014492753623,2.31152173913044,0.925859744819586,,3,mean
mean_ensemble,LV,Cases,2021-12-13,545.695434782608,483.711956521739,1.12814129860791,,3,mean
mean_ensemble,LV,Deaths,2021-12-13,10.6223188405797,12.3013043478261,0.86351158708279,,3,mean
mean_ensemble,MT,Cases,2021-12-13,1851.05811594203,1796.78434782609,1.0302060557137,,3,mean
mean_ensemble,MT,Deaths,2021-12-13,1.29630434782609,0.808586956521739,1.60317246941793,,3,mean
mean_ensemble,NO,Cases,2021-12-13,9984.58239130435,7845.89902173913,1.27258614514913,,3,mean
mean_ensemble,PT,Cases,2021-12-13,9593.45695652174,9769.69543478261,0.981960698832697,,3,mean
mean_ensemble,PT,Deaths,2021-12-13,33.731884057971,28.4017391304348,1.1876696670953,,3,mean
mean_ensemble,RO,Cases,2021-12-13,494.65884057971,739.596413043478,0.66882266038063,,3,mean
mean_ensemble,RO,Deaths,2021-12-13,85.6054347826087,84.6453260869565,1.01134272546444,,3,mean
mean_ensemble,SI,Cases,2021-12-13,446.741376811594,525.218260869565,0.850582338991713,,3,mean
mean_ensemble,SI,Deaths,2021-12-13,9.0418115942029,8.59282608695652,1.05225120381849,,3,mean
mean_ensemble,SK,Cases,2021-12-13,9534.16920289855,3477.66391304348,2.74154416335037,,3,mean
mean_ensemble,SK,Deaths,2021-12-13,44.7426811594203,47.5478260869565,0.941003718605218,,3,mean
mean_ensemble,AT,Cases,2021-12-20,2019.25608695652,2030.95326086957,0.994240549923812,,3,mean
mean_ensemble,AT,Deaths,2021-12-20,12.9726086956522,21.1073913043478,0.614600284260614,,3,mean
mean_ensemble,BE,Cases,2021-12-20,11758.1665217391,11982.3343478261,0.981291806789915,,3,mean
mean_ensemble,BE,Deaths,2021-12-20,102.033043478261,57.9257608695652,1.761445028025,,3,mean
mean_ensemble,BG,Cases,2021-12-20,2115.89920289855,2228.67086956522,0.949399586898774,,3,mean
mean_ensemble,BG,Deaths,2021-12-20,22.6892753623189,28.6515217391304,0.791904722161103,,3,mean
mean_ensemble,CY,Cases,2021-12-20,7324.25413043479,7403.9452173913,0.989236672528407,,3,mean
mean_ensemble,CY,Deaths,2021-12-20,2.16826086956522,2.04934782608696,1.05802482231887,,3,mean
mean_ensemble,EE,Cases,2021-12-20,395.990072463768,1014.47108695652,0.390341408005785,,3,mean
mean_ensemble,EE,Deaths,2021-12-20,2.39985507246377,2.52217391304348,0.951502614491753,,3,mean
mean_ensemble,ES,Cases,2021-12-20,67777.7134057971,121472.859130435,0.557965901938794,,3,mean
mean_ensemble,FI,Cases,2021-12-20,14680.3657246377,14808.5897826087,0.991341237764477,,3,mean
mean_ensemble,FI,Deaths,2021-12-20,14.6873188405797,17.3410869565217,0.84696644895469,,3,mean
mean_ensemble,GR,Cases,2021-12-20,74925.75,74183.9517391305,1.0099994438619,,3,mean
mean_ensemble,GR,Deaths,2021-12-20,35.8793478260869,34.8697826086957,1.02895243795238,,3,mean
mean_ensemble,HR,Cases,2021-12-20,4465.22166666666,3483.44173913044,1.28184192561846,,3,mean
mean_ensemble,HR,Deaths,2021-12-20,19.7553623188406,13.6815217391304,1.44394481078361,,3,mean
mean_ensemble,HU,Cases,2021-12-20,2418.63942028985,2314.25391304348,1.04510546861692,,3,mean
mean_ensemble,HU,Deaths,2021-12-20,76.6047101449276,95.94,0.798464771158303,,3,mean
mean_ensemble,IT,Cases,2021-12-20,192883.347971015,212982.104130435,0.905631713793609,,3,mean
mean_ensemble,IT,Deaths,2021-12-20,52.2581159420288,74.5965217391304,0.700543600742932,,3,mean
mean_ensemble,LT,Cases,2021-12-20,608.803623188405,539.515,1.12842761218577,,3,mean
mean_ensemble,LT,Deaths,2021-12-20,11.8368115942029,15.3345652173913,0.771903958566655,,3,mean
mean_ensemble,LU,Deaths,2021-12-20,1.35797101449275,1.29282608695652,1.05038955215515,,3,mean
mean_ensemble,LV,Cases,2021-12-20,303.527391304348,510.209130434783,0.594907799955858,,3,mean
mean_ensemble,LV,Deaths,2021-12-20,7.13304347826087,7.41304347826087,0.962228739002932,,3,mean
mean_ensemble,MT,Cases,2021-12-20,4018.65289855073,4328.57304347826,0.928401313362498,,3,mean
mean_ensemble,MT,Deaths,2021-12-20,0.706086956521739,0.715869565217392,0.986334649255997,,3,mean
mean_ensemble,NO,Cases,2021-12-20,9055.06789855072,8656.25130434782,1.04607266820022,,3,mean
mean_ensemble,PT,Cases,2021-12-20,58271.3223188406,58353.7067391304,0.998588188739095,,3,mean
mean_ensemble,PT,Deaths,2021-12-20,6.27449275362314,10.8804347826087,0.576676656676653,,3,mean
mean_ensemble,RO,Cases,2021-12-20,1051.28050724638,1382.14869565217,0.760613174655803,,3,mean
mean_ensemble,RO,Deaths,2021-12-20,43.6968115942029,54.5102173913044,0.801626074622362,,3,mean
mean_ensemble,SI,Cases,2021-12-20,1163.16971014493,1332.15336956522,0.873149996628811,,3,mean
mean_ensemble,SI,Deaths,2021-12-20,7.16202898550725,9.38478260869565,0.763153424445989,,3,mean
mean_ensemble,SK,Cases,2021-12-20,1879.16159420289,1055.14630434783,1.78094884705527,,3,mean
mean_ensemble,SK,Deaths,2021-12-20,227.401594202899,182.53347826087,1.24580759852669,,3,mean
mean_ensemble,AT,Cases,2021-12-27,18154.0680434783,18202.909673913,0.997316822897562,,3,mean
mean_ensemble,AT,Deaths,2021-12-27,17.2799275362319,10.9669565217391,1.5756356380167,,3,mean
mean_ensemble,BE,Cases,2021-12-27,56049.9465942029,65484.3846739131,0.855928430469493,,3,mean
mean_ensemble,BE,Deaths,2021-12-27,26.1174637681159,28.2256521739131,0.925309488234055,,3,mean
mean_ensemble,BG,Cases,2021-12-27,11776.6792028985,11828.9622826087,0.995580078923151,,3,mean
mean_ensemble,BG,Deaths,2021-12-27,75.0710144927535,54.5884782608696,1.37521720488344,,3,mean
mean_ensemble,CY,Cases,2021-12-27,19504.347826087,19029.8844565217,1.02493254074397,,3,mean
mean_ensemble,CY,Deaths,2021-12-27,1.41246376811594,1.46195652173913,0.966146220570014,,3,mean
mean_ensemble,EE,Cases,2021-12-27,1466.07420289855,1896.84445652174,0.772901646130176,,3,mean
mean_ensemble,EE,Deaths,2021-12-27,5.23710144927536,5.22717391304348,1.00189921674638,,3,mean
mean_ensemble,ES,Cases,2021-12-27,141463.910144928,274731.43826087,0.514917080624029,,3,mean
mean_ensemble,FI,Cases,2021-12-27,19939.5592753623,22744.3039130435,0.876683645786465,,3,mean
mean_ensemble,FI,Deaths,2021-12-27,28.8134057971014,20.498152173913,1.40565869316605,,3,mean
mean_ensemble,GR,Cases,2021-12-27,117957.570869565,154579.566521739,0.763086438419895,,3,mean
mean_ensemble,GR,Deaths,2021-12-27,41.7079710144928,21.9325,1.9016514767807,,3,mean
mean_ensemble,HR,Cases,2021-12-27,11296.2658695652,11857.4988043478,0.952668522759891,,3,mean
mean_ensemble,HR,Deaths,2021-12-27,9.32224637681159,9.60619565217391,0.970441027265766,,3,mean
mean_ensemble,HU,Cases,2021-12-27,15257.4606521739,11870.1457608696,1.28536422041849,,3,mean
mean_ensemble,HU,Deaths,2021-12-27,232.672753623188,206.783695652174,1.12519873914316,,3,mean
mean_ensemble,IT,Cases,2021-12-27,192338.48615942,304970.494456522,0.63067899897064,,3,mean
mean_ensemble,IT,Deaths,2021-12-27,192.094420289855,257.363043478261,0.746394733656005,,3,mean
mean_ensemble,LT,Cases,2021-12-27,5851.43376811594,5484.45684782609,1.06691217206592,,3,mean
mean_ensemble,LT,Deaths,2021-12-27,4.1176811594203,10.4247826086957,0.394989642852179,,3,mean
mean_ensemble,LU,Deaths,2021-12-27,1.07144927536232,1.74967391304348,0.612370835145265,,3,mean
mean_ensemble,LV,Cases,2021-12-27,1744.04311594203,2214.40423913043,0.78759021732495,,3,mean
mean_ensemble,LV,Deaths,2021-12-27,8.76789855072464,10.0555434782609,0.871946759484457,,3,mean
mean_ensemble,MT,Cases,2021-12-27,2998.02920289855,2768.77663043478,1.08279922979116,,3,mean
mean_ensemble,MT,Deaths,2021-12-27,1.57434782608696,2.39739130434783,0.656692056583243,,3,mean
mean_ensemble,NO,Cases,2021-12-27,12369.1854347826,9210.0825,1.34300484656708,,3,mean
mean_ensemble,PT,Cases,2021-12-27,41838.1676811594,71428.4466304348,0.585735370917792,,3,mean
mean_ensemble,PT,Deaths,2021-12-27,41.6051449275362,17.488152173913,2.37904751249811,,3,mean
mean_ensemble,RO,Cases,2021-12-27,13768.7044202899,13815.2730434783,0.996629192702754,,3,mean
mean_ensemble,RO,Deaths,2021-12-27,42.9849275362318,32.3129347826087,1.33026999328353,,3,mean
mean_ensemble,SI,Cases,2021-12-27,7310.93804347826,8376.27586956522,0.872814859171746,,3,mean
mean_ensemble,SI,Deaths,2021-12-27,3.57876811594203,5.62391304347826,0.636348408710218,,3,mean
mean_ensemble,SK,Cases,2021-12-27,4440.64043478261,4680.79619565217,0.948693395133794,,3,mean
mean_ensemble,SK,Deaths,2021-12-27,13.4870289855072,27.195,0.495937818919185,,3,mean
mean_ensemble,AT,Cases,2022-01-03,30513.2186956522,47427.740326087,0.643362270389863,,3,mean
mean_ensemble,AT,Deaths,2022-01-03,13.5921014492753,7.58228260869565,1.79261340558414,,3,mean
mean_ensemble,BE,Cases,2022-01-03,78649.9127536233,81548.5893478261,0.964454607769618,,3,mean
mean_ensemble,BE,Deaths,2022-01-03,19.6867391304348,14.48,1.35958143165986,,3,mean
mean_ensemble,BG,Cases,2022-01-03,13814.4636956522,17021.8747826087,0.811571220684014,,3,mean
mean_ensemble,BG,Deaths,2022-01-03,53.6709420289855,48.7539130434783,1.10085403772867,,3,mean
mean_ensemble,CY,Cases,2022-01-03,3595.59891304348,3513.09652173913,1.02348423699543,,3,mean
mean_ensemble,CY,Deaths,2022-01-03,1.51384057971014,2.74978260869565,0.550531003768413,,3,mean
mean_ensemble,EE,Cases,2022-01-03,2458.47673913043,3256.21,0.755011728091995,,3,mean
mean_ensemble,EE,Deaths,2022-01-03,8.61652173913043,5.34956521739131,1.61069570871261,,3,mean
mean_ensemble,ES,Cases,2022-01-03,178970.068913043,72019.6129347826,2.48501847788476,,3,mean
mean_ensemble,FI,Cases,2022-01-03,6795.58471014493,8961.90032608696,0.758274971030848,,3,mean
mean_ensemble,FI,Deaths,2022-01-03,10.9197101449275,10.3911956521739,1.05086175936289,,3,mean
mean_ensemble,GR,Cases,2022-01-03,23201.6789130435,24053.2235869565,0.964597482294439,,3,mean
mean_ensemble,GR,Deaths,2022-01-03,93.099347826087,72.5613043478261,1.28304402274539,,3,mean
mean_ensemble,HR,Cases,2022-01-03,9675.19623188406,14001.4510869565,0.691013822195707,,3,mean
mean_ensemble,HR,Deaths,2022-01-03,16.8728260869565,12.180652173913,1.38521532722957,,3,mean
mean_ensemble,HU,Cases,2022-01-03,19779.5904347826,21038.2033695652,0.940174885056803,,3,mean
mean_ensemble,HU,Deaths,2022-01-03,53.9055072463768,40.2085869565217,1.34064664606756,,3,mean
mean_ensemble,IT,Cases,2022-01-03,840459.617608696,235083.930652174,3.57514703483594,,3,mean
mean_ensemble,IT,Deaths,2022-01-03,302.339855072464,92.2044565217391,3.27901564065052,,3,mean
mean_ensemble,LT,Cases,2022-01-03,11723.8415942029,11298.6273913044,1.0376341468899,,3,mean
mean_ensemble,LT,Deaths,2022-01-03,11.1499275362319,11.7021739130435,0.952808223419408,,3,mean
mean_ensemble,LU,Deaths,2022-01-03,1.75985507246377,1.57586956521739,1.11675173587162,,3,mean
mean_ensemble,LV,Cases,2022-01-03,5459.14804347826,5673.35934782609,0.962242598923351,,3,mean
mean_ensemble,LV,Deaths,2022-01-03,7.20021739130435,5.73315217391304,1.25589155370177,,3,mean
mean_ensemble,MT,Cases,2022-01-03,9217.33152173914,7540.77260869565,1.22233251154002,,3,mean
mean_ensemble,MT,Deaths,2022-01-03,2.96021739130435,2.59902173913043,1.13897369411568,,3,mean
mean_ensemble,NO,Cases,2022-01-03,28250.4282608696,28956.8251086957,0.975605169241639,,3,mean
mean_ensemble,PT,Cases,2022-01-03,90198.5314492753,21537.6989130435,4.18793724498814,,3,mean
mean_ensemble,PT,Deaths,2022-01-03,12.6472463768116,16.655,0.75936633904603,,3,mean
mean_ensemble,RO,Cases,2022-01-03,23807.173115942,31515.2016304348,0.755418714914742,,3,mean
mean_ensemble,RO,Deaths,2022-01-03,35.5344927536232,22.8402173913044,1.55578610066784,,3,mean
mean_ensemble,SI,Cases,2022-01-03,18456.0247101449,16074.4141304348,1.14816157904013,,3,mean
mean_ensemble,SI,Deaths,2022-01-03,4.10456521739131,2.69673913043478,1.52204756146715,,3,mean
mean_ensemble,SK,Cases,2022-01-03,3307.59231884058,2388.62684782609,1.38472542157468,,3,mean
mean_ensemble,SK,Deaths,2022-01-03,36.7647101449275,36.4532608695652,1.0085437973979,,3,mean
mean_ensemble,AT,Cases,2022-01-10,10122.0372463768,18630.3465217391,0.543309123883753,,3,mean
mean_ensemble,AT,Deaths,2022-01-10,28.3861594202898,7.12586956521739,3.98353620712447,,3,mean
mean_ensemble,BE,Cases,2022-01-10,97943.5744927536,82634.1892391305,1.18526696267716,,3,mean
mean_ensemble,BE,Deaths,2022-01-10,30.5811594202898,30.8708695652174,0.990615420005726,,3,mean
mean_ensemble,BG,Cases,2022-01-10,6244.08086956522,3292.21739130435,1.89661863947914,,3,mean
mean_ensemble,BG,Deaths,2022-01-10,224.902028985508,40.555652173913,5.54551627036029,,3,mean
mean_ensemble,CY,Cases,2022-01-10,41767.9800724638,33893.9617391304,1.23231330683432,,3,mean
mean_ensemble,CY,Deaths,2022-01-10,2.66963768115942,4.33152173913043,0.616327896277708,,3,mean
mean_ensemble,EE,Cases,2022-01-10,3201.7781884058,4529.21891304348,0.706916192367111,,3,mean
mean_ensemble,EE,Deaths,2022-01-10,2.41159420289855,2.14282608695652,1.12542693855466,,3,mean
mean_ensemble,ES,Cases,2022-01-10,170762.055942029,120418.459021739,1.41807209068505,,3,mean
mean_ensemble,FI,Cases,2022-01-10,18011.6551449275,12561.1055434783,1.43392276122377,,3,mean
mean_ensemble,FI,Deaths,2022-01-10,68.232463768116,44.3173913043478,1.53963177343929,,3,mean
mean_ensemble,GR,Cases,2022-01-10,161194.867391304,161973.621195652,0.995192094869527,,3,mean
mean_ensemble,GR,Deaths,2022-01-10,57.7368840579711,94.8382608695652,0.608793155089367,,3,mean
mean_ensemble,HR,Cases,2022-01-10,4703.46528985507,5600.04804347826,0.839897310404804,,3,mean
mean_ensemble,HR,Deaths,2022-01-10,23.1310869565218,23.2376086956522,0.995415976724389,,3,mean
mean_ensemble,HU,Cases,2022-01-10,11431.6494202899,23128.3639130435,0.494269696865279,,3,mean
mean_ensemble,HU,Deaths,2022-01-10,75.7842028985507,58.9489130434783,1.28559118371963,,3,mean
mean_ensemble,IT,Cases,2022-01-10,561782.145724638,397067.721847826,1.41482703028663,,3,mean
mean_ensemble,IT,Deaths,2022-01-10,470.559710144928,284.57,1.65358157973408,,3,mean
mean_ensemble,LT,Cases,2022-01-10,9800.05376811594,8196.77913043478,1.19559812606493,,3,mean
mean_ensemble,LT,Deaths,2022-01-10,14.9235507246377,12.3241304347826,1.21092119266433,,3,mean
mean_ensemble,LU,Deaths,2022-01-10,1.89920289855072,1.61347826086956,1.1770861403036,,3,mean
mean_ensemble,LV,Cases,2022-01-10,9686.26891304348,8963.58206521739,1.08062478176336,,3,mean
mean_ensemble,LV,Deaths,2022-01-10,16.0864492753623,11.3473913043478,1.41763413668468,,3,mean
mean_ensemble,MT,Cases,2022-01-10,10502.4641304348,8286.09086956522,1.26748116762879,,3,mean
mean_ensemble,MT,Deaths,2022-01-10,2.19065217391304,2.18597826086957,1.00213813335985,,3,mean
mean_ensemble,NO,Cases,2022-01-10,29269.4282608696,25086.4592391304,1.16674210504823,,3,mean
mean_ensemble,PT,Cases,2022-01-10,55671.1289855072,95128.682826087,0.585219171879888,,3,mean
mean_ensemble,PT,Deaths,2022-01-10,130.471014492754,112.678043478261,1.15790983287641,,3,mean
mean_ensemble,RO,Cases,2022-01-10,47044.7431159421,7603.79336956522,6.1870096712836,,3,mean
mean_ensemble,RO,Deaths,2022-01-10,50.7694927536232,40.3952173913044,1.2568193967574,,3,mean
mean_ensemble,SI,Cases,2022-01-10,15389.8033333333,19638.7626086957,0.783644246838598,,3,mean
mean_ensemble,SI,Deaths,2022-01-10,13.2713043478261,3.64565217391304,3.64031007751938,,3,mean
mean_ensemble,SK,Cases,2022-01-10,11915.2251449275,11014.3552173913,1.08179052788436,,3,mean
mean_ensemble,SK,Deaths,2022-01-10,89.8089855072464,91.0117391304348,0.986784632019121,,3,mean
mean_ensemble,AT,Cases,2022-01-17,19001.5847101449,10971.8836956522,1.73184343155904,,3,mean
mean_ensemble,AT,Deaths,2022-01-17,11.399347826087,6.45413043478261,1.766209707299,,3,mean
mean_ensemble,BE,Cases,2022-01-17,57386.9045652174,50323.9173913044,1.14035050409517,,3,mean
mean_ensemble,BE,Deaths,2022-01-17,21.523115942029,11.1015217391304,1.93875366348784,,3,mean
mean_ensemble,BG,Cases,2022-01-17,11270.5057246377,7432.25913043478,1.51643067428656,,3,mean
mean_ensemble,BG,Deaths,2022-01-17,119.646956521739,71.1966304347826,1.68051431354378,,3,mean
mean_ensemble,CY,Cases,2022-01-17,12585.8879710145,10458.2430434783,1.20344190880733,,3,mean
mean_ensemble,CY,Deaths,2022-01-17,6.65884057971014,5.76652173913044,1.15474126014728,,3,mean
mean_ensemble,EE,Cases,2022-01-17,6616.42369565217,7728.11130434783,0.856150155592322,,3,mean
mean_ensemble,EE,Deaths,2022-01-17,2.26833333333334,2.14630434782609,1.05685539687363,,3,mean
mean_ensemble,ES,Cases,2022-01-17,118823.266666667,160101.451304348,0.742174825391105,,3,mean
mean_ensemble,FI,Cases,2022-01-17,52429.5634057971,35491.4676086957,1.47724416425517,,3,mean
mean_ensemble,FI,Deaths,2022-01-17,49.7609420289855,53.6652173913044,0.92724756272111,,3,mean
mean_ensemble,GR,Cases,2022-01-17,31880.8196376812,21643.532826087,1.47299518492911,,3,mean
mean_ensemble,GR,Deaths,2022-01-17,26.4176811594203,32.474347826087,0.813493816747221,,3,mean
mean_ensemble,HR,Cases,2022-01-17,5867.52442028985,9045.81608695652,0.648645115475036,,3,mean
mean_ensemble,HR,Deaths,2022-01-17,57.8239130434783,62.714347826087,0.92202047933002,,3,mean
mean_ensemble,HU,Cases,2022-01-17,8651.68137681159,15306.3141304348,0.565236104726791,,3,mean
mean_ensemble,HU,Deaths,2022-01-17,57.7798550724638,79.9108695652174,0.723053764610935,,3,mean
mean_ensemble,IT,Cases,2022-01-17,242874.433115943,245258.280869565,0.990280255797395,,3,mean
mean_ensemble,IT,Deaths,2022-01-17,224.829202898551,358.81652173913,0.626585425355659,,3,mean
mean_ensemble,LT,Cases,2022-01-17,12724.3706521739,13610.685,0.934880988882919,,3,mean
mean_ensemble,LT,Deaths,2022-01-17,6.57340579710143,5.16847826086957,1.27182614791447,,3,mean
mean_ensemble,LU,Deaths,2022-01-17,3.97268115942029,3.58934782608696,1.10679748854299,,3,mean
mean_ensemble,LV,Cases,2022-01-17,9630.49101449275,10895.2719565217,0.883914697395699,,3,mean
mean_ensemble,LV,Deaths,2022-01-17,21.4749275362319,12.6195652173913,1.70171691070916,,3,mean
mean_ensemble,MT,Cases,2022-01-17,1211.45333333333,1351.33804347826,0.896484295088094,,3,mean
mean_ensemble,MT,Deaths,2022-01-17,2.26804347826087,2.64586956521739,0.857201544655328,,3,mean
mean_ensemble,NO,Cases,2022-01-17,22712.1701449276,20705.2930434783,1.0969258004335,,3,mean
mean_ensemble,PT,Cases,2022-01-17,34415.5230434782,32075.8084782609,1.07294327645095,,3,mean
mean_ensemble,PT,Deaths,2022-01-17,11.9699275362319,22.1778260869565,0.539725015846876,,3,mean
mean_ensemble,RO,Cases,2022-01-17,28779.7389855073,15915.76,1.80825414466587,,3,mean
mean_ensemble,RO,Deaths,2022-01-17,76.0810869565218,16.4320652173913,4.63003803538945,,3,mean
mean_ensemble,SI,Cases,2022-01-17,33279.9265942029,15988.0630434783,2.08154837166333,,3,mean
mean_ensemble,SI,Deaths,2022-01-17,10.2185507246377,17.6992391304348,0.577344068258072,,3,mean
mean_ensemble,SK,Cases,2022-01-17,46357.3888405797,46022.8795652174,1.00726832563548,,3,mean
mean_ensemble,SK,Deaths,2022-01-17,43.9279710144928,43.6971739130435,1.00528173977357,,3,mean
mean_ensemble,AT,Cases,2022-01-24,13152.5432608696,17989.0089130435,0.731143295578274,,3,mean
mean_ensemble,AT,Deaths,2022-01-24,9.28260869565219,6.91195652173913,1.34297845573204,,3,mean
mean_ensemble,BE,Cases,2022-01-24,75317.6593478261,61884.4341304348,1.21706953301177,,3,mean
mean_ensemble,BE,Deaths,2022-01-24,27.8731884057971,24.8486956521739,1.12171635871594,,3,mean
mean_ensemble,BG,Cases,2022-01-24,27874.0465217391,20358.1676086957,1.36918248525634,,3,mean
mean_ensemble,BG,Deaths,2022-01-24,98.0500000000001,123.314565217391,0.795120996673407,,3,mean
mean_ensemble,CY,Cases,2022-01-24,4072.71398550725,4801.90913043478,0.84814474303442,,3,mean
mean_ensemble,CY,Deaths,2022-01-24,23.2133333333333,17.3097826086957,1.34105285190999,,3,mean
mean_ensemble,EE,Cases,2022-01-24,4340.43420289855,3872.50173913044,1.12083466846246,,3,mean
mean_ensemble,EE,Deaths,2022-01-24,7.40666666666668,8.75152173913044,0.846329002823526,,3,mean
mean_ensemble,ES,Cases,2022-01-24,200447.007971014,165453.560217391,1.21150011947549,,3,mean
mean_ensemble,FI,Cases,2022-01-24,13101.8148550725,12031.5658695652,1.08895342444283,,3,mean
mean_ensemble,FI,Deaths,2022-01-24,27.9494202898551,28.6632608695652,0.975095625617806,,3,mean
mean_ensemble,GR,Cases,2022-01-24,14466.821884058,12226.0306521739,1.18328035448575,,3,mean
mean_ensemble,GR,Deaths,2022-01-24,35.1781884057971,32.8991304347826,1.06927410970732,,3,mean
mean_ensemble,HR,Cases,2022-01-24,4467.80362318841,9776.1702173913,0.457009598220826,,3,mean
mean_ensemble,HR,Deaths,2022-01-24,20.8121014492754,18.8045652173913,1.10675791802022,,3,mean
mean_ensemble,HU,Cases,2022-01-24,25052.945942029,16358.4706521739,1.53149682966847,,3,mean
mean_ensemble,HU,Deaths,2022-01-24,196.292101449275,54.3045652173913,3.61465192960263,,3,mean
mean_ensemble,IT,Cases,2022-01-24,204130.585434783,175230.20173913,1.16492809691948,,3,mean
mean_ensemble,IT,Deaths,2022-01-24,660.512391304348,672.369782608696,0.982364776628803,,3,mean
mean_ensemble,LT,Cases,2022-01-24,13934.5036231884,12998.7797826087,1.07198551373504,,3,mean
mean_ensemble,LT,Deaths,2022-01-24,7.07956521739134,11.7663043478261,0.601681293302543,,3,mean
mean_ensemble,LU,Deaths,2022-01-24,2.72971014492754,2.21934782608696,1.22996049237601,,3,mean
mean_ensemble,LV,Cases,2022-01-24,2980.68630434782,4204.60130434783,0.708910569300733,,3,mean
mean_ensemble,LV,Deaths,2022-01-24,9.5781884057971,10.7882608695652,0.887834334152796,,3,mean
mean_ensemble,MT,Cases,2022-01-24,222.337391304348,197.205,1.12744297205623,,3,mean
mean_ensemble,MT,Deaths,2022-01-24,1.34166666666667,2.39739130434783,0.559636077862412,,3,mean
mean_ensemble,NO,Cases,2022-01-24,6956.12326086953,12128.8656521739,0.573518040380203,,3,mean
mean_ensemble,PT,Cases,2022-01-24,32891.4289130434,18463.0697826087,1.78147129921079,,3,mean
mean_ensemble,PT,Deaths,2022-01-24,62.9392753623189,31.6695652173913,1.98737415339557,,3,mean
mean_ensemble,RO,Cases,2022-01-24,24172.3938405797,28514.1332608696,0.847733775367877,,3,mean
mean_ensemble,RO,Deaths,2022-01-24,30.0545652173913,37.7377173913043,0.796406547480176,,3,mean
mean_ensemble,SI,Cases,2022-01-24,10334.942826087,9142.3,1.13045325859871,,3,mean
mean_ensemble,SI,Deaths,2022-01-24,26.2117391304348,20.1808695652174,1.2988409169252,,3,mean
mean_ensemble,SK,Cases,2022-01-24,61077.7918115942,56026.5017391305,1.09015894113795,,3,mean
mean_ensemble,SK,Deaths,2022-01-24,115.062898550725,116.918913043478,0.984125626518069,,3,mean
mean_ensemble,AT,Cases,2022-01-31,15710.7763043478,45034.8756521739,0.34885799231888,,3,mean
mean_ensemble,AT,Deaths,2022-01-31,14.4678985507247,11.520652173913,1.25582287637199,,3,mean
mean_ensemble,BE,Cases,2022-01-31,213586.844057971,179168.984347826,1.19209719715399,,3,mean
mean_ensemble,BE,Deaths,2022-01-31,75.4718840579711,67.4419565217391,1.11906427319681,,3,mean
mean_ensemble,BG,Cases,2022-01-31,20607.4492028985,15346.3782608696,1.34282166466884,,3,mean
mean_ensemble,BG,Deaths,2022-01-31,84.5355072463769,33.9117391304348,2.49280955250416,,3,mean
mean_ensemble,CY,Cases,2022-01-31,4857.84355072463,4976.19304347826,0.976216860616222,,3,mean
mean_ensemble,CY,Deaths,2022-01-31,10.8755797101449,10.3089130434783,1.05496861446757,,3,mean
mean_ensemble,EE,Cases,2022-01-31,7875.2384057971,7326.48434782609,1.07490005191014,,3,mean
mean_ensemble,EE,Deaths,2022-01-31,7.43021739130435,4.42195652173913,1.68030087016371,,3,mean
mean_ensemble,ES,Cases,2022-01-31,209852.074202899,220812.870217391,0.950361607076156,,3,mean
mean_ensemble,FI,Cases,2022-01-31,14037.1528985507,15841.8608695652,0.886079799218435,,3,mean
mean_ensemble,FI,Deaths,2022-01-31,67.9269565217392,58.9355434782609,1.15256350434428,,3,mean
mean_ensemble,GR,Cases,2022-01-31,23062.4827536232,13484.5958695652,1.71028356924476,,3,mean
mean_ensemble,GR,Deaths,2022-01-31,35.4236231884058,39.8863043478261,0.888114949921063,,3,mean
mean_ensemble,HR,Cases,2022-01-31,7238.8715942029,13344.4182608696,0.542464381188483,,3,mean
mean_ensemble,HR,Deaths,2022-01-31,31.5531884057971,35.2195652173913,0.895899430076334,,3,mean
mean_ensemble,HU,Cases,2022-01-31,50446.0378985507,44451.7276086957,1.13484988351009,,3,mean
mean_ensemble,HU,Deaths,2022-01-31,100.070362318841,60.6521739130435,1.64990561529271,,3,mean
mean_ensemble,IT,Cases,2022-01-31,200679.404637681,144507.702173913,1.38871078578335,,3,mean
mean_ensemble,IT,Deaths,2022-01-31,526.218260869565,480.564891304348,1.09499938591291,,3,mean
mean_ensemble,LT,Cases,2022-01-31,5580.67326086956,7652.95369565217,0.729218218586645,,3,mean
mean_ensemble,LT,Deaths,2022-01-31,13.8023188405797,8.99173913043478,1.53499991941073,,3,mean
mean_ensemble,LU,Deaths,2022-01-31,2.83992753623189,2.01782608695652,1.40741937800761,,3,mean
mean_ensemble,LV,Cases,2022-01-31,12151.8372463768,10854.2291304348,1.11954862020589,,3,mean
mean_ensemble,LV,Deaths,2022-01-31,6.37036231884058,5.24739130434783,1.21400557903168,,3,mean
mean_ensemble,MT,Cases,2022-01-31,207.753913043478,155.57847826087,1.33536408998115,,3,mean
mean_ensemble,MT,Deaths,2022-01-31,2.47275362318841,2.35934782608696,1.04806658681163,,3,mean
mean_ensemble,NO,Cases,2022-01-31,13560.8211594203,26429.545326087,0.513093244401568,,3,mean
mean_ensemble,PT,Cases,2022-01-31,58085.3957246377,118416.464782609,0.490517900794218,,3,mean
mean_ensemble,PT,Deaths,2022-01-31,33.1189130434783,30.750652173913,1.07701498024079,,3,mean
mean_ensemble,RO,Cases,2022-01-31,92163.4881159421,76741.8565217391,1.20095463275422,,3,mean
mean_ensemble,RO,Deaths,2022-01-31,145.856231884058,96.5244565217391,1.51108058144009,,3,mean
mean_ensemble,SI,Cases,2022-01-31,36551.2889855072,32179.9775,1.13583948234604,,3,mean
mean_ensemble,SI,Deaths,2022-01-31,6.82775362318843,6.95847826086957,0.981213617003555,,3,mean
mean_ensemble,SK,Cases,2022-01-31,26430.4592028985,8249.07282608696,3.20405211108266,,3,mean
mean_ensemble,SK,Deaths,2022-01-31,49.7352173913043,44.2208695652174,1.12470012191765,,3,mean
mean_ensemble,AT,Cases,2022-02-07,24415.7425362319,16118.197826087,1.51479357678037,,3,mean
mean_ensemble,AT,Deaths,2022-02-07,9.04463768115942,15.0315217391304,0.601711379468267,,3,mean
mean_ensemble,BE,Cases,2022-02-07,107305.660289855,83858.4593478261,1.27960448026806,,3,mean
mean_ensemble,BE,Deaths,2022-02-07,49.3035507246377,53.1634782608696,0.927395127961879,,3,mean
mean_ensemble,BG,Cases,2022-02-07,9766.89086956522,5832.33239130435,1.67461149575889,,3,mean
mean_ensemble,BG,Deaths,2022-02-07,43.3557971014493,40.3839130434783,1.07359078984672,,3,mean
mean_ensemble,CY,Cases,2022-02-07,2540.63949275362,2270.26413043478,1.11909423167738,,3,mean
mean_ensemble,CY,Deaths,2022-02-07,14.1560144927536,14.3141304347826,0.988953856278635,,3,mean
mean_ensemble,EE,Cases,2022-02-07,18653.0591304348,13227.7641304348,1.41014452227171,,3,mean
mean_ensemble,EE,Deaths,2022-02-07,13.2901449275362,9.44869565217391,1.40655868458188,,3,mean
mean_ensemble,ES,Cases,2022-02-07,36991.7360869565,29147.8356521739,1.26910747433824,,3,mean
mean_ensemble,FI,Cases,2022-02-07,10364.2808695652,8168.30152173913,1.26884161192896,,3,mean
mean_ensemble,FI,Deaths,2022-02-07,11.7031884057971,7.41108695652174,1.57914601116619,,3,mean
mean_ensemble,GR,Cases,2022-02-07,14009.4602898551,10099.1695652174,1.38718933268584,,3,mean
mean_ensemble,GR,Deaths,2022-02-07,26.6349275362319,46.0630434782609,0.578227696760897,,3,mean
mean_ensemble,HR,Cases,2022-02-07,11993.6307971015,8100.40434782609,1.48062124828623,,3,mean
mean_ensemble,HR,Deaths,2022-02-07,21.434347826087,21.4280434782609,1.00029421014721,,3,mean
mean_ensemble,HU,Cases,2022-02-07,32985.4281884058,33566.1923913044,0.982697942139872,,3,mean
mean_ensemble,HU,Deaths,2022-02-07,114.427536231884,90.7615217391304,1.26074942375664,,3,mean
mean_ensemble,IT,Cases,2022-02-07,30636.6860869565,42377.2539130435,0.722951188621657,,3,mean
mean_ensemble,IT,Deaths,2022-02-07,222.593913043478,261.97,0.849692380972928,,3,mean
mean_ensemble,LT,Cases,2022-02-07,26587.3630434782,21300.4254347826,1.24820807569704,,3,mean
mean_ensemble,LT,Deaths,2022-02-07,7.68333333333331,6.67391304347826,1.15124864277958,,3,mean
mean_ensemble,LU,Deaths,2022-02-07,2.50210144927537,1.97652173913044,1.26591142396246,,3,mean
mean_ensemble,LV,Cases,2022-02-07,4973.08775362319,6233.30847826087,0.797824746034502,,3,mean
mean_ensemble,LV,Deaths,2022-02-07,7.44405797101449,12.7417391304348,0.584226210787324,,3,mean
mean_ensemble,MT,Cases,2022-02-07,175.516521739131,125.835434782609,1.39480999165577,,3,mean
mean_ensemble,MT,Deaths,2022-02-07,2.57463768115942,2.82717391304348,0.910675381263616,,3,mean
mean_ensemble,NO,Cases,2022-02-07,15148.9179710145,11501.8283695652,1.3170878128472,,3,mean
mean_ensemble,PT,Cases,2022-02-07,112049.78115942,54656.1804347826,2.05008436864924,,3,mean
mean_ensemble,PT,Deaths,2022-02-07,38.4738405797102,38.340652173913,1.0034738169083,,3,mean
mean_ensemble,RO,Cases,2022-02-07,92690.2569565217,89598.8486956522,1.0345027676792,,3,mean
mean_ensemble,RO,Deaths,2022-02-07,80.8212318840579,78.7846739130435,1.0258496718951,,3,mean
mean_ensemble,SI,Cases,2022-02-07,51526.6593478261,35651.1186956522,1.44530273475289,,3,mean
mean_ensemble,SI,Deaths,2022-02-07,20.8697826086957,13.300652173913,1.56907964630699,,3,mean
mean_ensemble,SK,Cases,2022-02-07,64446.7720289855,41233.7023913044,1.56296350537216,,3,mean
mean_ensemble,SK,Deaths,2022-02-07,33.1644927536232,12.4484782608696,2.6641403116614,,3,mean
mean_ensemble,AT,Cases,2022-02-14,14966.7187681159,10178.0592391304,1.47048847098227,,3,mean
mean_ensemble,AT,Deaths,2022-02-14,18.1216666666667,18.3404347826087,0.988071814079921,,3,mean
mean_ensemble,BE,Cases,2022-02-14,20159.4134057971,10775.8980434783,1.87078731855652,,3,mean
mean_ensemble,BE,Deaths,2022-02-14,84.4771014492754,80.6545652173913,1.04739392273185,,3,mean
mean_ensemble,BG,Cases,2022-02-14,4683.05485507246,3073.72413043478,1.52357682613828,,3,mean
mean_ensemble,BG,Deaths,2022-02-14,49.5663768115942,45.7489130434783,1.0834438135063,,3,mean
mean_ensemble,CY,Cases,2022-02-14,1974.46644927536,1243.3327173913,1.58804350730678,,3,mean
mean_ensemble,CY,Deaths,2022-02-14,6.44391304347826,4.2495652173913,1.51636996112134,,3,mean
mean_ensemble,EE,Cases,2022-02-14,4944.17586956522,1941.79543478261,2.54618781206411,,3,mean
mean_ensemble,EE,Deaths,2022-02-14,3.40536231884058,4.87532608695652,0.69848913859348,,3,mean
mean_ensemble,ES,Cases,2022-02-14,35551.0601449275,68830.232826087,0.516503557887916,,3,mean
mean_ensemble,FI,Cases,2022-02-14,8008.9115942029,21601.1338043478,0.370763482451596,,3,mean
mean_ensemble,FI,Deaths,2022-02-14,12.7886956521739,9.83173913043478,1.30075620218458,,3,mean
mean_ensemble,GR,Cases,2022-02-14,8940.5179710145,5738.83847826087,1.55789677734995,,3,mean
mean_ensemble,GR,Deaths,2022-02-14,54.9409420289855,47.7080434782609,1.15160752827813,,3,mean
mean_ensemble,HR,Cases,2022-02-14,2774.10028985507,4470.07619565217,0.620593513048682,,3,mean
mean_ensemble,HR,Deaths,2022-02-14,25.631231884058,23.9008695652174,1.07239746295084,,3,mean
mean_ensemble,HU,Cases,2022-02-14,12799.3923913044,9983.22010869565,1.28209057317646,,3,mean
mean_ensemble,HU,Deaths,2022-02-14,72.1901449275362,81.0382608695652,0.890815574679342,,3,mean
mean_ensemble,IT,Cases,2022-02-14,35687.8517391305,21312.5745652174,1.67449744890858,,3,mean
mean_ensemble,IT,Deaths,2022-02-14,145.715797101449,110.007826086957,1.32459482461063,,3,mean
mean_ensemble,LT,Cases,2022-02-14,6049.93079710145,4808.28195652174,1.25823128755908,,3,mean
mean_ensemble,LT,Deaths,2022-02-14,8.93913043478261,9.24086956521739,0.967347322856874,,3,mean
mean_ensemble,LU,Deaths,2022-02-14,2.27768115942029,2.33086956521739,0.977180874215009,,3,mean
mean_ensemble,LV,Cases,2022-02-14,3060.01905797101,5849.84119565217,0.523094380791967,,3,mean
mean_ensemble,LV,Deaths,2022-02-14,13.1791304347826,11.670652173913,1.1292539815591,,3,mean
mean_ensemble,MT,Cases,2022-02-14,81.2421739130435,66.5226086956522,1.22127161736448,,3,mean
mean_ensemble,MT,Deaths,2022-02-14,6.33311594202898,4.9875,1.26979768261233,,3,mean
mean_ensemble,NO,Cases,2022-02-14,24473.045,21978.0413043478,1.11352256832635,,3,mean
mean_ensemble,PT,Cases,2022-02-14,19396.6746376812,7944.31010869565,2.44158075053616,,3,mean
mean_ensemble,PT,Deaths,2022-02-14,91.6957246376812,56.7278260869565,1.61641527558492,,3,mean
mean_ensemble,RO,Cases,2022-02-14,24798.4217391304,22319.0904347826,1.11108567849539,,3,mean
mean_ensemble,RO,Deaths,2022-02-14,214.802898550725,97.0709782608696,2.212843657282,,3,mean
mean_ensemble,SI,Cases,2022-02-14,9279.14572463768,2758.58695652174,3.36373145776692,,3,mean
mean_ensemble,SI,Deaths,2022-02-14,13.9728260869565,9.87869565217391,1.41444038554641,,3,mean
mean_ensemble,SK,Cases,2022-02-14,32215.1672463768,23546.937173913,1.36812558713866,,3,mean
mean_ensemble,SK,Deaths,2022-02-14,31.4818840579711,18.5758695652174,1.6947731005239,,3,mean
mean_ensemble,AT,Cases,2022-02-21,14543.9826086957,20644.3789130435,0.704500855654541,,3,mean
mean_ensemble,AT,Deaths,2022-02-21,10.7413768115942,14.5291304347826,0.73929935860989,,3,mean
mean_ensemble,BE,Cases,2022-02-21,8657.38572463768,4122.23358695652,2.10016864450166,,3,mean
mean_ensemble,BE,Deaths,2022-02-21,78.5286231884058,54.1623913043478,1.44987363551103,,3,mean
mean_ensemble,BG,Cases,2022-02-21,2511.95724637681,2220.32086956522,1.13134875270019,,3,mean
mean_ensemble,BG,Deaths,2022-02-21,83.8276811594203,52.2360869565218,1.60478485360501,,3,mean
mean_ensemble,CY,Cases,2022-02-21,1242.39804347826,1551.9222826087,0.80055429153956,,3,mean
mean_ensemble,CY,Deaths,2022-02-21,6.34485507246377,5.48434782608696,1.15690238359495,,3,mean
mean_ensemble,EE,Cases,2022-02-21,3646.06942028985,3320.16760869565,1.098158240789,,3,mean
mean_ensemble,EE,Deaths,2022-02-21,6.8618115942029,8.32173913043478,0.824564611633577,,3,mean
mean_ensemble,ES,Cases,2022-02-21,23743.0877536232,14631.4997826087,1.62273779902213,,3,mean
mean_ensemble,FI,Cases,2022-02-21,3875.99108695652,2633.15652173913,1.47199418452973,,3,mean
mean_ensemble,FI,Deaths,2022-02-21,36.8410144927537,35.5267391304348,1.03699397677602,,3,mean
mean_ensemble,GR,Cases,2022-02-21,10066.4669565217,6698.41760869565,1.5028126857086,,3,mean
mean_ensemble,GR,Deaths,2022-02-21,46.9322463768116,36.3473913043478,1.29121361100811,,3,mean
mean_ensemble,HR,Cases,2022-02-21,1366.96601449275,1541.69315217391,0.886665425324889,,3,mean
mean_ensemble,HR,Deaths,2022-02-21,73.7622463768116,55.4126086956522,1.33114553010747,,3,mean
mean_ensemble,HU,Cases,2022-02-21,3616.0884057971,3140.64869565217,1.15138264614031,,3,mean
mean_ensemble,HU,Deaths,2022-02-21,108.300507246377,44.0289130434783,2.45975882119622,,3,mean
mean_ensemble,IT,Cases,2022-02-21,19613.1397826087,17472.852173913,1.12249217170687,,3,mean
mean_ensemble,IT,Deaths,2022-02-21,126.782173913043,74.0882608695652,1.71123160977213,,3,mean
mean_ensemble,LT,Cases,2022-02-21,2664.53014492754,5310.15913043478,0.501779716855561,,3,mean
mean_ensemble,LT,Deaths,2022-02-21,6.9531884057971,8.30978260869565,0.8367473294092,,3,mean
mean_ensemble,LU,Deaths,2022-02-21,3.865,3.4554347826087,1.11852783894306,,3,mean
mean_ensemble,LV,Cases,2022-02-21,8026.54130434782,5626.32717391304,1.4266040804672,,3,mean
mean_ensemble,LV,Deaths,2022-02-21,22.8235507246377,15.5171739130435,1.47085744173123,,3,mean
mean_ensemble,MT,Cases,2022-02-21,122.581884057971,94.3695652173913,1.29895569377256,,3,mean
mean_ensemble,MT,Deaths,2022-02-21,1.57014492753623,1.22565217391304,1.28106893697528,,3,mean
mean_ensemble,NO,Cases,2022-02-21,5550.30456521739,4768.37,1.16398361813731,,3,mean
mean_ensemble,PT,Cases,2022-02-21,11635.2993478261,13783.6917391304,0.844135197451834,,3,mean
mean_ensemble,PT,Deaths,2022-02-21,53.7186231884058,41.6528260869565,1.28967535303031,,3,mean
mean_ensemble,RO,Cases,2022-02-21,10900.3844202899,5520.79826086957,1.97442179649089,,3,mean
mean_ensemble,RO,Deaths,2022-02-21,90.7382608695653,98.9204347826087,0.917285301757672,,3,mean
mean_ensemble,SI,Cases,2022-02-21,1633.32268115942,1774.77239130435,0.920299802477222,,3,mean
mean_ensemble,SI,Deaths,2022-02-21,14.8955072463768,11.4752173913043,1.29805882872984,,3,mean
mean_ensemble,SK,Cases,2022-02-21,29743.7935507246,16935.7177173913,1.75627593982514,,3,mean
mean_ensemble,SK,Deaths,2022-02-21,62.4569565217391,45.4269565217391,1.37488754043759,,3,mean
mean_ensemble,AT,Cases,2022-02-28,26087.1172463769,28570.3973913043,0.913082057945638,,3,mean
mean_ensemble,AT,Deaths,2022-02-28,32.4515942028985,16.6983695652174,1.94339896935177,,3,mean
mean_ensemble,BE,Cases,2022-02-28,16438.1901449275,11625.0736956522,1.41402889781899,,3,mean
mean_ensemble,BE,Deaths,2022-02-28,38.6540579710145,22.8455434782609,1.69197366689029,,3,mean
mean_ensemble,BG,Cases,2022-02-28,1328.14891304348,1281.79391304348,1.03616415987648,,3,mean
mean_ensemble,BG,Deaths,2022-02-28,35.5834057971015,31.7948913043478,1.11915481819042,,3,mean
mean_ensemble,CY,Cases,2022-02-28,2720.77050724638,2954.81826086957,0.920791150940597,,3,mean
mean_ensemble,CY,Deaths,2022-02-28,9.32797101449276,6.97467391304348,1.33740603944915,,3,mean
mean_ensemble,EE,Cases,2022-02-28,4879.67007246377,4615.31304347826,1.05727824450804,,3,mean
mean_ensemble,EE,Deaths,2022-02-28,9.64101449275363,7.54195652173913,1.27831743195073,,3,mean
mean_ensemble,ES,Cases,2022-02-28,20907.8148550725,15808.6230434783,1.32255761919112,,3,mean
mean_ensemble,FI,Cases,2022-02-28,13742.7094927536,15383.8452173913,0.893320837446909,,3,mean
mean_ensemble,FI,Deaths,2022-02-28,83.0332608695653,88.1783695652174,0.941651124634973,,3,mean
mean_ensemble,GR,Cases,2022-02-28,12884.7771739131,14889.1393478261,0.865380924505507,,3,mean
mean_ensemble,GR,Deaths,2022-02-28,25.4452898550725,22.2659782608696,1.14278786932035,,3,mean
mean_ensemble,HR,Cases,2022-02-28,1198.33202898551,1215.17847826087,0.986136646116813,,3,mean
mean_ensemble,HR,Deaths,2022-02-28,20.6921739130434,15.405652173913,1.34315468630937,,3,mean
mean_ensemble,HU,Cases,2022-02-28,1844.05688405797,1563.31934782609,1.17957785568398,,3,mean
mean_ensemble,HU,Deaths,2022-02-28,106.781739130435,59.8813043478261,1.78322333311551,,3,mean
mean_ensemble,IT,Cases,2022-02-28,40788.3843478261,46154.5715217392,0.883734438496833,,3,mean
mean_ensemble,IT,Deaths,2022-02-28,95.8000724637678,78.7759782608696,1.21610768382364,,3,mean
mean_ensemble,LT,Cases,2022-02-28,3323.59014492754,4002.51347826087,0.830375753380765,,3,mean
mean_ensemble,LT,Deaths,2022-02-28,17.7689855072464,11.0990217391304,1.60095059951099,,3,mean
mean_ensemble,LU,Deaths,2022-02-28,2.02239130434783,1.45478260869565,1.39016736401674,,3,mean
mean_ensemble,LV,Cases,2022-02-28,10495.6467391304,7684.495,1.36582127246233,,3,mean
mean_ensemble,LV,Deaths,2022-02-28,22.8815942028986,16.2805434782609,1.40545641080422,,3,mean
mean_ensemble,MT,Cases,2022-02-28,105.925289855072,128.361086956522,0.825213406699737,,3,mean
mean_ensemble,MT,Deaths,2022-02-28,1.19775362318841,0.9025,1.32715082901762,,3,mean
mean_ensemble,NO,Cases,2022-02-28,11027.3146376812,9549.40945652174,1.15476403937734,,3,mean
mean_ensemble,PT,Cases,2022-02-28,23295.3427536232,24285.2517391304,0.959238265423775,,3,mean
mean_ensemble,PT,Deaths,2022-02-28,16.0961594202899,20.4195652173913,0.78827140778594,,3,mean
mean_ensemble,RO,Cases,2022-02-28,4102.72311594203,3245.63608695652,1.26407366877326,,3,mean
mean_ensemble,RO,Deaths,2022-02-28,150.292173913043,108.529565217391,1.38480398048218,,3,mean
mean_ensemble,SI,Cases,2022-02-28,4075.83673913044,3976.1972826087,1.02505898209768,,3,mean
mean_ensemble,SI,Deaths,2022-02-28,10.5245652173913,7.29739130434783,1.44223665395615,,3,mean
mean_ensemble,SK,Cases,2022-02-28,10154.2568115942,7130.59913043478,1.42403977924574,,3,mean
mean_ensemble,SK,Deaths,2022-02-28,35.4158695652174,21.1346739130435,1.67572349168634,,3,mean
mean_ensemble,AT,Cases,2022-03-07,67976.6176086957,48860.5782608696,1.39123645335846,,3,mean
mean_ensemble,AT,Deaths,2022-03-07,13.4389855072464,16.0019565217391,0.839833897123087,,3,mean
mean_ensemble,BE,Cases,2022-03-07,19956.277826087,19438.0915217391,1.02665829120973,,3,mean
mean_ensemble,BE,Deaths,2022-03-07,31.7326086956521,30.8045652173913,1.03012681632451,,3,mean
mean_ensemble,BG,Cases,2022-03-07,2263.95992753623,1935.49630434783,1.16970511514311,,3,mean
mean_ensemble,BG,Deaths,2022-03-07,21.3528260869566,21.4938043478261,0.993440981475958,,3,mean
mean_ensemble,CY,Cases,2022-03-07,7298.22688405797,6249.02565217391,1.16789837172761,,3,mean
mean_ensemble,CY,Deaths,2022-03-07,4.95144927536232,4.05369565217391,1.22146547255144,,3,mean
mean_ensemble,EE,Cases,2022-03-07,3609.1336231884,2641.99130434783,1.3660656707117,,3,mean
mean_ensemble,EE,Deaths,2022-03-07,19.4851449275362,13.8522826086957,1.40663784287108,,3,mean
mean_ensemble,ES,Cases,2022-03-07,19452.7455797101,13435.9582608696,1.44781229608041,,3,mean
mean_ensemble,FI,Cases,2022-03-07,18531.672173913,17723.1219565217,1.0456212071087,,3,mean
mean_ensemble,FI,Deaths,2022-03-07,123.31884057971,123.96,0.994827691027026,,3,mean
mean_ensemble,GR,Cases,2022-03-07,34031.6434057971,26797.6067391304,1.26995084811448,,3,mean
mean_ensemble,GR,Deaths,2022-03-07,30.7852898550724,23.9353260869565,1.28618635665251,,3,mean
mean_ensemble,HR,Cases,2022-03-07,3300.14971014493,3190.88282608696,1.03424346490089,,3,mean
mean_ensemble,HR,Deaths,2022-03-07,9.96007246376811,9.77521739130435,1.01891058429332,,3,mean
mean_ensemble,HU,Cases,2022-03-07,1215.19210144928,1144.23326086957,1.0620143138697,,3,mean
mean_ensemble,HU,Deaths,2022-03-07,47.6011594202899,35.9092391304348,1.32559643626494,,3,mean
mean_ensemble,IT,Cases,2022-03-07,134961.793405797,135552.554565217,0.995641829389972,,3,mean
mean_ensemble,IT,Deaths,2022-03-07,82.8377536231883,63.9427173913044,1.29549942515351,,3,mean
mean_ensemble,LT,Cases,2022-03-07,6883.0502173913,6994.8897826087,0.9840112469684,,3,mean
mean_ensemble,LT,Deaths,2022-03-07,24.954347826087,12.4380434782609,2.00629205627895,,3,mean
mean_ensemble,LU,Deaths,2022-03-07,1.07536231884058,1.24608695652174,0.86299139334729,,3,mean
mean_ensemble,LV,Cases,2022-03-07,5069.01543478261,4507.88304347826,1.12447802791072,,3,mean
mean_ensemble,LV,Deaths,2022-03-07,40.4460869565217,34.3677173913044,1.17686276618287,,3,mean
mean_ensemble,MT,Cases,2022-03-07,196.392536231884,532.947391304348,0.368502669186969,,3,mean
mean_ensemble,MT,Deaths,2022-03-07,1.20673913043478,1.45782608695652,0.82776617954071,,3,mean
mean_ensemble,NO,Cases,2022-03-07,15350.8347101449,13419.972826087,1.14387971638099,,3,mean
mean_ensemble,PT,Cases,2022-03-07,13901.0863768116,15538.1141304348,0.894644373192194,,3,mean
mean_ensemble,PT,Deaths,2022-03-07,11.5837681159421,12.9090217391304,0.897338957980744,,3,mean
mean_ensemble,RO,Cases,2022-03-07,2649.4997826087,2726.1,0.971901171126775,,3,mean
mean_ensemble,RO,Deaths,2022-03-07,39.3514492753623,47.5544565217391,0.827502870469629,,3,mean
mean_ensemble,SI,Cases,2022-03-07,3317.15608695652,7397.68304347826,0.448404732598121,,3,mean
mean_ensemble,SI,Deaths,2022-03-07,2.79210144927536,5.45369565217391,0.511965028367946,,3,mean
mean_ensemble,SK,Cases,2022-03-07,7548.12942028986,7402.51760869565,1.01967057956379,,3,mean
mean_ensemble,SK,Deaths,2022-03-07,49.769420289855,30.8776086956522,1.61182884271938,,3,mean
mean_ensemble,Average,Cases,2021-04-12,3771.78633867277,1764.05671624714,2.13813212689492,average,3,mean
mean_ensemble,Average,Deaths,2021-04-12,31.4233534621579,31.4235809178744,0.999992761623281,average,3,mean
mean_ensemble,Average,Cases,2021-04-19,1455.26647597254,1494.2415389016,0.973916490798595,average,3,mean
mean_ensemble,Average,Deaths,2021-04-19,30.6266183574879,28.8829830917874,1.06036894666176,average,3,mean
mean_ensemble,Average,Cases,2021-04-26,1708.74500762777,1763.1101430206,0.969165207512396,average,3,mean
mean_ensemble,Average,Deaths,2021-04-26,26.9043558776168,20.0461654589372,1.34211981502038,average,3,mean
mean_ensemble,Average,Cases,2021-05-03,1601.39448131198,1880.56099542334,0.851551470656489,average,3,mean
mean_ensemble,Average,Deaths,2021-05-03,22.2577133655395,18.1866847826087,1.22384665658382,average,3,mean
mean_ensemble,Average,Cases,2021-05-10,1297.50507246377,1145.20131006865,1.13299300398634,average,3,mean
mean_ensemble,Average,Deaths,2021-05-10,18.3201207729469,17.9360024154589,1.02141605183755,average,3,mean
mean_ensemble,Average,Cases,2021-05-17,881.763005339436,895.05966819222,0.985144383860309,average,3,mean
mean_ensemble,Average,Deaths,2021-05-17,17.6259017713366,17.4393115942029,1.01069940038205,average,3,mean
mean_ensemble,Average,Cases,2021-05-24,762.685755148742,796.322808924485,0.957759524907778,average,3,mean
mean_ensemble,Average,Deaths,2021-05-24,21.0391062801932,18.1331763285024,1.16025487752651,average,3,mean
mean_ensemble,Average,Cases,2021-05-31,519.579496567506,618.305589244851,0.840327995744108,average,3,mean
mean_ensemble,Average,Deaths,2021-05-31,37.7766384863124,38.6237741545894,0.978066988873579,average,3,mean
mean_ensemble,Average,Cases,2021-06-07,575.312909992372,598.541178489703,0.961191862260936,average,3,mean
mean_ensemble,Average,Deaths,2021-06-07,24.3553663446055,27.4239371980676,0.888106115788568,average,3,mean
mean_ensemble,Average,Cases,2021-06-14,798.939248665142,513.752534324943,1.55510522145633,average,3,mean
mean_ensemble,Average,Deaths,2021-06-14,13.3216787439614,13.6478381642512,0.976101752060324,average,3,mean
mean_ensemble,Average,Cases,2021-06-21,932.3884935164,980.237030892449,0.95118676823249,average,3,mean
mean_ensemble,Average,Deaths,2021-06-21,13.3857206119163,23.1515036231884,0.578179319571676,average,3,mean
mean_ensemble,Average,Cases,2021-06-28,3393.01244851259,3533.07270594966,0.960357380361516,average,3,mean
mean_ensemble,Average,Deaths,2021-06-28,17.9675523349436,14.7492330917874,1.21820248030036,average,3,mean
mean_ensemble,Average,Cases,2021-07-05,3666.45160564455,4279.76950800915,0.856693707168845,average,3,mean
mean_ensemble,Average,Deaths,2021-07-05,20.6491223832528,15.0023792270531,1.37638984262024,average,3,mean
mean_ensemble,Average,Cases,2021-07-12,3983.12020976354,2230.346298627,1.78587523032434,average,3,mean
mean_ensemble,Average,Deaths,2021-07-12,13.6747222222222,11.2919685990338,1.21101312869328,average,3,mean
mean_ensemble,Average,Cases,2021-07-19,7641.58411899313,6507.63897025172,1.17424831861832,average,3,mean
mean_ensemble,Average,Deaths,2021-07-19,5.58694847020934,7.01933574879227,0.795936919126659,average,3,mean
mean_ensemble,Average,Cases,2021-07-26,2131.43401601831,3614.59637871854,0.589674141369541,average,3,mean
mean_ensemble,Average,Deaths,2021-07-26,4.80634863123994,5.05958333333333,0.94994949476866,average,3,mean
mean_ensemble,Average,Cases,2021-08-02,1347.59146071701,1956.16074942792,0.688896074165232,average,3,mean
mean_ensemble,Average,Deaths,2021-08-02,6.57341384863124,7.19065217391304,0.914161009272416,average,3,mean
mean_ensemble,Average,Cases,2021-08-09,1279.16753623189,1250.88241990847,1.02261213034354,average,3,mean
mean_ensemble,Average,Deaths,2021-08-09,6.8362037037037,6.84526570048309,0.998676165809203,average,3,mean
mean_ensemble,Average,Cases,2021-08-16,1055.10933638444,1050.9710812357,1.00393755377539,average,3,mean
mean_ensemble,Average,Deaths,2021-08-16,8.00464573268921,7.80506038647343,1.02557127508734,average,3,mean
mean_ensemble,Average,Cases,2021-08-23,1052.52093058734,1012.31164187643,1.03972026700827,average,3,mean
mean_ensemble,Average,Deaths,2021-08-23,8.68749597423511,9.24527173913043,0.939669078353365,average,3,mean
mean_ensemble,Average,Cases,2021-08-30,1403.74526697178,1134.6428375286,1.23716928406239,average,3,mean
mean_ensemble,Average,Deaths,2021-08-30,10.5710668276973,9.57253623188406,1.10431202051629,average,3,mean
mean_ensemble,Average,Cases,2021-09-06,1502.54248665141,1368.13561212815,1.09824090048661,average,3,mean
mean_ensemble,Average,Deaths,2021-09-06,11.6521215780998,12.2214553140097,0.953415225823623,average,3,mean
mean_ensemble,Average,Cases,2021-09-13,1094.29191075515,1314.30231121281,0.832602896167287,average,3,mean
mean_ensemble,Average,Deaths,2021-09-13,12.5527495974235,12.8642572463768,0.975785026450631,average,3,mean
mean_ensemble,Average,Cases,2021-09-20,1322.78014492754,1091.90627574371,1.21144110471073,average,3,mean
mean_ensemble,Average,Deaths,2021-09-20,12.7664653784219,10.9217934782609,1.16889825868185,average,3,mean
mean_ensemble,Average,Cases,2021-09-27,1082.12547292143,947.560217391304,1.14201235241872,average,3,mean
mean_ensemble,Average,Deaths,2021-09-27,17.1103220611916,15.3204468599034,1.1168291772202,average,3,mean
mean_ensemble,Average,Cases,2021-10-04,2059.16509534706,1754.47681922197,1.1736633238963,average,3,mean
mean_ensemble,Average,Deaths,2021-10-04,25.1098953301127,15.5638405797101,1.61334827361617,average,3,mean
mean_ensemble,Average,Cases,2021-10-11,2783.59593058734,2611.25733409611,1.06599831975231,average,3,mean
mean_ensemble,Average,Deaths,2021-10-11,27.7920531400966,20.7282185990338,1.34078348350649,average,3,mean
mean_ensemble,Average,Cases,2021-10-18,4451.57342105263,4650.34053203661,0.957257514882049,average,3,mean
mean_ensemble,Average,Deaths,2021-10-18,33.5325322061191,30.1311714975845,1.11288511330558,average,3,mean
mean_ensemble,Average,Cases,2021-10-25,4197.14509916095,4497.44848398169,0.933228054553527,average,3,mean
mean_ensemble,Average,Deaths,2021-10-25,35.6333413848631,31.9227173913044,1.11623772337657,average,3,mean
mean_ensemble,Average,Cases,2021-11-01,5144.63013729977,5824.67519450801,0.883247557245863,average,3,mean
mean_ensemble,Average,Deaths,2021-11-01,47.6956763285024,43.9417632850242,1.08542927645231,average,3,mean
mean_ensemble,Average,Cases,2021-11-08,3950.38699847445,4460.97609267735,0.885543189742481,average,3,mean
mean_ensemble,Average,Deaths,2021-11-08,49.5844283413849,51.5990458937198,0.960956302244725,average,3,mean
mean_ensemble,Average,Cases,2021-11-15,5192.01252860412,5264.25432494279,0.986276917512063,average,3,mean
mean_ensemble,Average,Deaths,2021-11-15,55.3814653784219,44.3411050724638,1.24898703557152,average,3,mean
mean_ensemble,Average,Cases,2021-11-22,5065.57267353166,4584.89199656751,1.10484013087419,average,3,mean
mean_ensemble,Average,Deaths,2021-11-22,47.0144524959743,34.8086413043478,1.3506546286856,average,3,mean
mean_ensemble,Average,Cases,2021-11-29,6079.39993135011,4430.99689359268,1.37201629279882,average,3,mean
mean_ensemble,Average,Deaths,2021-11-29,28.6906481481482,25.199402173913,1.1385447936479,average,3,mean
mean_ensemble,Average,Cases,2021-12-06,7475.25421052632,6396.92670480549,1.16856962030076,average,3,mean
mean_ensemble,Average,Deaths,2021-12-06,22.6531360708535,21.9276509661836,1.03308540006354,average,3,mean
mean_ensemble,Average,Cases,2021-12-13,11319.3674828375,11282.1540331808,1.00329843481549,average,3,mean
mean_ensemble,Average,Deaths,2021-12-13,34.1147785829308,27.2962801932367,1.24979588212842,average,3,mean
mean_ensemble,Average,Cases,2021-12-20,24058.7152707857,27898.067305492,0.86237928266986,average,3,mean
mean_ensemble,Average,Deaths,2021-12-20,35.9453743961353,35.0416847826087,1.02578898871823,average,3,mean
mean_ensemble,Average,Cases,2021-12-27,36606.6058390542,53430.2602745995,0.685128720146938,average,3,mean
mean_ensemble,Average,Deaths,2021-12-27,41.4953341384863,40.2167330917874,1.03179276257424,average,3,mean
mean_ensemble,Average,Cases,2022-01-03,73596.4988749047,34363.7557322655,2.14168961763985,average,3,mean
mean_ensemble,Average,Deaths,2022-01-03,38.129923510467,22.5953985507246,1.68750834046449,average,3,mean
mean_ensemble,Average,Cases,2022-01-10,67181.2844965675,55139.3557208238,1.21839081393539,average,3,mean
mean_ensemble,Average,Deaths,2022-01-10,72.4341988727859,48.1189190821256,1.5053164172113,average,3,mean
mean_ensemble,Average,Cases,2022-01-17,39815.7714683448,38438.2303432494,1.03583778734854,average,3,mean
mean_ensemble,Average,Deaths,2022-01-17,41.9219323671498,44.9042210144928,0.933585561001483,average,3,mean
mean_ensemble,Average,Cases,2022-01-24,38894.4518421053,33771.4461784897,1.15169636611175,average,3,mean
mean_ensemble,Average,Deaths,2022-01-24,75.6426449275363,67.8808997584541,1.11434358113551,average,3,mean
mean_ensemble,Average,Cases,2022-01-31,53299.257532418,51840.8299427918,1.02813279785906,average,3,mean
mean_ensemble,Average,Deaths,2022-01-31,67.4998309178744,55.5519142512077,1.21507659686825,average,3,mean
mean_ensemble,Average,Cases,2022-02-07,35119.029969489,27003.5485869565,1.30053388562614,average,3,mean
mean_ensemble,Average,Deaths,2022-02-07,39.9709742351047,40.3927355072464,0.989558487018883,average,3,mean
mean_ensemble,Average,Cases,2022-02-14,14202.2794660564,13074.7630148741,1.08623609084919,average,3,mean
mean_ensemble,Average,Deaths,2022-02-14,47.5535346215781,35.3799335748792,1.3440820775125,average,3,mean
mean_ensemble,Average,Cases,2022-02-21,8587.383733791,6936.39458810069,1.23801834291875,average,3,mean
mean_ensemble,Average,Deaths,2022-02-21,46.4413204508857,33.6733937198068,1.37916958526128,average,3,mean
mean_ensemble,Average,Cases,2022-02-28,11021.0846262395,10740.2387643021,1.02614894027039,average,3,mean
mean_ensemble,Average,Deaths,2022-02-28,39.6450040257649,29.8600422705314,1.32769416957223,average,3,mean
mean_ensemble,Average,Cases,2022-03-07,19342.7672006102,17657.3499199085,1.0954513156474,average,3,mean
mean_ensemble,Average,Deaths,2022-03-07,30.9246336553945,27.2240700483092,1.13592984445451,average,3,mean
median_ensemble,AT,Cases,2021-04-12,929.052391304348,704.364891304348,1.31899304291547,,3,median
median_ensemble,AT,Deaths,2021-04-12,17.7019565217391,14.5251086956522,1.21871422050273,,3,median
median_ensemble,BE,Cases,2021-04-12,2989.27695652174,1855.20413043478,1.61129274535475,,3,median
median_ensemble,BE,Deaths,2021-04-12,34.7682608695652,19.1259782608696,1.81785529583596,,3,median
median_ensemble,BG,Cases,2021-04-12,1895.33782608696,1838.12163043478,1.03112753514502,,3,median
median_ensemble,BG,Deaths,2021-04-12,59.5828260869565,57.014347826087,1.04504968238353,,3,median
median_ensemble,CY,Cases,2021-04-12,564.938695652174,558.194891304348,1.01208145121513,,3,median
median_ensemble,CY,Deaths,2021-04-12,1.93652173913043,1.60913043478261,1.20345852472305,,3,median
median_ensemble,EE,Cases,2021-04-12,227.840652173913,273.697826086957,0.832453276780963,,3,median
median_ensemble,EE,Deaths,2021-04-12,11.1739130434783,3.70108695652174,3.01908957415565,,3,median
median_ensemble,ES,Cases,2021-04-12,5453.73,4677.57141304348,1.16593195879216,,3,median
median_ensemble,FI,Cases,2021-04-12,208.697608695652,209.044239130435,0.998341832158473,,3,median
median_ensemble,FI,Deaths,2021-04-12,3.61804347826087,3.75282608695652,0.964085037363146,,3,median
median_ensemble,GR,Cases,2021-04-12,2138.87695652174,1388.62836956522,1.54028032510342,,3,median
median_ensemble,GR,Deaths,2021-04-12,18.0802173913044,21.6976086956522,0.833281567794488,,3,median
median_ensemble,HR,Cases,2021-04-12,1642.43108695652,1222.92347826087,1.34303667903427,,3,median
median_ensemble,HR,Deaths,2021-04-12,35.5710869565217,27.8619565217391,1.27669020403386,,3,median
median_ensemble,HU,Cases,2021-04-12,3216.12260869565,4191.88326086957,0.767226186549026,,3,median
median_ensemble,HU,Deaths,2021-04-12,161.29152173913,73.4808695652174,2.19501378649279,,3,median
median_ensemble,IT,Cases,2021-04-12,10500.4076086957,4765.51576086957,2.20341472688355,,3,median
median_ensemble,IT,Deaths,2021-04-12,139.665,138.299673913043,1.00987222925641,,3,median
median_ensemble,LT,Cases,2021-04-12,598.871739130435,559.798152173913,1.06979942110345,,3,median
median_ensemble,LT,Deaths,2021-04-12,8.67434782608696,6.65086956521739,1.30424266195986,,3,median
median_ensemble,LU,Deaths,2021-04-12,4.95130434782609,4.76869565217391,1.0382932166302,,3,median
median_ensemble,LV,Cases,2021-04-12,422.583695652174,306.542173913044,1.37854994064226,,3,median
median_ensemble,LV,Deaths,2021-04-12,4.60847826086957,4.43978260869565,1.03799637663419,,3,median
median_ensemble,MT,Cases,2021-04-12,52.4317391304348,40.8357608695652,1.2839662593262,,3,median
median_ensemble,MT,Deaths,2021-04-12,0.976739130434783,0.915217391304348,1.06722090261283,,3,median
median_ensemble,NO,Cases,2021-04-12,291.752608695652,475.378913043478,0.61372644156172,,3,median
median_ensemble,PT,Cases,2021-04-12,294.113695652174,576.78597826087,0.509918248253864,,3,median
median_ensemble,PT,Deaths,2021-04-12,4.71913043478261,15.3871739130435,0.306692473969003,,3,median
median_ensemble,RO,Cases,2021-04-12,4232.695,4120.91489130435,1.02712507092333,,3,median
median_ensemble,RO,Deaths,2021-04-12,90.8573913043478,118.545869565217,0.766432366117683,,3,median
median_ensemble,SI,Cases,2021-04-12,1231.49847826087,1168.98934782609,1.05347279729369,,3,median
median_ensemble,SI,Deaths,2021-04-12,8.08695652173913,5.44326086956522,1.48568233555653,,3,median
median_ensemble,SK,Cases,2021-04-12,4415.71108695652,4582.6825,0.963564699705145,,3,median
median_ensemble,SK,Deaths,2021-04-12,54.9626086956522,48.405,1.13547378774201,,3,median
median_ensemble,AT,Cases,2021-04-19,1395.87326086957,1084.3952173913,1.28723664442893,,3,median
median_ensemble,AT,Deaths,2021-04-19,14.72,15.8104347826087,0.931030689693103,,3,median
median_ensemble,BE,Cases,2021-04-19,1524.50326086957,1508.77630434783,1.01042365026308,,3,median
median_ensemble,BE,Deaths,2021-04-19,37.125652173913,12.669347826087,2.93035227097239,,3,median
median_ensemble,BG,Cases,2021-04-19,758.162173913044,613.382608695652,1.23603467585307,,3,median
median_ensemble,BG,Deaths,2021-04-19,33.1880434782609,42.1230434782609,0.787883323183634,,3,median
median_ensemble,CY,Cases,2021-04-19,503.250869565217,814.831086956522,0.617613733227719,,3,median
median_ensemble,CY,Deaths,2021-04-19,3.70130434782609,3.20130434782609,1.15618633709086,,3,median
median_ensemble,EE,Cases,2021-04-19,372.177173913044,244.897717391304,1.51972496059801,,3,median
median_ensemble,EE,Deaths,2021-04-19,4.9754347826087,4.72673913043478,1.05261463459504,,3,median
median_ensemble,ES,Cases,2021-04-19,4087.87913043478,6098.5475,0.670303728950997,,3,median
median_ensemble,FI,Cases,2021-04-19,155.088913043478,116.094782608696,1.33588185066175,,3,median
median_ensemble,FI,Deaths,2021-04-19,2.63673913043478,2.09630434782609,1.25780358809499,,3,median
median_ensemble,GR,Cases,2021-04-19,2029.90913043478,1782.85826086957,1.13857011237939,,3,median
median_ensemble,GR,Deaths,2021-04-19,36.4063043478261,25.9010869565217,1.40558982752109,,3,median
median_ensemble,HR,Cases,2021-04-19,2194.94869565217,1983.29826086957,1.10671639206188,,3,median
median_ensemble,HR,Deaths,2021-04-19,19.024347826087,15.0309782608696,1.26567595907004,,3,median
median_ensemble,HU,Cases,2021-04-19,1803.25282608696,3081.28869565217,0.585226833380274,,3,median
median_ensemble,HU,Deaths,2021-04-19,54.1715217391305,49.4619565217391,1.09521591033952,,3,median
median_ensemble,IT,Cases,2021-04-19,5393.02434782609,4398.04565217391,1.22623200720083,,3,median
median_ensemble,IT,Deaths,2021-04-19,140.159347826087,113.670652173913,1.23303020740698,,3,median
median_ensemble,LT,Cases,2021-04-19,534.945217391304,537.522391304348,0.995205457568401,,3,median
median_ensemble,LT,Deaths,2021-04-19,4.345,4.53728260869565,0.957621637160722,,3,median
median_ensemble,LU,Deaths,2021-04-19,6.76652173913044,5.5770652173913,1.21327642323959,,3,median
median_ensemble,LV,Cases,2021-04-19,351.084565217391,280.674456521739,1.2508604080621,,3,median
median_ensemble,LV,Deaths,2021-04-19,8.00847826086956,7.62586956521739,1.05017246785826,,3,median
median_ensemble,MT,Cases,2021-04-19,69.1736956521739,43.5363043478261,1.5888738534057,,3,median
median_ensemble,MT,Deaths,2021-04-19,1.39260869565217,0.844565217391305,1.64890604890605,,3,median
median_ensemble,NO,Cases,2021-04-19,186.545,192.599891304348,0.968562332702567,,3,median
median_ensemble,PT,Cases,2021-04-19,262.737826086957,225.041847826087,1.1675065265639,,3,median
median_ensemble,PT,Deaths,2021-04-19,12.0439130434783,12.7559782608696,0.944177921690597,,3,median
median_ensemble,RO,Cases,2021-04-19,784.673260869565,1330.91380434783,0.589574815668901,,3,median
median_ensemble,RO,Deaths,2021-04-19,163.956304347826,155.049130434783,1.05744742900567,,3,median
median_ensemble,SI,Cases,2021-04-19,675.847391304348,286.88902173913,2.35577990125708,,3,median
median_ensemble,SI,Deaths,2021-04-19,7.61826086956522,7.21630434782609,1.05570115981322,,3,median
median_ensemble,SK,Cases,2021-04-19,2894.28739130435,3766.99543478261,0.768327820251626,,3,median
median_ensemble,SK,Deaths,2021-04-19,38.7115217391304,41.595652173913,0.930662694679628,,3,median
median_ensemble,AT,Cases,2021-04-26,1143.79043478261,1253.25804347826,0.912653575801645,,3,median
median_ensemble,AT,Deaths,2021-04-26,8.5504347826087,7.22934782608696,1.18273943767854,,3,median
median_ensemble,BE,Cases,2021-04-26,1791.2697826087,1578.7427173913,1.13461792277881,,3,median
median_ensemble,BE,Deaths,2021-04-26,14.3367391304348,10.9851086956522,1.30510671561303,,3,median
median_ensemble,BG,Cases,2021-04-26,1178.10304347826,824.814347826087,1.42832510926042,,3,median
median_ensemble,BG,Deaths,2021-04-26,30.7621739130435,34.3385869565217,0.895848566861339,,3,median
median_ensemble,CY,Cases,2021-04-26,2494.61913043478,1449.78434782609,1.72068289616687,,3,median
median_ensemble,CY,Deaths,2021-04-26,1.61804347826087,1.69282608695652,0.95582380891229,,3,median
median_ensemble,EE,Cases,2021-04-26,315.884347826087,305.358695652174,1.03446979674652,,3,median
median_ensemble,EE,Deaths,2021-04-26,4.59782608695652,5.68282608695652,0.809073868635477,,3,median
median_ensemble,ES,Cases,2021-04-26,13384.0441304348,11092.470326087,1.20658822940085,,3,median
median_ensemble,FI,Cases,2021-04-26,101.601304347826,107.260869565217,0.947235508715038,,3,median
median_ensemble,FI,Deaths,2021-04-26,1.64826086956522,1.7854347826087,0.923170583221722,,3,median
median_ensemble,GR,Cases,2021-04-26,1662.49717391304,1541.33934782609,1.07860554929571,,3,median
median_ensemble,GR,Deaths,2021-04-26,17.220652173913,20.7698913043478,0.829116143246652,,3,median
median_ensemble,HR,Cases,2021-04-26,1911.89456521739,2102.65402173913,0.909276821317489,,3,median
median_ensemble,HR,Deaths,2021-04-26,11.9258695652174,10.63,1.12190682645507,,3,median
median_ensemble,HU,Cases,2021-04-26,595.945434782609,2150.27543478261,0.277148417892268,,3,median
median_ensemble,HU,Deaths,2021-04-26,67.6282608695652,58.0798913043478,1.16440061010415,,3,median
median_ensemble,IT,Cases,2021-04-26,6160.89326086957,6333.66108695652,0.97272228120277,,3,median
median_ensemble,IT,Deaths,2021-04-26,122.914347826087,96.9521739130435,1.26778330866855,,3,median
median_ensemble,LT,Cases,2021-04-26,388.960434782609,404.522608695652,0.961529532395674,,3,median
median_ensemble,LT,Deaths,2021-04-26,4.42086956521739,5.46815217391304,0.808475957620212,,3,median
median_ensemble,LU,Deaths,2021-04-26,2.57347826086957,2.60478260869565,0.987981972959439,,3,median
median_ensemble,LV,Cases,2021-04-26,291.728260869565,261.260869565217,1.11661674155434,,3,median
median_ensemble,LV,Deaths,2021-04-26,7.855,7.9754347826087,0.984899283124813,,3,median
median_ensemble,MT,Cases,2021-04-26,16.169347826087,18.7265217391304,0.863446402451766,,3,median
median_ensemble,MT,Deaths,2021-04-26,0.600652173913043,0.539782608695652,1.11276681433749,,3,median
median_ensemble,NO,Cases,2021-04-26,161.766304347826,211.608043478261,0.764461982110074,,3,median
median_ensemble,PT,Cases,2021-04-26,541.465217391305,577.199130434783,0.93809084047552,,3,median
median_ensemble,PT,Deaths,2021-04-26,6.14826086956522,8.22032608695652,0.747933938937152,,3,median
median_ensemble,RO,Cases,2021-04-26,939.218260869565,934.827826086956,1.00469651700569,,3,median
median_ensemble,RO,Deaths,2021-04-26,221.182826086957,53.5191304347826,4.13278063918631,,3,median
median_ensemble,SI,Cases,2021-04-26,332.472391304348,291.103913043478,1.14210897348773,,3,median
median_ensemble,SI,Deaths,2021-04-26,6.50130434782609,6.37489130434783,1.0198298351208,,3,median
median_ensemble,SK,Cases,2021-04-26,1736.08543478261,2060.22456521739,0.842668058663508,,3,median
median_ensemble,SK,Deaths,2021-04-26,32.3119565217391,27.9823913043478,1.1547246327271,,3,median
median_ensemble,AT,Cases,2021-05-03,1966.80413043478,2257.94608695652,0.871058942370866,,3,median
median_ensemble,AT,Deaths,2021-05-03,10.7802173913043,8.86217391304348,1.21643035863219,,3,median
median_ensemble,BE,Cases,2021-05-03,1409.49152173913,1496.89652173913,0.941609190260893,,3,median
median_ensemble,BE,Deaths,2021-05-03,26.1245652173913,20.0459782608696,1.30323224326684,,3,median
median_ensemble,BG,Cases,2021-05-03,567.581304347826,1082.63456521739,0.5242593600675,,3,median
median_ensemble,BG,Deaths,2021-05-03,22.3032608695652,23.2127173913044,0.960820764479741,,3,median
median_ensemble,CY,Cases,2021-05-03,2172.18434782609,1530.84423913044,1.41894537164666,,3,median
median_ensemble,CY,Deaths,2021-05-03,2.08978260869565,2.0329347826087,1.02796342832701,,3,median
median_ensemble,EE,Cases,2021-05-03,183.37152173913,152.48152173913,1.20258192368284,,3,median
median_ensemble,EE,Deaths,2021-05-03,1.74608695652174,1.98065217391304,0.881571726484469,,3,median
median_ensemble,ES,Cases,2021-05-03,10798.3304347826,6730.95923913043,1.60427809041043,,3,median
median_ensemble,FI,Cases,2021-05-03,87.2673913043479,107.798043478261,0.809545224463621,,3,median
median_ensemble,FI,Deaths,2021-05-03,1.96413043478261,1.72826086956522,1.13647798742138,,3,median
median_ensemble,GR,Cases,2021-05-03,2118.9502173913,1712.455,1.23737570761936,,3,median
median_ensemble,GR,Deaths,2021-05-03,56.9508695652174,31.9015217391304,1.78520855622261,,3,median
median_ensemble,HR,Cases,2021-05-03,3011.94195652174,2546.85380434783,1.18261281875699,,3,median
median_ensemble,HR,Deaths,2021-05-03,18.9560869565217,16.2044565217391,1.16980701766154,,3,median
median_ensemble,HU,Cases,2021-05-03,559.303043478261,2422.65043478261,0.230864112893963,,3,median
median_ensemble,HU,Deaths,2021-05-03,59.3797826086957,54.014347826087,1.09933351041994,,3,median
median_ensemble,IT,Cases,2021-05-03,11196.3319565217,11236.1297826087,0.996458048557916,,3,median
median_ensemble,IT,Deaths,2021-05-03,109.887391304348,82.5557608695652,1.33106872430097,,3,median
median_ensemble,LT,Cases,2021-05-03,563.517608695652,619.344239130435,0.909861710325806,,3,median
median_ensemble,LT,Deaths,2021-05-03,17.8978260869565,19.2586956521739,0.929337396997404,,3,median
median_ensemble,LU,Deaths,2021-05-03,1.25173913043478,1.61923913043478,0.773041551990334,,3,median
median_ensemble,LV,Cases,2021-05-03,354.189130434783,351.292826086957,1.00824470109478,,3,median
median_ensemble,LV,Deaths,2021-05-03,6.92086956521739,7.59652173913043,0.911057692307692,,3,median
median_ensemble,MT,Cases,2021-05-03,37.5386956521739,26.4110869565217,1.42132339020997,,3,median
median_ensemble,MT,Deaths,2021-05-03,0.671086956521739,0.701847826086957,0.956171596716741,,3,median
median_ensemble,NO,Cases,2021-05-03,248.211956521739,279.714239130435,0.88737690756599,,3,median
median_ensemble,PT,Cases,2021-05-03,387.196086956522,245.420434782609,1.57768478936767,,3,median
median_ensemble,PT,Deaths,2021-05-03,4.19652173913043,2.55869565217391,1.64010195412065,,3,median
median_ensemble,RO,Cases,2021-05-03,475.854130434783,811.429456521739,0.586439309800967,,3,median
median_ensemble,RO,Deaths,2021-05-03,74.4423913043478,30.6961956521739,2.42513411589738,,3,median
median_ensemble,SI,Cases,2021-05-03,420.185652173913,380.12847826087,1.10537798719083,,3,median
median_ensemble,SI,Deaths,2021-05-03,11.5110869565217,8.55336956521739,1.34579558018071,,3,median
median_ensemble,SK,Cases,2021-05-03,1161.77739130435,1739.26891304348,0.667968812983266,,3,median
median_ensemble,SK,Deaths,2021-05-03,18.3023913043478,13.8369565217391,1.32271798900236,,3,median
median_ensemble,AT,Cases,2021-05-10,973.811739130435,890.003695652174,1.09416594997041,,3,median
median_ensemble,AT,Deaths,2021-05-10,9.00173913043478,8.17739130434783,1.10080816673756,,3,median
median_ensemble,BE,Cases,2021-05-10,1817.13043478261,2298.96413043478,0.790412695320719,,3,median
median_ensemble,BE,Deaths,2021-05-10,60.5165217391304,45.6213043478261,1.32649696461417,,3,median
median_ensemble,BG,Cases,2021-05-10,374.488695652174,587.08652173913,0.637876499945568,,3,median
median_ensemble,BG,Deaths,2021-05-10,17.3771739130435,19.2019565217391,0.90496892300377,,3,median
median_ensemble,CY,Cases,2021-05-10,722.259565217391,723.55347826087,0.99821172438202,,3,median
median_ensemble,CY,Deaths,2021-05-10,4.63217391304348,4.43760869565217,1.04384460882771,,3,median
median_ensemble,EE,Cases,2021-05-10,270.32652173913,368.149347826087,0.734284939890297,,3,median
median_ensemble,EE,Deaths,2021-05-10,1.71478260869565,2.36869565217391,0.723935389133627,,3,median
median_ensemble,ES,Cases,2021-05-10,5023.10891304348,3139.80413043478,1.59981600901579,,3,median
median_ensemble,FI,Cases,2021-05-10,82.234347826087,83.9113043478261,0.980015129847251,,3,median
median_ensemble,FI,Deaths,2021-05-10,4.43,3.72847826086957,1.18815229432686,,3,median
median_ensemble,GR,Cases,2021-05-10,1047.46152173913,921.599565217391,1.13656902766881,,3,median
median_ensemble,GR,Deaths,2021-05-10,36.4534782608696,31.8434782608696,1.1447706171491,,3,median
median_ensemble,HR,Cases,2021-05-10,1341.72630434783,1341.38695652174,1.00025298279847,,3,median
median_ensemble,HR,Deaths,2021-05-10,8.80630434782609,15.8482608695652,0.555663767797866,,3,median
median_ensemble,HU,Cases,2021-05-10,393.189347826087,931.261086956522,0.42221172272008,,3,median
median_ensemble,HU,Deaths,2021-05-10,40.1380434782609,30.9880434782609,1.29527517626013,,3,median
median_ensemble,IT,Cases,2021-05-10,3938.85021739131,5100.9325,0.772182383787926,,3,median
median_ensemble,IT,Deaths,2021-05-10,69.1245652173913,74.8023913043478,0.924095660740909,,3,median
median_ensemble,LT,Cases,2021-05-10,1196.15195652174,1187.63304347826,1.00717301786967,,3,median
median_ensemble,LT,Deaths,2021-05-10,13.5002173913044,13.2895652173913,1.01585094549499,,3,median
median_ensemble,LU,Deaths,2021-05-10,0.641304347826087,0.777391304347826,0.824944071588367,,3,median
median_ensemble,LV,Cases,2021-05-10,632.743260869565,621.416304347826,1.01822764617293,,3,median
median_ensemble,LV,Deaths,2021-05-10,4.4204347826087,5.72413043478261,0.772245642018913,,3,median
median_ensemble,MT,Cases,2021-05-10,54.7789130434783,28.6823913043478,1.90984470096029,,3,median
median_ensemble,MT,Deaths,2021-05-10,0.645652173913043,0.827391304347826,0.780346820809248,,3,median
median_ensemble,NO,Cases,2021-05-10,222.739565217391,210.967608695652,1.0557998291516,,3,median
median_ensemble,PT,Cases,2021-05-10,264.014565217391,342.017608695652,0.771932668099342,,3,median
median_ensemble,PT,Deaths,2021-05-10,2.8154347826087,1.42891304347826,1.9703331811958,,3,median
median_ensemble,RO,Cases,2021-05-10,1717.23934782609,1273.24869565217,1.34870693658672,,3,median
median_ensemble,RO,Deaths,2021-05-10,29.374347826087,27.0556521739131,1.08570097062416,,3,median
median_ensemble,SI,Cases,2021-05-10,667.321956521739,667.733695652174,0.999383378234293,,3,median
median_ensemble,SI,Deaths,2021-05-10,2.22934782608696,2.25586956521739,0.988243230220681,,3,median
median_ensemble,SK,Cases,2021-05-10,688.815652173913,1040.47282608696,0.662021760591704,,3,median
median_ensemble,SK,Deaths,2021-05-10,36.1658695652174,34.4715217391304,1.04915210413132,,3,median
median_ensemble,AT,Cases,2021-05-17,310.665869565217,334.784239130435,0.927958467734735,,3,median
median_ensemble,AT,Deaths,2021-05-17,7.48304347826087,7.44565217391304,1.00502189781022,,3,median
median_ensemble,BE,Cases,2021-05-17,1164.90130434783,1328.82510869565,0.876640045951021,,3,median
median_ensemble,BE,Deaths,2021-05-17,22.9228260869565,14.68,1.56150041464282,,3,median
median_ensemble,BG,Cases,2021-05-17,336.761086956522,302.082717391304,1.1147975953894,,3,median
median_ensemble,BG,Deaths,2021-05-17,18.5015217391304,19.9647826086957,0.926707898691173,,3,median
median_ensemble,CY,Cases,2021-05-17,474.573260869565,267.632826086957,1.77322516003837,,3,median
median_ensemble,CY,Deaths,2021-05-17,1.87695652173913,1.88108695652174,0.997804229746909,,3,median
median_ensemble,EE,Cases,2021-05-17,364.940652173913,259.183260869565,1.4080409782234,,3,median
median_ensemble,EE,Deaths,2021-05-17,2.58978260869565,2.93326086956522,0.882902245608834,,3,median
median_ensemble,ES,Cases,2021-05-17,2823.99891304348,2927.15445652174,0.964759104785732,,3,median
median_ensemble,FI,Cases,2021-05-17,140.179347826087,139.47152173913,1.00507505817769,,3,median
median_ensemble,FI,Deaths,2021-05-17,3.85565217391304,3.80565217391304,1.01313835256484,,3,median
median_ensemble,GR,Cases,2021-05-17,1095.145,980.159021739131,1.11731359474389,,3,median
median_ensemble,GR,Deaths,2021-05-17,17.8645652173913,18.774347826087,0.951541187096177,,3,median
median_ensemble,HR,Cases,2021-05-17,2085.35152173913,964.465326086957,2.16218402604462,,3,median
median_ensemble,HR,Deaths,2021-05-17,14.1547826086957,22.0904347826087,0.640765233821445,,3,median
median_ensemble,HU,Cases,2021-05-17,460.865652173913,446.562391304348,1.03202970323539,,3,median
median_ensemble,HU,Deaths,2021-05-17,62.0967391304348,51.2630434782609,1.21133539714177,,3,median
median_ensemble,IT,Cases,2021-05-17,2793.00695652174,3740.47195652174,0.746699076744036,,3,median
median_ensemble,IT,Deaths,2021-05-17,47.3267391304348,55.8230434782609,0.847799334854704,,3,median
median_ensemble,LT,Cases,2021-05-17,1574.57934782609,1776.2675,0.886453953487347,,3,median
median_ensemble,LT,Deaths,2021-05-17,6.44173913043478,5.83282608695652,1.1043941709217,,3,median
median_ensemble,LU,Deaths,2021-05-17,0.576304347826087,0.613913043478261,0.938739376770538,,3,median
median_ensemble,LV,Cases,2021-05-17,1151.96304347826,1078.9397826087,1.06768057128546,,3,median
median_ensemble,LV,Deaths,2021-05-17,6.93565217391304,5.09130434782609,1.36225448334757,,3,median
median_ensemble,MT,Cases,2021-05-17,14.3782608695652,11.6244565217391,1.23689747066249,,3,median
median_ensemble,MT,Deaths,2021-05-17,0.59804347826087,0.59804347826087,1,,3,median
median_ensemble,NO,Cases,2021-05-17,182.300869565217,192.4375,0.947325077311945,,3,median
median_ensemble,PT,Cases,2021-05-17,342.360434782609,407.909130434783,0.839305642454468,,3,median
median_ensemble,PT,Deaths,2021-05-17,3.88086956521739,3.69369565217391,1.05067388617503,,3,median
median_ensemble,RO,Cases,2021-05-17,493.352608695652,714.441956521739,0.690542603485299,,3,median
median_ensemble,RO,Deaths,2021-05-17,30.4810869565217,29.7730434782609,1.02378136043693,,3,median
median_ensemble,SI,Cases,2021-05-17,402.291086956522,525.189565217391,0.765992155213521,,3,median
median_ensemble,SI,Deaths,2021-05-17,2.06978260869565,2.15086956521739,0.962300384071155,,3,median
median_ensemble,SK,Cases,2021-05-17,367.843043478261,608.53097826087,0.604477104073691,,3,median
median_ensemble,SK,Deaths,2021-05-17,61.1141304347826,67.4926086956522,0.905493677246462,,3,median
median_ensemble,AT,Cases,2021-05-24,204.867826086957,186.180108695652,1.10037440370095,,3,median
median_ensemble,AT,Deaths,2021-05-24,14.9808695652174,14.2917391304348,1.04821879468224,,3,median
median_ensemble,BE,Cases,2021-05-24,1588.14630434783,1973.7327173913,0.804641018692181,,3,median
median_ensemble,BE,Deaths,2021-05-24,8.25608695652174,7.31891304347826,1.12804823714617,,3,median
median_ensemble,BG,Cases,2021-05-24,148.393260869565,116.909565217391,1.26929957008762,,3,median
median_ensemble,BG,Deaths,2021-05-24,11.7289130434783,11.1330434782609,1.05352261188784,,3,median
median_ensemble,CY,Cases,2021-05-24,73.2786956521739,51.1969565217391,1.43130960570007,,3,median
median_ensemble,CY,Deaths,2021-05-24,1.1104347826087,1.225,0.906477373558119,,3,median
median_ensemble,EE,Cases,2021-05-24,401.332391304348,359.328695652174,1.11689491031585,,3,median
median_ensemble,EE,Deaths,2021-05-24,2.70934782608696,2.81347826086957,0.962988718899706,,3,median
median_ensemble,ES,Cases,2021-05-24,2774.77543478261,3151.22847826087,0.880537686786196,,3,median
median_ensemble,FI,Cases,2021-05-24,419.555869565217,283.559239130435,1.47960571079197,,3,median
median_ensemble,FI,Deaths,2021-05-24,0.938478260869565,0.760217391304348,1.23448670288819,,3,median
median_ensemble,GR,Cases,2021-05-24,1525.5197826087,1396.54130434783,1.09235564881563,,3,median
median_ensemble,GR,Deaths,2021-05-24,17.8063043478261,27.175652173913,0.655230065275822,,3,median
median_ensemble,HR,Cases,2021-05-24,237.286521739131,237.883260869565,0.997491462290144,,3,median
median_ensemble,HR,Deaths,2021-05-24,17.4652173913044,23.2976086956522,0.749657083671584,,3,median
median_ensemble,HU,Cases,2021-05-24,336.165652173913,341.003260869565,0.985813599895449,,3,median
median_ensemble,HU,Deaths,2021-05-24,31.0632608695652,23.180652173913,1.34005120462155,,3,median
median_ensemble,IT,Cases,2021-05-24,1504.48239130435,2749.1552173913,0.547252618472362,,3,median
median_ensemble,IT,Deaths,2021-05-24,77.8428260869565,71.6563043478261,1.08633604252182,,3,median
median_ensemble,LT,Cases,2021-05-24,1669.33282608696,1377.37489130435,1.21196693552772,,3,median
median_ensemble,LT,Deaths,2021-05-24,7.00847826086957,7.32652173913044,0.956590113346389,,3,median
median_ensemble,LU,Deaths,2021-05-24,0.554565217391304,0.611304347826087,0.907183499288762,,3,median
median_ensemble,LV,Cases,2021-05-24,826.239782608696,678.540869565217,1.21767135874677,,3,median
median_ensemble,LV,Deaths,2021-05-24,5.60434782608696,9.05782608695652,0.618729899678395,,3,median
median_ensemble,MT,Cases,2021-05-24,6.81,6.94728260869565,0.98023938042713,,3,median
median_ensemble,MT,Deaths,2021-05-24,0.596086956521739,0.550869565217391,1.08208366219416,,3,median
median_ensemble,NO,Cases,2021-05-24,471.05152173913,415.485869565217,1.13373656300769,,3,median
median_ensemble,PT,Cases,2021-05-24,178.033043478261,317.323043478261,0.561046690863651,,3,median
median_ensemble,PT,Deaths,2021-05-24,3.99673913043478,3.31369565217391,1.20612740274224,,3,median
median_ensemble,RO,Cases,2021-05-24,348.376956521739,702.166521739131,0.496145779862698,,3,median
median_ensemble,RO,Deaths,2021-05-24,141.120217391304,104.776304347826,1.34687149226821,,3,median
median_ensemble,SI,Cases,2021-05-24,186.701086956522,210.205326086957,0.888184378731147,,3,median
median_ensemble,SI,Deaths,2021-05-24,1.48652173913043,2.59565217391304,0.572696817420436,,3,median
median_ensemble,SK,Cases,2021-05-24,340.607826086957,575.370760869565,0.591979727249594,,3,median
median_ensemble,SK,Deaths,2021-05-24,15.2334782608696,15.3123913043478,0.994846458537416,,3,median
median_ensemble,AT,Cases,2021-05-31,241.188695652174,242.538695652174,0.994433877875158,,3,median
median_ensemble,AT,Deaths,2021-05-31,10.4395652173913,10.4186956521739,1.00200308809415,,3,median
median_ensemble,BE,Cases,2021-05-31,1663.86391304348,2292.22336956522,0.725873374792037,,3,median
median_ensemble,BE,Deaths,2021-05-31,12.2180434782609,8.16402173913044,1.49657164920316,,3,median
median_ensemble,BG,Cases,2021-05-31,98.255,113.668695652174,0.864398059960679,,3,median
median_ensemble,BG,Deaths,2021-05-31,15.0904347826087,14.1913043478261,1.06335784313725,,3,median
median_ensemble,CY,Cases,2021-05-31,58.1108695652174,100.844891304348,0.576240093212456,,3,median
median_ensemble,CY,Deaths,2021-05-31,2.25130434782609,2.1745652173913,1.03528941317605,,3,median
median_ensemble,EE,Cases,2021-05-31,53.035,119.441739130435,0.444024010250586,,3,median
median_ensemble,EE,Deaths,2021-05-31,1.62630434782609,1.68521739130435,0.965041279669763,,3,median
median_ensemble,ES,Cases,2021-05-31,2653.415,3354.11304347826,0.791092895679024,,3,median
median_ensemble,FI,Cases,2021-05-31,152.153260869565,128.258586956522,1.18630077314935,,3,median
median_ensemble,FI,Deaths,2021-05-31,5.15739130434783,2.8845652173913,1.78792674655211,,3,median
median_ensemble,GR,Cases,2021-05-31,1699.72326086957,1684.56630434783,1.0089975422651,,3,median
median_ensemble,GR,Deaths,2021-05-31,15.5486956521739,27.1958695652174,0.571730042125962,,3,median
median_ensemble,HR,Cases,2021-05-31,125.216956521739,141.495652173913,0.884952679449361,,3,median
median_ensemble,HR,Deaths,2021-05-31,3.76934782608696,4.99478260869565,0.754657033426184,,3,median
median_ensemble,HU,Cases,2021-05-31,157.350434782609,200.712934782609,0.783957620633838,,3,median
median_ensemble,HU,Deaths,2021-05-31,19.8352173913043,13.840652173913,1.43311291563918,,3,median
median_ensemble,IT,Cases,2021-05-31,1030.40043478261,1069.54652173913,0.963399360232719,,3,median
median_ensemble,IT,Deaths,2021-05-31,44.8567391304348,62.4839130434783,0.717892605401042,,3,median
median_ensemble,LT,Cases,2021-05-31,143.292608695652,339.172608695652,0.422476948379496,,3,median
median_ensemble,LT,Deaths,2021-05-31,10.5113043478261,10.3658695652174,1.01403015749848,,3,median
median_ensemble,LU,Deaths,2021-05-31,1.46565217391304,1.26239130434783,1.16101257103496,,3,median
median_ensemble,LV,Cases,2021-05-31,155.993260869565,190.6175,0.818357500594464,,3,median
median_ensemble,LV,Deaths,2021-05-31,3.92282608695652,5.09586956521739,0.769805042446995,,3,median
median_ensemble,MT,Cases,2021-05-31,12.1176086956522,8.83978260869565,1.37080392494405,,3,median
median_ensemble,MT,Deaths,2021-05-31,0.139565217391304,0.215869565217391,0.646525679758308,,3,median
median_ensemble,NO,Cases,2021-05-31,580.941739130435,499.691739130435,1.16260024658681,,3,median
median_ensemble,PT,Cases,2021-05-31,216.300652173913,396.840217391304,0.545057286773507,,3,median
median_ensemble,PT,Deaths,2021-05-31,1.55891304347826,1.95239130434783,0.798463422781428,,3,median
median_ensemble,RO,Cases,2021-05-31,121.95847826087,113.557717391304,1.07397789478823,,3,median
median_ensemble,RO,Deaths,2021-05-31,519.98347826087,517.057608695652,1.00565869163515,,3,median
median_ensemble,SI,Cases,2021-05-31,121.943043478261,148.065760869565,0.823573544363734,,3,median
median_ensemble,SI,Deaths,2021-05-31,1.3545652173913,2.06152173913044,0.65707054729516,,3,median
median_ensemble,SK,Cases,2021-05-31,620.272826086957,603.610434782609,1.02760454482592,,3,median
median_ensemble,SK,Deaths,2021-05-31,7.38391304347826,9.18282608695652,0.804100281716815,,3,median
median_ensemble,AT,Cases,2021-06-07,177.495434782609,180.52,0.983245262478444,,3,median
median_ensemble,AT,Deaths,2021-06-07,5.12239130434783,3.90326086956522,1.31233639654692,,3,median
median_ensemble,BE,Cases,2021-06-07,2614.99326086956,2719.19347826087,0.961679734000411,,3,median
median_ensemble,BE,Deaths,2021-06-07,6.31,8.72804347826087,0.722956985230018,,3,median
median_ensemble,BG,Cases,2021-06-07,81.7547826086957,102.525434782609,0.797409762582774,,3,median
median_ensemble,BG,Deaths,2021-06-07,8.82282608695652,9.94239130434783,0.887394774242921,,3,median
median_ensemble,CY,Cases,2021-06-07,67.8723913043478,94.0503260869565,0.721660350667947,,3,median
median_ensemble,CY,Deaths,2021-06-07,2.03608695652174,2.09760869565217,0.970670535806819,,3,median
median_ensemble,EE,Cases,2021-06-07,46.8713043478261,56.4732608695652,0.829973400262533,,3,median
median_ensemble,EE,Deaths,2021-06-07,2.57630434782609,2.86804347826087,0.898279390585917,,3,median
median_ensemble,ES,Cases,2021-06-07,3064.55282608696,3870.93043478261,0.79168377673495,,3,median
median_ensemble,FI,Cases,2021-06-07,66.8519565217391,59.8471739130435,1.1170445010298,,3,median
median_ensemble,FI,Deaths,2021-06-07,1.52891304347826,2.10847826086957,0.725126301680586,,3,median
median_ensemble,GR,Cases,2021-06-07,1451.76173913043,1222.67163043478,1.18736846671922,,3,median
median_ensemble,GR,Deaths,2021-06-07,20.0247826086957,23.3186956521739,0.858743683925941,,3,median
median_ensemble,HR,Cases,2021-06-07,138.245434782609,108.318695652174,1.27628415344414,,3,median
median_ensemble,HR,Deaths,2021-06-07,3.265,4.26304347826087,0.765884752677206,,3,median
median_ensemble,HU,Cases,2021-06-07,131.114782608696,150.28847826087,0.87242072130844,,3,median
median_ensemble,HU,Deaths,2021-06-07,14.1121739130435,13.1495652173913,1.0732046025658,,3,median
median_ensemble,IT,Cases,2021-06-07,839.387391304348,826.654565217391,1.01540283768179,,3,median
median_ensemble,IT,Deaths,2021-06-07,47.6917391304348,50.6771739130435,0.941089162001587,,3,median
median_ensemble,LT,Cases,2021-06-07,171.323260869565,217.358260869565,0.78820680743473,,3,median
median_ensemble,LT,Deaths,2021-06-07,5.45847826086957,5.93586956521739,0.919575169382897,,3,median
median_ensemble,LU,Deaths,2021-06-07,1.89913043478261,1.5295652173913,1.24161455372371,,3,median
median_ensemble,LV,Cases,2021-06-07,152.84652173913,149.207282608696,1.0243904926543,,3,median
median_ensemble,LV,Deaths,2021-06-07,5.08586956521739,4.32086956521739,1.17704769571342,,3,median
median_ensemble,MT,Cases,2021-06-07,18.2082608695652,15.5526086956522,1.17075284448296,,3,median
median_ensemble,MT,Deaths,2021-06-07,0.284782608695652,0.307173913043478,0.927105449398443,,3,median
median_ensemble,NO,Cases,2021-06-07,198.486956521739,187.993804347826,1.0558164786883,,3,median
median_ensemble,PT,Cases,2021-06-07,699.994130434783,745.500760869565,0.938958304507023,,3,median
median_ensemble,PT,Deaths,2021-06-07,1.75630434782609,2.05586956521739,0.854287829121286,,3,median
median_ensemble,RO,Cases,2021-06-07,70.0776086956522,76.7556521739131,0.912996068835038,,3,median
median_ensemble,RO,Deaths,2021-06-07,346.807173913044,352.389782608696,0.984157858793962,,3,median
median_ensemble,SI,Cases,2021-06-07,220.552391304348,312.330217391304,0.706151307249365,,3,median
median_ensemble,SI,Deaths,2021-06-07,0.949782608695652,1.37065217391304,0.692942109436955,,3,median
median_ensemble,SK,Cases,2021-06-07,264.443695652174,276.110326086957,0.957746489962464,,3,median
median_ensemble,SK,Deaths,2021-06-07,5.15934782608696,4.66478260869565,1.10602106440488,,3,median
median_ensemble,AT,Cases,2021-06-14,168.330217391304,182.02902173913,0.924743844597165,,3,median
median_ensemble,AT,Deaths,2021-06-14,8.99804347826087,10.4108695652174,0.864293171852161,,3,median
median_ensemble,BE,Cases,2021-06-14,513.369782608696,1131.03086956522,0.453895465122045,,3,median
median_ensemble,BE,Deaths,2021-06-14,4.27760869565217,5.59,0.765225169168546,,3,median
median_ensemble,BG,Cases,2021-06-14,64.4771739130435,74.0258695652174,0.871008666183091,,3,median
median_ensemble,BG,Deaths,2021-06-14,10.7952173913043,10.5308695652174,1.02510218405516,,3,median
median_ensemble,CY,Cases,2021-06-14,221.408695652174,254.005,0.871670619287707,,3,median
median_ensemble,CY,Deaths,2021-06-14,1.26326086956522,1.4504347826087,0.870953237410072,,3,median
median_ensemble,EE,Cases,2021-06-14,28.365,48.2286956521739,0.588135333465554,,3,median
median_ensemble,EE,Deaths,2021-06-14,1.27717391304348,1.165,1.09628662063818,,3,median
median_ensemble,ES,Cases,2021-06-14,9279.53586956522,3631.37043478261,2.55538123587789,,3,median
median_ensemble,FI,Cases,2021-06-14,119.393913043478,141.984782608696,0.840892318527705,,3,median
median_ensemble,FI,Deaths,2021-06-14,0.992173913043478,1.30847826086957,0.758265492606745,,3,median
median_ensemble,GR,Cases,2021-06-14,881.484130434783,675.93847826087,1.30408929034897,,3,median
median_ensemble,GR,Deaths,2021-06-14,7.29391304347826,6.9245652173913,1.05333877499765,,3,median
median_ensemble,HR,Cases,2021-06-14,59.9934782608696,68.3436956521739,0.877820224504661,,3,median
median_ensemble,HR,Deaths,2021-06-14,2.05434782608696,2.40804347826087,0.853119075561975,,3,median
median_ensemble,HU,Cases,2021-06-14,55.0402173913044,64.4995652173913,0.853342455965325,,3,median
median_ensemble,HU,Deaths,2021-06-14,9.86586956521739,4.045,2.43902832267426,,3,median
median_ensemble,IT,Cases,2021-06-14,732.713913043478,958.276956521739,0.764616020511452,,3,median
median_ensemble,IT,Deaths,2021-06-14,13.320652173913,34.5145652173913,0.385942922647654,,3,median
median_ensemble,LT,Cases,2021-06-14,97.1415217391304,163.781630434783,0.593116099047579,,3,median
median_ensemble,LT,Deaths,2021-06-14,2.65304347826087,2.80195652173913,0.946853906431841,,3,median
median_ensemble,LU,Deaths,2021-06-14,0.618695652173913,0.71,0.871402327005512,,3,median
median_ensemble,LV,Cases,2021-06-14,94.5952173913044,209.608804347826,0.451294103249272,,3,median
median_ensemble,LV,Deaths,2021-06-14,8.43847826086956,8.88673913043478,0.949558452995426,,3,median
median_ensemble,MT,Cases,2021-06-14,4.27586956521739,4.56804347826087,0.936039594536715,,3,median
median_ensemble,MT,Deaths,2021-06-14,0.278913043478261,0.270217391304348,1.03218020917136,,3,median
median_ensemble,NO,Cases,2021-06-14,117.637173913043,125.637282608696,0.936323768474291,,3,median
median_ensemble,PT,Cases,2021-06-14,1779.4497826087,1549.3372826087,1.14852317993184,,3,median
median_ensemble,PT,Deaths,2021-06-14,3.1904347826087,2.42804347826087,1.313994090787,,3,median
median_ensemble,RO,Cases,2021-06-14,52.1165217391304,70.2715217391304,0.741644985754016,,3,median
median_ensemble,RO,Deaths,2021-06-14,148.582826086957,146.693043478261,1.01288256459807,,3,median
median_ensemble,SI,Cases,2021-06-14,217.535652173913,316.986739130435,0.686261049186669,,3,median
median_ensemble,SI,Deaths,2021-06-14,0.953260869565217,1.33282608695652,0.715217745881585,,3,median
median_ensemble,SK,Cases,2021-06-14,60.440652173913,91.3734782608696,0.661468221679776,,3,median
median_ensemble,SK,Deaths,2021-06-14,5.32239130434783,4.1904347826087,1.2701286573978,,3,median
median_ensemble,AT,Cases,2021-06-21,61.3717391304348,78.954347826087,0.777306643905394,,3,median
median_ensemble,AT,Deaths,2021-06-21,7.14195652173913,8.53782608695652,0.836507613179203,,3,median
median_ensemble,BE,Cases,2021-06-21,1342.62434782609,841.983043478261,1.59459784638852,,3,median
median_ensemble,BE,Deaths,2021-06-21,4.81065217391304,3.71608695652174,1.29454779454779,,3,median
median_ensemble,BG,Cases,2021-06-21,66.7215217391305,64.2995652173913,1.0376667635862,,3,median
median_ensemble,BG,Deaths,2021-06-21,8.9904347826087,9.02478260869565,0.996194055017584,,3,median
median_ensemble,CY,Cases,2021-06-21,1128.19717391304,1266.88152173913,0.890530925389372,,3,median
median_ensemble,CY,Deaths,2021-06-21,1.43260869565217,1.44097826086957,0.994191747755902,,3,median
median_ensemble,EE,Cases,2021-06-21,32.7313043478261,36.8902173913044,0.887262441439053,,3,median
median_ensemble,EE,Deaths,2021-06-21,0.657173913043478,0.670652173913044,0.979902755267423,,3,median
median_ensemble,ES,Cases,2021-06-21,11077.0654347826,12493.6109782609,0.886618404723576,,3,median
median_ensemble,FI,Cases,2021-06-21,467.811739130435,502.226739130435,0.931475173823706,,3,median
median_ensemble,FI,Deaths,2021-06-21,1.16782608695652,1.13739130434783,1.02675840978593,,3,median
median_ensemble,GR,Cases,2021-06-21,1089.43760869565,1027.99195652174,1.05977250287232,,3,median
median_ensemble,GR,Deaths,2021-06-21,9.50586956521739,8.3054347826087,1.14453605549012,,3,median
median_ensemble,HR,Cases,2021-06-21,111.78652173913,87.5440217391304,1.27691782395193,,3,median
median_ensemble,HR,Deaths,2021-06-21,1.46978260869565,2.20978260869565,0.665125430398426,,3,median
median_ensemble,HU,Cases,2021-06-21,54.4197826086957,47.6444565217391,1.14220596857612,,3,median
median_ensemble,HU,Deaths,2021-06-21,2.47565217391304,2.93521739130435,0.843430602873649,,3,median
median_ensemble,IT,Cases,2021-06-21,557.623043478261,579.883043478261,0.96161294893798,,3,median
median_ensemble,IT,Deaths,2021-06-21,16.2728260869565,17.5623913043478,0.926572344560387,,3,median
median_ensemble,LT,Cases,2021-06-21,39.0667391304348,77.7879347826087,0.502221060883198,,3,median
median_ensemble,LT,Deaths,2021-06-21,3.07739130434783,3.39195652173913,0.907261424085112,,3,median
median_ensemble,LU,Deaths,2021-06-21,0.365217391304348,0.365217391304348,1,,3,median
median_ensemble,LV,Cases,2021-06-21,65.1541304347826,73.373152173913,0.887983254152019,,3,median
median_ensemble,LV,Deaths,2021-06-21,7.87891304347826,8.19326086956522,0.961633367826156,,3,median
median_ensemble,MT,Cases,2021-06-21,10.0460869565217,10.9117391304348,0.920667808901463,,3,median
median_ensemble,MT,Deaths,2021-06-21,0.0234782608695652,0.0997826086956522,0.235294117647059,,3,median
median_ensemble,NO,Cases,2021-06-21,241.319565217391,176.780760869565,1.36507821343435,,3,median
median_ensemble,PT,Cases,2021-06-21,920.934347826087,1029.47586956522,0.894566230304192,,3,median
median_ensemble,PT,Deaths,2021-06-21,3.10260869565217,3.92652173913044,0.790167201860259,,3,median
median_ensemble,RO,Cases,2021-06-21,49.2204347826087,50.2232608695652,0.980032636877941,,3,median
median_ensemble,RO,Deaths,2021-06-21,131.961086956522,337.991956521739,0.390426708122074,,3,median
median_ensemble,SI,Cases,2021-06-21,46.0752173913044,87.7553260869565,0.525041834448299,,3,median
median_ensemble,SI,Deaths,2021-06-21,1.95413043478261,2.185,0.894338871754054,,3,median
median_ensemble,SK,Cases,2021-06-21,84.5839130434783,90.285652173913,0.936847782641568,,3,median
median_ensemble,SK,Deaths,2021-06-21,3.85304347826087,5.03282608695652,0.765582480238435,,3,median
median_ensemble,AT,Cases,2021-06-28,163.07347826087,126.159673913044,1.29259590804958,,3,median
median_ensemble,AT,Deaths,2021-06-28,3.98652173913044,4.21804347826087,0.945111580683399,,3,median
median_ensemble,BE,Cases,2021-06-28,3098.84543478261,3016.66206521739,1.02724314748835,,3,median
median_ensemble,BE,Deaths,2021-06-28,1.9304347826087,2.22195652173913,0.868799530378632,,3,median
median_ensemble,BG,Cases,2021-06-28,74.9686956521739,53.1870652173913,1.40952871427958,,3,median
median_ensemble,BG,Deaths,2021-06-28,17.1597826086957,14.0519565217391,1.22116678785253,,3,median
median_ensemble,CY,Cases,2021-06-28,2084.94195652174,2422.56413043478,0.860634370966085,,3,median
median_ensemble,CY,Deaths,2021-06-28,1.58608695652174,1.75032608695652,0.906166552816245,,3,median
median_ensemble,EE,Cases,2021-06-28,99.1336956521739,82.371847826087,1.20349000621519,,3,median
median_ensemble,EE,Deaths,2021-06-28,0.538478260869565,0.527608695652174,1.02060156571899,,3,median
median_ensemble,ES,Cases,2021-06-28,52672.5536956522,50533.5809782609,1.04232774871647,,3,median
median_ensemble,FI,Cases,2021-06-28,524.478913043478,590.951630434783,0.88751580676341,,3,median
median_ensemble,FI,Deaths,2021-06-28,1.23130434782609,1.18760869565217,1.03679297089511,,3,median
median_ensemble,GR,Cases,2021-06-28,6359.93869565218,5843.85576086957,1.08831205900705,,3,median
median_ensemble,GR,Deaths,2021-06-28,4.48195652173913,4.50673913043478,0.994500988857267,,3,median
median_ensemble,HR,Cases,2021-06-28,138.062173913043,123.123152173913,1.12133397720381,,3,median
median_ensemble,HR,Deaths,2021-06-28,1.1304347826087,1.47260869565217,0.767640980218483,,3,median
median_ensemble,HU,Cases,2021-06-28,33.2004347826087,40.5029347826087,0.819704422921581,,3,median
median_ensemble,HU,Deaths,2021-06-28,3.0395652173913,2.59304347826087,1.17219986586184,,3,median
median_ensemble,IT,Cases,2021-06-28,2188.78108695652,2090.73630434783,1.04689485823956,,3,median
median_ensemble,IT,Deaths,2021-06-28,22.4823913043478,18.514347826087,1.21432261700679,,3,median
median_ensemble,LT,Cases,2021-06-28,93.2710869565217,64.5366304347826,1.44524259057461,,3,median
median_ensemble,LT,Deaths,2021-06-28,1.21804347826087,1.50021739130435,0.811911317200406,,3,median
median_ensemble,LU,Deaths,2021-06-28,0.272608695652174,0.281739130434783,0.967592592592593,,3,median
median_ensemble,LV,Cases,2021-06-28,126.136739130435,63.9417391304348,1.97268233310215,,3,median
median_ensemble,LV,Deaths,2021-06-28,2.33630434782609,2.8195652173913,0.828604471858134,,3,median
median_ensemble,MT,Cases,2021-06-28,154.443913043478,149.792282608696,1.03105387242769,,3,median
median_ensemble,MT,Deaths,2021-06-28,0.0234782608695652,0.143695652173913,0.16338880484115,,3,median
median_ensemble,NO,Cases,2021-06-28,128.419782608696,120.072826086957,1.06951578299402,,3,median
median_ensemble,PT,Cases,2021-06-28,1400.30673913043,1590.0175,0.880686369257216,,3,median
median_ensemble,PT,Deaths,2021-06-28,2.53586956521739,3.5154347826087,0.721353039391503,,3,median
median_ensemble,RO,Cases,2021-06-28,41.1073913043478,41.4079347826087,0.992741886794434,,3,median
median_ensemble,RO,Deaths,2021-06-28,267.162608695652,199.396086956522,1.33985883461147,,3,median
median_ensemble,SI,Cases,2021-06-28,103.836739130435,105.043152173913,0.988515071963178,,3,median
median_ensemble,SI,Deaths,2021-06-28,1.82347826086957,1.70804347826087,1.06758304696449,,3,median
median_ensemble,SK,Cases,2021-06-28,68.3569565217391,69.8738043478261,0.978291609563203,,3,median
median_ensemble,SK,Deaths,2021-06-28,4.7554347826087,5.07717391304348,0.936630271890388,,3,median
median_ensemble,AT,Cases,2021-07-05,818.310869565218,686.378152173913,1.19221578800759,,3,median
median_ensemble,AT,Deaths,2021-07-05,3.92521739130435,4.85130434782609,0.809105574475712,,3,median
median_ensemble,BE,Cases,2021-07-05,4274.35173913044,4459.03293478261,0.958582679618361,,3,median
median_ensemble,BE,Deaths,2021-07-05,1.8704347826087,3.17065217391304,0.589921151868358,,3,median
median_ensemble,BG,Cases,2021-07-05,49.4930434782609,58.0157608695652,0.853096516126615,,3,median
median_ensemble,BG,Deaths,2021-07-05,10.3397826086957,7.94413043478261,1.30156254275785,,3,median
median_ensemble,CY,Cases,2021-07-05,618.066304347826,916.98597826087,0.674019362346231,,3,median
median_ensemble,CY,Deaths,2021-07-05,1.72565217391304,1.71891304347826,1.00392057670419,,3,median
median_ensemble,EE,Cases,2021-07-05,41.6954347826087,88.3663043478261,0.471847669655707,,3,median
median_ensemble,EE,Deaths,2021-07-05,0.28304347826087,0.260869565217391,1.085,,3,median
median_ensemble,ES,Cases,2021-07-05,54470.0102173913,56978.1810869565,0.955980152021045,,3,median
median_ensemble,FI,Cases,2021-07-05,231.667391304348,260.152934782609,0.890504623743476,,3,median
median_ensemble,FI,Deaths,2021-07-05,1.04565217391304,1.04565217391304,1,,3,median
median_ensemble,GR,Cases,2021-07-05,6636.165,8765.34163043478,0.757091426643097,,3,median
median_ensemble,GR,Deaths,2021-07-05,4.32217391304348,4.87717391304348,0.886204591040785,,3,median
median_ensemble,HR,Cases,2021-07-05,119.458695652174,82.8646739130435,1.44161184749887,,3,median
median_ensemble,HR,Deaths,2021-07-05,1.24826086956522,1.1654347826087,1.07106883044208,,3,median
median_ensemble,HU,Cases,2021-07-05,62.8791304347826,56.0541304347826,1.12175730757149,,3,median
median_ensemble,HU,Deaths,2021-07-05,2.60608695652174,2.20739130434783,1.18061847547764,,3,median
median_ensemble,IT,Cases,2021-07-05,3432.79456521739,6201.07652173913,0.553580423202816,,3,median
median_ensemble,IT,Deaths,2021-07-05,7.37652173913043,8.75934782608696,0.842131387585933,,3,median
median_ensemble,LT,Cases,2021-07-05,151.543260869565,170.214347826087,0.890308383547088,,3,median
median_ensemble,LT,Deaths,2021-07-05,0.58804347826087,0.922173913043478,0.637670909948138,,3,median
median_ensemble,LU,Deaths,2021-07-05,0.30804347826087,0.28195652173913,1.09252120277564,,3,median
median_ensemble,LV,Cases,2021-07-05,32.4373913043478,28.8047826086957,1.12611130398032,,3,median
median_ensemble,LV,Deaths,2021-07-05,2.99282608695652,2.65478260869565,1.12733377006223,,3,median
median_ensemble,MT,Cases,2021-07-05,768.805,755.696413043478,1.01734636651738,,3,median
median_ensemble,MT,Deaths,2021-07-05,0.0543478260869565,0.15195652173913,0.357653791130186,,3,median
median_ensemble,NO,Cases,2021-07-05,102.778043478261,87.5522826086957,1.17390478484285,,3,median
median_ensemble,PT,Cases,2021-07-05,1897.67913043478,1424.21663043478,1.33243713763928,,3,median
median_ensemble,PT,Deaths,2021-07-05,4.21021739130435,4.92739130434783,0.854451601517692,,3,median
median_ensemble,RO,Cases,2021-07-05,65.5141304347826,59.2235869565217,1.10621686057076,,3,median
median_ensemble,RO,Deaths,2021-07-05,326.808695652174,222.721739130435,1.46734080349822,,3,median
median_ensemble,SI,Cases,2021-07-05,174.359782608696,165.113913043478,1.05599691385657,,3,median
median_ensemble,SI,Deaths,2021-07-05,0.589347826086956,0.624565217391304,0.943612948137835,,3,median
median_ensemble,SK,Cases,2021-07-05,79.3602173913044,72.3485869565217,1.09691454567034,,3,median
median_ensemble,SK,Deaths,2021-07-05,1.13086956521739,1.75739130434783,0.643493320138545,,3,median
median_ensemble,AT,Cases,2021-07-12,434.353695652174,350.840326086957,1.23803811408076,,3,median
median_ensemble,AT,Deaths,2021-07-12,1.93347826086957,2.06304347826087,0.937197049525817,,3,median
median_ensemble,BE,Cases,2021-07-12,937.943695652174,1063.78717391304,0.88170239184407,,3,median
median_ensemble,BE,Deaths,2021-07-12,1.66391304347826,2.76217391304348,0.602392570439163,,3,median
median_ensemble,BG,Cases,2021-07-12,176.971304347826,124.106739130435,1.42596047231433,,3,median
median_ensemble,BG,Deaths,2021-07-12,7.07108695652174,3.89565217391304,1.81512276785714,,3,median
median_ensemble,CY,Cases,2021-07-12,3208.14782608696,4974.56815217391,0.644909814872067,,3,median
median_ensemble,CY,Deaths,2021-07-12,5.16695652173913,2.47478260869565,2.08784258608573,,3,median
median_ensemble,EE,Cases,2021-07-12,60.4619565217391,62.7116304347826,0.96412668754669,,3,median
median_ensemble,EE,Deaths,2021-07-12,0.510869565217391,0.338913043478261,1.50737652341244,,3,median
median_ensemble,ES,Cases,2021-07-12,44884.142826087,24402.0073913044,1.83936272562893,,3,median
median_ensemble,FI,Cases,2021-07-12,161.337608695652,292.293043478261,0.551972112561247,,3,median
median_ensemble,FI,Deaths,2021-07-12,0.784565217391305,1.01630434782609,0.771978609625669,,3,median
median_ensemble,GR,Cases,2021-07-12,1240.58695652174,1800.63163043478,0.68897321115157,,3,median
median_ensemble,GR,Deaths,2021-07-12,35.4682608695652,22.3554347826087,1.58656099576992,,3,median
median_ensemble,HR,Cases,2021-07-12,130.312173913043,168.344782608696,0.774079076842815,,3,median
median_ensemble,HR,Deaths,2021-07-12,0.850652173913043,1.26239130434783,0.673841914930257,,3,median
median_ensemble,HU,Cases,2021-07-12,146.345,128.35,1.14020257109466,,3,median
median_ensemble,HU,Deaths,2021-07-12,1.68,1.81163043478261,0.927341453170937,,3,median
median_ensemble,IT,Cases,2021-07-12,4173.4047826087,5360.78967391304,0.778505600194974,,3,median
median_ensemble,IT,Deaths,2021-07-12,22.7891304347826,14.230652173913,1.60141152747437,,3,median
median_ensemble,LT,Cases,2021-07-12,247.576304347826,516.537173913044,0.479300071420425,,3,median
median_ensemble,LT,Deaths,2021-07-12,1.18826086956522,1.05684782608696,1.12434433816723,,3,median
median_ensemble,LU,Deaths,2021-07-12,1.49521739130435,0.516630434782609,2.89417210183042,,3,median
median_ensemble,LV,Cases,2021-07-12,68.095652173913,66.9521739130435,1.01707903110592,,3,median
median_ensemble,LV,Deaths,2021-07-12,1.21978260869565,1.6604347826087,0.734616391725583,,3,median
median_ensemble,MT,Cases,2021-07-12,408.931304347826,1032.56369565217,0.396034942996463,,3,median
median_ensemble,MT,Deaths,2021-07-12,2.29391304347826,0.312608695652174,7.33796940194715,,3,median
median_ensemble,NO,Cases,2021-07-12,120.658913043478,106.733913043478,1.13046462556215,,3,median
median_ensemble,PT,Cases,2021-07-12,3949.76434782609,1518.91195652174,2.60039058278988,,3,median
median_ensemble,PT,Deaths,2021-07-12,5.19391304347826,7.16510869565217,0.724889637282119,,3,median
median_ensemble,RO,Cases,2021-07-12,209.900434782609,197.038043478261,1.06527872017653,,3,median
median_ensemble,RO,Deaths,2021-07-12,157.361304347826,137.697608695652,1.1428034650597,,3,median
median_ensemble,SI,Cases,2021-07-12,192.456304347826,103.926739130435,1.85184588642083,,3,median
median_ensemble,SI,Deaths,2021-07-12,0.515434782608696,0.681521739130435,0.756299840510367,,3,median
median_ensemble,SK,Cases,2021-07-12,116.333260869565,105.485434782609,1.10283719367809,,3,median
median_ensemble,SK,Deaths,2021-07-12,1.86608695652174,1.95369565217391,0.955157449649494,,3,median
median_ensemble,AT,Cases,2021-07-19,757.617826086957,451.103695652174,1.67947599052951,,3,median
median_ensemble,AT,Deaths,2021-07-19,3.65347826086957,2.15847826086957,1.69261758485245,,3,median
median_ensemble,BE,Cases,2021-07-19,1815.82760869565,1780.09195652174,1.02007517198367,,3,median
median_ensemble,BE,Deaths,2021-07-19,2.73347826086957,4.24586956521739,0.64379704060212,,3,median
median_ensemble,BG,Cases,2021-07-19,496.005,353.979239130435,1.40122624484548,,3,median
median_ensemble,BG,Deaths,2021-07-19,5.25021739130435,5.17608695652174,1.01432171356573,,3,median
median_ensemble,CY,Cases,2021-07-19,1006.71195652174,1005.00880434783,1.00169466393383,,3,median
median_ensemble,CY,Deaths,2021-07-19,11.5610869565217,6.85902173913043,1.68553000649731,,3,median
median_ensemble,EE,Cases,2021-07-19,236.254565217391,268.162282608696,0.881013403223956,,3,median
median_ensemble,EE,Deaths,2021-07-19,0.482173913043478,0.388695652173913,1.24049217002237,,3,median
median_ensemble,ES,Cases,2021-07-19,81215.3754347826,103776.151195652,0.782601537049345,,3,median
median_ensemble,FI,Cases,2021-07-19,637.453260869565,591.302282608696,1.07804972112954,,3,median
median_ensemble,FI,Deaths,2021-07-19,3.13565217391304,1.65630434782609,1.89316183226145,,3,median
median_ensemble,GR,Cases,2021-07-19,4158.6947826087,5493.16565217391,0.757067062225385,,3,median
median_ensemble,GR,Deaths,2021-07-19,7.14717391304348,28.6952173913044,0.249071955635691,,3,median
median_ensemble,HR,Cases,2021-07-19,106.959130434783,115.569891304348,0.925493043452908,,3,median
median_ensemble,HR,Deaths,2021-07-19,1.62065217391304,2.15478260869565,0.752118644067796,,3,median
median_ensemble,HU,Cases,2021-07-19,116.096956521739,80.7253260869565,1.43817265472153,,3,median
median_ensemble,HU,Deaths,2021-07-19,1.51434782608696,1.87086956521739,0.809435277713223,,3,median
median_ensemble,IT,Cases,2021-07-19,2816.53869565217,3424.24347826087,0.82252874643209,,3,median
median_ensemble,IT,Deaths,2021-07-19,46.2332608695652,36.1002173913044,1.28069203485466,,3,median
median_ensemble,LT,Cases,2021-07-19,351.455869565217,526.706413043478,0.667270913855772,,3,median
median_ensemble,LT,Deaths,2021-07-19,1.50152173913043,1.07521739130435,1.39648200566114,,3,median
median_ensemble,LU,Deaths,2021-07-19,0.422608695652174,0.422608695652174,1,,3,median
median_ensemble,LV,Cases,2021-07-19,123.666739130435,112.92652173913,1.09510801560076,,3,median
median_ensemble,LV,Deaths,2021-07-19,0.777173913043478,0.869347826086957,0.893973493373343,,3,median
median_ensemble,MT,Cases,2021-07-19,242.440652173913,242.440652173913,1,,3,median
median_ensemble,MT,Deaths,2021-07-19,0.554130434782609,0.565760869565217,0.979442843419788,,3,median
median_ensemble,NO,Cases,2021-07-19,358.443043478261,367.976956521739,0.974091005225989,,3,median
median_ensemble,PT,Cases,2021-07-19,5282.96717391304,4573.97858695652,1.15500478926122,,3,median
median_ensemble,PT,Deaths,2021-07-19,8.67608695652174,9.33347826086957,0.929566311082126,,3,median
median_ensemble,RO,Cases,2021-07-19,387.018043478261,209.657173913044,1.84595659788288,,3,median
median_ensemble,RO,Deaths,2021-07-19,20.125,21.7519565217391,0.925204129563557,,3,median
median_ensemble,SI,Cases,2021-07-19,124.927173913044,103.675760869565,1.20497957155303,,3,median
median_ensemble,SI,Deaths,2021-07-19,0.385869565217391,0.498913043478261,0.773420479302832,,3,median
median_ensemble,SK,Cases,2021-07-19,176.650217391304,168.274565217391,1.04977372642795,,3,median
median_ensemble,SK,Deaths,2021-07-19,2.49695652173913,2.52521739130435,0.988808539944904,,3,median
median_ensemble,AT,Cases,2021-07-26,206.455652173913,212.783369565217,0.970262161915032,,3,median
median_ensemble,AT,Deaths,2021-07-26,4.69521739130435,4.73347826086957,0.991916965187838,,3,median
median_ensemble,BE,Cases,2021-07-26,950.258043478261,1686.53576086957,0.563437826535214,,3,median
median_ensemble,BE,Deaths,2021-07-26,4.4554347826087,4.57195652173913,0.974513812942799,,3,median
median_ensemble,BG,Cases,2021-07-26,531.503260869565,758.831739130435,0.700423075975484,,3,median
median_ensemble,BG,Deaths,2021-07-26,6.35673913043478,5.87673913043478,1.08167794917323,,3,median
median_ensemble,CY,Cases,2021-07-26,1276.74717391304,1416.13510869565,0.901571584570773,,3,median
median_ensemble,CY,Deaths,2021-07-26,2.50652173913044,2.7204347826087,0.921368067764104,,3,median
median_ensemble,EE,Cases,2021-07-26,268.487173913044,267.874130434783,1.00228855051164,,3,median
median_ensemble,EE,Deaths,2021-07-26,1.41739130434783,1.18695652173913,1.19413919413919,,3,median
median_ensemble,ES,Cases,2021-07-26,18822.4865217391,45212.9736956522,0.416307200858792,,3,median
median_ensemble,FI,Cases,2021-07-26,559.530434782609,594.285760869565,0.941517484726368,,3,median
median_ensemble,FI,Deaths,2021-07-26,4.96152173913044,4.14565217391304,1.19680125852124,,3,median
median_ensemble,GR,Cases,2021-07-26,892.943695652174,1112.8727173913,0.802377200642794,,3,median
median_ensemble,GR,Deaths,2021-07-26,18.2873913043478,7.39826086956522,2.47185002350729,,3,median
median_ensemble,HR,Cases,2021-07-26,205.65847826087,156.669130434783,1.31269304738038,,3,median
median_ensemble,HR,Deaths,2021-07-26,2.19347826086957,2.27782608695652,0.96297003244894,,3,median
median_ensemble,HU,Cases,2021-07-26,65.4884782608696,104.024782608696,0.629546888910251,,3,median
median_ensemble,HU,Deaths,2021-07-26,1.48804347826087,1.42717391304348,1.04265041888804,,3,median
median_ensemble,IT,Cases,2021-07-26,13333.1645652174,10213.1280434783,1.30549274506859,,3,median
median_ensemble,IT,Deaths,2021-07-26,36.315,37.0515217391304,0.980121687192335,,3,median
median_ensemble,LT,Cases,2021-07-26,170.222608695652,161.396956521739,1.05468289095479,,3,median
median_ensemble,LT,Deaths,2021-07-26,1.78347826086957,1.82608695652174,0.976666666666667,,3,median
median_ensemble,LU,Deaths,2021-07-26,0.430652173913043,0.460652173913044,0.93487494100991,,3,median
median_ensemble,LV,Cases,2021-07-26,76.3419565217391,74.4944565217391,1.02480050310134,,3,median
median_ensemble,LV,Deaths,2021-07-26,0.947173913043478,1.19608695652174,0.791893856779353,,3,median
median_ensemble,MT,Cases,2021-07-26,671.201739130435,672.979782608696,0.997357954095785,,3,median
median_ensemble,MT,Deaths,2021-07-26,0.452826086956522,0.430108695652174,1.052817791256,,3,median
median_ensemble,NO,Cases,2021-07-26,413.091304347826,733.943369565218,0.562838117323055,,3,median
median_ensemble,PT,Cases,2021-07-26,2935.83130434783,4875.50315217391,0.602159656698977,,3,median
median_ensemble,PT,Deaths,2021-07-26,6.9304347826087,7.11282608695652,0.974357407011217,,3,median
median_ensemble,RO,Cases,2021-07-26,194.101739130435,145.755108695652,1.33169767336069,,3,median
median_ensemble,RO,Deaths,2021-07-26,6.88,6.02021739130435,1.14281587404759,,3,median
median_ensemble,SI,Cases,2021-07-26,139.339130434783,154.420760869565,0.902334178708512,,3,median
median_ensemble,SI,Deaths,2021-07-26,0.641304347826087,0.682826086956522,0.939191340337472,,3,median
median_ensemble,SK,Cases,2021-07-26,96.4497826086957,122.723369565217,0.785912112341737,,3,median
median_ensemble,SK,Deaths,2021-07-26,1.77586956521739,1.95369565217391,0.908979637253811,,3,median
median_ensemble,AT,Cases,2021-08-02,370.053260869565,343.305,1.07791398572571,,3,median
median_ensemble,AT,Deaths,2021-08-02,5.58434782608696,5.79391304347826,0.963830106558607,,3,median
median_ensemble,BE,Cases,2021-08-02,973.195869565217,1028.22065217391,0.946485433362616,,3,median
median_ensemble,BE,Deaths,2021-08-02,4.81108695652174,3.90478260869565,1.23210110232714,,3,median
median_ensemble,BG,Cases,2021-08-02,737.967391304348,1362.32695652174,0.541696240958565,,3,median
median_ensemble,BG,Deaths,2021-08-02,28.544347826087,21.134347826087,1.35061408381164,,3,median
median_ensemble,CY,Cases,2021-08-02,925.786086956522,739.556304347826,1.25181285253585,,3,median
median_ensemble,CY,Deaths,2021-08-02,2.84586956521739,2.66478260869565,1.06795562081906,,3,median
median_ensemble,EE,Cases,2021-08-02,573.775434782609,117.463695652174,4.88470443226677,,3,median
median_ensemble,EE,Deaths,2021-08-02,1.4195652173913,1.44782608695652,0.98048048048048,,3,median
median_ensemble,ES,Cases,2021-08-02,20497.9126086957,25597.9231521739,0.800764674807412,,3,median
median_ensemble,FI,Cases,2021-08-02,346.554782608696,446.029347826087,0.776977533648351,,3,median
median_ensemble,FI,Deaths,2021-08-02,3.44086956521739,4.03847826086957,0.852021316681918,,3,median
median_ensemble,GR,Cases,2021-08-02,1267.31217391304,1443.62195652174,0.877869838559746,,3,median
median_ensemble,GR,Deaths,2021-08-02,21.9632608695652,21.7563043478261,1.00951248513674,,3,median
median_ensemble,HR,Cases,2021-08-02,167.476086956522,164.940326086957,1.01537380778687,,3,median
median_ensemble,HR,Deaths,2021-08-02,2.89630434782609,2.70978260869565,1.06883273164862,,3,median
median_ensemble,HU,Cases,2021-08-02,91.310652173913,104.167934782609,0.876571589563257,,3,median
median_ensemble,HU,Deaths,2021-08-02,1.23021739130435,1.63826086956522,0.750928874734607,,3,median
median_ensemble,IT,Cases,2021-08-02,2665.90913043478,2669.0102173913,0.998838113493791,,3,median
median_ensemble,IT,Deaths,2021-08-02,31.8558695652174,32.014347826087,0.99504977387856,,3,median
median_ensemble,LT,Cases,2021-08-02,237.565652173913,366.099130434783,0.648910725059024,,3,median
median_ensemble,LT,Deaths,2021-08-02,6.43847826086957,3.29956521739131,1.9513111081829,,3,median
median_ensemble,LU,Deaths,2021-08-02,1.10021739130435,1.17891304347826,0.933247280103264,,3,median
median_ensemble,LV,Cases,2021-08-02,74.4876086956522,80.6966304347826,0.923057236644491,,3,median
median_ensemble,LV,Deaths,2021-08-02,1.75695652173913,1.58086956521739,1.11138613861386,,3,median
median_ensemble,MT,Cases,2021-08-02,345.307826086957,145.071304347826,2.38026277932291,,3,median
median_ensemble,MT,Deaths,2021-08-02,1.60934782608696,1.57152173913043,1.02406971918661,,3,median
median_ensemble,NO,Cases,2021-08-02,596.836956521739,626.123586956522,0.953225479689817,,3,median
median_ensemble,PT,Cases,2021-08-02,704.496086956522,1405.26554347826,0.501325952398135,,3,median
median_ensemble,PT,Deaths,2021-08-02,13.8932608695652,15.5460869565217,0.893682179214677,,3,median
median_ensemble,RO,Cases,2021-08-02,200.999782608696,213.54152173913,0.941267913479814,,3,median
median_ensemble,RO,Deaths,2021-08-02,4.62739130434783,5.73413043478261,0.80699093907571,,3,median
median_ensemble,SI,Cases,2021-08-02,283.990869565217,239.43097826087,1.18610746039637,,3,median
median_ensemble,SI,Deaths,2021-08-02,0.462608695652174,0.647391304347826,0.714573539288113,,3,median
median_ensemble,SK,Cases,2021-08-02,86.5119565217391,74.26,1.1649872949332,,3,median
median_ensemble,SK,Deaths,2021-08-02,3.10978260869565,2.7704347826087,1.12248901443817,,3,median
median_ensemble,AT,Cases,2021-08-09,1147.09,863.077608695652,1.32906935418423,,3,median
median_ensemble,AT,Deaths,2021-08-09,1.98891304347826,1.74239130434783,1.14148471615721,,3,median
median_ensemble,BE,Cases,2021-08-09,823.782826086957,1023.29891304348,0.805026581760823,,3,median
median_ensemble,BE,Deaths,2021-08-09,4.75239130434783,4.62782608695652,1.02691657271702,,3,median
median_ensemble,BG,Cases,2021-08-09,1625.89043478261,903.183152173913,1.80017799365409,,3,median
median_ensemble,BG,Deaths,2021-08-09,13.0230434782609,20.4136956521739,0.637956188833158,,3,median
median_ensemble,CY,Cases,2021-08-09,218.887608695652,261.776847826087,0.836161068151724,,3,median
median_ensemble,CY,Deaths,2021-08-09,4.65586956521739,3.16304347826087,1.4719587628866,,3,median
median_ensemble,EE,Cases,2021-08-09,145.522608695652,134.623586956522,1.08095922850912,,3,median
median_ensemble,EE,Deaths,2021-08-09,2.16,1.35434782608696,1.59486356340289,,3,median
median_ensemble,ES,Cases,2021-08-09,7292.19565217391,11695.437173913,0.623507744408164,,3,median
median_ensemble,FI,Cases,2021-08-09,1666.20760869565,837.8725,1.98861713291181,,3,median
median_ensemble,FI,Deaths,2021-08-09,2.02673913043478,1.5445652173913,1.31217452498241,,3,median
median_ensemble,GR,Cases,2021-08-09,2104.77086956522,1932.97336956522,1.08887732376708,,3,median
median_ensemble,GR,Deaths,2021-08-09,23.9504347826087,23.8134782608696,1.00575121871063,,3,median
median_ensemble,HR,Cases,2021-08-09,366.556304347826,351.571739130435,1.04262164318001,,3,median
median_ensemble,HR,Deaths,2021-08-09,2.00717391304348,1.83130434782609,1.0960351377018,,3,median
median_ensemble,HU,Cases,2021-08-09,80.8632608695652,75.1431521739131,1.07612282064523,,3,median
median_ensemble,HU,Deaths,2021-08-09,0.978260869565217,1.56673913043478,0.62439295129735,,3,median
median_ensemble,IT,Cases,2021-08-09,2788.30695652174,2783.4297826087,1.00175221733399,,3,median
median_ensemble,IT,Deaths,2021-08-09,49.8889130434783,30.8723913043478,1.61597177723166,,3,median
median_ensemble,LT,Cases,2021-08-09,391.799782608696,368.705326086957,1.06263662303672,,3,median
median_ensemble,LT,Deaths,2021-08-09,14.3413043478261,10.4213043478261,1.3761525303517,,3,median
median_ensemble,LU,Deaths,2021-08-09,1.51978260869565,1.0395652173913,1.46194061062317,,3,median
median_ensemble,LV,Cases,2021-08-09,83.0082608695652,101.38347826087,0.818755307013406,,3,median
median_ensemble,LV,Deaths,2021-08-09,1.22173913043478,1.37021739130435,0.891638902110106,,3,median
median_ensemble,MT,Cases,2021-08-09,40.5526086956522,50.8315217391304,0.797784668020956,,3,median
median_ensemble,MT,Deaths,2021-08-09,2.88478260869565,2.54652173913043,1.13283250810995,,3,median
median_ensemble,NO,Cases,2021-08-09,338.857608695652,311.764130434783,1.08690376992082,,3,median
median_ensemble,PT,Cases,2021-08-09,762.809347826087,1179.09456521739,0.646945012154684,,3,median
median_ensemble,PT,Deaths,2021-08-09,4.71847826086957,5.63695652173913,0.837061318935596,,3,median
median_ensemble,RO,Cases,2021-08-09,284.74152173913,310.172934782609,0.918008922792369,,3,median
median_ensemble,RO,Deaths,2021-08-09,7.28282608695652,8.90869565217392,0.817496339677892,,3,median
median_ensemble,SI,Cases,2021-08-09,441.681956521739,390.104565217391,1.13221427253897,,3,median
median_ensemble,SI,Deaths,2021-08-09,0.847608695652174,1.04630434782609,0.81009765219198,,3,median
median_ensemble,SK,Cases,2021-08-09,196.725217391304,192.321630434783,1.02289699263971,,3,median
median_ensemble,SK,Deaths,2021-08-09,1.53826086956522,1.3154347826087,1.16939348867956,,3,median
median_ensemble,AT,Cases,2021-08-16,387.126086956522,496.515108695652,0.779686418754716,,3,median
median_ensemble,AT,Deaths,2021-08-16,3.46021739130435,4.45945652173913,0.775928047383431,,3,median
median_ensemble,BE,Cases,2021-08-16,934.266739130435,1130.55913043478,0.826375829427994,,3,median
median_ensemble,BE,Deaths,2021-08-16,5.14869565217391,6.11445652173913,0.842052868291469,,3,median
median_ensemble,BG,Cases,2021-08-16,2780.89108695652,1100.30858695652,2.52737379306339,,3,median
median_ensemble,BG,Deaths,2021-08-16,20.7017391304348,15.2673913043478,1.35594475295458,,3,median
median_ensemble,CY,Cases,2021-08-16,236.888043478261,181.02902173913,1.30856390429831,,3,median
median_ensemble,CY,Deaths,2021-08-16,4.41130434782609,3.93304347826087,1.12160070749503,,3,median
median_ensemble,EE,Cases,2021-08-16,231.399130434783,212.408586956522,1.08940572389452,,3,median
median_ensemble,EE,Deaths,2021-08-16,0.952608695652174,0.813695652173913,1.17071867485974,,3,median
median_ensemble,ES,Cases,2021-08-16,6436.43434782609,4669.65608695652,1.37835297246078,,3,median
median_ensemble,FI,Cases,2021-08-16,1551.49434782609,1658.03847826087,0.93574085774744,,3,median
median_ensemble,FI,Deaths,2021-08-16,3.88239130434783,2.09423913043478,1.85384335911143,,3,median
median_ensemble,GR,Cases,2021-08-16,1085.92826086957,1788.5625,0.607151419572738,,3,median
median_ensemble,GR,Deaths,2021-08-16,23.7417391304348,25.1284782608696,0.944814042615775,,3,median
median_ensemble,HR,Cases,2021-08-16,473.094130434783,256.264565217391,1.84611606381652,,3,median
median_ensemble,HR,Deaths,2021-08-16,3.70630434782609,3.74739130434783,0.989035851026802,,3,median
median_ensemble,HU,Cases,2021-08-16,144.58152173913,152.563369565217,0.94768175448121,,3,median
median_ensemble,HU,Deaths,2021-08-16,1.89065217391304,2.54684782608696,0.742349878366267,,3,median
median_ensemble,IT,Cases,2021-08-16,5180.28456521739,4751.71804347826,1.09019190907746,,3,median
median_ensemble,IT,Deaths,2021-08-16,30.8797826086957,33.6655434782609,0.917251866990827,,3,median
median_ensemble,LT,Cases,2021-08-16,453.505217391304,628.653913043478,0.721390908386726,,3,median
median_ensemble,LT,Deaths,2021-08-16,5.95065217391304,5.3345652173913,1.11548962875423,,3,median
median_ensemble,LU,Deaths,2021-08-16,1.23478260869565,0.87945652173913,1.40402916821159,,3,median
median_ensemble,LV,Cases,2021-08-16,55.6447826086957,71.7313043478261,0.775739171545987,,3,median
median_ensemble,LV,Deaths,2021-08-16,1.78326086956522,1.3820652173913,1.29028706252458,,3,median
median_ensemble,MT,Cases,2021-08-16,60.345652173913,58.9530434782609,1.02362233760104,,3,median
median_ensemble,MT,Deaths,2021-08-16,0.890869565217391,0.901086956521739,0.988661037394451,,3,median
median_ensemble,NO,Cases,2021-08-16,984.939782608696,859.781195652174,1.14557027716986,,3,median
median_ensemble,PT,Cases,2021-08-16,667.296521739131,960.03652173913,0.695074100441831,,3,median
median_ensemble,PT,Deaths,2021-08-16,6.02891304347826,5.95717391304348,1.01204247710105,,3,median
median_ensemble,RO,Cases,2021-08-16,397.485652173913,439.516086956522,0.904371111706848,,3,median
median_ensemble,RO,Deaths,2021-08-16,25.1747826086957,23.6378260869565,1.06502106056983,,3,median
median_ensemble,SI,Cases,2021-08-16,307.061304347826,381.105543478261,0.805711986095373,,3,median
median_ensemble,SI,Deaths,2021-08-16,2.92673913043478,2.83619565217391,1.03192427087725,,3,median
median_ensemble,SK,Cases,2021-08-16,146.228260869565,171.049456521739,0.854888778035847,,3,median
median_ensemble,SK,Deaths,2021-08-16,1.78413043478261,1.79217391304348,0.995511887433285,,3,median
median_ensemble,AT,Cases,2021-08-23,924.864565217391,798.340108695652,1.1584844042578,,3,median
median_ensemble,AT,Deaths,2021-08-23,7.19391304347826,8.67673913043478,0.829103299676797,,3,median
median_ensemble,BE,Cases,2021-08-23,989.064347826087,1103.40793478261,0.896372335786175,,3,median
median_ensemble,BE,Deaths,2021-08-23,4.545,5.29478260869565,0.858392182624405,,3,median
median_ensemble,BG,Cases,2021-08-23,1617.71782608696,1858.0675,0.87064534850696,,3,median
median_ensemble,BG,Deaths,2021-08-23,26.6582608695652,25.1067391304348,1.06179702314466,,3,median
median_ensemble,CY,Cases,2021-08-23,137.740652173913,157.011956521739,0.877262185793106,,3,median
median_ensemble,CY,Deaths,2021-08-23,1.56782608695652,1.97532608695652,0.793704946899246,,3,median
median_ensemble,EE,Cases,2021-08-23,158.487608695652,95.4896739130435,1.65973557350271,,3,median
median_ensemble,EE,Deaths,2021-08-23,3.98478260869565,2.74260869565217,1.45291693088142,,3,median
median_ensemble,ES,Cases,2021-08-23,5293.00804347826,3058.09086956522,1.73082104791438,,3,median
median_ensemble,FI,Cases,2021-08-23,667.889130434783,462.824347826087,1.4430725902211,,3,median
median_ensemble,FI,Deaths,2021-08-23,2.17152173913044,1.84510869565217,1.17690721649485,,3,median
median_ensemble,GR,Cases,2021-08-23,1381.79891304348,1429.32847826087,0.966746926308204,,3,median
median_ensemble,GR,Deaths,2021-08-23,40.6315217391304,39.8929347826087,1.01851422966364,,3,median
median_ensemble,HR,Cases,2021-08-23,225.132173913044,228.02652173913,0.987306968487647,,3,median
median_ensemble,HR,Deaths,2021-08-23,3.81695652173913,4.70195652173913,0.81178047991123,,3,median
median_ensemble,HU,Cases,2021-08-23,312.105652173913,366.666304347826,0.851198074306397,,3,median
median_ensemble,HU,Deaths,2021-08-23,1.67695652173913,2.36673913043478,0.708551483420593,,3,median
median_ensemble,IT,Cases,2021-08-23,2735.77565217391,3375.17,0.81055936506129,,3,median
median_ensemble,IT,Deaths,2021-08-23,39.5219565217391,30.0671739130435,1.31445531382629,,3,median
median_ensemble,LT,Cases,2021-08-23,256.553260869565,342.673586956522,0.748681166669892,,3,median
median_ensemble,LT,Deaths,2021-08-23,9.76086956521739,5.47,1.78443684921707,,3,median
median_ensemble,LU,Deaths,2021-08-23,1.59695652173913,1.5220652173913,1.04920374205527,,3,median
median_ensemble,LV,Cases,2021-08-23,224.452826086957,244.254130434783,0.918931547595208,,3,median
median_ensemble,LV,Deaths,2021-08-23,1.57304347826087,1.51347826086957,1.03935650675093,,3,median
median_ensemble,MT,Cases,2021-08-23,43.5347826086957,43.5347826086957,1,,3,median
median_ensemble,MT,Deaths,2021-08-23,3.00130434782609,2.73413043478261,1.0977180567703,,3,median
median_ensemble,NO,Cases,2021-08-23,3503.82130434783,3222.05663043478,1.08744870318279,,3,median
median_ensemble,PT,Cases,2021-08-23,1366.13173913043,1226.91684782609,1.11346725864187,,3,median
median_ensemble,PT,Deaths,2021-08-23,3.59413043478261,5.22130434782609,0.688358730951786,,3,median
median_ensemble,RO,Cases,2021-08-23,619.44347826087,534.809239130435,1.15825126594306,,3,median
median_ensemble,RO,Deaths,2021-08-23,13.9019565217391,23.1921739130435,0.599424468523865,,3,median
median_ensemble,SI,Cases,2021-08-23,299.838695652174,230.19902173913,1.30251941727173,,3,median
median_ensemble,SI,Deaths,2021-08-23,1.79108695652174,1.93163043478261,0.927241010635305,,3,median
median_ensemble,SK,Cases,2021-08-23,438.811086956522,457.053260869565,0.960087422025309,,3,median
median_ensemble,SK,Deaths,2021-08-23,2.13413043478261,2.16,0.988023349436393,,3,median
median_ensemble,AT,Cases,2021-08-30,959.386956521739,642.335217391304,1.49359233394997,,3,median
median_ensemble,AT,Deaths,2021-08-30,20.2621739130435,14.3321739130435,1.41375439873802,,3,median
median_ensemble,BE,Cases,2021-08-30,994.639347826087,936.045760869565,1.06259692571236,,3,median
median_ensemble,BE,Deaths,2021-08-30,9.9304347826087,7.67760869565218,1.29342809411898,,3,median
median_ensemble,BG,Cases,2021-08-30,1351.14326086956,2363.34521739131,0.571707954862801,,3,median
median_ensemble,BG,Deaths,2021-08-30,29.7115217391304,34.3169565217391,0.86579710879398,,3,median
median_ensemble,CY,Cases,2021-08-30,86.9171739130435,123.23152173913,0.705316080548279,,3,median
median_ensemble,CY,Deaths,2021-08-30,2.14608695652174,1.52760869565217,1.40486694179593,,3,median
median_ensemble,EE,Cases,2021-08-30,95.1532608695652,152.798152173913,0.622738295691318,,3,median
median_ensemble,EE,Deaths,2021-08-30,4.33608695652174,3.58152173913044,1.21068285280728,,3,median
median_ensemble,ES,Cases,2021-08-30,3519.48804347826,2742.74934782609,1.28319711251333,,3,median
median_ensemble,FI,Cases,2021-08-30,220.808260869565,194.869347826087,1.13310925157212,,3,median
median_ensemble,FI,Deaths,2021-08-30,1.50847826086957,1.45369565217391,1.03768506056528,,3,median
median_ensemble,GR,Cases,2021-08-30,3044.60413043478,2282.15608695652,1.33409110263578,,3,median
median_ensemble,GR,Deaths,2021-08-30,25.4804347826087,22.0273913043478,1.15676134457099,,3,median
median_ensemble,HR,Cases,2021-08-30,233.779782608696,289.008043478261,0.808904069918319,,3,median
median_ensemble,HR,Deaths,2021-08-30,11.1710869565217,10.0080434782609,1.11621087386233,,3,median
median_ensemble,HU,Cases,2021-08-30,219.289565217391,266.910326086957,0.821585168443236,,3,median
median_ensemble,HU,Deaths,2021-08-30,4.69478260869565,5.03391304347826,0.932630851615132,,3,median
median_ensemble,IT,Cases,2021-08-30,7309.81108695652,5087.1497826087,1.4369168196986,,3,median
median_ensemble,IT,Deaths,2021-08-30,35.1917391304348,27.9810869565217,1.25769735768726,,3,median
median_ensemble,LT,Cases,2021-08-30,526.846086956522,393.87097826087,1.33761083206181,,3,median
median_ensemble,LT,Deaths,2021-08-30,7.53956521739131,7.18608695652174,1.04918925459826,,3,median
median_ensemble,LU,Deaths,2021-08-30,1.01847826086957,1.04891304347826,0.970984455958549,,3,median
median_ensemble,LV,Cases,2021-08-30,317.876956521739,361.346086956522,0.879702224532425,,3,median
median_ensemble,LV,Deaths,2021-08-30,6.07847826086957,6.10239130434783,0.9960813651099,,3,median
median_ensemble,MT,Cases,2021-08-30,31.0121739130435,31.3356521739131,0.98967698967699,,3,median
median_ensemble,MT,Deaths,2021-08-30,0.864347826086956,0.923695652173913,0.935749588138385,,3,median
median_ensemble,NO,Cases,2021-08-30,1492.73782608696,1300.93434782609,1.1474351711763,,3,median
median_ensemble,PT,Cases,2021-08-30,2728.74130434783,2006.90858695652,1.35967393935265,,3,median
median_ensemble,PT,Deaths,2021-08-30,4.36869565217391,5.33173913043478,0.819375356764251,,3,median
median_ensemble,RO,Cases,2021-08-30,758.826304347826,647.01347826087,1.17281375093994,,3,median
median_ensemble,RO,Deaths,2021-08-30,20.8776086956522,19.4858695652174,1.0714229932504,,3,median
median_ensemble,SI,Cases,2021-08-30,197.654565217391,317.844130434783,0.621860044881173,,3,median
median_ensemble,SI,Deaths,2021-08-30,2.54217391304348,2.37891304347826,1.06862834688842,,3,median
median_ensemble,SK,Cases,2021-08-30,1159.94804347826,1418.36184782609,0.817808266103678,,3,median
median_ensemble,SK,Deaths,2021-08-30,2.23282608695652,1.90804347826087,1.17021761421898,,3,median
median_ensemble,AT,Cases,2021-09-06,656.740869565218,720.178043478261,0.911914595998151,,3,median
median_ensemble,AT,Deaths,2021-09-06,23.5391304347826,23.5234782608696,1.00066538518409,,3,median
median_ensemble,BE,Cases,2021-09-06,1004.29847826087,1013.43097826087,0.990988532819796,,3,median
median_ensemble,BE,Deaths,2021-09-06,10.0830434782609,10.579347826087,0.953087434501182,,3,median
median_ensemble,BG,Cases,2021-09-06,605.411956521739,847.94347826087,0.713976782701882,,3,median
median_ensemble,BG,Deaths,2021-09-06,40.385652173913,37.445,1.07853257241055,,3,median
median_ensemble,CY,Cases,2021-09-06,85.1713043478261,92.6039130434783,0.919737639033002,,3,median
median_ensemble,CY,Deaths,2021-09-06,1.71521739130435,1.72978260869565,0.991579741108458,,3,median
median_ensemble,EE,Cases,2021-09-06,118.861086956522,136.84652173913,0.868572218321382,,3,median
median_ensemble,EE,Deaths,2021-09-06,2.84891304347826,1.88652173913043,1.51014058538834,,3,median
median_ensemble,ES,Cases,2021-09-06,2607.96847826087,3376.94804347826,0.772285639187584,,3,median
median_ensemble,FI,Cases,2021-09-06,430.292826086956,225.214782608696,1.91058873268802,,3,median
median_ensemble,FI,Deaths,2021-09-06,1.41086956521739,1.42608695652174,0.989329268292683,,3,median
median_ensemble,GR,Cases,2021-09-06,747.299565217391,981.088369565217,0.761704641905568,,3,median
median_ensemble,GR,Deaths,2021-09-06,15.744347826087,22.5154347826087,0.699269100423864,,3,median
median_ensemble,HR,Cases,2021-09-06,362.62,347.620760869565,1.04314828347109,,3,median
median_ensemble,HR,Deaths,2021-09-06,8.74021739130435,6.80891304347826,1.28364356182753,,3,median
median_ensemble,HU,Cases,2021-09-06,274.949130434783,179.569347826087,1.53115848424794,,3,median
median_ensemble,HU,Deaths,2021-09-06,9.17586956521739,12.3632608695652,0.742188461606091,,3,median
median_ensemble,IT,Cases,2021-09-06,3469.57,4086.45652173913,0.849041212488762,,3,median
median_ensemble,IT,Deaths,2021-09-06,29.285,27.1547826086957,1.0784472268477,,3,median
median_ensemble,LT,Cases,2021-09-06,460.034782608696,544.307065217391,0.84517510796036,,3,median
median_ensemble,LT,Deaths,2021-09-06,7.15847826086957,6.98978260869565,1.02413460641309,,3,median
median_ensemble,LU,Deaths,2021-09-06,1.26565217391304,1.22130434782609,1.03631185475258,,3,median
median_ensemble,LV,Cases,2021-09-06,171.708043478261,167.048369565217,1.0278941597884,,3,median
median_ensemble,LV,Deaths,2021-09-06,6.45413043478261,7.60391304347826,0.84879066842015,,3,median
median_ensemble,MT,Cases,2021-09-06,40.9978260869565,78.8336956521739,0.52005460035573,,3,median
median_ensemble,MT,Deaths,2021-09-06,0.952826086956522,1.08119565217391,0.881270734894943,,3,median
median_ensemble,NO,Cases,2021-09-06,7908.88652173913,6632.50771739131,1.19244286757496,,3,median
median_ensemble,PT,Cases,2021-09-06,2945.05586956522,2178.49043478261,1.35187918319187,,3,median
median_ensemble,PT,Deaths,2021-09-06,6.68956521739131,7.28304347826087,0.918512327622232,,3,median
median_ensemble,RO,Cases,2021-09-06,1430.645,2127.86065217391,0.672339609522077,,3,median
median_ensemble,RO,Deaths,2021-09-06,39.5430434782609,43.9563043478261,0.899598909984718,,3,median
median_ensemble,SI,Cases,2021-09-06,627.205434782609,579.024456521739,1.0832106100497,,3,median
median_ensemble,SI,Deaths,2021-09-06,2.66586956521739,2.90413043478261,0.917957930982858,,3,median
median_ensemble,SK,Cases,2021-09-06,1347.75869565217,1678.60347826087,0.802904743798417,,3,median
median_ensemble,SK,Deaths,2021-09-06,5.27391304347826,3.51391304347826,1.50086612224697,,3,median
median_ensemble,AT,Cases,2021-09-13,1852.82847826087,2004.8252173913,0.924184543464485,,3,median
median_ensemble,AT,Deaths,2021-09-13,9.95717391304348,13.4734782608696,0.739020297524928,,3,median
median_ensemble,BE,Cases,2021-09-13,865.395869565217,910.538369565217,0.950422188115416,,3,median
median_ensemble,BE,Deaths,2021-09-13,5.64478260869565,5.51478260869565,1.02357300536108,,3,median
median_ensemble,BG,Cases,2021-09-13,691.87347826087,727.256956521739,0.951346662354254,,3,median
median_ensemble,BG,Deaths,2021-09-13,30.8452173913043,39.7345652173913,0.776281739149465,,3,median
median_ensemble,CY,Cases,2021-09-13,70.8791304347826,82.9198913043478,0.854790440747552,,3,median
median_ensemble,CY,Deaths,2021-09-13,2.87891304347826,2.02586956521739,1.42107522266338,,3,median
median_ensemble,EE,Cases,2021-09-13,211.464782608696,173.324130434783,1.22005390754442,,3,median
median_ensemble,EE,Deaths,2021-09-13,1.93086956521739,1.81326086956522,1.06486032849778,,3,median
median_ensemble,ES,Cases,2021-09-13,1081.63347826087,1141.99956521739,0.947140008809872,,3,median
median_ensemble,FI,Cases,2021-09-13,281.839347826087,181.853152173913,1.54981832570355,,3,median
median_ensemble,FI,Deaths,2021-09-13,3.51630434782609,2.84673913043478,1.23520427644139,,3,median
median_ensemble,GR,Cases,2021-09-13,1101.90543478261,962.352391304348,1.14501241410032,,3,median
median_ensemble,GR,Deaths,2021-09-13,46.1752173913044,25.3213043478261,1.82357183330758,,3,median
median_ensemble,HR,Cases,2021-09-13,550.780434782609,539.377717391304,1.02114050511106,,3,median
median_ensemble,HR,Deaths,2021-09-13,6.61,6.34934782608696,1.04105180265005,,3,median
median_ensemble,HU,Cases,2021-09-13,194.87652173913,225.4975,0.8642070166593,,3,median
median_ensemble,HU,Deaths,2021-09-13,5.8145652173913,5.61673913043478,1.03522080736928,,3,median
median_ensemble,IT,Cases,2021-09-13,2288.7997826087,3903.89456521739,0.586286269870417,,3,median
median_ensemble,IT,Deaths,2021-09-13,25.134347826087,27.5326086956522,0.912893801816028,,3,median
median_ensemble,LT,Cases,2021-09-13,896.944565217391,805.14,1.1140231080525,,3,median
median_ensemble,LT,Deaths,2021-09-13,13.5441304347826,14.3032608695652,0.94692605821111,,3,median
median_ensemble,LU,Deaths,2021-09-13,0.686086956521739,0.755217391304348,0.90846286701209,,3,median
median_ensemble,LV,Cases,2021-09-13,402.288043478261,301.544891304348,1.33409006446152,,3,median
median_ensemble,LV,Deaths,2021-09-13,4.27108695652174,4.26065217391304,1.00244910454615,,3,median
median_ensemble,MT,Cases,2021-09-13,50.4019565217391,50.3976086956522,1.00008627048385,,3,median
median_ensemble,MT,Deaths,2021-09-13,0.96,0.9675,0.992248062015504,,3,median
median_ensemble,NO,Cases,2021-09-13,5896.76717391304,5115.69815217391,1.15268082644931,,3,median
median_ensemble,PT,Cases,2021-09-13,495.953043478261,493.498369565217,1.00497402638879,,3,median
median_ensemble,PT,Deaths,2021-09-13,5.10608695652174,5.71304347826087,0.893759512937595,,3,median
median_ensemble,RO,Cases,2021-09-13,3310.8047826087,4891.3997826087,0.676862438106208,,3,median
median_ensemble,RO,Deaths,2021-09-13,47.0082608695652,66.8760869565217,0.702915840457693,,3,median
median_ensemble,SI,Cases,2021-09-13,1143.51304347826,1149.07586956522,0.995158869632289,,3,median
median_ensemble,SI,Deaths,2021-09-13,4.49891304347826,4.84152173913043,0.929235328454043,,3,median
median_ensemble,SK,Cases,2021-09-13,744.777391304348,1311.1497826087,0.568033798413573,,3,median
median_ensemble,SK,Deaths,2021-09-13,3.48673913043478,3.61065217391304,0.965681257149738,,3,median
median_ensemble,AT,Cases,2021-09-20,2116.41586956522,2006.79608695652,1.05462427564075,,3,median
median_ensemble,AT,Deaths,2021-09-20,7.90347826086957,6.92489130434783,1.14131441397605,,3,median
median_ensemble,BE,Cases,2021-09-20,1129.91391304348,1339.84956521739,0.843314012540019,,3,median
median_ensemble,BE,Deaths,2021-09-20,9.04,8.23989130434783,1.09710185075257,,3,median
median_ensemble,BG,Cases,2021-09-20,625.538043478261,1004.70434782609,0.622609073835262,,3,median
median_ensemble,BG,Deaths,2021-09-20,32.3263043478261,30.9934782608696,1.04300343690819,,3,median
median_ensemble,CY,Cases,2021-09-20,171.539130434783,367.058260869565,0.467334885825494,,3,median
median_ensemble,CY,Deaths,2021-09-20,0.889782608695652,1.48434782608696,0.599443468072642,,3,median
median_ensemble,EE,Cases,2021-09-20,613.612391304348,513.850869565217,1.19414489231777,,3,median
median_ensemble,EE,Deaths,2021-09-20,1.62369565217391,1.66478260869565,0.975319926873857,,3,median
median_ensemble,ES,Cases,2021-09-20,1614.86456521739,1453.2222826087,1.11123025330889,,3,median
median_ensemble,FI,Cases,2021-09-20,506.761739130435,429.046521739131,1.18113471023209,,3,median
median_ensemble,FI,Deaths,2021-09-20,7.485,6.90956521739131,1.08328089604833,,3,median
median_ensemble,GR,Cases,2021-09-20,1628.63413043478,1297.98173913044,1.254743484701,,3,median
median_ensemble,GR,Deaths,2021-09-20,29.7080434782609,27.545,1.07852762672938,,3,median
median_ensemble,HR,Cases,2021-09-20,1941.6902173913,1074.30304347826,1.8073952495794,,3,median
median_ensemble,HR,Deaths,2021-09-20,11.315,6.04597826086957,1.87149200870144,,3,median
median_ensemble,HU,Cases,2021-09-20,604.738260869565,408.636521739131,1.47989283555919,,3,median
median_ensemble,HU,Deaths,2021-09-20,8.32586956521739,6.78782608695652,1.22658852165001,,3,median
median_ensemble,IT,Cases,2021-09-20,1198.235,1754.52902173913,0.682938261581037,,3,median
median_ensemble,IT,Deaths,2021-09-20,19.6873913043478,18.5234782608696,1.06283447563609,,3,median
median_ensemble,LT,Cases,2021-09-20,455.974130434783,480.205,0.949540572119788,,3,median
median_ensemble,LT,Deaths,2021-09-20,7.17369565217391,7.08336956521739,1.0127518529317,,3,median
median_ensemble,LU,Deaths,2021-09-20,0.545,0.462282608695652,1.17893251822243,,3,median
median_ensemble,LV,Cases,2021-09-20,340.195434782609,391.13347826087,0.869768132084344,,3,median
median_ensemble,LV,Deaths,2021-09-20,3.4854347826087,3.61413043478261,0.964390977443609,,3,median
median_ensemble,MT,Cases,2021-09-20,41.3289130434783,31.8140217391304,1.29907854412021,,3,median
median_ensemble,MT,Deaths,2021-09-20,0.896521739130435,0.92,0.974480151228733,,3,median
median_ensemble,NO,Cases,2021-09-20,1353.68543478261,545.311521739131,2.48240754287637,,3,median
median_ensemble,PT,Cases,2021-09-20,349.729565217391,399.626739130435,0.875140552352385,,3,median
median_ensemble,PT,Deaths,2021-09-20,3.84565217391304,4.0145652173913,0.957924947203119,,3,median
median_ensemble,RO,Cases,2021-09-20,3287.43521739131,3335.15913043478,0.985690663870285,,3,median
median_ensemble,RO,Deaths,2021-09-20,97.3691304347826,48.7648913043478,1.99670557711468,,3,median
median_ensemble,SI,Cases,2021-09-20,3698.84565217391,3059.35891304348,1.20902638667337,,3,median
median_ensemble,SI,Deaths,2021-09-20,3.65782608695652,3.90304347826087,0.93717277486911,,3,median
median_ensemble,SK,Cases,2021-09-20,975.158695652174,853.632173913044,1.14236403623595,,3,median
median_ensemble,SK,Deaths,2021-09-20,11.1676086956522,12.7107608695652,0.878594822941875,,3,median
median_ensemble,AT,Cases,2021-09-27,451.164565217391,720.313260869565,0.626344938690624,,3,median
median_ensemble,AT,Deaths,2021-09-27,9.74760869565217,5.88065217391304,1.65757273298584,,3,median
median_ensemble,BE,Cases,2021-09-27,1014.99217391304,965.625217391304,1.05112434475884,,3,median
median_ensemble,BE,Deaths,2021-09-27,4.28760869565217,5.21706521739131,0.821843031856158,,3,median
median_ensemble,BG,Cases,2021-09-27,1304.03043478261,1457.47869565217,0.894716635428484,,3,median
median_ensemble,BG,Deaths,2021-09-27,97.9439130434783,69.5777173913044,1.40769080555838,,3,median
median_ensemble,CY,Cases,2021-09-27,51.8923913043478,85.8021739130435,0.604791101877423,,3,median
median_ensemble,CY,Deaths,2021-09-27,2.22195652173913,2.16902173913044,1.02440491104986,,3,median
median_ensemble,EE,Cases,2021-09-27,590.444130434783,636.005,0.928363975809597,,3,median
median_ensemble,EE,Deaths,2021-09-27,4.75608695652174,4.95782608695652,0.959308953784092,,3,median
median_ensemble,ES,Cases,2021-09-27,1146.28043478261,1204.065,0.952008765957493,,3,median
median_ensemble,FI,Cases,2021-09-27,1385.47217391304,1098.36065217391,1.26140004302855,,3,median
median_ensemble,FI,Deaths,2021-09-27,14.4954347826087,12.8509782608696,1.12796352840674,,3,median
median_ensemble,GR,Cases,2021-09-27,2524.99413043478,1164.67152173913,2.1679882123883,,3,median
median_ensemble,GR,Deaths,2021-09-27,15.8080434782609,12.55,1.25960505802875,,3,median
median_ensemble,HR,Cases,2021-09-27,985.052608695652,398.247173913044,2.47347043047878,,3,median
median_ensemble,HR,Deaths,2021-09-27,15.0754347826087,11.3503260869565,1.32819398025339,,3,median
median_ensemble,HU,Cases,2021-09-27,555.19152173913,405.69,1.36851172505886,,3,median
median_ensemble,HU,Deaths,2021-09-27,6.64217391304348,14.6775,0.452541230662135,,3,median
median_ensemble,IT,Cases,2021-09-27,1480.92826086957,1410.39434782609,1.05001006502344,,3,median
median_ensemble,IT,Deaths,2021-09-27,13.8515217391304,20.3827173913043,0.67957188794855,,3,median
median_ensemble,LT,Cases,2021-09-27,625.162826086956,661.250434782609,0.945425202317612,,3,median
median_ensemble,LT,Deaths,2021-09-27,7.78021739130435,8.22326086956522,0.946123139556402,,3,median
median_ensemble,LU,Deaths,2021-09-27,0.526304347826087,0.50554347826087,1.04106643732531,,3,median
median_ensemble,LV,Cases,2021-09-27,1462.11586956522,1446.35043478261,1.01090014868007,,3,median
median_ensemble,LV,Deaths,2021-09-27,4.16239130434783,4.17445652173913,0.997109751334462,,3,median
median_ensemble,MT,Cases,2021-09-27,23.1069565217391,23.1817391304348,0.996774072545857,,3,median
median_ensemble,MT,Deaths,2021-09-27,0.858695652173913,1.20717391304348,0.711327210516838,,3,median
median_ensemble,NO,Cases,2021-09-27,265.650434782609,256.023260869565,1.03760273140943,,3,median
median_ensemble,PT,Cases,2021-09-27,520.690434782609,535.455869565217,0.972424553316414,,3,median
median_ensemble,PT,Deaths,2021-09-27,8.68695652173913,6.41456521739131,1.35425492256075,,3,median
median_ensemble,RO,Cases,2021-09-27,4637.4952173913,4396.36347826087,1.05484799887971,,3,median
median_ensemble,RO,Deaths,2021-09-27,97.0871739130435,76.6785869565218,1.26615757757891,,3,median
median_ensemble,SI,Cases,2021-09-27,363.542173913043,366.218478260869,0.992692055407648,,3,median
median_ensemble,SI,Deaths,2021-09-27,2.94239130434783,4.60456521739131,0.639016099334309,,3,median
median_ensemble,SK,Cases,2021-09-27,1283.5547826087,772.147391304348,1.66231835665527,,3,median
median_ensemble,SK,Deaths,2021-09-27,8.10130434782609,14.3460869565217,0.56470481270457,,3,median
median_ensemble,AT,Cases,2021-10-04,530.180652173913,778.691521739131,0.680860953757153,,3,median
median_ensemble,AT,Deaths,2021-10-04,9.92695652173913,8.22956521739131,1.20625528317836,,3,median
median_ensemble,BE,Cases,2021-10-04,1877.64152173913,1933.43619565217,0.971142221274996,,3,median
median_ensemble,BE,Deaths,2021-10-04,8.68326086956522,9.10130434782609,0.954067739932164,,3,median
median_ensemble,BG,Cases,2021-10-04,2195.42934782609,1464.18445652174,1.49942129084027,,3,median
median_ensemble,BG,Deaths,2021-10-04,90.9534782608696,60.405,1.5057276427592,,3,median
median_ensemble,CY,Cases,2021-10-04,153.954347826087,192.9325,0.797970004152162,,3,median
median_ensemble,CY,Deaths,2021-10-04,1.07304347826087,1.09065217391304,0.983854893362567,,3,median
median_ensemble,EE,Cases,2021-10-04,316.394347826087,489.49347826087,0.646370915809155,,3,median
median_ensemble,EE,Deaths,2021-10-04,8.27978260869565,6.50478260869565,1.27287614464274,,3,median
median_ensemble,ES,Cases,2021-10-04,672.464565217391,775.489565217391,0.867148438069416,,3,median
median_ensemble,FI,Cases,2021-10-04,694.290217391304,716.521630434783,0.968973144565101,,3,median
median_ensemble,FI,Deaths,2021-10-04,11.3030434782609,13.1778260869565,0.857732026790722,,3,median
median_ensemble,GR,Cases,2021-10-04,997.519782608696,970.334891304348,1.02801598865295,,3,median
median_ensemble,GR,Deaths,2021-10-04,16.8734782608696,13.9602173913043,1.20868305900307,,3,median
median_ensemble,HR,Cases,2021-10-04,604.796521739131,520.362608695652,1.16225976200542,,3,median
median_ensemble,HR,Deaths,2021-10-04,7.81565217391304,7.2995652173913,1.07070105426172,,3,median
median_ensemble,HU,Cases,2021-10-04,335.814565217391,395.511413043478,0.849064158814743,,3,median
median_ensemble,HU,Deaths,2021-10-04,9.4304347826087,9.93391304347826,0.949317226890756,,3,median
median_ensemble,IT,Cases,2021-10-04,1320.84086956522,1528.86652173913,0.863934719469638,,3,median
median_ensemble,IT,Deaths,2021-10-04,9.15108695652174,15.8815217391304,0.576209705016768,,3,median
median_ensemble,LT,Cases,2021-10-04,698.580652173913,665.870326086957,1.04912416848365,,3,median
median_ensemble,LT,Deaths,2021-10-04,7.80282608695652,7.90326086956522,0.987291981845688,,3,median
median_ensemble,LU,Deaths,2021-10-04,0.805217391304348,0.792173913043478,1.01646542261251,,3,median
median_ensemble,LV,Cases,2021-10-04,724.391739130435,866.823913043478,0.835684996952894,,3,median
median_ensemble,LV,Deaths,2021-10-04,5.93565217391304,6.20891304347826,0.955988935961626,,3,median
median_ensemble,MT,Cases,2021-10-04,27.5895652173913,23.4239130434783,1.17783758700696,,3,median
median_ensemble,MT,Deaths,2021-10-04,0.97804347826087,1.2704347826087,0.769849418206708,,3,median
median_ensemble,NO,Cases,2021-10-04,358.391956521739,212.85347826087,1.6837495889191,,3,median
median_ensemble,PT,Cases,2021-10-04,795.856739130435,673.684456521739,1.18134941577764,,3,median
median_ensemble,PT,Deaths,2021-10-04,18.1680434782609,12.7126086956522,1.42913574335648,,3,median
median_ensemble,RO,Cases,2021-10-04,22895.2019565217,19449.7509782609,1.17714627719974,,3,median
median_ensemble,RO,Deaths,2021-10-04,275.086956521739,92.6086956521739,2.97042253521127,,3,median
median_ensemble,SI,Cases,2021-10-04,460.385434782609,405.366413043478,1.13572664130225,,3,median
median_ensemble,SI,Deaths,2021-10-04,5.03326086956522,4.55391304347826,1.10526064540768,,3,median
median_ensemble,SK,Cases,2021-10-04,1412.53217391304,1271.46130434783,1.11095176005972,,3,median
median_ensemble,SK,Deaths,2021-10-04,8.6695652173913,8.51478260869565,1.01817810457516,,3,median
median_ensemble,AT,Cases,2021-10-11,2806.81217391304,2795.78793478261,1.00394315999196,,3,median
median_ensemble,AT,Deaths,2021-10-11,13.0363043478261,18.9854347826087,0.68664765896053,,3,median
median_ensemble,BE,Cases,2021-10-11,9177.68739130435,8948.48728260869,1.02561327981558,,3,median
median_ensemble,BE,Deaths,2021-10-11,19.4067391304348,15.9521739130435,1.21655764513491,,3,median
median_ensemble,BG,Cases,2021-10-11,5417.17065217391,4724.4102173913,1.14663426817435,,3,median
median_ensemble,BG,Deaths,2021-10-11,50.7928260869565,47.5152173913044,1.068980189413,,3,median
median_ensemble,CY,Cases,2021-10-11,281.654565217391,344.16597826087,0.818368412359179,,3,median
median_ensemble,CY,Deaths,2021-10-11,1.75630434782609,1.615,1.0874949522143,,3,median
median_ensemble,EE,Cases,2021-10-11,252.872826086957,317.334347826087,0.796865601909384,,3,median
median_ensemble,EE,Deaths,2021-10-11,3.36217391304348,2.59304347826087,1.29661301140174,,3,median
median_ensemble,ES,Cases,2021-10-11,995.923260869565,1342.99782608696,0.741567291863272,,3,median
median_ensemble,FI,Cases,2021-10-11,264.649130434783,317.78652173913,0.832789033928984,,3,median
median_ensemble,FI,Deaths,2021-10-11,5.08760869565217,5.5045652173913,0.9242525966589,,3,median
median_ensemble,GR,Cases,2021-10-11,2074.94260869565,2652.40630434783,0.782286863552693,,3,median
median_ensemble,GR,Deaths,2021-10-11,35.7195652173913,21.8876086956522,1.63195375584756,,3,median
median_ensemble,HR,Cases,2021-10-11,2399.87,2157.38989130435,1.11239512601454,,3,median
median_ensemble,HR,Deaths,2021-10-11,12.1352173913044,11.480652173913,1.05701463710212,,3,median
median_ensemble,HU,Cases,2021-10-11,1877.41108695652,2240.96532608696,0.837768913736273,,3,median
median_ensemble,HU,Deaths,2021-10-11,18.8904347826087,20.3578260869565,0.927920039296927,,3,median
median_ensemble,IT,Cases,2021-10-11,2788.13195652174,2207.97673913044,1.26275422521878,,3,median
median_ensemble,IT,Deaths,2021-10-11,31.6645652173913,23.3265217391304,1.35744906898287,,3,median
median_ensemble,LT,Cases,2021-10-11,576.290652173913,585.427934782609,0.984392130840001,,3,median
median_ensemble,LT,Deaths,2021-10-11,8.15673913043478,11.1939130434783,0.728676299230949,,3,median
median_ensemble,LU,Deaths,2021-10-11,1.15369565217391,1.15891304347826,0.995498030388295,,3,median
median_ensemble,LV,Cases,2021-10-11,838.470652173913,679.273260869565,1.23436428382379,,3,median
median_ensemble,LV,Deaths,2021-10-11,16.3147826086957,16.440652173913,0.992344004125511,,3,median
median_ensemble,MT,Cases,2021-10-11,33.3569565217391,32.1584782608696,1.03726787850929,,3,median
median_ensemble,MT,Deaths,2021-10-11,0.594565217391304,0.593152173913044,1.00238226131574,,3,median
median_ensemble,NO,Cases,2021-10-11,445.301304347826,669.387608695652,0.665236850164475,,3,median
median_ensemble,PT,Cases,2021-10-11,566.147608695652,708.345108695652,0.799253925446252,,3,median
median_ensemble,PT,Deaths,2021-10-11,7.13695652173913,6.07391304347826,1.17501789549034,,3,median
median_ensemble,RO,Cases,2021-10-11,18009.6623913044,13312.8610869565,1.35280179622317,,3,median
median_ensemble,RO,Deaths,2021-10-11,204.894782608696,144.902173913044,1.41402145375441,,3,median
median_ensemble,SI,Cases,2021-10-11,2456.01586956522,2638.93804347826,0.930683414729987,,3,median
median_ensemble,SI,Deaths,2021-10-11,5.69086956521739,5.69086956521739,1,,3,median
median_ensemble,SK,Cases,2021-10-11,1793.16,2937.78945652174,0.610377301211725,,3,median
median_ensemble,SK,Deaths,2021-10-11,20.3317391304348,17.8363043478261,1.1399076139286,,3,median
median_ensemble,AT,Cases,2021-10-18,6497.54913043478,6409.95891304348,1.0136647080862,,3,median
median_ensemble,AT,Deaths,2021-10-18,35.4726086956522,36.4202173913044,0.973981245485964,,3,median
median_ensemble,BE,Cases,2021-10-18,12968.3769565217,16844.9505434783,0.769867321548333,,3,median
median_ensemble,BE,Deaths,2021-10-18,24.1110869565217,28.1163043478261,0.857548227471296,,3,median
median_ensemble,BG,Cases,2021-10-18,2522.53239130435,3443.81532608696,0.732481899420136,,3,median
median_ensemble,BG,Deaths,2021-10-18,55.8067391304348,92.1163043478261,0.605829114894923,,3,median
median_ensemble,CY,Cases,2021-10-18,101.446739130435,107.338695652174,0.945108737478684,,3,median
median_ensemble,CY,Deaths,2021-10-18,1.95891304347826,1.49,1.31470674058944,,3,median
median_ensemble,EE,Cases,2021-10-18,363.669565217391,413.002934782609,0.88054959078878,,3,median
median_ensemble,EE,Deaths,2021-10-18,7.0004347826087,8.24086956521739,0.849477682811016,,3,median
median_ensemble,ES,Cases,2021-10-18,2690.54,2876.34956521739,0.935400909727971,,3,median
median_ensemble,FI,Cases,2021-10-18,359.297608695652,302.571195652174,1.18748120726168,,3,median
median_ensemble,FI,Deaths,2021-10-18,4.86739130434783,6.83413043478261,0.712218086967586,,3,median
median_ensemble,GR,Cases,2021-10-18,2822.11739130435,3332.76945652174,0.846778461012921,,3,median
median_ensemble,GR,Deaths,2021-10-18,17.3223913043478,23.2465217391304,0.745160566330634,,3,median
median_ensemble,HR,Cases,2021-10-18,6530.26413043478,6768.55934782609,0.964793805425103,,3,median
median_ensemble,HR,Deaths,2021-10-18,21.2597826086957,20.5063043478261,1.03674373734483,,3,median
median_ensemble,HU,Cases,2021-10-18,4652.78,5128.3497826087,0.907266508181355,,3,median
median_ensemble,HU,Deaths,2021-10-18,39.0086956521739,67.4789130434783,0.5780871963222,,3,median
median_ensemble,IT,Cases,2021-10-18,8152.01543478261,7341.34608695652,1.11042516429874,,3,median
median_ensemble,IT,Deaths,2021-10-18,48.8480434782609,45.4595652173913,1.07453829011927,,3,median
median_ensemble,LT,Cases,2021-10-18,579.57347826087,588.628913043478,0.984616055069758,,3,median
median_ensemble,LT,Deaths,2021-10-18,14.2817391304348,16.7426086956522,0.853017554793809,,3,median
median_ensemble,LU,Deaths,2021-10-18,0.633913043478261,0.612173913043478,1.03551136363636,,3,median
median_ensemble,LV,Cases,2021-10-18,3325.18217391304,2788.12152173913,1.19262454953503,,3,median
median_ensemble,LV,Deaths,2021-10-18,35.5830434782609,35.8591304347826,0.992300790533004,,3,median
median_ensemble,MT,Cases,2021-10-18,11.5795652173913,12.415,0.932707629270343,,3,median
median_ensemble,MT,Deaths,2021-10-18,0.563260869565217,0.528913043478261,1.0649404027949,,3,median
median_ensemble,NO,Cases,2021-10-18,2734.61913043478,2636.87326086956,1.03706885386406,,3,median
median_ensemble,PT,Cases,2021-10-18,429.773260869565,558.174782608696,0.769961800963077,,3,median
median_ensemble,PT,Deaths,2021-10-18,14.8019565217391,8.12173913043478,1.82251070663812,,3,median
median_ensemble,RO,Cases,2021-10-18,18128.6173913044,12263.8947826087,1.4782104472237,,3,median
median_ensemble,RO,Deaths,2021-10-18,286.838260869565,118.438260869565,2.42183783148806,,3,median
median_ensemble,SI,Cases,2021-10-18,5444.31108695652,5232.44358695652,1.04049111977588,,3,median
median_ensemble,SI,Deaths,2021-10-18,16.9130434782609,14.2619565217391,1.18588522216294,,3,median
median_ensemble,SK,Cases,2021-10-18,9113.80239130435,11306.9064130435,0.806038544795135,,3,median
median_ensemble,SK,Deaths,2021-10-18,19.3380434782609,17.8871739130435,1.08111228594694,,3,median
median_ensemble,AT,Cases,2021-10-25,4042.62304347826,4067.29673913044,0.993933637687461,,3,median
median_ensemble,AT,Deaths,2021-10-25,40.9328260869565,40.2044565217391,1.01811663751315,,3,median
median_ensemble,BE,Cases,2021-10-25,4136.86347826087,4371.57043478261,0.946310608504833,,3,median
median_ensemble,BE,Deaths,2021-10-25,14.1304347826087,16.3152173913044,0.866089273817455,,3,median
median_ensemble,BG,Cases,2021-10-25,5282.73521739131,3290.81673913043,1.60529608184357,,3,median
median_ensemble,BG,Deaths,2021-10-25,95.334347826087,64.4039130434783,1.48025707322671,,3,median
median_ensemble,CY,Cases,2021-10-25,92.7780434782609,136.483695652174,0.6797738223231,,3,median
median_ensemble,CY,Deaths,2021-10-25,1.11913043478261,1.3320652173913,0.840146878824969,,3,median
median_ensemble,EE,Cases,2021-10-25,627.066304347826,1000.25717391304,0.626905080715112,,3,median
median_ensemble,EE,Deaths,2021-10-25,20.2889130434783,22.6473913043478,0.89586093033078,,3,median
median_ensemble,ES,Cases,2021-10-25,1133.20695652174,1133.20695652174,1,,3,median
median_ensemble,FI,Cases,2021-10-25,343.601086956522,427.244347826087,0.804226173394311,,3,median
median_ensemble,FI,Deaths,2021-10-25,14.185652173913,14.8923913043478,0.952543609955478,,3,median
median_ensemble,GR,Cases,2021-10-25,4428.38826086957,4434.23108695652,0.998682336131704,,3,median
median_ensemble,GR,Deaths,2021-10-25,36.5815217391304,35.104347826087,1.04207951449096,,3,median
median_ensemble,HR,Cases,2021-10-25,5676.20369565217,3724.87,1.52386625456786,,3,median
median_ensemble,HR,Deaths,2021-10-25,37.505652173913,30.1055434782609,1.24580551754516,,3,median
median_ensemble,HU,Cases,2021-10-25,2707.505,3181.56869565217,0.850996869468821,,3,median
median_ensemble,HU,Deaths,2021-10-25,48.7747826086957,93.4075,0.522172016258819,,3,median
median_ensemble,IT,Cases,2021-10-25,3753.00391304348,3473.41989130435,1.08049243411056,,3,median
median_ensemble,IT,Deaths,2021-10-25,23.1567391304348,19.0739130434783,1.21405288351949,,3,median
median_ensemble,LT,Cases,2021-10-25,691.662608695652,898.469130434783,0.769823453323261,,3,median
median_ensemble,LT,Deaths,2021-10-25,19.1786956521739,9.87271739130435,1.94259542657081,,3,median
median_ensemble,LU,Deaths,2021-10-25,1.32108695652174,1.2045652173913,1.09673344161704,,3,median
median_ensemble,LV,Cases,2021-10-25,8406.03913043478,7459.7802173913,1.1268480954489,,3,median
median_ensemble,LV,Deaths,2021-10-25,19.8971739130435,23.3003260869565,0.853944010860083,,3,median
median_ensemble,MT,Cases,2021-10-25,53.5652173913044,36.9617391304348,1.44920717075236,,3,median
median_ensemble,MT,Deaths,2021-10-25,0.811956521739131,0.542391304347826,1.49699398797595,,3,median
median_ensemble,NO,Cases,2021-10-25,1801.285,3639.88717391304,0.494873855681504,,3,median
median_ensemble,PT,Cases,2021-10-25,475.407608695652,810.294130434783,0.58670992524722,,3,median
median_ensemble,PT,Deaths,2021-10-25,8.45652173913044,5.83315217391304,1.44973446380322,,3,median
median_ensemble,RO,Cases,2021-10-25,24105.1686956522,27127.4204347826,0.888590522405318,,3,median
median_ensemble,RO,Deaths,2021-10-25,234.967826086957,155.123804347826,1.51471160132265,,3,median
median_ensemble,SI,Cases,2021-10-25,1202.54391304348,2681.30217391304,0.448492499183152,,3,median
median_ensemble,SI,Deaths,2021-10-25,13.84,13.5516304347826,1.02127932624825,,3,median
median_ensemble,SK,Cases,2021-10-25,13271.9056521739,13556.4404347826,0.979011099264771,,3,median
median_ensemble,SK,Deaths,2021-10-25,35.5467391304348,27.6935869565217,1.28357295088723,,3,median
median_ensemble,AT,Cases,2021-11-01,10880.9389130435,10880.9389130435,1,,3,median
median_ensemble,AT,Deaths,2021-11-01,57.8623913043478,59.8264130434783,0.967171327191167,,3,median
median_ensemble,BE,Cases,2021-11-01,16162.7669565217,16162.7669565217,1,,3,median
median_ensemble,BE,Deaths,2021-11-01,39.1660869565217,26.1526086956522,1.49759771242373,,3,median
median_ensemble,BG,Cases,2021-11-01,14703.8308695652,14691.2065217391,1.0008593132094,,3,median
median_ensemble,BG,Deaths,2021-11-01,128.090434782609,68.4388043478261,1.8716053853252,,3,median
median_ensemble,CY,Cases,2021-11-01,247.353695652174,221.729347826087,1.11556588280856,,3,median
median_ensemble,CY,Deaths,2021-11-01,2.29608695652174,2.04032608695652,1.12535293804273,,3,median
median_ensemble,EE,Cases,2021-11-01,4239.40239130435,3865.77260869565,1.09665073982061,,3,median
median_ensemble,EE,Deaths,2021-11-01,9.59130434782609,9.2620652173913,1.03554705378414,,3,median
median_ensemble,ES,Cases,2021-11-01,1694.81434782609,1651.86608695652,1.02599984418149,,3,median
median_ensemble,FI,Cases,2021-11-01,497.684130434783,622.019130434783,0.800110649469749,,3,median
median_ensemble,FI,Deaths,2021-11-01,14.5686956521739,22.6616304347826,0.642879412145602,,3,median
median_ensemble,GR,Cases,2021-11-01,9938.06304347826,9923.03521739131,1.00151443845131,,3,median
median_ensemble,GR,Deaths,2021-11-01,28.5745652173913,36.3886956521739,0.785259397328363,,3,median
median_ensemble,HR,Cases,2021-11-01,1919.52804347826,1997.93260869565,0.960757152230186,,3,median
median_ensemble,HR,Deaths,2021-11-01,47.1328260869565,46.0848913043478,1.02273922652194,,3,median
median_ensemble,HU,Cases,2021-11-01,4535.41239130435,1875.75326086957,2.41791523753066,,3,median
median_ensemble,HU,Deaths,2021-11-01,43.324347826087,103.779891304348,0.417463800371815,,3,median
median_ensemble,IT,Cases,2021-11-01,3147.87456521739,2870.10043478261,1.09678202444362,,3,median
median_ensemble,IT,Deaths,2021-11-01,22.1758695652174,21.7160869565217,1.02117244278936,,3,median
median_ensemble,LT,Cases,2021-11-01,3051.05086956522,2461.96173913043,1.23927631411642,,3,median
median_ensemble,LT,Deaths,2021-11-01,17.5536956521739,18.4265217391304,0.952632075694297,,3,median
median_ensemble,LU,Deaths,2021-11-01,2.68608695652174,2.37271739130435,1.13207201429291,,3,median
median_ensemble,LV,Cases,2021-11-01,8256.21826086957,6756.50760869565,1.22196536125317,,3,median
median_ensemble,LV,Deaths,2021-11-01,21.6167391304348,17.8307608695652,1.21232847485111,,3,median
median_ensemble,MT,Cases,2021-11-01,144.732608695652,108.059347826087,1.33938073482165,,3,median
median_ensemble,MT,Deaths,2021-11-01,0.383260869565217,0.719782608695652,0.532467532467532,,3,median
median_ensemble,NO,Cases,2021-11-01,565.92847826087,841.448913043478,0.672564275131018,,3,median
median_ensemble,PT,Cases,2021-11-01,1416.94739130435,1620.84847826087,0.874201018977849,,3,median
median_ensemble,PT,Deaths,2021-11-01,6.35782608695652,8.28641304347826,0.767259132944186,,3,median
median_ensemble,RO,Cases,2021-11-01,25381.0404347826,25869.0652173913,0.981134811849305,,3,median
median_ensemble,RO,Deaths,2021-11-01,302.654565217391,276.397391304348,1.09499790786423,,3,median
median_ensemble,SI,Cases,2021-11-01,1572.31673913044,1573.48739130435,0.999256014264631,,3,median
median_ensemble,SI,Deaths,2021-11-01,7.42086956521739,6.95260869565217,1.06735038459133,,3,median
median_ensemble,SK,Cases,2021-11-01,6041.16847826087,6674.32891304348,0.905134966671295,,3,median
median_ensemble,SK,Deaths,2021-11-01,71.0458695652174,63.6141304347826,1.11682528833832,,3,median
median_ensemble,AT,Cases,2021-11-08,3105.97326086957,3125.8422826087,0.993643626279651,,3,median
median_ensemble,AT,Deaths,2021-11-08,71.2091304347826,75.8219565217391,0.939162397034242,,3,median
median_ensemble,BE,Cases,2021-11-08,5393.02673913044,17195.3311956522,0.313633199486966,,3,median
median_ensemble,BE,Deaths,2021-11-08,52.944347826087,33.4086956521739,1.58474752732952,,3,median
median_ensemble,BG,Cases,2021-11-08,3097.96456521739,4417.89641304348,0.701230693429322,,3,median
median_ensemble,BG,Deaths,2021-11-08,107.024782608696,78.1615217391304,1.36927711010922,,3,median
median_ensemble,CY,Cases,2021-11-08,520.854565217391,385.429673913043,1.35136083303981,,3,median
median_ensemble,CY,Deaths,2021-11-08,2.73369565217391,2.19739130434783,1.24406410763751,,3,median
median_ensemble,EE,Cases,2021-11-08,7595.68347826087,6659.08076086957,1.14065045177031,,3,median
median_ensemble,EE,Deaths,2021-11-08,13.8478260869565,19.0521739130435,0.726837060702875,,3,median
median_ensemble,ES,Cases,2021-11-08,6253.81630434783,6892.46543478261,0.907340974506472,,3,median
median_ensemble,FI,Cases,2021-11-08,632.83,1050.43456521739,0.602445902824069,,3,median
median_ensemble,FI,Deaths,2021-11-08,9.56652173913043,17.5569565217391,0.544884970654516,,3,median
median_ensemble,GR,Cases,2021-11-08,7420.9497826087,5441.12565217391,1.36386296825249,,3,median
median_ensemble,GR,Deaths,2021-11-08,22.7752173913044,34.01,0.669662375516153,,3,median
median_ensemble,HR,Cases,2021-11-08,6739.30673913044,5459.54836956522,1.23440736905993,,3,median
median_ensemble,HR,Deaths,2021-11-08,33.5723913043478,31.4271739130435,1.0682599522706,,3,median
median_ensemble,HU,Cases,2021-11-08,4012.25130434783,2934.07880434783,1.36746541994793,,3,median
median_ensemble,HU,Deaths,2021-11-08,100.310434782609,64.2113043478261,1.5621927603158,,3,median
median_ensemble,IT,Cases,2021-11-08,4903.10608695652,5121.2602173913,0.957402256246626,,3,median
median_ensemble,IT,Deaths,2021-11-08,24.5582608695652,34.8347826086957,0.70499251123315,,3,median
median_ensemble,LT,Cases,2021-11-08,3450.55826086957,2575.60456521739,1.33970808542123,,3,median
median_ensemble,LT,Deaths,2021-11-08,25.3397826086957,27.8441304347826,0.910058321557115,,3,median
median_ensemble,LU,Deaths,2021-11-08,1.08434782608696,1.13434782608696,0.955921809122269,,3,median
median_ensemble,LV,Cases,2021-11-08,4360.44304347826,4787.43086956522,0.910810654457401,,3,median
median_ensemble,LV,Deaths,2021-11-08,21.4010869565217,24.495652173913,0.873668796592119,,3,median
median_ensemble,MT,Cases,2021-11-08,50.6876086956522,51.055,0.992804009316466,,3,median
median_ensemble,MT,Deaths,2021-11-08,0.444347826086957,0.464782608695652,0.956033676333022,,3,median
median_ensemble,NO,Cases,2021-11-08,1858.65326086957,662.877173913044,2.8039180318998,,3,median
median_ensemble,PT,Cases,2021-11-08,2813.40630434783,2664.98010869565,1.05569504821738,,3,median
median_ensemble,PT,Deaths,2021-11-08,13.0380434782609,9.53869565217391,1.36685810656821,,3,median
median_ensemble,RO,Cases,2021-11-08,4660.60652173913,6199.94130434783,0.751717845856185,,3,median
median_ensemble,RO,Deaths,2021-11-08,371.701086956522,439.415869565217,0.845898185981092,,3,median
median_ensemble,SI,Cases,2021-11-08,4148.21913043478,2433.2122826087,1.70483239793093,,3,median
median_ensemble,SI,Deaths,2021-11-08,6.85369565217391,5.98173913043478,1.14576973397296,,3,median
median_ensemble,SK,Cases,2021-11-08,5142.0597826087,6700.95108695652,0.76736267969748,,3,median
median_ensemble,SK,Deaths,2021-11-08,49.7113043478261,29.225652173913,1.70094764873027,,3,median
median_ensemble,AT,Cases,2021-11-15,13909.6989130435,15897.8536956522,0.874941937404266,,3,median
median_ensemble,AT,Deaths,2021-11-15,40.1365217391304,50.640652173913,0.792575135116572,,3,median
median_ensemble,BE,Cases,2021-11-15,4093.69326086957,5472.32152173913,0.748072503526542,,3,median
median_ensemble,BE,Deaths,2021-11-15,23.755,20.614347826087,1.15235273026385,,3,median
median_ensemble,BG,Cases,2021-11-15,1806.0352173913,1479.92358695652,1.22035707337122,,3,median
median_ensemble,BG,Deaths,2021-11-15,181.704565217391,152.63,1.19049050132603,,3,median
median_ensemble,CY,Cases,2021-11-15,419.508043478261,487.856195652174,0.859901026607761,,3,median
median_ensemble,CY,Deaths,2021-11-15,3.14891304347826,3.05260869565217,1.03154821250534,,3,median
median_ensemble,EE,Cases,2021-11-15,1584.00173913044,2250.32902173913,0.703897840639439,,3,median
median_ensemble,EE,Deaths,2021-11-15,8.46717391304348,12.4347826086957,0.680926573426573,,3,median
median_ensemble,ES,Cases,2021-11-15,4171.845,4070.59521739131,1.02487345884359,,3,median
median_ensemble,FI,Cases,2021-11-15,960.012608695652,2039.74369565217,0.470653548650241,,3,median
median_ensemble,FI,Deaths,2021-11-15,10.055,19.1571739130435,0.524868649501265,,3,median
median_ensemble,GR,Cases,2021-11-15,16249.145,11145.087826087,1.45796473330306,,3,median
median_ensemble,GR,Deaths,2021-11-15,22.1067391304348,23.3719565217391,0.945866004408851,,3,median
median_ensemble,HR,Cases,2021-11-15,15397.0889130435,13103.9532608696,1.17499571362343,,3,median
median_ensemble,HR,Deaths,2021-11-15,68.4523913043478,70.6534782608696,0.968846728983465,,3,median
median_ensemble,HU,Cases,2021-11-15,18633.5036956522,19425.467173913,0.959230659877029,,3,median
median_ensemble,HU,Deaths,2021-11-15,286.400434782609,199.906086956522,1.43267490821777,,3,median
median_ensemble,IT,Cases,2021-11-15,3884.59891304348,3567.51282608696,1.08888155485746,,3,median
median_ensemble,IT,Deaths,2021-11-15,66.8295652173913,24.4997826086957,2.72776155955244,,3,median
median_ensemble,LT,Cases,2021-11-15,1179.60934782609,1412.23576086957,0.835277919247533,,3,median
median_ensemble,LT,Deaths,2021-11-15,7.46565217391304,11.9969565217391,0.622295509730729,,3,median
median_ensemble,LU,Deaths,2021-11-15,1.15934782608696,1.12804347826087,1.02775101175564,,3,median
median_ensemble,LV,Cases,2021-11-15,2223.30065217391,1495.22195652174,1.48693686745068,,3,median
median_ensemble,LV,Deaths,2021-11-15,18.2126086956522,41.8682608695652,0.434997975014798,,3,median
median_ensemble,MT,Cases,2021-11-15,70.4978260869565,69.4586956521739,1.01496040812494,,3,median
median_ensemble,MT,Deaths,2021-11-15,1.47760869565217,1.3175,1.12152462668097,,3,median
median_ensemble,NO,Cases,2021-11-15,1527.75456521739,635.359891304348,2.40454990333277,,3,median
median_ensemble,PT,Cases,2021-11-15,2021.2152173913,2176.22717391304,0.928770323990113,,3,median
median_ensemble,PT,Deaths,2021-11-15,21.325,17.8680434782609,1.19347146350662,,3,median
median_ensemble,RO,Cases,2021-11-15,1592.78739130435,2714.71282608696,0.586724082193336,,3,median
median_ensemble,RO,Deaths,2021-11-15,86.7232608695652,112.123695652174,0.773460599609515,,3,median
median_ensemble,SI,Cases,2021-11-15,6702.89282608696,5458.61108695652,1.22794841385635,,3,median
median_ensemble,SI,Deaths,2021-11-15,5.88260869565218,9.25326086956522,0.63573358393046,,3,median
median_ensemble,SK,Cases,2021-11-15,6471.97782608696,7118.36076086957,0.909194973885582,,3,median
median_ensemble,SK,Deaths,2021-11-15,28.1971739130435,25.6232608695652,1.10045220460349,,3,median
median_ensemble,AT,Cases,2021-11-22,32228.9458695652,37096.3216304348,0.868790878800332,,3,median
median_ensemble,AT,Deaths,2021-11-22,37.1286956521739,28.2310869565217,1.3151706028661,,3,median
median_ensemble,BE,Cases,2021-11-22,9967.02891304348,4587.40576086957,2.17269398710311,,3,median
median_ensemble,BE,Deaths,2021-11-22,30.7719565217391,23.7064130434783,1.29804354903049,,3,median
median_ensemble,BG,Cases,2021-11-22,1292.25369565217,1099.11369565217,1.17572340401545,,3,median
median_ensemble,BG,Deaths,2021-11-22,47.5860869565217,44.6870652173913,1.06487384492643,,3,median
median_ensemble,CY,Cases,2021-11-22,506.986739130435,629.334239130435,0.805592175996891,,3,median
median_ensemble,CY,Deaths,2021-11-22,2.47195652173913,2.69858695652174,0.91601885044508,,3,median
median_ensemble,EE,Cases,2021-11-22,354.932826086957,468.238586956522,0.758017036558146,,3,median
median_ensemble,EE,Deaths,2021-11-22,8.7395652173913,9.80728260869565,0.891130149511787,,3,median
median_ensemble,ES,Cases,2021-11-22,3632.35086956522,3708.60141304348,0.979439542030567,,3,median
median_ensemble,FI,Cases,2021-11-22,469.458043478261,445.942173913044,1.05273300203672,,3,median
median_ensemble,FI,Deaths,2021-11-22,11.160652173913,19.199347826087,0.581303712761982,,3,median
median_ensemble,GR,Cases,2021-11-22,3308.16934782609,3078.87391304348,1.07447379829723,,3,median
median_ensemble,GR,Deaths,2021-11-22,38.1145652173913,25.8558695652174,1.47411654909742,,3,median
median_ensemble,HR,Cases,2021-11-22,6092.29543478261,1523.97010869565,3.9976475916558,,3,median
median_ensemble,HR,Deaths,2021-11-22,34.6263043478261,24.8413043478261,1.39390041130656,,3,median
median_ensemble,HU,Cases,2021-11-22,10103.5508695652,13798.1334782609,0.732240406681345,,3,median
median_ensemble,HU,Deaths,2021-11-22,162.310869565217,176.934239130435,0.917351386384649,,3,median
median_ensemble,IT,Cases,2021-11-22,5703.40934782609,5063.42565217391,1.12639342208519,,3,median
median_ensemble,IT,Deaths,2021-11-22,29.3958695652174,27.2351086956522,1.0793373323276,,3,median
median_ensemble,LT,Cases,2021-11-22,1460.6552173913,1261.42576086957,1.15793989840861,,3,median
median_ensemble,LT,Deaths,2021-11-22,6.56413043478261,7.15576086956522,0.917321100360002,,3,median
median_ensemble,LU,Deaths,2021-11-22,2.65347826086957,2.52032608695652,1.05283132789925,,3,median
median_ensemble,LV,Cases,2021-11-22,924.022608695652,887.219891304348,1.04148094260736,,3,median
median_ensemble,LV,Deaths,2021-11-22,13.8628260869565,27.6092391304348,0.502108226216019,,3,median
median_ensemble,MT,Cases,2021-11-22,54.7776086956522,58.2706521739131,0.940054841537801,,3,median
median_ensemble,MT,Deaths,2021-11-22,1.58934782608696,1.65173913043478,0.962226901816267,,3,median
median_ensemble,NO,Cases,2021-11-22,1275.76065217391,1336.52173913044,0.954537898503578,,3,median
median_ensemble,PT,Cases,2021-11-22,1171.92869565217,1206.97152173913,0.970966319042505,,3,median
median_ensemble,PT,Deaths,2021-11-22,7.86130434782609,9.31923913043478,0.843556457538752,,3,median
median_ensemble,RO,Cases,2021-11-22,1145.67434782609,1436.96847826087,0.797285650421971,,3,median
median_ensemble,RO,Deaths,2021-11-22,147.988913043478,154.79402173913,0.956037651718097,,3,median
median_ensemble,SI,Cases,2021-11-22,8345.01586956522,5061.20347826087,1.64882046442297,,3,median
median_ensemble,SI,Deaths,2021-11-22,14.3554347826087,13.0923913043478,1.09647156496472,,3,median
median_ensemble,SK,Cases,2021-11-22,5908.12391304348,4365.00576086957,1.35352030139509,,3,median
median_ensemble,SK,Deaths,2021-11-22,43.8886956521739,27.2165217391304,1.61257548164478,,3,median
median_ensemble,AT,Cases,2021-11-29,15826.6358695652,16983.9280434783,0.931859569179143,,3,median
median_ensemble,AT,Deaths,2021-11-29,28.4995652173913,24.9534782608696,1.14210792256895,,3,median
median_ensemble,BE,Cases,2021-11-29,31981.7739130435,10146.8591304348,3.15188902318713,,3,median
median_ensemble,BE,Deaths,2021-11-29,47.0867391304348,20.2997826086957,2.3195686396299,,3,median
median_ensemble,BG,Cases,2021-11-29,564.359565217391,706.92347826087,0.798331902352139,,3,median
median_ensemble,BG,Deaths,2021-11-29,44.8876086956522,38.7463043478261,1.15850038993901,,3,median
median_ensemble,CY,Cases,2021-11-29,524.000869565217,673.852826086957,0.777619161454104,,3,median
median_ensemble,CY,Deaths,2021-11-29,2.06782608695652,1.87260869565217,1.10424889714418,,3,median
median_ensemble,EE,Cases,2021-11-29,381.829782608696,195.393260869565,1.95416045010675,,3,median
median_ensemble,EE,Deaths,2021-11-29,14.7754347826087,9.91021739130435,1.49092943163621,,3,median
median_ensemble,ES,Cases,2021-11-29,5625.40695652174,7194.1747826087,0.781939155846016,,3,median
median_ensemble,FI,Cases,2021-11-29,437.04847826087,639.737826086956,0.683168104869047,,3,median
median_ensemble,FI,Deaths,2021-11-29,6.3,4.4654347826087,1.41083686285965,,3,median
median_ensemble,GR,Cases,2021-11-29,2353.28913043478,2632.72043478261,0.893862143258329,,3,median
median_ensemble,GR,Deaths,2021-11-29,64.4108695652174,31.8163043478261,2.0244610706843,,3,median
median_ensemble,HR,Cases,2021-11-29,5894.96673913044,2798.81434782609,2.10623714420687,,3,median
median_ensemble,HR,Deaths,2021-11-29,16.5691304347826,21.7067391304348,0.763317342840833,,3,median
median_ensemble,HU,Cases,2021-11-29,22782.33,15008.8115217391,1.51793031493543,,3,median
median_ensemble,HU,Deaths,2021-11-29,72.9710869565217,82.3547826086956,0.886057672002365,,3,median
median_ensemble,IT,Cases,2021-11-29,4421.06543478261,4790.59065217391,0.922864372220236,,3,median
median_ensemble,IT,Deaths,2021-11-29,44.9904347826087,46.805,0.961231380891116,,3,median
median_ensemble,LT,Cases,2021-11-29,1237.21826086957,1101.91565217391,1.12278853506502,,3,median
median_ensemble,LT,Deaths,2021-11-29,4.72065217391304,7.71239130434783,0.612086704061787,,3,median
median_ensemble,LU,Deaths,2021-11-29,2.53413043478261,2.81586956521739,0.89994595846522,,3,median
median_ensemble,LV,Cases,2021-11-29,599.352391304348,410.103913043478,1.46146469770652,,3,median
median_ensemble,LV,Deaths,2021-11-29,14.6923913043478,17.0691304347826,0.860758042741792,,3,median
median_ensemble,MT,Cases,2021-11-29,118.635434782609,60.4040217391304,1.96403205228561,,3,median
median_ensemble,MT,Deaths,2021-11-29,1.67108695652174,2.02032608695652,0.827137246462582,,3,median
median_ensemble,NO,Cases,2021-11-29,1756.06130434783,1811.7402173913,0.969267717022008,,3,median
median_ensemble,PT,Cases,2021-11-29,1888.64826086957,2249.31391304348,0.83965526106318,,3,median
median_ensemble,PT,Deaths,2021-11-29,9.7304347826087,9.20173913043478,1.05745605745606,,3,median
median_ensemble,RO,Cases,2021-11-29,527.066956521739,553.51347826087,0.952220636393128,,3,median
median_ensemble,RO,Deaths,2021-11-29,112.130652173913,90.8778260869565,1.23386151498189,,3,median
median_ensemble,SI,Cases,2021-11-29,358.348260869565,935.653913043478,0.382992317858145,,3,median
median_ensemble,SI,Deaths,2021-11-29,7.32086956521739,9.88608695652174,0.740522473392559,,3,median
median_ensemble,SK,Cases,2021-11-29,19545.447173913,15294.4895652174,1.27794046938076,,3,median
median_ensemble,SK,Deaths,2021-11-29,49.0334782608696,31.0752173913044,1.57789654834693,,3,median
median_ensemble,AT,Cases,2021-12-06,28070.3989130435,25559.9413043478,1.0982184418502,,3,median
median_ensemble,AT,Deaths,2021-12-06,42.9573913043478,37.8728260869565,1.13425365209655,,3,median
median_ensemble,BE,Cases,2021-12-06,37770.3323913043,30360.7154347826,1.24405277841486,,3,median
median_ensemble,BE,Deaths,2021-12-06,36.5941304347826,21.3903260869565,1.71077945637758,,3,median
median_ensemble,BG,Cases,2021-12-06,598.069782608696,604.848043478261,0.988793448300525,,3,median
median_ensemble,BG,Deaths,2021-12-06,36.3971739130435,35.134347826087,1.03594277865089,,3,median
median_ensemble,CY,Cases,2021-12-06,876.938043478261,575.838913043479,1.52288777922872,,3,median
median_ensemble,CY,Deaths,2021-12-06,1.03,1.24652173913043,0.826299267527032,,3,median
median_ensemble,EE,Cases,2021-12-06,500.295869565218,513.211086956522,0.974834492629738,,3,median
median_ensemble,EE,Deaths,2021-12-06,4.88891304347826,4.67195652173913,1.0464380438323,,3,median
median_ensemble,ES,Cases,2021-12-06,25951.0065217391,12657.6713043478,2.05021965713592,,3,median
median_ensemble,FI,Cases,2021-12-06,548.271521739131,984.363695652174,0.556980640550627,,3,median
median_ensemble,FI,Deaths,2021-12-06,12.3578260869565,8.15739130434783,1.51492378211278,,3,median
median_ensemble,GR,Cases,2021-12-06,1869.63260869565,2010.02652173913,0.930153203689071,,3,median
median_ensemble,GR,Deaths,2021-12-06,28.4069565217391,26.8580434782609,1.05767036026775,,3,median
median_ensemble,HR,Cases,2021-12-06,1261.19434782609,1327.74565217391,0.949876465994174,,3,median
median_ensemble,HR,Deaths,2021-12-06,17.8939130434783,19.0063043478261,0.941472509121687,,3,median
median_ensemble,HU,Cases,2021-12-06,12871.9158695652,12871.7663043478,1.00001161963431,,3,median
median_ensemble,HU,Deaths,2021-12-06,103.621956521739,52.4626086956522,1.97515829079096,,3,median
median_ensemble,IT,Cases,2021-12-06,7135.32760869565,7795.54347826087,0.915308551429886,,3,median
median_ensemble,IT,Deaths,2021-12-06,28.0208695652174,32.019347826087,0.875123057390572,,3,median
median_ensemble,LT,Cases,2021-12-06,881.116304347826,689.764565217391,1.27741601813095,,3,median
median_ensemble,LT,Deaths,2021-12-06,8.95347826086957,7.89304347826087,1.13435055635122,,3,median
median_ensemble,LU,Deaths,2021-12-06,2.15804347826087,2.4,0.899184782608695,,3,median
median_ensemble,LV,Cases,2021-12-06,697.243260869565,665.153260869565,1.04824452030506,,3,median
median_ensemble,LV,Deaths,2021-12-06,12.3673913043478,11.6776086956522,1.05906882364987,,3,median
median_ensemble,MT,Cases,2021-12-06,130.028695652174,118.27097826087,1.09941337734918,,3,median
median_ensemble,MT,Deaths,2021-12-06,0.725869565217391,0.971304347826087,0.747314234556849,,3,median
median_ensemble,NO,Cases,2021-12-06,2137.67391304348,1202.70934782609,1.77738197255002,,3,median
median_ensemble,PT,Cases,2021-12-06,1292.08826086957,1308.05543478261,0.987793197835154,,3,median
median_ensemble,PT,Deaths,2021-12-06,12.0165217391304,12.194347826087,0.985417335187364,,3,median
median_ensemble,RO,Cases,2021-12-06,808.045434782609,770.608043478261,1.0485816254076,,3,median
median_ensemble,RO,Deaths,2021-12-06,61.1473913043478,82.2395652173913,0.74352765779721,,3,median
median_ensemble,SI,Cases,2021-12-06,531.85347826087,487.700760869565,1.09053239390601,,3,median
median_ensemble,SI,Deaths,2021-12-06,4.10978260869565,6.3745652173913,0.644715752139959,,3,median
median_ensemble,SK,Cases,2021-12-06,20777.547173913,21037.6732608696,0.987635225448607,,3,median
median_ensemble,SK,Deaths,2021-12-06,37.9206521739131,32.1276086956522,1.18031355937938,,3,median
median_ensemble,AT,Cases,2021-12-13,2942.76282608696,3944.0152173913,0.746133740334144,,3,median
median_ensemble,AT,Deaths,2021-12-13,72.36,32.0628260869565,2.25681915261477,,3,median
median_ensemble,BE,Cases,2021-12-13,25495.212826087,21536.2048913044,1.18383034312518,,3,median
median_ensemble,BE,Deaths,2021-12-13,35.3847826086957,30.7384782608696,1.15115596511949,,3,median
median_ensemble,BG,Cases,2021-12-13,574.01652173913,615.849347826087,0.932072955448237,,3,median
median_ensemble,BG,Deaths,2021-12-13,27.3134782608696,24.0080434782609,1.13768030641904,,3,median
median_ensemble,CY,Cases,2021-12-13,399.447391304348,274.644456521739,1.45441636202379,,3,median
median_ensemble,CY,Deaths,2021-12-13,1.40804347826087,1.78695652173913,0.787956204379562,,3,median
median_ensemble,EE,Cases,2021-12-13,1131.29934782609,861.46347826087,1.31322961027897,,3,median
median_ensemble,EE,Deaths,2021-12-13,4.68021739130435,4.01423913043478,1.16590398310363,,3,median
median_ensemble,ES,Cases,2021-12-13,104654.072608696,87171.2289130435,1.20055749945996,,3,median
median_ensemble,FI,Cases,2021-12-13,2546.64565217391,3550.64739130435,0.717234174931234,,3,median
median_ensemble,FI,Deaths,2021-12-13,7.84217391304348,10.761847826087,0.728701431183024,,3,median
median_ensemble,GR,Cases,2021-12-13,3799.7497826087,3581.72032608696,1.06087283111798,,3,median
median_ensemble,GR,Deaths,2021-12-13,22.1447826086957,24.3965217391304,0.907702452238381,,3,median
median_ensemble,HR,Cases,2021-12-13,1056.59239130435,1155.22510869565,0.91462034832097,,3,median
median_ensemble,HR,Deaths,2021-12-13,14.554347826087,14.4001086956522,1.01071096987493,,3,median
median_ensemble,HU,Cases,2021-12-13,11002.4343478261,4926.07141304348,2.23351093098109,,3,median
median_ensemble,HU,Deaths,2021-12-13,192.659347826087,82.9127173913044,2.32364049675077,,3,median
median_ensemble,IT,Cases,2021-12-13,50619.8702173913,61668.5122826087,0.820838193491928,,3,median
median_ensemble,IT,Deaths,2021-12-13,65.1206521739131,55.2226086956522,1.17923896954618,,3,median
median_ensemble,LT,Cases,2021-12-13,569.028913043478,436.774456521739,1.3027980564041,,3,median
median_ensemble,LT,Deaths,2021-12-13,27.6110869565217,26.4195652173913,1.04509997531474,,3,median
median_ensemble,LU,Deaths,2021-12-13,2.34304347826087,2.31152173913044,1.01363679112198,,3,median
median_ensemble,LV,Cases,2021-12-13,501.477391304348,483.711956521739,1.03672730132692,,3,median
median_ensemble,LV,Deaths,2021-12-13,10.9158695652174,12.3013043478261,0.887374969073623,,3,median
median_ensemble,MT,Cases,2021-12-13,1832.29739130435,1796.78434782609,1.01976477784951,,3,median
median_ensemble,MT,Deaths,2021-12-13,1.69304347826087,0.808586956521739,2.09382981583546,,3,median
median_ensemble,NO,Cases,2021-12-13,10526.7347826087,7845.89902173913,1.34168624314965,,3,median
median_ensemble,PT,Cases,2021-12-13,11321.6,9769.69543478261,1.15884881730215,,3,median
median_ensemble,PT,Deaths,2021-12-13,30.129347826087,28.4017391304348,1.06082756720348,,3,median
median_ensemble,RO,Cases,2021-12-13,670.220217391305,739.596413043478,0.90619722536689,,3,median
median_ensemble,RO,Deaths,2021-12-13,76.3241304347826,84.6453260869565,0.901693383003505,,3,median
median_ensemble,SI,Cases,2021-12-13,454.59847826087,525.218260869565,0.865542027248299,,3,median
median_ensemble,SI,Deaths,2021-12-13,6.49630434782609,8.59282608695652,0.756014875907608,,3,median
median_ensemble,SK,Cases,2021-12-13,6303.50760869565,3477.66391304348,1.81256951974383,,3,median
median_ensemble,SK,Deaths,2021-12-13,62.1004347826087,47.5478260869565,1.30606254572056,,3,median
median_ensemble,AT,Cases,2021-12-20,1732.245,2030.95326086957,0.852922139261013,,3,median
median_ensemble,AT,Deaths,2021-12-20,10.219347826087,21.1073913043478,0.484159680309803,,3,median
median_ensemble,BE,Cases,2021-12-20,11982.5426086957,11982.3343478261,1.00001738065919,,3,median
median_ensemble,BE,Deaths,2021-12-20,102.549347826087,57.9257608695652,1.7703582358979,,3,median
median_ensemble,BG,Cases,2021-12-20,2174.33456521739,2228.67086956522,0.975619412857302,,3,median
median_ensemble,BG,Deaths,2021-12-20,29.3276086956522,28.6515217391304,1.02359689522523,,3,median
median_ensemble,CY,Cases,2021-12-20,7451.16543478261,7403.9452173913,1.00637771026187,,3,median
median_ensemble,CY,Deaths,2021-12-20,1.7845652173913,2.04934782608696,0.870796647926169,,3,median
median_ensemble,EE,Cases,2021-12-20,281.775434782609,1014.47108695652,0.277756003503218,,3,median
median_ensemble,EE,Deaths,2021-12-20,2.6695652173913,2.52217391304348,1.05843820031029,,3,median
median_ensemble,ES,Cases,2021-12-20,76299.9465217391,121472.859130435,0.628123410183422,,3,median
median_ensemble,FI,Cases,2021-12-20,15516.9752173913,14808.5897826087,1.04783611709027,,3,median
median_ensemble,FI,Deaths,2021-12-20,16.9915217391304,17.3410869565217,0.979841793177801,,3,median
median_ensemble,GR,Cases,2021-12-20,74465.4615217391,74183.9517391305,1.00379475312395,,3,median
median_ensemble,GR,Deaths,2021-12-20,34.4791304347826,34.8697826086957,0.98879682794995,,3,median
median_ensemble,HR,Cases,2021-12-20,4966.91652173913,3483.44173913044,1.42586467456723,,3,median
median_ensemble,HR,Deaths,2021-12-20,16.2076086956522,13.6815217391304,1.18463494081195,,3,median
median_ensemble,HU,Cases,2021-12-20,2314.25391304348,2314.25391304348,1,,3,median
median_ensemble,HU,Deaths,2021-12-20,87.4219565217391,95.94,0.911214889740871,,3,median
median_ensemble,IT,Cases,2021-12-20,211818.73,212982.104130435,0.994537690689156,,3,median
median_ensemble,IT,Deaths,2021-12-20,60.775,74.5965217391304,0.814716270720164,,3,median
median_ensemble,LT,Cases,2021-12-20,679.843913043478,539.515,1.26010196758844,,3,median
median_ensemble,LT,Deaths,2021-12-20,12.6180434782609,15.3345652173913,0.82284977104864,,3,median
median_ensemble,LU,Deaths,2021-12-20,0.897608695652174,1.29282608695652,0.69429964688078,,3,median
median_ensemble,LV,Cases,2021-12-20,337.242608695652,510.209130434783,0.660988972126519,,3,median
median_ensemble,LV,Deaths,2021-12-20,6.20956521739131,7.41304347826087,0.837653958944282,,3,median
median_ensemble,MT,Cases,2021-12-20,4339.85695652174,4328.57304347826,1.00260684362494,,3,median
median_ensemble,MT,Deaths,2021-12-20,0.954565217391304,0.715869565217392,1.33343455815366,,3,median
median_ensemble,NO,Cases,2021-12-20,4585.96282608696,8656.25130434782,0.529786239429479,,3,median
median_ensemble,PT,Cases,2021-12-20,58357.2034782609,58353.7067391304,1.00005992317071,,3,median
median_ensemble,PT,Deaths,2021-12-20,7.41260869565217,10.8804347826087,0.681278721278721,,3,median
median_ensemble,RO,Cases,2021-12-20,1390.16608695652,1382.14869565217,1.00580067204749,,3,median
median_ensemble,RO,Deaths,2021-12-20,25.4736956521739,54.5102173913044,0.467319648889119,,3,median
median_ensemble,SI,Cases,2021-12-20,1200.58065217391,1332.15336956522,0.901233055894873,,3,median
median_ensemble,SI,Deaths,2021-12-20,7.93652173913043,9.38478260869565,0.845679870280287,,3,median
median_ensemble,SK,Cases,2021-12-20,1055.14630434783,1055.14630434783,1,,3,median
median_ensemble,SK,Deaths,2021-12-20,253.548043478261,182.53347826087,1.38904953707122,,3,median
median_ensemble,AT,Cases,2021-12-27,18277.5984782609,18202.909673913,1.00410312448316,,3,median
median_ensemble,AT,Deaths,2021-12-27,14.1671739130435,10.9669565217391,1.29180542340628,,3,median
median_ensemble,BE,Cases,2021-12-27,67849.4719565217,65484.3846739131,1.03611681310569,,3,median
median_ensemble,BE,Deaths,2021-12-27,37.0341304347826,28.2256521739131,1.31207350698563,,3,median
median_ensemble,BG,Cases,2021-12-27,11844.2080434783,11828.9622826087,1.00128885023938,,3,median
median_ensemble,BG,Deaths,2021-12-27,78.285652173913,54.5884782608696,1.4341057796079,,3,median
median_ensemble,CY,Cases,2021-12-27,20126.2236956522,19029.8844565217,1.05761145011864,,3,median
median_ensemble,CY,Deaths,2021-12-27,1.48108695652174,1.46195652173913,1.01308550185874,,3,median
median_ensemble,EE,Cases,2021-12-27,1410.64173913044,1896.84445652174,0.743678130423588,,3,median
median_ensemble,EE,Deaths,2021-12-27,5.9895652173913,5.22717391304348,1.14585152838428,,3,median
median_ensemble,ES,Cases,2021-12-27,167879.299347826,274731.43826087,0.611066940174562,,3,median
median_ensemble,FI,Cases,2021-12-27,20132.4815217391,22744.3039130435,0.885165868285531,,3,median
median_ensemble,FI,Deaths,2021-12-27,30.200652173913,20.498152173913,1.4733353483612,,3,median
median_ensemble,GR,Cases,2021-12-27,153317.788695652,154579.566521739,0.991837356938703,,3,median
median_ensemble,GR,Deaths,2021-12-27,43.1106521739131,21.9325,1.96560593520634,,3,median
median_ensemble,HR,Cases,2021-12-27,11517.6786956522,11857.4988043478,0.97134133308358,,3,median
median_ensemble,HR,Deaths,2021-12-27,9.25304347826087,9.60619565217391,0.963237041311653,,3,median
median_ensemble,HU,Cases,2021-12-27,13942.45,11870.1457608696,1.17458119562119,,3,median
median_ensemble,HU,Deaths,2021-12-27,257.443695652174,206.783695652174,1.24499030177512,,3,median
median_ensemble,IT,Cases,2021-12-27,224422.256304348,304970.494456522,0.735881865241697,,3,median
median_ensemble,IT,Deaths,2021-12-27,207.172826086957,257.363043478261,0.804982810612652,,3,median
median_ensemble,LT,Cases,2021-12-27,6415.24413043478,5484.45684782609,1.1697136669017,,3,median
median_ensemble,LT,Deaths,2021-12-27,5.03956521739131,10.4247826086957,0.48342161237853,,3,median
median_ensemble,LU,Deaths,2021-12-27,1.0645652173913,1.74967391304348,0.608436354600236,,3,median
median_ensemble,LV,Cases,2021-12-27,1674.62239130435,2214.40423913043,0.756240600389181,,3,median
median_ensemble,LV,Deaths,2021-12-27,8.09521739130435,10.0555434782609,0.805050210245268,,3,median
median_ensemble,MT,Cases,2021-12-27,2531.34630434783,2768.77663043478,0.914247208143449,,3,median
median_ensemble,MT,Deaths,2021-12-27,2.43,2.39739130434783,1.01360174102285,,3,median
median_ensemble,NO,Cases,2021-12-27,15915.7626086957,9210.0825,1.72808035201592,,3,median
median_ensemble,PT,Cases,2021-12-27,67923.4991304348,71428.4466304348,0.950930649267311,,3,median
median_ensemble,PT,Deaths,2021-12-27,62.4789130434783,17.488152173913,3.57264234792499,,3,median
median_ensemble,RO,Cases,2021-12-27,14216.2063043478,13815.2730434783,1.02902101606011,,3,median
median_ensemble,RO,Deaths,2021-12-27,26.9371739130435,32.3129347826087,0.833634397316999,,3,median
median_ensemble,SI,Cases,2021-12-27,7407.70739130435,8376.27586956522,0.88436764818359,,3,median
median_ensemble,SI,Deaths,2021-12-27,2.5254347826087,5.62391304347826,0.449052957093158,,3,median
median_ensemble,SK,Cases,2021-12-27,3778.58369565217,4680.79619565217,0.807252342915927,,3,median
median_ensemble,SK,Deaths,2021-12-27,14.065652173913,27.195,0.517214641438244,,3,median
median_ensemble,AT,Cases,2022-01-03,47028.3123913044,47427.740326087,0.991578179098638,,3,median
median_ensemble,AT,Deaths,2022-01-03,5.97978260869565,7.58228260869565,0.788652034921227,,3,median
median_ensemble,BE,Cases,2022-01-03,78855.8604347826,81548.5893478261,0.966980067533011,,3,median
median_ensemble,BE,Deaths,2022-01-03,13.7882608695652,14.48,0.952227960605333,,3,median
median_ensemble,BG,Cases,2022-01-03,16032.8267391304,17021.8747826087,0.941895469440959,,3,median
median_ensemble,BG,Deaths,2022-01-03,53.8306521739131,48.7539130434783,1.10412988032176,,3,median
median_ensemble,CY,Cases,2022-01-03,4855.59108695652,3513.09652173913,1.38213996026298,,3,median
median_ensemble,CY,Deaths,2022-01-03,2.69782608695652,2.74978260869565,0.981105225709542,,3,median
median_ensemble,EE,Cases,2022-01-03,3036.225,3256.21,0.932441396592971,,3,median
median_ensemble,EE,Deaths,2022-01-03,5.9904347826087,5.34956521739131,1.11979843953186,,3,median
median_ensemble,ES,Cases,2022-01-03,208415.127608696,72019.6129347826,2.8938662555355,,3,median
median_ensemble,FI,Cases,2022-01-03,7804.94717391304,8961.90032608696,0.870903144413895,,3,median
median_ensemble,FI,Deaths,2022-01-03,11.6221739130435,10.3911956521739,1.11846358225504,,3,median
median_ensemble,GR,Cases,2022-01-03,41467.8815217391,24053.2235869565,1.72400515763825,,3,median
median_ensemble,GR,Deaths,2022-01-03,83.2521739130435,72.5613043478261,1.14733568616642,,3,median
median_ensemble,HR,Cases,2022-01-03,11968.6432608696,14001.4510869565,0.854814489336703,,3,median
median_ensemble,HR,Deaths,2022-01-03,10.42,12.180652173913,0.855455015973301,,3,median
median_ensemble,HU,Cases,2022-01-03,21446.447826087,21038.2033695652,1.01940491064519,,3,median
median_ensemble,HU,Deaths,2022-01-03,56.0008695652174,40.2085869565217,1.39275895533887,,3,median
median_ensemble,IT,Cases,2022-01-03,750843.105869565,235083.930652174,3.19393632642845,,3,median
median_ensemble,IT,Deaths,2022-01-03,316.992826086957,92.2044565217391,3.43793389218903,,3,median
median_ensemble,LT,Cases,2022-01-03,11955.5093478261,11298.6273913044,1.05813820863119,,3,median
median_ensemble,LT,Deaths,2022-01-03,10.9104347826087,11.7021739130435,0.932342559910831,,3,median
median_ensemble,LU,Deaths,2022-01-03,1.76826086956522,1.57586956521739,1.12208580493861,,3,median
median_ensemble,LV,Cases,2022-01-03,5609.89065217391,5673.35934782609,0.988812854649072,,3,median
median_ensemble,LV,Deaths,2022-01-03,6.49869565217391,5.73315217391304,1.13352924447815,,3,median
median_ensemble,MT,Cases,2022-01-03,11693.2208695652,7540.77260869565,1.55066615535935,,3,median
median_ensemble,MT,Deaths,2022-01-03,7.51978260869565,2.59902173913043,2.8933127012672,,3,median
median_ensemble,NO,Cases,2022-01-03,28715.6958695652,28956.8251086957,0.99167280120575,,3,median
median_ensemble,PT,Cases,2022-01-03,66143.9454347826,21537.6989130435,3.0710776347015,,3,median
median_ensemble,PT,Deaths,2022-01-03,11.0121739130435,16.655,0.661193270071659,,3,median
median_ensemble,RO,Cases,2022-01-03,29563.4415217391,31515.2016304348,0.93806924887922,,3,median
median_ensemble,RO,Deaths,2022-01-03,21.0639130434783,22.8402173913044,0.922229096273735,,3,median
median_ensemble,SI,Cases,2022-01-03,19352.4436956522,16074.4141304348,1.20392840066319,,3,median
median_ensemble,SI,Deaths,2022-01-03,2.59739130434783,2.69673913043478,0.963160016122531,,3,median
median_ensemble,SK,Cases,2022-01-03,2867.04891304348,2388.62684782609,1.20029167203442,,3,median
median_ensemble,SK,Deaths,2022-01-03,38.0421739130435,36.4532608695652,1.0435876792796,,3,median
median_ensemble,AT,Cases,2022-01-10,8002.78826086957,18630.3465217391,0.429556597432655,,3,median
median_ensemble,AT,Deaths,2022-01-10,21.609347826087,7.12586956521739,3.03252082125751,,3,median
median_ensemble,BE,Cases,2022-01-10,86180.1484782609,82634.1892391305,1.04291152695731,,3,median
median_ensemble,BE,Deaths,2022-01-10,30.1873913043478,30.8708695652174,0.977860090418715,,3,median
median_ensemble,BG,Cases,2022-01-10,5662.76086956522,3292.21739130435,1.72004463755101,,3,median
median_ensemble,BG,Deaths,2022-01-10,254.73347826087,40.555652173913,6.28108450009649,,3,median
median_ensemble,CY,Cases,2022-01-10,44949.762826087,33893.9617391304,1.32618792609873,,3,median
median_ensemble,CY,Deaths,2022-01-10,4.30304347826087,4.33152173913043,0.993425345043915,,3,median
median_ensemble,EE,Cases,2022-01-10,3891.19543478261,4529.21891304348,0.859131675789957,,3,median
median_ensemble,EE,Deaths,2022-01-10,3.065,2.14282608695652,1.43035406310236,,3,median
median_ensemble,ES,Cases,2022-01-10,238958.313913043,120418.459021739,1.98439936745831,,3,median
median_ensemble,FI,Cases,2022-01-10,16022.0441304348,12561.1055434783,1.27552818300722,,3,median
median_ensemble,FI,Deaths,2022-01-10,75.5886956521739,44.3173913043478,1.70562150495438,,3,median
median_ensemble,GR,Cases,2022-01-10,194025.365217391,161973.621195652,1.19788249336615,,3,median
median_ensemble,GR,Deaths,2022-01-10,127.096956521739,94.8382608695652,1.340144318932,,3,median
median_ensemble,HR,Cases,2022-01-10,5446.45108695652,5600.04804347826,0.972572207358004,,3,median
median_ensemble,HR,Deaths,2022-01-10,28.4615217391304,23.2376086956522,1.22480424349583,,3,median
median_ensemble,HU,Cases,2022-01-10,29257.7476086957,23128.3639130435,1.26501587914723,,3,median
median_ensemble,HU,Deaths,2022-01-10,78.7986956521739,58.9489130434783,1.33672856010178,,3,median
median_ensemble,IT,Cases,2022-01-10,678896.257608696,397067.721847826,1.70977447990315,,3,median
median_ensemble,IT,Deaths,2022-01-10,500.870434782609,284.57,1.76009570503781,,3,median
median_ensemble,LT,Cases,2022-01-10,9370.41717391304,8196.77913043478,1.14318283130511,,3,median
median_ensemble,LT,Deaths,2022-01-10,15.4580434782609,12.3241304347826,1.25429080453688,,3,median
median_ensemble,LU,Deaths,2022-01-10,2.0404347826087,1.61347826086956,1.26461870115872,,3,median
median_ensemble,LV,Cases,2022-01-10,9825.35565217391,8963.58206521739,1.0961416519296,,3,median
median_ensemble,LV,Deaths,2022-01-10,12.2397826086957,11.3473913043478,1.07864285987969,,3,median
median_ensemble,MT,Cases,2022-01-10,12116.9423913043,8286.09086956522,1.46232313669282,,3,median
median_ensemble,MT,Deaths,2022-01-10,2.02347826086957,2.18597826086957,0.925662572721396,,3,median
median_ensemble,NO,Cases,2022-01-10,27309.5026086957,25086.4592391304,1.08861527042835,,3,median
median_ensemble,PT,Cases,2022-01-10,85447.8408695652,95128.682826087,0.898234247874323,,3,median
median_ensemble,PT,Deaths,2022-01-10,115.450652173913,112.678043478261,1.02460646821745,,3,median
median_ensemble,RO,Cases,2022-01-10,8336.88826086957,7603.79336956522,1.09641173236488,,3,median
median_ensemble,RO,Deaths,2022-01-10,45.6432608695652,40.3952173913044,1.12991744610318,,3,median
median_ensemble,SI,Cases,2022-01-10,18367.7926086957,19638.7626086957,0.935282582445534,,3,median
median_ensemble,SI,Deaths,2022-01-10,9.89086956521739,3.64565217391304,2.71305903398927,,3,median
median_ensemble,SK,Cases,2022-01-10,11179.6654347826,11014.3552173913,1.01500861504179,,3,median
median_ensemble,SK,Deaths,2022-01-10,89.0015217391304,91.0117391304348,0.977912548309583,,3,median
median_ensemble,AT,Cases,2022-01-17,8937.86369565217,10971.8836956522,0.814615242339288,,3,median
median_ensemble,AT,Deaths,2022-01-17,6.38847826086957,6.45413043478261,0.98982788238068,,3,median
median_ensemble,BE,Cases,2022-01-17,18957.4313043478,50323.9173913044,0.376708179471409,,3,median
median_ensemble,BE,Deaths,2022-01-17,18.3776086956522,11.1015217391304,1.65541347641334,,3,median
median_ensemble,BG,Cases,2022-01-17,11327.7410869565,7432.25913043478,1.52413161168855,,3,median
median_ensemble,BG,Deaths,2022-01-17,68.2782608695652,71.1966304347826,0.959009723530517,,3,median
median_ensemble,CY,Cases,2022-01-17,13403.9576086957,10458.2430434783,1.28166438215015,,3,median
median_ensemble,CY,Deaths,2022-01-17,6.23673913043478,5.76652173913044,1.08154263741235,,3,median
median_ensemble,EE,Cases,2022-01-17,7176.51695652174,7728.11130434783,0.928624947790832,,3,median
median_ensemble,EE,Deaths,2022-01-17,3.05217391304348,2.14630434782609,1.42206016408387,,3,median
median_ensemble,ES,Cases,2022-01-17,139352.303478261,160101.451304348,0.870400001642437,,3,median
median_ensemble,FI,Cases,2022-01-17,56676.0730434783,35491.4676086957,1.59689291151184,,3,median
median_ensemble,FI,Deaths,2022-01-17,51.5369565217391,53.6652173913044,0.960341894191039,,3,median
median_ensemble,GR,Cases,2022-01-17,66566.2363043478,21643.532826087,3.07557166564395,,3,median
median_ensemble,GR,Deaths,2022-01-17,27.7863043478261,32.474347826087,0.855638564217911,,3,median
median_ensemble,HR,Cases,2022-01-17,10114.5204347826,9045.81608695652,1.11814349723151,,3,median
median_ensemble,HR,Deaths,2022-01-17,62.6536956521739,62.714347826087,0.999032882011605,,3,median
median_ensemble,HU,Cases,2022-01-17,14114.5667391304,15306.3141304348,0.92214014548841,,3,median
median_ensemble,HU,Deaths,2022-01-17,57.5171739130435,79.9108695652174,0.719766587774423,,3,median
median_ensemble,IT,Cases,2022-01-17,357606.089130435,245258.280869565,1.45807957171737,,3,median
median_ensemble,IT,Deaths,2022-01-17,169.785652173913,358.81652173913,0.473182370061967,,3,median
median_ensemble,LT,Cases,2022-01-17,13031.7513043478,13610.685,0.957464764216336,,3,median
median_ensemble,LT,Deaths,2022-01-17,4.86195652173913,5.16847826086957,0.940694006309149,,3,median
median_ensemble,LU,Deaths,2022-01-17,3.57804347826087,3.58934782608696,0.996850584458846,,3,median
median_ensemble,LV,Cases,2022-01-17,10521.9958695652,10895.2719565217,0.965739626468609,,3,median
median_ensemble,LV,Deaths,2022-01-17,7.78804347826087,12.6195652173913,0.617140396210164,,3,median
median_ensemble,MT,Cases,2022-01-17,1246.9902173913,1351.33804347826,0.922781848264723,,3,median
median_ensemble,MT,Deaths,2022-01-17,1.9545652173913,2.64586956521739,0.738723194478679,,3,median
median_ensemble,NO,Cases,2022-01-17,25440.5604347826,20705.2930434783,1.22869840003524,,3,median
median_ensemble,PT,Cases,2022-01-17,12720.5310869565,32075.8084782609,0.396577099391829,,3,median
median_ensemble,PT,Deaths,2022-01-17,17.355652173913,22.1778260869565,0.78256778215609,,3,median
median_ensemble,RO,Cases,2022-01-17,26447.4341304348,15915.76,1.66171355501935,,3,median
median_ensemble,RO,Deaths,2022-01-17,40.7245652173913,16.4320652173913,2.47835951711593,,3,median
median_ensemble,SI,Cases,2022-01-17,30131.4167391304,15988.0630434783,1.88461958507359,,3,median
median_ensemble,SI,Deaths,2022-01-17,17.5910869565217,17.6992391304348,0.993889445014217,,3,median
median_ensemble,SK,Cases,2022-01-17,46030.4073913044,46022.8795652174,1.00016356703792,,3,median
median_ensemble,SK,Deaths,2022-01-17,44.0547826086956,43.6971739130435,1.00818379459422,,3,median
median_ensemble,AT,Cases,2022-01-24,16308.2958695652,17989.0089130435,0.906570003294645,,3,median
median_ensemble,AT,Deaths,2022-01-24,9.62456521739131,6.91195652173913,1.39245164334015,,3,median
median_ensemble,BE,Cases,2022-01-24,129999.342391304,61884.4341304348,2.10067918076624,,3,median
median_ensemble,BE,Deaths,2022-01-24,26.5036956521739,24.8486956521739,1.06660309350504,,3,median
median_ensemble,BG,Cases,2022-01-24,31326.4745652174,20358.1676086957,1.53876690512347,,3,median
median_ensemble,BG,Deaths,2022-01-24,114.598260869565,123.314565217391,0.929316505860763,,3,median
median_ensemble,CY,Cases,2022-01-24,5232.57913043478,4801.90913043478,1.08968724486484,,3,median
median_ensemble,CY,Deaths,2022-01-24,21.1695652173913,17.3097826086957,1.22298273155416,,3,median
median_ensemble,EE,Cases,2022-01-24,3440.07565217391,3872.50173913044,0.888334178759175,,3,median
median_ensemble,EE,Deaths,2022-01-24,10.2030434782609,8.75152173913044,1.16585935365278,,3,median
median_ensemble,ES,Cases,2022-01-24,282735.602173913,165453.560217391,1.70885172735131,,3,median
median_ensemble,FI,Cases,2022-01-24,10309.4186956522,12031.5658695652,0.856864252535129,,3,median
median_ensemble,FI,Deaths,2022-01-24,34.5089130434783,28.6632608695652,1.20394232884089,,3,median
median_ensemble,GR,Cases,2022-01-24,18574.0267391304,12226.0306521739,1.51921970977782,,3,median
median_ensemble,GR,Deaths,2022-01-24,31.3554347826087,32.8991304347826,0.953077919331818,,3,median
median_ensemble,HR,Cases,2022-01-24,9848.49152173913,9776.1702173913,1.00739771329055,,3,median
median_ensemble,HR,Deaths,2022-01-24,17.5934782608696,18.8045652173913,0.935596120276066,,3,median
median_ensemble,HU,Cases,2022-01-24,29491.0602173913,16358.4706521739,1.80280057008093,,3,median
median_ensemble,HU,Deaths,2022-01-24,193.342391304348,54.3045652173913,3.5603340258846,,3,median
median_ensemble,IT,Cases,2022-01-24,365844.969130435,175230.20173913,2.08779631307551,,3,median
median_ensemble,IT,Deaths,2022-01-24,565.299347826087,672.369782608696,0.840756622989226,,3,median
median_ensemble,LT,Cases,2022-01-24,12948.522826087,12998.7797826087,0.99613371736715,,3,median
median_ensemble,LT,Deaths,2022-01-24,14.8967391304348,11.7663043478261,1.26605080831409,,3,median
median_ensemble,LU,Deaths,2022-01-24,2.19413043478261,2.21934782608696,0.988637476736213,,3,median
median_ensemble,LV,Cases,2022-01-24,3333.58065217391,4204.60130434783,0.792841083107399,,3,median
median_ensemble,LV,Deaths,2022-01-24,10.6571739130435,10.7882608695652,0.98784911135292,,3,median
median_ensemble,MT,Cases,2022-01-24,192.308913043478,197.205,0.975172602335023,,3,median
median_ensemble,MT,Deaths,2022-01-24,2.42304347826087,2.39739130434783,1.01070003627131,,3,median
median_ensemble,NO,Cases,2022-01-24,7749.3402173913,12128.8656521739,0.638917145232156,,3,median
median_ensemble,PT,Cases,2022-01-24,14435.1352173913,18463.0697826087,0.781838306812256,,3,median
median_ensemble,PT,Deaths,2022-01-24,37.7895652173913,31.6695652173913,1.19324546952224,,3,median
median_ensemble,RO,Cases,2022-01-24,36940.9858695652,28514.1332608696,1.29553248319352,,3,median
median_ensemble,RO,Deaths,2022-01-24,33.3602173913044,37.7377173913043,0.884001993162186,,3,median
median_ensemble,SI,Cases,2022-01-24,41733.567826087,9142.3,4.5648871537892,,3,median
median_ensemble,SI,Deaths,2022-01-24,31.3271739130435,20.1808695652174,1.55232032057911,,3,median
median_ensemble,SK,Cases,2022-01-24,57464.467826087,56026.5017391305,1.02566581960894,,3,median
median_ensemble,SK,Deaths,2022-01-24,103.501304347826,116.918913043478,0.885240049309536,,3,median
median_ensemble,AT,Cases,2022-01-31,33480.265,45034.8756521739,0.743429720081482,,3,median
median_ensemble,AT,Deaths,2022-01-31,14.5782608695652,11.520652173913,1.2654023964525,,3,median
median_ensemble,BE,Cases,2022-01-31,198678.558478261,179168.984347826,1.10888923772967,,3,median
median_ensemble,BE,Deaths,2022-01-31,89.8984782608696,67.4419565217391,1.33297553774099,,3,median
median_ensemble,BG,Cases,2022-01-31,20376.7519565217,15346.3782608696,1.32778898122684,,3,median
median_ensemble,BG,Deaths,2022-01-31,74.9860869565218,33.9117391304348,2.21121325179174,,3,median
median_ensemble,CY,Cases,2022-01-31,5334.72630434783,4976.19304347826,1.07204970903198,,3,median
median_ensemble,CY,Deaths,2022-01-31,10.6858695652174,10.3089130434783,1.03656607831973,,3,median
median_ensemble,EE,Cases,2022-01-31,9300.81304347826,7326.48434782609,1.26947832028577,,3,median
median_ensemble,EE,Deaths,2022-01-31,8.38695652173913,4.42195652173913,1.89666191436016,,3,median
median_ensemble,ES,Cases,2022-01-31,343115.84826087,220812.870217391,1.5538761301507,,3,median
median_ensemble,FI,Cases,2022-01-31,10472.2139130435,15841.8608695652,0.66104695649501,,3,median
median_ensemble,FI,Deaths,2022-01-31,71.4908695652174,58.9355434782609,1.21303487413479,,3,median
median_ensemble,GR,Cases,2022-01-31,24222.5413043478,13484.5958695652,1.79631199471229,,3,median
median_ensemble,GR,Deaths,2022-01-31,51.9189130434783,39.8863043478261,1.3016726892199,,3,median
median_ensemble,HR,Cases,2022-01-31,13225.617826087,13344.4182608696,0.991097368767961,,3,median
median_ensemble,HR,Deaths,2022-01-31,31.5219565217391,35.2195652173913,0.895012653539905,,3,median
median_ensemble,HU,Cases,2022-01-31,64459.3980434783,44451.7276086957,1.45009882654974,,3,median
median_ensemble,HU,Deaths,2022-01-31,96.4171739130435,60.6521739130435,1.58967383512545,,3,median
median_ensemble,IT,Cases,2022-01-31,332208.37326087,144507.702173913,2.29889734777639,,3,median
median_ensemble,IT,Deaths,2022-01-31,581.611739130435,480.564891304348,1.21026681235873,,3,median
median_ensemble,LT,Cases,2022-01-31,8029.29239130435,7652.95369565217,1.04917561383731,,3,median
median_ensemble,LT,Deaths,2022-01-31,9.82195652173913,8.99173913043478,1.09233112518737,,3,median
median_ensemble,LU,Deaths,2022-01-31,2.90086956521739,2.01782608695652,1.43762120232708,,3,median
median_ensemble,LV,Cases,2022-01-31,12369.0991304348,10854.2291304348,1.13956495498629,,3,median
median_ensemble,LV,Deaths,2022-01-31,6.8895652173913,5.24739130434783,1.31295053442704,,3,median
median_ensemble,MT,Cases,2022-01-31,213.717608695652,155.57847826087,1.37369648478819,,3,median
median_ensemble,MT,Deaths,2022-01-31,4.53021739130435,2.35934782608696,1.92011425412328,,3,median
median_ensemble,NO,Cases,2022-01-31,27644.8723913044,26429.545326087,1.04598365390788,,3,median
median_ensemble,PT,Cases,2022-01-31,103845.930434783,118416.464782609,0.876955165191133,,3,median
median_ensemble,PT,Deaths,2022-01-31,27.0263043478261,30.750652173913,0.878885566230479,,3,median
median_ensemble,RO,Cases,2022-01-31,98654.3673913044,76741.8565217391,1.2855353240426,,3,median
median_ensemble,RO,Deaths,2022-01-31,132.822608695652,96.5244565217391,1.37605134990569,,3,median
median_ensemble,SI,Cases,2022-01-31,41110.4763043478,32179.9775,1.27751724824381,,3,median
median_ensemble,SI,Deaths,2022-01-31,5.87065217391304,6.95847826086957,0.843668968102721,,3,median
median_ensemble,SK,Cases,2022-01-31,8249.07282608696,8249.07282608696,1,,3,median
median_ensemble,SK,Deaths,2022-01-31,43.0280434782609,44.2208695652174,0.973025720690605,,3,median
median_ensemble,AT,Cases,2022-02-07,28445.3204347826,16118.197826087,1.76479534137151,,3,median
median_ensemble,AT,Deaths,2022-02-07,14.1402173913044,15.0315217391304,0.940704317014969,,3,median
median_ensemble,BE,Cases,2022-02-07,102746.3,83858.4593478261,1.22523476819233,,3,median
median_ensemble,BE,Deaths,2022-02-07,49.9613043478261,53.1634782608696,0.93976741142988,,3,median
median_ensemble,BG,Cases,2022-02-07,7078.84847826087,5832.33239130435,1.21372514516062,,3,median
median_ensemble,BG,Deaths,2022-02-07,55.2236956521739,40.3839130434783,1.36746767438606,,3,median
median_ensemble,CY,Cases,2022-02-07,2640.82152173913,2270.26413043478,1.1632221495009,,3,median
median_ensemble,CY,Deaths,2022-02-07,14.195,14.3141304347826,0.99167742425393,,3,median
median_ensemble,EE,Cases,2022-02-07,20382.7452173913,13227.7641304348,1.54090631012192,,3,median
median_ensemble,EE,Deaths,2022-02-07,12.5108695652174,9.44869565217391,1.32408429965029,,3,median
median_ensemble,ES,Cases,2022-02-07,30165.732173913,29147.8356521739,1.03492185608173,,3,median
median_ensemble,FI,Cases,2022-02-07,11973.5365217391,8168.30152173913,1.46585388527502,,3,median
median_ensemble,FI,Deaths,2022-02-07,11.1854347826087,7.41108695652174,1.50928397524273,,3,median
median_ensemble,GR,Cases,2022-02-07,9499.10760869565,10099.1695652174,0.940583039759188,,3,median
median_ensemble,GR,Deaths,2022-02-07,42.9626086956522,46.0630434782609,0.932691490867903,,3,median
median_ensemble,HR,Cases,2022-02-07,9354.3697826087,8100.40434782609,1.15480281982703,,3,median
median_ensemble,HR,Deaths,2022-02-07,24.8269565217391,21.4280434782609,1.15861985005428,,3,median
median_ensemble,HU,Cases,2022-02-07,36098.2913043478,33566.1923913044,1.07543598879268,,3,median
median_ensemble,HU,Deaths,2022-02-07,115.578695652174,90.7615217391304,1.27343276575258,,3,median
median_ensemble,IT,Cases,2022-02-07,23587.0963043478,42377.2539130435,0.556598036124466,,3,median
median_ensemble,IT,Deaths,2022-02-07,188.093913043478,261.97,0.71799791214062,,3,median
median_ensemble,LT,Cases,2022-02-07,26978.7804347826,21300.4254347826,1.26658411201156,,3,median
median_ensemble,LT,Deaths,2022-02-07,9.2,6.67391304347826,1.3785016286645,,3,median
median_ensemble,LU,Deaths,2022-02-07,2.85804347826087,1.97652173913044,1.44599648042235,,3,median
median_ensemble,LV,Cases,2022-02-07,6292.64847826087,6233.30847826087,1.00951982405603,,3,median
median_ensemble,LV,Deaths,2022-02-07,6.44086956521739,12.7417391304348,0.50549375554494,,3,median
median_ensemble,MT,Cases,2022-02-07,191.478695652174,125.835434782609,1.5216595864509,,3,median
median_ensemble,MT,Deaths,2022-02-07,2.29021739130435,2.82717391304348,0.810073048827374,,3,median
median_ensemble,NO,Cases,2022-02-07,13449.0160869565,11501.8283695652,1.16929375529057,,3,median
median_ensemble,PT,Cases,2022-02-07,87119.2980434783,54656.1804347826,1.59395144978035,,3,median
median_ensemble,PT,Deaths,2022-02-07,38.8210869565217,38.340652173913,1.01253068884769,,3,median
median_ensemble,RO,Cases,2022-02-07,95806.4626086957,89598.8486956522,1.06928229551397,,3,median
median_ensemble,RO,Deaths,2022-02-07,111.576956521739,78.7846739130435,1.41622667176219,,3,median
median_ensemble,SI,Cases,2022-02-07,49621.1908695652,35651.1186956522,1.39185508575967,,3,median
median_ensemble,SI,Deaths,2022-02-07,18.7895652173913,13.300652173913,1.41267999280846,,3,median
median_ensemble,SK,Cases,2022-02-07,60616.3019565218,41233.7023913044,1.47006692198722,,3,median
median_ensemble,SK,Deaths,2022-02-07,12.4908695652174,12.4484782608696,1.00340534027208,,3,median
median_ensemble,AT,Cases,2022-02-14,13036.6465217391,10178.0592391304,1.2808577957199,,3,median
median_ensemble,AT,Deaths,2022-02-14,18.5432608695652,18.3404347826087,1.0110589573999,,3,median
median_ensemble,BE,Cases,2022-02-14,19541.1619565217,10775.8980434783,1.81341377560159,,3,median
median_ensemble,BE,Deaths,2022-02-14,98.839347826087,80.6545652173913,1.22546501316673,,3,median
median_ensemble,BG,Cases,2022-02-14,4443.47521739131,3073.72413043478,1.44563240838493,,3,median
median_ensemble,BG,Deaths,2022-02-14,43.9202173913044,45.7489130434783,0.960027560645299,,3,median
median_ensemble,CY,Cases,2022-02-14,1759.06673913044,1243.3327173913,1.41479968678152,,3,median
median_ensemble,CY,Deaths,2022-02-14,4.50978260869565,4.2495652173913,1.06123388581952,,3,median
median_ensemble,EE,Cases,2022-02-14,4348.62108695652,1941.79543478261,2.23948465891999,,3,median
median_ensemble,EE,Deaths,2022-02-14,2.27804347826087,4.87532608695652,0.467259715069226,,3,median
median_ensemble,ES,Cases,2022-02-14,42126.0282608696,68830.232826087,0.612027978567343,,3,median
median_ensemble,FI,Cases,2022-02-14,6821.23891304348,21601.1338043478,0.315781522156514,,3,median
median_ensemble,FI,Deaths,2022-02-14,9.04760869565217,9.83173913043478,0.920244991818865,,3,median
median_ensemble,GR,Cases,2022-02-14,8913.65608695652,5738.83847826087,1.55321605943818,,3,median
median_ensemble,GR,Deaths,2022-02-14,53.095,47.7080434782609,1.11291505853083,,3,median
median_ensemble,HR,Cases,2022-02-14,4776.11456521739,4470.07619565217,1.06846379259998,,3,median
median_ensemble,HR,Deaths,2022-02-14,26.4191304347826,23.9008695652174,1.10536273011715,,3,median
median_ensemble,HU,Cases,2022-02-14,13588.4439130435,9983.22010869565,1.36112834988057,,3,median
median_ensemble,HU,Deaths,2022-02-14,93.2752173913043,81.0382608695652,1.15100221044273,,3,median
median_ensemble,IT,Cases,2022-02-14,27039.8206521739,21312.5745652174,1.2687261489423,,3,median
median_ensemble,IT,Deaths,2022-02-14,155.030869565217,110.007826086957,1.40927127714234,,3,median
median_ensemble,LT,Cases,2022-02-14,5423.21565217391,4808.28195652174,1.1278905233122,,3,median
median_ensemble,LT,Deaths,2022-02-14,10.5236956521739,9.24086956521739,1.13882092782535,,3,median
median_ensemble,LU,Deaths,2022-02-14,2.33369565217391,2.33086956521739,1.00121246036187,,3,median
median_ensemble,LV,Cases,2022-02-14,4899.16173913044,5849.84119565217,0.837486279588526,,3,median
median_ensemble,LV,Deaths,2022-02-14,13.9730434782609,11.670652173913,1.19728043215051,,3,median
median_ensemble,MT,Cases,2022-02-14,84.0423913043478,66.5226086956522,1.26336583835505,,3,median
median_ensemble,MT,Deaths,2022-02-14,6.62152173913043,4.9875,1.32762340634194,,3,median
median_ensemble,NO,Cases,2022-02-14,22192.4782608696,21978.0413043478,1.00975687294205,,3,median
median_ensemble,PT,Cases,2022-02-14,15672.7334782609,7944.31010869565,1.9728249859111,,3,median
median_ensemble,PT,Deaths,2022-02-14,68.7776086956522,56.7278260869565,1.21241396753376,,3,median
median_ensemble,RO,Cases,2022-02-14,27922.19,22319.0904347826,1.25104515713084,,3,median
median_ensemble,RO,Deaths,2022-02-14,159.754782608696,97.0709782608696,1.64575226778254,,3,median
median_ensemble,SI,Cases,2022-02-14,11290.3460869565,2758.58695652174,4.09280050435399,,3,median
median_ensemble,SI,Deaths,2022-02-14,10.1613043478261,9.87869565217391,1.02860789577923,,3,median
median_ensemble,SK,Cases,2022-02-14,33112.507826087,23546.937173913,1.40623417735922,,3,median
median_ensemble,SK,Deaths,2022-02-14,24.275652173913,18.5758695652174,1.30683799693384,,3,median
median_ensemble,AT,Cases,2022-02-21,10940.7526086957,20644.3789130435,0.529962788165213,,3,median
median_ensemble,AT,Deaths,2022-02-21,12.574347826087,14.5291304347826,0.865457701170063,,3,median
median_ensemble,BE,Cases,2022-02-21,9775.83673913043,4122.23358695652,2.37149024501254,,3,median
median_ensemble,BE,Deaths,2022-02-21,91.3217391304348,54.1623913043478,1.68607288066884,,3,median
median_ensemble,BG,Cases,2022-02-21,2400.90108695652,2220.32086956522,1.08133068506745,,3,median
median_ensemble,BG,Deaths,2022-02-21,133.522826086957,52.2360869565218,2.55614143146084,,3,median
median_ensemble,CY,Cases,2022-02-21,901.855,1551.9222826087,0.581121239192488,,3,median
median_ensemble,CY,Deaths,2022-02-21,5.44239130434783,5.48434782608696,0.992349770096718,,3,median
median_ensemble,EE,Cases,2022-02-21,3454.94413043478,3320.16760869565,1.04059328853945,,3,median
median_ensemble,EE,Deaths,2022-02-21,6.60760869565218,8.32173913043478,0.79401776384535,,3,median
median_ensemble,ES,Cases,2022-02-21,27778.2595652174,14631.4997826087,1.89852441499095,,3,median
median_ensemble,FI,Cases,2022-02-21,3523.71391304348,2633.15652173913,1.33820905971672,,3,median
median_ensemble,FI,Deaths,2022-02-21,36.195652173913,35.5267391304348,1.0188284390814,,3,median
median_ensemble,GR,Cases,2022-02-21,10828.8080434783,6698.41760869565,1.61662181668409,,3,median
median_ensemble,GR,Deaths,2022-02-21,37.0895652173913,36.3473913043478,1.02041890453235,,3,median
median_ensemble,HR,Cases,2022-02-21,1312.51282608696,1541.69315217391,0.851345045047522,,3,median
median_ensemble,HR,Deaths,2022-02-21,79.2295652173913,55.4126086956522,1.42981114014233,,3,median
median_ensemble,HU,Cases,2022-02-21,4357.59086956522,3140.64869565217,1.38748115177535,,3,median
median_ensemble,HU,Deaths,2022-02-21,148.892608695652,44.0289130434783,3.38170075987617,,3,median
median_ensemble,IT,Cases,2022-02-21,19685.2910869565,17472.852173913,1.12662150924316,,3,median
median_ensemble,IT,Deaths,2022-02-21,98.8293478260869,74.0882608695652,1.33394071700616,,3,median
median_ensemble,LT,Cases,2022-02-21,2304.80652173913,5310.15913043478,0.434037185162551,,3,median
median_ensemble,LT,Deaths,2022-02-21,7.46847826086957,8.30978260869565,0.898757357750164,,3,median
median_ensemble,LU,Deaths,2022-02-21,3.94565217391304,3.4554347826087,1.14186851211073,,3,median
median_ensemble,LV,Cases,2022-02-21,8632.66695652174,5626.32717391304,1.53433433387021,,3,median
median_ensemble,LV,Deaths,2022-02-21,27.9395652173913,15.5171739130435,1.80055758696535,,3,median
median_ensemble,MT,Cases,2022-02-21,109.529347826087,94.3695652173913,1.16064270905321,,3,median
median_ensemble,MT,Deaths,2022-02-21,1.70891304347826,1.22565217391304,1.39428875487762,,3,median
median_ensemble,NO,Cases,2022-02-21,6137.47652173913,4768.37,1.2871225432882,,3,median
median_ensemble,PT,Cases,2022-02-21,10606.6682608696,13783.6917391304,0.769508522216756,,3,median
median_ensemble,PT,Deaths,2022-02-21,63.1895652173913,41.6528260869565,1.51705349081173,,3,median
median_ensemble,RO,Cases,2022-02-21,8109.94282608696,5520.79826086957,1.46898010810661,,3,median
median_ensemble,RO,Deaths,2022-02-21,100.655217391304,98.9204347826087,1.01753715107003,,3,median
median_ensemble,SI,Cases,2022-02-21,1728.55369565217,1774.77239130435,0.973957958846652,,3,median
median_ensemble,SI,Deaths,2022-02-21,11.9767391304348,11.4752173913043,1.04370477020422,,3,median
median_ensemble,SK,Cases,2022-02-21,24234.5067391304,16935.7177173913,1.43097016279647,,3,median
median_ensemble,SK,Deaths,2022-02-21,73.6521739130435,45.4269565217391,1.62133190406003,,3,median
median_ensemble,AT,Cases,2022-02-28,42466.9845652174,28570.3973913043,1.48639810582903,,3,median
median_ensemble,AT,Deaths,2022-02-28,19.2047826086957,16.6983695652174,1.15009926769732,,3,median
median_ensemble,BE,Cases,2022-02-28,15543.2882608696,11625.0736956522,1.33704857859807,,3,median
median_ensemble,BE,Deaths,2022-02-28,25.485652173913,22.8455434782609,1.11556340072034,,3,median
median_ensemble,BG,Cases,2022-02-28,1210.05434782609,1281.79391304348,0.944031903656764,,3,median
median_ensemble,BG,Deaths,2022-02-28,39.2304347826087,31.7948913043478,1.23385969170601,,3,median
median_ensemble,CY,Cases,2022-02-28,3669.1852173913,2954.81826086957,1.24176341603883,,3,median
median_ensemble,CY,Deaths,2022-02-28,7.72869565217391,6.97467391304348,1.10810852930634,,3,median
median_ensemble,EE,Cases,2022-02-28,4708.05652173913,4615.31304347826,1.02009473190381,,3,median
median_ensemble,EE,Deaths,2022-02-28,6.08021739130435,7.54195652173913,0.806185685873231,,3,median
median_ensemble,ES,Cases,2022-02-28,21097.3310869565,15808.6230434783,1.33454577472894,,3,median
median_ensemble,FI,Cases,2022-02-28,15201.7169565217,15383.8452173913,0.988161070376367,,3,median
median_ensemble,FI,Deaths,2022-02-28,94.9276086956522,88.1783695652174,1.07654075669252,,3,median
median_ensemble,GR,Cases,2022-02-28,14181.5347826087,14889.1393478261,0.9524751197039,,3,median
median_ensemble,GR,Deaths,2022-02-28,15.6045652173913,22.2659782608696,0.700825494149292,,3,median
median_ensemble,HR,Cases,2022-02-28,1190.18608695652,1215.17847826087,0.979433151795022,,3,median
median_ensemble,HR,Deaths,2022-02-28,27.770652173913,15.405652173913,1.80262749414388,,3,median
median_ensemble,HU,Cases,2022-02-28,1665.88565217391,1563.31934782609,1.06560803107212,,3,median
median_ensemble,HU,Deaths,2022-02-28,128.617391304348,59.8813043478261,2.14787224001104,,3,median
median_ensemble,IT,Cases,2022-02-28,44683.6332608696,46154.5715217392,0.968130171890411,,3,median
median_ensemble,IT,Deaths,2022-02-28,68.9447826086957,78.7759782608696,0.875200589453583,,3,median
median_ensemble,LT,Cases,2022-02-28,3598.86021739131,4002.51347826087,0.899150055818186,,3,median
median_ensemble,LT,Deaths,2022-02-28,18.5232608695652,11.0990217391304,1.66890932416684,,3,median
median_ensemble,LU,Deaths,2022-02-28,1.62152173913043,1.45478260869565,1.11461446503287,,3,median
median_ensemble,LV,Cases,2022-02-28,9426.33804347826,7684.495,1.22666981284759,,3,median
median_ensemble,LV,Deaths,2022-02-28,22.5882608695652,16.2805434782609,1.38743899426496,,3,median
median_ensemble,MT,Cases,2022-02-28,116.969782608696,128.361086956522,0.91125578149954,,3,median
median_ensemble,MT,Deaths,2022-02-28,1.13586956521739,0.9025,1.25858123569794,,3,median
median_ensemble,NO,Cases,2022-02-28,10699.007826087,9549.40945652174,1.1203842368263,,3,median
median_ensemble,PT,Cases,2022-02-28,21292.3463043478,24285.2517391304,0.876760370164902,,3,median
median_ensemble,PT,Deaths,2022-02-28,25.0213043478261,20.4195652173913,1.22535931012456,,3,median
median_ensemble,RO,Cases,2022-02-28,4151.45369565217,3245.63608695652,1.279087853483,,3,median
median_ensemble,RO,Deaths,2022-02-28,185.69847826087,108.529565217391,1.71104046983791,,3,median
median_ensemble,SI,Cases,2022-02-28,4200.41630434783,3976.1972826087,1.05639031612436,,3,median
median_ensemble,SI,Deaths,2022-02-28,12.3119565217391,7.29739130434783,1.68717230695901,,3,median
median_ensemble,SK,Cases,2022-02-28,8329.99108695652,7130.59913043478,1.16820353165031,,3,median
median_ensemble,SK,Deaths,2022-02-28,21.0528260869565,21.1346739130435,0.996127320136392,,3,median
median_ensemble,AT,Cases,2022-03-07,72880.4906521739,48860.5782608696,1.49160106667303,,3,median
median_ensemble,AT,Deaths,2022-03-07,14.1445652173913,16.0019565217391,0.8839272371585,,3,median
median_ensemble,BE,Cases,2022-03-07,19516.1943478261,19438.0915217391,1.00401802954779,,3,median
median_ensemble,BE,Deaths,2022-03-07,31.0719565217391,30.8045652173913,1.00868024925724,,3,median
median_ensemble,BG,Cases,2022-03-07,2272.27304347826,1935.49630434783,1.17400019745525,,3,median
median_ensemble,BG,Deaths,2022-03-07,22.055,21.4938043478261,1.02610964737058,,3,median
median_ensemble,CY,Cases,2022-03-07,7748.73869565217,6249.02565217391,1.23999150058802,,3,median
median_ensemble,CY,Deaths,2022-03-07,4.67826086956522,4.05369565217391,1.15407304123988,,3,median
median_ensemble,EE,Cases,2022-03-07,3753.35891304348,2641.99130434783,1.42065528636174,,3,median
median_ensemble,EE,Deaths,2022-03-07,23.3973913043478,13.8522826086957,1.68906395900848,,3,median
median_ensemble,ES,Cases,2022-03-07,15965.042173913,13435.9582608696,1.18823249253528,,3,median
median_ensemble,FI,Cases,2022-03-07,19076.4306521739,17723.1219565217,1.076358369534,,3,median
median_ensemble,FI,Deaths,2022-03-07,165.713913043478,123.96,1.33683376124135,,3,median
median_ensemble,GR,Cases,2022-03-07,37852.9706521739,26797.6067391304,1.41255041991866,,3,median
median_ensemble,GR,Deaths,2022-03-07,27.4354347826087,23.9353260869565,1.14623192025612,,3,median
median_ensemble,HR,Cases,2022-03-07,3488.75673913043,3190.88282608696,1.09335156734939,,3,median
median_ensemble,HR,Deaths,2022-03-07,9.93847826086957,9.77521739130435,1.0167015078059,,3,median
median_ensemble,HU,Cases,2022-03-07,1224.81695652174,1144.23326086957,1.07042593359936,,3,median
median_ensemble,HU,Deaths,2022-03-07,79.6610869565217,35.9092391304348,2.21840085965523,,3,median
median_ensemble,IT,Cases,2022-03-07,135552.267608696,135552.554565217,0.999997883060761,,3,median
median_ensemble,IT,Deaths,2022-03-07,71.1776086956522,63.9427173913044,1.11314644731273,,3,median
median_ensemble,LT,Cases,2022-03-07,6994.8897826087,6994.8897826087,1,,3,median
median_ensemble,LT,Deaths,2022-03-07,18.3823913043478,12.4380434782609,1.4779166302543,,3,median
median_ensemble,LU,Deaths,2022-03-07,0.913695652173913,1.24608695652174,0.733251919050942,,3,median
median_ensemble,LV,Cases,2022-03-07,4480.97630434783,4507.88304347826,0.99403118074029,,3,median
median_ensemble,LV,Deaths,2022-03-07,45.8354347826087,34.3677173913044,1.33367701615836,,3,median
median_ensemble,MT,Cases,2022-03-07,495.789347826087,532.947391304348,0.93027821491476,,3,median
median_ensemble,MT,Deaths,2022-03-07,1.56217391304348,1.45782608695652,1.07157769161945,,3,median
median_ensemble,NO,Cases,2022-03-07,15139.8073913043,13419.972826087,1.1281548470705,,3,median
median_ensemble,PT,Cases,2022-03-07,15538.1141304348,15538.1141304348,1,,3,median
median_ensemble,PT,Deaths,2022-03-07,13.7910869565217,12.9090217391304,1.06832936183828,,3,median
median_ensemble,RO,Cases,2022-03-07,2759.55652173913,2726.1,1.01227266855183,,3,median
median_ensemble,RO,Deaths,2022-03-07,48.2784782608696,47.5544565217391,1.0152251080569,,3,median
median_ensemble,SI,Cases,2022-03-07,7076.08043478261,7397.68304347826,0.956526576388107,,3,median
median_ensemble,SI,Deaths,2022-03-07,5.16673913043478,5.45369565217391,0.947383106788376,,3,median
median_ensemble,SK,Cases,2022-03-07,7718.115,7402.51760869565,1.04263379136493,,3,median
median_ensemble,SK,Deaths,2022-03-07,44.5280434782609,30.8776086956522,1.44208199272021,,3,median
median_ensemble,Average,Cases,2021-04-12,2174.01949656751,1764.05671624714,1.23239773219566,average,3,median
median_ensemble,Average,Deaths,2021-04-12,36.7347946859903,31.4235809178744,1.1690200038626,average,3,median
median_ensemble,Average,Cases,2021-04-19,1367.22969107551,1494.2415389016,0.914999118603374,average,3,median
median_ensemble,Average,Deaths,2021-04-19,32.7195169082126,28.8829830917874,1.13283024832418,average,3,median
median_ensemble,Average,Cases,2021-04-26,1849.91622425629,1763.1101430206,1.04923463322999,average,3,median
median_ensemble,Average,Deaths,2021-04-26,31.2664975845411,20.0461654589372,1.5597246091073,average,3,median
median_ensemble,Average,Cases,2021-05-03,1985.26465675057,1880.56099542334,1.05567682281088,average,3,median
median_ensemble,Average,Deaths,2021-05-03,24.743115942029,18.1866847826087,1.3605072193086,average,3,median
median_ensemble,Average,Cases,2021-05-10,1127.81014874142,1145.20131006865,0.984813882786958,average,3,median
median_ensemble,Average,Deaths,2021-05-10,18.9992995169082,17.9360024154589,1.05928283665555,average,3,median
median_ensemble,Average,Cases,2021-05-17,872.603066361556,895.05966819222,0.974910497446477,average,3,median
median_ensemble,Average,Deaths,2021-05-17,17.2650120772947,17.4393115942029,0.990005367128932,average,3,median
median_ensemble,Average,Cases,2021-05-24,696.892482837529,796.322808924485,0.875138166365915,average,3,median
median_ensemble,Average,Deaths,2021-05-24,19.9723429951691,18.1331763285024,1.10142551053098,average,3,median
median_ensemble,Average,Cases,2021-05-31,521.343844393593,618.305589244851,0.843181516489799,average,3,median
median_ensemble,Average,Deaths,2021-05-31,37.6174033816425,38.6237741545894,0.973944266323666,average,3,median
median_ensemble,Average,Cases,2021-06-07,551.412322654462,598.541178489703,0.921260462055158,average,3,median
median_ensemble,Average,Deaths,2021-06-07,26.6050603864734,27.4239371980676,0.970140071220266,average,3,median
median_ensemble,Average,Cases,2021-06-14,765.6476201373,513.752534324943,1.49030431770685,average,3,median
median_ensemble,Average,Deaths,2021-06-14,12.7875724637681,13.6478381642512,0.936966888811999,average,3,median
median_ensemble,Average,Cases,2021-06-21,918.220560640732,980.237030892449,0.936733189731412,average,3,median
median_ensemble,Average,Deaths,2021-06-21,11.4522584541063,23.1515036231884,0.494665860174877,average,3,median
median_ensemble,Average,Cases,2021-06-28,3660.72934782609,3533.07270594966,1.03613190344525,average,3,median
median_ensemble,Average,Deaths,2021-06-28,18.7608212560386,14.7492330917874,1.27198622052322,average,3,median
median_ensemble,Average,Cases,2021-07-05,3896.17733409611,4279.76950800915,0.910370833477086,average,3,median
median_ensemble,Average,Deaths,2021-07-05,20.6347342995169,15.0023792270531,1.37543078915824,average,3,median
median_ensemble,Average,Cases,2021-07-12,3203.56443935927,2230.346298627,1.43635292928788,average,3,median
median_ensemble,Average,Deaths,2021-07-12,13.836268115942,11.2919685990338,1.22531939356667,average,3,median
median_ensemble,Average,Cases,2021-07-19,5284.79495423341,6507.63897025172,0.812090986975725,average,3,median
median_ensemble,Average,Deaths,2021-07-19,6.5706038647343,7.01933574879227,0.936072030158241,average,3,median
median_ensemble,Average,Cases,2021-07-26,2200.48963386728,3614.59637871854,0.608778796665371,average,3,median
median_ensemble,Average,Deaths,2021-07-26,5.69547101449275,5.05958333333333,1.12567985133679,average,3,median
median_ensemble,Average,Cases,2021-08-02,1639.33948512586,1956.16074942792,0.838039248873226,average,3,median
median_ensemble,Average,Deaths,2021-08-02,7.6438768115942,7.19065217391304,1.06302969838055,average,3,median
median_ensemble,Average,Cases,2021-08-09,1094.7500228833,1250.88241990847,0.875182195752182,average,3,median
median_ensemble,Average,Deaths,2021-08-09,7.76591787439614,6.84526570048309,1.13449473171627,average,3,median
median_ensemble,Average,Cases,2021-08-16,1184.99449656751,1050.9710812357,1.12752340927804,average,3,median
median_ensemble,Average,Deaths,2021-08-16,8.03053140096618,7.80506038647343,1.02888779885464,average,3,median
median_ensemble,Average,Cases,2021-08-23,1115.58798627002,1012.31164187643,1.10202030691078,average,3,median
median_ensemble,Average,Deaths,2021-08-23,9.39567632850241,9.24527173913043,1.01626827135166,average,3,median
median_ensemble,Average,Cases,2021-08-30,1328.87705949657,1134.6428375286,1.17118534180415,average,3,median
median_ensemble,Average,Deaths,2021-08-30,10.5530555555556,9.57253623188406,1.10243046355945,average,3,median
median_ensemble,Average,Cases,2021-09-06,1331.34083524027,1368.13561212815,0.973105899326283,average,3,median
median_ensemble,Average,Deaths,2021-09-06,11.8295410628019,12.2214553140097,0.967932276382955,average,3,median
median_ensemble,Average,Cases,2021-09-13,1164.93298627002,1314.30231121281,0.88635086184627,average,3,median
median_ensemble,Average,Deaths,2021-09-13,12.1149275362319,12.8642572463768,0.941751031886744,average,3,median
median_ensemble,Average,Cases,2021-09-20,1192.33138443936,1091.90627574371,1.09197227905596,average,3,median
median_ensemble,Average,Deaths,2021-09-20,14.2469685990338,10.9217934782609,1.30445321342063,average,3,median
median_ensemble,Average,Cases,2021-09-27,1087.98744851259,947.560217391304,1.14819874087568,average,3,median
median_ensemble,Average,Deaths,2021-09-27,17.4986231884058,15.3204468599034,1.14217446451925,average,3,median
median_ensemble,Average,Cases,2021-10-04,1951.1714187643,1754.47681922197,1.11211011589743,average,3,median
median_ensemble,Average,Deaths,2021-10-04,27.5538768115942,15.5638405797101,1.77037773359841,average,3,median
median_ensemble,Average,Cases,2021-10-11,2792.39637299771,2611.25733409611,1.0693685132202,average,3,median
median_ensemble,Average,Deaths,2021-10-11,25.3403260869565,20.7282185990338,1.2225038039756,average,3,median
median_ensemble,Average,Cases,2021-10-18,4601.476201373,4650.34053203661,0.989492311299144,average,3,median
median_ensemble,Average,Deaths,2021-10-18,35.8116304347826,30.1311714975845,1.18852433061401,average,3,median
median_ensemble,Average,Cases,2021-10-25,4327.97646453089,4497.44848398169,0.962318185510206,average,3,median
median_ensemble,Average,Deaths,2021-10-25,37.0016666666667,31.9227173913044,1.15910140772495,average,3,median
median_ensemble,Average,Cases,2021-11-01,6020.8985583524,5824.67519450801,1.03368829287329,average,3,median
median_ensemble,Average,Deaths,2021-11-01,45.6945289855073,43.9417632850242,1.03988837883255,average,3,median
median_ensemble,Average,Cases,2021-11-08,4008.44193363844,4460.97609267735,0.898557143181795,average,3,median
median_ensemble,Average,Deaths,2021-11-08,51.5620169082126,51.5990458937198,0.999282370732522,average,3,median
median_ensemble,Average,Cases,2021-11-15,5415.74562929062,5264.25432494279,1.02877735287789,average,3,median
median_ensemble,Average,Deaths,2021-11-15,48.9721980676329,44.3411050724638,1.10444243524379,average,3,median
median_ensemble,Average,Cases,2021-11-22,4944.49162471396,4584.89199656751,1.07843142835549,average,3,median
median_ensemble,Average,Deaths,2021-11-22,35.6150362318841,34.8086413043478,1.02316651547774,average,3,median
median_ensemble,Average,Cases,2021-11-29,6148.60446224256,4430.99689359268,1.38763456844973,average,3,median
median_ensemble,Average,Deaths,2021-11-29,30.2440217391304,25.199402173913,1.20018806519306,average,3,median
median_ensemble,Average,Cases,2021-12-06,7616.26210526316,6396.92670480549,1.1906126889873,average,3,median
median_ensemble,Average,Deaths,2021-12-06,25.0871256038647,21.9276509661836,1.14408632473007,average,3,median
median_ensemble,Average,Cases,2021-12-13,12442.187826087,11282.1540331808,1.10282024066455,average,3,median
median_ensemble,Average,Deaths,2021-12-13,36.7267270531401,27.2962801932367,1.34548468850492,average,3,median
median_ensemble,Average,Cases,2021-12-20,25313.1762929062,27898.067305492,0.90734515820467,average,3,median
median_ensemble,Average,Deaths,2021-12-20,37.6375724637681,35.0416847826087,1.07407999065295,average,3,median
median_ensemble,Average,Cases,2021-12-27,43714.8984439359,53430.2602745995,0.818167424588006,average,3,median
median_ensemble,Average,Deaths,2021-12-27,44.8208333333333,40.2167330917874,1.11448220398802,average,3,median
median_ensemble,Average,Cases,2022-01-03,71981.9034324943,34363.7557322655,2.09470419919519,average,3,median
median_ensemble,Average,Deaths,2022-01-03,36.6659903381643,22.5953985507246,1.6227193450849,average,3,median
median_ensemble,Average,Cases,2022-01-10,78591.9600228833,55139.3557208238,1.42533330314562,average,3,median
median_ensemble,Average,Deaths,2022-01-10,78.6923671497585,48.1189190821256,1.63537271100069,average,3,median
median_ensemble,Average,Cases,2022-01-17,45779.1782608696,38438.2303432494,1.19098038208487,average,3,median
median_ensemble,Average,Deaths,2022-01-17,33.8623188405797,44.9042210144928,0.754101019359644,average,3,median
median_ensemble,Average,Cases,2022-01-24,56732.0129176202,33771.4461784897,1.67988106336278,average,3,median
median_ensemble,Average,Deaths,2022-01-24,70.0193357487923,67.8808997584541,1.03150276437035,average,3,median
median_ensemble,Average,Cases,2022-01-31,71315.3650457666,51840.8299427918,1.37566017219373,average,3,median
median_ensemble,Average,Deaths,2022-01-31,70.2436956521739,55.5519142512077,1.26446939946173,average,3,median
median_ensemble,Average,Cases,2022-02-07,32739.33402746,27003.5485869565,1.21240858111789,average,3,median
median_ensemble,Average,Deaths,2022-02-07,40.6192391304348,40.3927355072464,1.00560753364049,average,3,median
median_ensemble,Average,Cases,2022-02-14,14052.155228833,13074.7630148741,1.07475410551204,average,3,median
median_ensemble,Average,Deaths,2022-02-14,44.5210990338164,35.3799335748792,1.25837147035877,average,3,median
median_ensemble,Average,Cases,2022-02-21,8253.92719679634,6936.39458810069,1.18994487582293,average,3,median
median_ensemble,Average,Deaths,2022-02-21,52.2356642512077,33.6733937198068,1.55124442418415,average,3,median
median_ensemble,Average,Cases,2022-02-28,11970.1705263158,10740.2387643021,1.11451624018841,average,3,median
median_ensemble,Average,Deaths,2022-02-28,40.0860144927536,29.8600422705314,1.34246342083427,average,3,median
median_ensemble,Average,Cases,2022-03-07,19975.5089130435,17657.3499199085,1.13128578204826,average,3,median
median_ensemble,Average,Deaths,2022-03-07,34.8739855072464,27.2240700483092,1.28099822860294,average,3,median
weighted.mean_ensemble,AT,Cases,2021-04-12,756.481075866652,704.364891304348,1.07399032121802,,3,invscore_mean
weighted.mean_ensemble,AT,Deaths,2021-04-12,17.1102421644187,14.5251086956522,1.17797687596929,,3,invscore_mean
weighted.mean_ensemble,AT,Cases,2021-04-19,1158.78892954928,1084.3952173913,1.0686038733525,,3,invscore_mean
weighted.mean_ensemble,AT,Deaths,2021-04-19,14.9500917054765,15.8104347826087,0.945583844532945,,3,invscore_mean
weighted.mean_ensemble,AT,Cases,2021-04-26,1153.88809856516,1253.25804347826,0.920710706442141,,3,invscore_mean
weighted.mean_ensemble,AT,Deaths,2021-04-26,7.53998659503451,7.22934782608696,1.04296912756454,,3,invscore_mean
weighted.mean_ensemble,AT,Cases,2021-05-03,2013.91197032303,2257.94608695652,0.891922079963199,,3,invscore_mean
weighted.mean_ensemble,AT,Deaths,2021-05-03,10.5322333018507,8.86217391304348,1.18844804956369,,3,invscore_mean
weighted.mean_ensemble,AT,Cases,2021-05-10,1155.79089999478,890.003695652174,1.29863606818828,,3,invscore_mean
weighted.mean_ensemble,AT,Deaths,2021-05-10,8.32361786544104,8.17739130434783,1.01788181042718,,3,invscore_mean
weighted.mean_ensemble,AT,Cases,2021-05-17,206.351387596409,334.784239130435,0.616371272830478,,3,invscore_mean
weighted.mean_ensemble,AT,Deaths,2021-05-17,5.31898968294676,7.44565217391304,0.71437525668774,,3,invscore_mean
weighted.mean_ensemble,AT,Cases,2021-05-24,205.279297164585,186.180108695652,1.10258447372675,,3,invscore_mean
weighted.mean_ensemble,AT,Deaths,2021-05-24,15.0756040130766,14.2917391304348,1.05484741048572,,3,invscore_mean
weighted.mean_ensemble,AT,Cases,2021-05-31,190.541929746817,242.538695652174,0.785614556202916,,3,invscore_mean
weighted.mean_ensemble,AT,Deaths,2021-05-31,11.075526351954,10.4186956521739,1.06304346740784,,3,invscore_mean
weighted.mean_ensemble,AT,Cases,2021-06-07,191.663011680193,180.52,1.06172729714266,,3,invscore_mean
weighted.mean_ensemble,AT,Deaths,2021-06-07,5.32061748554534,3.90326086956522,1.36312116031794,,3,invscore_mean
weighted.mean_ensemble,AT,Cases,2021-06-14,179.262047665832,182.02902173913,0.984799269661163,,3,invscore_mean
weighted.mean_ensemble,AT,Deaths,2021-06-14,10.9004815459838,10.4108695652174,1.04702892277147,,3,invscore_mean
weighted.mean_ensemble,AT,Cases,2021-06-21,48.6088564409297,78.954347826087,0.615657753870637,,3,invscore_mean
weighted.mean_ensemble,AT,Deaths,2021-06-21,6.47859921028958,8.53782608695652,0.758811334911953,,3,invscore_mean
weighted.mean_ensemble,AT,Cases,2021-06-28,136.383054981278,126.159673913044,1.08103525279624,,3,invscore_mean
weighted.mean_ensemble,AT,Deaths,2021-06-28,2.73872044775218,4.21804347826087,0.649286917469465,,3,invscore_mean
weighted.mean_ensemble,AT,Cases,2021-07-05,807.491303159597,686.378152173913,1.17645251469921,,3,invscore_mean
weighted.mean_ensemble,AT,Deaths,2021-07-05,3.47417191260757,4.85130434782609,0.716131510933628,,3,invscore_mean
weighted.mean_ensemble,AT,Cases,2021-07-12,330.589221989165,350.840326086957,0.94227828846342,,3,invscore_mean
weighted.mean_ensemble,AT,Deaths,2021-07-12,2.06674324135539,2.06304347826087,1.00179335197416,,3,invscore_mean
weighted.mean_ensemble,AT,Cases,2021-07-19,1434.03581864794,451.103695652174,3.17894939116983,,3,invscore_mean
weighted.mean_ensemble,AT,Deaths,2021-07-19,3.76586396248955,2.15847826086957,1.74468468400161,,3,invscore_mean
weighted.mean_ensemble,AT,Cases,2021-07-26,201.631603469687,212.783369565217,0.947590988345016,,3,invscore_mean
weighted.mean_ensemble,AT,Deaths,2021-07-26,6.60753164145027,4.73347826086957,1.39591464823511,,3,invscore_mean
weighted.mean_ensemble,AT,Cases,2021-08-02,341.164518071251,343.305,0.993765072082408,,3,invscore_mean
weighted.mean_ensemble,AT,Deaths,2021-08-02,5.11747528823599,5.79391304347826,0.883250274871887,,3,invscore_mean
weighted.mean_ensemble,AT,Cases,2021-08-09,1051.51569095441,863.077608695652,1.21833272044161,,3,invscore_mean
weighted.mean_ensemble,AT,Deaths,2021-08-09,1.83295996595745,1.74239130434783,1.05197951882773,,3,invscore_mean
weighted.mean_ensemble,AT,Cases,2021-08-16,438.322398176137,496.515108695652,0.882797704439674,,3,invscore_mean
weighted.mean_ensemble,AT,Deaths,2021-08-16,3.14391414301835,4.45945652173913,0.704999393466957,,3,invscore_mean
weighted.mean_ensemble,AT,Cases,2021-08-23,929.170552170571,798.340108695652,1.16387807909172,,3,invscore_mean
weighted.mean_ensemble,AT,Deaths,2021-08-23,7.40470996188375,8.67673913043478,0.853397785800747,,3,invscore_mean
weighted.mean_ensemble,AT,Cases,2021-08-30,922.518064881153,642.335217391304,1.4361941240397,,3,invscore_mean
weighted.mean_ensemble,AT,Deaths,2021-08-30,20.2948043790934,14.3321739130435,1.4160311270451,,3,invscore_mean
weighted.mean_ensemble,AT,Cases,2021-09-06,674.409017777091,720.178043478261,0.936447624145664,,3,invscore_mean
weighted.mean_ensemble,AT,Deaths,2021-09-06,18.7718578096534,23.5234782608696,0.798005193002417,,3,invscore_mean
weighted.mean_ensemble,AT,Cases,2021-09-13,1983.79691391313,2004.8252173913,0.9895111537426,,3,invscore_mean
weighted.mean_ensemble,AT,Deaths,2021-09-13,10.536547665204,13.4734782608696,0.782021350478207,,3,invscore_mean
weighted.mean_ensemble,AT,Cases,2021-09-20,1861.40459217219,2006.79608695652,0.927550439364855,,3,invscore_mean
weighted.mean_ensemble,AT,Deaths,2021-09-20,8.76951803783254,6.92489130434783,1.26637627255269,,3,invscore_mean
weighted.mean_ensemble,AT,Cases,2021-09-27,511.118304212071,720.313260869565,0.709577807293242,,3,invscore_mean
weighted.mean_ensemble,AT,Deaths,2021-09-27,10.7063920296393,5.88065217391304,1.82061303967841,,3,invscore_mean
weighted.mean_ensemble,AT,Cases,2021-10-04,892.956869276433,778.691521739131,1.14674019730188,,3,invscore_mean
weighted.mean_ensemble,AT,Deaths,2021-10-04,11.8814509325613,8.22956521739131,1.44375196243084,,3,invscore_mean
weighted.mean_ensemble,AT,Cases,2021-10-11,3250.76186662727,2795.78793478261,1.1627354944144,,3,invscore_mean
weighted.mean_ensemble,AT,Deaths,2021-10-11,12.2785974009761,18.9854347826087,0.646737751416876,,3,invscore_mean
weighted.mean_ensemble,AT,Cases,2021-10-18,5798.38539410119,6409.95891304348,0.904590103113171,,3,invscore_mean
weighted.mean_ensemble,AT,Deaths,2021-10-18,33.9393696300175,36.4202173913044,0.931882675640503,,3,invscore_mean
weighted.mean_ensemble,AT,Cases,2021-10-25,4066.2908460206,4067.29673913044,0.999752687552851,,3,invscore_mean
weighted.mean_ensemble,AT,Deaths,2021-10-25,42.1088246825651,40.2044565217391,1.04736709125259,,3,invscore_mean
weighted.mean_ensemble,AT,Cases,2021-11-01,9557.57043988661,10880.9389130435,0.878377363963465,,3,invscore_mean
weighted.mean_ensemble,AT,Deaths,2021-11-01,45.2810028399876,59.8264130434783,0.756873102304831,,3,invscore_mean
weighted.mean_ensemble,AT,Cases,2021-11-08,2780.60296115709,3125.8422826087,0.889553185913309,,3,invscore_mean
weighted.mean_ensemble,AT,Deaths,2021-11-08,60.2171922841533,75.8219565217391,0.794192013060073,,3,invscore_mean
weighted.mean_ensemble,AT,Cases,2021-11-15,14838.1109268484,15897.8536956522,0.933340513185524,,3,invscore_mean
weighted.mean_ensemble,AT,Deaths,2021-11-15,41.4191290986842,50.640652173913,0.817902758369704,,3,invscore_mean
weighted.mean_ensemble,AT,Cases,2021-11-22,38407.4372133393,37096.3216304348,1.03534354688765,,3,invscore_mean
weighted.mean_ensemble,AT,Deaths,2021-11-22,39.4438767829424,28.2310869565217,1.39717882076908,,3,invscore_mean
weighted.mean_ensemble,AT,Cases,2021-11-29,16198.8412234664,16983.9280434783,0.953774720547444,,3,invscore_mean
weighted.mean_ensemble,AT,Deaths,2021-11-29,34.9514052812175,24.9534782608696,1.40066266176712,,3,invscore_mean
weighted.mean_ensemble,AT,Cases,2021-12-06,29028.3488578731,25559.9413043478,1.13569700776016,,3,invscore_mean
weighted.mean_ensemble,AT,Deaths,2021-12-06,46.0771009316567,37.8728260869565,1.21662695109848,,3,invscore_mean
weighted.mean_ensemble,AT,Cases,2021-12-13,2925.46731169141,3944.0152173913,0.741748484841396,,3,invscore_mean
weighted.mean_ensemble,AT,Deaths,2021-12-13,79.0424090608882,32.0628260869565,2.46523524927341,,3,invscore_mean
weighted.mean_ensemble,AT,Cases,2021-12-20,2001.13756262149,2030.95326086957,0.985319357750599,,3,invscore_mean
weighted.mean_ensemble,AT,Deaths,2021-12-20,14.4745516567988,21.1073913043478,0.68575748883839,,3,invscore_mean
weighted.mean_ensemble,AT,Cases,2021-12-27,17284.5113832223,18202.909673913,0.949546621548812,,3,invscore_mean
weighted.mean_ensemble,AT,Deaths,2021-12-27,15.8450537001119,10.9669565217391,1.4447995365627,,3,invscore_mean
weighted.mean_ensemble,AT,Cases,2022-01-03,16694.7314782903,47427.740326087,0.352003518689833,,3,invscore_mean
weighted.mean_ensemble,AT,Deaths,2022-01-03,17.6076902932851,7.58228260869565,2.3222149848506,,3,invscore_mean
weighted.mean_ensemble,AT,Cases,2022-01-10,9211.03580240964,18630.3465217391,0.494410331641529,,3,invscore_mean
weighted.mean_ensemble,AT,Deaths,2022-01-10,25.2796162450389,7.12586956521739,3.54758335297535,,3,invscore_mean
weighted.mean_ensemble,AT,Cases,2022-01-17,9992.67845582562,10971.8836956522,0.910753224606766,,3,invscore_mean
weighted.mean_ensemble,AT,Deaths,2022-01-17,20.6074390796107,6.45413043478261,3.19290712944893,,3,invscore_mean
weighted.mean_ensemble,AT,Cases,2022-01-24,23979.9270394821,17989.0089130435,1.33303213953575,,3,invscore_mean
weighted.mean_ensemble,AT,Deaths,2022-01-24,9.78048734327442,6.91195652173913,1.41500996317227,,3,invscore_mean
weighted.mean_ensemble,AT,Cases,2022-01-31,13175.4037350148,45034.8756521739,0.292560011418145,,3,invscore_mean
weighted.mean_ensemble,AT,Deaths,2022-01-31,15.3300073903891,11.520652173913,1.33065447675799,,3,invscore_mean
weighted.mean_ensemble,AT,Cases,2022-02-07,24338.3014570674,16118.197826087,1.5099890024725,,3,invscore_mean
weighted.mean_ensemble,AT,Deaths,2022-02-07,9.04040051634806,15.0315217391304,0.601429494181808,,3,invscore_mean
weighted.mean_ensemble,AT,Cases,2022-02-14,14692.3294387299,10178.0592391304,1.44352956625011,,3,invscore_mean
weighted.mean_ensemble,AT,Deaths,2022-02-14,18.6380893478703,18.3404347826087,1.01622941706616,,3,invscore_mean
weighted.mean_ensemble,AT,Cases,2022-02-21,14413.7508647996,20644.3789130435,0.698192516496234,,3,invscore_mean
weighted.mean_ensemble,AT,Deaths,2022-02-21,11.2646094466011,14.5291304347826,0.775312018648669,,3,invscore_mean
weighted.mean_ensemble,AT,Cases,2022-02-28,26489.6378000415,28570.3973913043,0.927170785804467,,3,invscore_mean
weighted.mean_ensemble,AT,Deaths,2022-02-28,24.0069069577762,16.6983695652174,1.43767970064469,,3,invscore_mean
weighted.mean_ensemble,AT,Cases,2022-03-07,62051.3598219626,48860.5782608696,1.2699677742385,,3,invscore_mean
weighted.mean_ensemble,AT,Deaths,2022-03-07,14.3851551911127,16.0019565217391,0.898962271992806,,3,invscore_mean
weighted.mean_ensemble,BE,Cases,2021-04-12,2781.22657878409,1855.20413043478,1.49914854821517,,3,invscore_mean
weighted.mean_ensemble,BE,Deaths,2021-04-12,30.9270947732281,19.1259782608696,1.61702028264368,,3,invscore_mean
weighted.mean_ensemble,BE,Cases,2021-04-19,1873.56206274807,1508.77630434783,1.24177590630834,,3,invscore_mean
weighted.mean_ensemble,BE,Deaths,2021-04-19,23.9932715455694,12.669347826087,1.89380478576536,,3,invscore_mean
weighted.mean_ensemble,BE,Cases,2021-04-26,2250.80578010693,1578.7427173913,1.42569511505088,,3,invscore_mean
weighted.mean_ensemble,BE,Deaths,2021-04-26,15.090643759657,10.9851086956522,1.37373640787275,,3,invscore_mean
weighted.mean_ensemble,BE,Cases,2021-05-03,1409.99999815031,1496.89652173913,0.941948877342664,,3,invscore_mean
weighted.mean_ensemble,BE,Deaths,2021-05-03,19.9943747410684,20.0459782608696,0.997425742005223,,3,invscore_mean
weighted.mean_ensemble,BE,Cases,2021-05-10,1895.6305755373,2298.96413043478,0.824558569854153,,3,invscore_mean
weighted.mean_ensemble,BE,Deaths,2021-05-10,60.9438750315789,45.6213043478261,1.33586437088538,,3,invscore_mean
weighted.mean_ensemble,BE,Cases,2021-05-17,1094.76400663042,1328.82510869565,0.823858609734594,,3,invscore_mean
weighted.mean_ensemble,BE,Deaths,2021-05-17,20.4571768465263,14.68,1.39354065712032,,3,invscore_mean
weighted.mean_ensemble,BE,Cases,2021-05-24,1647.29210950562,1973.7327173913,0.834607490158473,,3,invscore_mean
weighted.mean_ensemble,BE,Deaths,2021-05-24,9.77758336331558,7.31891304347826,1.33593380673216,,3,invscore_mean
weighted.mean_ensemble,BE,Cases,2021-05-31,1710.17642832344,2292.22336956522,0.746077564268014,,3,invscore_mean
weighted.mean_ensemble,BE,Deaths,2021-05-31,10.2345328677029,8.16402173913044,1.25361411259459,,3,invscore_mean
weighted.mean_ensemble,BE,Cases,2021-06-07,2760.22113996014,2719.19347826087,1.01508817302898,,3,invscore_mean
weighted.mean_ensemble,BE,Deaths,2021-06-07,6.72551674897096,8.72804347826087,0.770564074952463,,3,invscore_mean
weighted.mean_ensemble,BE,Cases,2021-06-14,532.249088401055,1131.03086956522,0.470587587592246,,3,invscore_mean
weighted.mean_ensemble,BE,Deaths,2021-06-14,3.81640591011504,5.59,0.682720198589453,,3,invscore_mean
weighted.mean_ensemble,BE,Cases,2021-06-21,1342.75686797014,841.983043478261,1.59475523690259,,3,invscore_mean
weighted.mean_ensemble,BE,Deaths,2021-06-21,4.41464947858321,3.71608695652174,1.1879833626701,,3,invscore_mean
weighted.mean_ensemble,BE,Cases,2021-06-28,2942.95588192498,3016.66206521739,0.97556697379456,,3,invscore_mean
weighted.mean_ensemble,BE,Deaths,2021-06-28,1.98304815593512,2.22195652173913,0.892478379542269,,3,invscore_mean
weighted.mean_ensemble,BE,Cases,2021-07-05,4328.84995687702,4459.03293478261,0.970804661053274,,3,invscore_mean
weighted.mean_ensemble,BE,Deaths,2021-07-05,2.47554505584902,3.17065217391304,0.780768409798115,,3,invscore_mean
weighted.mean_ensemble,BE,Cases,2021-07-12,2294.49036808446,1063.78717391304,2.15690734420531,,3,invscore_mean
weighted.mean_ensemble,BE,Deaths,2021-07-12,3.88564157563736,2.76217391304348,1.40673313772484,,3,invscore_mean
weighted.mean_ensemble,BE,Cases,2021-07-19,2227.18692054859,1780.09195652174,1.25116397070883,,3,invscore_mean
weighted.mean_ensemble,BE,Deaths,2021-07-19,2.73844928085155,4.24586956521739,0.644967830214383,,3,invscore_mean
weighted.mean_ensemble,BE,Cases,2021-07-26,695.249841285189,1686.53576086957,0.412235457685595,,3,invscore_mean
weighted.mean_ensemble,BE,Deaths,2021-07-26,4.56756719026703,4.57195652173913,0.99903994461644,,3,invscore_mean
weighted.mean_ensemble,BE,Cases,2021-08-02,838.530337020171,1028.22065217391,0.81551594518872,,3,invscore_mean
weighted.mean_ensemble,BE,Deaths,2021-08-02,4.12072235465982,3.90478260869565,1.05530134903881,,3,invscore_mean
weighted.mean_ensemble,BE,Cases,2021-08-09,907.838438349594,1023.29891304348,0.887168379422505,,3,invscore_mean
weighted.mean_ensemble,BE,Deaths,2021-08-09,4.31431626659027,4.62782608695652,0.932255487895304,,3,invscore_mean
weighted.mean_ensemble,BE,Cases,2021-08-16,672.190398529753,1130.55913043478,0.594564565827925,,3,invscore_mean
weighted.mean_ensemble,BE,Deaths,2021-08-16,5.18239101774979,6.11445652173913,0.847563638620129,,3,invscore_mean
weighted.mean_ensemble,BE,Cases,2021-08-23,715.625165947159,1103.40793478261,0.6485590173757,,3,invscore_mean
weighted.mean_ensemble,BE,Deaths,2021-08-23,4.89642096104825,5.29478260869565,0.924763361012562,,3,invscore_mean
weighted.mean_ensemble,BE,Cases,2021-08-30,737.190521870662,936.045760869565,0.787558207822905,,3,invscore_mean
weighted.mean_ensemble,BE,Deaths,2021-08-30,9.34133584785498,7.67760869565218,1.21669861256995,,3,invscore_mean
weighted.mean_ensemble,BE,Cases,2021-09-06,651.687946241161,1013.43097826087,0.643051140354434,,3,invscore_mean
weighted.mean_ensemble,BE,Deaths,2021-09-06,9.65891134022453,10.579347826087,0.912996859447917,,3,invscore_mean
weighted.mean_ensemble,BE,Cases,2021-09-13,800.721734980018,910.538369565217,0.879393732042685,,3,invscore_mean
weighted.mean_ensemble,BE,Deaths,2021-09-13,5.33577777669114,5.51478260869565,0.967540908734597,,3,invscore_mean
weighted.mean_ensemble,BE,Cases,2021-09-20,986.604281059311,1339.84956521739,0.736354518202373,,3,invscore_mean
weighted.mean_ensemble,BE,Deaths,2021-09-20,8.84035175731848,8.23989130434783,1.072872375471,,3,invscore_mean
weighted.mean_ensemble,BE,Cases,2021-09-27,915.600861169561,965.625217391304,0.948194853116111,,3,invscore_mean
weighted.mean_ensemble,BE,Deaths,2021-09-27,4.81615054347127,5.21706521739131,0.923153217908112,,3,invscore_mean
weighted.mean_ensemble,BE,Cases,2021-10-04,2111.39419925989,1933.43619565217,1.09204234616477,,3,invscore_mean
weighted.mean_ensemble,BE,Deaths,2021-10-04,8.62106185023745,9.10130434782609,0.947233662425173,,3,invscore_mean
weighted.mean_ensemble,BE,Cases,2021-10-11,9442.89772934128,8948.48728260869,1.05525072910295,,3,invscore_mean
weighted.mean_ensemble,BE,Deaths,2021-10-11,18.4683614115958,15.9521739130435,1.15773320377951,,3,invscore_mean
weighted.mean_ensemble,BE,Cases,2021-10-18,13156.6661790286,16844.9505434783,0.781045105776362,,3,invscore_mean
weighted.mean_ensemble,BE,Deaths,2021-10-18,24.6477601352307,28.1163043478261,0.876635841976737,,3,invscore_mean
weighted.mean_ensemble,BE,Cases,2021-10-25,4028.61474330476,4371.57043478261,0.921548629584209,,3,invscore_mean
weighted.mean_ensemble,BE,Deaths,2021-10-25,13.9504139897492,16.3152173913044,0.855055354468302,,3,invscore_mean
weighted.mean_ensemble,BE,Cases,2021-11-01,9555.93089273363,16162.7669565217,0.591231125118573,,3,invscore_mean
weighted.mean_ensemble,BE,Deaths,2021-11-01,42.5019337082618,26.1526086956522,1.62515082922981,,3,invscore_mean
weighted.mean_ensemble,BE,Cases,2021-11-08,9759.99648851349,17195.3311956522,0.567595725692175,,3,invscore_mean
weighted.mean_ensemble,BE,Deaths,2021-11-08,51.9412732553166,33.4086956521739,1.55472317135904,,3,invscore_mean
weighted.mean_ensemble,BE,Cases,2021-11-15,6320.96964818798,5472.32152173913,1.15508009225656,,3,invscore_mean
weighted.mean_ensemble,BE,Deaths,2021-11-15,14.6237402491922,20.614347826087,0.709396211442899,,3,invscore_mean
weighted.mean_ensemble,BE,Cases,2021-11-22,7348.94997892944,4587.40576086957,1.6019838579826,,3,invscore_mean
weighted.mean_ensemble,BE,Deaths,2021-11-22,29.1668377139696,23.7064130434783,1.23033533839458,,3,invscore_mean
weighted.mean_ensemble,BE,Cases,2021-11-29,34133.2208669201,10146.8591304348,3.36391985225654,,3,invscore_mean
weighted.mean_ensemble,BE,Deaths,2021-11-29,38.7288887975755,20.2997826086957,1.90784746537066,,3,invscore_mean
weighted.mean_ensemble,BE,Cases,2021-12-06,42528.8375965517,30360.7154347826,1.40078509308871,,3,invscore_mean
weighted.mean_ensemble,BE,Deaths,2021-12-06,36.0609534054058,21.3903260869565,1.68585337403506,,3,invscore_mean
weighted.mean_ensemble,BE,Cases,2021-12-13,25064.0944003811,21536.2048913044,1.16381203312665,,3,invscore_mean
weighted.mean_ensemble,BE,Deaths,2021-12-13,39.3614845843318,30.7384782608696,1.28052808113274,,3,invscore_mean
weighted.mean_ensemble,BE,Cases,2021-12-20,11560.1561804277,11982.3343478261,0.96476661766036,,3,invscore_mean
weighted.mean_ensemble,BE,Deaths,2021-12-20,112.864493402068,57.9257608695652,1.94843350709214,,3,invscore_mean
weighted.mean_ensemble,BE,Cases,2021-12-27,54235.4519518674,65484.3846739131,0.828219616354937,,3,invscore_mean
weighted.mean_ensemble,BE,Deaths,2021-12-27,22.1741811886503,28.2256521739131,0.785603856095991,,3,invscore_mean
weighted.mean_ensemble,BE,Cases,2022-01-03,76587.6708438624,81548.5893478261,0.939166102765995,,3,invscore_mean
weighted.mean_ensemble,BE,Deaths,2022-01-03,19.8915721693191,14.48,1.3737273597596,,3,invscore_mean
weighted.mean_ensemble,BE,Cases,2022-01-10,105276.70520899,82634.1892391305,1.27400905337542,,3,invscore_mean
weighted.mean_ensemble,BE,Deaths,2022-01-10,29.5513207493273,30.8708695652174,0.957255858533481,,3,invscore_mean
weighted.mean_ensemble,BE,Cases,2022-01-17,68540.4685358341,50323.9173913044,1.36198595198548,,3,invscore_mean
weighted.mean_ensemble,BE,Deaths,2022-01-17,19.1894926266118,11.1015217391304,1.728546146874,,3,invscore_mean
weighted.mean_ensemble,BE,Cases,2022-01-24,87324.0566871789,61884.4341304348,1.41108273694682,,3,invscore_mean
weighted.mean_ensemble,BE,Deaths,2022-01-24,26.4724407333752,24.8486956521739,1.06534528427287,,3,invscore_mean
weighted.mean_ensemble,BE,Cases,2022-01-31,218339.11849508,179168.984347826,1.21862117648226,,3,invscore_mean
weighted.mean_ensemble,BE,Deaths,2022-01-31,73.2409309570074,67.4419565217391,1.08598467088361,,3,invscore_mean
weighted.mean_ensemble,BE,Cases,2022-02-07,105304.754012027,83858.4593478261,1.2557439622787,,3,invscore_mean
weighted.mean_ensemble,BE,Deaths,2022-02-07,50.2689964001902,53.1634782608696,0.945555069845575,,3,invscore_mean
weighted.mean_ensemble,BE,Cases,2022-02-14,20245.0957901712,10775.8980434783,1.87873861728154,,3,invscore_mean
weighted.mean_ensemble,BE,Deaths,2022-02-14,76.73971163276,80.6545652173913,0.951461475564595,,3,invscore_mean
weighted.mean_ensemble,BE,Cases,2022-02-21,9373.64530493367,4122.23358695652,2.27392385880159,,3,invscore_mean
weighted.mean_ensemble,BE,Deaths,2022-02-21,74.8123466358032,54.1623913043478,1.3812600373462,,3,invscore_mean
weighted.mean_ensemble,BE,Cases,2022-02-28,14992.9147219234,11625.0736956522,1.28970491838953,,3,invscore_mean
weighted.mean_ensemble,BE,Deaths,2022-02-28,31.7951356909349,22.8455434782609,1.39174345846446,,3,invscore_mean
weighted.mean_ensemble,BE,Cases,2022-03-07,20515.1736740618,19438.0915217391,1.0554109003509,,3,invscore_mean
weighted.mean_ensemble,BE,Deaths,2022-03-07,29.7912167462555,30.8045652173913,0.967103951508989,,3,invscore_mean
weighted.mean_ensemble,BG,Cases,2021-04-12,2407.50725089616,1838.12163043478,1.30976493123945,,3,invscore_mean
weighted.mean_ensemble,BG,Deaths,2021-04-12,49.0283223567076,57.014347826087,0.859929548019396,,3,invscore_mean
weighted.mean_ensemble,BG,Cases,2021-04-19,839.09999648247,613.382608695652,1.36798791584066,,3,invscore_mean
weighted.mean_ensemble,BG,Deaths,2021-04-19,29.2925500283205,42.1230434782609,0.695404405985954,,3,invscore_mean
weighted.mean_ensemble,BG,Cases,2021-04-26,1383.74891813008,824.814347826087,1.67764894218576,,3,invscore_mean
weighted.mean_ensemble,BG,Deaths,2021-04-26,29.6182333263987,34.3385869565217,0.8625350065773,,3,invscore_mean
weighted.mean_ensemble,BG,Cases,2021-05-03,675.360674564348,1082.63456521739,0.623812222759336,,3,invscore_mean
weighted.mean_ensemble,BG,Deaths,2021-05-03,20.5943592131345,23.2127173913044,0.887201565674911,,3,invscore_mean
weighted.mean_ensemble,BG,Cases,2021-05-10,355.125479452656,587.08652173913,0.604894621666097,,3,invscore_mean
weighted.mean_ensemble,BG,Deaths,2021-05-10,18.7242720562603,19.2019565217391,0.975123135762859,,3,invscore_mean
weighted.mean_ensemble,BG,Cases,2021-05-17,418.531725337661,302.082717391304,1.38548715713357,,3,invscore_mean
weighted.mean_ensemble,BG,Deaths,2021-05-17,16.3962499489962,19.9647826086957,0.821258626770862,,3,invscore_mean
weighted.mean_ensemble,BG,Cases,2021-05-24,173.040268957587,116.909565217391,1.48012071241409,,3,invscore_mean
weighted.mean_ensemble,BG,Deaths,2021-05-24,13.3886778067879,11.1330434782609,1.20260716065032,,3,invscore_mean
weighted.mean_ensemble,BG,Cases,2021-05-31,117.267060488296,113.668695652174,1.03165660356597,,3,invscore_mean
weighted.mean_ensemble,BG,Deaths,2021-05-31,15.5955713206526,14.1913043478261,1.09895263595285,,3,invscore_mean
weighted.mean_ensemble,BG,Cases,2021-06-07,97.1555664170851,102.525434782609,0.947624037128839,,3,invscore_mean
weighted.mean_ensemble,BG,Deaths,2021-06-07,11.3901448719085,9.94239130434783,1.14561422129177,,3,invscore_mean
weighted.mean_ensemble,BG,Cases,2021-06-14,76.1916305777947,74.0258695652174,1.02925681285877,,3,invscore_mean
weighted.mean_ensemble,BG,Deaths,2021-06-14,12.41349282038,10.5308695652174,1.17877187097453,,3,invscore_mean
weighted.mean_ensemble,BG,Cases,2021-06-21,70.6973526108601,64.2995652173913,1.09949969913231,,3,invscore_mean
weighted.mean_ensemble,BG,Deaths,2021-06-21,8.94291531030813,9.02478260869565,0.990928612694931,,3,invscore_mean
weighted.mean_ensemble,BG,Cases,2021-06-28,66.1259169038092,53.1870652173913,1.24327064547617,,3,invscore_mean
weighted.mean_ensemble,BG,Deaths,2021-06-28,17.2789496263545,14.0519565217391,1.22964724518063,,3,invscore_mean
weighted.mean_ensemble,BG,Cases,2021-07-05,54.8164769490001,58.0157608695652,0.944854917480821,,3,invscore_mean
weighted.mean_ensemble,BG,Deaths,2021-07-05,9.18243224921454,7.94413043478261,1.15587631957931,,3,invscore_mean
weighted.mean_ensemble,BG,Cases,2021-07-12,170.263562096224,124.106739130435,1.37191230137212,,3,invscore_mean
weighted.mean_ensemble,BG,Deaths,2021-07-12,6.31664476533114,3.89565217391304,1.62146015181491,,3,invscore_mean
weighted.mean_ensemble,BG,Cases,2021-07-19,429.263414530438,353.979239130435,1.21267963506826,,3,invscore_mean
weighted.mean_ensemble,BG,Deaths,2021-07-19,5.90315621639498,5.17608695652174,1.14046697166808,,3,invscore_mean
weighted.mean_ensemble,BG,Cases,2021-07-26,653.17255608525,758.831739130435,0.860760722573014,,3,invscore_mean
weighted.mean_ensemble,BG,Deaths,2021-07-26,4.93998232180556,5.87673913043478,0.840599218743965,,3,invscore_mean
weighted.mean_ensemble,BG,Cases,2021-08-02,372.988796601714,1362.32695652174,0.273788017491792,,3,invscore_mean
weighted.mean_ensemble,BG,Deaths,2021-08-02,19.7850959526471,21.134347826087,0.936158338807387,,3,invscore_mean
weighted.mean_ensemble,BG,Cases,2021-08-09,1023.89207126814,903.183152173913,1.13364832902794,,3,invscore_mean
weighted.mean_ensemble,BG,Deaths,2021-08-09,11.7649911150239,20.4136956521739,0.576328329543356,,3,invscore_mean
weighted.mean_ensemble,BG,Cases,2021-08-16,1807.17096699109,1100.30858695652,1.64242194272951,,3,invscore_mean
weighted.mean_ensemble,BG,Deaths,2021-08-16,21.3755313529969,15.2673913043478,1.40007751991721,,3,invscore_mean
weighted.mean_ensemble,BG,Cases,2021-08-23,2474.88642687806,1858.0675,1.33196798656564,,3,invscore_mean
weighted.mean_ensemble,BG,Deaths,2021-08-23,27.2520913891253,25.1067391304348,1.08544925916285,,3,invscore_mean
weighted.mean_ensemble,BG,Cases,2021-08-30,1648.93272462815,2363.34521739131,0.697711325664166,,3,invscore_mean
weighted.mean_ensemble,BG,Deaths,2021-08-30,32.7975997530439,34.3169565217391,0.955725771668219,,3,invscore_mean
weighted.mean_ensemble,BG,Cases,2021-09-06,655.224256835814,847.94347826087,0.77272161840277,,3,invscore_mean
weighted.mean_ensemble,BG,Deaths,2021-09-06,31.0730954507167,37.445,0.829832967037435,,3,invscore_mean
weighted.mean_ensemble,BG,Cases,2021-09-13,620.608095875827,727.256956521739,0.853354636639046,,3,invscore_mean
weighted.mean_ensemble,BG,Deaths,2021-09-13,39.5524813345531,39.7345652173913,0.99541749401706,,3,invscore_mean
weighted.mean_ensemble,BG,Cases,2021-09-20,657.294196934158,1004.70434782609,0.654216534800877,,3,invscore_mean
weighted.mean_ensemble,BG,Deaths,2021-09-20,33.9502429361247,30.9934782608696,1.09539957569035,,3,invscore_mean
weighted.mean_ensemble,BG,Cases,2021-09-27,1483.77535236838,1457.47869565217,1.01804256679336,,3,invscore_mean
weighted.mean_ensemble,BG,Deaths,2021-09-27,104.035525026664,69.5777173913044,1.49524199596214,,3,invscore_mean
weighted.mean_ensemble,BG,Cases,2021-10-04,2312.74008716987,1464.18445652174,1.57954148254239,,3,invscore_mean
weighted.mean_ensemble,BG,Deaths,2021-10-04,95.6360173673879,60.405,1.58324670751408,,3,invscore_mean
weighted.mean_ensemble,BG,Cases,2021-10-11,4605.06440481345,4724.4102173913,0.974738473780594,,3,invscore_mean
weighted.mean_ensemble,BG,Deaths,2021-10-11,52.0758191617824,47.5152173913044,1.09598191949581,,3,invscore_mean
weighted.mean_ensemble,BG,Cases,2021-10-18,2339.7557860442,3443.81532608696,0.679408029902332,,3,invscore_mean
weighted.mean_ensemble,BG,Deaths,2021-10-18,49.166656885854,92.1163043478261,0.533745434469488,,3,invscore_mean
weighted.mean_ensemble,BG,Cases,2021-10-25,5279.75225790396,3290.81673913043,1.60438963225253,,3,invscore_mean
weighted.mean_ensemble,BG,Deaths,2021-10-25,72.2345736072763,64.4039130434783,1.12158672033657,,3,invscore_mean
weighted.mean_ensemble,BG,Cases,2021-11-01,12039.8242344052,14691.2065217391,0.81952589915535,,3,invscore_mean
weighted.mean_ensemble,BG,Deaths,2021-11-01,87.5288042196192,68.4388043478261,1.27893532117791,,3,invscore_mean
weighted.mean_ensemble,BG,Cases,2021-11-08,3258.66673457758,4417.89641304348,0.737605962185223,,3,invscore_mean
weighted.mean_ensemble,BG,Deaths,2021-11-08,109.015058334711,78.1615217391304,1.39474073571081,,3,invscore_mean
weighted.mean_ensemble,BG,Cases,2021-11-15,969.348118115798,1479.92358695652,0.654998762543729,,3,invscore_mean
weighted.mean_ensemble,BG,Deaths,2021-11-15,220.498584740143,152.63,1.44466084478899,,3,invscore_mean
weighted.mean_ensemble,BG,Cases,2021-11-22,1203.95195461648,1099.11369565217,1.09538436230849,,3,invscore_mean
weighted.mean_ensemble,BG,Deaths,2021-11-22,44.559872845986,44.6870652173913,0.997153709450676,,3,invscore_mean
weighted.mean_ensemble,BG,Cases,2021-11-29,561.279433055649,706.92347826087,0.793974808187832,,3,invscore_mean
weighted.mean_ensemble,BG,Deaths,2021-11-29,40.4399804912994,38.7463043478261,1.04371194032518,,3,invscore_mean
weighted.mean_ensemble,BG,Cases,2021-12-06,680.252912227425,604.848043478261,1.12466745914484,,3,invscore_mean
weighted.mean_ensemble,BG,Deaths,2021-12-06,34.3073733020933,35.134347826087,0.976462505349833,,3,invscore_mean
weighted.mean_ensemble,BG,Cases,2021-12-13,595.490663655839,615.849347826087,0.9669421032236,,3,invscore_mean
weighted.mean_ensemble,BG,Deaths,2021-12-13,26.8368212652759,24.0080434782609,1.11782625225485,,3,invscore_mean
weighted.mean_ensemble,BG,Cases,2021-12-20,2099.68535457797,2228.67086956522,0.942124466762374,,3,invscore_mean
weighted.mean_ensemble,BG,Deaths,2021-12-20,20.224093311267,28.6515217391304,0.705864543440505,,3,invscore_mean
weighted.mean_ensemble,BG,Cases,2021-12-27,11795.2751404195,11828.9622826087,0.997152147298776,,3,invscore_mean
weighted.mean_ensemble,BG,Deaths,2021-12-27,68.3034865034099,54.5884782608696,1.25124364480355,,3,invscore_mean
weighted.mean_ensemble,BG,Cases,2022-01-03,13446.1801599838,17021.8747826087,0.789935323324185,,3,invscore_mean
weighted.mean_ensemble,BG,Deaths,2022-01-03,53.4917056082038,48.7539130434783,1.09717768829141,,3,invscore_mean
weighted.mean_ensemble,BG,Cases,2022-01-10,6769.30288086287,3292.21739130435,2.05615306532991,,3,invscore_mean
weighted.mean_ensemble,BG,Deaths,2022-01-10,229.507931926082,40.555652173913,5.65908620928824,,3,invscore_mean
weighted.mean_ensemble,BG,Cases,2022-01-17,11070.2331038803,7432.25913043478,1.48948427518467,,3,invscore_mean
weighted.mean_ensemble,BG,Deaths,2022-01-17,88.9590245905487,71.1966304347826,1.24948363493181,,3,invscore_mean
weighted.mean_ensemble,BG,Cases,2022-01-24,28297.3380276742,20358.1676086957,1.38997470556179,,3,invscore_mean
weighted.mean_ensemble,BG,Deaths,2022-01-24,97.5214616998971,123.314565217391,0.790834898764606,,3,invscore_mean
weighted.mean_ensemble,BG,Cases,2022-01-31,20746.5414323315,15346.3782608696,1.35188518617656,,3,invscore_mean
weighted.mean_ensemble,BG,Deaths,2022-01-31,94.2219532362008,33.9117391304348,2.77844651003579,,3,invscore_mean
weighted.mean_ensemble,BG,Cases,2022-02-07,11219.2450980416,5832.33239130435,1.92362923532424,,3,invscore_mean
weighted.mean_ensemble,BG,Deaths,2022-02-07,44.4266675302116,40.3839130434783,1.10010804258569,,3,invscore_mean
weighted.mean_ensemble,BG,Cases,2022-02-14,4560.42177401964,3073.72413043478,1.48367959533654,,3,invscore_mean
weighted.mean_ensemble,BG,Deaths,2022-02-14,46.8559279214846,45.7489130434783,1.02419762141571,,3,invscore_mean
weighted.mean_ensemble,BG,Cases,2022-02-21,2523.16477057011,2220.32086956522,1.13639645744725,,3,invscore_mean
weighted.mean_ensemble,BG,Deaths,2022-02-21,92.8877821831314,52.2360869565218,1.77823010097303,,3,invscore_mean
weighted.mean_ensemble,BG,Cases,2022-02-28,1297.59415414928,1281.79391304348,1.01232666261325,,3,invscore_mean
weighted.mean_ensemble,BG,Deaths,2022-02-28,35.3713994179522,31.7948913043478,1.11248687971188,,3,invscore_mean
weighted.mean_ensemble,BG,Cases,2022-03-07,2269.96189210854,1935.49630434783,1.17280611025161,,3,invscore_mean
weighted.mean_ensemble,BG,Deaths,2022-03-07,20.9822417083959,21.4938043478261,0.976199530285484,,3,invscore_mean
weighted.mean_ensemble,CY,Cases,2021-04-12,533.687273201377,558.194891304348,0.956094872087233,,3,invscore_mean
weighted.mean_ensemble,CY,Deaths,2021-04-12,1.72942760276319,1.60913043478261,1.07475911547024,,3,invscore_mean
weighted.mean_ensemble,CY,Cases,2021-04-19,4333.73554023353,814.831086956522,5.31856922202181,,3,invscore_mean
weighted.mean_ensemble,CY,Deaths,2021-04-19,3.78774964982395,3.20130434782609,1.18318948724638,,3,invscore_mean
weighted.mean_ensemble,CY,Cases,2021-04-26,2446.68719082407,1449.78434782609,1.68762146900869,,3,invscore_mean
weighted.mean_ensemble,CY,Deaths,2021-04-26,1.61940644928781,1.69282608695652,0.956628954247325,,3,invscore_mean
weighted.mean_ensemble,CY,Cases,2021-05-03,1723.34023326325,1530.84423913044,1.12574499038659,,3,invscore_mean
weighted.mean_ensemble,CY,Deaths,2021-05-03,2.16176834668749,2.0329347826087,1.06337319090654,,3,invscore_mean
weighted.mean_ensemble,CY,Cases,2021-05-10,603.472455278213,723.55347826087,0.83403987875052,,3,invscore_mean
weighted.mean_ensemble,CY,Deaths,2021-05-10,4.19533509571397,4.43760869565217,0.945404469714606,,3,invscore_mean
weighted.mean_ensemble,CY,Cases,2021-05-17,273.914940610639,267.632826086957,1.02347288490554,,3,invscore_mean
weighted.mean_ensemble,CY,Deaths,2021-05-17,2.44778241999831,1.88108695652174,1.30125957841121,,3,invscore_mean
weighted.mean_ensemble,CY,Cases,2021-05-24,66.1507564085577,51.1969565217391,1.2920837663557,,3,invscore_mean
weighted.mean_ensemble,CY,Deaths,2021-05-24,0.971583471748921,1.225,0.793129364692997,,3,invscore_mean
weighted.mean_ensemble,CY,Cases,2021-05-31,69.013198777931,100.844891304348,0.684349974354681,,3,invscore_mean
weighted.mean_ensemble,CY,Deaths,2021-05-31,2.46983439888125,2.1745652173913,1.13578308855881,,3,invscore_mean
weighted.mean_ensemble,CY,Cases,2021-06-07,83.6396271949148,94.0503260869565,0.889307147298817,,3,invscore_mean
weighted.mean_ensemble,CY,Deaths,2021-06-07,2.15863108715567,2.09760869565217,1.02909140853105,,3,invscore_mean
weighted.mean_ensemble,CY,Cases,2021-06-14,184.076964181574,254.005,0.724698191695337,,3,invscore_mean
weighted.mean_ensemble,CY,Deaths,2021-06-14,1.30224557235074,1.4504347826087,0.89783117997803,,3,invscore_mean
weighted.mean_ensemble,CY,Cases,2021-06-21,1159.78365374155,1266.88152173913,0.915463390885548,,3,invscore_mean
weighted.mean_ensemble,CY,Deaths,2021-06-21,1.4119848918066,1.44097826086957,0.979879384824673,,3,invscore_mean
weighted.mean_ensemble,CY,Cases,2021-06-28,1536.66003725494,2422.56413043478,0.63431139673448,,3,invscore_mean
weighted.mean_ensemble,CY,Deaths,2021-06-28,1.56488138800753,1.75032608695652,0.89405134258643,,3,invscore_mean
weighted.mean_ensemble,CY,Cases,2021-07-05,2297.08209599,916.98597826087,2.50503513733829,,3,invscore_mean
weighted.mean_ensemble,CY,Deaths,2021-07-05,2.21813266596725,1.71891304347826,1.29042750264947,,3,invscore_mean
weighted.mean_ensemble,CY,Cases,2021-07-12,3614.82580783255,4974.56815217391,0.726661229126563,,3,invscore_mean
weighted.mean_ensemble,CY,Deaths,2021-07-12,1.48500368662665,2.47478260869565,0.600054195228619,,3,invscore_mean
weighted.mean_ensemble,CY,Cases,2021-07-19,857.352831446985,1005.00880434783,0.85307992102949,,3,invscore_mean
weighted.mean_ensemble,CY,Deaths,2021-07-19,11.5811686950965,6.85902173913043,1.6884577911492,,3,invscore_mean
weighted.mean_ensemble,CY,Cases,2021-07-26,1286.11408361939,1416.13510869565,0.908186002678785,,3,invscore_mean
weighted.mean_ensemble,CY,Deaths,2021-07-26,3.97152137104998,2.7204347826087,1.45988479357759,,3,invscore_mean
weighted.mean_ensemble,CY,Cases,2021-08-02,897.677411655449,739.556304347826,1.21380536732367,,3,invscore_mean
weighted.mean_ensemble,CY,Deaths,2021-08-02,3.01022549722535,2.66478260869565,1.12963267149915,,3,invscore_mean
weighted.mean_ensemble,CY,Cases,2021-08-09,255.033921781076,261.776847826087,0.974241702041235,,3,invscore_mean
weighted.mean_ensemble,CY,Deaths,2021-08-09,4.7193782870137,3.16304347826087,1.49203712166756,,3,invscore_mean
weighted.mean_ensemble,CY,Cases,2021-08-16,244.463562965484,181.02902173913,1.35041089333049,,3,invscore_mean
weighted.mean_ensemble,CY,Deaths,2021-08-16,4.3246813054617,3.93304347826087,1.09957627709064,,3,invscore_mean
weighted.mean_ensemble,CY,Cases,2021-08-23,110.805029892204,157.011956521739,0.705710777362758,,3,invscore_mean
weighted.mean_ensemble,CY,Deaths,2021-08-23,1.73210253827029,1.97532608695652,0.876869165910233,,3,invscore_mean
weighted.mean_ensemble,CY,Cases,2021-08-30,93.1888131883895,123.23152173913,0.756209222066262,,3,invscore_mean
weighted.mean_ensemble,CY,Deaths,2021-08-30,2.01917860275943,1.52760869565217,1.32179046146199,,3,invscore_mean
weighted.mean_ensemble,CY,Cases,2021-09-06,97.5884808296392,92.6039130434783,1.05382675118513,,3,invscore_mean
weighted.mean_ensemble,CY,Deaths,2021-09-06,1.94824372204981,1.72978260869565,1.12629397026884,,3,invscore_mean
weighted.mean_ensemble,CY,Cases,2021-09-13,58.4580880099855,82.9198913043478,0.704994749636391,,3,invscore_mean
weighted.mean_ensemble,CY,Deaths,2021-09-13,3.20933125232757,2.02586956521739,1.5841746711779,,3,invscore_mean
weighted.mean_ensemble,CY,Cases,2021-09-20,190.309124257374,367.058260869565,0.518471165330893,,3,invscore_mean
weighted.mean_ensemble,CY,Deaths,2021-09-20,0.821439644860464,1.48434782608696,0.553401049554501,,3,invscore_mean
weighted.mean_ensemble,CY,Cases,2021-09-27,79.1329075685576,85.8021739130435,0.922271592427892,,3,invscore_mean
weighted.mean_ensemble,CY,Deaths,2021-09-27,2.25584686286359,2.16902173913044,1.04002962357028,,3,invscore_mean
weighted.mean_ensemble,CY,Cases,2021-10-04,139.754549747697,192.9325,0.724370179973291,,3,invscore_mean
weighted.mean_ensemble,CY,Deaths,2021-10-04,1.37204786594059,1.09065217391304,1.25800681349945,,3,invscore_mean
weighted.mean_ensemble,CY,Cases,2021-10-11,238.357022577204,344.16597826087,0.692564162738175,,3,invscore_mean
weighted.mean_ensemble,CY,Deaths,2021-10-11,1.70081768696654,1.615,1.05313788666659,,3,invscore_mean
weighted.mean_ensemble,CY,Cases,2021-10-18,96.1121309104792,107.338695652174,0.895409901587831,,3,invscore_mean
weighted.mean_ensemble,CY,Deaths,2021-10-18,1.92817802736325,1.49,1.29407921299547,,3,invscore_mean
weighted.mean_ensemble,CY,Cases,2021-10-25,88.5356497053341,136.483695652174,0.648690301667721,,3,invscore_mean
weighted.mean_ensemble,CY,Deaths,2021-10-25,1.27124840481537,1.3320652173913,0.954343967711253,,3,invscore_mean
weighted.mean_ensemble,CY,Cases,2021-11-01,237.209551851439,221.729347826087,1.06981576492749,,3,invscore_mean
weighted.mean_ensemble,CY,Deaths,2021-11-01,2.11785631835414,2.04032608695652,1.03799894139141,,3,invscore_mean
weighted.mean_ensemble,CY,Cases,2021-11-08,505.472703287157,385.429673913043,1.31145248406898,,3,invscore_mean
weighted.mean_ensemble,CY,Deaths,2021-11-08,2.67676612036172,2.19739130434783,1.21815632703442,,3,invscore_mean
weighted.mean_ensemble,CY,Cases,2021-11-15,375.015884409482,487.856195652174,0.7687016947856,,3,invscore_mean
weighted.mean_ensemble,CY,Deaths,2021-11-15,3.238560904915,3.05260869565217,1.06091583553689,,3,invscore_mean
weighted.mean_ensemble,CY,Cases,2021-11-22,677.876431036256,629.334239130435,1.07713260917266,,3,invscore_mean
weighted.mean_ensemble,CY,Deaths,2021-11-22,2.35723711876617,2.69858695652174,0.873507934613474,,3,invscore_mean
weighted.mean_ensemble,CY,Cases,2021-11-29,547.548041310701,673.852826086957,0.812563248402914,,3,invscore_mean
weighted.mean_ensemble,CY,Deaths,2021-11-29,2.56747928975683,1.87260869565217,1.37107090003267,,3,invscore_mean
weighted.mean_ensemble,CY,Cases,2021-12-06,906.761544022827,575.838913043479,1.57467917412932,,3,invscore_mean
weighted.mean_ensemble,CY,Deaths,2021-12-06,1.06043414132052,1.24652173913043,0.850714518673597,,3,invscore_mean
weighted.mean_ensemble,CY,Cases,2021-12-13,379.062353602492,274.644456521739,1.3801929898865,,3,invscore_mean
weighted.mean_ensemble,CY,Deaths,2021-12-13,1.6063977433156,1.78695652173913,0.898957374604839,,3,invscore_mean
weighted.mean_ensemble,CY,Cases,2021-12-20,7300.41764312999,7403.9452173913,0.986017241994426,,3,invscore_mean
weighted.mean_ensemble,CY,Deaths,2021-12-20,2.11813612363565,2.04934782608696,1.03356594555256,,3,invscore_mean
weighted.mean_ensemble,CY,Cases,2021-12-27,19446.54443547,19029.8844565217,1.0218950346178,,3,invscore_mean
weighted.mean_ensemble,CY,Deaths,2021-12-27,1.42607758846037,1.46195652173913,0.975458276121592,,3,invscore_mean
weighted.mean_ensemble,CY,Cases,2022-01-03,3451.03981430883,3513.09652173913,0.982335609896769,,3,invscore_mean
weighted.mean_ensemble,CY,Deaths,2022-01-03,1.50606469620072,2.74978260869565,0.547703186222097,,3,invscore_mean
weighted.mean_ensemble,CY,Cases,2022-01-10,31668.6022388249,33893.9617391304,0.934343482257007,,3,invscore_mean
weighted.mean_ensemble,CY,Deaths,2022-01-10,2.59548293412289,4.33152173913043,0.599208105242926,,3,invscore_mean
weighted.mean_ensemble,CY,Cases,2022-01-17,11609.8144929906,10458.2430434783,1.11011136810695,,3,invscore_mean
weighted.mean_ensemble,CY,Deaths,2022-01-17,6.66024676746008,5.76652173913044,1.15498511386249,,3,invscore_mean
weighted.mean_ensemble,CY,Cases,2022-01-24,4602.47527610823,4801.90913043478,0.958467799179595,,3,invscore_mean
weighted.mean_ensemble,CY,Deaths,2022-01-24,23.8112817534651,17.3097826086957,1.37559681087522,,3,invscore_mean
weighted.mean_ensemble,CY,Cases,2022-01-31,5124.7278660369,4976.19304347826,1.02984908769834,,3,invscore_mean
weighted.mean_ensemble,CY,Deaths,2022-01-31,10.8375220502288,10.3089130434783,1.05127689064028,,3,invscore_mean
weighted.mean_ensemble,CY,Cases,2022-02-07,2559.10901930456,2270.26413043478,1.12722964037425,,3,invscore_mean
weighted.mean_ensemble,CY,Deaths,2022-02-07,14.0780269236077,14.3141304347826,0.983505563802799,,3,invscore_mean
weighted.mean_ensemble,CY,Cases,2022-02-14,2052.51967015124,1243.3327173913,1.65082092785086,,3,invscore_mean
weighted.mean_ensemble,CY,Deaths,2022-02-14,6.26676306329423,4.2495652173913,1.47468334822762,,3,invscore_mean
weighted.mean_ensemble,CY,Cases,2022-02-21,1267.54435623268,1551.9222826087,0.816757624036435,,3,invscore_mean
weighted.mean_ensemble,CY,Deaths,2022-02-21,6.39377694488126,5.48434782608696,1.16582265524234,,3,invscore_mean
weighted.mean_ensemble,CY,Cases,2022-02-28,2786.57383855674,2954.81826086957,0.943060991418364,,3,invscore_mean
weighted.mean_ensemble,CY,Deaths,2022-02-28,9.72337878012345,6.97467391304348,1.39409797523861,,3,invscore_mean
weighted.mean_ensemble,CY,Cases,2022-03-07,7630.99358185289,6249.02565217391,1.22114934497,,3,invscore_mean
weighted.mean_ensemble,CY,Deaths,2022-03-07,5.20409441399588,4.05369565217391,1.28379011660755,,3,invscore_mean
weighted.mean_ensemble,EE,Cases,2021-04-12,224.561539300588,273.697826086957,0.820472498854423,,3,invscore_mean
weighted.mean_ensemble,EE,Deaths,2021-04-12,10.1181893027807,3.70108695652174,2.73384263100095,,3,invscore_mean
weighted.mean_ensemble,EE,Cases,2021-04-19,336.424476446673,244.897717391304,1.373734635138,,3,invscore_mean
weighted.mean_ensemble,EE,Deaths,2021-04-19,8.85190568656532,4.72673913043478,1.87272989735549,,3,invscore_mean
weighted.mean_ensemble,EE,Cases,2021-04-26,247.403115712177,305.358695652174,0.810204913876063,,3,invscore_mean
weighted.mean_ensemble,EE,Deaths,2021-04-26,4.63078090155707,5.68282608695652,0.814872887309686,,3,invscore_mean
weighted.mean_ensemble,EE,Cases,2021-05-03,170.290631214986,152.48152173913,1.11679519769171,,3,invscore_mean
weighted.mean_ensemble,EE,Deaths,2021-05-03,1.68604825735247,1.98065217391304,0.851259135530828,,3,invscore_mean
weighted.mean_ensemble,EE,Cases,2021-05-10,239.565134831357,368.149347826087,0.650728125001398,,3,invscore_mean
weighted.mean_ensemble,EE,Deaths,2021-05-10,2.10142468960318,2.36869565217391,0.887165342527042,,3,invscore_mean
weighted.mean_ensemble,EE,Cases,2021-05-17,351.758482118925,259.183260869565,1.35718055610061,,3,invscore_mean
weighted.mean_ensemble,EE,Deaths,2021-05-17,2.72191986975872,2.93326086956522,0.927950151996599,,3,invscore_mean
weighted.mean_ensemble,EE,Cases,2021-05-24,404.418916386204,359.328695652174,1.12548460860381,,3,invscore_mean
weighted.mean_ensemble,EE,Deaths,2021-05-24,2.61396675487391,2.81347826086957,0.929087240953483,,3,invscore_mean
weighted.mean_ensemble,EE,Cases,2021-05-31,47.4705549331726,119.441739130435,0.397436903370378,,3,invscore_mean
weighted.mean_ensemble,EE,Deaths,2021-05-31,1.5724973711368,1.68521739130435,0.933112475132777,,3,invscore_mean
weighted.mean_ensemble,EE,Cases,2021-06-07,43.0167130719737,56.4732608695652,0.761718243459117,,3,invscore_mean
weighted.mean_ensemble,EE,Deaths,2021-06-07,1.92131597134725,2.86804347826087,0.669904757689484,,3,invscore_mean
weighted.mean_ensemble,EE,Cases,2021-06-14,25.8413771109842,48.2286956521739,0.535809164265038,,3,invscore_mean
weighted.mean_ensemble,EE,Deaths,2021-06-14,1.1082509916354,1.165,0.951288404837257,,3,invscore_mean
weighted.mean_ensemble,EE,Cases,2021-06-21,37.8751464092322,36.8902173913044,1.02669892149131,,3,invscore_mean
weighted.mean_ensemble,EE,Deaths,2021-06-21,0.618371697102033,0.670652173913044,0.922045318207246,,3,invscore_mean
weighted.mean_ensemble,EE,Cases,2021-06-28,95.255593484738,82.371847826087,1.15640957437124,,3,invscore_mean
weighted.mean_ensemble,EE,Deaths,2021-06-28,0.525724917615687,0.527608695652174,0.996429592514281,,3,invscore_mean
weighted.mean_ensemble,EE,Cases,2021-07-05,47.8710326923879,88.3663043478261,0.541734013272284,,3,invscore_mean
weighted.mean_ensemble,EE,Deaths,2021-07-05,0.3391400895277,0.260869565217391,1.30003700985618,,3,invscore_mean
weighted.mean_ensemble,EE,Cases,2021-07-12,44.6443291451471,62.7116304347826,0.711898715367883,,3,invscore_mean
weighted.mean_ensemble,EE,Deaths,2021-07-12,0.457780621942745,0.338913043478261,1.35073179020951,,3,invscore_mean
weighted.mean_ensemble,EE,Cases,2021-07-19,235.487533302116,268.162282608696,0.8781530758587,,3,invscore_mean
weighted.mean_ensemble,EE,Deaths,2021-07-19,0.501869262180131,0.388695652173913,1.29116253133591,,3,invscore_mean
weighted.mean_ensemble,EE,Cases,2021-07-26,272.720369737159,267.874130434783,1.01809147936201,,3,invscore_mean
weighted.mean_ensemble,EE,Deaths,2021-07-26,1.31161894604201,1.18695652173913,1.10502695087789,,3,invscore_mean
weighted.mean_ensemble,EE,Cases,2021-08-02,758.556868612944,117.463695652174,6.45779842360089,,3,invscore_mean
weighted.mean_ensemble,EE,Deaths,2021-08-02,1.38697794147612,1.44782608695652,0.957972752370896,,3,invscore_mean
weighted.mean_ensemble,EE,Cases,2021-08-09,321.249379235764,134.623586956522,2.3862785600826,,3,invscore_mean
weighted.mean_ensemble,EE,Deaths,2021-08-09,1.93825916542988,1.35434782608696,1.43113838859991,,3,invscore_mean
weighted.mean_ensemble,EE,Cases,2021-08-16,231.301104034455,212.408586956522,1.08894422465981,,3,invscore_mean
weighted.mean_ensemble,EE,Deaths,2021-08-16,1.01813661717637,0.813695652173913,1.25124991691458,,3,invscore_mean
weighted.mean_ensemble,EE,Cases,2021-08-23,191.464986429403,95.4896739130435,2.00508577088406,,3,invscore_mean
weighted.mean_ensemble,EE,Deaths,2021-08-23,3.19850653832975,2.74260869565217,1.16622781200989,,3,invscore_mean
weighted.mean_ensemble,EE,Cases,2021-08-30,94.2280463983281,152.798152173913,0.616683153936828,,3,invscore_mean
weighted.mean_ensemble,EE,Deaths,2021-08-30,4.85354793851,3.58152173913044,1.35516361257335,,3,invscore_mean
weighted.mean_ensemble,EE,Cases,2021-09-06,129.343944227735,136.84652173913,0.945175241459934,,3,invscore_mean
weighted.mean_ensemble,EE,Deaths,2021-09-06,2.53313894494551,1.88652173913043,1.34275629715941,,3,invscore_mean
weighted.mean_ensemble,EE,Cases,2021-09-13,201.655718594791,173.324130434783,1.16346014884909,,3,invscore_mean
weighted.mean_ensemble,EE,Deaths,2021-09-13,2.3652105211079,1.81326086956522,1.30439616318143,,3,invscore_mean
weighted.mean_ensemble,EE,Cases,2021-09-20,532.636556496253,513.850869565217,1.03655863606289,,3,invscore_mean
weighted.mean_ensemble,EE,Deaths,2021-09-20,1.6529379433003,1.66478260869565,0.992885157897802,,3,invscore_mean
weighted.mean_ensemble,EE,Cases,2021-09-27,720.737078758899,636.005,1.13322549155887,,3,invscore_mean
weighted.mean_ensemble,EE,Deaths,2021-09-27,4.57612482417952,4.95782608695652,0.923010356538884,,3,invscore_mean
weighted.mean_ensemble,EE,Cases,2021-10-04,345.397935440326,489.49347826087,0.705623161042915,,3,invscore_mean
weighted.mean_ensemble,EE,Deaths,2021-10-04,8.20459682609088,6.50478260869565,1.26131760577562,,3,invscore_mean
weighted.mean_ensemble,EE,Cases,2021-10-11,239.913528662382,317.334347826087,0.75602761032936,,3,invscore_mean
weighted.mean_ensemble,EE,Deaths,2021-10-11,3.61221464839593,2.59304347826087,1.39304052503532,,3,invscore_mean
weighted.mean_ensemble,EE,Cases,2021-10-18,376.057010398804,413.002934782609,0.910543191652494,,3,invscore_mean
weighted.mean_ensemble,EE,Deaths,2021-10-18,6.35505851053515,8.24086956521739,0.771163584163282,,3,invscore_mean
weighted.mean_ensemble,EE,Cases,2021-10-25,705.735794861037,1000.25717391304,0.705554344689348,,3,invscore_mean
weighted.mean_ensemble,EE,Deaths,2021-10-25,18.877554519619,22.6473913043478,0.833542118203916,,3,invscore_mean
weighted.mean_ensemble,EE,Cases,2021-11-01,4305.29489463323,3865.77260869565,1.11369584567621,,3,invscore_mean
weighted.mean_ensemble,EE,Deaths,2021-11-01,8.17168876411097,9.2620652173913,0.882275018833495,,3,invscore_mean
weighted.mean_ensemble,EE,Cases,2021-11-08,7495.51450476149,6659.08076086957,1.12560798913974,,3,invscore_mean
weighted.mean_ensemble,EE,Deaths,2021-11-08,16.2217997232067,19.0521739130435,0.851440880040516,,3,invscore_mean
weighted.mean_ensemble,EE,Cases,2021-11-15,1160.55172416172,2250.32902173913,0.515725350804392,,3,invscore_mean
weighted.mean_ensemble,EE,Deaths,2021-11-15,7.42044538410613,12.4347826086957,0.596749104316228,,3,invscore_mean
weighted.mean_ensemble,EE,Cases,2021-11-22,239.0413102959,468.238586956522,0.510511771038844,,3,invscore_mean
weighted.mean_ensemble,EE,Deaths,2021-11-22,9.09229288755329,9.80728260869565,0.927096041822185,,3,invscore_mean
weighted.mean_ensemble,EE,Cases,2021-11-29,337.966426004054,195.393260869565,1.72967288892151,,3,invscore_mean
weighted.mean_ensemble,EE,Deaths,2021-11-29,11.0574230176774,9.91021739130435,1.11575988508382,,3,invscore_mean
weighted.mean_ensemble,EE,Cases,2021-12-06,515.696845354926,513.211086956522,1.0048435399421,,3,invscore_mean
weighted.mean_ensemble,EE,Deaths,2021-12-06,3.50875225493989,4.67195652173913,0.751024166987272,,3,invscore_mean
weighted.mean_ensemble,EE,Cases,2021-12-13,1097.25284273324,861.46347826087,1.27370790570064,,3,invscore_mean
weighted.mean_ensemble,EE,Deaths,2021-12-13,4.40251023703575,4.01423913043478,1.09672346215182,,3,invscore_mean
weighted.mean_ensemble,EE,Cases,2021-12-20,453.816320578373,1014.47108695652,0.447342784248145,,3,invscore_mean
weighted.mean_ensemble,EE,Deaths,2021-12-20,2.39678920947104,2.52217391304348,0.950287050815961,,3,invscore_mean
weighted.mean_ensemble,EE,Cases,2021-12-27,1495.21660276939,1896.84445652174,0.788265267417435,,3,invscore_mean
weighted.mean_ensemble,EE,Deaths,2021-12-27,5.34041300358725,5.22717391304348,1.02166353988361,,3,invscore_mean
weighted.mean_ensemble,EE,Cases,2022-01-03,2103.12618396279,3256.21,0.645881618188872,,3,invscore_mean
weighted.mean_ensemble,EE,Deaths,2022-01-03,8.68037584405383,5.34956521739131,1.6226320254652,,3,invscore_mean
weighted.mean_ensemble,EE,Cases,2022-01-10,2789.57976736089,4529.21891304348,0.615907471225847,,3,invscore_mean
weighted.mean_ensemble,EE,Deaths,2022-01-10,2.4392362027205,2.14282608695652,1.13832672542501,,3,invscore_mean
weighted.mean_ensemble,EE,Cases,2022-01-17,7496.60772387273,7728.11130434783,0.970043963996112,,3,invscore_mean
weighted.mean_ensemble,EE,Deaths,2022-01-17,2.26122242107918,2.14630434782609,1.05354230091808,,3,invscore_mean
weighted.mean_ensemble,EE,Cases,2022-01-24,5540.8997251221,3872.50173913044,1.43083208178657,,3,invscore_mean
weighted.mean_ensemble,EE,Deaths,2022-01-24,7.57768895813473,8.75152173913044,0.865871008952971,,3,invscore_mean
weighted.mean_ensemble,EE,Cases,2022-01-31,8147.11003484265,7326.48434782609,1.11200811303993,,3,invscore_mean
weighted.mean_ensemble,EE,Deaths,2022-01-31,8.17230407367052,4.42195652173913,1.84811949947812,,3,invscore_mean
weighted.mean_ensemble,EE,Cases,2022-02-07,19248.7450859448,13227.7641304348,1.4551775263105,,3,invscore_mean
weighted.mean_ensemble,EE,Deaths,2022-02-07,14.7320685052464,9.44869565217391,1.55916425373029,,3,invscore_mean
weighted.mean_ensemble,EE,Cases,2022-02-14,4716.93867757316,1941.79543478261,2.42916354270924,,3,invscore_mean
weighted.mean_ensemble,EE,Deaths,2022-02-14,3.29521893996825,4.87532608695652,0.675897136149374,,3,invscore_mean
weighted.mean_ensemble,EE,Cases,2022-02-21,3581.79623552145,3320.16760869565,1.07879982508732,,3,invscore_mean
weighted.mean_ensemble,EE,Deaths,2022-02-21,6.88764902410751,8.32173913043478,0.827669422959628,,3,invscore_mean
weighted.mean_ensemble,EE,Cases,2022-02-28,4966.78133111544,4615.31304347826,1.07615264323919,,3,invscore_mean
weighted.mean_ensemble,EE,Deaths,2022-02-28,7.61135812190795,7.54195652173913,1.00920206845117,,3,invscore_mean
weighted.mean_ensemble,EE,Cases,2022-03-07,3463.38963428096,2641.99130434783,1.31090122385391,,3,invscore_mean
weighted.mean_ensemble,EE,Deaths,2022-03-07,21.2480641499334,13.8522826086957,1.53390345477034,,3,invscore_mean
weighted.mean_ensemble,ES,Cases,2021-04-12,39353.2920364674,4677.57141304348,8.41318893106155,,3,invscore_mean
weighted.mean_ensemble,ES,Cases,2021-04-19,3045.33794458542,6098.5475,0.499354632326044,,3,invscore_mean
weighted.mean_ensemble,ES,Cases,2021-04-26,10546.4366297133,11092.470326087,0.950774382953319,,3,invscore_mean
weighted.mean_ensemble,ES,Cases,2021-05-03,5331.15360113717,6730.95923913043,0.792034747461328,,3,invscore_mean
weighted.mean_ensemble,ES,Cases,2021-05-10,5701.27110318227,3139.80413043478,1.81580470192986,,3,invscore_mean
weighted.mean_ensemble,ES,Cases,2021-05-17,3636.25213710585,2927.15445652174,1.24224812565126,,3,invscore_mean
weighted.mean_ensemble,ES,Cases,2021-05-24,3418.87140158804,3151.22847826087,1.08493288416677,,3,invscore_mean
weighted.mean_ensemble,ES,Cases,2021-05-31,2442.78053708929,3354.11304347826,0.72829403941499,,3,invscore_mean
weighted.mean_ensemble,ES,Cases,2021-06-07,2993.27448996041,3870.93043478261,0.773270029103096,,3,invscore_mean
weighted.mean_ensemble,ES,Cases,2021-06-14,9865.66068192204,3631.37043478261,2.71678719070495,,3,invscore_mean
weighted.mean_ensemble,ES,Cases,2021-06-21,11332.0054537746,12493.6109782609,0.907024036004686,,3,invscore_mean
weighted.mean_ensemble,ES,Cases,2021-06-28,48992.095902869,50533.5809782609,0.969495827417119,,3,invscore_mean
weighted.mean_ensemble,ES,Cases,2021-07-05,48418.4961854519,56978.1810869565,0.849772584203042,,3,invscore_mean
weighted.mean_ensemble,ES,Cases,2021-07-12,38223.0736031085,24402.0073913044,1.56639054280138,,3,invscore_mean
weighted.mean_ensemble,ES,Cases,2021-07-19,121480.360256028,103776.151195652,1.17059997751312,,3,invscore_mean
weighted.mean_ensemble,ES,Cases,2021-07-26,16513.0003946986,45212.9736956522,0.365227036510685,,3,invscore_mean
weighted.mean_ensemble,ES,Cases,2021-08-02,11773.1523998363,25597.9231521739,0.459926077980918,,3,invscore_mean
weighted.mean_ensemble,ES,Cases,2021-08-09,9373.76386332025,11695.437173913,0.801488967358027,,3,invscore_mean
weighted.mean_ensemble,ES,Cases,2021-08-16,4630.61078061369,4669.65608695652,0.991638504931467,,3,invscore_mean
weighted.mean_ensemble,ES,Cases,2021-08-23,4397.38538996591,3058.09086956522,1.43795118507747,,3,invscore_mean
weighted.mean_ensemble,ES,Cases,2021-08-30,3136.6121168835,2742.74934782609,1.14360144479465,,3,invscore_mean
weighted.mean_ensemble,ES,Cases,2021-09-06,2881.36104732312,3376.94804347826,0.853244115759422,,3,invscore_mean
weighted.mean_ensemble,ES,Cases,2021-09-13,1800.05174862227,1141.99956521739,1.57622805073451,,3,invscore_mean
weighted.mean_ensemble,ES,Cases,2021-09-20,1851.92594930116,1453.2222826087,1.27435834934815,,3,invscore_mean
weighted.mean_ensemble,ES,Cases,2021-09-27,1216.35236786974,1204.065,1.0102049041121,,3,invscore_mean
weighted.mean_ensemble,ES,Cases,2021-10-04,725.236114814846,775.489565217391,0.93519777356584,,3,invscore_mean
weighted.mean_ensemble,ES,Cases,2021-10-11,1101.96833195721,1342.99782608696,0.820528753324922,,3,invscore_mean
weighted.mean_ensemble,ES,Cases,2021-10-18,2632.09428838217,2876.34956521739,0.915081504769479,,3,invscore_mean
weighted.mean_ensemble,ES,Cases,2021-10-25,1934.7082046781,1133.20695652174,1.70728585237112,,3,invscore_mean
weighted.mean_ensemble,ES,Cases,2021-11-01,1554.47191612895,1651.86608695652,0.941039911408911,,3,invscore_mean
weighted.mean_ensemble,ES,Cases,2021-11-08,5907.48363027157,6892.46543478261,0.857092964218528,,3,invscore_mean
weighted.mean_ensemble,ES,Cases,2021-11-15,4221.95770398829,4070.59521739131,1.03718436211744,,3,invscore_mean
weighted.mean_ensemble,ES,Cases,2021-11-22,3974.41814166901,3708.60141304348,1.07167573406261,,3,invscore_mean
weighted.mean_ensemble,ES,Cases,2021-11-29,5122.40391871135,7194.1747826087,0.712021055020003,,3,invscore_mean
weighted.mean_ensemble,ES,Cases,2021-12-06,19945.6765461423,12657.6713043478,1.57577772929615,,3,invscore_mean
weighted.mean_ensemble,ES,Cases,2021-12-13,91165.4506788044,87171.2289130435,1.04582041363378,,3,invscore_mean
weighted.mean_ensemble,ES,Cases,2021-12-20,57315.4140143171,121472.859130435,0.471837202356233,,3,invscore_mean
weighted.mean_ensemble,ES,Cases,2021-12-27,146521.779867674,274731.43826087,0.533327313376292,,3,invscore_mean
weighted.mean_ensemble,ES,Cases,2022-01-03,158483.359020275,72019.6129347826,2.20055832796254,,3,invscore_mean
weighted.mean_ensemble,ES,Cases,2022-01-10,239920.72732932,120418.459021739,1.99239160904731,,3,invscore_mean
weighted.mean_ensemble,ES,Cases,2022-01-17,131785.083067494,160101.451304348,0.823134843524774,,3,invscore_mean
weighted.mean_ensemble,ES,Cases,2022-01-24,186322.360578771,165453.560217391,1.12613086314952,,3,invscore_mean
weighted.mean_ensemble,ES,Cases,2022-01-31,206928.060082342,220812.870217391,0.937119561367145,,3,invscore_mean
weighted.mean_ensemble,ES,Cases,2022-02-07,37649.0677587682,29147.8356521739,1.291659120356,,3,invscore_mean
weighted.mean_ensemble,ES,Cases,2022-02-14,36510.6204209576,68830.232826087,0.530444528833845,,3,invscore_mean
weighted.mean_ensemble,ES,Cases,2022-02-21,24454.3798763705,14631.4997826087,1.67135155245243,,3,invscore_mean
weighted.mean_ensemble,ES,Cases,2022-02-28,21056.6591182528,15808.6230434783,1.33197300361587,,3,invscore_mean
weighted.mean_ensemble,ES,Cases,2022-03-07,20495.8731071088,13435.9582608696,1.52544929875231,,3,invscore_mean
weighted.mean_ensemble,FI,Cases,2021-04-12,150.724891774225,209.044239130435,0.721019112515123,,3,invscore_mean
weighted.mean_ensemble,FI,Deaths,2021-04-12,3.69469525287979,3.75282608695652,0.984510117780631,,3,invscore_mean
weighted.mean_ensemble,FI,Cases,2021-04-19,124.383768955313,116.094782608696,1.07139843979515,,3,invscore_mean
weighted.mean_ensemble,FI,Deaths,2021-04-19,2.67503465563853,2.09630434782609,1.27607170133125,,3,invscore_mean
weighted.mean_ensemble,FI,Cases,2021-04-26,103.389999020913,107.260869565217,0.963911624434939,,3,invscore_mean
weighted.mean_ensemble,FI,Deaths,2021-04-26,1.79202557290735,1.7854347826087,1.00369142035478,,3,invscore_mean
weighted.mean_ensemble,FI,Cases,2021-05-03,103.333867115886,107.798043478261,0.958587593815886,,3,invscore_mean
weighted.mean_ensemble,FI,Deaths,2021-05-03,1.86655973805717,1.72826086956522,1.08002198680038,,3,invscore_mean
weighted.mean_ensemble,FI,Cases,2021-05-10,99.5102486438725,83.9113043478261,1.1858980076318,,3,invscore_mean
weighted.mean_ensemble,FI,Deaths,2021-05-10,4.44243227905354,3.72847826086957,1.19148670536099,,3,invscore_mean
weighted.mean_ensemble,FI,Cases,2021-05-17,131.09362038122,139.47152173913,0.939931096660862,,3,invscore_mean
weighted.mean_ensemble,FI,Deaths,2021-05-17,3.81797027663419,3.80565217391304,1.00323679152961,,3,invscore_mean
weighted.mean_ensemble,FI,Cases,2021-05-24,395.089536295254,283.559239130435,1.39332274097941,,3,invscore_mean
weighted.mean_ensemble,FI,Deaths,2021-05-24,1.01307145039795,0.760217391304348,1.33260756986863,,3,invscore_mean
weighted.mean_ensemble,FI,Cases,2021-05-31,161.459338534997,128.258586956522,1.25885792418507,,3,invscore_mean
weighted.mean_ensemble,FI,Deaths,2021-05-31,3.89591141710027,2.8845652173913,1.35060611339673,,3,invscore_mean
weighted.mean_ensemble,FI,Cases,2021-06-07,76.4411191100571,59.8471739130435,1.27727199317923,,3,invscore_mean
weighted.mean_ensemble,FI,Deaths,2021-06-07,2.42339583017643,2.10847826086957,1.149357750161,,3,invscore_mean
weighted.mean_ensemble,FI,Cases,2021-06-14,134.481502323615,141.984782608696,0.947154334801076,,3,invscore_mean
weighted.mean_ensemble,FI,Deaths,2021-06-14,1.26052354598455,1.30847826086957,0.963350774469003,,3,invscore_mean
weighted.mean_ensemble,FI,Cases,2021-06-21,509.268088155101,502.226739130435,1.01402025913008,,3,invscore_mean
weighted.mean_ensemble,FI,Deaths,2021-06-21,1.11604352414758,1.13739130434783,0.981230927193976,,3,invscore_mean
weighted.mean_ensemble,FI,Cases,2021-06-28,538.191728025431,590.951630434783,0.910720438539895,,3,invscore_mean
weighted.mean_ensemble,FI,Deaths,2021-06-28,1.12876894386668,1.18760869565217,0.950455270325231,,3,invscore_mean
weighted.mean_ensemble,FI,Cases,2021-07-05,249.291714634828,260.152934782609,0.958250633778716,,3,invscore_mean
weighted.mean_ensemble,FI,Deaths,2021-07-05,0.747942984542329,1.04565217391304,0.71528850912572,,3,invscore_mean
weighted.mean_ensemble,FI,Cases,2021-07-12,188.095900332356,292.293043478261,0.643518224361524,,3,invscore_mean
weighted.mean_ensemble,FI,Deaths,2021-07-12,0.782765910832826,1.01630434782609,0.770208168947807,,3,invscore_mean
weighted.mean_ensemble,FI,Cases,2021-07-19,670.765454501249,591.302282608696,1.13438671594836,,3,invscore_mean
weighted.mean_ensemble,FI,Deaths,2021-07-19,2.30924485978519,1.65630434782609,1.39421529794092,,3,invscore_mean
weighted.mean_ensemble,FI,Cases,2021-07-26,601.53789842962,594.285760869565,1.01220311513007,,3,invscore_mean
weighted.mean_ensemble,FI,Deaths,2021-07-26,5.18902112037042,4.14565217391304,1.25167787906156,,3,invscore_mean
weighted.mean_ensemble,FI,Cases,2021-08-02,373.227799894288,446.029347826087,0.836778570094933,,3,invscore_mean
weighted.mean_ensemble,FI,Deaths,2021-08-02,3.38689757580758,4.03847826086957,0.838656879405441,,3,invscore_mean
weighted.mean_ensemble,FI,Cases,2021-08-09,1396.05230895202,837.8725,1.66618704988171,,3,invscore_mean
weighted.mean_ensemble,FI,Deaths,2021-08-09,2.36489339357732,1.5445652173913,1.53110620836814,,3,invscore_mean
weighted.mean_ensemble,FI,Cases,2021-08-16,1702.18518607209,1658.03847826087,1.02662586447181,,3,invscore_mean
weighted.mean_ensemble,FI,Deaths,2021-08-16,4.47985672680254,2.09423913043478,2.13913333090691,,3,invscore_mean
weighted.mean_ensemble,FI,Cases,2021-08-23,514.002698926462,462.824347826087,1.1105783464953,,3,invscore_mean
weighted.mean_ensemble,FI,Deaths,2021-08-23,2.34450027679152,1.84510869565217,1.27065699832,,3,invscore_mean
weighted.mean_ensemble,FI,Cases,2021-08-30,220.926909990141,194.869347826087,1.13371811654704,,3,invscore_mean
weighted.mean_ensemble,FI,Deaths,2021-08-30,1.41091100740979,1.45369565217391,0.970568361609845,,3,invscore_mean
weighted.mean_ensemble,FI,Cases,2021-09-06,809.507519954251,225.214782608696,3.59438004280895,,3,invscore_mean
weighted.mean_ensemble,FI,Deaths,2021-09-06,1.53402780617343,1.42608695652174,1.07569022993869,,3,invscore_mean
weighted.mean_ensemble,FI,Cases,2021-09-13,311.455985495913,181.853152173913,1.71267850885563,,3,invscore_mean
weighted.mean_ensemble,FI,Deaths,2021-09-13,4.31603618895702,2.84673913043478,1.51613336916398,,3,invscore_mean
weighted.mean_ensemble,FI,Cases,2021-09-20,555.765179134544,429.046521739131,1.29534945740094,,3,invscore_mean
weighted.mean_ensemble,FI,Deaths,2021-09-20,7.31490558843581,6.90956521739131,1.05866365802935,,3,invscore_mean
weighted.mean_ensemble,FI,Cases,2021-09-27,1350.89183502354,1098.36065217391,1.22991645080312,,3,invscore_mean
weighted.mean_ensemble,FI,Deaths,2021-09-27,13.21063007495,12.8509782608696,1.02798633744293,,3,invscore_mean
weighted.mean_ensemble,FI,Cases,2021-10-04,456.884547806554,716.521630434783,0.637642366119943,,3,invscore_mean
weighted.mean_ensemble,FI,Deaths,2021-10-04,10.1727418651858,13.1778260869565,0.77195903163837,,3,invscore_mean
weighted.mean_ensemble,FI,Cases,2021-10-11,276.009218296403,317.78652173913,0.868536578536764,,3,invscore_mean
weighted.mean_ensemble,FI,Deaths,2021-10-11,6.95812588896359,5.5045652173913,1.26406457443357,,3,invscore_mean
weighted.mean_ensemble,FI,Cases,2021-10-18,225.538970137256,302.571195652174,0.745407934985748,,3,invscore_mean
weighted.mean_ensemble,FI,Deaths,2021-10-18,4.85031381001136,6.83413043478261,0.709719232943737,,3,invscore_mean
weighted.mean_ensemble,FI,Cases,2021-10-25,333.039400011822,427.244347826087,0.779505689674771,,3,invscore_mean
weighted.mean_ensemble,FI,Deaths,2021-10-25,12.2936378299027,14.8923913043478,0.825497905518609,,3,invscore_mean
weighted.mean_ensemble,FI,Cases,2021-11-01,543.972140656898,622.019130434783,0.874526383580307,,3,invscore_mean
weighted.mean_ensemble,FI,Deaths,2021-11-01,14.4541328035869,22.6616304347826,0.63782404559037,,3,invscore_mean
weighted.mean_ensemble,FI,Cases,2021-11-08,746.470297682715,1050.43456521739,0.710629983437598,,3,invscore_mean
weighted.mean_ensemble,FI,Deaths,2021-11-08,8.71890572013752,17.5569565217391,0.496606898202528,,3,invscore_mean
weighted.mean_ensemble,FI,Cases,2021-11-15,780.829930022818,2039.74369565217,0.382807865364261,,3,invscore_mean
weighted.mean_ensemble,FI,Deaths,2021-11-15,9.39713627973531,19.1571739130435,0.490528317088416,,3,invscore_mean
weighted.mean_ensemble,FI,Cases,2021-11-22,313.615353820697,445.942173913044,0.703264620766393,,3,invscore_mean
weighted.mean_ensemble,FI,Deaths,2021-11-22,10.7342572066761,19.199347826087,0.559094887175855,,3,invscore_mean
weighted.mean_ensemble,FI,Cases,2021-11-29,346.318256810882,639.737826086956,0.541344036086134,,3,invscore_mean
weighted.mean_ensemble,FI,Deaths,2021-11-29,7.33839358386179,4.4654347826087,1.64337717179126,,3,invscore_mean
weighted.mean_ensemble,FI,Cases,2021-12-06,478.180773636346,984.363695652174,0.485776523198101,,3,invscore_mean
weighted.mean_ensemble,FI,Deaths,2021-12-06,12.2499124857631,8.15739130434783,1.50169484688494,,3,invscore_mean
weighted.mean_ensemble,FI,Cases,2021-12-13,2581.53712588046,3550.64739130435,0.727060967023291,,3,invscore_mean
weighted.mean_ensemble,FI,Deaths,2021-12-13,10.9326549373203,10.761847826087,1.01587154120683,,3,invscore_mean
weighted.mean_ensemble,FI,Cases,2021-12-20,13446.6617824616,14808.5897826087,0.908031215656566,,3,invscore_mean
weighted.mean_ensemble,FI,Deaths,2021-12-20,14.9429301476886,17.3410869565217,0.861706661477107,,3,invscore_mean
weighted.mean_ensemble,FI,Cases,2021-12-27,18923.3839330796,22744.3039130435,0.832005411351689,,3,invscore_mean
weighted.mean_ensemble,FI,Deaths,2021-12-27,28.1344611687286,20.498152173913,1.37253645743414,,3,invscore_mean
weighted.mean_ensemble,FI,Cases,2022-01-03,6753.66419914867,8961.90032608696,0.75359733465118,,3,invscore_mean
weighted.mean_ensemble,FI,Deaths,2022-01-03,10.8865576877634,10.3911956521739,1.04767132216261,,3,invscore_mean
weighted.mean_ensemble,FI,Cases,2022-01-10,16872.4348399045,12561.1055434783,1.34322849063749,,3,invscore_mean
weighted.mean_ensemble,FI,Deaths,2022-01-10,70.5215958099153,44.3173913043478,1.59128490496228,,3,invscore_mean
weighted.mean_ensemble,FI,Cases,2022-01-17,51208.9064411793,35491.4676086957,1.44285119470892,,3,invscore_mean
weighted.mean_ensemble,FI,Deaths,2022-01-17,48.7558989563767,53.6652173913044,0.908519546298845,,3,invscore_mean
weighted.mean_ensemble,FI,Cases,2022-01-24,12675.305938536,12031.5658695652,1.05350426336436,,3,invscore_mean
weighted.mean_ensemble,FI,Deaths,2022-01-24,26.4811317686655,28.6632608695652,0.923870172663546,,3,invscore_mean
weighted.mean_ensemble,FI,Cases,2022-01-31,16269.4680080122,15841.8608695652,1.02699222913064,,3,invscore_mean
weighted.mean_ensemble,FI,Deaths,2022-01-31,66.6601628762679,58.9355434782609,1.13106894315578,,3,invscore_mean
weighted.mean_ensemble,FI,Cases,2022-02-07,11129.0777585176,8168.30152173913,1.36247146715859,,3,invscore_mean
weighted.mean_ensemble,FI,Deaths,2022-02-07,11.8991708603244,7.41108695652174,1.60559050651176,,3,invscore_mean
weighted.mean_ensemble,FI,Cases,2022-02-14,8924.16551181008,21601.1338043478,0.413134124932546,,3,invscore_mean
weighted.mean_ensemble,FI,Deaths,2022-02-14,11.7646156815395,9.83173913043478,1.19659558959629,,3,invscore_mean
weighted.mean_ensemble,FI,Cases,2022-02-21,3746.0263558065,2633.15652173913,1.42263717514687,,3,invscore_mean
weighted.mean_ensemble,FI,Deaths,2022-02-21,35.9440177386773,35.5267391304348,1.01174548012162,,3,invscore_mean
weighted.mean_ensemble,FI,Cases,2022-02-28,13941.9591590755,15383.8452173913,0.906272714140039,,3,invscore_mean
weighted.mean_ensemble,FI,Deaths,2022-02-28,82.898671264179,88.1783695652174,0.94012479106757,,3,invscore_mean
weighted.mean_ensemble,FI,Cases,2022-03-07,18843.2153450644,17723.1219565217,1.06319955317638,,3,invscore_mean
weighted.mean_ensemble,FI,Deaths,2022-03-07,125.383573865674,123.96,1.01148413896155,,3,invscore_mean
weighted.mean_ensemble,GR,Cases,2021-04-12,2083.83108161793,1388.62836956522,1.50063985965546,,3,invscore_mean
weighted.mean_ensemble,GR,Deaths,2021-04-12,13.6617517434785,21.6976086956522,0.629643198709548,,3,invscore_mean
weighted.mean_ensemble,GR,Cases,2021-04-19,1623.60515696342,1782.85826086957,0.910675398374926,,3,invscore_mean
weighted.mean_ensemble,GR,Deaths,2021-04-19,32.5460778642152,25.9010869565217,1.25655258865575,,3,invscore_mean
weighted.mean_ensemble,GR,Cases,2021-04-26,1694.68933866944,1541.33934782609,1.09949138783724,,3,invscore_mean
weighted.mean_ensemble,GR,Deaths,2021-04-26,17.5641426274085,20.7698913043478,0.845654046525115,,3,invscore_mean
weighted.mean_ensemble,GR,Cases,2021-05-03,2107.86844809836,1712.455,1.23090443141476,,3,invscore_mean
weighted.mean_ensemble,GR,Deaths,2021-05-03,48.8059241428236,31.9015217391304,1.52989329292584,,3,invscore_mean
weighted.mean_ensemble,GR,Cases,2021-05-10,1119.95851425742,921.599565217391,1.21523333617594,,3,invscore_mean
weighted.mean_ensemble,GR,Deaths,2021-05-10,33.3007164910441,31.8434782608696,1.04576253317042,,3,invscore_mean
weighted.mean_ensemble,GR,Cases,2021-05-17,1072.0027977437,980.159021739131,1.09370293387864,,3,invscore_mean
weighted.mean_ensemble,GR,Deaths,2021-05-17,23.001456714084,18.774347826087,1.2251534342047,,3,invscore_mean
weighted.mean_ensemble,GR,Cases,2021-05-24,1668.81874634639,1396.54130434783,1.19496554892497,,3,invscore_mean
weighted.mean_ensemble,GR,Deaths,2021-05-24,29.2993123183991,27.175652173913,1.0781456919928,,3,invscore_mean
weighted.mean_ensemble,GR,Cases,2021-05-31,1713.63539938743,1684.56630434783,1.01725612993954,,3,invscore_mean
weighted.mean_ensemble,GR,Deaths,2021-05-31,16.1941972012786,27.1958695652174,0.595465321027661,,3,invscore_mean
weighted.mean_ensemble,GR,Cases,2021-06-07,1593.66596103075,1222.67163043478,1.3034292457281,,3,invscore_mean
weighted.mean_ensemble,GR,Deaths,2021-06-07,24.4649061996604,23.3186956521739,1.04915414500809,,3,invscore_mean
weighted.mean_ensemble,GR,Cases,2021-06-14,1225.81799481107,675.93847826087,1.8135052733867,,3,invscore_mean
weighted.mean_ensemble,GR,Deaths,2021-06-14,8.97429594799755,6.9245652173913,1.29600858194797,,3,invscore_mean
weighted.mean_ensemble,GR,Cases,2021-06-21,958.380996385864,1027.99195652174,0.932284528400974,,3,invscore_mean
weighted.mean_ensemble,GR,Deaths,2021-06-21,11.041863001092,8.3054347826087,1.32947440924024,,3,invscore_mean
weighted.mean_ensemble,GR,Cases,2021-06-28,6215.58001133595,5843.85576086957,1.0636094157141,,3,invscore_mean
weighted.mean_ensemble,GR,Deaths,2021-06-28,7.5469371343554,4.50673913043478,1.67458930191669,,3,invscore_mean
weighted.mean_ensemble,GR,Cases,2021-07-05,6847.49878500097,8765.34163043478,0.781201586168104,,3,invscore_mean
weighted.mean_ensemble,GR,Deaths,2021-07-05,4.07161589669313,4.87717391304348,0.834830983944212,,3,invscore_mean
weighted.mean_ensemble,GR,Cases,2021-07-12,12100.5572522596,1800.63163043478,6.72017365891647,,3,invscore_mean
weighted.mean_ensemble,GR,Deaths,2021-07-12,29.3191003200043,22.3554347826087,1.31149765616784,,3,invscore_mean
weighted.mean_ensemble,GR,Cases,2021-07-19,2959.6718659864,5493.16565217391,0.538791664659723,,3,invscore_mean
weighted.mean_ensemble,GR,Deaths,2021-07-19,6.11254750720471,28.6952173913044,0.213016246709357,,3,invscore_mean
weighted.mean_ensemble,GR,Cases,2021-07-26,1017.32741629414,1112.8727173913,0.914145346899031,,3,invscore_mean
weighted.mean_ensemble,GR,Deaths,2021-07-26,14.3140659179614,7.39826086956522,1.93478794142638,,3,invscore_mean
weighted.mean_ensemble,GR,Cases,2021-08-02,1315.78576441849,1443.62195652174,0.911447597810676,,3,invscore_mean
weighted.mean_ensemble,GR,Deaths,2021-08-02,17.9454041017678,21.7563043478261,0.824836967477012,,3,invscore_mean
weighted.mean_ensemble,GR,Cases,2021-08-09,1975.19766739827,1932.97336956522,1.02184422118684,,3,invscore_mean
weighted.mean_ensemble,GR,Deaths,2021-08-09,23.3293738889256,23.8134782608696,0.979670992761297,,3,invscore_mean
weighted.mean_ensemble,GR,Cases,2021-08-16,718.257194299059,1788.5625,0.401583503119997,,3,invscore_mean
weighted.mean_ensemble,GR,Deaths,2021-08-16,20.6234175242941,25.1284782608696,0.820718919394699,,3,invscore_mean
weighted.mean_ensemble,GR,Cases,2021-08-23,1528.26663112862,1429.32847826087,1.06922002490857,,3,invscore_mean
weighted.mean_ensemble,GR,Deaths,2021-08-23,31.7326216003791,39.8929347826087,0.795444651372525,,3,invscore_mean
weighted.mean_ensemble,GR,Cases,2021-08-30,2484.78052349978,2282.15608695652,1.08878640584723,,3,invscore_mean
weighted.mean_ensemble,GR,Deaths,2021-08-30,15.7262433022315,22.0273913043478,0.713940342955065,,3,invscore_mean
weighted.mean_ensemble,GR,Cases,2021-09-06,913.672674695044,981.088369565217,0.931284788443624,,3,invscore_mean
weighted.mean_ensemble,GR,Deaths,2021-09-06,32.5649356831395,22.5154347826087,1.4463383007062,,3,invscore_mean
weighted.mean_ensemble,GR,Cases,2021-09-13,1001.834425668,962.352391304348,1.04102658726721,,3,invscore_mean
weighted.mean_ensemble,GR,Deaths,2021-09-13,48.4598358564925,25.3213043478261,1.913796982605,,3,invscore_mean
weighted.mean_ensemble,GR,Cases,2021-09-20,890.873886726524,1297.98173913044,0.686353174215959,,3,invscore_mean
weighted.mean_ensemble,GR,Deaths,2021-09-20,43.7544908621169,27.545,1.58847307540813,,3,invscore_mean
weighted.mean_ensemble,GR,Cases,2021-09-27,2372.98981385865,1164.67152173913,2.03747560540951,,3,invscore_mean
weighted.mean_ensemble,GR,Deaths,2021-09-27,19.0747368686939,12.55,1.51989935208717,,3,invscore_mean
weighted.mean_ensemble,GR,Cases,2021-10-04,843.504105844132,970.334891304348,0.869291739793333,,3,invscore_mean
weighted.mean_ensemble,GR,Deaths,2021-10-04,16.0854289235374,13.9602173913043,1.15223341246511,,3,invscore_mean
weighted.mean_ensemble,GR,Cases,2021-10-11,2122.33969790349,2652.40630434783,0.800156331412932,,3,invscore_mean
weighted.mean_ensemble,GR,Deaths,2021-10-11,25.9631585400321,21.8876086956522,1.18620352278088,,3,invscore_mean
weighted.mean_ensemble,GR,Cases,2021-10-18,2942.60186268669,3332.76945652174,0.8829299179181,,3,invscore_mean
weighted.mean_ensemble,GR,Deaths,2021-10-18,22.7115664724003,23.2465217391304,0.97698772862739,,3,invscore_mean
weighted.mean_ensemble,GR,Cases,2021-10-25,3906.02285242816,4434.23108695652,0.880879407462072,,3,invscore_mean
weighted.mean_ensemble,GR,Deaths,2021-10-25,42.2651451238711,35.104347826087,1.20398605133643,,3,invscore_mean
weighted.mean_ensemble,GR,Cases,2021-11-01,9587.63738638421,9923.03521739131,0.96620007652303,,3,invscore_mean
weighted.mean_ensemble,GR,Deaths,2021-11-01,29.5324800855367,36.3886956521739,0.811583915175931,,3,invscore_mean
weighted.mean_ensemble,GR,Cases,2021-11-08,8557.53138644477,5441.12565217391,1.57275018690769,,3,invscore_mean
weighted.mean_ensemble,GR,Deaths,2021-11-08,28.8486102726957,34.01,0.84823905535712,,3,invscore_mean
weighted.mean_ensemble,GR,Cases,2021-11-15,16849.5771852485,11145.087826087,1.51183888796365,,3,invscore_mean
weighted.mean_ensemble,GR,Deaths,2021-11-15,25.2177116173595,23.3719565217391,1.07897306731268,,3,invscore_mean
weighted.mean_ensemble,GR,Cases,2021-11-22,3204.78641487718,3078.87391304348,1.04089563437472,,3,invscore_mean
weighted.mean_ensemble,GR,Deaths,2021-11-22,40.7788259076281,25.8558695652174,1.57715932951974,,3,invscore_mean
weighted.mean_ensemble,GR,Cases,2021-11-29,1933.29863839459,2632.72043478261,0.734334953629143,,3,invscore_mean
weighted.mean_ensemble,GR,Deaths,2021-11-29,57.6770500299021,31.8163043478261,1.81281425395476,,3,invscore_mean
weighted.mean_ensemble,GR,Cases,2021-12-06,1393.63125436508,2010.02652173913,0.693339734223643,,3,invscore_mean
weighted.mean_ensemble,GR,Deaths,2021-12-06,19.3100256928911,26.8580434782609,0.718966208708421,,3,invscore_mean
weighted.mean_ensemble,GR,Cases,2021-12-13,3831.00850179687,3581.72032608696,1.06960012312917,,3,invscore_mean
weighted.mean_ensemble,GR,Deaths,2021-12-13,22.4878704875093,24.3965217391304,0.921765435580115,,3,invscore_mean
weighted.mean_ensemble,GR,Cases,2021-12-20,74977.952952128,74183.9517391305,1.0107031398892,,3,invscore_mean
weighted.mean_ensemble,GR,Deaths,2021-12-20,34.1647810480581,34.8697826086957,0.979781876802934,,3,invscore_mean
weighted.mean_ensemble,GR,Cases,2021-12-27,114937.052854081,154579.566521739,0.743546223089694,,3,invscore_mean
weighted.mean_ensemble,GR,Deaths,2021-12-27,38.6513490426615,21.9325,1.76228651739024,,3,invscore_mean
weighted.mean_ensemble,GR,Cases,2022-01-03,22466.2372725949,24053.2235869565,0.934021886562338,,3,invscore_mean
weighted.mean_ensemble,GR,Deaths,2022-01-03,96.4473442012969,72.5613043478261,1.32918426795323,,3,invscore_mean
weighted.mean_ensemble,GR,Cases,2022-01-10,110144.093131001,161973.621195652,0.680012537337515,,3,invscore_mean
weighted.mean_ensemble,GR,Deaths,2022-01-10,37.9592979140296,94.8382608695652,0.400252994582392,,3,invscore_mean
weighted.mean_ensemble,GR,Cases,2022-01-17,13478.9770958147,21643.532826087,0.622771578194873,,3,invscore_mean
weighted.mean_ensemble,GR,Deaths,2022-01-17,26.0259318074335,32.474347826087,0.801430468960076,,3,invscore_mean
weighted.mean_ensemble,GR,Cases,2022-01-24,19012.0972004926,12226.0306521739,1.55505067354891,,3,invscore_mean
weighted.mean_ensemble,GR,Deaths,2022-01-24,33.8278331082694,32.8991304347826,1.02822879088941,,3,invscore_mean
weighted.mean_ensemble,GR,Cases,2022-01-31,25754.0678348975,13484.5958695652,1.90988799990844,,3,invscore_mean
weighted.mean_ensemble,GR,Deaths,2022-01-31,31.6783837873884,39.8863043478261,0.794217070379322,,3,invscore_mean
weighted.mean_ensemble,GR,Cases,2022-02-07,19078.9146131724,10099.1695652174,1.88915677570978,,3,invscore_mean
weighted.mean_ensemble,GR,Deaths,2022-02-07,21.0951577905912,46.0630434782609,0.457962744049835,,3,invscore_mean
weighted.mean_ensemble,GR,Cases,2022-02-14,9905.45025037488,5738.83847826087,1.72603747045634,,3,invscore_mean
weighted.mean_ensemble,GR,Deaths,2022-02-14,53.4963072265469,47.7080434782609,1.1213267894946,,3,invscore_mean
weighted.mean_ensemble,GR,Cases,2022-02-21,10381.2475008896,6698.41760869565,1.54980595527712,,3,invscore_mean
weighted.mean_ensemble,GR,Deaths,2022-02-21,40.0568672993198,36.3473913043478,1.10205618235189,,3,invscore_mean
weighted.mean_ensemble,GR,Cases,2022-02-28,13337.3401012115,14889.1393478261,0.895776430701404,,3,invscore_mean
weighted.mean_ensemble,GR,Deaths,2022-02-28,23.7551961954768,22.2659782608696,1.06688311275433,,3,invscore_mean
weighted.mean_ensemble,GR,Cases,2022-03-07,35075.8030362932,26797.6067391304,1.30891550793134,,3,invscore_mean
weighted.mean_ensemble,GR,Deaths,2022-03-07,28.6837283927487,23.9353260869565,1.19838469250602,,3,invscore_mean
weighted.mean_ensemble,HR,Cases,2021-04-12,1709.53170838483,1222.92347826087,1.39790570610025,,3,invscore_mean
weighted.mean_ensemble,HR,Deaths,2021-04-12,36.3682017826842,27.8619565217391,1.30529963874964,,3,invscore_mean
weighted.mean_ensemble,HR,Cases,2021-04-19,2088.68865845419,1983.29826086957,1.05313895527666,,3,invscore_mean
weighted.mean_ensemble,HR,Deaths,2021-04-19,19.3672350051269,15.0309782608696,1.28848799253113,,3,invscore_mean
weighted.mean_ensemble,HR,Cases,2021-04-26,2054.1629244436,2102.65402173913,0.976938147315638,,3,invscore_mean
weighted.mean_ensemble,HR,Deaths,2021-04-26,13.6565956939647,10.63,1.28472207845388,,3,invscore_mean
weighted.mean_ensemble,HR,Cases,2021-05-03,2663.70004290036,2546.85380434783,1.04587865952614,,3,invscore_mean
weighted.mean_ensemble,HR,Deaths,2021-05-03,19.0050301652478,16.2044565217391,1.17282737250408,,3,invscore_mean
weighted.mean_ensemble,HR,Cases,2021-05-10,1338.3791635552,1341.38695652174,0.997757699259028,,3,invscore_mean
weighted.mean_ensemble,HR,Deaths,2021-05-10,13.4754529090098,15.8482608695652,0.850279599756452,,3,invscore_mean
weighted.mean_ensemble,HR,Cases,2021-05-17,1044.58666201308,964.465326086957,1.08307331923605,,3,invscore_mean
weighted.mean_ensemble,HR,Deaths,2021-05-17,16.7090053660062,22.0904347826087,0.756390968780789,,3,invscore_mean
weighted.mean_ensemble,HR,Cases,2021-05-24,221.070286305131,237.883260869565,0.92932258241721,,3,invscore_mean
weighted.mean_ensemble,HR,Deaths,2021-05-24,13.253771796965,23.2976086956522,0.56888979337345,,3,invscore_mean
weighted.mean_ensemble,HR,Cases,2021-05-31,119.8617443028,141.495652173913,0.847105493782076,,3,invscore_mean
weighted.mean_ensemble,HR,Deaths,2021-05-31,3.32317891504271,4.99478260869565,0.665330040442047,,3,invscore_mean
weighted.mean_ensemble,HR,Cases,2021-06-07,125.116377930117,108.318695652174,1.15507648219734,,3,invscore_mean
weighted.mean_ensemble,HR,Deaths,2021-06-07,2.18326064520394,4.26304347826087,0.512136612337488,,3,invscore_mean
weighted.mean_ensemble,HR,Cases,2021-06-14,66.8840839874049,68.3436956521739,0.978643067940055,,3,invscore_mean
weighted.mean_ensemble,HR,Deaths,2021-06-14,2.25173126280983,2.40804347826087,0.935087461309492,,3,invscore_mean
weighted.mean_ensemble,HR,Cases,2021-06-21,91.545138645493,87.5440217391304,1.04570405639217,,3,invscore_mean
weighted.mean_ensemble,HR,Deaths,2021-06-21,1.97462599589321,2.20978260869565,0.893583824998405,,3,invscore_mean
weighted.mean_ensemble,HR,Cases,2021-06-28,126.299353673381,123.123152173913,1.02579694755525,,3,invscore_mean
weighted.mean_ensemble,HR,Deaths,2021-06-28,1.19695010703123,1.47260869565217,0.812809343422445,,3,invscore_mean
weighted.mean_ensemble,HR,Cases,2021-07-05,64.6822433102722,82.8646739130435,0.780576815859415,,3,invscore_mean
weighted.mean_ensemble,HR,Deaths,2021-07-05,2.04630836185276,1.1654347826087,1.75583258058622,,3,invscore_mean
weighted.mean_ensemble,HR,Cases,2021-07-12,133.400645638891,168.344782608696,0.792425185810304,,3,invscore_mean
weighted.mean_ensemble,HR,Deaths,2021-07-12,0.911522558377188,1.26239130434783,0.722060232225773,,3,invscore_mean
weighted.mean_ensemble,HR,Cases,2021-07-19,112.901412060053,115.569891304348,0.976910255654149,,3,invscore_mean
weighted.mean_ensemble,HR,Deaths,2021-07-19,1.65740305370897,2.15478260869565,0.769174137112718,,3,invscore_mean
weighted.mean_ensemble,HR,Cases,2021-07-26,217.341996530434,156.669130434783,1.38726752313793,,3,invscore_mean
weighted.mean_ensemble,HR,Deaths,2021-07-26,2.52983469462768,2.27782608695652,1.11063557885926,,3,invscore_mean
weighted.mean_ensemble,HR,Cases,2021-08-02,149.632679923165,164.940326086957,0.907192822234865,,3,invscore_mean
weighted.mean_ensemble,HR,Deaths,2021-08-02,3.78924350366686,2.70978260869565,1.39835700897453,,3,invscore_mean
weighted.mean_ensemble,HR,Cases,2021-08-09,354.424797140716,351.571739130435,1.00811515173927,,3,invscore_mean
weighted.mean_ensemble,HR,Deaths,2021-08-09,1.81014873443325,1.83130434782609,0.988447789457853,,3,invscore_mean
weighted.mean_ensemble,HR,Cases,2021-08-16,373.178909882574,256.264565217391,1.45622516935185,,3,invscore_mean
weighted.mean_ensemble,HR,Deaths,2021-08-16,2.775822336433,3.74739130434783,0.740734583338658,,3,invscore_mean
weighted.mean_ensemble,HR,Cases,2021-08-23,247.749106940958,228.02652173913,1.08649250557087,,3,invscore_mean
weighted.mean_ensemble,HR,Deaths,2021-08-23,3.52454053722189,4.70195652173913,0.749590201637649,,3,invscore_mean
weighted.mean_ensemble,HR,Cases,2021-08-30,317.239752519596,289.008043478261,1.09768485576236,,3,invscore_mean
weighted.mean_ensemble,HR,Deaths,2021-08-30,11.4232548555516,10.0080434782609,1.14140739699671,,3,invscore_mean
weighted.mean_ensemble,HR,Cases,2021-09-06,412.861465884527,347.620760869565,1.18767781547846,,3,invscore_mean
weighted.mean_ensemble,HR,Deaths,2021-09-06,8.61024586728569,6.80891304347826,1.2645551224263,,3,invscore_mean
weighted.mean_ensemble,HR,Cases,2021-09-13,580.236479789754,539.377717391304,1.07575166915694,,3,invscore_mean
weighted.mean_ensemble,HR,Deaths,2021-09-13,8.38648007355758,6.34934782608696,1.32084117979816,,3,invscore_mean
weighted.mean_ensemble,HR,Cases,2021-09-20,2051.58207996456,1074.30304347826,1.90968655671139,,3,invscore_mean
weighted.mean_ensemble,HR,Deaths,2021-09-20,9.49279523732568,6.04597826086957,1.57010078894336,,3,invscore_mean
weighted.mean_ensemble,HR,Cases,2021-09-27,947.69630440442,398.247173913044,2.37966862411771,,3,invscore_mean
weighted.mean_ensemble,HR,Deaths,2021-09-27,14.3256753376788,11.3503260869565,1.2621377771817,,3,invscore_mean
weighted.mean_ensemble,HR,Cases,2021-10-04,594.462985119908,520.362608695652,1.14240142390322,,3,invscore_mean
weighted.mean_ensemble,HR,Deaths,2021-10-04,6.60966781141146,7.2995652173913,0.90548787695791,,3,invscore_mean
weighted.mean_ensemble,HR,Cases,2021-10-11,2505.61488637084,2157.38989130435,1.16141032108756,,3,invscore_mean
weighted.mean_ensemble,HR,Deaths,2021-10-11,13.8586572370284,11.480652173913,1.20713153112667,,3,invscore_mean
weighted.mean_ensemble,HR,Cases,2021-10-18,6936.50650434863,6768.55934782609,1.02481283651247,,3,invscore_mean
weighted.mean_ensemble,HR,Deaths,2021-10-18,23.4111356263745,20.5063043478261,1.14165552355397,,3,invscore_mean
weighted.mean_ensemble,HR,Cases,2021-10-25,5036.32749453244,3724.87,1.35208141345401,,3,invscore_mean
weighted.mean_ensemble,HR,Deaths,2021-10-25,38.3582802375254,30.1055434782609,1.27412681538946,,3,invscore_mean
weighted.mean_ensemble,HR,Cases,2021-11-01,1600.61206516831,1997.93260869565,0.801134161483688,,3,invscore_mean
weighted.mean_ensemble,HR,Deaths,2021-11-01,38.0556127804665,46.0848913043478,0.825771998227025,,3,invscore_mean
weighted.mean_ensemble,HR,Cases,2021-11-08,4621.61366351156,5459.54836956522,0.846519409787665,,3,invscore_mean
weighted.mean_ensemble,HR,Deaths,2021-11-08,30.1045968975741,31.4271739130435,0.95791613273504,,3,invscore_mean
weighted.mean_ensemble,HR,Cases,2021-11-15,12390.4645384348,13103.9532608696,0.945551643215538,,3,invscore_mean
weighted.mean_ensemble,HR,Deaths,2021-11-15,72.4894825607945,70.6534782608696,1.02598604265661,,3,invscore_mean
weighted.mean_ensemble,HR,Cases,2021-11-22,1604.8626924542,1523.97010869565,1.05308016430046,,3,invscore_mean
weighted.mean_ensemble,HR,Deaths,2021-11-22,35.6500989641939,24.8413043478261,1.43511381145788,,3,invscore_mean
weighted.mean_ensemble,HR,Cases,2021-11-29,4235.43945003148,2798.81434782609,1.51329774814155,,3,invscore_mean
weighted.mean_ensemble,HR,Deaths,2021-11-29,26.3873563035006,21.7067391304348,1.21562967818152,,3,invscore_mean
weighted.mean_ensemble,HR,Cases,2021-12-06,1005.47914950166,1327.74565217391,0.757282953896624,,3,invscore_mean
weighted.mean_ensemble,HR,Deaths,2021-12-06,14.3579529353029,19.0063043478261,0.75543107552864,,3,invscore_mean
weighted.mean_ensemble,HR,Cases,2021-12-13,1163.71217685005,1155.22510869565,1.00734667909355,,3,invscore_mean
weighted.mean_ensemble,HR,Deaths,2021-12-13,13.1646813743067,14.4001086956522,0.914207083609135,,3,invscore_mean
weighted.mean_ensemble,HR,Cases,2021-12-20,4343.92818700571,3483.44173913044,1.24702191462231,,3,invscore_mean
weighted.mean_ensemble,HR,Deaths,2021-12-20,20.5990977295891,13.6815217391304,1.50561451586732,,3,invscore_mean
weighted.mean_ensemble,HR,Cases,2021-12-27,11281.4981604807,11857.4988043478,0.951423090706453,,3,invscore_mean
weighted.mean_ensemble,HR,Deaths,2021-12-27,9.05220178563615,9.60619565217391,0.942329524965235,,3,invscore_mean
weighted.mean_ensemble,HR,Cases,2022-01-03,9510.72408429063,14001.4510869565,0.679267029197469,,3,invscore_mean
weighted.mean_ensemble,HR,Deaths,2022-01-03,13.1755834131447,12.180652173913,1.08168127822929,,3,invscore_mean
weighted.mean_ensemble,HR,Cases,2022-01-10,5297.53736468323,5600.04804347826,0.94598069937144,,3,invscore_mean
weighted.mean_ensemble,HR,Deaths,2022-01-10,21.7869558560922,23.2376086956522,0.937573058460557,,3,invscore_mean
weighted.mean_ensemble,HR,Cases,2022-01-17,4700.21960890738,9045.81608695652,0.519601500154838,,3,invscore_mean
weighted.mean_ensemble,HR,Deaths,2022-01-17,58.4082283468687,62.714347826087,0.931337570612078,,3,invscore_mean
weighted.mean_ensemble,HR,Cases,2022-01-24,3802.3870975871,9776.1702173913,0.388944444811615,,3,invscore_mean
weighted.mean_ensemble,HR,Deaths,2022-01-24,20.8342263725131,18.8045652173913,1.10793448993145,,3,invscore_mean
weighted.mean_ensemble,HR,Cases,2022-01-31,6268.53020796477,13344.4182608696,0.469749230383932,,3,invscore_mean
weighted.mean_ensemble,HR,Deaths,2022-01-31,32.048530000642,35.2195652173913,0.90996381706656,,3,invscore_mean
weighted.mean_ensemble,HR,Cases,2022-02-07,12163.8270787518,8100.40434782609,1.50163208605953,,3,invscore_mean
weighted.mean_ensemble,HR,Deaths,2022-02-07,17.2391519062727,21.4280434782609,0.804513576975057,,3,invscore_mean
weighted.mean_ensemble,HR,Cases,2022-02-14,2921.89957040284,4470.07619565217,0.653657665443115,,3,invscore_mean
weighted.mean_ensemble,HR,Deaths,2022-02-14,25.1607330052239,23.9008695652174,1.05271203361739,,3,invscore_mean
weighted.mean_ensemble,HR,Cases,2022-02-21,1371.56506572905,1541.69315217391,0.889648542445057,,3,invscore_mean
weighted.mean_ensemble,HR,Deaths,2022-02-21,72.4248009220626,55.4126086956522,1.30700940863203,,3,invscore_mean
weighted.mean_ensemble,HR,Cases,2022-02-28,1225.18059827406,1215.17847826087,1.00823098844501,,3,invscore_mean
weighted.mean_ensemble,HR,Deaths,2022-02-28,22.3844497797008,15.405652173913,1.45300241281607,,3,invscore_mean
weighted.mean_ensemble,HR,Cases,2022-03-07,3380.92417485729,3190.88282608696,1.05955760807531,,3,invscore_mean
weighted.mean_ensemble,HR,Deaths,2022-03-07,10.4261965507608,9.77521739130435,1.0665948524107,,3,invscore_mean
weighted.mean_ensemble,HU,Cases,2021-04-12,1944.64021886989,4191.88326086957,0.463906100874214,,3,invscore_mean
weighted.mean_ensemble,HU,Deaths,2021-04-12,103.611384174678,73.4808695652174,1.41004570016307,,3,invscore_mean
weighted.mean_ensemble,HU,Cases,2021-04-19,2052.79743046687,3081.28869565217,0.666213923207993,,3,invscore_mean
weighted.mean_ensemble,HU,Deaths,2021-04-19,52.8211360218916,49.4619565217391,1.06791440809011,,3,invscore_mean
weighted.mean_ensemble,HU,Cases,2021-04-26,933.620142873323,2150.27543478261,0.434186303657286,,3,invscore_mean
weighted.mean_ensemble,HU,Deaths,2021-04-26,65.2838052903967,58.0798913043478,1.12403456384412,,3,invscore_mean
weighted.mean_ensemble,HU,Cases,2021-05-03,860.834323403017,2422.65043478261,0.355327500428374,,3,invscore_mean
weighted.mean_ensemble,HU,Deaths,2021-05-03,54.1898116801828,54.014347826087,1.00324846751202,,3,invscore_mean
weighted.mean_ensemble,HU,Cases,2021-05-10,501.599463107181,931.261086956522,0.538623883390717,,3,invscore_mean
weighted.mean_ensemble,HU,Deaths,2021-05-10,34.2309381164378,30.9880434782609,1.10464986730937,,3,invscore_mean
weighted.mean_ensemble,HU,Cases,2021-05-17,678.247543202424,446.562391304348,1.51881922080665,,3,invscore_mean
weighted.mean_ensemble,HU,Deaths,2021-05-17,58.8407123575386,51.2630434782609,1.14781933270293,,3,invscore_mean
weighted.mean_ensemble,HU,Cases,2021-05-24,344.947337048762,341.003260869565,1.01156609520138,,3,invscore_mean
weighted.mean_ensemble,HU,Deaths,2021-05-24,26.72759981033,23.180652173913,1.1530132806362,,3,invscore_mean
weighted.mean_ensemble,HU,Cases,2021-05-31,165.653440063715,200.712934782609,0.825325185161254,,3,invscore_mean
weighted.mean_ensemble,HU,Deaths,2021-05-31,19.3996144892821,13.840652173913,1.40164020058582,,3,invscore_mean
weighted.mean_ensemble,HU,Cases,2021-06-07,234.056570681507,150.28847826087,1.55738199887309,,3,invscore_mean
weighted.mean_ensemble,HU,Deaths,2021-06-07,14.4037051879982,13.1495652173913,1.09537501429692,,3,invscore_mean
weighted.mean_ensemble,HU,Cases,2021-06-14,96.7166378876299,64.4995652173913,1.49949286575271,,3,invscore_mean
weighted.mean_ensemble,HU,Deaths,2021-06-14,8.85630885516893,4.045,2.18944594688972,,3,invscore_mean
weighted.mean_ensemble,HU,Cases,2021-06-21,65.6909307082604,47.6444565217391,1.37877384913158,,3,invscore_mean
weighted.mean_ensemble,HU,Deaths,2021-06-21,3.94587701930349,2.93521739130435,1.34432189962939,,3,invscore_mean
weighted.mean_ensemble,HU,Cases,2021-06-28,26.4052264273441,40.5029347826087,0.651933657871184,,3,invscore_mean
weighted.mean_ensemble,HU,Deaths,2021-06-28,3.43121634202298,2.59304347826087,1.32323903196728,,3,invscore_mean
weighted.mean_ensemble,HU,Cases,2021-07-05,65.9853547011796,56.0541304347826,1.17717203334287,,3,invscore_mean
weighted.mean_ensemble,HU,Deaths,2021-07-05,2.40570380901895,2.20739130434783,1.08984021287051,,3,invscore_mean
weighted.mean_ensemble,HU,Cases,2021-07-12,140.220013346607,128.35,1.09248159989565,,3,invscore_mean
weighted.mean_ensemble,HU,Deaths,2021-07-12,1.62087828026391,1.81163043478261,0.894706916567348,,3,invscore_mean
weighted.mean_ensemble,HU,Cases,2021-07-19,115.570955636484,80.7253260869565,1.43165672086591,,3,invscore_mean
weighted.mean_ensemble,HU,Deaths,2021-07-19,1.28932886918005,1.87086956521739,0.689160213598446,,3,invscore_mean
weighted.mean_ensemble,HU,Cases,2021-07-26,54.1859088915668,104.024782608696,0.520894228593536,,3,invscore_mean
weighted.mean_ensemble,HU,Deaths,2021-07-26,1.1638911348068,1.42717391304348,0.815521587221828,,3,invscore_mean
weighted.mean_ensemble,HU,Cases,2021-08-02,85.3373803277478,104.167934782609,0.819228877925256,,3,invscore_mean
weighted.mean_ensemble,HU,Deaths,2021-08-02,1.25186615755223,1.63826086956522,0.764143355193769,,3,invscore_mean
weighted.mean_ensemble,HU,Cases,2021-08-09,89.783648923666,75.1431521739131,1.19483474310299,,3,invscore_mean
weighted.mean_ensemble,HU,Deaths,2021-08-09,1.05369072151579,1.56673913043478,0.672537438458808,,3,invscore_mean
weighted.mean_ensemble,HU,Cases,2021-08-16,135.372688568502,152.563369565217,0.887321045374743,,3,invscore_mean
weighted.mean_ensemble,HU,Deaths,2021-08-16,2.17123698051855,2.54684782608696,0.852519321444695,,3,invscore_mean
weighted.mean_ensemble,HU,Cases,2021-08-23,323.59276454221,366.666304347826,0.882526593540605,,3,invscore_mean
weighted.mean_ensemble,HU,Deaths,2021-08-23,2.04976284431534,2.36673913043478,0.8660704586985,,3,invscore_mean
weighted.mean_ensemble,HU,Cases,2021-08-30,234.996061459456,266.910326086957,0.880430760790038,,3,invscore_mean
weighted.mean_ensemble,HU,Deaths,2021-08-30,5.09834607029125,5.03391304347826,1.01279978939971,,3,invscore_mean
weighted.mean_ensemble,HU,Cases,2021-09-06,258.895798545345,179.569347826087,1.44175941874047,,3,invscore_mean
weighted.mean_ensemble,HU,Deaths,2021-09-06,12.0175213645636,12.3632608695652,0.972034926007854,,3,invscore_mean
weighted.mean_ensemble,HU,Cases,2021-09-13,214.475710455687,225.4975,0.951122342623252,,3,invscore_mean
weighted.mean_ensemble,HU,Deaths,2021-09-13,6.08782110791768,5.61673913043478,1.08387108009526,,3,invscore_mean
weighted.mean_ensemble,HU,Cases,2021-09-20,537.946833294898,408.636521739131,1.31644335412173,,3,invscore_mean
weighted.mean_ensemble,HU,Deaths,2021-09-20,9.55568456234159,6.78782608695652,1.40776803057812,,3,invscore_mean
weighted.mean_ensemble,HU,Cases,2021-09-27,561.506493559406,405.69,1.38407772821466,,3,invscore_mean
weighted.mean_ensemble,HU,Deaths,2021-09-27,6.66125690528011,14.6775,0.453841383429065,,3,invscore_mean
weighted.mean_ensemble,HU,Cases,2021-10-04,341.877076322882,395.511413043478,0.864392442413032,,3,invscore_mean
weighted.mean_ensemble,HU,Deaths,2021-10-04,10.1243577235599,9.93391304347826,1.01917116439898,,3,invscore_mean
weighted.mean_ensemble,HU,Cases,2021-10-11,1898.26951709944,2240.96532608696,0.847076701723932,,3,invscore_mean
weighted.mean_ensemble,HU,Deaths,2021-10-11,18.0261180872681,20.3578260869565,0.885463801992965,,3,invscore_mean
weighted.mean_ensemble,HU,Cases,2021-10-18,4688.7475781263,5128.3497826087,0.914279988082486,,3,invscore_mean
weighted.mean_ensemble,HU,Deaths,2021-10-18,38.4067410900199,67.4789130434783,0.569166564157214,,3,invscore_mean
weighted.mean_ensemble,HU,Cases,2021-10-25,2214.74642744011,3181.56869565217,0.696117745458934,,3,invscore_mean
weighted.mean_ensemble,HU,Deaths,2021-10-25,48.7819458771756,93.4075,0.522248704624099,,3,invscore_mean
weighted.mean_ensemble,HU,Cases,2021-11-01,6969.19155645819,1875.75326086957,3.71540953804734,,3,invscore_mean
weighted.mean_ensemble,HU,Deaths,2021-11-01,41.57839237422,103.779891304348,0.400640161129925,,3,invscore_mean
weighted.mean_ensemble,HU,Cases,2021-11-08,3074.97364098946,2934.07880434783,1.04802012694166,,3,invscore_mean
weighted.mean_ensemble,HU,Deaths,2021-11-08,102.336718803204,64.2113043478261,1.59374926023705,,3,invscore_mean
weighted.mean_ensemble,HU,Cases,2021-11-15,16312.5685292063,19425.467173913,0.839751671512583,,3,invscore_mean
weighted.mean_ensemble,HU,Deaths,2021-11-15,278.307055393879,199.906086956522,1.39218900050006,,3,invscore_mean
weighted.mean_ensemble,HU,Cases,2021-11-22,13440.697877816,13798.1334782609,0.974095365796537,,3,invscore_mean
weighted.mean_ensemble,HU,Deaths,2021-11-22,234.138739125791,176.934239130435,1.32330938475501,,3,invscore_mean
weighted.mean_ensemble,HU,Cases,2021-11-29,21994.4788881763,15008.8115217391,1.46543774344284,,3,invscore_mean
weighted.mean_ensemble,HU,Deaths,2021-11-29,65.0422542235737,82.3547826086956,0.789781141583708,,3,invscore_mean
weighted.mean_ensemble,HU,Cases,2021-12-06,11948.6065060238,12871.7663043478,0.92828025490082,,3,invscore_mean
weighted.mean_ensemble,HU,Deaths,2021-12-06,63.704237315357,52.4626086956522,1.21427887211862,,3,invscore_mean
weighted.mean_ensemble,HU,Cases,2021-12-13,5378.73613798796,4926.07141304348,1.0918916286406,,3,invscore_mean
weighted.mean_ensemble,HU,Deaths,2021-12-13,140.656331266954,82.9127173913044,1.69643856446207,,3,invscore_mean
weighted.mean_ensemble,HU,Cases,2021-12-20,2421.24421349252,2314.25391304348,1.04623101201041,,3,invscore_mean
weighted.mean_ensemble,HU,Deaths,2021-12-20,83.8224362521377,95.94,0.873696437900122,,3,invscore_mean
weighted.mean_ensemble,HU,Cases,2021-12-27,14526.7926409994,11870.1457608696,1.22380912026267,,3,invscore_mean
weighted.mean_ensemble,HU,Deaths,2021-12-27,246.405982850411,206.783695652174,1.19161224038129,,3,invscore_mean
weighted.mean_ensemble,HU,Cases,2022-01-03,17383.0745807491,21038.2033695652,0.826262313154374,,3,invscore_mean
weighted.mean_ensemble,HU,Deaths,2022-01-03,56.2727405661062,40.2085869565217,1.3995204712604,,3,invscore_mean
weighted.mean_ensemble,HU,Cases,2022-01-10,9339.00585652874,23128.3639130435,0.403790163958027,,3,invscore_mean
weighted.mean_ensemble,HU,Deaths,2022-01-10,78.8487184405279,58.9489130434783,1.33757713873999,,3,invscore_mean
weighted.mean_ensemble,HU,Cases,2022-01-17,8333.01284199326,15306.3141304348,0.54441668784414,,3,invscore_mean
weighted.mean_ensemble,HU,Deaths,2022-01-17,57.1334867932401,79.9108695652174,0.714965149348198,,3,invscore_mean
weighted.mean_ensemble,HU,Cases,2022-01-24,23973.0867681317,16358.4706521739,1.46548459681015,,3,invscore_mean
weighted.mean_ensemble,HU,Deaths,2022-01-24,212.346733456305,54.3045652173913,3.91029248841679,,3,invscore_mean
weighted.mean_ensemble,HU,Cases,2022-01-31,47003.1634668007,44451.7276086957,1.05739790094471,,3,invscore_mean
weighted.mean_ensemble,HU,Deaths,2022-01-31,94.7147978373393,60.6521739130435,1.5616059858486,,3,invscore_mean
weighted.mean_ensemble,HU,Cases,2022-02-07,29827.0243643915,33566.1923913044,0.888603152144193,,3,invscore_mean
weighted.mean_ensemble,HU,Deaths,2022-02-07,117.189555487785,90.7615217391304,1.29118103401368,,3,invscore_mean
weighted.mean_ensemble,HU,Cases,2022-02-14,10702.4816509054,9983.22010869565,1.07204704838504,,3,invscore_mean
weighted.mean_ensemble,HU,Deaths,2022-02-14,77.757829012014,81.0382608695652,0.959519962270276,,3,invscore_mean
weighted.mean_ensemble,HU,Cases,2022-02-21,3330.26801767293,3140.64869565217,1.06037584601018,,3,invscore_mean
weighted.mean_ensemble,HU,Deaths,2022-02-21,104.58327128932,44.0289130434783,2.37533166412818,,3,invscore_mean
weighted.mean_ensemble,HU,Cases,2022-02-28,1961.08430608766,1563.31934782609,1.25443615139459,,3,invscore_mean
weighted.mean_ensemble,HU,Deaths,2022-02-28,102.730766733,59.8813043478261,1.71557329707248,,3,invscore_mean
weighted.mean_ensemble,HU,Cases,2022-03-07,1246.11569749474,1144.23326086957,1.08903991879046,,3,invscore_mean
weighted.mean_ensemble,HU,Deaths,2022-03-07,40.6939516390832,35.9092391304348,1.13324460847718,,3,invscore_mean
weighted.mean_ensemble,IT,Cases,2021-04-12,11004.5081336811,4765.51576086957,2.30919562244258,,3,invscore_mean
weighted.mean_ensemble,IT,Deaths,2021-04-12,127.151509758372,138.299673913043,0.919391247721375,,3,invscore_mean
weighted.mean_ensemble,IT,Cases,2021-04-19,4517.42678679952,4398.04565217391,1.0271441326596,,3,invscore_mean
weighted.mean_ensemble,IT,Deaths,2021-04-19,156.533457943708,113.670652173913,1.37707891131139,,3,invscore_mean
weighted.mean_ensemble,IT,Cases,2021-04-26,6233.06062243758,6333.66108695652,0.984116538106828,,3,invscore_mean
weighted.mean_ensemble,IT,Deaths,2021-04-26,112.545967704821,96.9521739130435,1.1608400633261,,3,invscore_mean
weighted.mean_ensemble,IT,Cases,2021-05-03,11163.4644309297,11236.1297826087,0.993532884268433,,3,invscore_mean
weighted.mean_ensemble,IT,Deaths,2021-05-03,103.75759737,82.5557608695652,1.25681837678091,,3,invscore_mean
weighted.mean_ensemble,IT,Cases,2021-05-10,6700.99205087782,5100.9325,1.31367981263775,,3,invscore_mean
weighted.mean_ensemble,IT,Deaths,2021-05-10,60.4461313751764,74.8023913043478,0.808077526950172,,3,invscore_mean
weighted.mean_ensemble,IT,Cases,2021-05-17,2141.57620205527,3740.47195652174,0.572541707824144,,3,invscore_mean
weighted.mean_ensemble,IT,Deaths,2021-05-17,45.8495067844531,55.8230434782609,0.821336565110575,,3,invscore_mean
weighted.mean_ensemble,IT,Cases,2021-05-24,1565.65972223714,2749.1552173913,0.569505756653058,,3,invscore_mean
weighted.mean_ensemble,IT,Deaths,2021-05-24,84.9186716788177,71.6563043478261,1.18508304958926,,3,invscore_mean
weighted.mean_ensemble,IT,Cases,2021-05-31,969.978582978683,1069.54652173913,0.906906397490269,,3,invscore_mean
weighted.mean_ensemble,IT,Deaths,2021-05-31,49.2495213034068,62.4839130434783,0.788195215449095,,3,invscore_mean
weighted.mean_ensemble,IT,Cases,2021-06-07,761.289986033636,826.654565217391,0.920928787024159,,3,invscore_mean
weighted.mean_ensemble,IT,Deaths,2021-06-07,47.558286734506,50.6771739130435,0.938455779245126,,3,invscore_mean
weighted.mean_ensemble,IT,Cases,2021-06-14,590.810280354123,958.276956521739,0.616533953293199,,3,invscore_mean
weighted.mean_ensemble,IT,Deaths,2021-06-14,15.425612054267,34.5145652173913,0.446930504762502,,3,invscore_mean
weighted.mean_ensemble,IT,Cases,2021-06-21,556.207979148182,579.883043478261,0.959172690775591,,3,invscore_mean
weighted.mean_ensemble,IT,Deaths,2021-06-21,15.9658978049355,17.5623913043478,0.909095892937025,,3,invscore_mean
weighted.mean_ensemble,IT,Cases,2021-06-28,1830.40212942092,2090.73630434783,0.87548206132666,,3,invscore_mean
weighted.mean_ensemble,IT,Deaths,2021-06-28,21.2241738317779,18.514347826087,1.14636356792826,,3,invscore_mean
weighted.mean_ensemble,IT,Cases,2021-07-05,3791.57651106144,6201.07652173913,0.611438432951004,,3,invscore_mean
weighted.mean_ensemble,IT,Deaths,2021-07-05,8.08540910706831,8.75934782608696,0.923060628211208,,3,invscore_mean
weighted.mean_ensemble,IT,Cases,2021-07-12,3645.62429103539,5360.78967391304,0.680053595233537,,3,invscore_mean
weighted.mean_ensemble,IT,Deaths,2021-07-12,27.6378817766399,14.230652173913,1.94213739742051,,3,invscore_mean
weighted.mean_ensemble,IT,Cases,2021-07-19,6438.09288840168,3424.24347826087,1.88015044177627,,3,invscore_mean
weighted.mean_ensemble,IT,Deaths,2021-07-19,27.0991644812484,36.1002173913044,0.750664855768318,,3,invscore_mean
weighted.mean_ensemble,IT,Cases,2021-07-26,10219.0792284956,10213.1280434783,1.00058269954044,,3,invscore_mean
weighted.mean_ensemble,IT,Deaths,2021-07-26,19.6811446285369,37.0515217391304,0.531183166162686,,3,invscore_mean
weighted.mean_ensemble,IT,Cases,2021-08-02,3011.17187519731,2669.0102173913,1.12819795727138,,3,invscore_mean
weighted.mean_ensemble,IT,Deaths,2021-08-02,26.3286203656309,32.014347826087,0.822400647005433,,3,invscore_mean
weighted.mean_ensemble,IT,Cases,2021-08-09,3517.20188424228,2783.4297826087,1.26362156006891,,3,invscore_mean
weighted.mean_ensemble,IT,Deaths,2021-08-09,41.6049171899029,30.8723913043478,1.34764154741857,,3,invscore_mean
weighted.mean_ensemble,IT,Cases,2021-08-16,3851.36320394337,4751.71804347826,0.81052014633515,,3,invscore_mean
weighted.mean_ensemble,IT,Deaths,2021-08-16,31.1662010999488,33.6655434782609,0.925759630765324,,3,invscore_mean
weighted.mean_ensemble,IT,Cases,2021-08-23,2206.37954233664,3375.17,0.653709159045809,,3,invscore_mean
weighted.mean_ensemble,IT,Deaths,2021-08-23,34.2752153195037,30.0671739130435,1.13995467012065,,3,invscore_mean
weighted.mean_ensemble,IT,Cases,2021-08-30,9039.42611931396,5087.1497826087,1.77691369540893,,3,invscore_mean
weighted.mean_ensemble,IT,Deaths,2021-08-30,35.6289949054054,27.9810869565217,1.27332419075668,,3,invscore_mean
weighted.mean_ensemble,IT,Cases,2021-09-06,4761.11379484769,4086.45652173913,1.16509591366494,,3,invscore_mean
weighted.mean_ensemble,IT,Deaths,2021-09-06,27.1017171244464,27.1547826086957,0.99804581443299,,3,invscore_mean
weighted.mean_ensemble,IT,Cases,2021-09-13,1996.39195429288,3903.89456521739,0.511384700826753,,3,invscore_mean
weighted.mean_ensemble,IT,Deaths,2021-09-13,18.9148685004889,27.5326086956522,0.686998776962093,,3,invscore_mean
weighted.mean_ensemble,IT,Cases,2021-09-20,1358.9084639062,1754.52902173913,0.774514668648355,,3,invscore_mean
weighted.mean_ensemble,IT,Deaths,2021-09-20,14.429516505357,18.5234782608696,0.77898525871564,,3,invscore_mean
weighted.mean_ensemble,IT,Cases,2021-09-27,1618.06742689154,1410.39434782609,1.14724469038432,,3,invscore_mean
weighted.mean_ensemble,IT,Deaths,2021-09-27,13.0816549710592,20.3827173913043,0.641801322165222,,3,invscore_mean
weighted.mean_ensemble,IT,Cases,2021-10-04,1063.90888114619,1528.86652173913,0.695880814981784,,3,invscore_mean
weighted.mean_ensemble,IT,Deaths,2021-10-04,11.4358379377007,15.8815217391304,0.72007192544553,,3,invscore_mean
weighted.mean_ensemble,IT,Cases,2021-10-11,2490.72893285605,2207.97673913044,1.1280594078346,,3,invscore_mean
weighted.mean_ensemble,IT,Deaths,2021-10-11,32.1919638705274,23.3265217391304,1.38005846866252,,3,invscore_mean
weighted.mean_ensemble,IT,Cases,2021-10-18,8315.40686562329,7341.34608695652,1.132681495618,,3,invscore_mean
weighted.mean_ensemble,IT,Deaths,2021-10-18,56.6200700995042,45.4595652173913,1.24550399522614,,3,invscore_mean
weighted.mean_ensemble,IT,Cases,2021-10-25,4142.08408227807,3473.41989130435,1.19250888516177,,3,invscore_mean
weighted.mean_ensemble,IT,Deaths,2021-10-25,25.8524259594305,19.0739130434783,1.35538134731457,,3,invscore_mean
weighted.mean_ensemble,IT,Cases,2021-11-01,2961.1610078588,2870.10043478261,1.03172731238692,,3,invscore_mean
weighted.mean_ensemble,IT,Deaths,2021-11-01,24.6488010962346,21.7160869565217,1.13504800130818,,3,invscore_mean
weighted.mean_ensemble,IT,Cases,2021-11-08,3786.1555739261,5121.2602173913,0.739301541653495,,3,invscore_mean
weighted.mean_ensemble,IT,Deaths,2021-11-08,28.5686771652742,34.8347826086957,0.820119289567282,,3,invscore_mean
weighted.mean_ensemble,IT,Cases,2021-11-15,3508.5002233237,3567.51282608696,0.983458334800723,,3,invscore_mean
weighted.mean_ensemble,IT,Deaths,2021-11-15,66.3597627788743,24.4997826086957,2.70858577966816,,3,invscore_mean
weighted.mean_ensemble,IT,Cases,2021-11-22,4922.16539995174,5063.42565217391,0.972101841337094,,3,invscore_mean
weighted.mean_ensemble,IT,Deaths,2021-11-22,30.7320132439003,27.2351086956522,1.12839693747234,,3,invscore_mean
weighted.mean_ensemble,IT,Cases,2021-11-29,5327.70345391712,4790.59065217391,1.11211828368167,,3,invscore_mean
weighted.mean_ensemble,IT,Deaths,2021-11-29,52.7932690824219,46.805,1.12794079868437,,3,invscore_mean
weighted.mean_ensemble,IT,Cases,2021-12-06,7450.4644945985,7795.54347826087,0.955733813219735,,3,invscore_mean
weighted.mean_ensemble,IT,Deaths,2021-12-06,26.1379328681349,32.019347826087,0.816316840995734,,3,invscore_mean
weighted.mean_ensemble,IT,Cases,2021-12-13,49210.4178342568,61668.5122826087,0.797982892934727,,3,invscore_mean
weighted.mean_ensemble,IT,Deaths,2021-12-13,65.2465710918958,55.2226086956522,1.18151917544295,,3,invscore_mean
weighted.mean_ensemble,IT,Cases,2021-12-20,198498.404901774,212982.104130435,0.931995698475253,,3,invscore_mean
weighted.mean_ensemble,IT,Deaths,2021-12-20,52.2826572586663,74.5965217391304,0.700872588155017,,3,invscore_mean
weighted.mean_ensemble,IT,Cases,2021-12-27,189837.138788022,304970.494456522,0.622477066597294,,3,invscore_mean
weighted.mean_ensemble,IT,Deaths,2021-12-27,218.214444907812,257.363043478261,0.847885702463899,,3,invscore_mean
weighted.mean_ensemble,IT,Cases,2022-01-03,778610.450953668,235083.930652174,3.31205305608781,,3,invscore_mean
weighted.mean_ensemble,IT,Deaths,2022-01-03,302.501299997779,92.2044565217391,3.28076658557667,,3,invscore_mean
weighted.mean_ensemble,IT,Cases,2022-01-10,493297.198963544,397067.721847826,1.24235028893282,,3,invscore_mean
weighted.mean_ensemble,IT,Deaths,2022-01-10,496.474372765807,284.57,1.74464761839199,,3,invscore_mean
weighted.mean_ensemble,IT,Cases,2022-01-17,303624.542165602,245258.280869565,1.23797875891937,,3,invscore_mean
weighted.mean_ensemble,IT,Deaths,2022-01-17,257.431309478279,358.81652173913,0.717445529627642,,3,invscore_mean
weighted.mean_ensemble,IT,Cases,2022-01-24,202888.456689434,175230.20173913,1.15783954293153,,3,invscore_mean
weighted.mean_ensemble,IT,Deaths,2022-01-24,734.892519703718,672.369782608696,1.09298861833505,,3,invscore_mean
weighted.mean_ensemble,IT,Cases,2022-01-31,213893.994937143,144507.702173913,1.48015636342847,,3,invscore_mean
weighted.mean_ensemble,IT,Deaths,2022-01-31,522.164251471179,480.564891304348,1.08656346087606,,3,invscore_mean
weighted.mean_ensemble,IT,Cases,2022-02-07,47897.0371194966,42377.2539130435,1.13025344251375,,3,invscore_mean
weighted.mean_ensemble,IT,Deaths,2022-02-07,223.622604908129,261.97,0.853619135428211,,3,invscore_mean
weighted.mean_ensemble,IT,Cases,2022-02-14,39630.7734868011,21312.5745652174,1.859501927631,,3,invscore_mean
weighted.mean_ensemble,IT,Deaths,2022-02-14,127.689027706622,110.007826086957,1.16072676143686,,3,invscore_mean
weighted.mean_ensemble,IT,Cases,2022-02-21,19544.0828712876,17472.852173913,1.11853993136088,,3,invscore_mean
weighted.mean_ensemble,IT,Deaths,2022-02-21,118.97027379102,74.0882608695652,1.6057911522646,,3,invscore_mean
weighted.mean_ensemble,IT,Cases,2022-02-28,41059.6368970498,46154.5715217392,0.8896114846979,,3,invscore_mean
weighted.mean_ensemble,IT,Deaths,2022-02-28,98.0115311007039,78.7759782608696,1.24418043754576,,3,invscore_mean
weighted.mean_ensemble,IT,Cases,2022-03-07,134761.996162299,135552.554565217,0.994167882667691,,3,invscore_mean
weighted.mean_ensemble,IT,Deaths,2022-03-07,79.2598938871646,63.9427173913044,1.23954528554245,,3,invscore_mean
weighted.mean_ensemble,LT,Cases,2021-04-12,583.676928794685,559.798152173913,1.04265604759151,,3,invscore_mean
weighted.mean_ensemble,LT,Deaths,2021-04-12,4.85766213558077,6.65086956521739,0.730380003388624,,3,invscore_mean
weighted.mean_ensemble,LT,Cases,2021-04-19,550.879627892149,537.522391304348,1.02484963752931,,3,invscore_mean
weighted.mean_ensemble,LT,Deaths,2021-04-19,4.71509763688255,4.53728260869565,1.03918976257862,,3,invscore_mean
weighted.mean_ensemble,LT,Cases,2021-04-26,442.66481568151,404.522608695652,1.0942894319525,,3,invscore_mean
weighted.mean_ensemble,LT,Deaths,2021-04-26,4.68655676646919,5.46815217391304,0.85706407163052,,3,invscore_mean
weighted.mean_ensemble,LT,Cases,2021-05-03,604.045999089578,619.344239130435,0.975299293875186,,3,invscore_mean
weighted.mean_ensemble,LT,Deaths,2021-05-03,17.6037154821519,19.2586956521739,0.914065822529617,,3,invscore_mean
weighted.mean_ensemble,LT,Cases,2021-05-10,1072.16624443868,1187.63304347826,0.902775693490799,,3,invscore_mean
weighted.mean_ensemble,LT,Deaths,2021-05-10,11.9021168174529,13.2895652173913,0.89559866126224,,3,invscore_mean
weighted.mean_ensemble,LT,Cases,2021-05-17,1728.02738929681,1776.2675,0.97284186604597,,3,invscore_mean
weighted.mean_ensemble,LT,Deaths,2021-05-17,5.4377673038782,5.83282608695652,0.932269747599407,,3,invscore_mean
weighted.mean_ensemble,LT,Cases,2021-05-24,1424.70066199042,1377.37489130435,1.03435939698397,,3,invscore_mean
weighted.mean_ensemble,LT,Deaths,2021-05-24,7.1145156723729,7.32652173913044,0.971063203753941,,3,invscore_mean
weighted.mean_ensemble,LT,Cases,2021-05-31,284.797101896424,339.172608695652,0.839681904124456,,3,invscore_mean
weighted.mean_ensemble,LT,Deaths,2021-05-31,11.3545270360027,10.3658695652174,1.09537622141251,,3,invscore_mean
weighted.mean_ensemble,LT,Cases,2021-06-07,138.027835607681,217.358260869565,0.635024567529597,,3,invscore_mean
weighted.mean_ensemble,LT,Deaths,2021-06-07,5.50393961707822,5.93586956521739,0.927233921939565,,3,invscore_mean
weighted.mean_ensemble,LT,Cases,2021-06-14,90.6748615491801,163.781630434783,0.553632671188278,,3,invscore_mean
weighted.mean_ensemble,LT,Deaths,2021-06-14,3.40462990160592,2.80195652173913,1.21509019686456,,3,invscore_mean
weighted.mean_ensemble,LT,Cases,2021-06-21,41.8916325977951,77.7879347826087,0.53853637732983,,3,invscore_mean
weighted.mean_ensemble,LT,Deaths,2021-06-21,2.26529985861706,3.39195652173913,0.6678446035787,,3,invscore_mean
weighted.mean_ensemble,LT,Cases,2021-06-28,85.486758149723,64.5366304347826,1.32462382330468,,3,invscore_mean
weighted.mean_ensemble,LT,Deaths,2021-06-28,0.977828458268822,1.50021739130435,0.651791176356555,,3,invscore_mean
weighted.mean_ensemble,LT,Cases,2021-07-05,156.303330442848,170.214347826087,0.918273532396623,,3,invscore_mean
weighted.mean_ensemble,LT,Deaths,2021-07-05,1.00092122037313,0.922173913043478,1.08539311968798,,3,invscore_mean
weighted.mean_ensemble,LT,Cases,2021-07-12,129.579829808889,516.537173913044,0.250862544562385,,3,invscore_mean
weighted.mean_ensemble,LT,Deaths,2021-07-12,2.33008460963656,1.05684782608696,2.20474939922414,,3,invscore_mean
weighted.mean_ensemble,LT,Cases,2021-07-19,449.448002230713,526.706413043478,0.853317884689611,,3,invscore_mean
weighted.mean_ensemble,LT,Deaths,2021-07-19,2.28089334005404,1.07521739130435,2.12133226127145,,3,invscore_mean
weighted.mean_ensemble,LT,Cases,2021-07-26,237.578452492998,161.396956521739,1.47201321272125,,3,invscore_mean
weighted.mean_ensemble,LT,Deaths,2021-07-26,1.41365284826649,1.82608695652174,0.774143226431647,,3,invscore_mean
weighted.mean_ensemble,LT,Cases,2021-08-02,259.630052361986,366.099130434783,0.709179647746355,,3,invscore_mean
weighted.mean_ensemble,LT,Deaths,2021-08-02,5.21441149172193,3.29956521739131,1.5803329069654,,3,invscore_mean
weighted.mean_ensemble,LT,Cases,2021-08-09,465.2651313573,368.705326086957,1.26188882676344,,3,invscore_mean
weighted.mean_ensemble,LT,Deaths,2021-08-09,10.2697920913385,10.4213043478261,0.985461296260942,,3,invscore_mean
weighted.mean_ensemble,LT,Cases,2021-08-16,387.139538470895,628.653913043478,0.615822999648012,,3,invscore_mean
weighted.mean_ensemble,LT,Deaths,2021-08-16,5.44755347548442,5.3345652173913,1.02118040617907,,3,invscore_mean
weighted.mean_ensemble,LT,Cases,2021-08-23,212.052264524653,342.673586956522,0.618817068476182,,3,invscore_mean
weighted.mean_ensemble,LT,Deaths,2021-08-23,8.06963624681082,5.47,1.4752534272049,,3,invscore_mean
weighted.mean_ensemble,LT,Cases,2021-08-30,599.671141446536,393.87097826087,1.5225065428643,,3,invscore_mean
weighted.mean_ensemble,LT,Deaths,2021-08-30,7.71555166667065,7.18608695652174,1.07367914044909,,3,invscore_mean
weighted.mean_ensemble,LT,Cases,2021-09-06,626.826474757686,544.307065217391,1.15160451666623,,3,invscore_mean
weighted.mean_ensemble,LT,Deaths,2021-09-06,7.12604409225831,6.98978260869565,1.01949438075415,,3,invscore_mean
weighted.mean_ensemble,LT,Cases,2021-09-13,942.776987544679,805.14,1.17094789421055,,3,invscore_mean
weighted.mean_ensemble,LT,Deaths,2021-09-13,11.3600748435195,14.3032608695652,0.79422971776259,,3,invscore_mean
weighted.mean_ensemble,LT,Cases,2021-09-20,457.363881559038,480.205,0.952434650949153,,3,invscore_mean
weighted.mean_ensemble,LT,Deaths,2021-09-20,7.60143163180566,7.08336956521739,1.07313780000019,,3,invscore_mean
weighted.mean_ensemble,LT,Cases,2021-09-27,570.997237135231,661.250434782609,0.863511322034822,,3,invscore_mean
weighted.mean_ensemble,LT,Deaths,2021-09-27,7.9363304784211,8.22326086956522,0.965107468230022,,3,invscore_mean
weighted.mean_ensemble,LT,Cases,2021-10-04,594.142459064258,665.870326086957,0.892279526189111,,3,invscore_mean
weighted.mean_ensemble,LT,Deaths,2021-10-04,7.76784053451459,7.90326086956522,0.982865258114898,,3,invscore_mean
weighted.mean_ensemble,LT,Cases,2021-10-11,729.536680158008,585.427934782609,1.24615966682374,,3,invscore_mean
weighted.mean_ensemble,LT,Deaths,2021-10-11,10.8426219158034,11.1939130434783,0.968617665126535,,3,invscore_mean
weighted.mean_ensemble,LT,Cases,2021-10-18,557.622694552577,588.628913043478,0.947324676372784,,3,invscore_mean
weighted.mean_ensemble,LT,Deaths,2021-10-18,13.2195720319731,16.7426086956522,0.789576598980423,,3,invscore_mean
weighted.mean_ensemble,LT,Cases,2021-10-25,1101.49000594937,898.469130434783,1.2259631061741,,3,invscore_mean
weighted.mean_ensemble,LT,Deaths,2021-10-25,14.8913762202237,9.87271739130435,1.50833611760625,,3,invscore_mean
weighted.mean_ensemble,LT,Cases,2021-11-01,2623.90561347259,2461.96173913043,1.06577838792871,,3,invscore_mean
weighted.mean_ensemble,LT,Deaths,2021-11-01,12.2009001170074,18.4265217391304,0.662137992711758,,3,invscore_mean
weighted.mean_ensemble,LT,Cases,2021-11-08,2014.02043538867,2575.60456521739,0.781960267731813,,3,invscore_mean
weighted.mean_ensemble,LT,Deaths,2021-11-08,32.0425995548499,27.8441304347826,1.15078470954232,,3,invscore_mean
weighted.mean_ensemble,LT,Cases,2021-11-15,1233.8905104412,1412.23576086957,0.873714251281561,,3,invscore_mean
weighted.mean_ensemble,LT,Deaths,2021-11-15,7.98788974707675,11.9969565217391,0.665826347924348,,3,invscore_mean
weighted.mean_ensemble,LT,Cases,2021-11-22,2671.70423621402,1261.42576086957,2.11800354732907,,3,invscore_mean
weighted.mean_ensemble,LT,Deaths,2021-11-22,6.40287238303145,7.15576086956522,0.894785683834693,,3,invscore_mean
weighted.mean_ensemble,LT,Cases,2021-11-29,1212.62013795168,1101.91565217391,1.10046548078282,,3,invscore_mean
weighted.mean_ensemble,LT,Deaths,2021-11-29,4.9522859562157,7.71239130434783,0.642120680964912,,3,invscore_mean
weighted.mean_ensemble,LT,Cases,2021-12-06,1197.587071266,689.764565217391,1.73622585394563,,3,invscore_mean
weighted.mean_ensemble,LT,Deaths,2021-12-06,8.7388341737358,7.89304347826087,1.10715647238032,,3,invscore_mean
weighted.mean_ensemble,LT,Cases,2021-12-13,526.827803464937,436.774456521739,1.20617814434557,,3,invscore_mean
weighted.mean_ensemble,LT,Deaths,2021-12-13,31.102080623878,26.4195652173913,1.17723665654438,,3,invscore_mean
weighted.mean_ensemble,LT,Cases,2021-12-20,617.181788825466,539.515,1.14395668114041,,3,invscore_mean
weighted.mean_ensemble,LT,Deaths,2021-12-20,12.0068681807503,15.3345652173913,0.782993714561468,,3,invscore_mean
weighted.mean_ensemble,LT,Cases,2021-12-27,5875.65009350939,5484.45684782609,1.07132761849304,,3,invscore_mean
weighted.mean_ensemble,LT,Deaths,2021-12-27,4.12296197344618,10.4247826086957,0.395496206319649,,3,invscore_mean
weighted.mean_ensemble,LT,Cases,2022-01-03,11797.1713334606,11298.6273913044,1.04412429270302,,3,invscore_mean
weighted.mean_ensemble,LT,Deaths,2022-01-03,10.8242291081765,11.7021739130435,0.924975922303771,,3,invscore_mean
weighted.mean_ensemble,LT,Cases,2022-01-10,9914.66234582317,8196.77913043478,1.20958027391636,,3,invscore_mean
weighted.mean_ensemble,LT,Deaths,2022-01-10,13.9267919916172,12.3241304347826,1.13004256692313,,3,invscore_mean
weighted.mean_ensemble,LT,Cases,2022-01-17,13714.4541458166,13610.685,1.00762409429185,,3,invscore_mean
weighted.mean_ensemble,LT,Deaths,2022-01-17,8.21595666955106,5.16847826086957,1.5896277888511,,3,invscore_mean
weighted.mean_ensemble,LT,Cases,2022-01-24,14761.8728976503,12998.7797826087,1.13563527842825,,3,invscore_mean
weighted.mean_ensemble,LT,Deaths,2022-01-24,7.07930756586017,11.7663043478261,0.601659395897585,,3,invscore_mean
weighted.mean_ensemble,LT,Cases,2022-01-31,5810.11399667971,7652.95369565217,0.759198895974057,,3,invscore_mean
weighted.mean_ensemble,LT,Deaths,2022-01-31,17.0206231228301,8.99173913043478,1.89291780777087,,3,invscore_mean
weighted.mean_ensemble,LT,Cases,2022-02-07,28496.6133717507,21300.4254347826,1.33784245103467,,3,invscore_mean
weighted.mean_ensemble,LT,Deaths,2022-02-07,7.57116900312555,6.67391304347826,1.13444226105464,,3,invscore_mean
weighted.mean_ensemble,LT,Cases,2022-02-14,6221.5577234925,4808.28195652174,1.29392531048514,,3,invscore_mean
weighted.mean_ensemble,LT,Deaths,2022-02-14,8.27147955511163,9.24086956521739,0.895097533488131,,3,invscore_mean
weighted.mean_ensemble,LT,Cases,2022-02-21,2594.82123641892,5310.15913043478,0.488652255550478,,3,invscore_mean
weighted.mean_ensemble,LT,Deaths,2022-02-21,7.34361716038869,8.30978260869565,0.883731561485623,,3,invscore_mean
weighted.mean_ensemble,LT,Cases,2022-02-28,3299.01424583679,4002.51347826087,0.824235636870421,,3,invscore_mean
weighted.mean_ensemble,LT,Deaths,2022-02-28,20.3606154869867,11.0990217391304,1.8344513566636,,3,invscore_mean
weighted.mean_ensemble,LT,Cases,2022-03-07,6666.71639547858,6994.8897826087,0.953083837297044,,3,invscore_mean
weighted.mean_ensemble,LT,Deaths,2022-03-07,31.3479815362404,12.4380434782609,2.52033059628953,,3,invscore_mean
weighted.mean_ensemble,LU,Deaths,2021-04-12,4.42495192447204,4.76869565217391,0.927916614358652,,3,invscore_mean
weighted.mean_ensemble,LU,Deaths,2021-04-19,6.26808386820565,5.5770652173913,1.12390363459611,,3,invscore_mean
weighted.mean_ensemble,LU,Deaths,2021-04-26,2.5256079769811,2.60478260869565,0.969604130705478,,3,invscore_mean
weighted.mean_ensemble,LU,Deaths,2021-05-03,1.51265158889158,1.61923913043478,0.934174304746095,,3,invscore_mean
weighted.mean_ensemble,LU,Deaths,2021-05-10,0.688559685031234,0.777391304347826,0.885731138462997,,3,invscore_mean
weighted.mean_ensemble,LU,Deaths,2021-05-17,0.750137042887725,0.613913043478261,1.22189461660182,,3,invscore_mean
weighted.mean_ensemble,LU,Deaths,2021-05-24,0.759941238124449,0.611304347826087,1.24314711784227,,3,invscore_mean
weighted.mean_ensemble,LU,Deaths,2021-05-31,1.53178149390032,1.26239130434783,1.21339674047554,,3,invscore_mean
weighted.mean_ensemble,LU,Deaths,2021-06-07,2.16665200612056,1.5295652173913,1.41651495567859,,3,invscore_mean
weighted.mean_ensemble,LU,Deaths,2021-06-14,0.64099938680931,0.71,0.902816037759592,,3,invscore_mean
weighted.mean_ensemble,LU,Deaths,2021-06-21,0.386259655297118,0.365217391304348,1.05761572283735,,3,invscore_mean
weighted.mean_ensemble,LU,Deaths,2021-06-28,0.284369017200604,0.281739130434783,1.00933447463177,,3,invscore_mean
weighted.mean_ensemble,LU,Deaths,2021-07-05,0.421548079577357,0.28195652173913,1.49508185509317,,3,invscore_mean
weighted.mean_ensemble,LU,Deaths,2021-07-12,1.19608716761598,0.516630434782609,2.31516977531392,,3,invscore_mean
weighted.mean_ensemble,LU,Deaths,2021-07-19,0.477365418998784,0.422608695652174,1.1295683782893,,3,invscore_mean
weighted.mean_ensemble,LU,Deaths,2021-07-26,0.440580786106136,0.460652173913044,0.956428322835407,,3,invscore_mean
weighted.mean_ensemble,LU,Deaths,2021-08-02,1.04189763755808,1.17891304347826,0.883778191548439,,3,invscore_mean
weighted.mean_ensemble,LU,Deaths,2021-08-09,1.34354548030996,1.0395652173913,1.29241095972936,,3,invscore_mean
weighted.mean_ensemble,LU,Deaths,2021-08-16,2.75255163071514,0.87945652173913,3.12983253029036,,3,invscore_mean
weighted.mean_ensemble,LU,Deaths,2021-08-23,1.67868972502383,1.5220652173913,1.10290262588155,,3,invscore_mean
weighted.mean_ensemble,LU,Deaths,2021-08-30,0.980720783301002,1.04891304347826,0.934987689779194,,3,invscore_mean
weighted.mean_ensemble,LU,Deaths,2021-09-06,1.24591630958248,1.22130434782609,1.02015219367736,,3,invscore_mean
weighted.mean_ensemble,LU,Deaths,2021-09-13,0.683404844036903,0.755217391304348,0.90491142273165,,3,invscore_mean
weighted.mean_ensemble,LU,Deaths,2021-09-20,0.516595921273447,0.462282608695652,1.11748941352356,,3,invscore_mean
weighted.mean_ensemble,LU,Deaths,2021-09-27,0.552957305779013,0.50554347826087,1.09378783340506,,3,invscore_mean
weighted.mean_ensemble,LU,Deaths,2021-10-04,0.796985650821467,0.792173913043478,1.0060740926945,,3,invscore_mean
weighted.mean_ensemble,LU,Deaths,2021-10-11,1.24985786214975,1.15891304347826,1.07847423858354,,3,invscore_mean
weighted.mean_ensemble,LU,Deaths,2021-10-18,0.66430286926965,0.612173913043478,1.08515383474446,,3,invscore_mean
weighted.mean_ensemble,LU,Deaths,2021-10-25,1.28661820775557,1.2045652173913,1.06811834608837,,3,invscore_mean
weighted.mean_ensemble,LU,Deaths,2021-11-01,2.62544607085392,2.37271739130435,1.1065144464637,,3,invscore_mean
weighted.mean_ensemble,LU,Deaths,2021-11-08,1.15038280880747,1.13434782608696,1.01413586058152,,3,invscore_mean
weighted.mean_ensemble,LU,Deaths,2021-11-15,1.1557572530529,1.12804347826087,1.02456800232094,,3,invscore_mean
weighted.mean_ensemble,LU,Deaths,2021-11-22,2.4849821129901,2.52032608695652,0.985976428149779,,3,invscore_mean
weighted.mean_ensemble,LU,Deaths,2021-11-29,2.78532127138913,2.81586956521739,0.98915138179495,,3,invscore_mean
weighted.mean_ensemble,LU,Deaths,2021-12-06,2.45353273617706,2.4,1.02230530674044,,3,invscore_mean
weighted.mean_ensemble,LU,Deaths,2021-12-13,2.21591058953687,2.31152173913044,0.958637140211568,,3,invscore_mean
weighted.mean_ensemble,LU,Deaths,2021-12-20,1.24864955694836,1.29282608695652,0.965829487466365,,3,invscore_mean
weighted.mean_ensemble,LU,Deaths,2021-12-27,1.06039377671873,1.74967391304348,0.606052229969082,,3,invscore_mean
weighted.mean_ensemble,LU,Deaths,2022-01-03,1.75579735780977,1.57586956521739,1.11417683072492,,3,invscore_mean
weighted.mean_ensemble,LU,Deaths,2022-01-10,1.86677290349666,1.61347826086956,1.1569867092542,,3,invscore_mean
weighted.mean_ensemble,LU,Deaths,2022-01-17,3.85915175603482,3.58934782608696,1.0751679533499,,3,invscore_mean
weighted.mean_ensemble,LU,Deaths,2022-01-24,2.91583730476418,2.21934782608696,1.31382619276278,,3,invscore_mean
weighted.mean_ensemble,LU,Deaths,2022-01-31,2.7282335274064,2.01782608695652,1.35206574295081,,3,invscore_mean
weighted.mean_ensemble,LU,Deaths,2022-02-07,2.38674194249768,1.97652173913044,1.20754651732175,,3,invscore_mean
weighted.mean_ensemble,LU,Deaths,2022-02-14,2.29085933405603,2.33086956521739,0.982834633152186,,3,invscore_mean
weighted.mean_ensemble,LU,Deaths,2022-02-21,3.85968423621113,3.4554347826087,1.11698946125015,,3,invscore_mean
weighted.mean_ensemble,LU,Deaths,2022-02-28,1.6763625031416,1.45478260869565,1.15231134406028,,3,invscore_mean
weighted.mean_ensemble,LU,Deaths,2022-03-07,1.08802782226767,1.24608695652174,0.873155614520457,,3,invscore_mean
weighted.mean_ensemble,LV,Cases,2021-04-12,336.129839720027,306.542173913044,1.0965207019618,,3,invscore_mean
weighted.mean_ensemble,LV,Deaths,2021-04-12,4.53034943739864,4.43978260869565,1.02039893316524,,3,invscore_mean
weighted.mean_ensemble,LV,Cases,2021-04-19,301.460038729542,280.674456521739,1.07405583844497,,3,invscore_mean
weighted.mean_ensemble,LV,Deaths,2021-04-19,11.8198460477495,7.62586956521739,1.5499669836554,,3,invscore_mean
weighted.mean_ensemble,LV,Cases,2021-04-26,264.747116160391,261.260869565217,1.01334392938742,,3,invscore_mean
weighted.mean_ensemble,LV,Deaths,2021-04-26,7.66109585656391,7.9754347826087,0.960586609430969,,3,invscore_mean
weighted.mean_ensemble,LV,Cases,2021-05-03,324.199938477964,351.292826086957,0.922876627141011,,3,invscore_mean
weighted.mean_ensemble,LV,Deaths,2021-05-03,6.67089574219554,7.59652173913043,0.878151339689202,,3,invscore_mean
weighted.mean_ensemble,LV,Cases,2021-05-10,598.953156688746,621.416304347826,0.96385169249356,,3,invscore_mean
weighted.mean_ensemble,LV,Deaths,2021-05-10,4.79656047115738,5.72413043478261,0.837954432696212,,3,invscore_mean
weighted.mean_ensemble,LV,Cases,2021-05-17,1165.31026221323,1078.9397826087,1.08005125123453,,3,invscore_mean
weighted.mean_ensemble,LV,Deaths,2021-05-17,6.142967148652,5.09130434782609,1.20656058427836,,3,invscore_mean
weighted.mean_ensemble,LV,Cases,2021-05-24,797.545410781045,678.540869565217,1.17538301162623,,3,invscore_mean
weighted.mean_ensemble,LV,Deaths,2021-05-24,6.31186080026673,9.05782608695652,0.696840581798755,,3,invscore_mean
weighted.mean_ensemble,LV,Cases,2021-05-31,151.658720051517,190.6175,0.795618031143612,,3,invscore_mean
weighted.mean_ensemble,LV,Deaths,2021-05-31,4.23604351605522,5.09586956521739,0.831270004430442,,3,invscore_mean
weighted.mean_ensemble,LV,Cases,2021-06-07,146.757970654053,149.207282608696,0.98358450129364,,3,invscore_mean
weighted.mean_ensemble,LV,Deaths,2021-06-07,5.74870075402635,4.32086956521739,1.33044996319789,,3,invscore_mean
weighted.mean_ensemble,LV,Cases,2021-06-14,130.186810858104,209.608804347826,0.621094191454243,,3,invscore_mean
weighted.mean_ensemble,LV,Deaths,2021-06-14,8.01772310658746,8.88673913043478,0.90221204751345,,3,invscore_mean
weighted.mean_ensemble,LV,Cases,2021-06-21,56.2231456590874,73.373152173913,0.766263190190115,,3,invscore_mean
weighted.mean_ensemble,LV,Deaths,2021-06-21,10.0116034670988,8.19326086956522,1.2219314905849,,3,invscore_mean
weighted.mean_ensemble,LV,Cases,2021-06-28,119.209689498198,63.9417391304348,1.86434856354191,,3,invscore_mean
weighted.mean_ensemble,LV,Deaths,2021-06-28,2.44162423751677,2.8195652173913,0.865957709527923,,3,invscore_mean
weighted.mean_ensemble,LV,Cases,2021-07-05,30.6497928468992,28.8047826086957,1.06405221880225,,3,invscore_mean
weighted.mean_ensemble,LV,Deaths,2021-07-05,3.20022322560443,2.65478260869565,1.20545584980186,,3,invscore_mean
weighted.mean_ensemble,LV,Cases,2021-07-12,65.9371377268719,66.9521739130435,0.984839384192515,,3,invscore_mean
weighted.mean_ensemble,LV,Deaths,2021-07-12,1.24885129955475,1.6604347826087,0.752123065979559,,3,invscore_mean
weighted.mean_ensemble,LV,Cases,2021-07-19,123.928007455927,112.92652173913,1.09742162910331,,3,invscore_mean
weighted.mean_ensemble,LV,Deaths,2021-07-19,0.983677724776745,0.869347826086957,1.13151226155865,,3,invscore_mean
weighted.mean_ensemble,LV,Cases,2021-07-26,105.530762744309,74.4944565217391,1.41662571514314,,3,invscore_mean
weighted.mean_ensemble,LV,Deaths,2021-07-26,0.939858772498368,1.19608695652174,0.785777963193837,,3,invscore_mean
weighted.mean_ensemble,LV,Cases,2021-08-02,48.2895488174669,80.6966304347826,0.598408490630764,,3,invscore_mean
weighted.mean_ensemble,LV,Deaths,2021-08-02,2.55064512197757,1.58086956521739,1.61344438408922,,3,invscore_mean
weighted.mean_ensemble,LV,Cases,2021-08-09,83.6494793757552,101.38347826087,0.825079991441179,,3,invscore_mean
weighted.mean_ensemble,LV,Deaths,2021-08-09,1.14788128035804,1.37021739130435,0.837736615841181,,3,invscore_mean
weighted.mean_ensemble,LV,Cases,2021-08-16,62.5264707683879,71.7313043478261,0.871676199629609,,3,invscore_mean
weighted.mean_ensemble,LV,Deaths,2021-08-16,1.83172117553989,1.3820652173913,1.32535075225851,,3,invscore_mean
weighted.mean_ensemble,LV,Cases,2021-08-23,175.215703046435,244.254130434783,0.717350010558852,,3,invscore_mean
weighted.mean_ensemble,LV,Deaths,2021-08-23,1.80344396001061,1.51347826086957,1.19158894226498,,3,invscore_mean
weighted.mean_ensemble,LV,Cases,2021-08-30,245.6078889458,361.346086956522,0.67970263913596,,3,invscore_mean
weighted.mean_ensemble,LV,Deaths,2021-08-30,5.29681929528355,6.10239130434783,0.867990764785876,,3,invscore_mean
weighted.mean_ensemble,LV,Cases,2021-09-06,491.338100558056,167.048369565217,2.94129240433103,,3,invscore_mean
weighted.mean_ensemble,LV,Deaths,2021-09-06,5.52449142366529,7.60391304347826,0.726532693374702,,3,invscore_mean
weighted.mean_ensemble,LV,Cases,2021-09-13,388.055104827891,301.544891304348,1.28688999886332,,3,invscore_mean
weighted.mean_ensemble,LV,Deaths,2021-09-13,4.65236039471747,4.26065217391304,1.09193621183226,,3,invscore_mean
weighted.mean_ensemble,LV,Cases,2021-09-20,375.207339343435,391.13347826087,0.95928208705568,,3,invscore_mean
weighted.mean_ensemble,LV,Deaths,2021-09-20,4.73129675398817,3.61413043478261,1.30911068080274,,3,invscore_mean
weighted.mean_ensemble,LV,Cases,2021-09-27,1264.10993675024,1446.35043478261,0.873999762678705,,3,invscore_mean
weighted.mean_ensemble,LV,Deaths,2021-09-27,3.32388442314013,4.17445652173913,0.796243632154385,,3,invscore_mean
weighted.mean_ensemble,LV,Cases,2021-10-04,568.537909832196,866.823913043478,0.655886277797783,,3,invscore_mean
weighted.mean_ensemble,LV,Deaths,2021-10-04,4.7686806785189,6.20891304347826,0.768037923083468,,3,invscore_mean
weighted.mean_ensemble,LV,Cases,2021-10-11,1006.21318412041,679.273260869565,1.48130839543472,,3,invscore_mean
weighted.mean_ensemble,LV,Deaths,2021-10-11,10.9089962061131,16.440652173913,0.663537923600305,,3,invscore_mean
weighted.mean_ensemble,LV,Cases,2021-10-18,3524.4702840391,2788.12152173913,1.26410210478941,,3,invscore_mean
weighted.mean_ensemble,LV,Deaths,2021-10-18,29.779914721588,35.8591304347826,0.830469516703675,,3,invscore_mean
weighted.mean_ensemble,LV,Cases,2021-10-25,8387.69949563661,7459.7802173913,1.12438962693325,,3,invscore_mean
weighted.mean_ensemble,LV,Deaths,2021-10-25,19.7201920053775,23.3003260869565,0.846348327134222,,3,invscore_mean
weighted.mean_ensemble,LV,Cases,2021-11-01,7854.71295587637,6756.50760869565,1.16254038488276,,3,invscore_mean
weighted.mean_ensemble,LV,Deaths,2021-11-01,21.3262171726989,17.8307608695652,1.19603517363636,,3,invscore_mean
weighted.mean_ensemble,LV,Cases,2021-11-08,4710.47309896975,4787.43086956522,0.983925037730631,,3,invscore_mean
weighted.mean_ensemble,LV,Deaths,2021-11-08,22.265202327884,24.495652173913,0.908945071958344,,3,invscore_mean
weighted.mean_ensemble,LV,Cases,2021-11-15,2140.77765965992,1495.22195652174,1.43174573535551,,3,invscore_mean
weighted.mean_ensemble,LV,Deaths,2021-11-15,20.4515960472923,41.8682608695652,0.488474935966565,,3,invscore_mean
weighted.mean_ensemble,LV,Cases,2021-11-22,670.318890932526,887.219891304348,0.755527347281468,,3,invscore_mean
weighted.mean_ensemble,LV,Deaths,2021-11-22,14.0475947469895,27.6092391304348,0.50880050263697,,3,invscore_mean
weighted.mean_ensemble,LV,Cases,2021-11-29,737.76427405851,410.103913043478,1.79896911634758,,3,invscore_mean
weighted.mean_ensemble,LV,Deaths,2021-11-29,14.3154656225703,17.0691304347826,0.838675741407362,,3,invscore_mean
weighted.mean_ensemble,LV,Cases,2021-12-06,847.806534782295,665.153260869565,1.274603290186,,3,invscore_mean
weighted.mean_ensemble,LV,Deaths,2021-12-06,13.1146559308954,11.6776086956522,1.12306006072787,,3,invscore_mean
weighted.mean_ensemble,LV,Cases,2021-12-13,539.498136217831,483.711956521739,1.11532933793334,,3,invscore_mean
weighted.mean_ensemble,LV,Deaths,2021-12-13,10.5640064332874,12.3013043478261,0.858771243648994,,3,invscore_mean
weighted.mean_ensemble,LV,Cases,2021-12-20,303.143069881055,510.209130434783,0.594154537420227,,3,invscore_mean
weighted.mean_ensemble,LV,Deaths,2021-12-20,6.94455891039942,7.41304347826087,0.936802668265025,,3,invscore_mean
weighted.mean_ensemble,LV,Cases,2021-12-27,1726.23778565517,2214.40423913043,0.779549530817841,,3,invscore_mean
weighted.mean_ensemble,LV,Deaths,2021-12-27,8.90869714893356,10.0555434782609,0.885948846841876,,3,invscore_mean
weighted.mean_ensemble,LV,Cases,2022-01-03,5356.32374285907,5673.35934782609,0.944118539734575,,3,invscore_mean
weighted.mean_ensemble,LV,Deaths,2022-01-03,7.2157511312378,5.73315217391304,1.2586010125583,,3,invscore_mean
weighted.mean_ensemble,LV,Cases,2022-01-10,9934.01483793524,8963.58206521739,1.10826394689725,,3,invscore_mean
weighted.mean_ensemble,LV,Deaths,2022-01-10,16.0015669980241,11.3473913043478,1.41015380265357,,3,invscore_mean
weighted.mean_ensemble,LV,Cases,2022-01-17,9793.93523942425,10895.2719565217,0.898916087501767,,3,invscore_mean
weighted.mean_ensemble,LV,Deaths,2022-01-17,21.1957101523817,12.6195652173913,1.67959115763921,,3,invscore_mean
weighted.mean_ensemble,LV,Cases,2022-01-24,2937.65949273009,4204.60130434783,0.698677301387022,,3,invscore_mean
weighted.mean_ensemble,LV,Deaths,2022-01-24,8.28849794608802,10.7882608695652,0.768288609841714,,3,invscore_mean
weighted.mean_ensemble,LV,Cases,2022-01-31,8773.5684360706,10854.2291304348,0.808308755107251,,3,invscore_mean
weighted.mean_ensemble,LV,Deaths,2022-01-31,6.67544693732613,5.24739130434783,1.27214582449665,,3,invscore_mean
weighted.mean_ensemble,LV,Cases,2022-02-07,4688.94267966245,6233.30847826087,0.752239793043372,,3,invscore_mean
weighted.mean_ensemble,LV,Deaths,2022-02-07,7.17437010831057,12.7417391304348,0.563060508056859,,3,invscore_mean
weighted.mean_ensemble,LV,Cases,2022-02-14,2729.00471019384,5849.84119565217,0.466509195535452,,3,invscore_mean
weighted.mean_ensemble,LV,Deaths,2022-02-14,13.5640837594802,11.670652173913,1.16223871274302,,3,invscore_mean
weighted.mean_ensemble,LV,Cases,2022-02-21,7639.74773582297,5626.32717391304,1.35785699972183,,3,invscore_mean
weighted.mean_ensemble,LV,Deaths,2022-02-21,22.7744118157215,15.5171739130435,1.46769069827707,,3,invscore_mean
weighted.mean_ensemble,LV,Cases,2022-02-28,11100.0630293605,7684.495,1.44447527513005,,3,invscore_mean
weighted.mean_ensemble,LV,Deaths,2022-02-28,25.0898393684385,16.2805434782609,1.54109347774173,,3,invscore_mean
weighted.mean_ensemble,LV,Cases,2022-03-07,4875.68006320876,4507.88304347826,1.08158974316395,,3,invscore_mean
weighted.mean_ensemble,LV,Deaths,2022-03-07,47.3409814740674,34.3677173913044,1.37748401894289,,3,invscore_mean
weighted.mean_ensemble,MT,Cases,2021-04-12,58.4380329380365,40.8357608695652,1.43105042476606,,3,invscore_mean
weighted.mean_ensemble,MT,Deaths,2021-04-12,0.971172295969673,0.915217391304348,1.06113837564382,,3,invscore_mean
weighted.mean_ensemble,MT,Cases,2021-04-19,85.6459041578149,43.5363043478261,1.96722954418825,,3,invscore_mean
weighted.mean_ensemble,MT,Deaths,2021-04-19,1.64911873894257,0.844565217391305,1.95262450428206,,3,invscore_mean
weighted.mean_ensemble,MT,Cases,2021-04-26,15.4203865267038,18.7265217391304,0.823451719519366,,3,invscore_mean
weighted.mean_ensemble,MT,Deaths,2021-04-26,0.685169446348049,0.539782608695652,1.26934331582804,,3,invscore_mean
weighted.mean_ensemble,MT,Cases,2021-05-03,30.0191983742676,26.4110869565217,1.13661351475937,,3,invscore_mean
weighted.mean_ensemble,MT,Deaths,2021-05-03,0.682783921165276,0.701847826086957,0.972837552225576,,3,invscore_mean
weighted.mean_ensemble,MT,Cases,2021-05-10,40.2788418748304,28.6823913043478,1.40430557018182,,3,invscore_mean
weighted.mean_ensemble,MT,Deaths,2021-05-10,0.65998688453555,0.827391304347826,0.797672009685636,,3,invscore_mean
weighted.mean_ensemble,MT,Cases,2021-05-17,14.50479649729,11.6244565217391,1.24778276473952,,3,invscore_mean
weighted.mean_ensemble,MT,Deaths,2021-05-17,0.557092633037643,0.59804347826087,0.931525304243241,,3,invscore_mean
weighted.mean_ensemble,MT,Cases,2021-05-24,9.65528589748545,6.94728260869565,1.38979316681321,,3,invscore_mean
weighted.mean_ensemble,MT,Deaths,2021-05-24,0.587073912520477,0.550869565217391,1.0657221774247,,3,invscore_mean
weighted.mean_ensemble,MT,Cases,2021-05-31,17.5895419859676,8.83978260869565,1.98981612609623,,3,invscore_mean
weighted.mean_ensemble,MT,Deaths,2021-05-31,0.149264305201306,0.215869565217391,0.691455995897289,,3,invscore_mean
weighted.mean_ensemble,MT,Cases,2021-06-07,18.2690652815063,15.5526086956522,1.17466244017401,,3,invscore_mean
weighted.mean_ensemble,MT,Deaths,2021-06-07,0.278891315590461,0.307173913043478,0.907926434335541,,3,invscore_mean
weighted.mean_ensemble,MT,Cases,2021-06-14,4.4940200610038,4.56804347826087,0.983795378128656,,3,invscore_mean
weighted.mean_ensemble,MT,Deaths,2021-06-14,0.298268143520469,0.270217391304348,1.10380809347881,,3,invscore_mean
weighted.mean_ensemble,MT,Cases,2021-06-21,9.38528126991141,10.9117391304348,0.860108655249482,,3,invscore_mean
weighted.mean_ensemble,MT,Deaths,2021-06-21,0.034114824425209,0.0997826086956522,0.341891486614295,,3,invscore_mean
weighted.mean_ensemble,MT,Cases,2021-06-28,154.747280306393,149.792282608696,1.03307912538219,,3,invscore_mean
weighted.mean_ensemble,MT,Deaths,2021-06-28,0.0741377109393871,0.143695652173913,0.515935658579698,,3,invscore_mean
weighted.mean_ensemble,MT,Cases,2021-07-05,752.283180654973,755.696413043478,0.995483328583288,,3,invscore_mean
weighted.mean_ensemble,MT,Deaths,2021-07-05,0.165371561831218,0.15195652173913,1.08828209502662,,3,invscore_mean
weighted.mean_ensemble,MT,Cases,2021-07-12,3087.92225902648,1032.56369565217,2.99053924908345,,3,invscore_mean
weighted.mean_ensemble,MT,Deaths,2021-07-12,3.01350765848876,0.312608695652174,9.6398715083785,,3,invscore_mean
weighted.mean_ensemble,MT,Cases,2021-07-19,553.51460305944,242.440652173913,2.28309319454553,,3,invscore_mean
weighted.mean_ensemble,MT,Deaths,2021-07-19,0.863762948040956,0.565760869565217,1.52672797732503,,3,invscore_mean
weighted.mean_ensemble,MT,Cases,2021-07-26,1066.9349343156,672.979782608696,1.58538928194812,,3,invscore_mean
weighted.mean_ensemble,MT,Deaths,2021-07-26,0.47310471894271,0.430108695652174,1.09996548250516,,3,invscore_mean
weighted.mean_ensemble,MT,Cases,2021-08-02,1124.58247399828,145.071304347826,7.7519291568645,,3,invscore_mean
weighted.mean_ensemble,MT,Deaths,2021-08-02,1.54643801162303,1.57152173913043,0.984038574279422,,3,invscore_mean
weighted.mean_ensemble,MT,Cases,2021-08-09,46.9020644587246,50.8315217391304,0.922696446103424,,3,invscore_mean
weighted.mean_ensemble,MT,Deaths,2021-08-09,2.62440550719473,2.54652173913043,1.03058437195627,,3,invscore_mean
weighted.mean_ensemble,MT,Cases,2021-08-16,157.619237365832,58.9530434782609,2.67364037658132,,3,invscore_mean
weighted.mean_ensemble,MT,Deaths,2021-08-16,0.745532472428484,0.901086956521739,0.827370174468281,,3,invscore_mean
weighted.mean_ensemble,MT,Cases,2021-08-23,48.3649971736907,43.5347826086957,1.11095069908607,,3,invscore_mean
weighted.mean_ensemble,MT,Deaths,2021-08-23,2.41219948947343,2.73413043478261,0.882254723032343,,3,invscore_mean
weighted.mean_ensemble,MT,Cases,2021-08-30,35.1041374570787,31.3356521739131,1.12026190686093,,3,invscore_mean
weighted.mean_ensemble,MT,Deaths,2021-08-30,0.964439209682481,0.923695652173913,1.04410928795938,,3,invscore_mean
weighted.mean_ensemble,MT,Cases,2021-09-06,39.6687154281931,78.8336956521739,0.503194923186367,,3,invscore_mean
weighted.mean_ensemble,MT,Deaths,2021-09-06,1.06174114003059,1.08119565217391,0.982006483189041,,3,invscore_mean
weighted.mean_ensemble,MT,Cases,2021-09-13,55.384769650571,50.3976086956522,1.09895630138001,,3,invscore_mean
weighted.mean_ensemble,MT,Deaths,2021-09-13,0.839804428475415,0.9675,0.868014913152883,,3,invscore_mean
weighted.mean_ensemble,MT,Cases,2021-09-20,39.213738432049,31.8140217391304,1.23259293507734,,3,invscore_mean
weighted.mean_ensemble,MT,Deaths,2021-09-20,0.76325868291168,0.92,0.829629003164869,,3,invscore_mean
weighted.mean_ensemble,MT,Cases,2021-09-27,22.7840196062919,23.1817391304348,0.982843413002578,,3,invscore_mean
weighted.mean_ensemble,MT,Deaths,2021-09-27,0.872464559098429,1.20717391304348,0.722733112165095,,3,invscore_mean
weighted.mean_ensemble,MT,Cases,2021-10-04,27.4121022578964,23.4239130434783,1.17026144210045,,3,invscore_mean
weighted.mean_ensemble,MT,Deaths,2021-10-04,1.00510403520799,1.2704347826087,0.791149651258852,,3,invscore_mean
weighted.mean_ensemble,MT,Cases,2021-10-11,26.9401839189279,32.1584782608696,0.837731925633705,,3,invscore_mean
weighted.mean_ensemble,MT,Deaths,2021-10-11,0.571772844783458,0.593152173913044,0.963956417813416,,3,invscore_mean
weighted.mean_ensemble,MT,Cases,2021-10-18,11.4614842748952,12.415,0.923196478042303,,3,invscore_mean
weighted.mean_ensemble,MT,Deaths,2021-10-18,0.588902885447368,0.528913043478261,1.11342099180349,,3,invscore_mean
weighted.mean_ensemble,MT,Cases,2021-10-25,42.758188932816,36.9617391304348,1.15682297258595,,3,invscore_mean
weighted.mean_ensemble,MT,Deaths,2021-10-25,0.764475511182928,0.542391304347826,1.40945384827313,,3,invscore_mean
weighted.mean_ensemble,MT,Cases,2021-11-01,125.162815124899,108.059347826087,1.15827846126129,,3,invscore_mean
weighted.mean_ensemble,MT,Deaths,2021-11-01,0.457392490018944,0.719782608695652,0.635459212952928,,3,invscore_mean
weighted.mean_ensemble,MT,Cases,2021-11-08,33.5121987334974,51.055,0.656394060003866,,3,invscore_mean
weighted.mean_ensemble,MT,Deaths,2021-11-08,0.521225438096402,0.464782608695652,1.12143920263959,,3,invscore_mean
weighted.mean_ensemble,MT,Cases,2021-11-15,43.9750226655621,69.4586956521739,0.63311040111917,,3,invscore_mean
weighted.mean_ensemble,MT,Deaths,2021-11-15,1.48808169403939,1.3175,1.1294737715669,,3,invscore_mean
weighted.mean_ensemble,MT,Cases,2021-11-22,54.5374155264184,58.2706521739131,0.935932815092706,,3,invscore_mean
weighted.mean_ensemble,MT,Deaths,2021-11-22,1.77229199048748,1.65173913043478,1.07298541145597,,3,invscore_mean
weighted.mean_ensemble,MT,Cases,2021-11-29,126.137899783907,60.4040217391304,2.08823677881357,,3,invscore_mean
weighted.mean_ensemble,MT,Deaths,2021-11-29,1.84911665448416,2.02032608695652,0.915256535280262,,3,invscore_mean
weighted.mean_ensemble,MT,Cases,2021-12-06,107.134765561464,118.27097826087,0.905841544027454,,3,invscore_mean
weighted.mean_ensemble,MT,Deaths,2021-12-06,0.97608711451685,0.971304347826087,1.00492406597527,,3,invscore_mean
weighted.mean_ensemble,MT,Cases,2021-12-13,1847.83098813305,1796.78434782609,1.02840999832213,,3,invscore_mean
weighted.mean_ensemble,MT,Deaths,2021-12-13,1.30286744448155,0.808586956521739,1.61128921753331,,3,invscore_mean
weighted.mean_ensemble,MT,Cases,2021-12-20,4137.96553398171,4328.57304347826,0.955965278260989,,3,invscore_mean
weighted.mean_ensemble,MT,Deaths,2021-12-20,0.7243779934662,0.715869565217392,1.01188544486624,,3,invscore_mean
weighted.mean_ensemble,MT,Cases,2021-12-27,2804.50277662965,2768.77663043478,1.01290322440682,,3,invscore_mean
weighted.mean_ensemble,MT,Deaths,2021-12-27,1.5195139011493,2.39739130434783,0.633819726631011,,3,invscore_mean
weighted.mean_ensemble,MT,Cases,2022-01-03,9667.25989090484,7540.77260869565,1.28199859517804,,3,invscore_mean
weighted.mean_ensemble,MT,Deaths,2022-01-03,3.24430335216295,2.59902173913043,1.24827865166238,,3,invscore_mean
weighted.mean_ensemble,MT,Cases,2022-01-10,10538.7186111639,8286.09086956522,1.27185650954814,,3,invscore_mean
weighted.mean_ensemble,MT,Deaths,2022-01-10,2.078271776252,2.18597826086957,0.950728474044971,,3,invscore_mean
weighted.mean_ensemble,MT,Cases,2022-01-17,1176.79170029808,1351.33804347826,0.870834434046635,,3,invscore_mean
weighted.mean_ensemble,MT,Deaths,2022-01-17,2.81864706019555,2.64586956521739,1.06530083615969,,3,invscore_mean
weighted.mean_ensemble,MT,Cases,2022-01-24,242.789996364756,197.205,1.23115537823461,,3,invscore_mean
weighted.mean_ensemble,MT,Deaths,2022-01-24,1.40986987620274,2.39739130434783,0.588085004582208,,3,invscore_mean
weighted.mean_ensemble,MT,Cases,2022-01-31,228.86808079685,155.57847826087,1.47107802669911,,3,invscore_mean
weighted.mean_ensemble,MT,Deaths,2022-01-31,3.22399972910636,2.35934782608696,1.36647919965809,,3,invscore_mean
weighted.mean_ensemble,MT,Cases,2022-02-07,179.004218508969,125.835434782609,1.42252632430772,,3,invscore_mean
weighted.mean_ensemble,MT,Deaths,2022-02-07,2.62368019834025,2.82717391304348,0.92802221548367,,3,invscore_mean
weighted.mean_ensemble,MT,Cases,2022-02-14,69.8398046224893,66.5226086956522,1.04986569215909,,3,invscore_mean
weighted.mean_ensemble,MT,Deaths,2022-02-14,6.73069498201237,4.9875,1.34951277834834,,3,invscore_mean
weighted.mean_ensemble,MT,Cases,2022-02-21,114.022920135638,94.3695652173913,1.208259462391,,3,invscore_mean
weighted.mean_ensemble,MT,Deaths,2022-02-21,1.62740669538589,1.22565217391304,1.32778836445106,,3,invscore_mean
weighted.mean_ensemble,MT,Cases,2022-02-28,112.965271109241,128.361086956522,0.880058542566757,,3,invscore_mean
weighted.mean_ensemble,MT,Deaths,2022-02-28,1.26979372008593,0.9025,1.40697365106474,,3,invscore_mean
weighted.mean_ensemble,MT,Cases,2022-03-07,215.31255399418,532.947391304348,0.404003392280839,,3,invscore_mean
weighted.mean_ensemble,MT,Deaths,2022-03-07,1.26421363988152,1.45782608695652,0.86719098470847,,3,invscore_mean
weighted.mean_ensemble,NO,Cases,2021-04-12,249.553921815643,475.378913043478,0.524957912453342,,3,invscore_mean
weighted.mean_ensemble,NO,Cases,2021-04-19,234.050314422961,192.599891304348,1.21521519476412,,3,invscore_mean
weighted.mean_ensemble,NO,Cases,2021-04-26,224.184783151793,211.608043478261,1.05943412862198,,3,invscore_mean
weighted.mean_ensemble,NO,Cases,2021-05-03,256.752355487365,279.714239130435,0.917909493222608,,3,invscore_mean
weighted.mean_ensemble,NO,Cases,2021-05-10,195.185126475347,210.967608695652,0.925190021738961,,3,invscore_mean
weighted.mean_ensemble,NO,Cases,2021-05-17,177.10588308073,192.4375,0.920329369695249,,3,invscore_mean
weighted.mean_ensemble,NO,Cases,2021-05-24,625.762161757551,415.485869565217,1.5060973371065,,3,invscore_mean
weighted.mean_ensemble,NO,Cases,2021-05-31,517.302555294396,499.691739130435,1.03524336062591,,3,invscore_mean
weighted.mean_ensemble,NO,Cases,2021-06-07,195.66195860425,187.993804347826,1.04078939879442,,3,invscore_mean
weighted.mean_ensemble,NO,Cases,2021-06-14,120.382154240573,125.637282608696,0.958172221978963,,3,invscore_mean
weighted.mean_ensemble,NO,Cases,2021-06-21,216.634254171918,176.780760869565,1.2254402181907,,3,invscore_mean
weighted.mean_ensemble,NO,Cases,2021-06-28,154.039379709453,120.072826086957,1.28288293637645,,3,invscore_mean
weighted.mean_ensemble,NO,Cases,2021-07-05,99.9709539778078,87.5522826086957,1.14184291944296,,3,invscore_mean
weighted.mean_ensemble,NO,Cases,2021-07-12,121.167347099522,106.733913043478,1.13522819171976,,3,invscore_mean
weighted.mean_ensemble,NO,Cases,2021-07-19,351.77157122832,367.976956521739,0.955960869271274,,3,invscore_mean
weighted.mean_ensemble,NO,Cases,2021-07-26,488.026705972044,733.943369565218,0.664937822465986,,3,invscore_mean
weighted.mean_ensemble,NO,Cases,2021-08-02,427.879581887434,626.123586956522,0.683378794220614,,3,invscore_mean
weighted.mean_ensemble,NO,Cases,2021-08-09,281.629463222234,311.764130434783,0.903341455059237,,3,invscore_mean
weighted.mean_ensemble,NO,Cases,2021-08-16,1057.41472996775,859.781195652174,1.22986491832456,,3,invscore_mean
weighted.mean_ensemble,NO,Cases,2021-08-23,3581.86832536118,3222.05663043478,1.11167143728254,,3,invscore_mean
weighted.mean_ensemble,NO,Cases,2021-08-30,2060.08514626625,1300.93434782609,1.58354274349719,,3,invscore_mean
weighted.mean_ensemble,NO,Cases,2021-09-06,7417.81107685822,6632.50771739131,1.11840217801899,,3,invscore_mean
weighted.mean_ensemble,NO,Cases,2021-09-13,4701.08811435911,5115.69815217391,0.918953381243063,,3,invscore_mean
weighted.mean_ensemble,NO,Cases,2021-09-20,847.754857426395,545.311521739131,1.55462487702937,,3,invscore_mean
weighted.mean_ensemble,NO,Cases,2021-09-27,318.23960107126,256.023260869565,1.24301049830543,,3,invscore_mean
weighted.mean_ensemble,NO,Cases,2021-10-04,229.036098993812,212.85347826087,1.07602704388561,,3,invscore_mean
weighted.mean_ensemble,NO,Cases,2021-10-11,452.469976838625,669.387608695652,0.675946149825352,,3,invscore_mean
weighted.mean_ensemble,NO,Cases,2021-10-18,2738.49233476173,2636.87326086956,1.03853771639318,,3,invscore_mean
weighted.mean_ensemble,NO,Cases,2021-10-25,1419.67019913218,3639.88717391304,0.390031374957693,,3,invscore_mean
weighted.mean_ensemble,NO,Cases,2021-11-01,504.89252058354,841.448913043478,0.600027539113894,,3,invscore_mean
weighted.mean_ensemble,NO,Cases,2021-11-08,753.471493515592,662.877173913044,1.13666833490096,,3,invscore_mean
weighted.mean_ensemble,NO,Cases,2021-11-15,702.066658737899,635.359891304348,1.10499052323968,,3,invscore_mean
weighted.mean_ensemble,NO,Cases,2021-11-22,1414.58382189495,1336.52173913044,1.05840689341522,,3,invscore_mean
weighted.mean_ensemble,NO,Cases,2021-11-29,2258.33780488641,1811.7402173913,1.24650200023608,,3,invscore_mean
weighted.mean_ensemble,NO,Cases,2021-12-06,1747.18538940822,1202.70934782609,1.45270791531328,,3,invscore_mean
weighted.mean_ensemble,NO,Cases,2021-12-13,9986.96235290465,7845.89902173913,1.27288948344009,,3,invscore_mean
weighted.mean_ensemble,NO,Cases,2021-12-20,9178.80030335252,8656.25130434782,1.06036666226895,,3,invscore_mean
weighted.mean_ensemble,NO,Cases,2021-12-27,14147.5361722943,9210.0825,1.5360922306933,,3,invscore_mean
weighted.mean_ensemble,NO,Cases,2022-01-03,28226.8712136469,28956.8251086957,0.974791646103854,,3,invscore_mean
weighted.mean_ensemble,NO,Cases,2022-01-10,29697.6426797287,25086.4592391304,1.18381164901126,,3,invscore_mean
weighted.mean_ensemble,NO,Cases,2022-01-17,22551.7779794851,20705.2930434783,1.08917936742694,,3,invscore_mean
weighted.mean_ensemble,NO,Cases,2022-01-24,7306.04937641699,12128.8656521739,0.602368728118238,,3,invscore_mean
weighted.mean_ensemble,NO,Cases,2022-01-31,13602.3349198037,26429.545326087,0.514663977453204,,3,invscore_mean
weighted.mean_ensemble,NO,Cases,2022-02-07,14956.8799151663,11501.8283695652,1.30039150599251,,3,invscore_mean
weighted.mean_ensemble,NO,Cases,2022-02-14,25131.6295197374,21978.0413043478,1.14348813762424,,3,invscore_mean
weighted.mean_ensemble,NO,Cases,2022-02-21,5645.4683958154,4768.37,1.18394092652529,,3,invscore_mean
weighted.mean_ensemble,NO,Cases,2022-02-28,10787.4477506899,9549.40945652174,1.12964553460661,,3,invscore_mean
weighted.mean_ensemble,NO,Cases,2022-03-07,14572.139095397,13419.972826087,1.08585459033645,,3,invscore_mean
weighted.mean_ensemble,PT,Cases,2021-04-12,692.975438026869,576.78597826087,1.20144293402613,,3,invscore_mean
weighted.mean_ensemble,PT,Deaths,2021-04-12,5.63614424269594,15.3871739130435,0.366288460411711,,3,invscore_mean
weighted.mean_ensemble,PT,Cases,2021-04-19,312.724052205194,225.041847826087,1.38962621941706,,3,invscore_mean
weighted.mean_ensemble,PT,Deaths,2021-04-19,11.7418713369132,12.7559782608696,0.920499478501994,,3,invscore_mean
weighted.mean_ensemble,PT,Cases,2021-04-26,514.48214472243,577.199130434783,0.891342549901087,,3,invscore_mean
weighted.mean_ensemble,PT,Deaths,2021-04-26,5.62512155888199,8.22032608695652,0.684294211613766,,3,invscore_mean
weighted.mean_ensemble,PT,Cases,2021-05-03,391.680187377659,245.420434782609,1.59595588576235,,3,invscore_mean
weighted.mean_ensemble,PT,Deaths,2021-05-03,3.19100126068471,2.55869565217391,1.24712028879776,,3,invscore_mean
weighted.mean_ensemble,PT,Cases,2021-05-10,284.940346048149,342.017608695652,0.833116011584382,,3,invscore_mean
weighted.mean_ensemble,PT,Deaths,2021-05-10,2.36686263570781,1.42891304347826,1.65640774749063,,3,invscore_mean
weighted.mean_ensemble,PT,Cases,2021-05-17,243.685067818811,407.909130434783,0.597400375811818,,3,invscore_mean
weighted.mean_ensemble,PT,Deaths,2021-05-17,3.07489852195199,3.69369565217391,0.832472085279214,,3,invscore_mean
weighted.mean_ensemble,PT,Cases,2021-05-24,210.71771919126,317.323043478261,0.664047958451199,,3,invscore_mean
weighted.mean_ensemble,PT,Deaths,2021-05-24,3.44691615308016,3.31369565217391,1.04020299837097,,3,invscore_mean
weighted.mean_ensemble,PT,Cases,2021-05-31,256.287388127794,396.840217391304,0.645820098105334,,3,invscore_mean
weighted.mean_ensemble,PT,Deaths,2021-05-31,1.29577001180258,1.95239130434783,0.663683560215107,,3,invscore_mean
weighted.mean_ensemble,PT,Cases,2021-06-07,698.475167923601,745.500760869565,0.936920798187901,,3,invscore_mean
weighted.mean_ensemble,PT,Deaths,2021-06-07,1.94062948639309,2.05586956521739,0.943945821868269,,3,invscore_mean
weighted.mean_ensemble,PT,Cases,2021-06-14,1721.77899115697,1549.3372826087,1.11130030270615,,3,invscore_mean
weighted.mean_ensemble,PT,Deaths,2021-06-14,2.7111045893401,2.42804347826087,1.11657991861084,,3,invscore_mean
weighted.mean_ensemble,PT,Cases,2021-06-21,932.914803470653,1029.47586956522,0.906203662514843,,3,invscore_mean
weighted.mean_ensemble,PT,Deaths,2021-06-21,2.63363131608459,3.92652173913044,0.670728825932295,,3,invscore_mean
weighted.mean_ensemble,PT,Cases,2021-06-28,1445.53501873499,1590.0175,0.909131515052503,,3,invscore_mean
weighted.mean_ensemble,PT,Deaths,2021-06-28,2.46071743963122,3.5154347826087,0.699975278109184,,3,invscore_mean
weighted.mean_ensemble,PT,Cases,2021-07-05,1873.43559211198,1424.21663043478,1.31541477053252,,3,invscore_mean
weighted.mean_ensemble,PT,Deaths,2021-07-05,4.41169982198055,4.92739130434783,0.89534188569269,,3,invscore_mean
weighted.mean_ensemble,PT,Cases,2021-07-12,3133.86828699954,1518.91195652174,2.06323235098893,,3,invscore_mean
weighted.mean_ensemble,PT,Deaths,2021-07-12,5.24102091194003,7.16510869565217,0.731464257495537,,3,invscore_mean
weighted.mean_ensemble,PT,Cases,2021-07-19,5374.22525077947,4573.97858695652,1.17495636427004,,3,invscore_mean
weighted.mean_ensemble,PT,Deaths,2021-07-19,9.57611590659776,9.33347826086957,1.02599648694158,,3,invscore_mean
weighted.mean_ensemble,PT,Cases,2021-07-26,3123.74898764319,4875.50315217391,0.640702895710437,,3,invscore_mean
weighted.mean_ensemble,PT,Deaths,2021-07-26,8.13061383628975,7.11282608695652,1.1430918929959,,3,invscore_mean
weighted.mean_ensemble,PT,Cases,2021-08-02,1998.80806765409,1405.26554347826,1.42237036760092,,3,invscore_mean
weighted.mean_ensemble,PT,Deaths,2021-08-02,17.2231568946186,15.5460869565217,1.10787730332316,,3,invscore_mean
weighted.mean_ensemble,PT,Cases,2021-08-09,741.279723576043,1179.09456521739,0.628685557073509,,3,invscore_mean
weighted.mean_ensemble,PT,Deaths,2021-08-09,4.81765081045321,5.63695652173913,0.854654598075001,,3,invscore_mean
weighted.mean_ensemble,PT,Cases,2021-08-16,848.401583913616,960.03652173913,0.883718030202346,,3,invscore_mean
weighted.mean_ensemble,PT,Deaths,2021-08-16,4.85967090019035,5.95717391304348,0.815767840779316,,3,invscore_mean
weighted.mean_ensemble,PT,Cases,2021-08-23,1165.80919689743,1226.91684782609,0.950194138227923,,3,invscore_mean
weighted.mean_ensemble,PT,Deaths,2021-08-23,4.54817405496022,5.22130434782609,0.87108005049617,,3,invscore_mean
weighted.mean_ensemble,PT,Cases,2021-08-30,2711.34547182909,2006.90858695652,1.35100596482117,,3,invscore_mean
weighted.mean_ensemble,PT,Deaths,2021-08-30,4.28469695474845,5.33173913043478,0.8036208917819,,3,invscore_mean
weighted.mean_ensemble,PT,Cases,2021-09-06,5053.34811285664,2178.49043478261,2.31965586452571,,3,invscore_mean
weighted.mean_ensemble,PT,Deaths,2021-09-06,7.47027049554776,7.28304347826087,1.0257072497021,,3,invscore_mean
weighted.mean_ensemble,PT,Cases,2021-09-13,760.47113980692,493.498369565217,1.54098004513553,,3,invscore_mean
weighted.mean_ensemble,PT,Deaths,2021-09-13,4.21390011539258,5.71304347826087,0.737592866469021,,3,invscore_mean
weighted.mean_ensemble,PT,Cases,2021-09-20,299.068975799847,399.626739130435,0.748370783322968,,3,invscore_mean
weighted.mean_ensemble,PT,Deaths,2021-09-20,3.29014286323309,4.0145652173913,0.819551479442909,,3,invscore_mean
weighted.mean_ensemble,PT,Cases,2021-09-27,689.678249097967,535.455869565217,1.28802070963939,,3,invscore_mean
weighted.mean_ensemble,PT,Deaths,2021-09-27,8.08649085436321,6.41456521739131,1.26064520046331,,3,invscore_mean
weighted.mean_ensemble,PT,Cases,2021-10-04,564.999515126905,673.684456521739,0.838670849026295,,3,invscore_mean
weighted.mean_ensemble,PT,Deaths,2021-10-04,18.5785767205589,12.7126086956522,1.46142913428248,,3,invscore_mean
weighted.mean_ensemble,PT,Cases,2021-10-11,391.287631542429,708.345108695652,0.552396884991479,,3,invscore_mean
weighted.mean_ensemble,PT,Deaths,2021-10-11,6.53712438628496,6.07391304347826,1.07626242580211,,3,invscore_mean
weighted.mean_ensemble,PT,Cases,2021-10-18,381.474327956372,558.174782608696,0.683431677392352,,3,invscore_mean
weighted.mean_ensemble,PT,Deaths,2021-10-18,15.5783945147805,8.12173913043478,1.91811067366141,,3,invscore_mean
weighted.mean_ensemble,PT,Cases,2021-10-25,505.971775224757,810.294130434783,0.624429767192397,,3,invscore_mean
weighted.mean_ensemble,PT,Deaths,2021-10-25,7.41721536673158,5.83315217391304,1.27156212380379,,3,invscore_mean
weighted.mean_ensemble,PT,Cases,2021-11-01,1346.98254601759,1620.84847826087,0.831035450928062,,3,invscore_mean
weighted.mean_ensemble,PT,Deaths,2021-11-01,6.49161275477609,8.28641304347826,0.783404438170657,,3,invscore_mean
weighted.mean_ensemble,PT,Cases,2021-11-08,2583.897119088,2664.98010869565,0.969574636094625,,3,invscore_mean
weighted.mean_ensemble,PT,Deaths,2021-11-08,12.2199522037371,9.53869565217391,1.28109257799332,,3,invscore_mean
weighted.mean_ensemble,PT,Cases,2021-11-15,2046.08330640882,2176.22717391304,0.940197480729822,,3,invscore_mean
weighted.mean_ensemble,PT,Deaths,2021-11-15,17.4970630102416,17.8680434782609,0.979237767779632,,3,invscore_mean
weighted.mean_ensemble,PT,Cases,2021-11-22,1242.51435451026,1206.97152173913,1.02944794647674,,3,invscore_mean
weighted.mean_ensemble,PT,Deaths,2021-11-22,9.74197010672668,9.31923913043478,1.04536110409608,,3,invscore_mean
weighted.mean_ensemble,PT,Cases,2021-11-29,2231.11910716346,2249.31391304348,0.99191095303572,,3,invscore_mean
weighted.mean_ensemble,PT,Deaths,2021-11-29,14.4896354068517,9.20173913043478,1.57466270250231,,3,invscore_mean
weighted.mean_ensemble,PT,Cases,2021-12-06,1257.62920158325,1308.05543478261,0.961449467768357,,3,invscore_mean
weighted.mean_ensemble,PT,Deaths,2021-12-06,15.0104336925672,12.194347826087,1.23093370032105,,3,invscore_mean
weighted.mean_ensemble,PT,Cases,2021-12-13,9922.31024157941,9769.69543478261,1.01562124508544,,3,invscore_mean
weighted.mean_ensemble,PT,Deaths,2021-12-13,33.9234114333786,28.4017391304348,1.19441317581242,,3,invscore_mean
weighted.mean_ensemble,PT,Cases,2021-12-20,58879.8013348108,58353.7067391304,1.00901561571799,,3,invscore_mean
weighted.mean_ensemble,PT,Deaths,2021-12-20,6.30904431531767,10.8804347826087,0.579852224784441,,3,invscore_mean
weighted.mean_ensemble,PT,Cases,2021-12-27,42758.1199539266,71428.4466304348,0.598614725239005,,3,invscore_mean
weighted.mean_ensemble,PT,Deaths,2021-12-27,40.3221103070618,17.488152173913,2.30568157836652,,3,invscore_mean
weighted.mean_ensemble,PT,Cases,2022-01-03,78763.9167480208,21537.6989130435,3.65702562126173,,3,invscore_mean
weighted.mean_ensemble,PT,Deaths,2022-01-03,11.7172304533641,16.655,0.703526295608769,,3,invscore_mean
weighted.mean_ensemble,PT,Cases,2022-01-10,36822.6662763889,95128.682826087,0.387082688233029,,3,invscore_mean
weighted.mean_ensemble,PT,Deaths,2022-01-10,133.406267586842,112.678043478261,1.1839597446736,,3,invscore_mean
weighted.mean_ensemble,PT,Cases,2022-01-17,33130.5556159082,32075.8084782609,1.03288294785655,,3,invscore_mean
weighted.mean_ensemble,PT,Deaths,2022-01-17,13.1468797304681,22.1778260869565,0.592793886962628,,3,invscore_mean
weighted.mean_ensemble,PT,Cases,2022-01-24,26772.9512572125,18463.0697826087,1.45008124718411,,3,invscore_mean
weighted.mean_ensemble,PT,Deaths,2022-01-24,66.5290946763057,31.6695652173913,2.1007264930739,,3,invscore_mean
weighted.mean_ensemble,PT,Cases,2022-01-31,92891.3566167896,118416.464782609,0.784446291208924,,3,invscore_mean
weighted.mean_ensemble,PT,Deaths,2022-01-31,33.4297603306237,30.750652173913,1.08712362071408,,3,invscore_mean
weighted.mean_ensemble,PT,Cases,2022-02-07,110887.492440512,54656.1804347826,2.02881891047668,,3,invscore_mean
weighted.mean_ensemble,PT,Deaths,2022-02-07,38.2553514393907,38.340652173913,0.99777518822227,,3,invscore_mean
weighted.mean_ensemble,PT,Cases,2022-02-14,17833.4142781111,7944.31010869565,2.24480339187554,,3,invscore_mean
weighted.mean_ensemble,PT,Deaths,2022-02-14,85.0080812508923,56.7278260869565,1.49852527612438,,3,invscore_mean
weighted.mean_ensemble,PT,Cases,2022-02-21,11301.5595417625,13783.6917391304,0.819922540031754,,3,invscore_mean
weighted.mean_ensemble,PT,Deaths,2022-02-21,50.8974311117541,41.6528260869565,1.22194424468338,,3,invscore_mean
weighted.mean_ensemble,PT,Cases,2022-02-28,23258.5417778259,24285.2517391304,0.957722902264579,,3,invscore_mean
weighted.mean_ensemble,PT,Deaths,2022-02-28,14.4857304062202,20.4195652173913,0.709404448723657,,3,invscore_mean
weighted.mean_ensemble,PT,Cases,2022-03-07,13896.8412469796,15538.1141304348,0.894371165659006,,3,invscore_mean
weighted.mean_ensemble,PT,Deaths,2022-03-07,10.9124211286097,12.9090217391304,0.845332926780303,,3,invscore_mean
weighted.mean_ensemble,RO,Cases,2021-04-12,3209.13864606219,4120.91489130435,0.778744218385552,,3,invscore_mean
weighted.mean_ensemble,RO,Deaths,2021-04-12,86.5984524773135,118.545869565217,0.730505860684348,,3,invscore_mean
weighted.mean_ensemble,RO,Cases,2021-04-19,705.036461891018,1330.91380434783,0.529738634904685,,3,invscore_mean
weighted.mean_ensemble,RO,Deaths,2021-04-19,102.846564042073,155.049130434783,0.663315968001073,,3,invscore_mean
weighted.mean_ensemble,RO,Cases,2021-04-26,969.108058020526,934.827826086956,1.03667010221236,,3,invscore_mean
weighted.mean_ensemble,RO,Deaths,2021-04-26,201.153257041806,53.5191304347826,3.75852999493196,,3,invscore_mean
weighted.mean_ensemble,RO,Cases,2021-05-03,375.187425438663,811.429456521739,0.462378365023789,,3,invscore_mean
weighted.mean_ensemble,RO,Deaths,2021-05-03,72.8817735838062,30.6961956521739,2.37429336226702,,3,invscore_mean
weighted.mean_ensemble,RO,Cases,2021-05-10,1441.97225506285,1273.24869565217,1.13251422128828,,3,invscore_mean
weighted.mean_ensemble,RO,Deaths,2021-05-10,30.5660661637941,27.0556521739131,1.12974789767832,,3,invscore_mean
weighted.mean_ensemble,RO,Cases,2021-05-17,531.155450843507,714.441956521739,0.743455008478838,,3,invscore_mean
weighted.mean_ensemble,RO,Deaths,2021-05-17,31.494121245722,29.7730434782609,1.05780657824645,,3,invscore_mean
weighted.mean_ensemble,RO,Cases,2021-05-24,312.847008161186,702.166521739131,0.445545320768532,,3,invscore_mean
weighted.mean_ensemble,RO,Deaths,2021-05-24,138.877451992385,104.776304347826,1.32546621926417,,3,invscore_mean
weighted.mean_ensemble,RO,Cases,2021-05-31,108.298682793267,113.557717391304,0.953688443913366,,3,invscore_mean
weighted.mean_ensemble,RO,Deaths,2021-05-31,523.926996742197,517.057608695652,1.01328553710654,,3,invscore_mean
weighted.mean_ensemble,RO,Cases,2021-06-07,87.4551756110598,76.7556521739131,1.13939720573156,,3,invscore_mean
weighted.mean_ensemble,RO,Deaths,2021-06-07,286.394766463063,352.389782608696,0.812721539038163,,3,invscore_mean
weighted.mean_ensemble,RO,Cases,2021-06-14,52.8930164177655,70.2715217391304,0.752694905542543,,3,invscore_mean
weighted.mean_ensemble,RO,Deaths,2021-06-14,150.460205454452,146.693043478261,1.02568057684855,,3,invscore_mean
weighted.mean_ensemble,RO,Cases,2021-06-21,47.7546233905269,50.2232608695652,0.950846730453254,,3,invscore_mean
weighted.mean_ensemble,RO,Deaths,2021-06-21,146.80775958123,337.991956521739,0.434352820380764,,3,invscore_mean
weighted.mean_ensemble,RO,Cases,2021-06-28,43.4105937459084,41.4079347826087,1.04836413537197,,3,invscore_mean
weighted.mean_ensemble,RO,Deaths,2021-06-28,261.688145741138,199.396086956522,1.31240361701882,,3,invscore_mean
weighted.mean_ensemble,RO,Cases,2021-07-05,73.2173108346126,59.2235869565217,1.23628632774918,,3,invscore_mean
weighted.mean_ensemble,RO,Deaths,2021-07-05,323.727108284903,222.721739130435,1.45350476136196,,3,invscore_mean
weighted.mean_ensemble,RO,Cases,2021-07-12,216.850343280889,197.038043478261,1.10055063201444,,3,invscore_mean
weighted.mean_ensemble,RO,Deaths,2021-07-12,161.003555145031,137.697608695652,1.16925454748377,,3,invscore_mean
weighted.mean_ensemble,RO,Cases,2021-07-19,319.626815502037,209.657173913044,1.52452124359266,,3,invscore_mean
weighted.mean_ensemble,RO,Deaths,2021-07-19,20.3461808295004,21.7519565217391,0.935372448412455,,3,invscore_mean
weighted.mean_ensemble,RO,Cases,2021-07-26,149.047753595093,145.755108695652,1.02259025380933,,3,invscore_mean
weighted.mean_ensemble,RO,Deaths,2021-07-26,6.73492813323866,6.02021739130435,1.11871842750507,,3,invscore_mean
weighted.mean_ensemble,RO,Cases,2021-08-02,233.999082719253,213.54152173913,1.09580132619414,,3,invscore_mean
weighted.mean_ensemble,RO,Deaths,2021-08-02,4.88984962020263,5.73413043478261,0.852762188760363,,3,invscore_mean
weighted.mean_ensemble,RO,Cases,2021-08-09,305.296957663991,310.172934782609,0.984279811125252,,3,invscore_mean
weighted.mean_ensemble,RO,Deaths,2021-08-09,5.91553650891158,8.90869565217392,0.664018251366356,,3,invscore_mean
weighted.mean_ensemble,RO,Cases,2021-08-16,407.328156242106,439.516086956522,0.926765068060865,,3,invscore_mean
weighted.mean_ensemble,RO,Deaths,2021-08-16,25.5197686283554,23.6378260869565,1.07961571992601,,3,invscore_mean
weighted.mean_ensemble,RO,Cases,2021-08-23,477.386253877318,534.809239130435,0.892629032837049,,3,invscore_mean
weighted.mean_ensemble,RO,Deaths,2021-08-23,15.3123167000963,23.1921739130435,0.660236369281646,,3,invscore_mean
weighted.mean_ensemble,RO,Cases,2021-08-30,679.991841608294,647.01347826087,1.05097013347553,,3,invscore_mean
weighted.mean_ensemble,RO,Deaths,2021-08-30,22.7336476491308,19.4858695652174,1.16667350015063,,3,invscore_mean
weighted.mean_ensemble,RO,Cases,2021-09-06,1736.74564955628,2127.86065217391,0.81619331969974,,3,invscore_mean
weighted.mean_ensemble,RO,Deaths,2021-09-06,39.3940923471925,43.9563043478261,0.896210291826792,,3,invscore_mean
weighted.mean_ensemble,RO,Cases,2021-09-13,2555.03072861174,4891.3997826087,0.522351646188504,,3,invscore_mean
weighted.mean_ensemble,RO,Deaths,2021-09-13,48.9293330865589,66.8760869565217,0.731641687085691,,3,invscore_mean
weighted.mean_ensemble,RO,Cases,2021-09-20,7465.81595387268,3335.15913043478,2.23851866189648,,3,invscore_mean
weighted.mean_ensemble,RO,Deaths,2021-09-20,72.8470746395747,48.7648913043478,1.493842653825,,3,invscore_mean
weighted.mean_ensemble,RO,Cases,2021-09-27,5245.75209793394,4396.36347826087,1.19320254657585,,3,invscore_mean
weighted.mean_ensemble,RO,Deaths,2021-09-27,83.2343419898978,76.6785869565218,1.08549655508249,,3,invscore_mean
weighted.mean_ensemble,RO,Cases,2021-10-04,26763.725822122,19449.7509782609,1.37604465229586,,3,invscore_mean
weighted.mean_ensemble,RO,Deaths,2021-10-04,226.075777978514,92.6086956521739,2.44119384671635,,3,invscore_mean
weighted.mean_ensemble,RO,Cases,2021-10-11,17951.4936165011,13312.8610869565,1.34843242930622,,3,invscore_mean
weighted.mean_ensemble,RO,Deaths,2021-10-11,242.941890458187,144.902173913044,1.67659244783986,,3,invscore_mean
weighted.mean_ensemble,RO,Cases,2021-10-18,15575.4338524863,12263.8947826087,1.2700234410502,,3,invscore_mean
weighted.mean_ensemble,RO,Deaths,2021-10-18,222.505140524988,118.438260869565,1.87865930225057,,3,invscore_mean
weighted.mean_ensemble,RO,Cases,2021-10-25,22854.6359013247,27127.4204347826,0.842492044397284,,3,invscore_mean
weighted.mean_ensemble,RO,Deaths,2021-10-25,228.285085209326,155.123804347826,1.47163155370696,,3,invscore_mean
weighted.mean_ensemble,RO,Cases,2021-11-01,21235.4208702567,25869.0652173913,0.820880874194888,,3,invscore_mean
weighted.mean_ensemble,RO,Deaths,2021-11-01,361.718278245059,276.397391304348,1.30868919036491,,3,invscore_mean
weighted.mean_ensemble,RO,Cases,2021-11-08,5579.22550674497,6199.94130434783,0.899883600967711,,3,invscore_mean
weighted.mean_ensemble,RO,Deaths,2021-11-08,375.767628799768,439.415869565217,0.855152612425157,,3,invscore_mean
weighted.mean_ensemble,RO,Cases,2021-11-15,1595.26188384919,2714.71282608696,0.587635593908705,,3,invscore_mean
weighted.mean_ensemble,RO,Deaths,2021-11-15,166.917325089116,112.123695652174,1.48868911355652,,3,invscore_mean
weighted.mean_ensemble,RO,Cases,2021-11-22,1527.54190958955,1436.96847826087,1.06303091034975,,3,invscore_mean
weighted.mean_ensemble,RO,Deaths,2021-11-22,235.266338744906,154.79402173913,1.51986708596145,,3,invscore_mean
weighted.mean_ensemble,RO,Cases,2021-11-29,566.00111022154,553.51347826087,1.02256066464706,,3,invscore_mean
weighted.mean_ensemble,RO,Deaths,2021-11-29,94.4920623175901,90.8778260869565,1.03977027605365,,3,invscore_mean
weighted.mean_ensemble,RO,Cases,2021-12-06,469.183131527476,770.608043478261,0.608847955193594,,3,invscore_mean
weighted.mean_ensemble,RO,Deaths,2021-12-06,69.1605221603483,82.2395652173913,0.840964102588943,,3,invscore_mean
weighted.mean_ensemble,RO,Cases,2021-12-13,462.972306574798,739.596413043478,0.625979653781232,,3,invscore_mean
weighted.mean_ensemble,RO,Deaths,2021-12-13,87.2170352912649,84.6453260869565,1.03038217611291,,3,invscore_mean
weighted.mean_ensemble,RO,Cases,2021-12-20,1046.23801628643,1382.14869565217,0.756964876194275,,3,invscore_mean
weighted.mean_ensemble,RO,Deaths,2021-12-20,42.4390476710775,54.5102173913044,0.778552163283934,,3,invscore_mean
weighted.mean_ensemble,RO,Cases,2021-12-27,13839.6224030175,13815.2730434783,1.00176249571489,,3,invscore_mean
weighted.mean_ensemble,RO,Deaths,2021-12-27,44.0804972785898,32.3129347826087,1.36417498364508,,3,invscore_mean
weighted.mean_ensemble,RO,Cases,2022-01-03,23693.5283030137,31515.2016304348,0.751812683315739,,3,invscore_mean
weighted.mean_ensemble,RO,Deaths,2022-01-03,35.3925950903686,22.8402173913044,1.54957347752054,,3,invscore_mean
weighted.mean_ensemble,RO,Cases,2022-01-10,61277.0497029545,7603.79336956522,8.05874735473753,,3,invscore_mean
weighted.mean_ensemble,RO,Deaths,2022-01-10,41.7885866215645,40.3952173913044,1.03449342076223,,3,invscore_mean
weighted.mean_ensemble,RO,Cases,2022-01-17,22602.5193431873,15915.76,1.42013446691753,,3,invscore_mean
weighted.mean_ensemble,RO,Deaths,2022-01-17,59.5183275015637,16.4320652173913,3.62208442543004,,3,invscore_mean
weighted.mean_ensemble,RO,Cases,2022-01-24,32280.1444446895,28514.1332608696,1.13207524666331,,3,invscore_mean
weighted.mean_ensemble,RO,Deaths,2022-01-24,29.2419533148529,37.7377173913043,0.774873398187854,,3,invscore_mean
weighted.mean_ensemble,RO,Cases,2022-01-31,97165.7380829462,76741.8565217391,1.26613744424363,,3,invscore_mean
weighted.mean_ensemble,RO,Deaths,2022-01-31,144.787068498977,96.5244565217391,1.50000397532793,,3,invscore_mean
weighted.mean_ensemble,RO,Cases,2022-02-07,93030.3838209901,89598.8486956522,1.03829887521205,,3,invscore_mean
weighted.mean_ensemble,RO,Deaths,2022-02-07,81.3685858717651,78.7846739130435,1.03279713972763,,3,invscore_mean
weighted.mean_ensemble,RO,Cases,2022-02-14,23929.9572063292,22319.0904347826,1.07217439152611,,3,invscore_mean
weighted.mean_ensemble,RO,Deaths,2022-02-14,208.240438846226,97.0709782608696,2.14523890226591,,3,invscore_mean
weighted.mean_ensemble,RO,Cases,2022-02-21,8983.4040563405,5520.79826086957,1.62719295867289,,3,invscore_mean
weighted.mean_ensemble,RO,Deaths,2022-02-21,93.7552809984367,98.9204347826087,0.947784764639145,,3,invscore_mean
weighted.mean_ensemble,RO,Cases,2022-02-28,4077.68870961498,3245.63608695652,1.25636041760883,,3,invscore_mean
weighted.mean_ensemble,RO,Deaths,2022-02-28,127.7210351661,108.529565217391,1.17683172239995,,3,invscore_mean
weighted.mean_ensemble,RO,Cases,2022-03-07,2677.57206856997,2726.1,0.982198770613687,,3,invscore_mean
weighted.mean_ensemble,RO,Deaths,2022-03-07,31.7415527271154,47.5544565217391,0.667477983111951,,3,invscore_mean
weighted.mean_ensemble,SI,Cases,2021-04-12,1218.88625361539,1168.98934782609,1.04268379851544,,3,invscore_mean
weighted.mean_ensemble,SI,Deaths,2021-04-12,8.39119412528183,5.44326086956522,1.54157486226672,,3,invscore_mean
weighted.mean_ensemble,SI,Cases,2021-04-19,479.693036624375,286.88902173913,1.67205086383738,,3,invscore_mean
weighted.mean_ensemble,SI,Deaths,2021-04-19,7.61343193668116,7.21630434782609,1.05503199002059,,3,invscore_mean
weighted.mean_ensemble,SI,Cases,2021-04-26,355.123041969687,291.103913043478,1.2199184760414,,3,invscore_mean
weighted.mean_ensemble,SI,Deaths,2021-04-26,6.60358906067887,6.37489130434783,1.03587476953137,,3,invscore_mean
weighted.mean_ensemble,SI,Cases,2021-05-03,460.340047511383,380.12847826087,1.21101173376299,,3,invscore_mean
weighted.mean_ensemble,SI,Deaths,2021-05-03,12.4329245679847,8.55336956521739,1.45357037050564,,3,invscore_mean
weighted.mean_ensemble,SI,Cases,2021-05-10,665.825713073571,667.733695652174,0.997142599525789,,3,invscore_mean
weighted.mean_ensemble,SI,Deaths,2021-05-10,2.14861949701197,2.25586956521739,0.952457327383162,,3,invscore_mean
weighted.mean_ensemble,SI,Cases,2021-05-17,332.776345001051,525.189565217391,0.633630915464409,,3,invscore_mean
weighted.mean_ensemble,SI,Deaths,2021-05-17,2.05262819243532,2.15086956521739,0.954324811522383,,3,invscore_mean
weighted.mean_ensemble,SI,Cases,2021-05-24,140.514011739384,210.205326086957,0.668460758607312,,3,invscore_mean
weighted.mean_ensemble,SI,Deaths,2021-05-24,1.74230911978263,2.59565217391304,0.671241369430493,,3,invscore_mean
weighted.mean_ensemble,SI,Cases,2021-05-31,117.989428232612,148.065760869565,0.796871792233934,,3,invscore_mean
weighted.mean_ensemble,SI,Deaths,2021-05-31,1.39852898863245,2.06152173913044,0.678396430212937,,3,invscore_mean
weighted.mean_ensemble,SI,Cases,2021-06-07,256.263048613845,312.330217391304,0.820487530006693,,3,invscore_mean
weighted.mean_ensemble,SI,Deaths,2021-06-07,0.971388739236081,1.37065217391304,0.708705503645674,,3,invscore_mean
weighted.mean_ensemble,SI,Cases,2021-06-14,193.816699103677,316.986739130435,0.611434723217002,,3,invscore_mean
weighted.mean_ensemble,SI,Deaths,2021-06-14,0.919129523085422,1.33282608695652,0.689609493751907,,3,invscore_mean
weighted.mean_ensemble,SI,Cases,2021-06-21,62.1123692320143,87.7553260869565,0.707790307456294,,3,invscore_mean
weighted.mean_ensemble,SI,Deaths,2021-06-21,1.9050857620456,2.185,0.871892797274875,,3,invscore_mean
weighted.mean_ensemble,SI,Cases,2021-06-28,110.832157489081,105.043152173913,1.05511073492524,,3,invscore_mean
weighted.mean_ensemble,SI,Deaths,2021-06-28,1.78878624540828,1.70804347826087,1.04727207953139,,3,invscore_mean
weighted.mean_ensemble,SI,Cases,2021-07-05,173.441646582864,165.113913043478,1.05043629204762,,3,invscore_mean
weighted.mean_ensemble,SI,Deaths,2021-07-05,0.68603598651677,0.624565217391304,1.09842169786883,,3,invscore_mean
weighted.mean_ensemble,SI,Cases,2021-07-12,4432.27395025096,103.926739130435,42.6480613876297,,3,invscore_mean
weighted.mean_ensemble,SI,Deaths,2021-07-12,3.16392428026678,0.681521739130435,4.64244073021602,,3,invscore_mean
weighted.mean_ensemble,SI,Cases,2021-07-19,127.891349746339,103.675760869565,1.23357039942286,,3,invscore_mean
weighted.mean_ensemble,SI,Deaths,2021-07-19,0.483059777560909,0.498913043478261,0.968224390753892,,3,invscore_mean
weighted.mean_ensemble,SI,Cases,2021-07-26,121.05818671211,154.420760869565,0.783950202229377,,3,invscore_mean
weighted.mean_ensemble,SI,Deaths,2021-07-26,0.783369000111972,0.682826086956522,1.14724527237029,,3,invscore_mean
weighted.mean_ensemble,SI,Cases,2021-08-02,193.375993162845,239.43097826087,0.807648177221889,,3,invscore_mean
weighted.mean_ensemble,SI,Deaths,2021-08-02,0.487169973026455,0.647391304347826,0.752512382780958,,3,invscore_mean
weighted.mean_ensemble,SI,Cases,2021-08-09,358.838759873744,390.104565217391,0.919852757103152,,3,invscore_mean
weighted.mean_ensemble,SI,Deaths,2021-08-09,0.709491144561695,1.04630434782609,0.678092512982297,,3,invscore_mean
weighted.mean_ensemble,SI,Cases,2021-08-16,332.602650289811,381.105543478261,0.872731074059496,,3,invscore_mean
weighted.mean_ensemble,SI,Deaths,2021-08-16,2.58633381679646,2.83619565217391,0.911902468651649,,3,invscore_mean
weighted.mean_ensemble,SI,Cases,2021-08-23,251.41441315913,230.19902173913,1.09216108417716,,3,invscore_mean
weighted.mean_ensemble,SI,Deaths,2021-08-23,2.02565651312319,1.93163043478261,1.04867705366796,,3,invscore_mean
weighted.mean_ensemble,SI,Cases,2021-08-30,245.581451163508,317.844130434783,0.772647432021394,,3,invscore_mean
weighted.mean_ensemble,SI,Deaths,2021-08-30,3.00744030369863,2.37891304347826,1.2642077489732,,3,invscore_mean
weighted.mean_ensemble,SI,Cases,2021-09-06,586.373320011471,579.024456521739,1.0126918015413,,3,invscore_mean
weighted.mean_ensemble,SI,Deaths,2021-09-06,3.31046078411303,2.90413043478261,1.13991463484691,,3,invscore_mean
weighted.mean_ensemble,SI,Cases,2021-09-13,1001.39737045887,1149.07586956522,0.871480636729215,,3,invscore_mean
weighted.mean_ensemble,SI,Deaths,2021-09-13,5.11162730294671,4.84152173913043,1.05578939399016,,3,invscore_mean
weighted.mean_ensemble,SI,Cases,2021-09-20,3817.8159984671,3059.35891304348,1.24791373192271,,3,invscore_mean
weighted.mean_ensemble,SI,Deaths,2021-09-20,3.62244378005284,3.90304347826087,0.928107462863043,,3,invscore_mean
weighted.mean_ensemble,SI,Cases,2021-09-27,412.565535763465,366.218478260869,1.12655575907227,,3,invscore_mean
weighted.mean_ensemble,SI,Deaths,2021-09-27,3.96126108446956,4.60456521739131,0.860289929113827,,3,invscore_mean
weighted.mean_ensemble,SI,Cases,2021-10-04,452.681403890258,405.366413043478,1.11672153716816,,3,invscore_mean
weighted.mean_ensemble,SI,Deaths,2021-10-04,4.96764405858861,4.55391304347826,1.09085176004906,,3,invscore_mean
weighted.mean_ensemble,SI,Cases,2021-10-11,2386.0674264729,2638.93804347826,0.904177130027627,,3,invscore_mean
weighted.mean_ensemble,SI,Deaths,2021-10-11,27.2517718242502,5.69086956521739,4.78868326043054,,3,invscore_mean
weighted.mean_ensemble,SI,Cases,2021-10-18,4327.86478309689,5232.44358695652,0.827121154996383,,3,invscore_mean
weighted.mean_ensemble,SI,Deaths,2021-10-18,14.4244746191457,14.2619565217391,1.0113952175607,,3,invscore_mean
weighted.mean_ensemble,SI,Cases,2021-10-25,1113.23585938411,2681.30217391304,0.41518478231026,,3,invscore_mean
weighted.mean_ensemble,SI,Deaths,2021-10-25,12.7039483544234,13.5516304347826,0.937447963590895,,3,invscore_mean
weighted.mean_ensemble,SI,Cases,2021-11-01,994.078057265481,1573.48739130435,0.631767412156659,,3,invscore_mean
weighted.mean_ensemble,SI,Deaths,2021-11-01,7.54687331883305,6.95260869565217,1.08547361849265,,3,invscore_mean
weighted.mean_ensemble,SI,Cases,2021-11-08,2213.73322740264,2433.2122826087,0.909798640761938,,3,invscore_mean
weighted.mean_ensemble,SI,Deaths,2021-11-08,6.81757863165789,5.98173913043478,1.1397318543984,,3,invscore_mean
weighted.mean_ensemble,SI,Cases,2021-11-15,4374.46679502285,5458.61108695652,0.801388251578454,,3,invscore_mean
weighted.mean_ensemble,SI,Deaths,2021-11-15,8.17127289487883,9.25326086956522,0.883069548136793,,3,invscore_mean
weighted.mean_ensemble,SI,Cases,2021-11-22,5941.06109643827,5061.20347826087,1.17384355755634,,3,invscore_mean
weighted.mean_ensemble,SI,Deaths,2021-11-22,14.3452043868318,13.0923913043478,1.09569016487216,,3,invscore_mean
weighted.mean_ensemble,SI,Cases,2021-11-29,554.442540455302,935.653913043478,0.592572245705489,,3,invscore_mean
weighted.mean_ensemble,SI,Deaths,2021-11-29,5.61970197926813,9.88608695652174,0.568445534009882,,3,invscore_mean
weighted.mean_ensemble,SI,Cases,2021-12-06,660.452438135009,487.700760869565,1.35421654244998,,3,invscore_mean
weighted.mean_ensemble,SI,Deaths,2021-12-06,3.28886486663956,6.3745652173913,0.515935558658459,,3,invscore_mean
weighted.mean_ensemble,SI,Cases,2021-12-13,443.125727191841,525.218260869565,0.843698249292,,3,invscore_mean
weighted.mean_ensemble,SI,Deaths,2021-12-13,8.36033412532187,8.59282608695652,0.972943481075735,,3,invscore_mean
weighted.mean_ensemble,SI,Cases,2021-12-20,1174.55815893321,1332.15336956522,0.881698898766106,,3,invscore_mean
weighted.mean_ensemble,SI,Deaths,2021-12-20,7.17562932257951,9.38478260869565,0.764602614868328,,3,invscore_mean
weighted.mean_ensemble,SI,Cases,2021-12-27,7493.45068192595,8376.27586956522,0.894604093586869,,3,invscore_mean
weighted.mean_ensemble,SI,Deaths,2021-12-27,3.91455277552407,5.62391304347826,0.696054996807526,,3,invscore_mean
weighted.mean_ensemble,SI,Cases,2022-01-03,18145.9865608131,16074.4141304348,1.12887389945093,,3,invscore_mean
weighted.mean_ensemble,SI,Deaths,2022-01-03,3.15350121893187,2.69673913043478,1.1693757039167,,3,invscore_mean
weighted.mean_ensemble,SI,Cases,2022-01-10,14907.9522252634,19638.7626086957,0.759108530527401,,3,invscore_mean
weighted.mean_ensemble,SI,Deaths,2022-01-10,11.4960666876916,3.64565217391304,3.15336355178182,,3,invscore_mean
weighted.mean_ensemble,SI,Cases,2022-01-17,33668.3772210882,15988.0630434783,2.105844662329,,3,invscore_mean
weighted.mean_ensemble,SI,Deaths,2022-01-17,10.2982168008104,17.6992391304348,0.581845170005192,,3,invscore_mean
weighted.mean_ensemble,SI,Cases,2022-01-24,11678.2166002528,9142.3,1.27738278116588,,3,invscore_mean
weighted.mean_ensemble,SI,Deaths,2022-01-24,26.8468448965979,20.1808695652174,1.33031160078798,,3,invscore_mean
weighted.mean_ensemble,SI,Cases,2022-01-31,40073.8286941868,32179.9775,1.24530319184303,,3,invscore_mean
weighted.mean_ensemble,SI,Deaths,2022-01-31,7.96312640973699,6.95847826086957,1.14437756520948,,3,invscore_mean
weighted.mean_ensemble,SI,Cases,2022-02-07,48689.1002061479,35651.1186956522,1.36571030552502,,3,invscore_mean
weighted.mean_ensemble,SI,Deaths,2022-02-07,22.3702887097512,13.300652173913,1.68189412197597,,3,invscore_mean
weighted.mean_ensemble,SI,Cases,2022-02-14,9156.63727114175,2758.58695652174,3.31932160031932,,3,invscore_mean
weighted.mean_ensemble,SI,Deaths,2022-02-14,14.528845916359,9.87869565217391,1.47072512687054,,3,invscore_mean
weighted.mean_ensemble,SI,Cases,2022-02-21,1625.51821818892,1774.77239130435,0.915902358045059,,3,invscore_mean
weighted.mean_ensemble,SI,Deaths,2022-02-21,13.6302749695395,11.4752173913043,1.18780102413294,,3,invscore_mean
weighted.mean_ensemble,SI,Cases,2022-02-28,4309.08749385611,3976.1972826087,1.08372074813879,,3,invscore_mean
weighted.mean_ensemble,SI,Deaths,2022-02-28,8.23169382406733,7.29739130434783,1.12803239962791,,3,invscore_mean
weighted.mean_ensemble,SI,Cases,2022-03-07,3750.24580194528,7397.68304347826,0.506948700005669,,3,invscore_mean
weighted.mean_ensemble,SI,Deaths,2022-03-07,4.12762154357405,5.45369565217391,0.756848531129295,,3,invscore_mean
weighted.mean_ensemble,SK,Cases,2021-04-12,3799.57816100392,4582.6825,0.829116606049824,,3,invscore_mean
weighted.mean_ensemble,SK,Deaths,2021-04-12,40.7328720544633,48.405,0.841501333632131,,3,invscore_mean
weighted.mean_ensemble,SK,Cases,2021-04-19,2573.62158589296,3766.99543478261,0.683202735561978,,3,invscore_mean
weighted.mean_ensemble,SK,Deaths,2021-04-19,63.7078133852844,41.595652173913,1.53159789679266,,3,invscore_mean
weighted.mean_ensemble,SK,Cases,2021-04-26,1744.54547222747,2060.22456521739,0.846774425312895,,3,invscore_mean
weighted.mean_ensemble,SK,Deaths,2021-04-26,34.2969178813735,27.9823913043478,1.22566072028464,,3,invscore_mean
weighted.mean_ensemble,SK,Cases,2021-05-03,1215.04056410079,1739.26891304348,0.698592698914305,,3,invscore_mean
weighted.mean_ensemble,SK,Deaths,2021-05-03,18.2001073957563,13.8369565217391,1.31532590762732,,3,invscore_mean
weighted.mean_ensemble,SK,Cases,2021-05-10,692.909005011875,1040.47282608696,0.665955888168448,,3,invscore_mean
weighted.mean_ensemble,SK,Deaths,2021-05-10,33.360286663777,34.4715217391304,0.967763677978508,,3,invscore_mean
weighted.mean_ensemble,SK,Cases,2021-05-17,362.605538507139,608.53097826087,0.595870303174105,,3,invscore_mean
weighted.mean_ensemble,SK,Deaths,2021-05-17,64.3343089525119,67.4926086956522,0.95320525011291,,3,invscore_mean
weighted.mean_ensemble,SK,Cases,2021-05-24,338.181271921526,575.370760869565,0.587762352418515,,3,invscore_mean
weighted.mean_ensemble,SK,Deaths,2021-05-24,15.7974559788386,15.3123913043478,1.0316779178934,,3,invscore_mean
weighted.mean_ensemble,SK,Cases,2021-05-31,458.778122692004,603.610434782609,0.76005664623282,,3,invscore_mean
weighted.mean_ensemble,SK,Deaths,2021-05-31,5.86777763450963,9.18282608695652,0.638994747253718,,3,invscore_mean
weighted.mean_ensemble,SK,Cases,2021-06-07,199.200397864059,276.110326086957,0.721452184303038,,3,invscore_mean
weighted.mean_ensemble,SK,Deaths,2021-06-07,5.60342678838867,4.66478260869565,1.20121927610159,,3,invscore_mean
weighted.mean_ensemble,SK,Cases,2021-06-14,75.0249538133996,91.3734782608696,0.821080200090498,,3,invscore_mean
weighted.mean_ensemble,SK,Deaths,2021-06-14,5.16539206391459,4.1904347826087,1.23266255934878,,3,invscore_mean
weighted.mean_ensemble,SK,Cases,2021-06-21,113.073908423577,90.285652173913,1.25240174602459,,3,invscore_mean
weighted.mean_ensemble,SK,Deaths,2021-06-21,4.03398635637934,5.03282608695652,0.801535019625286,,3,invscore_mean
weighted.mean_ensemble,SK,Cases,2021-06-28,48.8251906117524,69.8738043478261,0.698762448495069,,3,invscore_mean
weighted.mean_ensemble,SK,Deaths,2021-06-28,5.16710226222962,5.07717391304348,1.0177122845753,,3,invscore_mean
weighted.mean_ensemble,SK,Cases,2021-07-05,74.2146504052301,72.3485869565217,1.02579267304598,,3,invscore_mean
weighted.mean_ensemble,SK,Deaths,2021-07-05,1.31696866644412,1.75739130434783,0.749388404953356,,3,invscore_mean
weighted.mean_ensemble,SK,Cases,2021-07-12,101.633343857711,105.485434782609,0.96348224820956,,3,invscore_mean
weighted.mean_ensemble,SK,Deaths,2021-07-12,1.9413533425171,1.95369565217391,0.993682583240087,,3,invscore_mean
weighted.mean_ensemble,SK,Cases,2021-07-19,171.572668121091,168.274565217391,1.01959953305741,,3,invscore_mean
weighted.mean_ensemble,SK,Deaths,2021-07-19,2.27185731882819,2.52521739130435,0.899668015376177,,3,invscore_mean
weighted.mean_ensemble,SK,Cases,2021-07-26,99.3758874201529,122.723369565217,0.809755206137351,,3,invscore_mean
weighted.mean_ensemble,SK,Deaths,2021-07-26,1.77700481537988,1.95369565217391,0.90956071556108,,3,invscore_mean
weighted.mean_ensemble,SK,Cases,2021-08-02,80.4377674541955,74.26,1.0831910510934,,3,invscore_mean
weighted.mean_ensemble,SK,Deaths,2021-08-02,3.8630892295025,2.7704347826087,1.39439818390705,,3,invscore_mean
weighted.mean_ensemble,SK,Cases,2021-08-09,188.385209292129,192.321630434783,0.979532093536466,,3,invscore_mean
weighted.mean_ensemble,SK,Deaths,2021-08-09,1.45498705870887,1.3154347826087,1.10608832755922,,3,invscore_mean
weighted.mean_ensemble,SK,Cases,2021-08-16,123.681500203534,171.049456521739,0.723074499729933,,3,invscore_mean
weighted.mean_ensemble,SK,Deaths,2021-08-16,1.47019843672562,1.79217391304348,0.820343620686301,,3,invscore_mean
weighted.mean_ensemble,SK,Cases,2021-08-23,398.181249645902,457.053260869565,0.871192230175414,,3,invscore_mean
weighted.mean_ensemble,SK,Deaths,2021-08-23,2.20909466298691,2.16,1.02272901064209,,3,invscore_mean
weighted.mean_ensemble,SK,Cases,2021-08-30,1210.7318470607,1418.36184782609,0.853612813201635,,3,invscore_mean
weighted.mean_ensemble,SK,Deaths,2021-08-30,2.16559648437072,1.90804347826087,1.13498277635927,,3,invscore_mean
weighted.mean_ensemble,SK,Cases,2021-09-06,1310.33930718779,1678.60347826087,0.78061276779039,,3,invscore_mean
weighted.mean_ensemble,SK,Deaths,2021-09-06,5.13594268655666,3.51391304347826,1.46160210085131,,3,invscore_mean
weighted.mean_ensemble,SK,Cases,2021-09-13,736.451794003411,1311.1497826087,0.561683953863874,,3,invscore_mean
weighted.mean_ensemble,SK,Deaths,2021-09-13,3.71475636070819,3.61065217391304,1.02883251606103,,3,invscore_mean
weighted.mean_ensemble,SK,Cases,2021-09-20,815.782971850316,853.632173913044,0.955660994021316,,3,invscore_mean
weighted.mean_ensemble,SK,Deaths,2021-09-20,10.8325950076909,12.7107608695652,0.852238124755264,,3,invscore_mean
weighted.mean_ensemble,SK,Cases,2021-09-27,918.004669936293,772.147391304348,1.18889823403477,,3,invscore_mean
weighted.mean_ensemble,SK,Deaths,2021-09-27,8.6297011127203,14.3460869565217,0.601536930514508,,3,invscore_mean
weighted.mean_ensemble,SK,Cases,2021-10-04,1470.19082846546,1271.46130434783,1.15630009614769,,3,invscore_mean
weighted.mean_ensemble,SK,Deaths,2021-10-04,10.4535347476335,8.51478260869565,1.22769249997738,,3,invscore_mean
weighted.mean_ensemble,SK,Cases,2021-10-11,1868.77176433145,2937.78945652174,0.636114940157768,,3,invscore_mean
weighted.mean_ensemble,SK,Deaths,2021-10-11,19.9478492010757,17.8363043478261,1.11838466153483,,3,invscore_mean
weighted.mean_ensemble,SK,Cases,2021-10-18,9466.81005037139,11306.9064130435,0.837259079057259,,3,invscore_mean
weighted.mean_ensemble,SK,Deaths,2021-10-18,21.7699697844841,17.8871739130435,1.21707151114628,,3,invscore_mean
weighted.mean_ensemble,SK,Cases,2021-10-25,11483.6284100557,13556.4404347826,0.847097618678092,,3,invscore_mean
weighted.mean_ensemble,SK,Deaths,2021-10-25,16.9297851343079,27.6935869565217,0.611325111510013,,3,invscore_mean
weighted.mean_ensemble,SK,Cases,2021-11-01,5373.95260753374,6674.32891304348,0.805167482386364,,3,invscore_mean
weighted.mean_ensemble,SK,Deaths,2021-11-01,78.1062031658699,63.6141304347826,1.22781216424776,,3,invscore_mean
weighted.mean_ensemble,SK,Cases,2021-11-08,5209.73641801965,6700.95108695652,0.777462236392154,,3,invscore_mean
weighted.mean_ensemble,SK,Deaths,2021-11-08,36.6314994684488,29.225652173913,1.25340229365852,,3,invscore_mean
weighted.mean_ensemble,SK,Cases,2021-11-15,6442.29406044286,7118.36076086957,0.905024945610635,,3,invscore_mean
weighted.mean_ensemble,SK,Deaths,2021-11-15,30.502670799728,25.6232608695652,1.19042892140081,,3,invscore_mean
weighted.mean_ensemble,SK,Cases,2021-11-22,6523.35098719385,4365.00576086957,1.49446560773709,,3,invscore_mean
weighted.mean_ensemble,SK,Deaths,2021-11-22,39.9451886784154,27.2165217391304,1.46768161858774,,3,invscore_mean
weighted.mean_ensemble,SK,Cases,2021-11-29,20552.3723142165,15294.4895652174,1.34377628142338,,3,invscore_mean
weighted.mean_ensemble,SK,Deaths,2021-11-29,42.1550725137108,31.0752173913044,1.35654956111448,,3,invscore_mean
weighted.mean_ensemble,SK,Cases,2021-12-06,21639.4666910786,21037.6732608696,1.02860551272694,,3,invscore_mean
weighted.mean_ensemble,SK,Deaths,2021-12-06,36.1740450130966,32.1276086956522,1.12594887953774,,3,invscore_mean
weighted.mean_ensemble,SK,Cases,2021-12-13,8992.11065855222,3477.66391304348,2.58567558090534,,3,invscore_mean
weighted.mean_ensemble,SK,Deaths,2021-12-13,45.4234582528609,47.5478260869565,0.955321451916423,,3,invscore_mean
weighted.mean_ensemble,SK,Cases,2021-12-20,1872.76076642674,1055.14630434783,1.77488255297854,,3,invscore_mean
weighted.mean_ensemble,SK,Deaths,2021-12-20,232.517884049032,182.53347826087,1.27383692166719,,3,invscore_mean
weighted.mean_ensemble,SK,Cases,2021-12-27,5925.88923321927,4680.79619565217,1.26600026694681,,3,invscore_mean
weighted.mean_ensemble,SK,Deaths,2021-12-27,13.4604358076675,27.195,0.494959948801893,,3,invscore_mean
weighted.mean_ensemble,SK,Cases,2022-01-03,3081.39108356495,2388.62684782609,1.2900261446736,,3,invscore_mean
weighted.mean_ensemble,SK,Deaths,2022-01-03,38.3206684409421,36.4532608695652,1.05122744925505,,3,invscore_mean
weighted.mean_ensemble,SK,Cases,2022-01-10,12439.4257189869,11014.3552173913,1.12938301638806,,3,invscore_mean
weighted.mean_ensemble,SK,Deaths,2022-01-10,97.3798690821613,91.0117391304348,1.06997042373402,,3,invscore_mean
weighted.mean_ensemble,SK,Cases,2022-01-17,46230.1014426463,46022.8795652174,1.00450258391884,,3,invscore_mean
weighted.mean_ensemble,SK,Deaths,2022-01-17,41.5225514065166,43.6971739130435,0.950234252886598,,3,invscore_mean
weighted.mean_ensemble,SK,Cases,2022-01-24,59952.9756722673,56026.5017391305,1.07008243976073,,3,invscore_mean
weighted.mean_ensemble,SK,Deaths,2022-01-24,115.1984542826,116.918913043478,0.985285026039896,,3,invscore_mean
weighted.mean_ensemble,SK,Cases,2022-01-31,26342.1239802509,8249.07282608696,3.1933436078957,,3,invscore_mean
weighted.mean_ensemble,SK,Deaths,2022-01-31,46.5459118298947,44.2208695652174,1.05257794085773,,3,invscore_mean
weighted.mean_ensemble,SK,Cases,2022-02-07,63983.0925414852,41233.7023913044,1.55171834763444,,3,invscore_mean
weighted.mean_ensemble,SK,Deaths,2022-02-07,27.9610840152739,12.4484782608696,2.24614474390549,,3,invscore_mean
weighted.mean_ensemble,SK,Cases,2022-02-14,32330.3402123941,23546.937173913,1.37301679507651,,3,invscore_mean
weighted.mean_ensemble,SK,Deaths,2022-02-14,33.1739932780186,18.5758695652174,1.78586489109159,,3,invscore_mean
weighted.mean_ensemble,SK,Cases,2022-02-21,31412.473831113,16935.7177173913,1.85480617682093,,3,invscore_mean
weighted.mean_ensemble,SK,Deaths,2022-02-21,71.0858581815541,45.4269565217391,1.56483866902983,,3,invscore_mean
weighted.mean_ensemble,SK,Cases,2022-02-28,11980.9537488255,7130.59913043478,1.68021698172436,,3,invscore_mean
weighted.mean_ensemble,SK,Deaths,2022-02-28,25.5888620072574,21.1346739130435,1.21075262918842,,3,invscore_mean
weighted.mean_ensemble,SK,Cases,2022-03-07,7572.01423423164,7402.51760869565,1.02289715938492,,3,invscore_mean
weighted.mean_ensemble,SK,Deaths,2022-03-07,55.3723328942066,30.8776086956522,1.79328436473137,,3,invscore_mean
weighted.mean_ensemble,Average,Cases,2021-04-12,3847.28257951689,1764.05671624714,2.1809290733586,average,3,invscore_mean
weighted.mean_ensemble,Average,Deaths,2021-04-12,30.5302009780648,31.4235809178744,0.971569760233742,average,3,invscore_mean
weighted.mean_ensemble,Average,Cases,2021-04-19,1433.52430386846,1494.2415389016,0.959365849862685,average,3,invscore_mean
weighted.mean_ensemble,Average,Deaths,2021-04-19,30.8433520610593,28.8829830917874,1.06787280119377,average,3,invscore_mean
weighted.mean_ensemble,Average,Cases,2021-04-26,1767.27203047143,1763.1101430206,1.00236053741016,average,3,invscore_mean
weighted.mean_ensemble,Average,Deaths,2021-04-26,29.5877168616964,20.0461654589372,1.47597888096376,average,3,invscore_mean
weighted.mean_ensemble,Average,Cases,2021-05-03,1677.92231247148,1880.56099542334,0.892245620617986,average,3,invscore_mean
weighted.mean_ensemble,Average,Deaths,2021-05-03,23.0983089166134,18.1866847826087,1.27006704040428,average,3,invscore_mean
weighted.mean_ensemble,Average,Cases,2021-05-10,1300.18556723116,1145.20131006865,1.13533363592924,average,3,invscore_mean
weighted.mean_ensemble,Average,Deaths,2021-05-10,18.1485141515437,17.9360024154589,1.01184833337788,average,3,invscore_mean
weighted.mean_ensemble,Average,Cases,2021-05-17,821.276328318641,895.05966819222,0.917566009847588,average,3,invscore_mean
weighted.mean_ensemble,Average,Deaths,2021-05-17,17.1891495171122,17.4393115942029,0.985655277977034,average,3,invscore_mean
weighted.mean_ensemble,Average,Cases,2021-05-24,735.292732088586,796.322808924485,0.923360129646008,average,3,invscore_mean
weighted.mean_ensemble,Average,Deaths,2021-05-24,20.6487426295602,18.1331763285024,1.13872728392895,average,3,invscore_mean
weighted.mean_ensemble,Average,Cases,2021-05-31,506.34419766845,618.305589244851,0.818922239222935,average,3,invscore_mean
weighted.mean_ensemble,Average,Deaths,2021-05-31,37.9317264091522,38.6237741545894,0.982082337612391,average,3,invscore_mean
weighted.mean_ensemble,Average,Cases,2021-06-07,563.139535959518,598.541178489703,0.940853455363733,average,3,invscore_mean
weighted.mean_ensemble,Average,Deaths,2021-06-07,23.7310097740205,27.4239371980676,0.865339269216699,average,3,invscore_mean
weighted.mean_ensemble,Average,Cases,2021-06-14,808.802305074936,513.752534324943,1.57430329008047,average,3,invscore_mean
weighted.mean_ensemble,Average,Deaths,2021-06-14,13.2181555931116,13.6478381642512,0.968516437111255,average,3,invscore_mean
weighted.mean_ensemble,Average,Cases,2021-06-21,929.095288537143,980.237030892449,0.947827167569109,average,3,invscore_mean
weighted.mean_ensemble,Average,Deaths,2021-06-21,12.4438093752577,23.1515036231884,0.537494651655976,average,3,invscore_mean
weighted.mean_ensemble,Average,Cases,2021-06-28,3403.60215287091,3533.07270594966,0.96335468758944,average,3,invscore_mean
weighted.mean_ensemble,Average,Deaths,2021-06-28,18.5278934448362,14.7492330917874,1.25619368339584,average,3,invscore_mean
weighted.mean_ensemble,Average,Cases,2021-07-05,3695.11358514136,4279.76950800915,0.863390792010254,average,3,invscore_mean
weighted.mean_ensemble,Average,Deaths,2021-07-05,20.5542377210874,15.0023792270531,1.37006520165967,average,3,invscore_mean
weighted.mean_ensemble,Average,Cases,2021-07-12,3798.68513120631,2230.346298627,1.70318175861066,average,3,invscore_mean
weighted.mean_ensemble,Average,Deaths,2021-07-12,14.0901303973368,11.2919685990338,1.24780106088343,average,3,invscore_mean
weighted.mean_ensemble,Average,Cases,2021-07-19,7601.71934837965,6507.63897025172,1.1681224762359,average,3,invscore_mean
weighted.mean_ensemble,Average,Deaths,2021-07-19,5.56895052513877,7.01933574879227,0.793372866670033,average,3,invscore_mean
weighted.mean_ensemble,Average,Cases,2021-07-26,1953.82436675959,3614.59637871854,0.540537355225334,average,3,invscore_mean
weighted.mean_ensemble,Average,Deaths,2021-07-26,4.72051621543067,5.05958333333333,0.932985169812534,average,3,invscore_mean
weighted.mean_ensemble,Average,Cases,2021-08-02,1278.11728419023,1956.16074942792,0.653380497775562,average,3,invscore_mean
weighted.mean_ensemble,Average,Deaths,2021-08-02,6.8299548177167,7.19065217391304,0.949838019212649,average,3,invscore_mean
weighted.mean_ensemble,Average,Cases,2021-08-09,1196.69476107295,1250.88241990847,0.956680453755614,average,3,invscore_mean
weighted.mean_ensemble,Average,Deaths,2021-08-09,6.8342343672337,6.84526570048309,0.998388472598133,average,3,invscore_mean
weighted.mean_ensemble,Average,Cases,2021-08-16,956.901592699902,1050.9710812357,0.910492790700585,average,3,invscore_mean
weighted.mean_ensemble,Average,Deaths,2021-08-16,7.85969553559087,7.80506038647343,1.00699996494737,average,3,invscore_mean
weighted.mean_ensemble,Average,Cases,2021-08-23,1049.98003678126,1012.31164187643,1.03721027532095,average,3,invscore_mean
weighted.mean_ensemble,Average,Deaths,2021-08-23,8.69276018440857,9.24527173913043,0.940238473209676,average,3,invscore_mean
weighted.mean_ensemble,Average,Cases,2021-08-30,1406.21887265318,1134.6428375286,1.23934935835501,average,3,invscore_mean
weighted.mean_ensemble,Average,Deaths,2021-08-30,10.3190627227243,9.57253623188406,1.07798627999482,average,3,invscore_mean
weighted.mean_ensemble,Average,Cases,2021-09-06,1553.05877391451,1368.13561212815,1.13516435077566,average,3,invscore_mean
weighted.mean_ensemble,Average,Deaths,2021-09-06,12.0045919106747,12.2214553140097,0.982255517222541,average,3,invscore_mean
weighted.mean_ensemble,Average,Cases,2021-09-13,1090.01804552429,1314.30231121281,0.829351083251492,average,3,invscore_mean
weighted.mean_ensemble,Average,Deaths,2021-09-13,12.5927584252029,12.8642572463768,0.978895103232615,average,3,invscore_mean
weighted.mean_ensemble,Average,Cases,2021-09-20,1347.01446631569,1091.90627574371,1.2336356116263,average,3,invscore_mean
weighted.mean_ensemble,Average,Deaths,2021-09-20,13.4881512419747,10.9217934782609,1.23497585527706,average,3,invscore_mean
weighted.mean_ensemble,Average,Cases,2021-09-27,1116.84211015681,947.560217391304,1.17865027431349,average,3,invscore_mean
weighted.mean_ensemble,Average,Deaths,2021-09-27,17.1856347362427,15.3204468599034,1.1217450047897,average,3,invscore_mean
weighted.mean_ensemble,Average,Cases,2021-10-04,2131.51807851061,1754.47681922197,1.21490238865387,average,3,invscore_mean
weighted.mean_ensemble,Average,Deaths,2021-10-04,25.2531863059984,15.5638405797101,1.62255493280494,average,3,invscore_mean
weighted.mean_ensemble,Average,Cases,2021-10-11,2788.66871580994,2611.25733409611,1.06794097977143,average,3,invscore_mean
weighted.mean_ensemble,Average,Deaths,2021-10-11,28.0769843684546,20.7282185990338,1.35452953828668,average,3,invscore_mean
weighted.mean_ensemble,Average,Cases,2021-10-18,4425.86854638562,4650.34053203661,0.951729989641708,average,3,invscore_mean
weighted.mean_ensemble,Average,Deaths,2021-10-18,32.2537512354993,30.1311714975845,1.07044464693598,average,3,invscore_mean
weighted.mean_ensemble,Average,Cases,2021-10-25,4139.20776783182,4497.44848398169,0.920345787744808,average,3,invscore_mean
weighted.mean_ensemble,Average,Deaths,2021-10-25,34.3329303467366,31.9227173913044,1.07550149712784,average,3,invscore_mean
weighted.mean_ensemble,Average,Cases,2021-11-01,5209.05179327876,5824.67519450801,0.894307685721307,average,3,invscore_mean
weighted.mean_ensemble,Average,Deaths,2021-11-01,45.7968682403053,43.9417632850242,1.04221735352876,average,3,invscore_mean
weighted.mean_ensemble,Average,Cases,2021-11-08,3873.29216226241,4460.97609267735,0.868261134288611,average,3,invscore_mean
weighted.mean_ensemble,Average,Deaths,2021-11-08,51.4480926561047,51.5990458937198,0.997074495564781,average,3,invscore_mean
weighted.mean_ensemble,Average,Cases,2021-11-15,5068.77422679874,5264.25432494279,0.962866517064375,average,3,invscore_mean
weighted.mean_ensemble,Average,Deaths,2021-11-15,55.1746258635061,44.3411050724638,1.24432230034271,average,3,invscore_mean
weighted.mean_ensemble,Average,Cases,2021-11-22,5020.17976216347,4584.89199656751,1.09493958983589,average,3,invscore_mean
weighted.mean_ensemble,Average,Deaths,2021-11-22,44.4811386082103,34.8086413043478,1.27787632442448,average,3,invscore_mean
weighted.mean_ensemble,Average,Cases,2021-11-29,6261.96283081768,4430.99689359268,1.41321760795468,average,3,invscore_mean
weighted.mean_ensemble,Average,Deaths,2021-11-29,28.7578978790482,25.199402173913,1.14121349707331,average,3,invscore_mean
weighted.mean_ensemble,Average,Cases,2021-12-06,7568.86219492842,6396.92670480549,1.18320289479674,average,3,invscore_mean
weighted.mean_ensemble,Average,Deaths,2021-12-06,22.5384250567135,21.9276509661836,1.02785405930949,average,3,invscore_mean
weighted.mean_ensemble,Average,Cases,2021-12-13,11374.4141180137,11282.1540331808,1.00817752395168,average,3,invscore_mean
weighted.mean_ensemble,Average,Deaths,2021-12-13,34.6581575690468,27.2962801932367,1.26970258671488,average,3,invscore_mean
weighted.mean_ensemble,Average,Cases,2021-12-20,23769.9614781585,27898.067305492,0.852028967378654,average,3,invscore_mean
weighted.mean_ensemble,Average,Deaths,2021-12-20,37.0697792299417,35.0416847826087,1.05787662493727,average,3,invscore_mean
weighted.mean_ensemble,Average,Cases,2021-12-27,36571.3502556981,53430.2602745995,0.684468877144585,average,3,invscore_mean
weighted.mean_ensemble,Average,Deaths,2021-12-27,42.8298230393644,40.2167330917874,1.06497519183403,average,3,invscore_mean
weighted.mean_ensemble,Average,Cases,2022-01-03,67590.6688140746,34363.7557322655,1.96691739228641,average,3,invscore_mean
weighted.mean_ensemble,Average,Deaths,2022-01-03,38.4491672572303,22.5953985507246,1.70163704662768,average,3,invscore_mean
weighted.mean_ensemble,Average,Cases,2022-01-10,64006.2292516671,55139.3557208238,1.16080843555259,average,3,invscore_mean
weighted.mean_ensemble,Average,Deaths,2022-01-10,72.9393734717397,48.1189190821256,1.51581487828628,average,3,invscore_mean
weighted.mean_ensemble,Average,Cases,2022-01-17,42353.1082221709,38438.2303432494,1.10184854619898,average,3,invscore_mean
weighted.mean_ensemble,Average,Deaths,2022-01-17,41.4448734413906,44.9042210144928,0.922961639352664,average,3,invscore_mean
weighted.mean_ensemble,Average,Cases,2022-01-24,39702.6868824264,33771.4461784897,1.1756288632885,average,3,invscore_mean
weighted.mean_ensemble,Average,Deaths,2022-01-24,80.6142035978271,67.8808997584541,1.18758301502607,average,3,invscore_mean
weighted.mean_ensemble,Average,Cases,2022-01-31,56133.5852056837,51840.8299427918,1.08280645328459,average,3,invscore_mean
weighted.mean_ensemble,Average,Deaths,2022-01-31,67.3023896703452,55.5519142512077,1.21152242145971,average,3,invscore_mean
weighted.mean_ensemble,Average,Cases,2022-02-07,36069.8217136688,27003.5485869565,1.33574376706517,average,3,invscore_mean
weighted.mean_ensemble,Average,Deaths,2022-02-07,39.6279484509534,40.3927355072464,0.981066222757907,average,3,invscore_mean
weighted.mean_ensemble,Average,Cases,2022-02-14,14329.7408930484,13074.7630148741,1.09598475144418,average,3,invscore_mean
weighted.mean_ensemble,Average,Deaths,2022-02-14,45.5262611366377,35.3799335748792,1.28678198449086,average,3,invscore_mean
weighted.mean_ensemble,Average,Cases,2022-02-21,8594.97300817956,6936.39458810069,1.23911246671638,average,3,invscore_mean
weighted.mean_ensemble,Average,Deaths,2022-02-21,46.0666311357731,33.6733937198068,1.36804242302066,average,3,invscore_mean
weighted.mean_ensemble,Average,Cases,2022-02-28,11160.0591606767,10740.2387643021,1.03908855339138,average,3,invscore_mean
weighted.mean_ensemble,Average,Deaths,2022-02-28,36.8173736957807,29.8600422705314,1.23299804341253,average,3,invscore_mean
weighted.mean_ensemble,Average,Cases,2022-03-07,19155.8593466942,17657.3499199085,1.08486604352197,average,3,invscore_mean
weighted.mean_ensemble,Average,Deaths,2022-03-07,31.0696249617271,27.2240700483092,1.14125569419245,average,3,invscore_mean
weighted.median_ensemble,AT,Cases,2021-04-12,942.696413043478,704.364891304348,1.33836371557047,,3,invscore_median
weighted.median_ensemble,AT,Deaths,2021-04-12,19.2196195652174,14.5251086956522,1.32319970665489,,3,invscore_median
weighted.median_ensemble,AT,Cases,2021-04-19,1651.23858695652,1084.3952173913,1.5227276554473,,3,invscore_median
weighted.median_ensemble,AT,Deaths,2021-04-19,17.035652173913,15.8104347826087,1.07749422505775,,3,invscore_median
weighted.median_ensemble,AT,Cases,2021-04-26,980.08402173913,1253.25804347826,0.782028910039173,,3,invscore_median
weighted.median_ensemble,AT,Deaths,2021-04-26,8.55521739130435,7.22934782608696,1.18340099233198,,3,invscore_median
weighted.median_ensemble,AT,Cases,2021-05-03,1580.65304347826,2257.94608695652,0.700040205835392,,3,invscore_median
weighted.median_ensemble,AT,Deaths,2021-05-03,11.0352173913043,8.86217391304348,1.24520433694746,,3,invscore_median
weighted.median_ensemble,AT,Cases,2021-05-10,907.274021739131,890.003695652174,1.0194047801951,,3,invscore_median
weighted.median_ensemble,AT,Deaths,2021-05-10,8.10402173913044,8.17739130434783,0.991027754147172,,3,invscore_median
weighted.median_ensemble,AT,Cases,2021-05-17,263.145217391304,334.784239130435,0.786014353826199,,3,invscore_median
weighted.median_ensemble,AT,Deaths,2021-05-17,5.87108695652174,7.44565217391304,0.788525547445255,,3,invscore_median
weighted.median_ensemble,AT,Cases,2021-05-24,241.070434782609,186.180108695652,1.29482379439731,,3,invscore_median
weighted.median_ensemble,AT,Deaths,2021-05-24,17.7976086956522,14.2917391304348,1.24530741382982,,3,invscore_median
weighted.median_ensemble,AT,Cases,2021-05-31,193.424130434783,242.538695652174,0.797498023623304,,3,invscore_median
weighted.median_ensemble,AT,Deaths,2021-05-31,12.2455434782609,10.4186956521739,1.17534323749113,,3,invscore_median
weighted.median_ensemble,AT,Cases,2021-06-07,195.295108695652,180.52,1.08184748889681,,3,invscore_median
weighted.median_ensemble,AT,Deaths,2021-06-07,6.65054347826087,3.90326086956522,1.70384294068505,,3,invscore_median
weighted.median_ensemble,AT,Cases,2021-06-14,153.664347826087,182.02902173913,0.844174991207207,,3,invscore_median
weighted.median_ensemble,AT,Deaths,2021-06-14,13.7313043478261,10.4108695652174,1.31893923574859,,3,invscore_median
weighted.median_ensemble,AT,Cases,2021-06-21,68.4697826086957,78.954347826087,0.867207246895564,,3,invscore_median
weighted.median_ensemble,AT,Deaths,2021-06-21,7.28847826086956,8.53782608695652,0.853669094057137,,3,invscore_median
weighted.median_ensemble,AT,Cases,2021-06-28,171.960869565217,126.159673913044,1.36304148728018,,3,invscore_median
weighted.median_ensemble,AT,Deaths,2021-06-28,4.07804347826087,4.21804347826087,0.966809256300572,,3,invscore_median
weighted.median_ensemble,AT,Cases,2021-07-05,842.0675,686.378152173913,1.22682736525483,,3,invscore_median
weighted.median_ensemble,AT,Deaths,2021-07-05,4.8975,4.85130434782609,1.00952231582721,,3,invscore_median
weighted.median_ensemble,AT,Cases,2021-07-12,831.296739130435,350.840326086957,2.36944466561805,,3,invscore_median
weighted.median_ensemble,AT,Deaths,2021-07-12,2.08380434782609,2.06304347826087,1.01006322444679,,3,invscore_median
weighted.median_ensemble,AT,Cases,2021-07-19,236.211739130435,451.103695652174,0.52363068936719,,3,invscore_median
weighted.median_ensemble,AT,Deaths,2021-07-19,4.41673913043478,2.15847826086957,2.04622822036459,,3,invscore_median
weighted.median_ensemble,AT,Cases,2021-07-26,203.526304347826,212.783369565217,0.956495353766103,,3,invscore_median
weighted.median_ensemble,AT,Deaths,2021-07-26,9.28391304347826,4.73347826086957,1.96133002663727,,3,invscore_median
weighted.median_ensemble,AT,Cases,2021-08-02,493.438695652174,343.305,1.43731869810278,,3,invscore_median
weighted.median_ensemble,AT,Deaths,2021-08-02,6.11934782608696,5.79391304347826,1.05616839261594,,3,invscore_median
weighted.median_ensemble,AT,Cases,2021-08-09,1458.21630434783,863.077608695652,1.68955409068206,,3,invscore_median
weighted.median_ensemble,AT,Deaths,2021-08-09,2.28978260869565,1.74239130434783,1.31416094822208,,3,invscore_median
weighted.median_ensemble,AT,Cases,2021-08-16,978.778913043478,496.515108695652,1.97129734000388,,3,invscore_median
weighted.median_ensemble,AT,Deaths,2021-08-16,4.45608695652174,4.45945652173913,0.999244400029249,,3,invscore_median
weighted.median_ensemble,AT,Cases,2021-08-23,616.038804347826,798.340108695652,0.771649573456012,,3,invscore_median
weighted.median_ensemble,AT,Deaths,2021-08-23,8.42173913043478,8.67673913043478,0.970611079097036,,3,invscore_median
weighted.median_ensemble,AT,Cases,2021-08-30,652.216956521739,642.335217391304,1.01538408429569,,3,invscore_median
weighted.median_ensemble,AT,Deaths,2021-08-30,21.0970652173913,14.3321739130435,1.47200734134207,,3,invscore_median
weighted.median_ensemble,AT,Cases,2021-09-06,583.747826086957,720.178043478261,0.81056043206707,,3,invscore_median
weighted.median_ensemble,AT,Deaths,2021-09-06,24.8960869565217,23.5234782608696,1.05835058406033,,3,invscore_median
weighted.median_ensemble,AT,Cases,2021-09-13,1796.48010869565,2004.8252173913,0.89607816836684,,3,invscore_median
weighted.median_ensemble,AT,Deaths,2021-09-13,10.9444565217391,13.4734782608696,0.812296298686631,,3,invscore_median
weighted.median_ensemble,AT,Cases,2021-09-20,1273.17891304348,2006.79608695652,0.634433623485066,,3,invscore_median
weighted.median_ensemble,AT,Deaths,2021-09-20,8.76260869565217,6.92489130434783,1.2653785179488,,3,invscore_median
weighted.median_ensemble,AT,Cases,2021-09-27,510.196304347826,720.313260869565,0.708297808833777,,3,invscore_median
weighted.median_ensemble,AT,Deaths,2021-09-27,9.63521739130435,5.88065217391304,1.63846068537207,,3,invscore_median
weighted.median_ensemble,AT,Cases,2021-10-04,465.553913043478,778.691521739131,0.597866934525895,,3,invscore_median
weighted.median_ensemble,AT,Deaths,2021-10-04,12.9945652173913,8.22956521739131,1.57900993237532,,3,invscore_median
weighted.median_ensemble,AT,Cases,2021-10-11,3758.83434782609,2795.78793478261,1.34446332680034,,3,invscore_median
weighted.median_ensemble,AT,Deaths,2021-10-11,15.7628260869565,18.9854347826087,0.830258894117917,,3,invscore_median
weighted.median_ensemble,AT,Cases,2021-10-18,7365.82945652174,6409.95891304348,1.14912272550346,,3,invscore_median
weighted.median_ensemble,AT,Deaths,2021-10-18,41.479347826087,36.4202173913044,1.13890994610017,,3,invscore_median
weighted.median_ensemble,AT,Cases,2021-10-25,5002.60054347826,4067.29673913044,1.22995711017333,,3,invscore_median
weighted.median_ensemble,AT,Deaths,2021-10-25,49.1672826086957,40.2044565217391,1.22293115894031,,3,invscore_median
weighted.median_ensemble,AT,Cases,2021-11-01,12005.114673913,10880.9389130435,1.1033160621389,,3,invscore_median
weighted.median_ensemble,AT,Deaths,2021-11-01,62.4711956521739,59.8264130434783,1.04420760788004,,3,invscore_median
weighted.median_ensemble,AT,Cases,2021-11-08,2699.33304347826,3125.8422826087,0.863553819876514,,3,invscore_median
weighted.median_ensemble,AT,Deaths,2021-11-08,92.3452173913043,75.8219565217391,1.21792184780708,,3,invscore_median
weighted.median_ensemble,AT,Cases,2021-11-15,7914.10619565217,15897.8536956522,0.497809726215845,,3,invscore_median
weighted.median_ensemble,AT,Deaths,2021-11-15,42.5903260869565,50.640652173913,0.841030363129811,,3,invscore_median
weighted.median_ensemble,AT,Cases,2021-11-22,29376.295326087,37096.3216304348,0.791892404285871,,3,invscore_median
weighted.median_ensemble,AT,Deaths,2021-11-22,32.1578260869565,28.2310869565217,1.13909273619122,,3,invscore_median
weighted.median_ensemble,AT,Cases,2021-11-29,13441.7219565217,16983.9280434783,0.791437759398851,,3,invscore_median
weighted.median_ensemble,AT,Deaths,2021-11-29,32.8325,24.9534782608696,1.31574843622044,,3,invscore_median
weighted.median_ensemble,AT,Cases,2021-12-06,14491.047826087,25559.9413043478,0.566943705133704,,3,invscore_median
weighted.median_ensemble,AT,Deaths,2021-12-06,37.7010869565217,37.8728260869565,0.995465373245702,,3,invscore_median
weighted.median_ensemble,AT,Cases,2021-12-13,4703.84163043478,3944.0152173913,1.19265301251704,,3,invscore_median
weighted.median_ensemble,AT,Deaths,2021-12-13,56.8501086956522,32.0628260869565,1.77308477242371,,3,invscore_median
weighted.median_ensemble,AT,Cases,2021-12-20,2182.2575,2030.95326086957,1.07449912415299,,3,invscore_median
weighted.median_ensemble,AT,Deaths,2021-12-20,8.23434782608696,21.1073913043478,0.390116794034647,,3,invscore_median
weighted.median_ensemble,AT,Cases,2021-12-27,17433.3835869565,18202.909673913,0.957725105450622,,3,invscore_median
weighted.median_ensemble,AT,Deaths,2021-12-27,21.5953260869565,10.9669565217391,1.96912662543609,,3,invscore_median
weighted.median_ensemble,AT,Cases,2022-01-03,18557.8879347826,47427.740326087,0.391287626338274,,3,invscore_median
weighted.median_ensemble,AT,Deaths,2022-01-03,9.09880434782609,7.58228260869565,1.20000860128733,,3,invscore_median
weighted.median_ensemble,AT,Cases,2022-01-10,16989.6151086957,18630.3465217391,0.911932319072597,,3,invscore_median
weighted.median_ensemble,AT,Deaths,2022-01-10,11.1217391304348,7.12586956521739,1.56075536166448,,3,invscore_median
weighted.median_ensemble,AT,Cases,2022-01-17,54196.0863043478,10971.8836956522,4.93954254416898,,3,invscore_median
weighted.median_ensemble,AT,Deaths,2022-01-17,21.2767391304348,6.45413043478261,3.29660817137661,,3,invscore_median
weighted.median_ensemble,AT,Cases,2022-01-24,81087.3823913044,17989.0089130435,4.50760699398561,,3,invscore_median
weighted.median_ensemble,AT,Deaths,2022-01-24,12.7847826086957,6.91195652173913,1.84966189652461,,3,invscore_median
weighted.median_ensemble,AT,Cases,2022-01-31,19483.4720652174,45034.8756521739,0.432630750791845,,3,invscore_median
weighted.median_ensemble,AT,Deaths,2022-01-31,18.730652173913,11.520652173913,1.62583262571941,,3,invscore_median
weighted.median_ensemble,AT,Cases,2022-02-07,19317.477826087,16118.197826087,1.19848869175821,,3,invscore_median
weighted.median_ensemble,AT,Deaths,2022-02-07,9.93065217391304,15.0315217391304,0.660655144985176,,3,invscore_median
weighted.median_ensemble,AT,Cases,2022-02-14,11549.0898913044,10178.0592391304,1.13470452666485,,3,invscore_median
weighted.median_ensemble,AT,Deaths,2022-02-14,21.6195652173913,18.3404347826087,1.17879240452315,,3,invscore_median
weighted.median_ensemble,AT,Cases,2022-02-21,17015.9171739131,20644.3789130435,0.824239723829236,,3,invscore_median
weighted.median_ensemble,AT,Deaths,2022-02-21,15.0679347826087,14.5291304347826,1.03708441811054,,3,invscore_median
weighted.median_ensemble,AT,Cases,2022-02-28,48596.1098913044,28570.3973913043,1.70092523480598,,3,invscore_median
weighted.median_ensemble,AT,Deaths,2022-02-28,20.0105434782609,16.6983695652174,1.19835313262815,,3,invscore_median
weighted.median_ensemble,AT,Cases,2022-03-07,88578.5486956522,48860.5782608696,1.81288375718204,,3,invscore_median
weighted.median_ensemble,AT,Deaths,2022-03-07,10.6996739130435,16.0019565217391,0.668647855561141,,3,invscore_median
weighted.median_ensemble,BE,Cases,2021-04-12,2356.08576086957,1855.20413043478,1.26998734113286,,3,invscore_median
weighted.median_ensemble,BE,Deaths,2021-04-12,26.3292391304348,19.1259782608696,1.37662182667553,,3,invscore_median
weighted.median_ensemble,BE,Cases,2021-04-19,2894.80195652174,1508.77630434783,1.91864224549379,,3,invscore_median
weighted.median_ensemble,BE,Deaths,2021-04-19,38.5366304347826,12.669347826087,3.041721717943,,3,invscore_median
weighted.median_ensemble,BE,Cases,2021-04-26,1715.26739130435,1578.7427173913,1.08647683527474,,3,invscore_median
weighted.median_ensemble,BE,Deaths,2021-04-26,16.3435869565217,10.9851086956522,1.48779474189367,,3,invscore_median
weighted.median_ensemble,BE,Cases,2021-05-03,1201.55739130435,1496.89652173913,0.802699033536633,,3,invscore_median
weighted.median_ensemble,BE,Deaths,2021-05-03,16.8034782608696,20.0459782608696,0.838246856411619,,3,invscore_median
weighted.median_ensemble,BE,Cases,2021-05-10,1666.54358695652,2298.96413043478,0.724910652103712,,3,invscore_median
weighted.median_ensemble,BE,Deaths,2021-05-10,54.5370652173913,45.6213043478261,1.19542976679469,,3,invscore_median
weighted.median_ensemble,BE,Cases,2021-05-17,1252.9977173913,1328.82510869565,0.942936515265896,,3,invscore_median
weighted.median_ensemble,BE,Deaths,2021-05-17,16.4691304347826,14.68,1.1218753702168,,3,invscore_median
weighted.median_ensemble,BE,Cases,2021-05-24,1441.95847826087,1973.7327173913,0.730574340464253,,3,invscore_median
weighted.median_ensemble,BE,Deaths,2021-05-24,9.26086956521739,7.31891304347826,1.26533400659399,,3,invscore_median
weighted.median_ensemble,BE,Cases,2021-05-31,1564.17076086957,2292.22336956522,0.682381473654661,,3,invscore_median
weighted.median_ensemble,BE,Deaths,2021-05-31,12.7086956521739,8.16402173913044,1.55667097152139,,3,invscore_median
weighted.median_ensemble,BE,Cases,2021-06-07,2266.2375,2719.19347826087,0.833422674082548,,3,invscore_median
weighted.median_ensemble,BE,Deaths,2021-06-07,6.14576086956522,8.72804347826087,0.704139580064261,,3,invscore_median
weighted.median_ensemble,BE,Cases,2021-06-14,431.183695652174,1131.03086956522,0.381230704886,,3,invscore_median
weighted.median_ensemble,BE,Deaths,2021-06-14,3.5870652173913,5.59,0.641693241036011,,3,invscore_median
weighted.median_ensemble,BE,Cases,2021-06-21,1538.85597826087,841.983043478261,1.82765673273395,,3,invscore_median
weighted.median_ensemble,BE,Deaths,2021-06-21,3.31586956521739,3.71608695652174,0.892301392301393,,3,invscore_median
weighted.median_ensemble,BE,Cases,2021-06-28,3223.68,3016.66206521739,1.06862483443855,,3,invscore_median
weighted.median_ensemble,BE,Deaths,2021-06-28,2.07934782608696,2.22195652173913,0.935818413071128,,3,invscore_median
weighted.median_ensemble,BE,Cases,2021-07-05,4487.14010869565,4459.03293478261,1.00630342370737,,3,invscore_median
weighted.median_ensemble,BE,Deaths,2021-07-05,1.74858695652174,3.17065217391304,0.551491258141927,,3,invscore_median
weighted.median_ensemble,BE,Cases,2021-07-12,3813.32565217391,1063.78717391304,3.58466970244334,,3,invscore_median
weighted.median_ensemble,BE,Deaths,2021-07-12,1.37347826086957,2.76217391304348,0.497245395875964,,3,invscore_median
weighted.median_ensemble,BE,Cases,2021-07-19,1293.29565217391,1780.09195652174,0.726533057708426,,3,invscore_median
weighted.median_ensemble,BE,Deaths,2021-07-19,3.82565217391304,4.24586956521739,0.901029133172905,,3,invscore_median
weighted.median_ensemble,BE,Cases,2021-07-26,563.090217391305,1686.53576086957,0.333873867637992,,3,invscore_median
weighted.median_ensemble,BE,Deaths,2021-07-26,6.23521739130435,4.57195652173913,1.36379630069897,,3,invscore_median
weighted.median_ensemble,BE,Cases,2021-08-02,968.685869565217,1028.22065217391,0.942099215297004,,3,invscore_median
weighted.median_ensemble,BE,Deaths,2021-08-02,3.68913043478261,3.90478260869565,0.944772297071596,,3,invscore_median
weighted.median_ensemble,BE,Cases,2021-08-09,1006.06902173913,1023.29891304348,0.983162406326512,,3,invscore_median
weighted.median_ensemble,BE,Deaths,2021-08-09,4.54358695652174,4.62782608695652,0.981797256670425,,3,invscore_median
weighted.median_ensemble,BE,Cases,2021-08-16,917.725,1130.55913043478,0.811744361966338,,3,invscore_median
weighted.median_ensemble,BE,Deaths,2021-08-16,5.87989130434783,6.11445652173913,0.961637601550139,,3,invscore_median
weighted.median_ensemble,BE,Cases,2021-08-23,678.938913043478,1103.40793478261,0.61531088515984,,3,invscore_median
weighted.median_ensemble,BE,Deaths,2021-08-23,5.57836956521739,5.29478260869565,1.05355969781573,,3,invscore_median
weighted.median_ensemble,BE,Cases,2021-08-30,661.758804347826,936.045760869565,0.706972705835522,,3,invscore_median
weighted.median_ensemble,BE,Deaths,2021-08-30,10.8586956521739,7.67760869565218,1.41433304074525,,3,invscore_median
weighted.median_ensemble,BE,Cases,2021-09-06,750.944021739131,1013.43097826087,0.740991777286907,,3,invscore_median
weighted.median_ensemble,BE,Deaths,2021-09-06,11.5814130434783,10.579347826087,1.09471899722593,,3,invscore_median
weighted.median_ensemble,BE,Cases,2021-09-13,973.908152173913,910.538369565217,1.0695959497445,,3,invscore_median
weighted.median_ensemble,BE,Deaths,2021-09-13,5.94282608695652,5.51478260869565,1.07761747082939,,3,invscore_median
weighted.median_ensemble,BE,Cases,2021-09-20,1537.10413043478,1339.84956521739,1.14722142719462,,3,invscore_median
weighted.median_ensemble,BE,Deaths,2021-09-20,10.2835869565217,8.23989130434783,1.24802458875829,,3,invscore_median
weighted.median_ensemble,BE,Cases,2021-09-27,949.5275,965.625217391304,0.983329228461128,,3,invscore_median
weighted.median_ensemble,BE,Deaths,2021-09-27,5.07619565217391,5.21706521739131,0.972998312394525,,3,invscore_median
weighted.median_ensemble,BE,Cases,2021-10-04,2455.74336956522,1933.43619565217,1.27014451011499,,3,invscore_median
weighted.median_ensemble,BE,Deaths,2021-10-04,9.55663043478261,9.10130434782609,1.0500286628768,,3,invscore_median
weighted.median_ensemble,BE,Cases,2021-10-11,10661.2542391304,8948.48728260869,1.19140296034733,,3,invscore_median
weighted.median_ensemble,BE,Deaths,2021-10-11,21.0705434782609,15.9521739130435,1.3208571817934,,3,invscore_median
weighted.median_ensemble,BE,Cases,2021-10-18,14787.8304347826,16844.9505434783,0.87787912446605,,3,invscore_median
weighted.median_ensemble,BE,Deaths,2021-10-18,30.5228260869565,28.1163043478261,1.08559168051958,,3,invscore_median
weighted.median_ensemble,BE,Cases,2021-10-25,4349.49706521739,4371.57043478261,0.994950700235872,,3,invscore_median
weighted.median_ensemble,BE,Deaths,2021-10-25,15.5177173913043,16.3152173913044,0.951119253830779,,3,invscore_median
weighted.median_ensemble,BE,Cases,2021-11-01,4056.40423913044,16162.7669565217,0.250972141715727,,3,invscore_median
weighted.median_ensemble,BE,Deaths,2021-11-01,27.7821739130435,26.1526086956522,1.06230985353527,,3,invscore_median
weighted.median_ensemble,BE,Cases,2021-11-08,14352.6144565217,17195.3311956522,0.834680896413951,,3,invscore_median
weighted.median_ensemble,BE,Deaths,2021-11-08,69.2292391304348,33.4086956521739,2.072192217595,,3,invscore_median
weighted.median_ensemble,BE,Cases,2021-11-15,10848.7458695652,5472.32152173913,1.98247596133888,,3,invscore_median
weighted.median_ensemble,BE,Deaths,2021-11-15,34.5691304347826,20.614347826087,1.67694514162782,,3,invscore_median
weighted.median_ensemble,BE,Cases,2021-11-22,4421.27423913044,4587.40576086957,0.963785300363829,,3,invscore_median
weighted.median_ensemble,BE,Deaths,2021-11-22,22.4427173913044,23.7064130434783,0.946693932571906,,3,invscore_median
weighted.median_ensemble,BE,Cases,2021-11-29,18959.5734782609,10146.8591304348,1.86851647731986,,3,invscore_median
weighted.median_ensemble,BE,Deaths,2021-11-29,24.9194565217391,20.2997826086957,1.2275725805588,,3,invscore_median
weighted.median_ensemble,BE,Cases,2021-12-06,34338.5065217391,30360.7154347826,1.13101769935235,,3,invscore_median
weighted.median_ensemble,BE,Deaths,2021-12-06,22.8017391304348,21.3903260869565,1.06598370860456,,3,invscore_median
weighted.median_ensemble,BE,Cases,2021-12-13,21148.0475,21536.2048913044,0.981976518459802,,3,invscore_median
weighted.median_ensemble,BE,Deaths,2021-12-13,40.2871739130435,30.7384782608696,1.31064308295084,,3,invscore_median
weighted.median_ensemble,BE,Cases,2021-12-20,11016.5959782609,11982.3343478261,0.919403152880605,,3,invscore_median
weighted.median_ensemble,BE,Deaths,2021-12-20,75.5008695652174,57.9257608695652,1.30340747245819,,3,invscore_median
weighted.median_ensemble,BE,Cases,2021-12-27,75449.3870652174,65484.3846739131,1.1521737195963,,3,invscore_median
weighted.median_ensemble,BE,Deaths,2021-12-27,12.854347826087,28.2256521739131,0.455413669341795,,3,invscore_median
weighted.median_ensemble,BE,Cases,2022-01-03,95136.9343478261,81548.5893478261,1.16662881735504,,3,invscore_median
weighted.median_ensemble,BE,Deaths,2022-01-03,18.8859782608696,14.48,1.30428026663464,,3,invscore_median
weighted.median_ensemble,BE,Cases,2022-01-10,127292.038695652,82634.1892391305,1.54042824002652,,3,invscore_median
weighted.median_ensemble,BE,Deaths,2022-01-10,37.0632608695652,30.8708695652174,1.2005901159106,,3,invscore_median
weighted.median_ensemble,BE,Cases,2022-01-17,92003.8718478261,50323.9173913044,1.82823350440766,,3,invscore_median
weighted.median_ensemble,BE,Deaths,2022-01-17,23.2657608695652,11.1015217391304,2.09572718193746,,3,invscore_median
weighted.median_ensemble,BE,Cases,2022-01-24,32711.5782608696,61884.4341304348,0.528591377145388,,3,invscore_median
weighted.median_ensemble,BE,Deaths,2022-01-24,32.6030434782609,24.8486956521739,1.3120625699888,,3,invscore_median
weighted.median_ensemble,BE,Cases,2022-01-31,184931.410326087,179168.984347826,1.03216196150933,,3,invscore_median
weighted.median_ensemble,BE,Deaths,2022-01-31,96.1919565217391,67.4419565217391,1.42629249628505,,3,invscore_median
weighted.median_ensemble,BE,Cases,2022-02-07,92160.8883695652,83858.4593478261,1.09900526537582,,3,invscore_median
weighted.median_ensemble,BE,Deaths,2022-02-07,60.4644565217391,53.1634782608696,1.13733071085086,,3,invscore_median
weighted.median_ensemble,BE,Cases,2022-02-14,15186.5594565217,10775.8980434783,1.40930801268233,,3,invscore_median
weighted.median_ensemble,BE,Deaths,2022-02-14,51.0290217391304,80.6545652173913,0.632686092865171,,3,invscore_median
weighted.median_ensemble,BE,Cases,2022-02-21,9992.73456521739,4122.23358695652,2.4241068232611,,3,invscore_median
weighted.median_ensemble,BE,Deaths,2022-02-21,68.2266304347826,54.1623913043478,1.25966798717223,,3,invscore_median
weighted.median_ensemble,BE,Cases,2022-02-28,17539.8297826087,11625.0736956522,1.508792997086,,3,invscore_median
weighted.median_ensemble,BE,Deaths,2022-02-28,24.2651086956522,22.8455434782609,1.06213751135937,,3,invscore_median
weighted.median_ensemble,BE,Cases,2022-03-07,24445.0061956522,19438.0915217391,1.25758262678789,,3,invscore_median
weighted.median_ensemble,BE,Deaths,2022-03-07,33.6491304347826,30.8045652173913,1.09234232644794,,3,invscore_median
weighted.median_ensemble,BG,Cases,2021-04-12,1747.29956521739,1838.12163043478,0.950589741335067,,3,invscore_median
weighted.median_ensemble,BG,Deaths,2021-04-12,49.9626086956522,57.014347826087,0.876316411582134,,3,invscore_median
weighted.median_ensemble,BG,Cases,2021-04-19,1015.98336956522,613.382608695652,1.65636155176569,,3,invscore_median
weighted.median_ensemble,BG,Deaths,2021-04-19,42.5398913043478,42.1230434782609,1.00989595697904,,3,invscore_median
weighted.median_ensemble,BG,Cases,2021-04-26,979.94597826087,824.814347826087,1.18808066426542,,3,invscore_median
weighted.median_ensemble,BG,Deaths,2021-04-26,30.7035869565217,34.3385869565217,0.894142411724673,,3,invscore_median
weighted.median_ensemble,BG,Cases,2021-05-03,472.300543478261,1082.63456521739,0.436251121710144,,3,invscore_median
weighted.median_ensemble,BG,Deaths,2021-05-03,21.109347826087,23.2127173913044,0.909387189368647,,3,invscore_median
weighted.median_ensemble,BG,Cases,2021-05-10,321.422608695652,587.08652173913,0.547487630517389,,3,invscore_median
weighted.median_ensemble,BG,Deaths,2021-05-10,18.668152173913,19.2019565217391,0.972200523044527,,3,invscore_median
weighted.median_ensemble,BG,Cases,2021-05-17,302.002934782609,302.082717391304,0.999735891515461,,3,invscore_median
weighted.median_ensemble,BG,Deaths,2021-05-17,13.8715217391304,19.9647826086957,0.694799538317472,,3,invscore_median
weighted.median_ensemble,BG,Cases,2021-05-24,143.928913043478,116.909565217391,1.23111323505348,,3,invscore_median
weighted.median_ensemble,BG,Deaths,2021-05-24,15.4246739130435,11.1330434782609,1.38548582363509,,3,invscore_median
weighted.median_ensemble,BG,Cases,2021-05-31,104.750108695652,113.668695652174,0.921538758711435,,3,invscore_median
weighted.median_ensemble,BG,Deaths,2021-05-31,17.4114130434783,14.1913043478261,1.22690716911765,,3,invscore_median
weighted.median_ensemble,BG,Cases,2021-06-07,85.6232608695652,102.525434782609,0.835141650958299,,3,invscore_median
weighted.median_ensemble,BG,Deaths,2021-06-07,13.3615217391304,9.94239130434783,1.34389417295288,,3,invscore_median
weighted.median_ensemble,BG,Cases,2021-06-14,67.6997826086957,74.0258695652174,0.914542213503505,,3,invscore_median
weighted.median_ensemble,BG,Deaths,2021-06-14,14.6698913043478,10.5308695652174,1.39303703397878,,3,invscore_median
weighted.median_ensemble,BG,Cases,2021-06-21,71.3260869565217,64.2995652173913,1.10927790437423,,3,invscore_median
weighted.median_ensemble,BG,Deaths,2021-06-21,8.86445652173913,9.02478260869565,0.982234908705497,,3,invscore_median
weighted.median_ensemble,BG,Cases,2021-06-28,78.5532608695652,53.1870652173913,1.47692414590831,,3,invscore_median
weighted.median_ensemble,BG,Deaths,2021-06-28,18.1864130434783,14.0519565217391,1.29422639582914,,3,invscore_median
weighted.median_ensemble,BG,Cases,2021-07-05,64.8101086956522,58.0157608695652,1.11711210409465,,3,invscore_median
weighted.median_ensemble,BG,Deaths,2021-07-05,10.8779347826087,7.94413043478261,1.36930465479025,,3,invscore_median
weighted.median_ensemble,BG,Cases,2021-07-12,185.029239130435,124.106739130435,1.49088792781809,,3,invscore_median
weighted.median_ensemble,BG,Deaths,2021-07-12,5.02163043478261,3.89565217391304,1.28903459821429,,3,invscore_median
weighted.median_ensemble,BG,Cases,2021-07-19,538.895760869565,353.979239130435,1.52239369233457,,3,invscore_median
weighted.median_ensemble,BG,Deaths,2021-07-19,5.06173913043478,5.17608695652174,0.977908441831163,,3,invscore_median
weighted.median_ensemble,BG,Cases,2021-07-26,778.579347826087,758.831739130435,1.026023698901,,3,invscore_median
weighted.median_ensemble,BG,Deaths,2021-07-26,8.3379347826087,5.87673913043478,1.41880294454925,,3,invscore_median
weighted.median_ensemble,BG,Cases,2021-08-02,794.651847826087,1362.32695652174,0.583304796269299,,3,invscore_median
weighted.median_ensemble,BG,Deaths,2021-08-02,32.5716304347826,21.134347826087,1.54117035939847,,3,invscore_median
weighted.median_ensemble,BG,Cases,2021-08-09,553.075108695652,903.183152173913,0.612362074474519,,3,invscore_median
weighted.median_ensemble,BG,Deaths,2021-08-09,13.0421739130435,20.4136956521739,0.638893326091818,,3,invscore_median
weighted.median_ensemble,BG,Cases,2021-08-16,1042.55858695652,1100.30858695652,0.94751472388329,,3,invscore_median
weighted.median_ensemble,BG,Deaths,2021-08-16,18.3292391304348,15.2673913043478,1.20054819877545,,3,invscore_median
weighted.median_ensemble,BG,Cases,2021-08-23,992.061847826087,1858.0675,0.533921317619563,,3,invscore_median
weighted.median_ensemble,BG,Deaths,2021-08-23,23.7533695652174,25.1067391304348,0.946095366738534,,3,invscore_median
weighted.median_ensemble,BG,Cases,2021-08-30,1144.70434782609,2363.34521739131,0.48435765515866,,3,invscore_median
weighted.median_ensemble,BG,Deaths,2021-08-30,31.1841304347826,34.3169565217391,0.908709092982301,,3,invscore_median
weighted.median_ensemble,BG,Cases,2021-09-06,571.424239130435,847.94347826087,0.673894255667164,,3,invscore_median
weighted.median_ensemble,BG,Deaths,2021-09-06,33.9559782608696,37.445,0.906822760338351,,3,invscore_median
weighted.median_ensemble,BG,Cases,2021-09-13,822.581956521739,727.256956521739,1.13107471732675,,3,invscore_median
weighted.median_ensemble,BG,Deaths,2021-09-13,50.0894565217391,39.7345652173913,1.26060160084036,,3,invscore_median
weighted.median_ensemble,BG,Cases,2021-09-20,798.443695652174,1004.70434782609,0.794705126318796,,3,invscore_median
weighted.median_ensemble,BG,Deaths,2021-09-20,35.7848913043478,30.9934782608696,1.15459423441117,,3,invscore_median
weighted.median_ensemble,BG,Cases,2021-09-27,1654.63163043478,1457.47869565217,1.13526985702826,,3,invscore_median
weighted.median_ensemble,BG,Deaths,2021-09-27,115.716195652174,69.5777173913044,1.66312147036079,,3,invscore_median
weighted.median_ensemble,BG,Cases,2021-10-04,2791.74934782609,1464.18445652174,1.90669238113486,,3,invscore_median
weighted.median_ensemble,BG,Deaths,2021-10-04,103.673369565217,60.405,1.71630443779848,,3,invscore_median
weighted.median_ensemble,BG,Cases,2021-10-11,5677.4,4724.4102173913,1.20171613783676,,3,invscore_median
weighted.median_ensemble,BG,Deaths,2021-10-11,49.7191304347826,47.5152173913044,1.04638330969483,,3,invscore_median
weighted.median_ensemble,BG,Cases,2021-10-18,2800.67554347826,3443.81532608696,0.813247888835124,,3,invscore_median
weighted.median_ensemble,BG,Deaths,2021-10-18,54.0196739130435,92.1163043478261,0.586429018136335,,3,invscore_median
weighted.median_ensemble,BG,Cases,2021-10-25,3862.63402173913,3290.81673913043,1.17376150905316,,3,invscore_median
weighted.median_ensemble,BG,Deaths,2021-10-25,71.1480434782609,64.4039130434783,1.10471615956362,,3,invscore_median
weighted.median_ensemble,BG,Cases,2021-11-01,9354.06086956522,14691.2065217391,0.636711549573799,,3,invscore_median
weighted.median_ensemble,BG,Deaths,2021-11-01,67.5498913043478,68.4388043478261,0.987011563805812,,3,invscore_median
weighted.median_ensemble,BG,Cases,2021-11-08,2289.77652173913,4417.89641304348,0.518295656498136,,3,invscore_median
weighted.median_ensemble,BG,Deaths,2021-11-08,88.9008695652174,78.1615217391304,1.13739942093157,,3,invscore_median
weighted.median_ensemble,BG,Cases,2021-11-15,1876.34086956522,1479.92358695652,1.26786334517712,,3,invscore_median
weighted.median_ensemble,BG,Deaths,2021-11-15,139.333043478261,152.63,0.912881107765582,,3,invscore_median
weighted.median_ensemble,BG,Cases,2021-11-22,2477.48630434783,1099.11369565217,2.25407645646502,,3,invscore_median
weighted.median_ensemble,BG,Deaths,2021-11-22,47.9290217391304,44.6870652173913,1.07254798465659,,3,invscore_median
weighted.median_ensemble,BG,Cases,2021-11-29,801.188260869565,706.92347826087,1.13334510100103,,3,invscore_median
weighted.median_ensemble,BG,Deaths,2021-11-29,47.6801086956522,38.7463043478261,1.23057177963677,,3,invscore_median
weighted.median_ensemble,BG,Cases,2021-12-06,881.53347826087,604.848043478261,1.4574461929173,,3,invscore_median
weighted.median_ensemble,BG,Deaths,2021-12-06,38.9921739130435,35.134347826087,1.10980212600082,,3,invscore_median
weighted.median_ensemble,BG,Cases,2021-12-13,593.918260869565,615.849347826087,0.964388876867472,,3,invscore_median
weighted.median_ensemble,BG,Deaths,2021-12-13,27.035,24.0080434782609,1.12608093302064,,3,invscore_median
weighted.median_ensemble,BG,Cases,2021-12-20,2315.1027173913,2228.67086956522,1.03878179097973,,3,invscore_median
weighted.median_ensemble,BG,Deaths,2021-12-20,29.8084782608696,28.6515217391304,1.04038028179701,,3,invscore_median
weighted.median_ensemble,BG,Cases,2021-12-27,12063.5917391304,11828.9622826087,1.01983516820125,,3,invscore_median
weighted.median_ensemble,BG,Deaths,2021-12-27,91.5598913043478,54.5884782608696,1.67727502618406,,3,invscore_median
weighted.median_ensemble,BG,Cases,2022-01-03,17147.5295652174,17021.8747826087,1.00738195905054,,3,invscore_median
weighted.median_ensemble,BG,Deaths,2022-01-03,92.4567391304348,48.7539130434783,1.89639627588421,,3,invscore_median
weighted.median_ensemble,BG,Cases,2022-01-10,3317.3347826087,3292.21739130435,1.00762932343736,,3,invscore_median
weighted.median_ensemble,BG,Deaths,2022-01-10,114.421739130435,40.555652173913,2.82135122965758,,3,invscore_median
weighted.median_ensemble,BG,Cases,2022-01-17,9105.58554347826,7432.25913043478,1.2251437125209,,3,invscore_median
weighted.median_ensemble,BG,Deaths,2022-01-17,44.7976086956522,71.1966304347826,0.629209674981565,,3,invscore_median
weighted.median_ensemble,BG,Cases,2022-01-24,24769.257826087,20358.1676086957,1.21667422639291,,3,invscore_median
weighted.median_ensemble,BG,Deaths,2022-01-24,82.8794565217392,123.314565217391,0.672097869182208,,3,invscore_median
weighted.median_ensemble,BG,Cases,2022-01-31,17222.2542391304,15346.3782608696,1.12223574490171,,3,invscore_median
weighted.median_ensemble,BG,Deaths,2022-01-31,109.536739130435,33.9117391304348,3.23005372001487,,3,invscore_median
weighted.median_ensemble,BG,Cases,2022-02-07,5953.63010869565,5832.33239130435,1.02079746304791,,3,invscore_median
weighted.median_ensemble,BG,Deaths,2022-02-07,61.6470652173913,40.3839130434783,1.52652530603017,,3,invscore_median
weighted.median_ensemble,BG,Cases,2022-02-14,3197.09336956522,3073.72413043478,1.04013673117535,,3,invscore_median
weighted.median_ensemble,BG,Deaths,2022-02-14,40.5636956521739,45.7489130434783,0.886659222124546,,3,invscore_median
weighted.median_ensemble,BG,Cases,2022-02-21,2069.57619565217,2220.32086956522,0.932106806732595,,3,invscore_median
weighted.median_ensemble,BG,Deaths,2022-02-21,58.7673913043478,52.2360869565218,1.12503433408522,,3,invscore_median
weighted.median_ensemble,BG,Cases,2022-02-28,1194.31869565217,1281.79391304348,0.931755630525968,,3,invscore_median
weighted.median_ensemble,BG,Deaths,2022-02-28,31.9782608695652,31.7948913043478,1.00576726504463,,3,invscore_median
weighted.median_ensemble,BG,Cases,2022-03-07,2522.16336956522,1935.49630434783,1.30310936988075,,3,invscore_median
weighted.median_ensemble,BG,Deaths,2022-03-07,21.411847826087,21.4938043478261,0.996186969955953,,3,invscore_median
weighted.median_ensemble,CY,Cases,2021-04-12,629.881847826087,558.194891304348,1.12842639307255,,3,invscore_median
weighted.median_ensemble,CY,Deaths,2021-04-12,1.73913043478261,1.60913043478261,1.08078897595245,,3,invscore_median
weighted.median_ensemble,CY,Cases,2021-04-19,452.174891304348,814.831086956522,0.554930829889257,,3,invscore_median
weighted.median_ensemble,CY,Deaths,2021-04-19,3.4004347826087,3.20130434782609,1.06220290642401,,3,invscore_median
weighted.median_ensemble,CY,Cases,2021-04-26,1940.47413043478,1449.78434782609,1.33845708387214,,3,invscore_median
weighted.median_ensemble,CY,Deaths,2021-04-26,1.64217391304348,1.69282608695652,0.970078335687685,,3,invscore_median
weighted.median_ensemble,CY,Cases,2021-05-03,890.434565217391,1530.84423913044,0.581662420288549,,3,invscore_median
weighted.median_ensemble,CY,Deaths,2021-05-03,2.65065217391304,2.0329347826087,1.30385499652462,,3,invscore_median
weighted.median_ensemble,CY,Cases,2021-05-10,363.374130434783,723.55347826087,0.502207703165476,,3,invscore_median
weighted.median_ensemble,CY,Deaths,2021-05-10,3.7645652173913,4.43760869565217,0.848331945328957,,3,invscore_median
weighted.median_ensemble,CY,Cases,2021-05-17,172.386195652174,267.632826086957,0.644114543692648,,3,invscore_median
weighted.median_ensemble,CY,Deaths,2021-05-17,1.72815217391304,1.88108695652174,0.918698717207905,,3,invscore_median
weighted.median_ensemble,CY,Cases,2021-05-24,92.5545652173913,51.1969565217391,1.8078138136608,,3,invscore_median
weighted.median_ensemble,CY,Deaths,2021-05-24,0.851086956521739,1.225,0.694764862466726,,3,invscore_median
weighted.median_ensemble,CY,Cases,2021-05-31,124.735869565217,100.844891304348,1.23690816611391,,3,invscore_median
weighted.median_ensemble,CY,Deaths,2021-05-31,2.65945652173913,2.1745652173913,1.22298310506848,,3,invscore_median
weighted.median_ensemble,CY,Cases,2021-06-07,118.097173913043,94.0503260869565,1.25568064276411,,3,invscore_median
weighted.median_ensemble,CY,Deaths,2021-06-07,2.38510869565217,2.09760869565217,1.13706083531972,,3,invscore_median
weighted.median_ensemble,CY,Cases,2021-06-14,301.610869565217,254.005,1.18742099393798,,3,invscore_median
weighted.median_ensemble,CY,Deaths,2021-06-14,1.2279347826087,1.4504347826087,0.846597721822542,,3,invscore_median
weighted.median_ensemble,CY,Cases,2021-06-21,1358.9327173913,1266.88152173913,1.07265967185772,,3,invscore_median
weighted.median_ensemble,CY,Deaths,2021-06-21,1.35195652173913,1.44097826086957,0.938221317040054,,3,invscore_median
weighted.median_ensemble,CY,Cases,2021-06-28,2275.45923913044,2422.56413043478,0.939277194169491,,3,invscore_median
weighted.median_ensemble,CY,Deaths,2021-06-28,1.69315217391304,1.75032608695652,0.967335279140533,,3,invscore_median
weighted.median_ensemble,CY,Cases,2021-07-05,930.85,916.98597826087,1.01511912075845,,3,invscore_median
weighted.median_ensemble,CY,Deaths,2021-07-05,1.02532608695652,1.71891304347826,0.596496775009485,,3,invscore_median
weighted.median_ensemble,CY,Cases,2021-07-12,1487.08163043478,4974.56815217391,0.298936829277315,,3,invscore_median
weighted.median_ensemble,CY,Deaths,2021-07-12,5.82097826086957,2.47478260869565,2.35211700632467,,3,invscore_median
weighted.median_ensemble,CY,Cases,2021-07-19,576.133152173913,1005.00880434783,0.573261795997677,,3,invscore_median
weighted.median_ensemble,CY,Deaths,2021-07-19,12.1986956521739,6.85902173913043,1.77848913680808,,3,invscore_median
weighted.median_ensemble,CY,Cases,2021-07-26,1116.30619565217,1416.13510869565,0.78827661908641,,3,invscore_median
weighted.median_ensemble,CY,Deaths,2021-07-26,4.31065217391304,2.7204347826087,1.58454530925364,,3,invscore_median
weighted.median_ensemble,CY,Cases,2021-08-02,342.54347826087,739.556304347826,0.463174306333498,,3,invscore_median
weighted.median_ensemble,CY,Deaths,2021-08-02,3.23108695652174,2.66478260869565,1.21251427639093,,3,invscore_median
weighted.median_ensemble,CY,Cases,2021-08-09,262.031847826087,261.776847826087,1.00097411211923,,3,invscore_median
weighted.median_ensemble,CY,Deaths,2021-08-09,4.99195652173913,3.16304347826087,1.57821305841924,,3,invscore_median
weighted.median_ensemble,CY,Cases,2021-08-16,284.880326086957,181.02902173913,1.5736721291986,,3,invscore_median
weighted.median_ensemble,CY,Deaths,2021-08-16,5.77641304347826,3.93304347826087,1.46868781782003,,3,invscore_median
weighted.median_ensemble,CY,Cases,2021-08-23,162.769456521739,157.011956521739,1.03666918193713,,3,invscore_median
weighted.median_ensemble,CY,Deaths,2021-08-23,2.22608695652174,1.97532608695652,1.12694656908601,,3,invscore_median
weighted.median_ensemble,CY,Cases,2021-08-30,68.7125,123.23152173913,0.557588667495788,,3,invscore_median
weighted.median_ensemble,CY,Deaths,2021-08-30,1.62945652173913,1.52760869565217,1.06667141027466,,3,invscore_median
weighted.median_ensemble,CY,Cases,2021-09-06,78.6544565217391,92.6039130434783,0.849364286418547,,3,invscore_median
weighted.median_ensemble,CY,Deaths,2021-09-06,1.34434782608696,1.72978260869565,0.777177328138746,,3,invscore_median
weighted.median_ensemble,CY,Cases,2021-09-13,60.3061956521739,82.9198913043478,0.72728261824207,,3,invscore_median
weighted.median_ensemble,CY,Deaths,2021-09-13,2.24923913043478,2.02586956521739,1.110258611439,,3,invscore_median
weighted.median_ensemble,CY,Cases,2021-09-20,263.35097826087,367.058260869565,0.717463700822284,,3,invscore_median
weighted.median_ensemble,CY,Deaths,2021-09-20,0.640760869565218,1.48434782608696,0.431678383128295,,3,invscore_median
weighted.median_ensemble,CY,Cases,2021-09-27,106.265217391304,85.8021739130435,1.23849096759482,,3,invscore_median
weighted.median_ensemble,CY,Deaths,2021-09-27,2.07880434782609,2.16902173913044,0.958406414432473,,3,invscore_median
weighted.median_ensemble,CY,Cases,2021-10-04,175.725760869565,192.9325,0.91081471949809,,3,invscore_median
weighted.median_ensemble,CY,Deaths,2021-10-04,1.65836956521739,1.09065217391304,1.52053019732908,,3,invscore_median
weighted.median_ensemble,CY,Cases,2021-10-11,259.483152173913,344.16597826087,0.753947712917838,,3,invscore_median
weighted.median_ensemble,CY,Deaths,2021-10-11,1.82913043478261,1.615,1.13258850450936,,3,invscore_median
weighted.median_ensemble,CY,Cases,2021-10-18,47.4578260869565,107.338695652174,0.442131570526452,,3,invscore_median
weighted.median_ensemble,CY,Deaths,2021-10-18,2.28076086956522,1.49,1.53071199299679,,3,invscore_median
weighted.median_ensemble,CY,Cases,2021-10-25,99.920652173913,136.483695652174,0.732106876916338,,3,invscore_median
weighted.median_ensemble,CY,Deaths,2021-10-25,1.09097826086957,1.3320652173913,0.819012647898817,,3,invscore_median
weighted.median_ensemble,CY,Cases,2021-11-01,360.197065217391,221.729347826087,1.62448980592281,,3,invscore_median
weighted.median_ensemble,CY,Deaths,2021-11-01,2.36913043478261,2.04032608695652,1.16115284215013,,3,invscore_median
weighted.median_ensemble,CY,Cases,2021-11-08,728.091739130435,385.429673913043,1.88903913842062,,3,invscore_median
weighted.median_ensemble,CY,Deaths,2021-11-08,3.29358695652174,2.19739130434783,1.49886228729719,,3,invscore_median
weighted.median_ensemble,CY,Cases,2021-11-15,444.713586956522,487.856195652174,0.911566955426325,,3,invscore_median
weighted.median_ensemble,CY,Deaths,2021-11-15,2.8370652173913,3.05260869565217,0.929390400227888,,3,invscore_median
weighted.median_ensemble,CY,Cases,2021-11-22,482.193913043478,629.334239130435,0.76619685226365,,3,invscore_median
weighted.median_ensemble,CY,Deaths,2021-11-22,2.41326086956522,2.69858695652174,0.894268336891288,,3,invscore_median
weighted.median_ensemble,CY,Cases,2021-11-29,706.618043478261,673.852826086957,1.04862369960155,,3,invscore_median
weighted.median_ensemble,CY,Deaths,2021-11-29,2.89586956521739,1.87260869565217,1.54643603436267,,3,invscore_median
weighted.median_ensemble,CY,Cases,2021-12-06,523.239891304348,575.838913043479,0.908656708416718,,3,invscore_median
weighted.median_ensemble,CY,Deaths,2021-12-06,1.20445652173913,1.24652173913043,0.96625392396233,,3,invscore_median
weighted.median_ensemble,CY,Cases,2021-12-13,268.143369565217,274.644456521739,0.976329080008185,,3,invscore_median
weighted.median_ensemble,CY,Deaths,2021-12-13,1.51065217391304,1.78695652173913,0.845377128953771,,3,invscore_median
weighted.median_ensemble,CY,Cases,2021-12-20,7581.78989130435,7403.9452173913,1.02402025794239,,3,invscore_median
weighted.median_ensemble,CY,Deaths,2021-12-20,1.63489130434783,2.04934782608696,0.79776174817015,,3,invscore_median
weighted.median_ensemble,CY,Cases,2021-12-27,20314.9186956522,19029.8844565217,1.06752716980844,,3,invscore_median
weighted.median_ensemble,CY,Deaths,2021-12-27,1.68315217391304,1.46195652173913,1.15130111524164,,3,invscore_median
weighted.median_ensemble,CY,Cases,2022-01-03,5829.86054347826,3513.09652173913,1.65946494991041,,3,invscore_median
weighted.median_ensemble,CY,Deaths,2022-01-03,3.75391304347826,2.74978260869565,1.36516720689383,,3,invscore_median
weighted.median_ensemble,CY,Cases,2022-01-10,23683.1252173913,33893.9617391304,0.698741722778581,,3,invscore_median
weighted.median_ensemble,CY,Deaths,2022-01-10,5.3679347826087,4.33152173913043,1.23927227101631,,3,invscore_median
weighted.median_ensemble,CY,Cases,2022-01-17,9229.49336956522,10458.2430434783,0.882508977004575,,3,invscore_median
weighted.median_ensemble,CY,Deaths,2022-01-17,6.21010869565218,5.76652173913044,1.07692452687929,,3,invscore_median
weighted.median_ensemble,CY,Cases,2022-01-24,6682.42673913043,4801.90913043478,1.39161874113294,,3,invscore_median
weighted.median_ensemble,CY,Deaths,2022-01-24,18.6034782608696,17.3097826086957,1.07473783359498,,3,invscore_median
weighted.median_ensemble,CY,Cases,2022-01-31,7366.31586956522,4976.19304347826,1.48031151629445,,3,invscore_median
weighted.median_ensemble,CY,Deaths,2022-01-31,10.6591304347826,10.3089130434783,1.03397229075726,,3,invscore_median
weighted.median_ensemble,CY,Cases,2022-02-07,3200.99402173913,2270.26413043478,1.40996546561571,,3,invscore_median
weighted.median_ensemble,CY,Deaths,2022-02-07,15.8160869565217,14.3141304347826,1.10492824056496,,3,invscore_median
weighted.median_ensemble,CY,Cases,2022-02-14,2162.50402173913,1243.3327173913,1.73928023568493,,3,invscore_median
weighted.median_ensemble,CY,Deaths,2022-02-14,5.04630434782609,4.2495652173913,1.18748721096787,,3,invscore_median
weighted.median_ensemble,CY,Cases,2022-02-21,832.809130434783,1551.9222826087,0.536630693281159,,3,invscore_median
weighted.median_ensemble,CY,Deaths,2022-02-21,6.12684782608696,5.48434782608696,1.11715157761218,,3,invscore_median
weighted.median_ensemble,CY,Cases,2022-02-28,3969.99076086957,2954.81826086957,1.34356512325778,,3,invscore_median
weighted.median_ensemble,CY,Deaths,2022-02-28,6.13663043478261,6.97467391304348,0.879844780027117,,3,invscore_median
weighted.median_ensemble,CY,Cases,2022-03-07,8075.25086956522,6249.02565217391,1.29224159397649,,3,invscore_median
weighted.median_ensemble,CY,Deaths,2022-03-07,3.47510869565217,4.05369565217391,0.857269265833646,,3,invscore_median
weighted.median_ensemble,EE,Cases,2021-04-12,198.07902173913,273.697826086957,0.723714267559432,,3,invscore_median
weighted.median_ensemble,EE,Deaths,2021-04-12,5.32521739130435,3.70108695652174,1.43882525697504,,3,invscore_median
weighted.median_ensemble,EE,Cases,2021-04-19,504.704565217391,244.897717391304,2.06087900938236,,3,invscore_median
weighted.median_ensemble,EE,Deaths,2021-04-19,4.67532608695652,4.72673913043478,0.989122936117371,,3,invscore_median
weighted.median_ensemble,EE,Cases,2021-04-26,337.171956521739,305.358695652174,1.10418324849607,,3,invscore_median
weighted.median_ensemble,EE,Deaths,2021-04-26,3.96782608695652,5.68282608695652,0.698213534294786,,3,invscore_median
weighted.median_ensemble,EE,Cases,2021-05-03,192.883586956522,152.48152173913,1.26496368056001,,3,invscore_median
weighted.median_ensemble,EE,Deaths,2021-05-03,1.83163043478261,1.98065217391304,0.924761277576556,,3,invscore_median
weighted.median_ensemble,EE,Cases,2021-05-10,157.255434782609,368.149347826087,0.427151197499597,,3,invscore_median
weighted.median_ensemble,EE,Deaths,2021-05-10,1.59858695652174,2.36869565217391,0.674880690161527,,3,invscore_median
weighted.median_ensemble,EE,Cases,2021-05-17,293.841739130435,259.183260869565,1.1337219006528,,3,invscore_median
weighted.median_ensemble,EE,Deaths,2021-05-17,2.40065217391304,2.93326086956522,0.818424368190914,,3,invscore_median
weighted.median_ensemble,EE,Cases,2021-05-24,362.163586956522,359.328695652174,1.00788940972054,,3,invscore_median
weighted.median_ensemble,EE,Deaths,2021-05-24,2.30130434782609,2.81347826086957,0.817957039097512,,3,invscore_median
weighted.median_ensemble,EE,Cases,2021-05-31,73.5364130434783,119.441739130435,0.615667634939356,,3,invscore_median
weighted.median_ensemble,EE,Deaths,2021-05-31,1.57684782608696,1.68521739130435,0.935694014447885,,3,invscore_median
weighted.median_ensemble,EE,Cases,2021-06-07,40.4780434782609,56.4732608695652,0.716764763624185,,3,invscore_median
weighted.median_ensemble,EE,Deaths,2021-06-07,1.41021739130435,2.86804347826087,0.491700144015766,,3,invscore_median
weighted.median_ensemble,EE,Cases,2021-06-14,23.494347826087,48.2286956521739,0.48714458287507,,3,invscore_median
weighted.median_ensemble,EE,Deaths,2021-06-14,0.894891304347826,1.165,0.768147042358649,,3,invscore_median
weighted.median_ensemble,EE,Cases,2021-06-21,33.4071739130435,36.8902173913044,0.905583546951884,,3,invscore_median
weighted.median_ensemble,EE,Deaths,2021-06-21,0.565652173913044,0.670652173913044,0.843435980551054,,3,invscore_median
weighted.median_ensemble,EE,Cases,2021-06-28,129.234782608696,82.371847826087,1.56891930944115,,3,invscore_median
weighted.median_ensemble,EE,Deaths,2021-06-28,0.473913043478261,0.527608695652174,0.898228265348167,,3,invscore_median
weighted.median_ensemble,EE,Cases,2021-07-05,65.1264130434783,88.3663043478261,0.737005055537105,,3,invscore_median
weighted.median_ensemble,EE,Deaths,2021-07-05,0.416847826086957,0.260869565217391,1.59791666666667,,3,invscore_median
weighted.median_ensemble,EE,Cases,2021-07-12,79.6869565217391,62.7116304347826,1.27068864211097,,3,invscore_median
weighted.median_ensemble,EE,Deaths,2021-07-12,0.414021739130435,0.338913043478261,1.22161642078255,,3,invscore_median
weighted.median_ensemble,EE,Cases,2021-07-19,269.451413043478,268.162282608696,1.00480727722871,,3,invscore_median
weighted.median_ensemble,EE,Deaths,2021-07-19,0.388369565217391,0.388695652173913,0.999161073825503,,3,invscore_median
weighted.median_ensemble,EE,Cases,2021-07-26,388.483369565217,267.874130434783,1.45024593802573,,3,invscore_median
weighted.median_ensemble,EE,Deaths,2021-07-26,1.57423913043478,1.18695652173913,1.32628205128205,,3,invscore_median
weighted.median_ensemble,EE,Cases,2021-08-02,298.723913043478,117.463695652174,2.54311692974518,,3,invscore_median
weighted.median_ensemble,EE,Deaths,2021-08-02,1.5579347826087,1.44782608695652,1.07605105105105,,3,invscore_median
weighted.median_ensemble,EE,Cases,2021-08-09,188.13,134.623586956522,1.39745199376361,,3,invscore_median
weighted.median_ensemble,EE,Deaths,2021-08-09,1.72,1.35434782608696,1.26998394863563,,3,invscore_median
weighted.median_ensemble,EE,Cases,2021-08-16,203.920652173913,212.408586956522,0.960039587362134,,3,invscore_median
weighted.median_ensemble,EE,Deaths,2021-08-16,0.764456521739131,0.813695652173913,0.939487042479295,,3,invscore_median
weighted.median_ensemble,EE,Cases,2021-08-23,264.806195652174,95.4896739130435,2.7731395951076,,3,invscore_median
weighted.median_ensemble,EE,Deaths,2021-08-23,4.50891304347826,2.74260869565217,1.64402346227013,,3,invscore_median
weighted.median_ensemble,EE,Cases,2021-08-30,91.1484782608696,152.798152173913,0.596528668469272,,3,invscore_median
weighted.median_ensemble,EE,Deaths,2021-08-30,6.03836956521739,3.58152173913044,1.68597875569044,,3,invscore_median
weighted.median_ensemble,EE,Cases,2021-09-06,155.764456521739,136.84652173913,1.13824198483226,,3,invscore_median
weighted.median_ensemble,EE,Deaths,2021-09-06,2.96326086956522,1.88652173913043,1.57075362986863,,3,invscore_median
weighted.median_ensemble,EE,Cases,2021-09-13,269.119130434783,173.324130434783,1.55269280601437,,3,invscore_median
weighted.median_ensemble,EE,Deaths,2021-09-13,2.09804347826087,1.81326086956522,1.15705550893178,,3,invscore_median
weighted.median_ensemble,EE,Cases,2021-09-20,490.667173913044,513.850869565217,0.954882443476665,,3,invscore_median
weighted.median_ensemble,EE,Deaths,2021-09-20,1.6775,1.66478260869565,1.00763907025333,,3,invscore_median
weighted.median_ensemble,EE,Cases,2021-09-27,1129.42326086957,636.005,1.77580877645548,,3,invscore_median
weighted.median_ensemble,EE,Deaths,2021-09-27,5.03510869565217,4.95782608695652,1.01558800315706,,3,invscore_median
weighted.median_ensemble,EE,Cases,2021-10-04,386.64402173913,489.49347826087,0.789885951316134,,3,invscore_median
weighted.median_ensemble,EE,Deaths,2021-10-04,9.33586956521739,6.50478260869565,1.43523160216563,,3,invscore_median
weighted.median_ensemble,EE,Cases,2021-10-11,230.621086956522,317.334347826087,0.726744799409209,,3,invscore_median
weighted.median_ensemble,EE,Deaths,2021-10-11,2.88782608695652,2.59304347826087,1.11368209255533,,3,invscore_median
weighted.median_ensemble,EE,Cases,2021-10-18,394.152717391304,413.002934782609,0.954358151471184,,3,invscore_median
weighted.median_ensemble,EE,Deaths,2021-10-18,7.41521739130435,8.24086956521739,0.899810066476733,,3,invscore_median
weighted.median_ensemble,EE,Cases,2021-10-25,937.107826086956,1000.25717391304,0.936866888363275,,3,invscore_median
weighted.median_ensemble,EE,Deaths,2021-10-25,23.5417391304348,22.6473913043478,1.03949010347674,,3,invscore_median
weighted.median_ensemble,EE,Cases,2021-11-01,3907.22119565217,3865.77260869565,1.01072194129145,,3,invscore_median
weighted.median_ensemble,EE,Deaths,2021-11-01,10.7491304347826,9.2620652173913,1.16055438851791,,3,invscore_median
weighted.median_ensemble,EE,Cases,2021-11-08,6657.60380434783,6659.08076086957,0.999778204143368,,3,invscore_median
weighted.median_ensemble,EE,Deaths,2021-11-08,12.6139130434783,19.0521739130435,0.662072113190324,,3,invscore_median
weighted.median_ensemble,EE,Cases,2021-11-15,578.36347826087,2250.32902173913,0.257012851309135,,3,invscore_median
weighted.median_ensemble,EE,Deaths,2021-11-15,6.0254347826087,12.4347826086957,0.484562937062937,,3,invscore_median
weighted.median_ensemble,EE,Cases,2021-11-22,237.13,468.238586956522,0.506429855645405,,3,invscore_median
weighted.median_ensemble,EE,Deaths,2021-11-22,6.95,9.80728260869565,0.708657053875226,,3,invscore_median
weighted.median_ensemble,EE,Cases,2021-11-29,612.034565217391,195.393260869565,3.13232177247891,,3,invscore_median
weighted.median_ensemble,EE,Deaths,2021-11-29,9.39380434782609,9.91021739130435,0.947890846074539,,3,invscore_median
weighted.median_ensemble,EE,Cases,2021-12-06,598.285434782609,513.211086956522,1.16576872555619,,3,invscore_median
weighted.median_ensemble,EE,Deaths,2021-12-06,5.02717391304348,4.67195652173913,1.07603182727653,,3,invscore_median
weighted.median_ensemble,EE,Cases,2021-12-13,1235.95565217391,861.46347826087,1.43471625131349,,3,invscore_median
weighted.median_ensemble,EE,Deaths,2021-12-13,5.41054347826087,4.01423913043478,1.34783785979259,,3,invscore_median
weighted.median_ensemble,EE,Cases,2021-12-20,663.155652173913,1014.47108695652,0.653695961078026,,3,invscore_median
weighted.median_ensemble,EE,Deaths,2021-12-20,3.12869565217391,2.52217391304348,1.24047578003792,,3,invscore_median
weighted.median_ensemble,EE,Cases,2021-12-27,1625.26380434783,1896.84445652174,0.856825027882406,,3,invscore_median
weighted.median_ensemble,EE,Deaths,2021-12-27,4.34108695652174,5.22717391304348,0.830484508213766,,3,invscore_median
weighted.median_ensemble,EE,Cases,2022-01-03,3279.21521739131,3256.21,1.00706502878847,,3,invscore_median
weighted.median_ensemble,EE,Deaths,2022-01-03,5.37565217391304,5.34956521739131,1.00487646293888,,3,invscore_median
weighted.median_ensemble,EE,Cases,2022-01-10,4616.83913043478,4529.21891304348,1.01934554700789,,3,invscore_median
weighted.median_ensemble,EE,Deaths,2022-01-10,3.49402173913044,2.14282608695652,1.63056710966826,,3,invscore_median
weighted.median_ensemble,EE,Cases,2022-01-17,9655.09065217391,7728.11130434783,1.24934673841227,,3,invscore_median
weighted.median_ensemble,EE,Deaths,2022-01-17,3.63641304347826,2.14630434782609,1.69426719335562,,3,invscore_median
weighted.median_ensemble,EE,Cases,2022-01-24,7970.87434782609,3872.50173913044,2.05832686071716,,3,invscore_median
weighted.median_ensemble,EE,Deaths,2022-01-24,5.51836956521739,8.75152173913044,0.630561144645652,,3,invscore_median
weighted.median_ensemble,EE,Cases,2022-01-31,1947.28543478261,7326.48434782609,0.265787155521653,,3,invscore_median
weighted.median_ensemble,EE,Deaths,2022-01-31,10.0998913043478,4.42195652173913,2.28403225013519,,3,invscore_median
weighted.median_ensemble,EE,Cases,2022-02-07,14977.5791304348,13227.7641304348,1.13228350481197,,3,invscore_median
weighted.median_ensemble,EE,Deaths,2022-02-07,15.734347826087,9.44869565217391,1.6652401987852,,3,invscore_median
weighted.median_ensemble,EE,Cases,2022-02-14,3121.56152173913,1941.79543478261,1.60756455897663,,3,invscore_median
weighted.median_ensemble,EE,Deaths,2022-02-14,3.18119565217391,4.87532608695652,0.652509308184514,,3,invscore_median
weighted.median_ensemble,EE,Cases,2022-02-21,2851.14173913043,3320.16760869565,0.858734279457212,,3,invscore_median
weighted.median_ensemble,EE,Deaths,2022-02-21,8.2004347826087,8.32173913043478,0.985423197492163,,3,invscore_median
weighted.median_ensemble,EE,Cases,2022-02-28,4194.57,4615.31304347826,0.90883759356848,,3,invscore_median
weighted.median_ensemble,EE,Deaths,2022-02-28,8.42532608695652,7.54195652173913,1.11712737439829,,3,invscore_median
weighted.median_ensemble,EE,Cases,2022-03-07,2869.06565217391,2641.99130434783,1.08594818137834,,3,invscore_median
weighted.median_ensemble,EE,Deaths,2022-03-07,9.18010869565217,13.8522826086957,0.662714511028633,,3,invscore_median
weighted.median_ensemble,ES,Cases,2021-04-12,4656.82391304348,4677.57141304348,0.995564471780774,,3,invscore_median
weighted.median_ensemble,ES,Cases,2021-04-19,4093.63336956522,6098.5475,0.671247271512638,,3,invscore_median
weighted.median_ensemble,ES,Cases,2021-04-26,6199.25934782609,11092.470326087,0.55887094268324,,3,invscore_median
weighted.median_ensemble,ES,Cases,2021-05-03,9247.96956521739,6730.95923913043,1.37394526347067,,3,invscore_median
weighted.median_ensemble,ES,Cases,2021-05-10,2693.77282608696,3139.80413043478,0.857942952547788,,3,invscore_median
weighted.median_ensemble,ES,Cases,2021-05-17,3551.92402173913,2927.15445652174,1.21343922040923,,3,invscore_median
weighted.median_ensemble,ES,Cases,2021-05-24,3789.29445652174,3151.22847826087,1.2024816615687,,3,invscore_median
weighted.median_ensemble,ES,Cases,2021-05-31,2437.5927173913,3354.11304347826,0.72674733552316,,3,invscore_median
weighted.median_ensemble,ES,Cases,2021-06-07,3083.53608695652,3870.93043478261,0.796587833056652,,3,invscore_median
weighted.median_ensemble,ES,Cases,2021-06-14,8141.91,3631.37043478261,2.2421039511733,,3,invscore_median
weighted.median_ensemble,ES,Cases,2021-06-21,12679.2030434783,12493.6109782609,1.01485495790931,,3,invscore_median
weighted.median_ensemble,ES,Cases,2021-06-28,53258.4677173913,50533.5809782609,1.05392229654777,,3,invscore_median
weighted.median_ensemble,ES,Cases,2021-07-05,61615.6989130435,56978.1810869565,1.0813911174,,3,invscore_median
weighted.median_ensemble,ES,Cases,2021-07-12,26729.0359782609,24402.0073913044,1.09536217859625,,3,invscore_median
weighted.median_ensemble,ES,Cases,2021-07-19,64232.2205434783,103776.151195652,0.618949727884776,,3,invscore_median
weighted.median_ensemble,ES,Cases,2021-07-26,9453.02782608696,45212.9736956522,0.209077772449105,,3,invscore_median
weighted.median_ensemble,ES,Cases,2021-08-02,7882.2847826087,25597.9231521739,0.307926730451931,,3,invscore_median
weighted.median_ensemble,ES,Cases,2021-08-09,6276.13869565217,11695.437173913,0.53663138900453,,3,invscore_median
weighted.median_ensemble,ES,Cases,2021-08-16,5682.23489130435,4669.65608695652,1.21684226536001,,3,invscore_median
weighted.median_ensemble,ES,Cases,2021-08-23,5219.03510869565,3058.09086956522,1.70663179457374,,3,invscore_median
weighted.median_ensemble,ES,Cases,2021-08-30,3489.9847826087,2742.74934782609,1.27244029257536,,3,invscore_median
weighted.median_ensemble,ES,Cases,2021-09-06,2743.06815217391,3376.94804347826,0.812292080558204,,3,invscore_median
weighted.median_ensemble,ES,Cases,2021-09-13,2601.39836956522,1141.99956521739,2.2779328896417,,3,invscore_median
weighted.median_ensemble,ES,Cases,2021-09-20,2350.03043478261,1453.2222826087,1.61711698403361,,3,invscore_median
weighted.median_ensemble,ES,Cases,2021-09-27,1294.41054347826,1204.065,1.07503377598241,,3,invscore_median
weighted.median_ensemble,ES,Cases,2021-10-04,694.865652173913,775.489565217391,0.896034818958683,,3,invscore_median
weighted.median_ensemble,ES,Cases,2021-10-11,1186.5222826087,1342.99782608696,0.883487865401705,,3,invscore_median
weighted.median_ensemble,ES,Cases,2021-10-18,2995.50869565217,2876.34956521739,1.04142720755354,,3,invscore_median
weighted.median_ensemble,ES,Cases,2021-10-25,1016.8727173913,1133.20695652174,0.897340694512227,,3,invscore_median
weighted.median_ensemble,ES,Cases,2021-11-01,1857.91663043478,1651.86608695652,1.12473804329859,,3,invscore_median
weighted.median_ensemble,ES,Cases,2021-11-08,7025.92369565218,6892.46543478261,1.01936292058805,,3,invscore_median
weighted.median_ensemble,ES,Cases,2021-11-15,4475.3025,4070.59521739131,1.09942213877706,,3,invscore_median
weighted.median_ensemble,ES,Cases,2021-11-22,4598.13532608696,3708.60141304348,1.23985697409134,,3,invscore_median
weighted.median_ensemble,ES,Cases,2021-11-29,6088.6397826087,7194.1747826087,0.846329143590932,,3,invscore_median
weighted.median_ensemble,ES,Cases,2021-12-06,27545.9930434783,12657.6713043478,2.17622913260644,,3,invscore_median
weighted.median_ensemble,ES,Cases,2021-12-13,107585.181847826,87171.2289130435,1.23418223179056,,3,invscore_median
weighted.median_ensemble,ES,Cases,2021-12-20,101475.017282609,121472.859130435,0.835371934183644,,3,invscore_median
weighted.median_ensemble,ES,Cases,2021-12-27,200759.863369565,274731.43826087,0.730749508103019,,3,invscore_median
weighted.median_ensemble,ES,Cases,2022-01-03,77686.7565217391,72019.6129347826,1.07868889259497,,3,invscore_median
weighted.median_ensemble,ES,Cases,2022-01-10,333355.453152174,120418.459021739,2.76830857877025,,3,invscore_median
weighted.median_ensemble,ES,Cases,2022-01-17,79341.7839130435,160101.451304348,0.495571921844839,,3,invscore_median
weighted.median_ensemble,ES,Cases,2022-01-24,115610.529021739,165453.560217391,0.698749116488259,,3,invscore_median
weighted.median_ensemble,ES,Cases,2022-01-31,133796.703152174,220812.870217391,0.605928010538745,,3,invscore_median
weighted.median_ensemble,ES,Cases,2022-02-07,31783.0651086957,29147.8356521739,1.09040909548031,,3,invscore_median
weighted.median_ensemble,ES,Cases,2022-02-14,38475.3357608696,68830.232826087,0.558988894576094,,3,invscore_median
weighted.median_ensemble,ES,Cases,2022-02-21,27197.495326087,14631.4997826087,1.85883168029121,,3,invscore_median
weighted.median_ensemble,ES,Cases,2022-02-28,23649.000326087,15808.6230434783,1.49595573637536,,3,invscore_median
weighted.median_ensemble,ES,Cases,2022-03-07,22777.0195652174,13435.9582608696,1.69522851463095,,3,invscore_median
weighted.median_ensemble,FI,Cases,2021-04-12,120.093695652174,209.044239130435,0.574489381538233,,3,invscore_median
weighted.median_ensemble,FI,Deaths,2021-04-12,3.00565217391304,3.75282608695652,0.80090366680183,,3,invscore_median
weighted.median_ensemble,FI,Cases,2021-04-19,205.236413043478,116.094782608696,1.76783493996659,,3,invscore_median
weighted.median_ensemble,FI,Deaths,2021-04-19,2.34217391304348,2.09630434782609,1.11728715130146,,3,invscore_median
weighted.median_ensemble,FI,Cases,2021-04-26,113.989130434783,107.260869565217,1.06272800972841,,3,invscore_median
weighted.median_ensemble,FI,Deaths,2021-04-26,1.5795652173913,1.7854347826087,0.884694995738463,,3,invscore_median
weighted.median_ensemble,FI,Cases,2021-05-03,107.226086956522,107.798043478261,0.99469418457623,,3,invscore_median
weighted.median_ensemble,FI,Deaths,2021-05-03,1.96369565217391,1.72826086956522,1.13622641509434,,3,invscore_median
weighted.median_ensemble,FI,Cases,2021-05-10,122.615217391304,83.9113043478261,1.46124790151091,,3,invscore_median
weighted.median_ensemble,FI,Deaths,2021-05-10,4.89195652173913,3.72847826086957,1.31205177540668,,3,invscore_median
weighted.median_ensemble,FI,Cases,2021-05-17,118.318913043478,139.47152173913,0.848337435256379,,3,invscore_median
weighted.median_ensemble,FI,Deaths,2021-05-17,3.89510869565217,3.80565217391304,1.02350622643665,,3,invscore_median
weighted.median_ensemble,FI,Cases,2021-05-24,346.664782608696,283.559239130435,1.2225480068002,,3,invscore_median
weighted.median_ensemble,FI,Deaths,2021-05-24,0.855760869565217,0.760217391304348,1.12567915356019,,3,invscore_median
weighted.median_ensemble,FI,Cases,2021-05-31,128.106956521739,128.258586956522,0.998817775570582,,3,invscore_median
weighted.median_ensemble,FI,Deaths,2021-05-31,3.02858695652174,2.8845652173913,1.04992840455196,,3,invscore_median
weighted.median_ensemble,FI,Cases,2021-06-07,58.5628260869565,59.8471739130435,0.978539540932157,,3,invscore_median
weighted.median_ensemble,FI,Deaths,2021-06-07,1.34967391304348,2.10847826086957,0.640117537890504,,3,invscore_median
weighted.median_ensemble,FI,Cases,2021-06-14,152.513369565217,141.984782608696,1.07415292514507,,3,invscore_median
weighted.median_ensemble,FI,Deaths,2021-06-14,0.898913043478261,1.30847826086957,0.68699119455059,,3,invscore_median
weighted.median_ensemble,FI,Cases,2021-06-21,554.168586956522,502.226739130435,1.1034231031108,,3,invscore_median
weighted.median_ensemble,FI,Deaths,2021-06-21,1.07771739130435,1.13739130434783,0.947534403669725,,3,invscore_median
weighted.median_ensemble,FI,Cases,2021-06-28,592.587282608696,590.951630434783,1.00276782750004,,3,invscore_median
weighted.median_ensemble,FI,Deaths,2021-06-28,0.907717391304348,1.18760869565217,0.764323631704192,,3,invscore_median
weighted.median_ensemble,FI,Cases,2021-07-05,273.514347826087,260.152934782609,1.05135983975981,,3,invscore_median
weighted.median_ensemble,FI,Deaths,2021-07-05,0.774565217391305,1.04565217391304,0.740748440748441,,3,invscore_median
weighted.median_ensemble,FI,Cases,2021-07-12,207.70402173913,292.293043478261,0.710602001564838,,3,invscore_median
weighted.median_ensemble,FI,Deaths,2021-07-12,1.07934782608696,1.01630434782609,1.0620320855615,,3,invscore_median
weighted.median_ensemble,FI,Cases,2021-07-19,720.537065217391,591.302282608696,1.21855958688091,,3,invscore_median
weighted.median_ensemble,FI,Deaths,2021-07-19,3.36152173913044,1.65630434782609,2.02953143457147,,3,invscore_median
weighted.median_ensemble,FI,Cases,2021-07-26,645.228369565218,594.285760869565,1.08572072906662,,3,invscore_median
weighted.median_ensemble,FI,Deaths,2021-07-26,5.80728260869565,4.14565217391304,1.40081279496591,,3,invscore_median
weighted.median_ensemble,FI,Cases,2021-08-02,301.392717391304,446.029347826087,0.675723960452983,,3,invscore_median
weighted.median_ensemble,FI,Deaths,2021-08-02,3.77532608695652,4.03847826086957,0.93483877913549,,3,invscore_median
weighted.median_ensemble,FI,Cases,2021-08-09,1094.18217391304,837.8725,1.30590534229617,,3,invscore_median
weighted.median_ensemble,FI,Deaths,2021-08-09,1.98032608695652,1.5445652173913,1.28212526389866,,3,invscore_median
weighted.median_ensemble,FI,Cases,2021-08-16,1065.88206521739,1658.03847826087,0.642857255240183,,3,invscore_median
weighted.median_ensemble,FI,Deaths,2021-08-16,3.11369565217391,2.09423913043478,1.48679088597083,,3,invscore_median
weighted.median_ensemble,FI,Cases,2021-08-23,405.143369565217,462.824347826087,0.875371772181389,,3,invscore_median
weighted.median_ensemble,FI,Deaths,2021-08-23,1.81315217391304,1.84510869565217,0.982680412371134,,3,invscore_median
weighted.median_ensemble,FI,Cases,2021-08-30,195.614565217391,194.869347826087,1.00382418989758,,3,invscore_median
weighted.median_ensemble,FI,Deaths,2021-08-30,1.56673913043478,1.45369565217391,1.07776282338866,,3,invscore_median
weighted.median_ensemble,FI,Cases,2021-09-06,903.863586956522,225.214782608696,4.01334040548732,,3,invscore_median
weighted.median_ensemble,FI,Deaths,2021-09-06,1.65239130434783,1.42608695652174,1.15868902439024,,3,invscore_median
weighted.median_ensemble,FI,Cases,2021-09-13,442.235326086957,181.853152173913,2.43182656335828,,3,invscore_median
weighted.median_ensemble,FI,Deaths,2021-09-13,5.26282608695652,2.84673913043478,1.84872088583429,,3,invscore_median
weighted.median_ensemble,FI,Cases,2021-09-20,686.5325,429.046521739131,1.600135335481,,3,invscore_median
weighted.median_ensemble,FI,Deaths,2021-09-20,7.86934782608696,6.90956521739131,1.13890636798389,,3,invscore_median
weighted.median_ensemble,FI,Cases,2021-09-27,1518.33163043478,1098.36065217391,1.3823616381647,,3,invscore_median
weighted.median_ensemble,FI,Deaths,2021-09-27,14.8280434782609,12.8509782608696,1.15384550321833,,3,invscore_median
weighted.median_ensemble,FI,Cases,2021-10-04,861.119456521739,716.521630434783,1.20180524906026,,3,invscore_median
weighted.median_ensemble,FI,Deaths,2021-10-04,11.756847826087,13.1778260869565,0.892168992708436,,3,invscore_median
weighted.median_ensemble,FI,Cases,2021-10-11,612.81,317.78652173913,1.92837001596642,,3,invscore_median
weighted.median_ensemble,FI,Deaths,2021-10-11,6.04934782608696,5.5045652173913,1.09896923502231,,3,invscore_median
weighted.median_ensemble,FI,Cases,2021-10-18,244.864456521739,302.571195652174,0.809278807898249,,3,invscore_median
weighted.median_ensemble,FI,Deaths,2021-10-18,5.38630434782609,6.83413043478261,0.788147724019468,,3,invscore_median
weighted.median_ensemble,FI,Cases,2021-10-25,383.030326086957,427.244347826087,0.896513501081755,,3,invscore_median
weighted.median_ensemble,FI,Deaths,2021-10-25,15.4933695652174,14.8923913043478,1.04035471863368,,3,invscore_median
weighted.median_ensemble,FI,Cases,2021-11-01,634.310543478261,622.019130434783,1.01976050645723,,3,invscore_median
weighted.median_ensemble,FI,Deaths,2021-11-01,18.7622826086957,22.6616304347826,0.827931717565124,,3,invscore_median
weighted.median_ensemble,FI,Cases,2021-11-08,1025.76597826087,1050.43456521739,0.976515827093507,,3,invscore_median
weighted.median_ensemble,FI,Deaths,2021-11-08,12.3490217391304,17.5569565217391,0.703369158762785,,3,invscore_median
weighted.median_ensemble,FI,Cases,2021-11-15,1366.87130434783,2039.74369565217,0.670119146469916,,3,invscore_median
weighted.median_ensemble,FI,Deaths,2021-11-15,13.0111956521739,19.1571739130435,0.679181371492119,,3,invscore_median
weighted.median_ensemble,FI,Cases,2021-11-22,308.492635869565,445.942173913044,0.691777216679488,,3,invscore_median
weighted.median_ensemble,FI,Deaths,2021-11-22,13.1811956521739,19.199347826087,0.686543926990274,,3,invscore_median
weighted.median_ensemble,FI,Cases,2021-11-29,250.217608695652,639.737826086956,0.391125236764789,,3,invscore_median
weighted.median_ensemble,FI,Deaths,2021-11-29,9.90076086956522,4.4654347826087,2.21719974684777,,3,invscore_median
weighted.median_ensemble,FI,Cases,2021-12-06,502.621195652174,984.363695652174,0.510605173547335,,3,invscore_median
weighted.median_ensemble,FI,Deaths,2021-12-06,7.85358695652174,8.15739130434783,0.962757168745336,,3,invscore_median
weighted.median_ensemble,FI,Cases,2021-12-13,4081.11380434783,3550.64739130435,1.14939991347567,,3,invscore_median
weighted.median_ensemble,FI,Deaths,2021-12-13,7.03902173913044,10.761847826087,0.654071852053854,,3,invscore_median
weighted.median_ensemble,FI,Cases,2021-12-20,13704.7497826087,14808.5897826087,0.925459478842722,,3,invscore_median
weighted.median_ensemble,FI,Deaths,2021-12-20,18.4953260869565,17.3410869565217,1.0665609447279,,3,invscore_median
weighted.median_ensemble,FI,Cases,2021-12-27,22419.2719565217,22744.3039130435,0.985709302963748,,3,invscore_median
weighted.median_ensemble,FI,Deaths,2021-12-27,33.054347826087,20.498152173913,1.61255256306242,,3,invscore_median
weighted.median_ensemble,FI,Cases,2022-01-03,9006.51315217391,8961.90032608696,1.00497805425899,,3,invscore_median
weighted.median_ensemble,FI,Deaths,2022-01-03,12.3860869565217,10.3911956521739,1.19197899559619,,3,invscore_median
weighted.median_ensemble,FI,Cases,2022-01-10,12568.102826087,12561.1055434783,1.00055705945504,,3,invscore_median
weighted.median_ensemble,FI,Deaths,2022-01-10,51.1626086956522,44.3173913043478,1.15445894241146,,3,invscore_median
weighted.median_ensemble,FI,Cases,2022-01-17,45676.7645652174,35491.4676086957,1.28697874849296,,3,invscore_median
weighted.median_ensemble,FI,Deaths,2022-01-17,39.8547826086957,53.6652173913044,0.742655756299117,,3,invscore_median
weighted.median_ensemble,FI,Cases,2022-01-24,11020.2444565217,12031.5658695652,0.915944323124084,,3,invscore_median
weighted.median_ensemble,FI,Deaths,2022-01-24,38.2825,28.6632608695652,1.33559472434794,,3,invscore_median
weighted.median_ensemble,FI,Cases,2022-01-31,20656.5318478261,15841.8608695652,1.30392079679923,,3,invscore_median
weighted.median_ensemble,FI,Deaths,2022-01-31,74.3475,58.9355434782609,1.26150529225923,,3,invscore_median
weighted.median_ensemble,FI,Cases,2022-02-07,13599.8995652174,8168.30152173913,1.66496052196685,,3,invscore_median
weighted.median_ensemble,FI,Deaths,2022-02-07,17.8360869565217,7.41108695652174,2.40667624886334,,3,invscore_median
weighted.median_ensemble,FI,Cases,2022-02-14,4795.22282608696,21601.1338043478,0.221989404330331,,3,invscore_median
weighted.median_ensemble,FI,Deaths,2022-02-14,9.79097826086957,9.83173913043478,0.99585415468978,,3,invscore_median
weighted.median_ensemble,FI,Cases,2022-02-21,3939.28195652174,2633.15652173913,1.49603030583231,,3,invscore_median
weighted.median_ensemble,FI,Deaths,2022-02-21,27.2553260869565,35.5267391304348,0.767177814628296,,3,invscore_median
weighted.median_ensemble,FI,Cases,2022-02-28,15867.8381521739,15383.8452173913,1.03146111573168,,3,invscore_median
weighted.median_ensemble,FI,Deaths,2022-02-28,98.3821739130435,88.1783695652174,1.11571777067481,,3,invscore_median
weighted.median_ensemble,FI,Cases,2022-03-07,21551.4038043478,17723.1219565217,1.21600493734781,,3,invscore_median
weighted.median_ensemble,FI,Deaths,2022-03-07,168.296304347826,123.96,1.35766621771399,,3,invscore_median
weighted.median_ensemble,GR,Cases,2021-04-12,1777.92032608696,1388.62836956522,1.28034279369046,,3,invscore_median
weighted.median_ensemble,GR,Deaths,2021-04-12,14.0510869565217,21.6976086956522,0.647586890961737,,3,invscore_median
weighted.median_ensemble,GR,Cases,2021-04-19,1314.43347826087,1782.85826086957,0.73726190528448,,3,invscore_median
weighted.median_ensemble,GR,Deaths,2021-04-19,28.0205434782609,25.9010869565217,1.08182886398926,,3,invscore_median
weighted.median_ensemble,GR,Cases,2021-04-26,1547.50510869565,1541.33934782609,1.00400026177121,,3,invscore_median
weighted.median_ensemble,GR,Deaths,2021-04-26,14.81,20.7698913043478,0.713051396513557,,3,invscore_median
weighted.median_ensemble,GR,Cases,2021-05-03,2496.59173913044,1712.455,1.45790209910943,,3,invscore_median
weighted.median_ensemble,GR,Deaths,2021-05-03,66.0821739130435,31.9015217391304,2.07144268707367,,3,invscore_median
weighted.median_ensemble,GR,Cases,2021-05-10,1296.02793478261,921.599565217391,1.40628097461927,,3,invscore_median
weighted.median_ensemble,GR,Deaths,2021-05-10,24.9867391304348,31.8434782608696,0.784673675587111,,3,invscore_median
weighted.median_ensemble,GR,Cases,2021-05-17,908.709239130435,980.159021739131,0.927103887201977,,3,invscore_median
weighted.median_ensemble,GR,Deaths,2021-05-17,15.8561956521739,18.774347826087,0.844567054954725,,3,invscore_median
weighted.median_ensemble,GR,Cases,2021-05-24,1396.25467391304,1396.54130434783,0.99979475692277,,3,invscore_median
weighted.median_ensemble,GR,Deaths,2021-05-24,13.6178260869565,27.175652173913,0.501103929348522,,3,invscore_median
weighted.median_ensemble,GR,Cases,2021-05-31,1455.07619565217,1684.56630434783,0.863769025829768,,3,invscore_median
weighted.median_ensemble,GR,Deaths,2021-05-31,13.8770652173913,27.1958695652174,0.510263706924805,,3,invscore_median
weighted.median_ensemble,GR,Cases,2021-06-07,1224.2275,1222.67163043478,1.0012725162885,,3,invscore_median
weighted.median_ensemble,GR,Deaths,2021-06-07,13.6302173913044,23.3186956521739,0.584518859657301,,3,invscore_median
weighted.median_ensemble,GR,Cases,2021-06-14,710.85902173913,675.93847826087,1.0516623104045,,3,invscore_median
weighted.median_ensemble,GR,Deaths,2021-06-14,9.13989130434783,6.9245652173913,1.31992277022572,,3,invscore_median
weighted.median_ensemble,GR,Cases,2021-06-21,1133.47815217391,1027.99195652174,1.10261383368124,,3,invscore_median
weighted.median_ensemble,GR,Deaths,2021-06-21,13.035652173913,8.3054347826087,1.56953278366706,,3,invscore_median
weighted.median_ensemble,GR,Cases,2021-06-28,6444.02445652174,5843.85576086957,1.10270080580546,,3,invscore_median
weighted.median_ensemble,GR,Deaths,2021-06-28,5.40010869565217,4.50673913043478,1.19822970430756,,3,invscore_median
weighted.median_ensemble,GR,Cases,2021-07-05,8765.75945652174,8765.34163043478,1.00004766797514,,3,invscore_median
weighted.median_ensemble,GR,Deaths,2021-07-05,4.70010869565217,4.87717391304348,0.963695119233341,,3,invscore_median
weighted.median_ensemble,GR,Cases,2021-07-12,1657.86967391304,1800.63163043478,0.920715623279778,,3,invscore_median
weighted.median_ensemble,GR,Deaths,2021-07-12,12.788152173913,22.3554347826087,0.572037730344727,,3,invscore_median
weighted.median_ensemble,GR,Cases,2021-07-19,2312.49010869565,5493.16565217391,0.420975855294021,,3,invscore_median
weighted.median_ensemble,GR,Deaths,2021-07-19,11.704347826087,28.6952173913044,0.40788496795406,,3,invscore_median
weighted.median_ensemble,GR,Cases,2021-07-26,1568.32402173913,1112.8727173913,1.40925731867653,,3,invscore_median
weighted.median_ensemble,GR,Deaths,2021-07-26,19.636847826087,7.39826086956522,2.65425188058298,,3,invscore_median
weighted.median_ensemble,GR,Cases,2021-08-02,1639.72032608696,1443.62195652174,1.13583775771719,,3,invscore_median
weighted.median_ensemble,GR,Deaths,2021-08-02,23.8801086956522,21.7563043478261,1.09761788187332,,3,invscore_median
weighted.median_ensemble,GR,Cases,2021-08-09,2011.35119565217,1932.97336956522,1.04054780439349,,3,invscore_median
weighted.median_ensemble,GR,Deaths,2021-08-09,28.0258695652174,23.8134782608696,1.17689105548557,,3,invscore_median
weighted.median_ensemble,GR,Cases,2021-08-16,671.124891304348,1788.5625,0.375231444975699,,3,invscore_median
weighted.median_ensemble,GR,Deaths,2021-08-16,27.3801086956522,25.1284782608696,1.08960472701162,,3,invscore_median
weighted.median_ensemble,GR,Cases,2021-08-23,1411.59445652174,1429.32847826087,0.987592759810741,,3,invscore_median
weighted.median_ensemble,GR,Deaths,2021-08-23,42.8804347826087,39.8929347826087,1.0748879473591,,3,invscore_median
weighted.median_ensemble,GR,Cases,2021-08-30,2102.08891304348,2282.15608695652,0.921097783389049,,3,invscore_median
weighted.median_ensemble,GR,Deaths,2021-08-30,25.9183695652174,22.0273913043478,1.17664271756509,,3,invscore_median
weighted.median_ensemble,GR,Cases,2021-09-06,1435.56576086957,981.088369565217,1.4632379767235,,3,invscore_median
weighted.median_ensemble,GR,Deaths,2021-09-06,18.6701086956522,22.5154347826087,0.829213776057005,,3,invscore_median
weighted.median_ensemble,GR,Cases,2021-09-13,1324.00336956522,962.352391304348,1.37579890851697,,3,invscore_median
weighted.median_ensemble,GR,Deaths,2021-09-13,29.5486956521739,25.3213043478261,1.16694998197084,,3,invscore_median
weighted.median_ensemble,GR,Cases,2021-09-20,2005.85260869565,1297.98173913044,1.54536273371569,,3,invscore_median
weighted.median_ensemble,GR,Deaths,2021-09-20,41.8222826086957,27.545,1.51832574364479,,3,invscore_median
weighted.median_ensemble,GR,Cases,2021-09-27,1761.51445652174,1164.67152173913,1.51245602184158,,3,invscore_median
weighted.median_ensemble,GR,Deaths,2021-09-27,24.6092391304348,12.55,1.96089554824182,,3,invscore_median
weighted.median_ensemble,GR,Cases,2021-10-04,1024.76565217391,970.334891304348,1.05609481979608,,3,invscore_median
weighted.median_ensemble,GR,Deaths,2021-10-04,16.4805434782609,13.9602173913043,1.18053630658548,,3,invscore_median
weighted.median_ensemble,GR,Cases,2021-10-11,2477.92869565217,2652.40630434783,0.93421912457015,,3,invscore_median
weighted.median_ensemble,GR,Deaths,2021-10-11,38.1272826086956,21.8876086956522,1.74195743074799,,3,invscore_median
weighted.median_ensemble,GR,Cases,2021-10-18,3591.26967391304,3332.76945652174,1.077563186042,,3,invscore_median
weighted.median_ensemble,GR,Deaths,2021-10-18,31.7591304347826,23.2465217391304,1.3661884900967,,3,invscore_median
weighted.median_ensemble,GR,Cases,2021-10-25,4818.88826086957,4434.23108695652,1.08674720968975,,3,invscore_median
weighted.median_ensemble,GR,Deaths,2021-10-25,52.1961956521739,35.104347826087,1.48688692098093,,3,invscore_median
weighted.median_ensemble,GR,Cases,2021-11-01,11706.192826087,9923.03521739131,1.17969880884535,,3,invscore_median
weighted.median_ensemble,GR,Deaths,2021-11-01,36.2813043478261,36.3886956521739,0.997048772910842,,3,invscore_median
weighted.median_ensemble,GR,Cases,2021-11-08,5409.58097826087,5441.12565217391,0.994202546324134,,3,invscore_median
weighted.median_ensemble,GR,Deaths,2021-11-08,38.4953260869565,34.01,1.13188256650857,,3,invscore_median
weighted.median_ensemble,GR,Cases,2021-11-15,15231.3861956522,11145.087826087,1.36664568582408,,3,invscore_median
weighted.median_ensemble,GR,Deaths,2021-11-15,30.9338043478261,23.3719565217391,1.32354363739524,,3,invscore_median
weighted.median_ensemble,GR,Cases,2021-11-22,2657.8797826087,3078.87391304348,0.863263601457902,,3,invscore_median
weighted.median_ensemble,GR,Deaths,2021-11-22,37.8861956521739,25.8558695652174,1.46528414202477,,3,invscore_median
weighted.median_ensemble,GR,Cases,2021-11-29,1603.59608695652,2632.72043478261,0.609102305649455,,3,invscore_median
weighted.median_ensemble,GR,Deaths,2021-11-29,40.7988043478261,31.8163043478261,1.28232380171501,,3,invscore_median
weighted.median_ensemble,GR,Cases,2021-12-06,1545.02923913043,2010.02652173913,0.768661120846123,,3,invscore_median
weighted.median_ensemble,GR,Deaths,2021-12-06,16.4415217391304,26.8580434782609,0.612163791917246,,3,invscore_median
weighted.median_ensemble,GR,Cases,2021-12-13,4132.09282608696,3581.72032608696,1.15366149500603,,3,invscore_median
weighted.median_ensemble,GR,Deaths,2021-12-13,24.0757608695652,24.3965217391304,0.986852188480182,,3,invscore_median
weighted.median_ensemble,GR,Cases,2021-12-20,75683.62,74183.9517391305,1.0202155348389,,3,invscore_median
weighted.median_ensemble,GR,Deaths,2021-12-20,25.0045652173913,34.8697826086957,0.717084058079439,,3,invscore_median
weighted.median_ensemble,GR,Cases,2021-12-27,156708.965,154579.566521739,1.01377542016824,,3,invscore_median
weighted.median_ensemble,GR,Deaths,2021-12-27,12.6488043478261,21.9325,0.576715119016349,,3,invscore_median
weighted.median_ensemble,GR,Cases,2022-01-03,42623.6848913044,24053.2235869565,1.77205706907486,,3,invscore_median
weighted.median_ensemble,GR,Deaths,2022-01-03,104.933695652174,72.5613043478261,1.44613849758225,,3,invscore_median
weighted.median_ensemble,GR,Cases,2022-01-10,38012.1573913043,161973.621195652,0.234681160492105,,3,invscore_median
weighted.median_ensemble,GR,Deaths,2022-01-10,140.354456521739,94.8382608695652,1.47993494645346,,3,invscore_median
weighted.median_ensemble,GR,Cases,2022-01-17,58115.1386956522,21643.532826087,2.68510409842177,,3,invscore_median
weighted.median_ensemble,GR,Deaths,2022-01-17,35.6344565217391,32.474347826087,1.0973109209945,,3,invscore_median
weighted.median_ensemble,GR,Cases,2022-01-24,27913.2038043478,12226.0306521739,2.28309617393153,,3,invscore_median
weighted.median_ensemble,GR,Deaths,2022-01-24,26.2463043478261,32.8991304347826,0.797781096368346,,3,invscore_median
weighted.median_ensemble,GR,Cases,2022-01-31,30892.8914130435,13484.5958695652,2.29097643799388,,3,invscore_median
weighted.median_ensemble,GR,Deaths,2022-01-31,22.3210869565217,39.8863043478261,0.559617826757577,,3,invscore_median
weighted.median_ensemble,GR,Cases,2022-02-07,22161.8588043478,10099.1695652174,2.19442387428325,,3,invscore_median
weighted.median_ensemble,GR,Deaths,2022-02-07,20.0125,46.0630434782609,0.434458917362783,,3,invscore_median
weighted.median_ensemble,GR,Cases,2022-02-14,7252.23402173913,5738.83847826087,1.26371112363784,,3,invscore_median
weighted.median_ensemble,GR,Deaths,2022-02-14,44.4329347826087,47.7080434782609,0.931351016372228,,3,invscore_median
weighted.median_ensemble,GR,Cases,2022-02-21,7742.72195652174,6698.41760869565,1.15590314143305,,3,invscore_median
weighted.median_ensemble,GR,Deaths,2022-02-21,30.315,36.3473913043478,0.83403509611359,,3,invscore_median
weighted.median_ensemble,GR,Cases,2022-02-28,16104.009673913,14889.1393478261,1.08159439559979,,3,invscore_median
weighted.median_ensemble,GR,Deaths,2022-02-28,22.2898913043478,22.2659782608696,1.00107397228175,,3,invscore_median
weighted.median_ensemble,GR,Cases,2022-03-07,40843.8576086957,26797.6067391304,1.52416064637051,,3,invscore_median
weighted.median_ensemble,GR,Deaths,2022-03-07,43.2031521739131,23.9353260869565,1.80499534524648,,3,invscore_median
weighted.median_ensemble,HR,Cases,2021-04-12,1011.44010869565,1222.92347826087,0.827067373122994,,3,invscore_median
weighted.median_ensemble,HR,Deaths,2021-04-12,29.0108695652174,27.8619565217391,1.04123590683884,,3,invscore_median
weighted.median_ensemble,HR,Cases,2021-04-19,1686.2077173913,1983.29826086957,0.850203799731058,,3,invscore_median
weighted.median_ensemble,HR,Deaths,2021-04-19,16.9684782608696,15.0309782608696,1.12890045919659,,3,invscore_median
weighted.median_ensemble,HR,Cases,2021-04-26,1457.34315217391,2102.65402173913,0.693096979867628,,3,invscore_median
weighted.median_ensemble,HR,Deaths,2021-04-26,12.2161956521739,10.63,1.14921878195427,,3,invscore_median
weighted.median_ensemble,HR,Cases,2021-05-03,2112.08913043478,2546.85380434783,0.829293431303029,,3,invscore_median
weighted.median_ensemble,HR,Deaths,2021-05-03,14.3828260869565,16.2044565217391,0.8875846016595,,3,invscore_median
weighted.median_ensemble,HR,Cases,2021-05-10,832.966195652174,1341.38695652174,0.620973829812751,,3,invscore_median
weighted.median_ensemble,HR,Deaths,2021-05-10,15.021847826087,15.8482608695652,0.947854654193301,,3,invscore_median
weighted.median_ensemble,HR,Cases,2021-05-17,880.070869565217,964.465326086957,0.912496121696624,,3,invscore_median
weighted.median_ensemble,HR,Deaths,2021-05-17,8.40358695652174,22.0904347826087,0.380417453944261,,3,invscore_median
weighted.median_ensemble,HR,Cases,2021-05-24,116.724130434783,237.883260869565,0.490678200761609,,3,invscore_median
weighted.median_ensemble,HR,Deaths,2021-05-24,10.8539130434783,23.2976086956522,0.465880991704691,,3,invscore_median
weighted.median_ensemble,HR,Cases,2021-05-31,142.619347826087,141.495652173913,1.0079415560472,,3,invscore_median
weighted.median_ensemble,HR,Deaths,2021-05-31,2.98913043478261,4.99478260869565,0.598450557103064,,3,invscore_median
weighted.median_ensemble,HR,Cases,2021-06-07,145.48652173913,108.318695652174,1.34313398867272,,3,invscore_median
weighted.median_ensemble,HR,Deaths,2021-06-07,3.50652173913043,4.26304347826087,0.822539520652728,,3,invscore_median
weighted.median_ensemble,HR,Cases,2021-06-14,45.7798913043478,68.3436956521739,0.669848050613746,,3,invscore_median
weighted.median_ensemble,HR,Deaths,2021-06-14,2.68804347826087,2.40804347826087,1.11627697029882,,3,invscore_median
weighted.median_ensemble,HR,Cases,2021-06-21,126.299673913043,87.5440217391304,1.44269901478138,,3,invscore_median
weighted.median_ensemble,HR,Deaths,2021-06-21,2.78217391304348,2.20978260869565,1.25902606984752,,3,invscore_median
weighted.median_ensemble,HR,Cases,2021-06-28,175.978586956522,123.123152173913,1.42928916170006,,3,invscore_median
weighted.median_ensemble,HR,Deaths,2021-06-28,1.13815217391304,1.47260869565217,0.772881606141128,,3,invscore_median
weighted.median_ensemble,HR,Cases,2021-07-05,190.73847826087,82.8646739130435,2.30180690098445,,3,invscore_median
weighted.median_ensemble,HR,Deaths,2021-07-05,0.98554347826087,1.1654347826087,0.845644469315426,,3,invscore_median
weighted.median_ensemble,HR,Cases,2021-07-12,164.495326086957,168.344782608696,0.977133496731605,,3,invscore_median
weighted.median_ensemble,HR,Deaths,2021-07-12,0.89304347826087,1.26239130434783,0.707422076803858,,3,invscore_median
weighted.median_ensemble,HR,Cases,2021-07-19,113.021413043478,115.569891304348,0.977948596887071,,3,invscore_median
weighted.median_ensemble,HR,Deaths,2021-07-19,2.26184782608696,2.15478260869565,1.04968724778047,,3,invscore_median
weighted.median_ensemble,HR,Cases,2021-07-26,172.58402173913,156.669130434783,1.10158281507136,,3,invscore_median
weighted.median_ensemble,HR,Deaths,2021-07-26,3.15358695652174,2.27782608695652,1.38447222752434,,3,invscore_median
weighted.median_ensemble,HR,Cases,2021-08-02,169.457065217391,164.940326086957,1.02738408027673,,3,invscore_median
weighted.median_ensemble,HR,Deaths,2021-08-02,2.47336956521739,2.70978260869565,0.912755716004814,,3,invscore_median
weighted.median_ensemble,HR,Cases,2021-08-09,404.58652173913,351.571739130435,1.15079364097871,,3,invscore_median
weighted.median_ensemble,HR,Deaths,2021-08-09,1.58282608695652,1.83130434782609,0.86431623931624,,3,invscore_median
weighted.median_ensemble,HR,Cases,2021-08-16,606.589456521739,256.264565217391,2.36704382444434,,3,invscore_median
weighted.median_ensemble,HR,Deaths,2021-08-16,3.9820652173913,3.74739130434783,1.06262327416174,,3,invscore_median
weighted.median_ensemble,HR,Cases,2021-08-23,259.953260869565,228.02652173913,1.14001327076751,,3,invscore_median
weighted.median_ensemble,HR,Deaths,2021-08-23,4.67282608695652,4.70195652173913,0.993804614175412,,3,invscore_median
weighted.median_ensemble,HR,Cases,2021-08-30,370.436304347826,289.008043478261,1.28175084641092,,3,invscore_median
weighted.median_ensemble,HR,Deaths,2021-08-30,13.1386956521739,10.0080434782609,1.31281360644699,,3,invscore_median
weighted.median_ensemble,HR,Cases,2021-09-06,451.030326086957,347.620760869565,1.29747810504388,,3,invscore_median
weighted.median_ensemble,HR,Deaths,2021-09-06,10.269347826087,6.80891304347826,1.50822132115833,,3,invscore_median
weighted.median_ensemble,HR,Cases,2021-09-13,474.347934782609,539.377717391304,0.879435541158037,,3,invscore_median
weighted.median_ensemble,HR,Deaths,2021-09-13,6.01989130434783,6.34934782608696,0.948111754031568,,3,invscore_median
weighted.median_ensemble,HR,Cases,2021-09-20,1828.59097826087,1074.30304347826,1.70211840072654,,3,invscore_median
weighted.median_ensemble,HR,Deaths,2021-09-20,7.94576086956522,6.04597826086957,1.31422253384391,,3,invscore_median
weighted.median_ensemble,HR,Cases,2021-09-27,478.036304347826,398.247173913044,1.20035077625486,,3,invscore_median
weighted.median_ensemble,HR,Deaths,2021-09-27,9.74739130434783,11.3503260869565,0.858776323223811,,3,invscore_median
weighted.median_ensemble,HR,Cases,2021-10-04,595.655543478261,520.362608695652,1.14469320724512,,3,invscore_median
weighted.median_ensemble,HR,Deaths,2021-10-04,9.18347826086957,7.2995652173913,1.25808565131932,,3,invscore_median
weighted.median_ensemble,HR,Cases,2021-10-11,2801.48608695652,2157.38989130435,1.29855345028189,,3,invscore_median
weighted.median_ensemble,HR,Deaths,2021-10-11,22.0461956521739,11.480652173913,1.92029122720645,,3,invscore_median
weighted.median_ensemble,HR,Cases,2021-10-18,7482.62293478261,6768.55934782609,1.10549713022548,,3,invscore_median
weighted.median_ensemble,HR,Deaths,2021-10-18,26.4180434782609,20.5063043478261,1.28828886132579,,3,invscore_median
weighted.median_ensemble,HR,Cases,2021-10-25,6903.93597826087,3724.87,1.85347031661799,,3,invscore_median
weighted.median_ensemble,HR,Deaths,2021-10-25,53.3666304347826,30.1055434782609,1.77265128840204,,3,invscore_median
weighted.median_ensemble,HR,Cases,2021-11-01,1343.10684782609,1997.93260869565,0.672248324082829,,3,invscore_median
weighted.median_ensemble,HR,Deaths,2021-11-01,52.4094565217391,46.0848913043478,1.13723728185933,,3,invscore_median
weighted.median_ensemble,HR,Cases,2021-11-08,3517.83260869565,5459.54836956522,0.644344984340857,,3,invscore_median
weighted.median_ensemble,HR,Deaths,2021-11-08,33.1525,31.4271739130435,1.05489918029952,,3,invscore_median
weighted.median_ensemble,HR,Cases,2021-11-15,10138.742826087,13103.9532608696,0.773716345308008,,3,invscore_median
weighted.median_ensemble,HR,Deaths,2021-11-15,62.0279347826087,70.6534782608696,0.877917638443598,,3,invscore_median
weighted.median_ensemble,HR,Cases,2021-11-22,1224.45782608696,1523.97010869565,0.803465776067587,,3,invscore_median
weighted.median_ensemble,HR,Deaths,2021-11-22,31.8061956521739,24.8413043478261,1.28037542662116,,3,invscore_median
weighted.median_ensemble,HR,Cases,2021-11-29,3668.41097826087,2798.81434782609,1.31070179096024,,3,invscore_median
weighted.median_ensemble,HR,Deaths,2021-11-29,15.0683695652174,21.7067391304348,0.694179327197524,,3,invscore_median
weighted.median_ensemble,HR,Cases,2021-12-06,817.369347826087,1327.74565217391,0.61560687206003,,3,invscore_median
weighted.median_ensemble,HR,Deaths,2021-12-06,13.0669565217391,19.0063043478261,0.687506433791991,,3,invscore_median
weighted.median_ensemble,HR,Cases,2021-12-13,1761.9772826087,1155.22510869565,1.52522419167128,,3,invscore_median
weighted.median_ensemble,HR,Deaths,2021-12-13,14.1983695652174,14.4001086956522,0.985990443912712,,3,invscore_median
weighted.median_ensemble,HR,Cases,2021-12-20,5425.60271739131,3483.44173913044,1.55754082419237,,3,invscore_median
weighted.median_ensemble,HR,Deaths,2021-12-20,24.0822826086957,13.6815217391304,1.76020497338524,,3,invscore_median
weighted.median_ensemble,HR,Cases,2021-12-27,12026.5579347826,11857.4988043478,1.01425757094513,,3,invscore_median
weighted.median_ensemble,HR,Deaths,2021-12-27,9.63413043478261,9.60619565217391,1.00290799642441,,3,invscore_median
weighted.median_ensemble,HR,Cases,2022-01-03,14727.4584782609,14001.4510869565,1.05185229636524,,3,invscore_median
weighted.median_ensemble,HR,Deaths,2022-01-03,10.9892391304348,12.180652173913,0.902188074458782,,3,invscore_median
weighted.median_ensemble,HR,Cases,2022-01-10,7780.76891304348,5600.04804347826,1.38941110016098,,3,invscore_median
weighted.median_ensemble,HR,Deaths,2022-01-10,32.2055434782609,23.2376086956522,1.38592330648405,,3,invscore_median
weighted.median_ensemble,HR,Cases,2022-01-17,4578.22771739131,9045.81608695652,0.506115498411781,,3,invscore_median
weighted.median_ensemble,HR,Deaths,2022-01-17,78.4667391304348,62.714347826087,1.25117683353785,,3,invscore_median
weighted.median_ensemble,HR,Cases,2022-01-24,3572.65532608696,9776.1702173913,0.365445286512236,,3,invscore_median
weighted.median_ensemble,HR,Deaths,2022-01-24,26.1216304347826,18.8045652173913,1.3891111085421,,3,invscore_median
weighted.median_ensemble,HR,Cases,2022-01-31,3167.00663043478,13344.4182608696,0.2373281898486,,3,invscore_median
weighted.median_ensemble,HR,Deaths,2022-01-31,26.6233695652174,35.2195652173913,0.755925560150608,,3,invscore_median
weighted.median_ensemble,HR,Cases,2022-02-07,8737.47380434783,8100.40434782609,1.07864662418892,,3,invscore_median
weighted.median_ensemble,HR,Deaths,2022-02-07,14.7598913043478,21.4280434782609,0.68881189826416,,3,invscore_median
weighted.median_ensemble,HR,Cases,2022-02-14,1782.88304347826,4470.07619565217,0.398848468223514,,3,invscore_median
weighted.median_ensemble,HR,Deaths,2022-02-14,24.8720652173913,23.9008695652174,1.04063432292804,,3,invscore_median
weighted.median_ensemble,HR,Cases,2022-02-21,1062.25706521739,1541.69315217391,0.689019772656785,,3,invscore_median
weighted.median_ensemble,HR,Deaths,2022-02-21,65.3967391304348,55.4126086956522,1.18017795353436,,3,invscore_median
weighted.median_ensemble,HR,Cases,2022-02-28,1381.0377173913,1215.17847826087,1.13648961210028,,3,invscore_median
weighted.median_ensemble,HR,Deaths,2022-02-28,16.3880434782609,15.405652173913,1.06376823864759,,3,invscore_median
weighted.median_ensemble,HR,Cases,2022-03-07,3601.92130434783,3190.88282608696,1.12881653782472,,3,invscore_median
weighted.median_ensemble,HR,Deaths,2022-03-07,10.6435869565217,9.77521739130435,1.08883378552684,,3,invscore_median
weighted.median_ensemble,HU,Cases,2021-04-12,3546.62282608696,4191.88326086957,0.846069082885492,,3,invscore_median
weighted.median_ensemble,HU,Deaths,2021-04-12,71.9148913043478,73.4808695652174,0.978688626439298,,3,invscore_median
weighted.median_ensemble,HU,Cases,2021-04-19,1535.89597826087,3081.28869565217,0.498458966350048,,3,invscore_median
weighted.median_ensemble,HU,Deaths,2021-04-19,56.3695652173913,49.4619565217391,1.1396549829689,,3,invscore_median
weighted.median_ensemble,HU,Cases,2021-04-26,599.265869565217,2150.27543478261,0.278692608338244,,3,invscore_median
weighted.median_ensemble,HU,Deaths,2021-04-26,52.1534782608696,58.0798913043478,0.897961016965013,,3,invscore_median
weighted.median_ensemble,HU,Cases,2021-05-03,511.248695652174,2422.65043478261,0.211028668565653,,3,invscore_median
weighted.median_ensemble,HU,Deaths,2021-05-03,41.5095652173913,54.014347826087,0.768491463620777,,3,invscore_median
weighted.median_ensemble,HU,Cases,2021-05-10,380.0175,931.261086956522,0.40806762499005,,3,invscore_median
weighted.median_ensemble,HU,Deaths,2021-05-10,28.5379347826087,30.9880434782609,0.920933740222386,,3,invscore_median
weighted.median_ensemble,HU,Cases,2021-05-17,402.029891304348,446.562391304348,0.900277092591862,,3,invscore_median
weighted.median_ensemble,HU,Deaths,2021-05-17,45.5984782608696,51.2630434782609,0.889500021203511,,3,invscore_median
weighted.median_ensemble,HU,Cases,2021-05-24,269.089891304348,341.003260869565,0.789112369829435,,3,invscore_median
weighted.median_ensemble,HU,Deaths,2021-05-24,19.6872826086957,23.180652173913,0.84929804653431,,3,invscore_median
weighted.median_ensemble,HU,Cases,2021-05-31,161.54597826087,200.712934782609,0.804860824918131,,3,invscore_median
weighted.median_ensemble,HU,Deaths,2021-05-31,15.9623913043478,13.840652173913,1.153297626714,,3,invscore_median
weighted.median_ensemble,HU,Cases,2021-06-07,117.619456521739,150.28847826087,0.782624575634975,,3,invscore_median
weighted.median_ensemble,HU,Deaths,2021-06-07,13.873152173913,13.1495652173913,1.05502744345986,,3,invscore_median
weighted.median_ensemble,HU,Cases,2021-06-14,172.667717391304,64.4995652173913,2.67703691969612,,3,invscore_median
weighted.median_ensemble,HU,Deaths,2021-06-14,8.85880434782609,4.045,2.19006287956146,,3,invscore_median
weighted.median_ensemble,HU,Cases,2021-06-21,83.1635869565217,47.6444565217391,1.74550394794777,,3,invscore_median
weighted.median_ensemble,HU,Deaths,2021-06-21,8.76858695652174,2.93521739130435,2.98737224114946,,3,invscore_median
weighted.median_ensemble,HU,Cases,2021-06-28,32.2409782608696,40.5029347826087,0.796015854997088,,3,invscore_median
weighted.median_ensemble,HU,Deaths,2021-06-28,2.30108695652174,2.59304347826087,0.887407780013414,,3,invscore_median
weighted.median_ensemble,HU,Cases,2021-07-05,73.8163043478261,56.0541304347826,1.31687538055218,,3,invscore_median
weighted.median_ensemble,HU,Deaths,2021-07-05,2.78467391304348,2.20739130434783,1.2615225526886,,3,invscore_median
weighted.median_ensemble,HU,Cases,2021-07-12,154.307173913043,128.35,1.20223742822784,,3,invscore_median
weighted.median_ensemble,HU,Deaths,2021-07-12,1.83869565217391,1.81163043478261,1.01493970120598,,3,invscore_median
weighted.median_ensemble,HU,Cases,2021-07-19,146.926086956522,80.7253260869565,1.82007424532735,,3,invscore_median
weighted.median_ensemble,HU,Deaths,2021-07-19,1.16532608695652,1.87086956521739,0.622879386474553,,3,invscore_median
weighted.median_ensemble,HU,Cases,2021-07-26,66.0714130434783,104.024782608696,0.635150695695424,,3,invscore_median
weighted.median_ensemble,HU,Deaths,2021-07-26,1.2775,1.42717391304348,0.895125666412795,,3,invscore_median
weighted.median_ensemble,HU,Cases,2021-08-02,88.7890217391305,104.167934782609,0.852364232087609,,3,invscore_median
weighted.median_ensemble,HU,Deaths,2021-08-02,1.13880434782609,1.63826086956522,0.695130042462845,,3,invscore_median
weighted.median_ensemble,HU,Cases,2021-08-09,119.347608695652,75.1431521739131,1.58826992537432,,3,invscore_median
weighted.median_ensemble,HU,Deaths,2021-08-09,1.18434782608696,1.56673913043478,0.755931733037325,,3,invscore_median
weighted.median_ensemble,HU,Cases,2021-08-16,145.730434782609,152.563369565217,0.955212481199901,,3,invscore_median
weighted.median_ensemble,HU,Deaths,2021-08-16,2.365,2.54684782608696,0.928598864751824,,3,invscore_median
weighted.median_ensemble,HU,Cases,2021-08-23,377.357282608696,366.666304347826,1.02915724225024,,3,invscore_median
weighted.median_ensemble,HU,Deaths,2021-08-23,2.01152173913043,2.36673913043478,0.849912739965096,,3,invscore_median
weighted.median_ensemble,HU,Cases,2021-08-30,260.461086956522,266.910326086957,0.975837431151563,,3,invscore_median
weighted.median_ensemble,HU,Deaths,2021-08-30,5.3454347826087,5.03391304347826,1.06188460874072,,3,invscore_median
weighted.median_ensemble,HU,Cases,2021-09-06,149.010217391304,179.569347826087,0.829819895184009,,3,invscore_median
weighted.median_ensemble,HU,Deaths,2021-09-06,17.9484782608696,12.3632608695652,1.45175924460621,,3,invscore_median
weighted.median_ensemble,HU,Cases,2021-09-13,310.931847826087,225.4975,1.37887048781511,,3,invscore_median
weighted.median_ensemble,HU,Deaths,2021-09-13,5.89532608695652,5.61673913043478,1.0495994116964,,3,invscore_median
weighted.median_ensemble,HU,Cases,2021-09-20,496.098043478261,408.636521739131,1.21403256215793,,3,invscore_median
weighted.median_ensemble,HU,Deaths,2021-09-20,7.5404347826087,6.78782608695652,1.1108762490392,,3,invscore_median
weighted.median_ensemble,HU,Cases,2021-09-27,470.578695652174,405.69,1.15994650016558,,3,invscore_median
weighted.median_ensemble,HU,Deaths,2021-09-27,6.90369565217391,14.6775,0.470359097405819,,3,invscore_median
weighted.median_ensemble,HU,Cases,2021-10-04,350.573804347826,395.511413043478,0.886381006429485,,3,invscore_median
weighted.median_ensemble,HU,Deaths,2021-10-04,13.6641304347826,9.93391304347826,1.37550332633053,,3,invscore_median
weighted.median_ensemble,HU,Cases,2021-10-11,2145.07315217391,2240.96532608696,0.957209434346543,,3,invscore_median
weighted.median_ensemble,HU,Deaths,2021-10-11,20.9441304347826,20.3578260869565,1.02879994874314,,3,invscore_median
weighted.median_ensemble,HU,Cases,2021-10-18,5156.39880434783,5128.3497826087,1.0054694049603,,3,invscore_median
weighted.median_ensemble,HU,Deaths,2021-10-18,53.9336956521739,67.4789130434783,0.799267403987719,,3,invscore_median
weighted.median_ensemble,HU,Cases,2021-10-25,2777.38576086957,3181.56869565217,0.872961116528789,,3,invscore_median
weighted.median_ensemble,HU,Deaths,2021-10-25,66.2619565217391,93.4075,0.709385825782075,,3,invscore_median
weighted.median_ensemble,HU,Cases,2021-11-01,3044.56108695652,1875.75326086957,1.62311384469891,,3,invscore_median
weighted.median_ensemble,HU,Deaths,2021-11-01,41.0285869565218,103.779891304348,0.395342358147208,,3,invscore_median
weighted.median_ensemble,HU,Cases,2021-11-08,2783.39554347826,2934.07880434783,0.94864375808643,,3,invscore_median
weighted.median_ensemble,HU,Deaths,2021-11-08,94.6032608695652,64.2113043478261,1.47331162060046,,3,invscore_median
weighted.median_ensemble,HU,Cases,2021-11-15,11017.5359782609,19425.467173913,0.567169678835658,,3,invscore_median
weighted.median_ensemble,HU,Deaths,2021-11-15,246.728913043478,199.906086956522,1.23422411393176,,3,invscore_median
weighted.median_ensemble,HU,Cases,2021-11-22,7889.11423913044,13798.1334782609,0.571752277332281,,3,invscore_median
weighted.median_ensemble,HU,Deaths,2021-11-22,126.292282608696,176.934239130435,0.713780912215604,,3,invscore_median
weighted.median_ensemble,HU,Cases,2021-11-29,17759.5627173913,15008.8115217391,1.18327575049283,,3,invscore_median
weighted.median_ensemble,HU,Deaths,2021-11-29,71.1075,82.3547826086956,0.86342890780082,,3,invscore_median
weighted.median_ensemble,HU,Cases,2021-12-06,8898.26521739131,12871.7663043478,0.691301023262491,,3,invscore_median
weighted.median_ensemble,HU,Deaths,2021-12-06,84.1684782608696,52.4626086956522,1.60435175362992,,3,invscore_median
weighted.median_ensemble,HU,Cases,2021-12-13,4926.07141304348,4926.07141304348,1,,3,invscore_median
weighted.median_ensemble,HU,Deaths,2021-12-13,91.3908695652174,82.9127173913044,1.10225394174335,,3,invscore_median
weighted.median_ensemble,HU,Cases,2021-12-20,2349.76576086957,2314.25391304348,1.01534483646152,,3,invscore_median
weighted.median_ensemble,HU,Deaths,2021-12-20,103.641630434783,95.94,1.08027548920974,,3,invscore_median
weighted.median_ensemble,HU,Cases,2021-12-27,16465.2655434783,11870.1457608696,1.3871156997715,,3,invscore_median
weighted.median_ensemble,HU,Deaths,2021-12-27,316.075869565217,206.783695652174,1.52853380711834,,3,invscore_median
weighted.median_ensemble,HU,Cases,2022-01-03,17979.1502173913,21038.2033695652,0.854595323638744,,3,invscore_median
weighted.median_ensemble,HU,Deaths,2022-01-03,61.1936956521739,40.2085869565217,1.52190614702137,,3,invscore_median
weighted.median_ensemble,HU,Cases,2022-01-10,32438.3691304348,23128.3639130435,1.40253626466595,,3,invscore_median
weighted.median_ensemble,HU,Deaths,2022-01-10,94.1891304347826,58.9489130434783,1.59780945180978,,3,invscore_median
weighted.median_ensemble,HU,Cases,2022-01-17,16147.260326087,15306.3141304348,1.05494113007782,,3,invscore_median
weighted.median_ensemble,HU,Deaths,2022-01-17,66.3946739130435,79.9108695652174,0.830859109333769,,3,invscore_median
weighted.median_ensemble,HU,Cases,2022-01-24,19347.0447826087,16358.4706521739,1.1826927586313,,3,invscore_median
weighted.median_ensemble,HU,Deaths,2022-01-24,70.0979347826087,54.3045652173913,1.29082950028222,,3,invscore_median
weighted.median_ensemble,HU,Cases,2022-01-31,37333.6827173913,44451.7276086957,0.839870230602423,,3,invscore_median
weighted.median_ensemble,HU,Deaths,2022-01-31,124.246630434783,60.6521739130435,2.04851075268817,,3,invscore_median
weighted.median_ensemble,HU,Cases,2022-02-07,23634.9882608696,33566.1923913044,0.704130751124231,,3,invscore_median
weighted.median_ensemble,HU,Deaths,2022-02-07,131.661739130435,90.7615217391304,1.45063388766069,,3,invscore_median
weighted.median_ensemble,HU,Cases,2022-02-14,7969.94858695652,9983.22010869565,0.798334455233986,,3,invscore_median
weighted.median_ensemble,HU,Deaths,2022-02-14,108.764130434783,81.0382608695652,1.34213307723673,,3,invscore_median
weighted.median_ensemble,HU,Cases,2022-02-21,3206.82923913044,3140.64869565217,1.02107225286607,,3,invscore_median
weighted.median_ensemble,HU,Deaths,2022-02-21,79.6739130434783,44.0289130434783,1.80958164842273,,3,invscore_median
weighted.median_ensemble,HU,Cases,2022-02-28,2252.52222826087,1563.31934782609,1.44085866486151,,3,invscore_median
weighted.median_ensemble,HU,Deaths,2022-02-28,59.7645652173913,59.8813043478261,0.998050491189091,,3,invscore_median
weighted.median_ensemble,HU,Cases,2022-03-07,1197.1697826087,1144.23326086957,1.04626375018928,,3,invscore_median
weighted.median_ensemble,HU,Deaths,2022-03-07,35.8526086956522,35.9092391304348,0.998422956426982,,3,invscore_median
weighted.median_ensemble,IT,Cases,2021-04-12,12420.3761956522,4765.51576086957,2.60630261631657,,3,invscore_median
weighted.median_ensemble,IT,Deaths,2021-04-12,112.615760869565,138.299673913043,0.814287971064725,,3,invscore_median
weighted.median_ensemble,IT,Cases,2021-04-19,7066.48054347826,4398.04565217391,1.60673196741043,,3,invscore_median
weighted.median_ensemble,IT,Deaths,2021-04-19,123.140652173913,113.670652173913,1.08331086185299,,3,invscore_median
weighted.median_ensemble,IT,Cases,2021-04-26,6059.33010869565,6333.66108695652,0.956686823861507,,3,invscore_median
weighted.median_ensemble,IT,Deaths,2021-04-26,98.5751086956522,96.9521739130435,1.01673953988968,,3,invscore_median
weighted.median_ensemble,IT,Cases,2021-05-03,9830.95173913043,11236.1297826087,0.874941098877907,,3,invscore_median
weighted.median_ensemble,IT,Deaths,2021-05-03,75.6940217391304,82.5557608695652,0.916883581979505,,3,invscore_median
weighted.median_ensemble,IT,Cases,2021-05-10,3938.85021739131,5100.9325,0.772182383787926,,3,invscore_median
weighted.median_ensemble,IT,Deaths,2021-05-10,55.0055434782609,74.8023913043478,0.735344719856085,,3,invscore_median
weighted.median_ensemble,IT,Cases,2021-05-17,1735.16336956522,3740.47195652174,0.463888886144395,,3,invscore_median
weighted.median_ensemble,IT,Deaths,2021-05-17,61.2792391304348,55.8230434782609,1.09774092045516,,3,invscore_median
weighted.median_ensemble,IT,Cases,2021-05-24,1112.7227173913,2749.1552173913,0.404750779567542,,3,invscore_median
weighted.median_ensemble,IT,Deaths,2021-05-24,62.3247826086957,71.6563043478261,0.869773890461411,,3,invscore_median
weighted.median_ensemble,IT,Cases,2021-05-31,1020.14326086957,1069.54652173913,0.953809151948591,,3,invscore_median
weighted.median_ensemble,IT,Deaths,2021-05-31,38.1176086956522,62.4839130434783,0.610038757802008,,3,invscore_median
weighted.median_ensemble,IT,Cases,2021-06-07,822.469456521739,826.654565217391,0.994937294401137,,3,invscore_median
weighted.median_ensemble,IT,Deaths,2021-06-07,48.9739130434783,50.6771739130435,0.966389979194818,,3,invscore_median
weighted.median_ensemble,IT,Cases,2021-06-14,602.949456521739,958.276956521739,0.629201664944826,,3,invscore_median
weighted.median_ensemble,IT,Deaths,2021-06-14,12.2015217391304,34.5145652173913,0.353518048460952,,3,invscore_median
weighted.median_ensemble,IT,Cases,2021-06-21,589.263043478261,579.883043478261,1.01617567560475,,3,invscore_median
weighted.median_ensemble,IT,Deaths,2021-06-21,17.409347826087,17.5623913043478,0.991285726663943,,3,invscore_median
weighted.median_ensemble,IT,Cases,2021-06-28,2710.30326086957,2090.73630434783,1.29633911997094,,3,invscore_median
weighted.median_ensemble,IT,Deaths,2021-06-28,22.985,18.514347826087,1.24146960054482,,3,invscore_median
weighted.median_ensemble,IT,Cases,2021-07-05,4676.23630434783,6201.07652173913,0.754100725568268,,3,invscore_median
weighted.median_ensemble,IT,Deaths,2021-07-05,7.27836956521739,8.75934782608696,0.830925967289604,,3,invscore_median
weighted.median_ensemble,IT,Cases,2021-07-12,7148.10869565217,5360.78967391304,1.33340592160082,,3,invscore_median
weighted.median_ensemble,IT,Deaths,2021-07-12,18.3748913043478,14.230652173913,1.29121919921786,,3,invscore_median
weighted.median_ensemble,IT,Cases,2021-07-19,2760.61510869565,3424.24347826087,0.806197084471848,,3,invscore_median
weighted.median_ensemble,IT,Deaths,2021-07-19,13.3655434782609,36.1002173913044,0.370234431925618,,3,invscore_median
weighted.median_ensemble,IT,Cases,2021-07-26,7234.08673913043,10213.1280434783,0.70831254717793,,3,invscore_median
weighted.median_ensemble,IT,Deaths,2021-07-26,38.7996739130435,37.0515217391304,1.04718165656518,,3,invscore_median
weighted.median_ensemble,IT,Cases,2021-08-02,2259.63913043478,2669.0102173913,0.846620637010284,,3,invscore_median
weighted.median_ensemble,IT,Deaths,2021-08-02,36.1497826086957,32.014347826087,1.1291744190784,,3,invscore_median
weighted.median_ensemble,IT,Cases,2021-08-09,2630.96706521739,2783.4297826087,0.945224873879013,,3,invscore_median
weighted.median_ensemble,IT,Deaths,2021-08-09,59.0896739130435,30.8723913043478,1.91399731010541,,3,invscore_median
weighted.median_ensemble,IT,Cases,2021-08-16,2482.93597826087,4751.71804347826,0.522534366631602,,3,invscore_median
weighted.median_ensemble,IT,Deaths,2021-08-16,36.9375,33.6655434782609,1.0971900698366,,3,invscore_median
weighted.median_ensemble,IT,Cases,2021-08-23,1643.73967391304,3375.17,0.487009446609517,,3,invscore_median
weighted.median_ensemble,IT,Deaths,2021-08-23,27.5122826086957,30.0671739130435,0.915027221655857,,3,invscore_median
weighted.median_ensemble,IT,Cases,2021-08-30,5615.50445652174,5087.1497826087,1.10386064820016,,3,invscore_median
weighted.median_ensemble,IT,Deaths,2021-08-30,36.2017391304348,27.9810869565217,1.29379316774529,,3,invscore_median
weighted.median_ensemble,IT,Cases,2021-09-06,2179.22076086957,4086.45652173913,0.533278831984764,,3,invscore_median
weighted.median_ensemble,IT,Deaths,2021-09-06,23.8026086956522,27.1547826086957,0.876553093377738,,3,invscore_median
weighted.median_ensemble,IT,Cases,2021-09-13,1852.93173913043,3903.89456521739,0.474636727036518,,3,invscore_median
weighted.median_ensemble,IT,Deaths,2021-09-13,18.0903260869565,27.5326086956522,0.657050927753652,,3,invscore_median
weighted.median_ensemble,IT,Cases,2021-09-20,1229.47097826087,1754.52902173913,0.700741317485982,,3,invscore_median
weighted.median_ensemble,IT,Deaths,2021-09-20,21.9825,18.5234782608696,1.18673716082997,,3,invscore_median
weighted.median_ensemble,IT,Cases,2021-09-27,2447.27076086957,1410.39434782609,1.73516773138071,,3,invscore_median
weighted.median_ensemble,IT,Deaths,2021-09-27,18.1219565217391,20.3827173913043,0.889084422544675,,3,invscore_median
weighted.median_ensemble,IT,Cases,2021-10-04,1308.18554347826,1528.86652173913,0.855657132180618,,3,invscore_median
weighted.median_ensemble,IT,Deaths,2021-10-04,9.68282608695652,15.8815217391304,0.609691328451167,,3,invscore_median
weighted.median_ensemble,IT,Cases,2021-10-11,3271.42532608696,2207.97673913044,1.4816393977843,,3,invscore_median
weighted.median_ensemble,IT,Deaths,2021-10-11,39.1428260869565,23.3265217391304,1.67803955191888,,3,invscore_median
weighted.median_ensemble,IT,Cases,2021-10-18,9830.92173913043,7341.34608695652,1.3391170532877,,3,invscore_median
weighted.median_ensemble,IT,Deaths,2021-10-18,62.3466304347826,45.4595652173913,1.37147441108678,,3,invscore_median
weighted.median_ensemble,IT,Cases,2021-10-25,4617.56413043478,3473.41989130435,1.32939992138433,,3,invscore_median
weighted.median_ensemble,IT,Deaths,2021-10-25,34.3448913043478,19.0739130434783,1.8006211534078,,3,invscore_median
weighted.median_ensemble,IT,Cases,2021-11-01,2840.25684782609,2870.10043478261,0.989601901524125,,3,invscore_median
weighted.median_ensemble,IT,Deaths,2021-11-01,31.5802173913044,21.7160869565217,1.4542314853745,,3,invscore_median
weighted.median_ensemble,IT,Cases,2021-11-08,5238.65923913044,5121.2602173913,1.02292385404289,,3,invscore_median
weighted.median_ensemble,IT,Deaths,2021-11-08,31.0121739130435,34.8347826086957,0.890264603095357,,3,invscore_median
weighted.median_ensemble,IT,Cases,2021-11-15,3872.42119565217,3567.51282608696,1.08546805139301,,3,invscore_median
weighted.median_ensemble,IT,Deaths,2021-11-15,49.8734782608696,24.4997826086957,2.03567023664806,,3,invscore_median
weighted.median_ensemble,IT,Cases,2021-11-22,6849.55304347826,5063.42565217391,1.3527507884978,,3,invscore_median
weighted.median_ensemble,IT,Deaths,2021-11-22,26.6041304347826,27.2351086956522,0.976832173944278,,3,invscore_median
weighted.median_ensemble,IT,Cases,2021-11-29,6438.85641304348,4790.59065217391,1.34406316058785,,3,invscore_median
weighted.median_ensemble,IT,Deaths,2021-11-29,36.760652173913,46.805,0.785400110541888,,3,invscore_median
weighted.median_ensemble,IT,Cases,2021-12-06,8053.64173913044,7795.54347826087,1.03310843709477,,3,invscore_median
weighted.median_ensemble,IT,Deaths,2021-12-06,25.0010869565217,32.019347826087,0.78081187325598,,3,invscore_median
weighted.median_ensemble,IT,Cases,2021-12-13,59564.5072826087,61668.5122826087,0.965882021113823,,3,invscore_median
weighted.median_ensemble,IT,Deaths,2021-12-13,84.626847826087,55.2226086956522,1.53246740465468,,3,invscore_median
weighted.median_ensemble,IT,Cases,2021-12-20,216974.513043478,212982.104130435,1.01874527876107,,3,invscore_median
weighted.median_ensemble,IT,Deaths,2021-12-20,41.730652173913,74.5965217391304,0.559418203436458,,3,invscore_median
weighted.median_ensemble,IT,Cases,2021-12-27,282341.525652174,304970.494456522,0.925799481537799,,3,invscore_median
weighted.median_ensemble,IT,Deaths,2021-12-27,110.576195652174,257.363043478261,0.429650637316597,,3,invscore_median
weighted.median_ensemble,IT,Cases,2022-01-03,235083.930652174,235083.930652174,1,,3,invscore_median
weighted.median_ensemble,IT,Deaths,2022-01-03,371.555543478261,92.2044565217391,4.02969181202927,,3,invscore_median
weighted.median_ensemble,IT,Cases,2022-01-10,374561.626847826,397067.721847826,0.943319253211357,,3,invscore_median
weighted.median_ensemble,IT,Deaths,2022-01-10,588.003695652174,284.57,2.06628841990433,,3,invscore_median
weighted.median_ensemble,IT,Cases,2022-01-17,57574.7782608696,245258.280869565,0.234751617995273,,3,invscore_median
weighted.median_ensemble,IT,Deaths,2022-01-17,91.4601086956521,358.81652173913,0.254893805481304,,3,invscore_median
weighted.median_ensemble,IT,Cases,2022-01-24,82368.4031521739,175230.20173913,0.470058256708497,,3,invscore_median
weighted.median_ensemble,IT,Deaths,2022-01-24,358.895652173913,672.369782608696,0.533777188471277,,3,invscore_median
weighted.median_ensemble,IT,Cases,2022-01-31,84231.9932608696,144507.702173913,0.582889299281069,,3,invscore_median
weighted.median_ensemble,IT,Deaths,2022-01-31,449.179456521739,480.564891304348,0.934690537426855,,3,invscore_median
weighted.median_ensemble,IT,Cases,2022-02-07,115049.854565217,42377.2539130435,2.71489641120435,,3,invscore_median
weighted.median_ensemble,IT,Deaths,2022-02-07,171.165869565217,261.97,0.65337966013367,,3,invscore_median
weighted.median_ensemble,IT,Cases,2022-02-14,61190.5940217391,21312.5745652174,2.87110287095974,,3,invscore_median
weighted.median_ensemble,IT,Deaths,2022-02-14,146.204347826087,110.007826086957,1.32903587887028,,3,invscore_median
weighted.median_ensemble,IT,Cases,2022-02-21,20980.0531521739,17472.852173913,1.20072286672791,,3,invscore_median
weighted.median_ensemble,IT,Deaths,2022-02-21,114.538260869565,74.0882608695652,1.54597043479281,,3,invscore_median
weighted.median_ensemble,IT,Cases,2022-02-28,47826.9607608696,46154.5715217392,1.03623453070825,,3,invscore_median
weighted.median_ensemble,IT,Deaths,2022-02-28,93.1403260869565,78.7759782608696,1.18234426462492,,3,invscore_median
weighted.median_ensemble,IT,Cases,2022-03-07,145252.409673913,135552.554565217,1.07155789235996,,3,invscore_median
weighted.median_ensemble,IT,Deaths,2022-03-07,78.9388043478261,63.9427173913044,1.23452376702653,,3,invscore_median
weighted.median_ensemble,LT,Cases,2021-04-12,558.056847826087,559.798152173913,0.996889406760162,,3,invscore_median
weighted.median_ensemble,LT,Deaths,2021-04-12,11.3321739130435,6.65086956521739,1.70386350264758,,3,invscore_median
weighted.median_ensemble,LT,Cases,2021-04-19,500.308804347826,537.522391304348,0.930768303686439,,3,invscore_median
weighted.median_ensemble,LT,Deaths,2021-04-19,4.98369565217391,4.53728260869565,1.09838775363534,,3,invscore_median
weighted.median_ensemble,LT,Cases,2021-04-26,390.968369565217,404.522608695652,0.966493247005058,,3,invscore_median
weighted.median_ensemble,LT,Deaths,2021-04-26,4.32521739130435,5.46815217391304,0.79098336215636,,3,invscore_median
weighted.median_ensemble,LT,Cases,2021-05-03,529.6125,619.344239130435,0.855118150034916,,3,invscore_median
weighted.median_ensemble,LT,Deaths,2021-05-03,15.3241304347826,19.2586956521739,0.795699288858788,,3,invscore_median
weighted.median_ensemble,LT,Cases,2021-05-10,982.228586956522,1187.63304347826,0.827047203132574,,3,invscore_median
weighted.median_ensemble,LT,Deaths,2021-05-10,10.1159782608696,13.2895652173913,0.761197081724792,,3,invscore_median
weighted.median_ensemble,LT,Cases,2021-05-17,1341.94260869565,1776.2675,0.755484525104272,,3,invscore_median
weighted.median_ensemble,LT,Deaths,2021-05-17,6.89184782608696,5.83282608695652,1.18156237188327,,3,invscore_median
weighted.median_ensemble,LT,Cases,2021-05-24,1125.22804347826,1377.37489130435,0.816936660151175,,3,invscore_median
weighted.median_ensemble,LT,Deaths,2021-05-24,6.05163043478261,7.32652173913044,0.825989555515993,,3,invscore_median
weighted.median_ensemble,LT,Cases,2021-05-31,118.062608695652,339.172608695652,0.348090045212326,,3,invscore_median
weighted.median_ensemble,LT,Deaths,2021-05-31,8.7304347826087,10.3658695652174,0.842228886605289,,3,invscore_median
weighted.median_ensemble,LT,Cases,2021-06-07,113.198043478261,217.358260869565,0.520790160104336,,3,invscore_median
weighted.median_ensemble,LT,Deaths,2021-06-07,2.71108695652174,5.93586956521739,0.456729536714887,,3,invscore_median
weighted.median_ensemble,LT,Cases,2021-06-14,92.7851086956522,163.781630434783,0.566517187851534,,3,invscore_median
weighted.median_ensemble,LT,Deaths,2021-06-14,1.63869565217391,2.80195652173913,0.584839785863915,,3,invscore_median
weighted.median_ensemble,LT,Cases,2021-06-21,45.5940217391304,77.7879347826087,0.586132307877186,,3,invscore_median
weighted.median_ensemble,LT,Deaths,2021-06-21,1.42847826086957,3.39195652173913,0.421136960840864,,3,invscore_median
weighted.median_ensemble,LT,Cases,2021-06-28,108.733695652174,64.5366304347826,1.68483688906031,,3,invscore_median
weighted.median_ensemble,LT,Deaths,2021-06-28,1.00239130434783,1.50021739130435,0.668164034197943,,3,invscore_median
weighted.median_ensemble,LT,Cases,2021-07-05,178.344565217391,170.214347826087,1.0477645832748,,3,invscore_median
weighted.median_ensemble,LT,Deaths,2021-07-05,1.81934782608696,0.922173913043478,1.97289014615747,,3,invscore_median
weighted.median_ensemble,LT,Cases,2021-07-12,404.748152173913,516.537173913044,0.783579909859596,,3,invscore_median
weighted.median_ensemble,LT,Deaths,2021-07-12,0.974130434782609,1.05684782608696,0.921731975727656,,3,invscore_median
weighted.median_ensemble,LT,Cases,2021-07-19,580.14347826087,526.706413043478,1.10145512546281,,3,invscore_median
weighted.median_ensemble,LT,Deaths,2021-07-19,1.01423913043478,1.07521739130435,0.943287505054589,,3,invscore_median
weighted.median_ensemble,LT,Cases,2021-07-26,425.469782608696,161.396956521739,2.63616980008782,,3,invscore_median
weighted.median_ensemble,LT,Deaths,2021-07-26,1.74086956521739,1.82608695652174,0.953333333333333,,3,invscore_median
weighted.median_ensemble,LT,Cases,2021-08-02,386.36347826087,366.099130434783,1.05535207855321,,3,invscore_median
weighted.median_ensemble,LT,Deaths,2021-08-02,7.45717391304348,3.29956521739131,2.26004743707998,,3,invscore_median
weighted.median_ensemble,LT,Cases,2021-08-09,514.145815217391,368.705326086957,1.39446267477062,,3,invscore_median
weighted.median_ensemble,LT,Deaths,2021-08-09,16.6592391304348,10.4213043478261,1.59857524302224,,3,invscore_median
weighted.median_ensemble,LT,Cases,2021-08-16,282.203913043478,628.653913043478,0.44890186347088,,3,invscore_median
weighted.median_ensemble,LT,Deaths,2021-08-16,5.03978260869565,5.3345652173913,0.944741024491626,,3,invscore_median
weighted.median_ensemble,LT,Cases,2021-08-23,196.808369565217,342.673586956522,0.574331892087698,,3,invscore_median
weighted.median_ensemble,LT,Deaths,2021-08-23,10.4560869565217,5.47,1.91153326444639,,3,invscore_median
weighted.median_ensemble,LT,Cases,2021-08-30,739.729456521739,393.87097826087,1.87810094510644,,3,invscore_median
weighted.median_ensemble,LT,Deaths,2021-08-30,8.71315217391304,7.18608695652174,1.21250302516941,,3,invscore_median
weighted.median_ensemble,LT,Cases,2021-09-06,1691.59076086957,544.307065217391,3.10778762387359,,3,invscore_median
weighted.median_ensemble,LT,Deaths,2021-09-06,7.44836956521739,6.98978260869565,1.06560818586135,,3,invscore_median
weighted.median_ensemble,LT,Cases,2021-09-13,1734.8222826087,805.14,2.15468400850622,,3,invscore_median
weighted.median_ensemble,LT,Deaths,2021-09-13,14.9677173913043,14.3032608695652,1.04645489778859,,3,invscore_median
weighted.median_ensemble,LT,Cases,2021-09-20,489.4675,480.205,1.01928863714455,,3,invscore_median
weighted.median_ensemble,LT,Deaths,2021-09-20,10.0786956521739,7.08336956521739,1.42286740221278,,3,invscore_median
weighted.median_ensemble,LT,Cases,2021-09-27,693.62097826087,661.250434782609,1.04895353072834,,3,invscore_median
weighted.median_ensemble,LT,Deaths,2021-09-27,10.2701086956522,8.22326086956522,1.24890950908082,,3,invscore_median
weighted.median_ensemble,LT,Cases,2021-10-04,555.249673913044,665.870326086957,0.833870578339202,,3,invscore_median
weighted.median_ensemble,LT,Deaths,2021-10-04,7.73032608695652,7.90326086956522,0.978118553156375,,3,invscore_median
weighted.median_ensemble,LT,Cases,2021-10-11,563.480108695652,585.427934782609,0.962509773136968,,3,invscore_median
weighted.median_ensemble,LT,Deaths,2021-10-11,8.02739130434783,11.1939130434783,0.717121106191253,,3,invscore_median
weighted.median_ensemble,LT,Cases,2021-10-18,519.338695652174,588.628913043478,0.882285399415665,,3,invscore_median
weighted.median_ensemble,LT,Deaths,2021-10-18,11.7863043478261,16.7426086956522,0.703970603510959,,3,invscore_median
weighted.median_ensemble,LT,Cases,2021-10-25,650.56597826087,898.469130434783,0.724082727189582,,3,invscore_median
weighted.median_ensemble,LT,Deaths,2021-10-25,23.7889130434783,9.87271739130435,2.40956082308514,,3,invscore_median
weighted.median_ensemble,LT,Cases,2021-11-01,1790.51989130435,2461.96173913043,0.727273646395805,,3,invscore_median
weighted.median_ensemble,LT,Deaths,2021-11-01,11.3342391304348,18.4265217391304,0.615104645949836,,3,invscore_median
weighted.median_ensemble,LT,Cases,2021-11-08,1671.59358695652,2575.60456521739,0.649010181737829,,3,invscore_median
weighted.median_ensemble,LT,Deaths,2021-11-08,18.4786956521739,27.8441304347826,0.663647790885598,,3,invscore_median
weighted.median_ensemble,LT,Cases,2021-11-15,773.671195652174,1412.23576086957,0.547834304362748,,3,invscore_median
weighted.median_ensemble,LT,Deaths,2021-11-15,7.5175,11.9969565217391,0.626617258000218,,3,invscore_median
weighted.median_ensemble,LT,Cases,2021-11-22,3941.27239130435,1261.42576086957,3.12445846086687,,3,invscore_median
weighted.median_ensemble,LT,Deaths,2021-11-22,6.28358695652174,7.15576086956522,0.878115838561208,,3,invscore_median
weighted.median_ensemble,LT,Cases,2021-11-29,1329.78282608695,1101.91565217391,1.20679184787283,,3,invscore_median
weighted.median_ensemble,LT,Deaths,2021-11-29,4.82065217391304,7.71239130434783,0.625052851142994,,3,invscore_median
weighted.median_ensemble,LT,Cases,2021-12-06,1785.01217391304,689.764565217391,2.58785716739518,,3,invscore_median
weighted.median_ensemble,LT,Deaths,2021-12-06,9.98728260869565,7.89304347826087,1.26532720061694,,3,invscore_median
weighted.median_ensemble,LT,Cases,2021-12-13,499.793586956522,436.774456521739,1.14428300349026,,3,invscore_median
weighted.median_ensemble,LT,Deaths,2021-12-13,33.8934782608696,26.4195652173913,1.28289311281165,,3,invscore_median
weighted.median_ensemble,LT,Cases,2021-12-20,570.009456521739,539.515,1.05652198089347,,3,invscore_median
weighted.median_ensemble,LT,Deaths,2021-12-20,13.9853260869565,15.3345652173913,0.912013212549086,,3,invscore_median
weighted.median_ensemble,LT,Cases,2021-12-27,6802.63739130435,5484.45684782609,1.24034842101105,,3,invscore_median
weighted.median_ensemble,LT,Deaths,2021-12-27,5.6820652173913,10.4247826086957,0.54505359302665,,3,invscore_median
weighted.median_ensemble,LT,Cases,2022-01-03,12264.889673913,11298.6273913044,1.08552032465044,,3,invscore_median
weighted.median_ensemble,LT,Deaths,2022-01-03,9.01695652173913,11.7021739130435,0.770536875348319,,3,invscore_median
weighted.median_ensemble,LT,Cases,2022-01-10,11824.4666304348,8196.77913043478,1.44257475311618,,3,invscore_median
weighted.median_ensemble,LT,Deaths,2022-01-10,7.17880434782609,12.3241304347826,0.582499867703868,,3,invscore_median
weighted.median_ensemble,LT,Cases,2022-01-17,15912.9942391304,13610.685,1.16915454579475,,3,invscore_median
weighted.median_ensemble,LT,Deaths,2022-01-17,4.59173913043478,5.16847826086957,0.888412197686646,,3,invscore_median
weighted.median_ensemble,LT,Cases,2022-01-24,19240.0805434783,12998.7797826087,1.48014512633101,,3,invscore_median
weighted.median_ensemble,LT,Deaths,2022-01-24,15.4214130434783,11.7663043478261,1.31064203233256,,3,invscore_median
weighted.median_ensemble,LT,Cases,2022-01-31,7242.32467391304,7652.95369565217,0.946343720598699,,3,invscore_median
weighted.median_ensemble,LT,Deaths,2022-01-31,24.8195652173913,8.99173913043478,2.76026304337315,,3,invscore_median
weighted.median_ensemble,LT,Cases,2022-02-07,20945.8795652174,21300.4254347826,0.983354986469601,,3,invscore_median
weighted.median_ensemble,LT,Deaths,2022-02-07,9.71945652173913,6.67391304347826,1.45633550488599,,3,invscore_median
weighted.median_ensemble,LT,Cases,2022-02-14,4876.99510869565,4808.28195652174,1.01429058295567,,3,invscore_median
weighted.median_ensemble,LT,Deaths,2022-02-14,14.4216304347826,9.24086956521739,1.56063564505505,,3,invscore_median
weighted.median_ensemble,LT,Cases,2022-02-21,3394.29413043478,5310.15913043478,0.639207610743836,,3,invscore_median
weighted.median_ensemble,LT,Deaths,2022-02-21,6.44358695652174,8.30978260869565,0.775421844342708,,3,invscore_median
weighted.median_ensemble,LT,Cases,2022-02-28,3886.32543478261,4002.51347826087,0.970971229926065,,3,invscore_median
weighted.median_ensemble,LT,Deaths,2022-02-28,22.461847826087,11.0990217391304,2.02376825219614,,3,invscore_median
weighted.median_ensemble,LT,Cases,2022-03-07,7769.47532608696,6994.8897826087,1.11073591829911,,3,invscore_median
weighted.median_ensemble,LT,Deaths,2022-03-07,13.0141304347826,12.4380434782609,1.0463165253867,,3,invscore_median
weighted.median_ensemble,LU,Deaths,2021-04-12,4.70119565217391,4.76869565217391,0.985845185995624,,3,invscore_median
weighted.median_ensemble,LU,Deaths,2021-04-19,4.59554347826087,5.5770652173913,0.824007484067123,,3,invscore_median
weighted.median_ensemble,LU,Deaths,2021-04-26,2.10086956521739,2.60478260869565,0.806543148055417,,3,invscore_median
weighted.median_ensemble,LU,Deaths,2021-05-03,1.12336956521739,1.61923913043478,0.693763845069477,,3,invscore_median
weighted.median_ensemble,LU,Deaths,2021-05-10,0.603913043478261,0.777391304347826,0.776845637583893,,3,invscore_median
weighted.median_ensemble,LU,Deaths,2021-05-17,0.739782608695652,0.613913043478261,1.2050283286119,,3,invscore_median
weighted.median_ensemble,LU,Deaths,2021-05-24,0.786847826086957,0.611304347826087,1.28716216216216,,3,invscore_median
weighted.median_ensemble,LU,Deaths,2021-05-31,1.19771739130435,1.26239130434783,0.948768727397968,,3,invscore_median
weighted.median_ensemble,LU,Deaths,2021-06-07,1.69869565217391,1.5295652173913,1.11057418988061,,3,invscore_median
weighted.median_ensemble,LU,Deaths,2021-06-14,0.539456521739131,0.71,0.759797917942437,,3,invscore_median
weighted.median_ensemble,LU,Deaths,2021-06-21,0.291630434782609,0.365217391304348,0.798511904761905,,3,invscore_median
weighted.median_ensemble,LU,Deaths,2021-06-28,0.305217391304348,0.281739130434783,1.08333333333333,,3,invscore_median
weighted.median_ensemble,LU,Deaths,2021-07-05,0.346086956521739,0.28195652173913,1.22744795682344,,3,invscore_median
weighted.median_ensemble,LU,Deaths,2021-07-12,0.837282608695652,0.516630434782609,1.62066063538818,,3,invscore_median
weighted.median_ensemble,LU,Deaths,2021-07-19,0.346847826086957,0.422608695652174,0.820730452674897,,3,invscore_median
weighted.median_ensemble,LU,Deaths,2021-07-26,0.455978260869565,0.460652173913044,0.989853704577631,,3,invscore_median
weighted.median_ensemble,LU,Deaths,2021-08-02,1.15652173913043,1.17891304347826,0.981006822791813,,3,invscore_median
weighted.median_ensemble,LU,Deaths,2021-08-09,1.63923913043478,1.0395652173913,1.57685069008783,,3,invscore_median
weighted.median_ensemble,LU,Deaths,2021-08-16,0.967934782608696,0.87945652173913,1.10060561117291,,3,invscore_median
weighted.median_ensemble,LU,Deaths,2021-08-23,1.40826086956522,1.5220652173913,0.925230307791188,,3,invscore_median
weighted.median_ensemble,LU,Deaths,2021-08-30,1.02934782608696,1.04891304347826,0.981347150259067,,3,invscore_median
weighted.median_ensemble,LU,Deaths,2021-09-06,1.24554347826087,1.22130434782609,1.01984692061232,,3,invscore_median
weighted.median_ensemble,LU,Deaths,2021-09-13,0.581521739130435,0.755217391304348,0.770005757052389,,3,invscore_median
weighted.median_ensemble,LU,Deaths,2021-09-20,0.479456521739131,0.462282608695652,1.03715024688455,,3,invscore_median
weighted.median_ensemble,LU,Deaths,2021-09-27,0.482826086956522,0.50554347826087,0.955063427219953,,3,invscore_median
weighted.median_ensemble,LU,Deaths,2021-10-04,0.966521739130435,0.792173913043478,1.22008781558727,,3,invscore_median
weighted.median_ensemble,LU,Deaths,2021-10-11,1.48532608695652,1.15891304347826,1.2816544738323,,3,invscore_median
weighted.median_ensemble,LU,Deaths,2021-10-18,0.649021739130435,0.612173913043478,1.06019176136364,,3,invscore_median
weighted.median_ensemble,LU,Deaths,2021-10-25,1.45239130434783,1.2045652173913,1.20573903627504,,3,invscore_median
weighted.median_ensemble,LU,Deaths,2021-11-01,2.84554347826087,2.37271739130435,1.19927619222136,,3,invscore_median
weighted.median_ensemble,LU,Deaths,2021-11-08,1.39,1.13434782608696,1.22537370640092,,3,invscore_median
weighted.median_ensemble,LU,Deaths,2021-11-15,1.15195652173913,1.12804347826087,1.02119868953556,,3,invscore_median
weighted.median_ensemble,LU,Deaths,2021-11-22,2.68217391304348,2.52032608695652,1.06421701815673,,3,invscore_median
weighted.median_ensemble,LU,Deaths,2021-11-29,3.3020652173913,2.81586956521739,1.17266270362078,,3,invscore_median
weighted.median_ensemble,LU,Deaths,2021-12-06,1.88228260869565,2.4,0.784284420289855,,3,invscore_median
weighted.median_ensemble,LU,Deaths,2021-12-13,1.74336956521739,2.31152173913044,0.754208595880749,,3,invscore_median
weighted.median_ensemble,LU,Deaths,2021-12-20,1.02739130434783,1.29282608695652,0.794686396502438,,3,invscore_median
weighted.median_ensemble,LU,Deaths,2021-12-27,1.0029347826087,1.74967391304348,0.573212399826055,,3,invscore_median
weighted.median_ensemble,LU,Deaths,2022-01-03,1.80434782608696,1.57586956521739,1.14498551524348,,3,invscore_median
weighted.median_ensemble,LU,Deaths,2022-01-10,2.26326086956522,1.61347826086956,1.40272163837241,,3,invscore_median
weighted.median_ensemble,LU,Deaths,2022-01-17,3.27336956521739,3.58934782608696,0.911967779056387,,3,invscore_median
weighted.median_ensemble,LU,Deaths,2022-01-24,1.70413043478261,2.21934782608696,0.767851895386424,,3,invscore_median
weighted.median_ensemble,LU,Deaths,2022-01-31,3.71282608695652,2.01782608695652,1.84001292824822,,3,invscore_median
weighted.median_ensemble,LU,Deaths,2022-02-07,3.16021739130435,1.97652173913044,1.59887813462385,,3,invscore_median
weighted.median_ensemble,LU,Deaths,2022-02-14,2.3029347826087,2.33086956521739,0.988015295653796,,3,invscore_median
weighted.median_ensemble,LU,Deaths,2022-02-21,3.54728260869565,3.4554347826087,1.02658068575024,,3,invscore_median
weighted.median_ensemble,LU,Deaths,2022-02-28,1.68652173913043,1.45478260869565,1.15929468021518,,3,invscore_median
weighted.median_ensemble,LU,Deaths,2022-03-07,1.27010869565217,1.24608695652174,1.01927773900907,,3,invscore_median
weighted.median_ensemble,LV,Cases,2021-04-12,496.651413043478,306.542173913044,1.62017319412748,,3,invscore_median
weighted.median_ensemble,LV,Deaths,2021-04-12,6.19217391304348,4.43978260869565,1.39470205160848,,3,invscore_median
weighted.median_ensemble,LV,Cases,2021-04-19,380.669347826087,280.674456521739,1.35626644669962,,3,invscore_median
weighted.median_ensemble,LV,Deaths,2021-04-19,7.11054347826087,7.62586956521739,0.932423957353402,,3,invscore_median
weighted.median_ensemble,LV,Cases,2021-04-26,326.255543478261,261.260869565217,1.24877309036445,,3,invscore_median
weighted.median_ensemble,LV,Deaths,2021-04-26,8.41217391304348,7.9754347826087,1.05476054188132,,3,invscore_median
weighted.median_ensemble,LV,Cases,2021-05-03,302.590652173913,351.292826086957,0.861363027376517,,3,invscore_median
weighted.median_ensemble,LV,Deaths,2021-05-03,7.26521739130435,7.59652173913043,0.956387362637363,,3,invscore_median
weighted.median_ensemble,LV,Cases,2021-05-10,534.178260869565,621.416304347826,0.859614170294716,,3,invscore_median
weighted.median_ensemble,LV,Deaths,2021-05-10,4.43413043478261,5.72413043478261,0.774638259086248,,3,invscore_median
weighted.median_ensemble,LV,Cases,2021-05-17,1044.3275,1078.9397826087,0.967920097889978,,3,invscore_median
weighted.median_ensemble,LV,Deaths,2021-05-17,5.9345652173913,5.09130434782609,1.16562766865927,,3,invscore_median
weighted.median_ensemble,LV,Cases,2021-05-24,751.827173913044,678.540869565217,1.10800573353052,,3,invscore_median
weighted.median_ensemble,LV,Deaths,2021-05-24,4.65108695652174,9.05782608695652,0.513488215811453,,3,invscore_median
weighted.median_ensemble,LV,Cases,2021-05-31,112.689130434783,190.6175,0.591179353599657,,3,invscore_median
weighted.median_ensemble,LV,Deaths,2021-05-31,4.63,5.09586956521739,0.90857898553816,,3,invscore_median
weighted.median_ensemble,LV,Cases,2021-06-07,104.911413043478,149.207282608696,0.703125284565461,,3,invscore_median
weighted.median_ensemble,LV,Deaths,2021-06-07,7.24380434782609,4.32086956521739,1.67646910847253,,3,invscore_median
weighted.median_ensemble,LV,Cases,2021-06-14,83.7497826086957,209.608804347826,0.399552790109526,,3,invscore_median
weighted.median_ensemble,LV,Deaths,2021-06-14,7.58826086956522,8.88673913043478,0.853885858264635,,3,invscore_median
weighted.median_ensemble,LV,Cases,2021-06-21,53.3986956521739,73.373152173913,0.727768864633285,,3,invscore_median
weighted.median_ensemble,LV,Deaths,2021-06-21,7.63717391304348,8.19326086956522,0.932128737828013,,3,invscore_median
weighted.median_ensemble,LV,Cases,2021-06-28,155.464782608696,63.9417391304348,2.43135055009316,,3,invscore_median
weighted.median_ensemble,LV,Deaths,2021-06-28,2.63586956521739,2.8195652173913,0.93484965304549,,3,invscore_median
weighted.median_ensemble,LV,Cases,2021-07-05,33.9732608695652,28.8047826086957,1.17943125386787,,3,invscore_median
weighted.median_ensemble,LV,Deaths,2021-07-05,2.78184782608696,2.65478260869565,1.04786275794301,,3,invscore_median
weighted.median_ensemble,LV,Cases,2021-07-12,74.4108695652174,66.9521739130435,1.11140333787908,,3,invscore_median
weighted.median_ensemble,LV,Deaths,2021-07-12,1.09891304347826,1.6604347826087,0.661822466614297,,3,invscore_median
weighted.median_ensemble,LV,Cases,2021-07-19,145.349565217391,112.92652173913,1.28711628569559,,3,invscore_median
weighted.median_ensemble,LV,Deaths,2021-07-19,0.987173913043478,0.869347826086957,1.13553388347087,,3,invscore_median
weighted.median_ensemble,LV,Cases,2021-07-26,133.89847826087,74.4944565217391,1.79742875527651,,3,invscore_median
weighted.median_ensemble,LV,Deaths,2021-07-26,0.843586956521739,1.19608695652174,0.705288985823337,,3,invscore_median
weighted.median_ensemble,LV,Cases,2021-08-02,80.6183695652174,80.6966304347826,0.99903018417072,,3,invscore_median
weighted.median_ensemble,LV,Deaths,2021-08-02,1.55913043478261,1.58086956521739,0.986248624862486,,3,invscore_median
weighted.median_ensemble,LV,Cases,2021-08-09,103.976413043478,101.38347826087,1.02557551612046,,3,invscore_median
weighted.median_ensemble,LV,Deaths,2021-08-09,1.31108695652174,1.37021739130435,0.956845946374742,,3,invscore_median
weighted.median_ensemble,LV,Cases,2021-08-16,72.1295652173913,71.7313043478261,1.00555212083742,,3,invscore_median
weighted.median_ensemble,LV,Deaths,2021-08-16,2.77184782608696,1.3820652173913,2.00558395595753,,3,invscore_median
weighted.median_ensemble,LV,Cases,2021-08-23,248.92,244.254130434783,1.01910252062846,,3,invscore_median
weighted.median_ensemble,LV,Deaths,2021-08-23,1.61945652173913,1.51347826086957,1.07002298190175,,3,invscore_median
weighted.median_ensemble,LV,Cases,2021-08-30,345.217391304348,361.346086956522,0.955364963854958,,3,invscore_median
weighted.median_ensemble,LV,Deaths,2021-08-30,6.61369565217391,6.10239130434783,1.08378753874105,,3,invscore_median
weighted.median_ensemble,LV,Cases,2021-09-06,171.888804347826,167.048369565217,1.02897624679132,,3,invscore_median
weighted.median_ensemble,LV,Deaths,2021-09-06,6.9979347826087,7.60391304347826,0.920307050145806,,3,invscore_median
weighted.median_ensemble,LV,Cases,2021-09-13,300.780217391304,301.544891304348,0.997464145687444,,3,invscore_median
weighted.median_ensemble,LV,Deaths,2021-09-13,4.75163043478261,4.26065217391304,1.11523547119751,,3,invscore_median
weighted.median_ensemble,LV,Cases,2021-09-20,441.264565217391,391.13347826087,1.12816874479634,,3,invscore_median
weighted.median_ensemble,LV,Deaths,2021-09-20,3.08239130434783,3.61413043478261,0.852872180451128,,3,invscore_median
weighted.median_ensemble,LV,Cases,2021-09-27,1595.41902173913,1446.35043478261,1.10306533145194,,3,invscore_median
weighted.median_ensemble,LV,Deaths,2021-09-27,3.96097826086957,4.17445652173913,0.948860825413358,,3,invscore_median
weighted.median_ensemble,LV,Cases,2021-10-04,849.646413043478,866.823913043478,0.98018340317852,,3,invscore_median
weighted.median_ensemble,LV,Deaths,2021-10-04,7.62260869565217,6.20891304347826,1.22768810615875,,3,invscore_median
weighted.median_ensemble,LV,Cases,2021-10-11,705.614891304348,679.273260869565,1.03877913639801,,3,invscore_median
weighted.median_ensemble,LV,Deaths,2021-10-11,18.7072826086957,16.440652173913,1.13786742829942,,3,invscore_median
weighted.median_ensemble,LV,Cases,2021-10-18,3121.03304347826,2788.12152173913,1.11940351923092,,3,invscore_median
weighted.median_ensemble,LV,Deaths,2021-10-18,38.6963043478261,35.8591304347826,1.07911998642029,,3,invscore_median
weighted.median_ensemble,LV,Cases,2021-10-25,6947.21413043478,7459.7802173913,0.931289384939042,,3,invscore_median
weighted.median_ensemble,LV,Deaths,2021-10-25,22.416847826087,23.3003260869565,0.962083008728185,,3,invscore_median
weighted.median_ensemble,LV,Cases,2021-11-01,6855.53934782609,6756.50760869565,1.01465723786102,,3,invscore_median
weighted.median_ensemble,LV,Deaths,2021-11-01,18.7633695652174,17.8307608695652,1.05230335948501,,3,invscore_median
weighted.median_ensemble,LV,Cases,2021-11-08,2898.14130434783,4787.43086956522,0.605364627356181,,3,invscore_median
weighted.median_ensemble,LV,Deaths,2021-11-08,20.175652173913,24.495652173913,0.823642172523962,,3,invscore_median
weighted.median_ensemble,LV,Cases,2021-11-15,1173.28086956522,1495.22195652174,0.784686758007863,,3,invscore_median
weighted.median_ensemble,LV,Deaths,2021-11-15,17.5582608695652,41.8682608695652,0.419369243070916,,3,invscore_median
weighted.median_ensemble,LV,Cases,2021-11-22,986.627826086957,887.219891304348,1.11204430351135,,3,invscore_median
weighted.median_ensemble,LV,Deaths,2021-11-22,13.2613043478261,27.6092391304348,0.480321253518632,,3,invscore_median
weighted.median_ensemble,LV,Cases,2021-11-29,984.663152173913,410.103913043478,2.40100891714613,,3,invscore_median
weighted.median_ensemble,LV,Deaths,2021-11-29,12.2770652173913,17.0691304347826,0.71925545734736,,3,invscore_median
weighted.median_ensemble,LV,Cases,2021-12-06,1151.4347826087,665.153260869565,1.73108191802805,,3,invscore_median
weighted.median_ensemble,LV,Deaths,2021-12-06,10.1616304347826,11.6776086956522,0.870180762142339,,3,invscore_median
weighted.median_ensemble,LV,Cases,2021-12-13,621.753369565218,483.711956521739,1.28537936923475,,3,invscore_median
weighted.median_ensemble,LV,Deaths,2021-12-13,8.83521739130435,12.3013043478261,0.718234192203019,,3,invscore_median
weighted.median_ensemble,LV,Cases,2021-12-20,353.859347826087,510.209130434783,0.693557458535758,,3,invscore_median
weighted.median_ensemble,LV,Deaths,2021-12-20,5.84717391304348,7.41304347826087,0.788768328445748,,3,invscore_median
weighted.median_ensemble,LV,Cases,2021-12-27,2026.59010869565,2214.40423913043,0.915185255195982,,3,invscore_median
weighted.median_ensemble,LV,Deaths,2021-12-27,10.665,10.0555434782609,1.06060900865843,,3,invscore_median
weighted.median_ensemble,LV,Cases,2022-01-03,5338.2872826087,5673.35934782609,0.940939389755774,,3,invscore_median
weighted.median_ensemble,LV,Deaths,2022-01-03,7.83576086956522,5.73315217391304,1.36674566309603,,3,invscore_median
weighted.median_ensemble,LV,Cases,2022-01-10,10670.1167391304,8963.58206521739,1.1903853461146,,3,invscore_median
weighted.median_ensemble,LV,Deaths,2022-01-10,8.55739130434783,11.3473913043478,0.754128510670907,,3,invscore_median
weighted.median_ensemble,LV,Cases,2022-01-17,11800.585,10895.2719565217,1.08309228508393,,3,invscore_median
weighted.median_ensemble,LV,Deaths,2022-01-17,6.78956521739131,12.6195652173913,0.53801894918174,,3,invscore_median
weighted.median_ensemble,LV,Cases,2022-01-24,3785.33021739131,4204.60130434783,0.900282795773533,,3,invscore_median
weighted.median_ensemble,LV,Deaths,2022-01-24,6.76434782608696,10.7882608695652,0.627010035062266,,3,invscore_median
weighted.median_ensemble,LV,Cases,2022-01-31,5479.48423913044,10854.2291304348,0.50482481743141,,3,invscore_median
weighted.median_ensemble,LV,Deaths,2022-01-31,7.39945652173913,5.24739130434783,1.41012097108294,,3,invscore_median
weighted.median_ensemble,LV,Cases,2022-02-07,6896.90032608696,6233.30847826087,1.10645900971216,,3,invscore_median
weighted.median_ensemble,LV,Deaths,2022-02-07,6.24076086956522,12.7417391304348,0.489788780454514,,3,invscore_median
weighted.median_ensemble,LV,Cases,2022-02-14,8085.02315217391,5849.84119565217,1.38209275803641,,3,invscore_median
weighted.median_ensemble,LV,Deaths,2022-02-14,16.0213043478261,11.670652173913,1.37278569432802,,3,invscore_median
weighted.median_ensemble,LV,Cases,2022-02-21,6622.67673913044,5626.32717391304,1.1770870293212,,3,invscore_median
weighted.median_ensemble,LV,Deaths,2022-02-21,32.1835869565217,15.5171739130435,2.07406239930512,,3,invscore_median
weighted.median_ensemble,LV,Cases,2022-02-28,7460.57445652174,7684.495,0.970860734052366,,3,invscore_median
weighted.median_ensemble,LV,Deaths,2022-02-28,26.0016304347826,16.2805434782609,1.59709843037501,,3,invscore_median
weighted.median_ensemble,LV,Cases,2022-03-07,4160.3902173913,4507.88304347826,0.922914409549802,,3,invscore_median
weighted.median_ensemble,LV,Deaths,2022-03-07,28.970652173913,34.3677173913044,0.842961196522267,,3,invscore_median
weighted.median_ensemble,MT,Cases,2021-04-12,50.2678260869565,40.8357608695652,1.23097562079273,,3,invscore_median
weighted.median_ensemble,MT,Deaths,2021-04-12,1.0520652173913,0.915217391304348,1.14952494061758,,3,invscore_median
weighted.median_ensemble,MT,Cases,2021-04-19,50.7178260869565,43.5363043478261,1.16495478536154,,3,invscore_median
weighted.median_ensemble,MT,Deaths,2021-04-19,1.21423913043478,0.844565217391305,1.43770913770914,,3,invscore_median
weighted.median_ensemble,MT,Cases,2021-04-26,20.9359782608696,18.7265217391304,1.11798541942374,,3,invscore_median
weighted.median_ensemble,MT,Deaths,2021-04-26,0.548586956521739,0.539782608695652,1.01631091421667,,3,invscore_median
weighted.median_ensemble,MT,Cases,2021-05-03,26.4263043478261,26.4110869565217,1.00057617436683,,3,invscore_median
weighted.median_ensemble,MT,Deaths,2021-05-03,0.597934782608696,0.701847826086957,0.851943627071395,,3,invscore_median
weighted.median_ensemble,MT,Cases,2021-05-10,25.5688043478261,28.6823913043478,0.891446047036888,,3,invscore_median
weighted.median_ensemble,MT,Deaths,2021-05-10,0.591086956521739,0.827391304347826,0.714398318444561,,3,invscore_median
weighted.median_ensemble,MT,Cases,2021-05-17,12.0270652173913,11.6244565217391,1.03463462527467,,3,invscore_median
weighted.median_ensemble,MT,Deaths,2021-05-17,0.570108695652174,0.59804347826087,0.953289712831698,,3,invscore_median
weighted.median_ensemble,MT,Cases,2021-05-24,11.1829347826087,6.94728260869565,1.60968473754205,,3,invscore_median
weighted.median_ensemble,MT,Deaths,2021-05-24,0.592608695652174,0.550869565217391,1.07576953433307,,3,invscore_median
weighted.median_ensemble,MT,Cases,2021-05-31,8.65097826086957,8.83978260869565,0.978641516858078,,3,invscore_median
weighted.median_ensemble,MT,Deaths,2021-05-31,0.107608695652174,0.215869565217391,0.498489425981873,,3,invscore_median
weighted.median_ensemble,MT,Cases,2021-06-07,10.1077173913043,15.5526086956522,0.649904950937911,,3,invscore_median
weighted.median_ensemble,MT,Deaths,2021-06-07,0.275869565217391,0.307173913043478,0.898089171974522,,3,invscore_median
weighted.median_ensemble,MT,Cases,2021-06-14,4.09423913043478,4.56804347826087,0.896278494265455,,3,invscore_median
weighted.median_ensemble,MT,Deaths,2021-06-14,0.295760869565217,0.270217391304348,1.09452936444087,,3,invscore_median
weighted.median_ensemble,MT,Cases,2021-06-21,11.0403260869565,10.9117391304348,1.01178427700522,,3,invscore_median
weighted.median_ensemble,MT,Deaths,2021-06-21,0.0234782608695652,0.0997826086956522,0.235294117647059,,3,invscore_median
weighted.median_ensemble,MT,Cases,2021-06-28,159.178043478261,149.792282608696,1.06265850754197,,3,invscore_median
weighted.median_ensemble,MT,Deaths,2021-06-28,0.02,0.143695652173913,0.139183055975794,,3,invscore_median
weighted.median_ensemble,MT,Cases,2021-07-05,782.137391304348,755.696413043478,1.03498888945943,,3,invscore_median
weighted.median_ensemble,MT,Deaths,2021-07-05,0.0470652173913044,0.15195652173913,0.309728183118741,,3,invscore_median
weighted.median_ensemble,MT,Cases,2021-07-12,709.895652173913,1032.56369565217,0.687507855605497,,3,invscore_median
weighted.median_ensemble,MT,Deaths,2021-07-12,1.08163043478261,0.312608695652174,3.46001390820584,,3,invscore_median
weighted.median_ensemble,MT,Cases,2021-07-19,157.934565217391,242.440652173913,0.651435985678252,,3,invscore_median
weighted.median_ensemble,MT,Deaths,2021-07-19,0.60304347826087,0.565760869565217,1.06589817483189,,3,invscore_median
weighted.median_ensemble,MT,Cases,2021-07-26,409.675326086957,672.979782608696,0.608748340847503,,3,invscore_median
weighted.median_ensemble,MT,Deaths,2021-07-26,0.503695652173913,0.430108695652174,1.17108920899671,,3,invscore_median
weighted.median_ensemble,MT,Cases,2021-08-02,191.8525,145.071304347826,1.32247035940347,,3,invscore_median
weighted.median_ensemble,MT,Deaths,2021-08-02,1.70326086956522,1.57152173913043,1.08382902199474,,3,invscore_median
weighted.median_ensemble,MT,Cases,2021-08-09,47.5680434782609,50.8315217391304,0.935798139634342,,3,invscore_median
weighted.median_ensemble,MT,Deaths,2021-08-09,3.21271739130435,2.54652173913043,1.26161003926925,,3,invscore_median
weighted.median_ensemble,MT,Cases,2021-08-16,46.0851086956522,58.9530434782609,0.781725691781226,,3,invscore_median
weighted.median_ensemble,MT,Deaths,2021-08-16,0.989347826086956,0.901086956521739,1.09794933655006,,3,invscore_median
weighted.median_ensemble,MT,Cases,2021-08-23,46.6306521739131,43.5347826086957,1.07111255368022,,3,invscore_median
weighted.median_ensemble,MT,Deaths,2021-08-23,1.85021739130435,2.73413043478261,0.676711457422279,,3,invscore_median
weighted.median_ensemble,MT,Cases,2021-08-30,43.0233695652174,31.3356521739131,1.37298465423465,,3,invscore_median
weighted.median_ensemble,MT,Deaths,2021-08-30,0.980978260869565,0.923695652173913,1.06201459166863,,3,invscore_median
weighted.median_ensemble,MT,Cases,2021-09-06,26.3761956521739,78.8336956521739,0.334580225295407,,3,invscore_median
weighted.median_ensemble,MT,Deaths,2021-09-06,1.29369565217391,1.08119565217391,1.19654167085553,,3,invscore_median
weighted.median_ensemble,MT,Cases,2021-09-13,53.034347826087,50.3976086956522,1.05231873492963,,3,invscore_median
weighted.median_ensemble,MT,Deaths,2021-09-13,1.06,0.9675,1.09560723514212,,3,invscore_median
weighted.median_ensemble,MT,Cases,2021-09-20,29.7180434782609,31.8140217391304,0.934117783722654,,3,invscore_median
weighted.median_ensemble,MT,Deaths,2021-09-20,0.681304347826087,0.92,0.74054820415879,,3,invscore_median
weighted.median_ensemble,MT,Cases,2021-09-27,25.4628260869565,23.1817391304348,1.09840016504745,,3,invscore_median
weighted.median_ensemble,MT,Deaths,2021-09-27,0.787282608695652,1.20717391304348,0.652169998199172,,3,invscore_median
weighted.median_ensemble,MT,Cases,2021-10-04,33.0710869565217,23.4239130434783,1.41185150812065,,3,invscore_median
weighted.median_ensemble,MT,Deaths,2021-10-04,0.822282608695652,1.2704347826087,0.647245037645448,,3,invscore_median
weighted.median_ensemble,MT,Cases,2021-10-11,25.2529347826087,32.1584782608696,0.785265228589391,,3,invscore_median
weighted.median_ensemble,MT,Deaths,2021-10-11,0.425326086956522,0.593152173913044,0.717060656038116,,3,invscore_median
weighted.median_ensemble,MT,Cases,2021-10-18,12.6172826086957,12.415,1.01629340384178,,3,invscore_median
weighted.median_ensemble,MT,Deaths,2021-10-18,0.606413043478261,0.528913043478261,1.1465269214961,,3,invscore_median
weighted.median_ensemble,MT,Cases,2021-10-25,60.4341304347826,36.9617391304348,1.63504564061544,,3,invscore_median
weighted.median_ensemble,MT,Deaths,2021-10-25,0.914239130434783,0.542391304347826,1.68557114228457,,3,invscore_median
weighted.median_ensemble,MT,Cases,2021-11-01,160.584130434783,108.059347826087,1.48607347411748,,3,invscore_median
weighted.median_ensemble,MT,Deaths,2021-11-01,0.308369565217391,0.719782608695652,0.42842041679251,,3,invscore_median
weighted.median_ensemble,MT,Cases,2021-11-08,73.6704347826087,51.055,1.44296219337202,,3,invscore_median
weighted.median_ensemble,MT,Deaths,2021-11-08,0.398586956521739,0.464782608695652,0.857577174929841,,3,invscore_median
weighted.median_ensemble,MT,Cases,2021-11-15,93.3902173913043,69.4586956521739,1.34454320678539,,3,invscore_median
weighted.median_ensemble,MT,Deaths,2021-11-15,1.79945652173913,1.3175,1.36581140169953,,3,invscore_median
weighted.median_ensemble,MT,Cases,2021-11-22,47.5516304347826,58.2706521739131,0.816047678561436,,3,invscore_median
weighted.median_ensemble,MT,Deaths,2021-11-22,1.82163043478261,1.65173913043478,1.10285601474072,,3,invscore_median
weighted.median_ensemble,MT,Cases,2021-11-29,73.0936956521739,60.4040217391304,1.21007995076631,,3,invscore_median
weighted.median_ensemble,MT,Deaths,2021-11-29,1.6045652173913,2.02032608695652,0.794211007693549,,3,invscore_median
weighted.median_ensemble,MT,Cases,2021-12-06,133.913913043478,118.27097826087,1.13226351056389,,3,invscore_median
weighted.median_ensemble,MT,Deaths,2021-12-06,0.587065217391304,0.971304347826087,0.604409131602507,,3,invscore_median
weighted.median_ensemble,MT,Cases,2021-12-13,1894.31532608696,1796.78434782609,1.05428084810449,,3,invscore_median
weighted.median_ensemble,MT,Deaths,2021-12-13,0.997282608695652,0.808586956521739,1.23336469955639,,3,invscore_median
weighted.median_ensemble,MT,Cases,2021-12-20,4476.54586956522,4328.57304347826,1.03418512858641,,3,invscore_median
weighted.median_ensemble,MT,Deaths,2021-12-20,1.02565217391304,0.715869565217392,1.43273610689341,,3,invscore_median
weighted.median_ensemble,MT,Cases,2021-12-27,1747.8672826087,2768.77663043478,0.631277822629638,,3,invscore_median
weighted.median_ensemble,MT,Deaths,2021-12-27,2.5754347826087,2.39739130434783,1.07426550598477,,3,invscore_median
weighted.median_ensemble,MT,Cases,2022-01-03,6455.84152173913,7540.77260869565,0.856124678032934,,3,invscore_median
weighted.median_ensemble,MT,Deaths,2022-01-03,7.97673913043478,2.59902173913043,3.06913136213458,,3,invscore_median
weighted.median_ensemble,MT,Cases,2022-01-10,8286.09086956522,8286.09086956522,1,,3,invscore_median
weighted.median_ensemble,MT,Deaths,2022-01-10,2.13108695652174,2.18597826086957,0.974889364029635,,3,invscore_median
weighted.median_ensemble,MT,Cases,2022-01-17,582.587065217391,1351.33804347826,0.431118673842592,,3,invscore_median
weighted.median_ensemble,MT,Deaths,2022-01-17,5.32097826086957,2.64586956521739,2.01105085859831,,3,invscore_median
weighted.median_ensemble,MT,Cases,2022-01-24,251.649782608696,197.205,1.2760821612469,,3,invscore_median
weighted.median_ensemble,MT,Deaths,2022-01-24,3.22358695652174,2.39739130434783,1.3446227783823,,3,invscore_median
weighted.median_ensemble,MT,Cases,2022-01-31,292.964130434783,155.57847826087,1.88306334982624,,3,invscore_median
weighted.median_ensemble,MT,Deaths,2022-01-31,5.86467391304348,2.35934782608696,2.48571823458951,,3,invscore_median
weighted.median_ensemble,MT,Cases,2022-02-07,88.2421739130439,125.835434782609,0.70125059817602,,3,invscore_median
weighted.median_ensemble,MT,Deaths,2022-02-07,2.71967391304348,2.82717391304348,0.961976163014225,,3,invscore_median
weighted.median_ensemble,MT,Cases,2022-02-14,57.0121739130435,66.5226086956522,0.857034548567992,,3,invscore_median
weighted.median_ensemble,MT,Deaths,2022-02-14,4.64532608695652,4.9875,0.931393701645418,,3,invscore_median
weighted.median_ensemble,MT,Cases,2022-02-21,157.903152173913,94.3695652173913,1.67324234047455,,3,invscore_median
weighted.median_ensemble,MT,Deaths,2022-02-21,1.22423913043478,1.22565217391304,0.998847108903866,,3,invscore_median
weighted.median_ensemble,MT,Cases,2022-02-28,127.543043478261,128.361086956522,0.993627013469137,,3,invscore_median
weighted.median_ensemble,MT,Deaths,2022-02-28,0.879565217391304,0.9025,0.97458749849452,,3,invscore_median
weighted.median_ensemble,MT,Cases,2022-03-07,625.918043478261,532.947391304348,1.17444620930853,,3,invscore_median
weighted.median_ensemble,MT,Deaths,2022-03-07,1.18413043478261,1.45782608695652,0.81225767968983,,3,invscore_median
weighted.median_ensemble,NO,Cases,2021-04-12,209.095869565217,475.378913043478,0.439850956422406,,3,invscore_median
weighted.median_ensemble,NO,Cases,2021-04-19,265.001956521739,192.599891304348,1.3759195538848,,3,invscore_median
weighted.median_ensemble,NO,Cases,2021-04-26,239.930543478261,211.608043478261,1.13384415608431,,3,invscore_median
weighted.median_ensemble,NO,Cases,2021-05-03,277.372282608696,279.714239130435,0.991627324625948,,3,invscore_median
weighted.median_ensemble,NO,Cases,2021-05-10,225.455434782609,210.967608695652,1.06867322512935,,3,invscore_median
weighted.median_ensemble,NO,Cases,2021-05-17,185.433152173913,192.4375,0.96360195998136,,3,invscore_median
weighted.median_ensemble,NO,Cases,2021-05-24,417.686304347826,415.485869565217,1.00529605202919,,3,invscore_median
weighted.median_ensemble,NO,Cases,2021-05-31,424.361195652174,499.691739130435,0.849245969906664,,3,invscore_median
weighted.median_ensemble,NO,Cases,2021-06-07,165.6075,187.993804347826,0.880919988690654,,3,invscore_median
weighted.median_ensemble,NO,Cases,2021-06-14,125.02597826087,125.637282608696,0.995134371460978,,3,invscore_median
weighted.median_ensemble,NO,Cases,2021-06-21,283.145,176.780760869565,1.60167316062699,,3,invscore_median
weighted.median_ensemble,NO,Cases,2021-06-28,194.351630434783,120.072826086957,1.61861460888772,,3,invscore_median
weighted.median_ensemble,NO,Cases,2021-07-05,99.5609782608696,87.5522826086957,1.13716028062735,,3,invscore_median
weighted.median_ensemble,NO,Cases,2021-07-12,128.864565217391,106.733913043478,1.20734414716809,,3,invscore_median
weighted.median_ensemble,NO,Cases,2021-07-19,367.139456521739,367.976956521739,0.997724042266352,,3,invscore_median
weighted.median_ensemble,NO,Cases,2021-07-26,534.190434782609,733.943369565218,0.727836038765578,,3,invscore_median
weighted.median_ensemble,NO,Cases,2021-08-02,626.867717391304,626.123586956522,1.00118847213279,,3,invscore_median
weighted.median_ensemble,NO,Cases,2021-08-09,373.744673913043,311.764130434783,1.19880588376804,,3,invscore_median
weighted.median_ensemble,NO,Cases,2021-08-16,1341.55597826087,859.781195652174,1.56034580082116,,3,invscore_median
weighted.median_ensemble,NO,Cases,2021-08-23,3844.94956521739,3222.05663043478,1.19332153535072,,3,invscore_median
weighted.median_ensemble,NO,Cases,2021-08-30,1306.12402173913,1300.93434782609,1.00398918970947,,3,invscore_median
weighted.median_ensemble,NO,Cases,2021-09-06,6933.34369565217,6632.50771739131,1.04535780297278,,3,invscore_median
weighted.median_ensemble,NO,Cases,2021-09-13,3234.03543478261,5115.69815217391,0.632178705346074,,3,invscore_median
weighted.median_ensemble,NO,Cases,2021-09-20,707.135326086956,545.311521739131,1.29675478675332,,3,invscore_median
weighted.median_ensemble,NO,Cases,2021-09-27,275.617826086957,256.023260869565,1.07653431626033,,3,invscore_median
weighted.median_ensemble,NO,Cases,2021-10-04,234.881413043478,212.85347826087,1.10348872361678,,3,invscore_median
weighted.median_ensemble,NO,Cases,2021-10-11,616.155217391304,669.387608695652,0.920475983402091,,3,invscore_median
weighted.median_ensemble,NO,Cases,2021-10-18,2879.89380434783,2636.87326086956,1.09216239061794,,3,invscore_median
weighted.median_ensemble,NO,Cases,2021-10-25,2660.63684782609,3639.88717391304,0.730966846141492,,3,invscore_median
weighted.median_ensemble,NO,Cases,2021-11-01,668.9675,841.448913043478,0.795018556242919,,3,invscore_median
weighted.median_ensemble,NO,Cases,2021-11-08,443.470326086957,662.877173913044,0.669008292243792,,3,invscore_median
weighted.median_ensemble,NO,Cases,2021-11-15,515.250108695652,635.359891304348,0.810957877177108,,3,invscore_median
weighted.median_ensemble,NO,Cases,2021-11-22,1868.46717391304,1336.52173913044,1.39800731945348,,3,invscore_median
weighted.median_ensemble,NO,Cases,2021-11-29,3160.73847826087,1811.7402173913,1.74458702628568,,3,invscore_median
weighted.median_ensemble,NO,Cases,2021-12-06,1578.46608695652,1202.70934782609,1.31242522543757,,3,invscore_median
weighted.median_ensemble,NO,Cases,2021-12-13,8031.145,7845.89902173913,1.0236105483575,,3,invscore_median
weighted.median_ensemble,NO,Cases,2021-12-20,4390.5522826087,8656.25130434782,0.507211739613362,,3,invscore_median
weighted.median_ensemble,NO,Cases,2021-12-27,17541.3585869565,9210.0825,1.90458213452013,,3,invscore_median
weighted.median_ensemble,NO,Cases,2022-01-03,29515.3767391304,28956.8251086957,1.01928911848375,,3,invscore_median
weighted.median_ensemble,NO,Cases,2022-01-10,33337.0707608696,25086.4592391304,1.32888704791267,,3,invscore_median
weighted.median_ensemble,NO,Cases,2022-01-17,30360.8788043478,20705.2930434783,1.46633417554604,,3,invscore_median
weighted.median_ensemble,NO,Cases,2022-01-24,15493.9838043478,12128.8656521739,1.2774470629552,,3,invscore_median
weighted.median_ensemble,NO,Cases,2022-01-31,14785.2841304348,26429.545326087,0.559422568493494,,3,invscore_median
weighted.median_ensemble,NO,Cases,2022-02-07,10965.752826087,11501.8283695652,0.953392145469953,,3,invscore_median
weighted.median_ensemble,NO,Cases,2022-02-14,17861.7811956522,21978.0413043478,0.812710329747112,,3,invscore_median
weighted.median_ensemble,NO,Cases,2022-02-21,5578.63380434783,4768.37,1.1699246921585,,3,invscore_median
weighted.median_ensemble,NO,Cases,2022-02-28,8357.81847826087,9549.40945652174,0.875218359450796,,3,invscore_median
weighted.median_ensemble,NO,Cases,2022-03-07,11663.292826087,13419.972826087,0.869099585910844,,3,invscore_median
weighted.median_ensemble,PT,Cases,2021-04-12,294.195652173913,576.78597826087,0.510060339991229,,3,invscore_median
weighted.median_ensemble,PT,Deaths,2021-04-12,4.5325,15.3871739130435,0.294563512807109,,3,invscore_median
weighted.median_ensemble,PT,Cases,2021-04-19,266.503695652174,225.041847826087,1.18424061225328,,3,invscore_median
weighted.median_ensemble,PT,Deaths,2021-04-19,9.53108695652174,12.7559782608696,0.747185888969366,,3,invscore_median
weighted.median_ensemble,PT,Cases,2021-04-26,429.404239130435,577.199130434783,0.743944709007064,,3,invscore_median
weighted.median_ensemble,PT,Deaths,2021-04-26,4.5125,8.22032608695652,0.548944160154442,,3,invscore_median
weighted.median_ensemble,PT,Cases,2021-05-03,338.724239130435,245.420434782609,1.38017944361672,,3,invscore_median
weighted.median_ensemble,PT,Deaths,2021-05-03,2.78608695652174,2.55869565217391,1.08887000849618,,3,invscore_median
weighted.median_ensemble,PT,Cases,2021-05-10,325.753043478261,342.017608695652,0.952445240233626,,3,invscore_median
weighted.median_ensemble,PT,Deaths,2021-05-10,2.6625,1.42891304347826,1.86330442720219,,3,invscore_median
weighted.median_ensemble,PT,Cases,2021-05-17,367.89152173913,407.909130434783,0.901895776020021,,3,invscore_median
weighted.median_ensemble,PT,Deaths,2021-05-17,2.3620652173913,3.69369565217391,0.639485610028839,,3,invscore_median
weighted.median_ensemble,PT,Cases,2021-05-24,267.513043478261,317.323043478261,0.843030624394561,,3,invscore_median
weighted.median_ensemble,PT,Deaths,2021-05-24,3.11086956521739,3.31369565217391,0.938791576461326,,3,invscore_median
weighted.median_ensemble,PT,Cases,2021-05-31,304.472173913044,396.840217391304,0.767241223469089,,3,invscore_median
weighted.median_ensemble,PT,Deaths,2021-05-31,1.48445652173913,1.95239130434783,0.760327357755261,,3,invscore_median
weighted.median_ensemble,PT,Cases,2021-06-07,885.455,745.500760869565,1.18773185283834,,3,invscore_median
weighted.median_ensemble,PT,Deaths,2021-06-07,2.27152173913043,2.05586956521739,1.1048958443481,,3,invscore_median
weighted.median_ensemble,PT,Cases,2021-06-14,2050.81608695652,1549.3372826087,1.32367310202686,,3,invscore_median
weighted.median_ensemble,PT,Deaths,2021-06-14,3.29869565217391,2.42804347826087,1.35858178887994,,3,invscore_median
weighted.median_ensemble,PT,Cases,2021-06-21,1069.12956521739,1029.47586956522,1.03851833425578,,3,invscore_median
weighted.median_ensemble,PT,Deaths,2021-06-21,2.42467391304348,3.92652173913044,0.617511903443694,,3,invscore_median
weighted.median_ensemble,PT,Cases,2021-06-28,1621.24206521739,1590.0175,1.01963787519156,,3,invscore_median
weighted.median_ensemble,PT,Deaths,2021-06-28,2.47228260869565,3.5154347826087,0.703265104198874,,3,invscore_median
weighted.median_ensemble,PT,Cases,2021-07-05,1820.90206521739,1424.21663043478,1.27852886022087,,3,invscore_median
weighted.median_ensemble,PT,Deaths,2021-07-05,4.13130434782609,4.92739130434783,0.838436424600723,,3,invscore_median
weighted.median_ensemble,PT,Cases,2021-07-12,2028.8797826087,1518.91195652174,1.33574548142657,,3,invscore_median
weighted.median_ensemble,PT,Deaths,2021-07-12,6.98826086956522,7.16510869565217,0.975318193540557,,3,invscore_median
weighted.median_ensemble,PT,Cases,2021-07-19,4530.36489130435,4573.97858695652,0.990464822949424,,3,invscore_median
weighted.median_ensemble,PT,Deaths,2021-07-19,14.093152173913,9.33347826086957,1.50995714352262,,3,invscore_median
weighted.median_ensemble,PT,Cases,2021-07-26,2382.4272826087,4875.50315217391,0.488652598152133,,3,invscore_median
weighted.median_ensemble,PT,Deaths,2021-07-26,7.65195652173913,7.11282608695652,1.07579693755922,,3,invscore_median
weighted.median_ensemble,PT,Cases,2021-08-02,6742.39554347826,1405.26554347826,4.79795123047686,,3,invscore_median
weighted.median_ensemble,PT,Deaths,2021-08-02,23.9652173913043,15.5460869565217,1.54155945855241,,3,invscore_median
weighted.median_ensemble,PT,Cases,2021-08-09,960.487717391305,1179.09456521739,0.814597697016963,,3,invscore_median
weighted.median_ensemble,PT,Deaths,2021-08-09,4.36130434782609,5.63695652173913,0.7736984188199,,3,invscore_median
weighted.median_ensemble,PT,Cases,2021-08-16,714.515652173913,960.03652173913,0.744258823486788,,3,invscore_median
weighted.median_ensemble,PT,Deaths,2021-08-16,3.98119565217391,5.95717391304348,0.668302740575849,,3,invscore_median
weighted.median_ensemble,PT,Cases,2021-08-23,828.266304347826,1226.91684782609,0.675079412117773,,3,invscore_median
weighted.median_ensemble,PT,Deaths,2021-08-23,5.94989130434783,5.22130434782609,1.13954117745025,,3,invscore_median
weighted.median_ensemble,PT,Cases,2021-08-30,2319.08836956522,2006.90858695652,1.15555256708633,,3,invscore_median
weighted.median_ensemble,PT,Deaths,2021-08-30,3.74282608695652,5.33173913043478,0.701989725189595,,3,invscore_median
weighted.median_ensemble,PT,Cases,2021-09-06,2754.68782608696,2178.49043478261,1.26449388168273,,3,invscore_median
weighted.median_ensemble,PT,Deaths,2021-09-06,5.9275,7.28304347826087,0.813876783475613,,3,invscore_median
weighted.median_ensemble,PT,Cases,2021-09-13,394.372391304348,493.498369565217,0.799136158548605,,3,invscore_median
weighted.median_ensemble,PT,Deaths,2021-09-13,3.98967391304348,5.71304347826087,0.698344748858447,,3,invscore_median
weighted.median_ensemble,PT,Cases,2021-09-20,375.130108695652,399.626739130435,0.938701222825865,,3,invscore_median
weighted.median_ensemble,PT,Deaths,2021-09-20,4.0645652173913,4.0145652173913,1.01245464883305,,3,invscore_median
weighted.median_ensemble,PT,Cases,2021-09-27,844.865108695652,535.455869565217,1.57784265093904,,3,invscore_median
weighted.median_ensemble,PT,Deaths,2021-09-27,9.2245652173913,6.41456521739131,1.43806554376927,,3,invscore_median
weighted.median_ensemble,PT,Cases,2021-10-04,897.848695652174,673.684456521739,1.33274367095807,,3,invscore_median
weighted.median_ensemble,PT,Deaths,2021-10-04,19.086847826087,12.7126086956522,1.50141078696262,,3,invscore_median
weighted.median_ensemble,PT,Cases,2021-10-11,646.274456521739,708.345108695652,0.912372300716229,,3,invscore_median
weighted.median_ensemble,PT,Deaths,2021-10-11,10.8013043478261,6.07391304347826,1.77831066571224,,3,invscore_median
weighted.median_ensemble,PT,Cases,2021-10-18,525.938260869565,558.174782608696,0.942246545806908,,3,invscore_median
weighted.median_ensemble,PT,Deaths,2021-10-18,9.70271739130435,8.12173913043478,1.19466006423983,,3,invscore_median
weighted.median_ensemble,PT,Cases,2021-10-25,720.611304347826,810.294130434783,0.88932065194791,,3,invscore_median
weighted.median_ensemble,PT,Deaths,2021-10-25,6.28,5.83315217391304,1.07660486350508,,3,invscore_median
weighted.median_ensemble,PT,Cases,2021-11-01,1791.71260869565,1620.84847826087,1.10541647336345,,3,invscore_median
weighted.median_ensemble,PT,Deaths,2021-11-01,7.02521739130435,8.28641304347826,0.84779956712796,,3,invscore_median
weighted.median_ensemble,PT,Cases,2021-11-08,3482.25869565217,2664.98010869565,1.30667342855198,,3,invscore_median
weighted.median_ensemble,PT,Deaths,2021-11-08,15.5213043478261,9.53869565217391,1.62719358220521,,3,invscore_median
weighted.median_ensemble,PT,Cases,2021-11-15,2355.22434782609,2176.22717391304,1.08225114365758,,3,invscore_median
weighted.median_ensemble,PT,Deaths,2021-11-15,25.6758695652174,17.8680434782609,1.43697151825581,,3,invscore_median
weighted.median_ensemble,PT,Cases,2021-11-22,1242.96315217391,1206.97152173913,1.02981978430023,,3,invscore_median
weighted.median_ensemble,PT,Deaths,2021-11-22,9.45891304347826,9.31923913043478,1.01498769492751,,3,invscore_median
weighted.median_ensemble,PT,Cases,2021-11-29,1474.10239130435,2249.31391304348,0.655356454586539,,3,invscore_median
weighted.median_ensemble,PT,Deaths,2021-11-29,10.0376086956522,9.20173913043478,1.09083821583822,,3,invscore_median
weighted.median_ensemble,PT,Cases,2021-12-06,2024.24586956522,1308.05543478261,1.54752299920808,,3,invscore_median
weighted.median_ensemble,PT,Deaths,2021-12-06,11.0079347826087,12.194347826087,0.902707954504938,,3,invscore_median
weighted.median_ensemble,PT,Cases,2021-12-13,11710.252173913,9769.69543478261,1.19863021852468,,3,invscore_median
weighted.median_ensemble,PT,Deaths,2021-12-13,27.9310869565217,28.4017391304348,0.983428755128284,,3,invscore_median
weighted.median_ensemble,PT,Cases,2021-12-20,60472.2680434783,58353.7067391304,1.03630551378371,,3,invscore_median
weighted.median_ensemble,PT,Deaths,2021-12-20,6.58978260869565,10.8804347826087,0.605654345654346,,3,invscore_median
weighted.median_ensemble,PT,Cases,2021-12-27,72980.9056521739,71428.4466304348,1.02173446427824,,3,invscore_median
weighted.median_ensemble,PT,Deaths,2021-12-27,21.3096739130435,17.488152173913,1.21852061333449,,3,invscore_median
weighted.median_ensemble,PT,Cases,2022-01-03,21538.2052173913,21537.6989130435,1.00002350781993,,3,invscore_median
weighted.median_ensemble,PT,Deaths,2022-01-03,14.4913043478261,16.655,0.870087321994962,,3,invscore_median
weighted.median_ensemble,PT,Cases,2022-01-10,160926.01576087,95128.682826087,1.69166660338473,,3,invscore_median
weighted.median_ensemble,PT,Deaths,2022-01-10,146.831195652174,112.678043478261,1.30310388004299,,3,invscore_median
weighted.median_ensemble,PT,Cases,2022-01-17,76623.7930434783,32075.8084782609,2.3888343483348,,3,invscore_median
weighted.median_ensemble,PT,Deaths,2022-01-17,20.3320652173913,22.1778260869565,0.916774490776138,,3,invscore_median
weighted.median_ensemble,PT,Cases,2022-01-24,65547.1207608696,18463.0697826087,3.55017456645329,,3,invscore_median
weighted.median_ensemble,PT,Deaths,2022-01-24,25.5486956521739,31.6695652173913,0.806727073036793,,3,invscore_median
weighted.median_ensemble,PT,Cases,2022-01-31,17494.8307608696,118416.464782609,0.147739850138128,,3,invscore_median
weighted.median_ensemble,PT,Deaths,2022-01-31,22.100652173913,30.750652173913,0.718705152948329,,3,invscore_median
weighted.median_ensemble,PT,Cases,2022-02-07,68708.4517391304,54656.1804347826,1.2571030612195,,3,invscore_median
weighted.median_ensemble,PT,Deaths,2022-02-07,27.9882608695652,38.340652173913,0.729989170309639,,3,invscore_median
weighted.median_ensemble,PT,Cases,2022-02-14,10175.702826087,7944.31010869565,1.28087935728351,,3,invscore_median
weighted.median_ensemble,PT,Deaths,2022-02-14,55.4954347826087,56.7278260869565,0.978275365206861,,3,invscore_median
weighted.median_ensemble,PT,Cases,2022-02-21,14163.1488043478,13783.6917391304,1.02752942189937,,3,invscore_median
weighted.median_ensemble,PT,Deaths,2022-02-21,45.8652173913044,41.6528260869565,1.10113098437916,,3,invscore_median
weighted.median_ensemble,PT,Cases,2022-02-28,24983.4263043478,24285.2517391304,1.02874891200294,,3,invscore_median
weighted.median_ensemble,PT,Deaths,2022-02-28,10.1502173913043,20.4195652173913,0.497082934099862,,3,invscore_median
weighted.median_ensemble,PT,Cases,2022-03-07,16697.8320652174,15538.1141304348,1.07463698136385,,3,invscore_median
weighted.median_ensemble,PT,Deaths,2022-03-07,10.6295652173913,12.9090217391304,0.823421435969115,,3,invscore_median
weighted.median_ensemble,RO,Cases,2021-04-12,2245.71945652174,4120.91489130435,0.544956524402019,,3,invscore_median
weighted.median_ensemble,RO,Deaths,2021-04-12,144.368641304348,118.545869565217,1.21782936709511,,3,invscore_median
weighted.median_ensemble,RO,Cases,2021-04-19,676.013369565218,1330.91380434783,0.507931743856603,,3,invscore_median
weighted.median_ensemble,RO,Deaths,2021-04-19,174.08097826087,155.049130434783,1.12274720775743,,3,invscore_median
weighted.median_ensemble,RO,Cases,2021-04-26,288.23597826087,934.827826086956,0.308330550522207,,3,invscore_median
weighted.median_ensemble,RO,Deaths,2021-04-26,205.753913043478,53.5191304347826,3.84449282662031,,3,invscore_median
weighted.median_ensemble,RO,Cases,2021-05-03,976.444945652174,811.429456521739,1.20336393731353,,3,invscore_median
weighted.median_ensemble,RO,Deaths,2021-05-03,39.9698913043478,30.6961956521739,1.30211221472708,,3,invscore_median
weighted.median_ensemble,RO,Cases,2021-05-10,892.492934782609,1273.24869565217,0.700957273964033,,3,invscore_median
weighted.median_ensemble,RO,Deaths,2021-05-10,33.6471739130435,27.0556521739131,1.24362827023205,,3,invscore_median
weighted.median_ensemble,RO,Cases,2021-05-17,366.718043478261,714.441956521739,0.513292983608672,,3,invscore_median
weighted.median_ensemble,RO,Deaths,2021-05-17,39.1116304347826,29.7730434782609,1.31365913139987,,3,invscore_median
weighted.median_ensemble,RO,Cases,2021-05-24,178.890760869565,702.166521739131,0.254769709650194,,3,invscore_median
weighted.median_ensemble,RO,Deaths,2021-05-24,156.345652173913,104.776304347826,1.49218521446311,,3,invscore_median
weighted.median_ensemble,RO,Cases,2021-05-31,138.742717391304,113.557717391304,1.22178149207787,,3,invscore_median
weighted.median_ensemble,RO,Deaths,2021-05-31,544.183586956522,517.057608695652,1.05246219725748,,3,invscore_median
weighted.median_ensemble,RO,Cases,2021-06-07,75.0321739130435,76.7556521739131,0.97754591079541,,3,invscore_median
weighted.median_ensemble,RO,Deaths,2021-06-07,393.848804347826,352.389782608696,1.11765103242272,,3,invscore_median
weighted.median_ensemble,RO,Cases,2021-06-14,57.8256521739131,70.2715217391304,0.822888856578056,,3,invscore_median
weighted.median_ensemble,RO,Deaths,2021-06-14,111.770760869565,146.693043478261,0.761936341487993,,3,invscore_median
weighted.median_ensemble,RO,Cases,2021-06-21,56.556847826087,50.2232608695652,1.12610863665286,,3,invscore_median
weighted.median_ensemble,RO,Deaths,2021-06-21,247.486847826087,337.991956521739,0.732227033959517,,3,invscore_median
weighted.median_ensemble,RO,Cases,2021-06-28,54.0479347826087,41.4079347826087,1.30525550395981,,3,invscore_median
weighted.median_ensemble,RO,Deaths,2021-06-28,205.10902173913,199.396086956522,1.0286511880439,,3,invscore_median
weighted.median_ensemble,RO,Cases,2021-07-05,88.3138043478261,59.2235869565217,1.49119310204329,,3,invscore_median
weighted.median_ensemble,RO,Deaths,2021-07-05,287.412282608696,222.721739130435,1.29045455432788,,3,invscore_median
weighted.median_ensemble,RO,Cases,2021-07-12,241.396195652174,197.038043478261,1.22512481037098,,3,invscore_median
weighted.median_ensemble,RO,Deaths,2021-07-12,128.276413043478,137.697608695652,0.931580542745682,,3,invscore_median
weighted.median_ensemble,RO,Cases,2021-07-19,455.447826086957,209.657173913044,2.17234553717611,,3,invscore_median
weighted.median_ensemble,RO,Deaths,2021-07-19,12.4886956521739,21.7519565217391,0.574141256658572,,3,invscore_median
weighted.median_ensemble,RO,Cases,2021-07-26,197.036086956522,145.755108695652,1.3518297143735,,3,invscore_median
weighted.median_ensemble,RO,Deaths,2021-07-26,5.94217391304348,6.02021739130435,0.987036435200231,,3,invscore_median
weighted.median_ensemble,RO,Cases,2021-08-02,323.270326086957,213.54152173913,1.51385231056785,,3,invscore_median
weighted.median_ensemble,RO,Deaths,2021-08-02,4.86461956521739,5.73413043478261,0.848362209500701,,3,invscore_median
weighted.median_ensemble,RO,Cases,2021-08-09,305.144021739131,310.172934782609,0.983786744491415,,3,invscore_median
weighted.median_ensemble,RO,Deaths,2021-08-09,7.9020652173913,8.90869565217392,0.887005856515373,,3,invscore_median
weighted.median_ensemble,RO,Cases,2021-08-16,459.803260869565,439.516086956522,1.04615797809251,,3,invscore_median
weighted.median_ensemble,RO,Deaths,2021-08-16,37.3292391304348,23.6378260869565,1.57921625250612,,3,invscore_median
weighted.median_ensemble,RO,Cases,2021-08-23,748.213260869565,534.809239130435,1.39902830042,,3,invscore_median
weighted.median_ensemble,RO,Deaths,2021-08-23,18.269347826087,23.1921739130435,0.787737617637134,,3,invscore_median
weighted.median_ensemble,RO,Cases,2021-08-30,725.729565217391,647.01347826087,1.12166066025101,,3,invscore_median
weighted.median_ensemble,RO,Deaths,2021-08-30,32.0348913043478,19.4858695652174,1.64400624755955,,3,invscore_median
weighted.median_ensemble,RO,Cases,2021-09-06,2345.03880434783,2127.86065217391,1.1020640858,,3,invscore_median
weighted.median_ensemble,RO,Deaths,2021-09-06,64.5364130434783,43.9563043478261,1.4681946992814,,3,invscore_median
weighted.median_ensemble,RO,Cases,2021-09-13,3622.30858695652,4891.3997826087,0.740546417783227,,3,invscore_median
weighted.median_ensemble,RO,Deaths,2021-09-13,71.0384782608696,66.8760869565217,1.06224035367162,,3,invscore_median
weighted.median_ensemble,RO,Cases,2021-09-20,3332.27195652174,3335.15913043478,0.999134321991806,,3,invscore_median
weighted.median_ensemble,RO,Deaths,2021-09-20,58.1108695652174,48.7648913043478,1.19165383149406,,3,invscore_median
weighted.median_ensemble,RO,Cases,2021-09-27,4461.17597826087,4396.36347826087,1.01474229788335,,3,invscore_median
weighted.median_ensemble,RO,Deaths,2021-09-27,78.953152173913,76.6785869565218,1.02966362980425,,3,invscore_median
weighted.median_ensemble,RO,Cases,2021-10-04,20767.7711956522,19449.7509782609,1.06776540321079,,3,invscore_median
weighted.median_ensemble,RO,Deaths,2021-10-04,152.600869565217,92.6086956521739,1.64780281690141,,3,invscore_median
weighted.median_ensemble,RO,Cases,2021-10-11,13319.6502173913,13312.8610869565,1.00050996779659,,3,invscore_median
weighted.median_ensemble,RO,Deaths,2021-10-11,158.417282608696,144.902173913044,1.09327057235016,,3,invscore_median
weighted.median_ensemble,RO,Cases,2021-10-18,12287.0001086957,12263.8947826087,1.00188401209375,,3,invscore_median
weighted.median_ensemble,RO,Deaths,2021-10-18,173.33652173913,118.438260869565,1.46351795835658,,3,invscore_median
weighted.median_ensemble,RO,Cases,2021-10-25,18074.0643478261,27127.4204347826,0.666265500299897,,3,invscore_median
weighted.median_ensemble,RO,Deaths,2021-10-25,160.203152173913,155.123804347826,1.03274383224059,,3,invscore_median
weighted.median_ensemble,RO,Cases,2021-11-01,16306.2959782609,25869.0652173913,0.630339590597129,,3,invscore_median
weighted.median_ensemble,RO,Deaths,2021-11-01,250.627934782609,276.397391304348,0.906766643490626,,3,invscore_median
weighted.median_ensemble,RO,Cases,2021-11-08,2335.42347826087,6199.94130434783,0.376684772261168,,3,invscore_median
weighted.median_ensemble,RO,Deaths,2021-11-08,263.238369565217,439.415869565217,0.599064321062597,,3,invscore_median
weighted.median_ensemble,RO,Cases,2021-11-15,1229.6427173913,2714.71282608696,0.452954988673235,,3,invscore_median
weighted.median_ensemble,RO,Deaths,2021-11-15,82.9058695652174,112.123695652174,0.739414350222677,,3,invscore_median
weighted.median_ensemble,RO,Cases,2021-11-22,1925.92467391304,1436.96847826087,1.34026925645853,,3,invscore_median
weighted.median_ensemble,RO,Deaths,2021-11-22,101.600434782609,154.79402173913,0.656358906119984,,3,invscore_median
weighted.median_ensemble,RO,Cases,2021-11-29,553.665760869565,553.51347826087,1.00027511996487,,3,invscore_median
weighted.median_ensemble,RO,Deaths,2021-11-29,78.3889130434783,90.8778260869565,0.862574694166559,,3,invscore_median
weighted.median_ensemble,RO,Cases,2021-12-06,875.120434782609,770.608043478261,1.13562328110749,,3,invscore_median
weighted.median_ensemble,RO,Deaths,2021-12-06,71.7122826086957,82.2395652173913,0.871992482196763,,3,invscore_median
weighted.median_ensemble,RO,Cases,2021-12-13,754.16097826087,739.596413043478,1.01969258498356,,3,invscore_median
weighted.median_ensemble,RO,Deaths,2021-12-13,102.797934782609,84.6453260869565,1.2144549443522,,3,invscore_median
weighted.median_ensemble,RO,Cases,2021-12-20,1644.26826086957,1382.14869565217,1.18964642953536,,3,invscore_median
weighted.median_ensemble,RO,Deaths,2021-12-20,28.5794565217391,54.5102173913044,0.524295405328877,,3,invscore_median
weighted.median_ensemble,RO,Cases,2021-12-27,14508.9126086957,13815.2730434783,1.05020816910635,,3,invscore_median
weighted.median_ensemble,RO,Deaths,2021-12-27,25.4336956521739,32.3129347826087,0.787105715506309,,3,invscore_median
weighted.median_ensemble,RO,Cases,2022-01-03,32101.7554347826,31515.2016304348,1.01861177381081,,3,invscore_median
weighted.median_ensemble,RO,Deaths,2022-01-03,18.8252173913044,22.8402173913044,0.824213582068244,,3,invscore_median
weighted.median_ensemble,RO,Cases,2022-01-10,7604.33076086957,7603.79336956522,1.00007067410676,,3,invscore_median
weighted.median_ensemble,RO,Deaths,2022-01-10,55.9354347826087,40.3952173913044,1.38470438816476,,3,invscore_median
weighted.median_ensemble,RO,Cases,2022-01-17,16574.4505434783,15915.76,1.04138605655515,,3,invscore_median
weighted.median_ensemble,RO,Deaths,2022-01-17,62.8630434782609,16.4320652173913,3.82563254506367,,3,invscore_median
weighted.median_ensemble,RO,Cases,2022-01-24,9721.17097826087,28514.1332608696,0.340924652673957,,3,invscore_median
weighted.median_ensemble,RO,Deaths,2022-01-24,45.639347826087,37.7377173913043,1.20938283979527,,3,invscore_median
weighted.median_ensemble,RO,Cases,2022-01-31,71915.894057971,76741.8565217391,0.937114337826828,,3,invscore_median
weighted.median_ensemble,RO,Deaths,2022-01-31,200.200434782609,96.5244565217391,2.074090256468,,3,invscore_median
weighted.median_ensemble,RO,Cases,2022-02-07,80553.8690217391,89598.8486956522,0.899050268998022,,3,invscore_median
weighted.median_ensemble,RO,Deaths,2022-02-07,135.484130434783,78.7846739130435,1.71967622261558,,3,invscore_median
weighted.median_ensemble,RO,Cases,2022-02-14,17816.625326087,22319.0904347826,0.798268432046904,,3,invscore_median
weighted.median_ensemble,RO,Deaths,2022-02-14,115.139891304348,97.0709782608696,1.18614124805583,,3,invscore_median
weighted.median_ensemble,RO,Cases,2022-02-21,5873.65315217391,5520.79826086957,1.06391374483022,,3,invscore_median
weighted.median_ensemble,RO,Deaths,2022-02-21,78.7740217391304,98.9204347826087,0.7963371967809,,3,invscore_median
weighted.median_ensemble,RO,Cases,2022-02-28,4126.61293478261,3245.63608695652,1.27143426564874,,3,invscore_median
weighted.median_ensemble,RO,Deaths,2022-02-28,107.03597826087,108.529565217391,0.986237971620636,,3,invscore_median
weighted.median_ensemble,RO,Cases,2022-03-07,2802.20891304348,2726.1,1.02791860645005,,3,invscore_median
weighted.median_ensemble,RO,Deaths,2022-03-07,37.9263043478261,47.5544565217391,0.797534177064738,,3,invscore_median
weighted.median_ensemble,SI,Cases,2021-04-12,1095.21945652174,1168.98934782609,0.936894299814165,,3,invscore_median
weighted.median_ensemble,SI,Deaths,2021-04-12,7.44554347826087,5.44326086956522,1.36784615999042,,3,invscore_median
weighted.median_ensemble,SI,Cases,2021-04-19,435.097717391304,286.88902173913,1.51660636839196,,3,invscore_median
weighted.median_ensemble,SI,Deaths,2021-04-19,8.08163043478261,7.21630434782609,1.1199126374454,,3,invscore_median
weighted.median_ensemble,SI,Cases,2021-04-26,305.757717391304,291.103913043478,1.0503387405364,,3,invscore_median
weighted.median_ensemble,SI,Deaths,2021-04-26,6.55684782608696,6.37489130434783,1.02854268614981,,3,invscore_median
weighted.median_ensemble,SI,Cases,2021-05-03,344.364565217391,380.12847826087,0.905916249140022,,3,invscore_median
weighted.median_ensemble,SI,Deaths,2021-05-03,9.06869565217391,8.55336956521739,1.06024831302182,,3,invscore_median
weighted.median_ensemble,SI,Cases,2021-05-10,607.156739130435,667.733695652174,0.909279766894834,,3,invscore_median
weighted.median_ensemble,SI,Deaths,2021-05-10,2.25673913043478,2.25586956521739,1.00038546786162,,3,invscore_median
weighted.median_ensemble,SI,Cases,2021-05-17,250.261195652174,525.189565217391,0.476515932963336,,3,invscore_median
weighted.median_ensemble,SI,Deaths,2021-05-17,1.84478260869565,2.15086956521739,0.857691530220336,,3,invscore_median
weighted.median_ensemble,SI,Cases,2021-05-24,125.588804347826,210.205326086957,0.597457765156118,,3,invscore_median
weighted.median_ensemble,SI,Deaths,2021-05-24,1.41565217391304,2.59565217391304,0.545393634840871,,3,invscore_median
weighted.median_ensemble,SI,Cases,2021-05-31,103.426086956522,148.065760869565,0.698514540762954,,3,invscore_median
weighted.median_ensemble,SI,Deaths,2021-05-31,1.29445652173913,2.06152173913044,0.62791310766635,,3,invscore_median
weighted.median_ensemble,SI,Cases,2021-06-07,191.012391304348,312.330217391304,0.611571921858067,,3,invscore_median
weighted.median_ensemble,SI,Deaths,2021-06-07,0.9175,1.37065217391304,0.669389373513085,,3,invscore_median
weighted.median_ensemble,SI,Cases,2021-06-14,120.356630434783,316.986739130435,0.379689796377437,,3,invscore_median
weighted.median_ensemble,SI,Deaths,2021-06-14,0.822934782608696,1.33282608695652,0.617435981079759,,3,invscore_median
weighted.median_ensemble,SI,Cases,2021-06-21,41.8029347826087,87.7553260869565,0.476357808085475,,3,invscore_median
weighted.median_ensemble,SI,Deaths,2021-06-21,1.77869565217391,2.185,0.814048353397672,,3,invscore_median
weighted.median_ensemble,SI,Cases,2021-06-28,139.958043478261,105.043152173913,1.33238617255641,,3,invscore_median
weighted.median_ensemble,SI,Deaths,2021-06-28,1.79282608695652,1.70804347826087,1.04963726613211,,3,invscore_median
weighted.median_ensemble,SI,Cases,2021-07-05,200.369565217391,165.113913043478,1.21352320663995,,3,invscore_median
weighted.median_ensemble,SI,Deaths,2021-07-05,0.736956521739131,0.624565217391304,1.17995127044901,,3,invscore_median
weighted.median_ensemble,SI,Cases,2021-07-12,66.2919565217391,103.926739130435,0.637871995950325,,3,invscore_median
weighted.median_ensemble,SI,Deaths,2021-07-12,0.557717391304348,0.681521739130435,0.818341307814992,,3,invscore_median
weighted.median_ensemble,SI,Cases,2021-07-19,178.054456521739,103.675760869565,1.71741644361549,,3,invscore_median
weighted.median_ensemble,SI,Deaths,2021-07-19,0.498152173913043,0.498913043478261,0.998474945533769,,3,invscore_median
weighted.median_ensemble,SI,Cases,2021-07-26,174.49,154.420760869565,1.12996464346777,,3,invscore_median
weighted.median_ensemble,SI,Deaths,2021-07-26,0.51945652173913,0.682826086956522,0.760744985673352,,3,invscore_median
weighted.median_ensemble,SI,Cases,2021-08-02,306.522065217391,239.43097826087,1.28021055355428,,3,invscore_median
weighted.median_ensemble,SI,Deaths,2021-08-02,0.400108695652174,0.647391304347826,0.618032236400269,,3,invscore_median
weighted.median_ensemble,SI,Cases,2021-08-09,502.088804347826,390.104565217391,1.28706210876571,,3,invscore_median
weighted.median_ensemble,SI,Deaths,2021-08-09,0.645434782608696,1.04630434782609,0.616870974444214,,3,invscore_median
weighted.median_ensemble,SI,Cases,2021-08-16,384.633152173913,381.105543478261,1.00925625133515,,3,invscore_median
weighted.median_ensemble,SI,Deaths,2021-08-16,3.43510869565217,2.83619565217391,1.21116774613881,,3,invscore_median
weighted.median_ensemble,SI,Cases,2021-08-23,213.016956521739,230.19902173913,0.925359955539418,,3,invscore_median
weighted.median_ensemble,SI,Deaths,2021-08-23,2.61271739130435,1.93163043478261,1.35259692757864,,3,invscore_median
weighted.median_ensemble,SI,Cases,2021-08-30,285.70097826087,317.844130434783,0.898871336305805,,3,invscore_median
weighted.median_ensemble,SI,Deaths,2021-08-30,2.22097826086957,2.37891304347826,0.933610527277712,,3,invscore_median
weighted.median_ensemble,SI,Cases,2021-09-06,732.177608695652,579.024456521739,1.26450204382371,,3,invscore_median
weighted.median_ensemble,SI,Deaths,2021-09-06,5.10402173913044,2.90413043478261,1.75750430421439,,3,invscore_median
weighted.median_ensemble,SI,Cases,2021-09-13,984.384891304348,1149.07586956522,0.856675279132626,,3,invscore_median
weighted.median_ensemble,SI,Deaths,2021-09-13,6.58423913043478,4.84152173913043,1.35995240447218,,3,invscore_median
weighted.median_ensemble,SI,Cases,2021-09-20,3380.79173913044,3059.35891304348,1.10506541900545,,3,invscore_median
weighted.median_ensemble,SI,Deaths,2021-09-20,3.70565217391304,3.90304347826087,0.949426311685418,,3,invscore_median
weighted.median_ensemble,SI,Cases,2021-09-27,382.141956521739,366.218478260869,1.04348081597763,,3,invscore_median
weighted.median_ensemble,SI,Deaths,2021-09-27,2.9295652173913,4.60456521739131,0.636230584013975,,3,invscore_median
weighted.median_ensemble,SI,Cases,2021-10-04,400.442065217391,405.366413043478,0.987852106963882,,3,invscore_median
weighted.median_ensemble,SI,Deaths,2021-10-04,4.07445652173913,4.55391304347826,0.894715485965248,,3,invscore_median
weighted.median_ensemble,SI,Cases,2021-10-11,2615.44304347826,2638.93804347826,0.991096797418922,,3,invscore_median
weighted.median_ensemble,SI,Deaths,2021-10-11,4.86608695652174,5.69086956521739,0.855069142027657,,3,invscore_median
weighted.median_ensemble,SI,Cases,2021-10-18,5794.84119565218,5232.44358695652,1.10748278492626,,3,invscore_median
weighted.median_ensemble,SI,Deaths,2021-10-18,18.1752173913043,14.2619565217391,1.27438457434647,,3,invscore_median
weighted.median_ensemble,SI,Cases,2021-10-25,2928.53586956522,2681.30217391304,1.09220657710927,,3,invscore_median
weighted.median_ensemble,SI,Deaths,2021-10-25,14.9452173913043,13.5516304347826,1.10283537196711,,3,invscore_median
weighted.median_ensemble,SI,Cases,2021-11-01,869.168260869565,1573.48739130435,0.552383365556597,,3,invscore_median
weighted.median_ensemble,SI,Deaths,2021-11-01,8.35184782608696,6.95260869565217,1.20125383027953,,3,invscore_median
weighted.median_ensemble,SI,Cases,2021-11-08,1953.12315217391,2433.2122826087,0.802693281689311,,3,invscore_median
weighted.median_ensemble,SI,Deaths,2021-11-08,6.5095652173913,5.98173913043478,1.0882395697049,,3,invscore_median
weighted.median_ensemble,SI,Cases,2021-11-15,1925.81663043478,5458.61108695652,0.352803414596905,,3,invscore_median
weighted.median_ensemble,SI,Deaths,2021-11-15,6.12847826086957,9.25326086956522,0.662304710442852,,3,invscore_median
weighted.median_ensemble,SI,Cases,2021-11-22,4381.46956521739,5061.20347826087,0.865697177368366,,3,invscore_median
weighted.median_ensemble,SI,Deaths,2021-11-22,12.156847826087,13.0923913043478,0.928542963885429,,3,invscore_median
weighted.median_ensemble,SI,Cases,2021-11-29,469.507608695652,935.653913043478,0.501796232720757,,3,invscore_median
weighted.median_ensemble,SI,Deaths,2021-11-29,4.29815217391304,9.88608695652174,0.434767789603307,,3,invscore_median
weighted.median_ensemble,SI,Cases,2021-12-06,849.857934782609,487.700760869565,1.74258070310844,,3,invscore_median
weighted.median_ensemble,SI,Deaths,2021-12-06,4.03652173913043,6.3745652173913,0.633223067216861,,3,invscore_median
weighted.median_ensemble,SI,Cases,2021-12-13,474.480543478261,525.218260869565,0.903396890071374,,3,invscore_median
weighted.median_ensemble,SI,Deaths,2021-12-13,6.01945652173913,8.59282608695652,0.700521162749513,,3,invscore_median
weighted.median_ensemble,SI,Cases,2021-12-20,1313.3247826087,1332.15336956522,0.985866051622369,,3,invscore_median
weighted.median_ensemble,SI,Deaths,2021-12-20,6.96804347826087,9.38478260869565,0.742483205930044,,3,invscore_median
weighted.median_ensemble,SI,Cases,2021-12-27,7872.02934782609,8376.27586956522,0.939800631021325,,3,invscore_median
weighted.median_ensemble,SI,Deaths,2021-12-27,4.59423913043478,5.62391304347826,0.81691148047932,,3,invscore_median
weighted.median_ensemble,SI,Cases,2022-01-03,19801.7554347826,16074.4141304348,1.23188038295533,,3,invscore_median
weighted.median_ensemble,SI,Deaths,2022-01-03,2.95152173913044,2.69673913043478,1.09447803305119,,3,invscore_median
weighted.median_ensemble,SI,Cases,2022-01-10,22503.9704347826,19638.7626086957,1.14589553747232,,3,invscore_median
weighted.median_ensemble,SI,Deaths,2022-01-10,6.64282608695652,3.64565217391304,1.82212283840191,,3,invscore_median
weighted.median_ensemble,SI,Cases,2022-01-17,38556.1551086956,15988.0630434783,2.41155886137334,,3,invscore_median
weighted.median_ensemble,SI,Deaths,2022-01-17,20.2089130434783,17.6992391304348,1.14179558197663,,3,invscore_median
weighted.median_ensemble,SI,Cases,2022-01-24,50297.4919565217,9142.3,5.50162343792281,,3,invscore_median
weighted.median_ensemble,SI,Deaths,2022-01-24,34.4245652173913,20.1808695652174,1.70580187866253,,3,invscore_median
weighted.median_ensemble,SI,Cases,2022-01-31,16249.5192391304,32179.9775,0.504957445639309,,3,invscore_median
weighted.median_ensemble,SI,Deaths,2022-01-31,4.65108695652174,6.95847826086957,0.668405760879753,,3,invscore_median
weighted.median_ensemble,SI,Cases,2022-02-07,41643.4493478261,35651.1186956522,1.16808254190645,,3,invscore_median
weighted.median_ensemble,SI,Deaths,2022-02-07,12.3829347826087,13.300652173913,0.931002075739993,,3,invscore_median
weighted.median_ensemble,SI,Cases,2022-02-14,6869.63380434782,2758.58695652174,2.49027270578037,,3,invscore_median
weighted.median_ensemble,SI,Deaths,2022-02-14,8.03369565217392,9.87869565217391,0.813234452708948,,3,invscore_median
weighted.median_ensemble,SI,Cases,2022-02-21,1315.59336956522,1774.77239130435,0.741274416939931,,3,invscore_median
weighted.median_ensemble,SI,Deaths,2022-02-21,8.85445652173913,11.4752173913043,0.771615579888607,,3,invscore_median
weighted.median_ensemble,SI,Cases,2022-02-28,4728.33130434783,3976.1972826087,1.18915913076769,,3,invscore_median
weighted.median_ensemble,SI,Deaths,2022-02-28,4.855,7.29739130434783,0.665306244041945,,3,invscore_median
weighted.median_ensemble,SI,Cases,2022-03-07,7938.82815217391,7397.68304347826,1.07315062101407,,3,invscore_median
weighted.median_ensemble,SI,Deaths,2022-03-07,3.4354347826087,5.45369565217391,0.629927851078249,,3,invscore_median
weighted.median_ensemble,SK,Cases,2021-04-12,4708.02565217391,4582.6825,1.02735148074821,,3,invscore_median
weighted.median_ensemble,SK,Deaths,2021-04-12,55.4021739130435,48.405,1.14455477560259,,3,invscore_median
weighted.median_ensemble,SK,Cases,2021-04-19,3229.87826086957,3766.99543478261,0.857414965531,,3,invscore_median
weighted.median_ensemble,SK,Deaths,2021-04-19,37.5857608695652,41.595652173913,0.90359830667921,,3,invscore_median
weighted.median_ensemble,SK,Cases,2021-04-26,2245.62826086957,2060.22456521739,1.08999198377805,,3,invscore_median
weighted.median_ensemble,SK,Deaths,2021-04-26,29.3202173913044,27.9823913043478,1.0478095696828,,3,invscore_median
weighted.median_ensemble,SK,Cases,2021-05-03,1474.70641304348,1739.26891304348,0.847888674364304,,3,invscore_median
weighted.median_ensemble,SK,Deaths,2021-05-03,19.4346739130435,13.8369565217391,1.4045483110762,,3,invscore_median
weighted.median_ensemble,SK,Cases,2021-05-10,840.952717391305,1040.47282608696,0.808240923075316,,3,invscore_median
weighted.median_ensemble,SK,Deaths,2021-05-10,30.4861956521739,34.4715217391304,0.884387869003399,,3,invscore_median
weighted.median_ensemble,SK,Cases,2021-05-17,471.483043478261,608.53097826087,0.774788893781086,,3,invscore_median
weighted.median_ensemble,SK,Deaths,2021-05-17,52.8323913043478,67.4926086956522,0.782787809293127,,3,invscore_median
weighted.median_ensemble,SK,Cases,2021-05-24,461.417391304348,575.370760869565,0.801947931116628,,3,invscore_median
weighted.median_ensemble,SK,Deaths,2021-05-24,12.6966304347826,15.3123913043478,0.829173587745077,,3,invscore_median
weighted.median_ensemble,SK,Cases,2021-05-31,680.804673913044,603.610434782609,1.12788751599073,,3,invscore_median
weighted.median_ensemble,SK,Deaths,2021-05-31,8.38608695652174,9.18282608695652,0.913235955588173,,3,invscore_median
weighted.median_ensemble,SK,Cases,2021-06-07,292.241630434783,276.110326086957,1.0584234011688,,3,invscore_median
weighted.median_ensemble,SK,Deaths,2021-06-07,5.73891304347826,4.66478260869565,1.23026377108771,,3,invscore_median
weighted.median_ensemble,SK,Cases,2021-06-14,80.9254347826087,91.3734782608696,0.885655622647614,,3,invscore_median
weighted.median_ensemble,SK,Deaths,2021-06-14,6.27619565217391,4.1904347826087,1.4977433077402,,3,invscore_median
weighted.median_ensemble,SK,Cases,2021-06-21,173.486630434783,90.285652173913,1.9215304564739,,3,invscore_median
weighted.median_ensemble,SK,Deaths,2021-06-21,3.61858695652174,5.03282608695652,0.71899701956719,,3,invscore_median
weighted.median_ensemble,SK,Cases,2021-06-28,79.635,69.8738043478261,1.13969749812939,,3,invscore_median
weighted.median_ensemble,SK,Deaths,2021-06-28,4.08641304347826,5.07717391304348,0.804859773067866,,3,invscore_median
weighted.median_ensemble,SK,Cases,2021-07-05,89.6248913043478,72.3485869565217,1.23879256077535,,3,invscore_median
weighted.median_ensemble,SK,Deaths,2021-07-05,1.06434782608696,1.75739130434783,0.605640771895101,,3,invscore_median
weighted.median_ensemble,SK,Cases,2021-07-12,130.889673913044,105.485434782609,1.24083172414077,,3,invscore_median
weighted.median_ensemble,SK,Deaths,2021-07-12,2.06054347826087,1.95369565217391,1.05469010793368,,3,invscore_median
weighted.median_ensemble,SK,Cases,2021-07-19,207.039347826087,168.274565217391,1.23036626217763,,3,invscore_median
weighted.median_ensemble,SK,Deaths,2021-07-19,2.57347826086957,2.52521739130435,1.01911157024793,,3,invscore_median
weighted.median_ensemble,SK,Cases,2021-07-26,127.820108695652,122.723369565217,1.04153030631812,,3,invscore_median
weighted.median_ensemble,SK,Deaths,2021-07-26,1.66565217391304,1.95369565217391,0.85256481584511,,3,invscore_median
weighted.median_ensemble,SK,Cases,2021-08-02,96.8570652173913,74.26,1.30429659597888,,3,invscore_median
weighted.median_ensemble,SK,Deaths,2021-08-02,2.72717391304348,2.7704347826087,0.984384808537351,,3,invscore_median
weighted.median_ensemble,SK,Cases,2021-08-09,218.449347826087,192.321630434783,1.13585428395255,,3,invscore_median
weighted.median_ensemble,SK,Deaths,2021-08-09,1.2054347826087,1.3154347826087,0.91637745827136,,3,invscore_median
weighted.median_ensemble,SK,Cases,2021-08-16,171.542391304348,171.049456521739,1.00288182606734,,3,invscore_median
weighted.median_ensemble,SK,Deaths,2021-08-16,1.00641304347826,1.79217391304348,0.561559922367783,,3,invscore_median
weighted.median_ensemble,SK,Cases,2021-08-23,509.624565217391,457.053260869565,1.11502227168844,,3,invscore_median
weighted.median_ensemble,SK,Deaths,2021-08-23,1.17934782608696,2.16,0.545994363929147,,3,invscore_median
weighted.median_ensemble,SK,Cases,2021-08-30,1397.16369565217,1418.36184782609,0.985054482249079,,3,invscore_median
weighted.median_ensemble,SK,Deaths,2021-08-30,2.97597826086957,1.90804347826087,1.55970149253731,,3,invscore_median
weighted.median_ensemble,SK,Cases,2021-09-06,1405.22641304348,1678.60347826087,0.83714017708302,,3,invscore_median
weighted.median_ensemble,SK,Deaths,2021-09-06,7.08782608695652,3.51391304347826,2.01707498144024,,3,invscore_median
weighted.median_ensemble,SK,Cases,2021-09-13,764.665108695652,1311.1497826087,0.583201949036102,,3,invscore_median
weighted.median_ensemble,SK,Deaths,2021-09-13,4.23413043478261,3.61065217391304,1.17267746402553,,3,invscore_median
weighted.median_ensemble,SK,Cases,2021-09-20,805.368369565217,853.632173913044,0.943460654573754,,3,invscore_median
weighted.median_ensemble,SK,Deaths,2021-09-20,13.7623913043478,12.7107608695652,1.08273544326529,,3,invscore_median
weighted.median_ensemble,SK,Cases,2021-09-27,936.80347826087,772.147391304348,1.2132443738214,,3,invscore_median
weighted.median_ensemble,SK,Deaths,2021-09-27,8.72119565217391,14.3460869565217,0.607914595708571,,3,invscore_median
weighted.median_ensemble,SK,Cases,2021-10-04,1628.92760869565,1271.46130434783,1.28114603497995,,3,invscore_median
weighted.median_ensemble,SK,Deaths,2021-10-04,8.93326086956522,8.51478260869565,1.0491472630719,,3,invscore_median
weighted.median_ensemble,SK,Cases,2021-10-11,2211.26836956522,2937.78945652174,0.752698041262391,,3,invscore_median
weighted.median_ensemble,SK,Deaths,2021-10-11,16.0230434782609,17.8363043478261,0.898338757053884,,3,invscore_median
weighted.median_ensemble,SK,Cases,2021-10-18,10561.9643478261,11306.9064130435,0.934116190759478,,3,invscore_median
weighted.median_ensemble,SK,Deaths,2021-10-18,17.1070652173913,17.8871739130435,0.956387258297784,,3,invscore_median
weighted.median_ensemble,SK,Cases,2021-10-25,14026.4638043478,13556.4404347826,1.03467159184053,,3,invscore_median
weighted.median_ensemble,SK,Deaths,2021-10-25,48.2834782608696,27.6935869565217,1.74348950667436,,3,invscore_median
weighted.median_ensemble,SK,Cases,2021-11-01,6857.48532608696,6674.32891304348,1.02744192194148,,3,invscore_median
weighted.median_ensemble,SK,Deaths,2021-11-01,91.6452173913043,63.6141304347826,1.44064246048697,,3,invscore_median
weighted.median_ensemble,SK,Cases,2021-11-08,5846.51380434783,6700.95108695652,0.872490147813216,,3,invscore_median
weighted.median_ensemble,SK,Deaths,2021-11-08,53.0146739130435,29.225652173913,1.81397744685282,,3,invscore_median
weighted.median_ensemble,SK,Cases,2021-11-15,7041.47891304348,7118.36076086957,0.989199501063684,,3,invscore_median
weighted.median_ensemble,SK,Deaths,2021-11-15,21.494347826087,25.6232608695652,0.838860749828196,,3,invscore_median
weighted.median_ensemble,SK,Cases,2021-11-22,5153.23467391304,4365.00576086957,1.18057912319604,,3,invscore_median
weighted.median_ensemble,SK,Deaths,2021-11-22,37.4890217391304,27.2165217391304,1.37743618006965,,3,invscore_median
weighted.median_ensemble,SK,Cases,2021-11-29,17188.1801086957,15294.4895652174,1.12381521693832,,3,invscore_median
weighted.median_ensemble,SK,Deaths,2021-11-29,41.9372826086957,31.0752173913044,1.34954108544485,,3,invscore_median
weighted.median_ensemble,SK,Cases,2021-12-06,19397.295,21037.6732608696,0.922026630962051,,3,invscore_median
weighted.median_ensemble,SK,Deaths,2021-12-06,32.8498913043478,32.1276086956522,1.02248167971472,,3,invscore_median
weighted.median_ensemble,SK,Cases,2021-12-13,3433.415,3477.66391304348,0.987276253787056,,3,invscore_median
weighted.median_ensemble,SK,Deaths,2021-12-13,69.459347826087,47.5478260869565,1.46083119970739,,3,invscore_median
weighted.median_ensemble,SK,Cases,2021-12-20,2657.47456521739,1055.14630434783,2.51858396723471,,3,invscore_median
weighted.median_ensemble,SK,Deaths,2021-12-20,191.711847826087,182.53347826087,1.05028321189442,,3,invscore_median
weighted.median_ensemble,SK,Cases,2021-12-27,8687.79869565218,4680.79619565217,1.85605147767851,,3,invscore_median
weighted.median_ensemble,SK,Deaths,2021-12-27,13.8302173913044,27.195,0.508557359489037,,3,invscore_median
weighted.median_ensemble,SK,Cases,2022-01-03,3525.40471014493,2388.62684782609,1.4759127041352,,3,invscore_median
weighted.median_ensemble,SK,Deaths,2022-01-03,48.7053804347826,36.4532608695652,1.3361048990667,,3,invscore_median
weighted.median_ensemble,SK,Cases,2022-01-10,13964.0048913044,11014.3552173913,1.26780048542975,,3,invscore_median
weighted.median_ensemble,SK,Deaths,2022-01-10,115.850108695652,91.0117391304348,1.27291390981574,,3,invscore_median
weighted.median_ensemble,SK,Cases,2022-01-17,47042.5986956522,46022.8795652174,1.0221567867997,,3,invscore_median
weighted.median_ensemble,SK,Deaths,2022-01-17,53.4858695652174,43.6971739130435,1.22401209908113,,3,invscore_median
weighted.median_ensemble,SK,Cases,2022-01-24,66164.2325,56026.5017391305,1.18094527493565,,3,invscore_median
weighted.median_ensemble,SK,Deaths,2022-01-24,95.6338043478261,116.918913043478,0.817949824014041,,3,invscore_median
weighted.median_ensemble,SK,Cases,2022-01-31,23687.6420652174,8249.07282608696,2.8715520598033,,3,invscore_median
weighted.median_ensemble,SK,Deaths,2022-01-31,27.8127173913044,44.2208695652174,0.628950033429032,,3,invscore_median
weighted.median_ensemble,SK,Cases,2022-02-07,48523.3239130435,41233.7023913044,1.17678794527256,,3,invscore_median
weighted.median_ensemble,SK,Deaths,2022-02-07,13.2232608695652,12.4484782608696,1.06223914220352,,3,invscore_median
weighted.median_ensemble,SK,Cases,2022-02-14,26740.9547826087,23546.937173913,1.13564471613039,,3,invscore_median
weighted.median_ensemble,SK,Deaths,2022-02-14,40.2552173913043,18.5758695652174,2.16707041627169,,3,invscore_median
weighted.median_ensemble,SK,Cases,2022-02-21,18555.1391304348,16935.7177173913,1.09562165832396,,3,invscore_median
weighted.median_ensemble,SK,Deaths,2022-02-21,81.4197826086956,45.4269565217391,1.79232307957351,,3,invscore_median
weighted.median_ensemble,SK,Cases,2022-02-28,6676.81858695652,7130.59913043478,0.936361512521236,,3,invscore_median
weighted.median_ensemble,SK,Deaths,2022-02-28,20.7578260869565,21.1346739130435,0.982169215023735,,3,invscore_median
weighted.median_ensemble,SK,Cases,2022-03-07,8507.5572826087,7402.51760869565,1.14927889838654,,3,invscore_median
weighted.median_ensemble,SK,Deaths,2022-03-07,55.6026086956522,30.8776086956522,1.80074206016742,,3,invscore_median
weighted.median_ensemble,Average,Cases,2021-04-12,2056.02904462243,1764.05671624714,1.16551187140764,average,3,invscore_median
weighted.median_ensemble,Average,Deaths,2021-04-12,31.5666968599034,31.4235809178744,1.00455441225502,average,3,invscore_median
weighted.median_ensemble,Average,Cases,2021-04-19,1485.5253604119,1494.2415389016,0.994166820916979,average,3,invscore_median
weighted.median_ensemble,Average,Deaths,2021-04-19,32.2340458937198,28.8829830917874,1.11602204631298,average,3,invscore_median
weighted.median_ensemble,Average,Cases,2021-04-26,1377.72383295195,1763.1101430206,0.781416769908431,average,3,invscore_median
weighted.median_ensemble,Average,Deaths,2021-04-26,27.8931702898551,20.0461654589372,1.39144667577407,average,3,invscore_median
weighted.median_ensemble,Average,Cases,2021-05-03,1732.32357837529,1880.56099542334,0.921173831952904,average,3,invscore_median
weighted.median_ensemble,Average,Deaths,2021-05-03,19.3684782608696,18.1866847826087,1.06498124822568,average,3,invscore_median
weighted.median_ensemble,Average,Cases,2021-05-10,900.731905034325,1145.20131006865,0.786527134674977,average,3,invscore_median
weighted.median_ensemble,Average,Deaths,2021-05-10,16.6618961352657,17.9360024154589,0.928963753980369,average,3,invscore_median
weighted.median_ensemble,Average,Cases,2021-05-17,732.667065217391,895.05966819222,0.81856784665226,average,3,invscore_median
weighted.median_ensemble,Average,Deaths,2021-05-17,15.870018115942,17.4393115942029,0.910014023788501,average,3,invscore_median
weighted.median_ensemble,Average,Cases,2021-05-24,665.882162471396,796.322808924485,0.836196269915636,average,3,invscore_median
weighted.median_ensemble,Average,Deaths,2021-05-24,18.8125603864734,18.1331763285024,1.0374663570057,average,3,invscore_median
weighted.median_ensemble,Average,Cases,2021-05-31,489.311121281465,618.305589244851,0.791374248903475,average,3,invscore_median
weighted.median_ensemble,Average,Deaths,2021-05-31,38.3661714975846,38.6237741545894,0.993330463875079,average,3,invscore_median
weighted.median_ensemble,Average,Cases,2021-06-07,526.063094965675,598.541178489703,0.878908776657755,average,3,invscore_median
weighted.median_ensemble,Average,Deaths,2021-06-07,29.2218236714976,27.4239371980676,1.06555902095475,average,3,invscore_median
weighted.median_ensemble,Average,Cases,2021-06-14,706.311127002288,513.752534324943,1.37480806382856,average,3,invscore_median
weighted.median_ensemble,Average,Deaths,2021-06-14,11.1182789855072,13.6478381642512,0.814654954997208,average,3,invscore_median
weighted.median_ensemble,Average,Cases,2021-06-21,1051.09062356979,980.237030892449,1.07228210161866,average,3,invscore_median
weighted.median_ensemble,Average,Deaths,2021-06-21,18.2860809178744,23.1515036231884,0.789844202583852,average,3,invscore_median
weighted.median_ensemble,Average,Cases,2021-06-28,3768.68955949657,3533.07270594966,1.06668893429511,average,3,invscore_median
weighted.median_ensemble,Average,Deaths,2021-06-28,15.37038647343,14.7492330917874,1.04211428335134,average,3,invscore_median
weighted.median_ensemble,Average,Cases,2021-07-05,4488.36760297483,4279.76950800915,1.04874049749065,average,3,invscore_median
weighted.median_ensemble,Average,Deaths,2021-07-05,18.546038647343,15.0023792270531,1.23620649542705,average,3,invscore_median
weighted.median_ensemble,Average,Cases,2021-07-12,2433.85883867277,2230.346298627,1.09124705888545,average,3,invscore_median
weighted.median_ensemble,Average,Deaths,2021-07-12,10.6423852657005,11.2919685990338,0.942473862937512,average,3,invscore_median
weighted.median_ensemble,Average,Cases,2021-07-19,4201.11955949657,6507.63897025172,0.645567398360771,average,3,invscore_median
weighted.median_ensemble,Average,Deaths,2021-07-19,5.01969806763285,7.01933574879227,0.715124371774997,average,3,invscore_median
weighted.median_ensemble,Average,Cases,2021-07-26,1398.64817505721,3614.59637871854,0.386944496290638,average,3,invscore_median
weighted.median_ensemble,Average,Deaths,2021-07-26,6.5411231884058,5.05958333333333,1.29281854996079,average,3,invscore_median
weighted.median_ensemble,Average,Cases,2021-08-02,1262.84599542334,1956.16074942792,0.645573732011882,average,3,invscore_median
weighted.median_ensemble,Average,Deaths,2021-08-02,8.80109601449275,7.19065217391304,1.22396352954218,average,3,invscore_median
weighted.median_ensemble,Average,Cases,2021-08-09,1001.56317791762,1250.88241990847,0.800685309807863,average,3,invscore_median
weighted.median_ensemble,Average,Deaths,2021-08-09,8.63261473429952,6.84526570048309,1.2611073276075,average,3,invscore_median
weighted.median_ensemble,Average,Cases,2021-08-16,923.938432494279,1050.9710812357,0.879128311892219,average,3,invscore_median
weighted.median_ensemble,Average,Deaths,2021-08-16,9.13918478260869,7.80506038647343,1.17093069496904,average,3,invscore_median
weighted.median_ensemble,Average,Cases,2021-08-23,982.519370709382,1012.31164187643,0.970570059718147,average,3,invscore_median
weighted.median_ensemble,Average,Deaths,2021-08-23,9.26244565217391,9.24527173913043,1.00185758877922,average,3,invscore_median
weighted.median_ensemble,Average,Cases,2021-08-30,1148.12673913043,1134.6428375286,1.01188382912741,average,3,invscore_median
weighted.median_ensemble,Average,Deaths,2021-08-30,11.73836352657,9.57253623188406,1.22625428018461,average,3,invscore_median
weighted.median_ensemble,Average,Cases,2021-09-06,1371.71704805492,1368.13561212815,1.00261774921654,average,3,invscore_median
weighted.median_ensemble,Average,Deaths,2021-09-06,13.7069625603865,12.2214553140097,1.12154912882379,average,3,invscore_median
weighted.median_ensemble,Average,Cases,2021-09-13,1158.77091533181,1314.30231121281,0.881662388817162,average,3,invscore_median
weighted.median_ensemble,Average,Deaths,2021-09-13,13.5193599033816,12.8642572463768,1.05092425038292,average,3,invscore_median
weighted.median_ensemble,Average,Cases,2021-09-20,1185.28779176201,1091.90627574371,1.08552154895777,average,3,invscore_median
weighted.median_ensemble,Average,Deaths,2021-09-20,13.2375,10.9217934782609,1.21202621404153,average,3,invscore_median
weighted.median_ensemble,Average,Cases,2021-09-27,1133.43649885584,947.560217391304,1.1961630280092,average,3,invscore_median
weighted.median_ensemble,Average,Deaths,2021-09-27,18.1711956521739,15.3204468599034,1.18607478086893,average,3,invscore_median
weighted.median_ensemble,Average,Cases,2021-10-04,1919.91685354691,1754.47681922197,1.09429593626567,average,3,invscore_median
weighted.median_ensemble,Average,Deaths,2021-10-04,22.2124335748792,15.5638405797101,1.42718202882626,average,3,invscore_median
weighted.median_ensemble,Average,Cases,2021-10-11,2830.84092677346,2611.25733409611,1.08409113487597,average,3,invscore_median
weighted.median_ensemble,Average,Deaths,2021-10-11,24.2406823671498,20.7282185990338,1.16945323841189,average,3,invscore_median
weighted.median_ensemble,Average,Cases,2021-10-18,4757.90310640732,4650.34053203661,1.02313004254843,average,3,invscore_median
weighted.median_ensemble,Average,Deaths,2021-10-18,32.5345108695652,30.1311714975845,1.07976255991817,average,3,invscore_median
weighted.median_ensemble,Average,Cases,2021-10-25,4254.62966819222,4497.44848398169,0.946009650437507,average,3,invscore_median
weighted.median_ensemble,Average,Deaths,2021-10-25,36.6896135265701,31.9227173913044,1.14932613902613,average,3,invscore_median
weighted.median_ensemble,Average,Cases,2021-11-01,4547.8745194508,5824.67519450801,0.780794528034614,average,3,invscore_median
weighted.median_ensemble,Average,Deaths,2021-11-01,41.2158393719807,43.9417632850242,0.937965076745737,average,3,invscore_median
weighted.median_ensemble,Average,Cases,2021-11-08,3706.98802059497,4460.97609267735,0.830981369005755,average,3,invscore_median
weighted.median_ensemble,Average,Deaths,2021-11-08,47.4845531400966,51.5990458937198,0.92026029391904,average,3,invscore_median
weighted.median_ensemble,Average,Cases,2021-11-15,4361.69921052632,5264.25432494279,0.82855024497201,average,3,invscore_median
weighted.median_ensemble,Average,Deaths,2021-11-15,44.0090036231884,44.3411050724638,0.992510302827757,average,3,invscore_median
weighted.median_ensemble,Average,Cases,2021-11-22,4214.18545909611,4584.89199656751,0.919146069798607,average,3,invscore_median
weighted.median_ensemble,Average,Deaths,2021-11-22,29.5787077294686,34.8086413043478,0.849751861063707,average,3,invscore_median
weighted.median_ensemble,Average,Cases,2021-11-29,5029.69231121282,4430.99689359268,1.13511528714585,average,3,invscore_median
weighted.median_ensemble,Average,Deaths,2021-11-29,24.890229468599,25.199402173913,0.987730950790806,average,3,invscore_median
weighted.median_ensemble,Average,Cases,2021-12-06,6631.09890160183,6396.92670480549,1.0366069845103,average,3,invscore_median
weighted.median_ensemble,Average,Deaths,2021-12-06,21.9157306763285,21.9276509661836,0.99945638090129,average,3,invscore_median
weighted.median_ensemble,Average,Cases,2021-12-13,12495.7982551487,11282.1540331808,1.10757203087271,average,3,invscore_median
weighted.median_ensemble,Average,Deaths,2021-12-13,33.5611956521739,27.2962801932367,1.22951535574028,average,3,invscore_median
weighted.median_ensemble,Average,Cases,2021-12-20,27118.4459439359,27898.067305492,0.972054646186814,average,3,invscore_median
weighted.median_ensemble,Average,Deaths,2021-12-20,32.6109118357488,35.0416847826087,0.930631961278691,average,3,invscore_median
weighted.median_ensemble,Average,Cases,2021-12-27,49988.2154748284,53430.2602745995,0.935578737927139,average,3,invscore_median
weighted.median_ensemble,Average,Deaths,2021-12-27,38.8398007246377,40.2167330917874,0.965762202414424,average,3,invscore_median
weighted.median_ensemble,Average,Cases,2022-01-03,35136.8651334859,34363.7557322655,1.02249781447767,average,3,invscore_median
weighted.median_ensemble,Average,Deaths,2022-01-03,44.5686986714976,22.5953985507246,1.97246791515737,average,3,invscore_median
weighted.median_ensemble,Average,Cases,2022-01-10,65459.5525286041,55139.3557208238,1.18716571263604,average,3,invscore_median
weighted.median_ensemble,Average,Deaths,2022-01-10,79.0430132850242,48.1189190821256,1.64265978523166,average,3,invscore_median
weighted.median_ensemble,Average,Cases,2022-01-17,35425.1644050343,38438.2303432494,0.921612782084172,average,3,invscore_median
weighted.median_ensemble,Average,Deaths,2022-01-17,32.6590519323672,44.9042210144928,0.727304720904222,average,3,invscore_median
weighted.median_ensemble,Average,Cases,2022-01-24,33871.2979290618,33771.4461784897,1.00295669158035,average,3,invscore_median
weighted.median_ensemble,Average,Deaths,2022-01-24,50.0218357487923,67.8808997584541,0.736905903233294,average,3,invscore_median
weighted.median_ensemble,Average,Cases,2022-01-31,36746.1836975591,51840.8299427918,0.708827071983798,average,3,invscore_median
weighted.median_ensemble,Average,Deaths,2022-01-31,68.8054347826087,55.5519142512077,1.23857900686317,average,3,invscore_median
weighted.median_ensemble,Average,Cases,2022-02-07,33100.1883409611,27003.5485869565,1.22577179937564,average,3,invscore_median
weighted.median_ensemble,Average,Deaths,2022-02-07,40.5526328502415,40.3927355072464,1.00395856683107,average,3,invscore_median
weighted.median_ensemble,Average,Cases,2022-02-14,13114.0397311213,13074.7630148741,1.00300400980136,average,3,invscore_median
weighted.median_ensemble,Average,Deaths,2022-02-14,39.5455374396135,35.3799335748792,1.11773916578781,average,3,invscore_median
weighted.median_ensemble,Average,Cases,2022-02-21,8029.04525171625,6936.39458810069,1.15752429446416,average,3,invscore_median
weighted.median_ensemble,Average,Deaths,2022-02-21,40.6600362318841,33.6733937198068,1.20748257720064,average,3,invscore_median
weighted.median_ensemble,Average,Cases,2022-02-28,12785.454659611,10740.2387643021,1.19042555200046,average,3,invscore_median
weighted.median_ensemble,Average,Deaths,2022-02-28,31.9227475845411,29.8600422705314,1.0690791156731,average,3,invscore_median
weighted.median_ensemble,Average,Cases,2022-03-07,22204.1747025172,17657.3499199085,1.25750323821143,average,3,invscore_median
weighted.median_ensemble,Average,Deaths,2022-03-07,31.5212922705314,27.2240700483092,1.15784642834803,average,3,invscore_median
