model,location,target_type,weights,forecast_date,nmod
DSMPG-bayes,FR,Cases,0.265189341188287,2021-04-12,3
FIAS_FZJ-Epi1Ger,DE,Cases,0.346915410500878,2021-04-12,3
ICM-agentModel,PL,Cases,0.291797813421352,2021-04-12,3
IEM_Health-CovidProject,DE,Cases,0.3353422412529,2021-04-12,3
IEM_Health-CovidProject,FR,Deaths,0.308035478073596,2021-04-12,3
IEM_Health-CovidProject,GB,Cases,0.37104478404759,2021-04-12,3
IEM_Health-CovidProject,GB,Deaths,0.200794954832941,2021-04-12,3
ILM-EKF,CZ,Cases,0.303544450194307,2021-04-12,3
ILM-EKF,CZ,Deaths,0.361549209782902,2021-04-12,3
ILM-EKF,FR,Deaths,0.365545310662338,2021-04-12,3
ILM-EKF,GB,Cases,0.326175172591773,2021-04-12,3
ILM-EKF,GB,Deaths,0.331620932278211,2021-04-12,3
MIMUW-StochSEIR,PL,Deaths,0.235191108475543,2021-04-12,3
MIT_CovidAnalytics-DELPHI,DE,Deaths,0.257752371576267,2021-04-12,3
MOCOS-agent1,PL,Cases,0.44372191807179,2021-04-12,3
MOCOS-agent1,PL,Deaths,0.423092754868544,2021-04-12,3
MUNI_DMS-SEIAR,CZ,Cases,0.403422259079511,2021-04-12,3
RobertWalraven-ESG,CZ,Deaths,0.156326523981399,2021-04-12,3
epiforecasts-EpiExpert,DE,Deaths,0.43658587830392,2021-04-12,3
epiforecasts-EpiExpert,FR,Cases,0.405980266928662,2021-04-12,3
epiforecasts-EpiExpert,FR,Deaths,0.326419211264067,2021-04-12,3
epiforecasts-EpiExpert,GB,Deaths,0.467584112888848,2021-04-12,3
epiforecasts-EpiExpert,PL,Cases,0.264480268506857,2021-04-12,3
epiforecasts-EpiExpert,PL,Deaths,0.341716136655914,2021-04-12,3
epiforecasts-EpiNow2,CZ,Cases,0.293033290726182,2021-04-12,3
epiforecasts-EpiNow2,CZ,Deaths,0.482124266235699,2021-04-12,3
epiforecasts-EpiNow2,DE,Cases,0.317742348246221,2021-04-12,3
epiforecasts-EpiNow2,FR,Cases,0.328830391883051,2021-04-12,3
epiforecasts-EpiNow2,GB,Cases,0.302780043360637,2021-04-12,3
itwm-dSEIR,DE,Deaths,0.305661750119814,2021-04-12,3
DSMPG-bayes,CZ,Cases,0.338403454099699,2021-04-19,3
ICM-agentModel,PL,Cases,0.2556978779721,2021-04-19,3
IEM_Health-CovidProject,DE,Cases,0.375602490942763,2021-04-19,3
IEM_Health-CovidProject,FR,Deaths,0.349108159874024,2021-04-19,3
IEM_Health-CovidProject,GB,Cases,0.40362791292948,2021-04-19,3
ILM-EKF,CZ,Cases,0.34267903287573,2021-04-19,3
ILM-EKF,CZ,Deaths,0.34081731124377,2021-04-19,3
ILM-EKF,GB,Cases,0.289503348704803,2021-04-19,3
ILM-EKF,GB,Deaths,0.351031465645589,2021-04-19,3
MIMUW-StochSEIR,PL,Deaths,0.230214435234404,2021-04-19,3
MIT_CovidAnalytics-DELPHI,DE,Cases,0.314511597607097,2021-04-19,3
MIT_CovidAnalytics-DELPHI,DE,Deaths,0.34366924165996,2021-04-19,3
MOCOS-agent1,PL,Cases,0.594761423859583,2021-04-19,3
MOCOS-agent1,PL,Deaths,0.429429158353292,2021-04-19,3
MUNI_DMS-SEIAR,CZ,Cases,0.318917513024571,2021-04-19,3
RobertWalraven-ESG,FR,Deaths,0.374189732147162,2021-04-19,3
UMass-MechBayes,FR,Deaths,0.276702107978814,2021-04-19,3
UMass-MechBayes,GB,Deaths,0.240574541928951,2021-04-19,3
UMass-SemiMech,CZ,Deaths,0.306715649907656,2021-04-19,3
UMass-SemiMech,DE,Cases,0.30988591145014,2021-04-19,3
UMass-SemiMech,DE,Deaths,0.288647010125995,2021-04-19,3
UMass-SemiMech,FR,Cases,0.265231383001609,2021-04-19,3
UNIPV-BayesINGARCHX,FR,Cases,0.376946538283361,2021-04-19,3
epiforecasts-EpiExpert,DE,Deaths,0.367683748214045,2021-04-19,3
epiforecasts-EpiExpert,GB,Deaths,0.40839399242546,2021-04-19,3
epiforecasts-EpiExpert,PL,Cases,0.149540698168318,2021-04-19,3
epiforecasts-EpiExpert,PL,Deaths,0.340356406412303,2021-04-19,3
epiforecasts-EpiNow2,CZ,Deaths,0.352467038848574,2021-04-19,3
epiforecasts-EpiNow2,FR,Cases,0.357822078715029,2021-04-19,3
epiforecasts-EpiNow2,GB,Cases,0.306868738365717,2021-04-19,3
ICM-agentModel,PL,Cases,0.253605439642251,2021-04-26,3
IEM_Health-CovidProject,DE,Cases,0.290680790693996,2021-04-26,3
IEM_Health-CovidProject,FR,Deaths,0.203214308977275,2021-04-26,3
IEM_Health-CovidProject,GB,Cases,0.38941220037149,2021-04-26,3
ILM-EKF,CZ,Cases,0.43728791749148,2021-04-26,3
ILM-EKF,CZ,Deaths,0.318114268130731,2021-04-26,3
ILM-EKF,GB,Deaths,0.350828770827343,2021-04-26,3
MIMUW-StochSEIR,PL,Deaths,0.211786793863282,2021-04-26,3
MIT_CovidAnalytics-DELPHI,DE,Cases,0.290442914696228,2021-04-26,3
MIT_CovidAnalytics-DELPHI,DE,Deaths,0.349390911823818,2021-04-26,3
MOCOS-agent1,PL,Cases,0.603552896971404,2021-04-26,3
MOCOS-agent1,PL,Deaths,0.351446119734611,2021-04-26,3
RobertWalraven-ESG,FR,Deaths,0.609200802874406,2021-04-26,3
UMass-MechBayes,FR,Deaths,0.18758488814832,2021-04-26,3
UMass-SemiMech,CZ,Cases,0.210864415103809,2021-04-26,3
UMass-SemiMech,CZ,Deaths,0.274820542623971,2021-04-26,3
UMass-SemiMech,DE,Deaths,0.313669076769798,2021-04-26,3
UMass-SemiMech,FR,Cases,0.328383652732351,2021-04-26,3
UMass-SemiMech,GB,Cases,0.254403151518582,2021-04-26,3
epiforecasts-EpiExpert,DE,Cases,0.418876294609776,2021-04-26,3
epiforecasts-EpiExpert,DE,Deaths,0.336940011406384,2021-04-26,3
epiforecasts-EpiExpert,FR,Cases,0.315931096054286,2021-04-26,3
epiforecasts-EpiExpert,GB,Deaths,0.342569730943585,2021-04-26,3
epiforecasts-EpiExpert,PL,Deaths,0.436767086402107,2021-04-26,3
epiforecasts-EpiNow2,CZ,Cases,0.351847667404711,2021-04-26,3
epiforecasts-EpiNow2,CZ,Deaths,0.407065189245298,2021-04-26,3
epiforecasts-EpiNow2,FR,Cases,0.355685251213363,2021-04-26,3
epiforecasts-EpiNow2,GB,Cases,0.356184648109928,2021-04-26,3
epiforecasts-EpiNow2,GB,Deaths,0.306601498229073,2021-04-26,3
epiforecasts-EpiNow2,PL,Cases,0.142841663386345,2021-04-26,3
IEM_Health-CovidProject,GB,Cases,0.508978592627175,2021-05-03,3
ILM-EKF,CZ,Cases,0.415018207257543,2021-05-03,3
ILM-EKF,DE,Deaths,0.323298072663465,2021-05-03,3
ILM-EKF,FR,Cases,0.341594793610842,2021-05-03,3
ILM-EKF,FR,Deaths,0.229011295762027,2021-05-03,3
ILM-EKF,GB,Deaths,0.330588527335199,2021-05-03,3
ILM-EKF,PL,Cases,0.121390706986101,2021-05-03,3
ILM-EKF,PL,Deaths,0.248988022120638,2021-05-03,3
Karlen-pypm,DE,Cases,0.332504690077954,2021-05-03,3
Karlen-pypm,DE,Deaths,0.393179682575471,2021-05-03,3
MOCOS-agent1,PL,Cases,0.392412587196461,2021-05-03,3
MOCOS-agent1,PL,Deaths,0.507608097184253,2021-05-03,3
RobertWalraven-ESG,CZ,Deaths,0.412005977259193,2021-05-03,3
RobertWalraven-ESG,FR,Deaths,0.612468058563636,2021-05-03,3
UMass-MechBayes,CZ,Deaths,0.224297980246992,2021-05-03,3
UMass-MechBayes,FR,Deaths,0.158520645674337,2021-05-03,3
UMass-SemiMech,CZ,Cases,0.22273995436192,2021-05-03,3
epiforecasts-EpiExpert,DE,Cases,0.357645237281147,2021-05-03,3
epiforecasts-EpiExpert,FR,Cases,0.314020323611084,2021-05-03,3
epiforecasts-EpiExpert,GB,Cases,0.251760245786908,2021-05-03,3
epiforecasts-EpiExpert,GB,Deaths,0.249079247511231,2021-05-03,3
epiforecasts-EpiNow2,CZ,Cases,0.362241838380537,2021-05-03,3
epiforecasts-EpiNow2,CZ,Deaths,0.363696042493815,2021-05-03,3
epiforecasts-EpiNow2,DE,Cases,0.3098500726409,2021-05-03,3
epiforecasts-EpiNow2,DE,Deaths,0.283522244761064,2021-05-03,3
epiforecasts-EpiNow2,FR,Cases,0.344384882778074,2021-05-03,3
epiforecasts-EpiNow2,GB,Cases,0.239261161585916,2021-05-03,3
epiforecasts-EpiNow2,GB,Deaths,0.42033222515357,2021-05-03,3
epiforecasts-EpiNow2,PL,Cases,0.486196705817438,2021-05-03,3
epiforecasts-EpiNow2,PL,Deaths,0.243403880695109,2021-05-03,3
IEM_Health-CovidProject,FR,Cases,0.327918289963074,2021-05-10,3
IEM_Health-CovidProject,GB,Cases,0.479693751734218,2021-05-10,3
ILM-EKF,CZ,Cases,0.352662668621426,2021-05-10,3
ILM-EKF,FR,Cases,0.350190050165107,2021-05-10,3
ILM-EKF,FR,Deaths,0.240869037542152,2021-05-10,3
ILM-EKF,PL,Cases,0.268610870738252,2021-05-10,3
ILM-EKF,PL,Deaths,0.266932420945125,2021-05-10,3
MOCOS-agent1,PL,Cases,0.282858151255339,2021-05-10,3
MOCOS-agent1,PL,Deaths,0.454997224443253,2021-05-10,3
RobertWalraven-ESG,CZ,Deaths,0.294642390190238,2021-05-10,3
RobertWalraven-ESG,DE,Deaths,0.332590647520389,2021-05-10,3
RobertWalraven-ESG,FR,Deaths,0.572490818281355,2021-05-10,3
UMass-MechBayes,FR,Deaths,0.186640144176493,2021-05-10,3
UMass-SemiMech,DE,Cases,0.25330530292567,2021-05-10,3
UNIPV-BayesINGARCHX,DE,Cases,0.342436104535685,2021-05-10,3
epiforecasts-EpiExpert,DE,Cases,0.404258592538645,2021-05-10,3
epiforecasts-EpiExpert,DE,Deaths,0.344324155124712,2021-05-10,3
epiforecasts-EpiExpert,GB,Cases,0.254906711741863,2021-05-10,3
epiforecasts-EpiExpert,GB,Deaths,0.411311605773539,2021-05-10,3
epiforecasts-EpiExpert_Rt,CZ,Cases,0.314233873864472,2021-05-10,3
epiforecasts-EpiExpert_Rt,CZ,Deaths,0.351564979277498,2021-05-10,3
epiforecasts-EpiExpert_Rt,GB,Cases,0.265399536523919,2021-05-10,3
epiforecasts-EpiExpert_Rt,GB,Deaths,0.294640335369745,2021-05-10,3
epiforecasts-EpiExpert_Rt,PL,Deaths,0.278070354611622,2021-05-10,3
epiforecasts-EpiNow2,CZ,Cases,0.333103457514102,2021-05-10,3
epiforecasts-EpiNow2,CZ,Deaths,0.353792630532263,2021-05-10,3
epiforecasts-EpiNow2,FR,Cases,0.321891659871819,2021-05-10,3
epiforecasts-EpiNow2,GB,Deaths,0.294048058856716,2021-05-10,3
epiforecasts-EpiNow2,PL,Cases,0.448530978006409,2021-05-10,3
itwm-dSEIR,DE,Deaths,0.323085197354899,2021-05-10,3
HZI-AgeExtendedSEIR,DE,Deaths,0.319549253793143,2021-05-17,3
IEM_Health-CovidProject,FR,Cases,0.353826627759082,2021-05-17,3
IEM_Health-CovidProject,FR,Deaths,0.185831298865748,2021-05-17,3
IEM_Health-CovidProject,GB,Cases,0.553148961971137,2021-05-17,3
ILM-EKF,CZ,Cases,0.36635363271521,2021-05-17,3
ILM-EKF,FR,Cases,0.308296383672169,2021-05-17,3
MIT_CovidAnalytics-DELPHI,DE,Cases,0.324937331037806,2021-05-17,3
MOCOS-agent1,PL,Cases,0.280121391831436,2021-05-17,3
MOCOS-agent1,PL,Deaths,0.432566575859571,2021-05-17,3
MUNI_DMS-SEIAR,CZ,Cases,0.290997003872198,2021-05-17,3
PL_GRedlarski-DistrictsSum,PL,Cases,0.308678684608484,2021-05-17,3
RobertWalraven-ESG,CZ,Deaths,0.284370981622858,2021-05-17,3
RobertWalraven-ESG,DE,Deaths,0.356193039522423,2021-05-17,3
RobertWalraven-ESG,FR,Deaths,0.462720264784646,2021-05-17,3
UMass-MechBayes,CZ,Deaths,0.279633902509179,2021-05-17,3
UMass-MechBayes,FR,Deaths,0.351448436349606,2021-05-17,3
UMass-MechBayes,GB,Deaths,0.310420122026687,2021-05-17,3
UMass-MechBayes,PL,Deaths,0.304145706004961,2021-05-17,3
UMass-SemiMech,FR,Cases,0.337876988568749,2021-05-17,3
UMass-SemiMech,PL,Deaths,0.263287718135468,2021-05-17,3
UNIPV-BayesINGARCHX,DE,Cases,0.399525771007978,2021-05-17,3
epiforecasts-EpiExpert,DE,Cases,0.275536897954216,2021-05-17,3
epiforecasts-EpiExpert,GB,Deaths,0.351693449884949,2021-05-17,3
epiforecasts-EpiExpert_direct,DE,Deaths,0.324257706684434,2021-05-17,3
epiforecasts-EpiExpert_direct,GB,Cases,0.240355282946479,2021-05-17,3
epiforecasts-EpiNow2,CZ,Cases,0.342649363412592,2021-05-17,3
epiforecasts-EpiNow2,CZ,Deaths,0.435995115867963,2021-05-17,3
epiforecasts-EpiNow2,GB,Cases,0.206495755082385,2021-05-17,3
epiforecasts-EpiNow2,GB,Deaths,0.337886428088364,2021-05-17,3
epiforecasts-EpiNow2,PL,Cases,0.41119992356008,2021-05-17,3
IEM_Health-CovidProject,GB,Cases,0.400826967182958,2021-05-24,3
ILM-EKF,CZ,Cases,0.353717079019524,2021-05-24,3
ILM-EKF,FR,Cases,0.363650662462919,2021-05-24,3
ILM-EKF,FR,Deaths,0.306640195023161,2021-05-24,3
ILM-EKF,PL,Cases,0.378670533923713,2021-05-24,3
ILM-EKF,PL,Deaths,0.242570577135821,2021-05-24,3
MIT_CovidAnalytics-DELPHI,DE,Cases,0.440018502814992,2021-05-24,3
MOCOS-agent1,PL,Deaths,0.385416320443441,2021-05-24,3
MUNI_DMS-SEIAR,CZ,Cases,0.288187767950128,2021-05-24,3
PL_GRedlarski-DistrictsSum,PL,Cases,0.341531136084053,2021-05-24,3
RobertWalraven-ESG,CZ,Deaths,0.338637047837222,2021-05-24,3
RobertWalraven-ESG,FR,Deaths,0.321364019616704,2021-05-24,3
UMass-MechBayes,CZ,Deaths,0.354344276345656,2021-05-24,3
UMass-MechBayes,FR,Deaths,0.371995785360136,2021-05-24,3
UMass-MechBayes,GB,Deaths,0.340117678646693,2021-05-24,3
UMass-MechBayes,PL,Deaths,0.372013102420738,2021-05-24,3
epiforecasts-EpiExpert,DE,Cases,0.279054189411984,2021-05-24,3
epiforecasts-EpiExpert,DE,Deaths,0.346801981684099,2021-05-24,3
epiforecasts-EpiExpert,FR,Cases,0.31817466876854,2021-05-24,3
epiforecasts-EpiExpert,GB,Deaths,0.345206211754507,2021-05-24,3
epiforecasts-EpiExpert_Rt,DE,Cases,0.280927307773024,2021-05-24,3
epiforecasts-EpiExpert_Rt,GB,Cases,0.336716931249836,2021-05-24,3
epiforecasts-EpiExpert_direct,DE,Deaths,0.337090889250292,2021-05-24,3
epiforecasts-EpiExpert_direct,FR,Cases,0.31817466876854,2021-05-24,3
epiforecasts-EpiNow2,CZ,Cases,0.358095153030348,2021-05-24,3
epiforecasts-EpiNow2,CZ,Deaths,0.307018675817122,2021-05-24,3
epiforecasts-EpiNow2,GB,Cases,0.262456101567206,2021-05-24,3
epiforecasts-EpiNow2,GB,Deaths,0.3146761095988,2021-05-24,3
epiforecasts-EpiNow2,PL,Cases,0.279798329992234,2021-05-24,3
itwm-dSEIR,DE,Deaths,0.316107129065609,2021-05-24,3
HZI-AgeExtendedSEIR,DE,Deaths,0.330729847264565,2021-05-31,3
IEM_Health-CovidProject,GB,Cases,0.377863107626002,2021-05-31,3
ILM-EKF,CZ,Cases,0.356579302493818,2021-05-31,3
ILM-EKF,CZ,Deaths,0.240735158563621,2021-05-31,3
ILM-EKF,FR,Cases,0.419371368129378,2021-05-31,3
ILM-EKF,FR,Deaths,0.303463735728049,2021-05-31,3
ILM-EKF,PL,Cases,0.355688510259762,2021-05-31,3
ILM-EKF,PL,Deaths,0.262764383017057,2021-05-31,3
MIT_CovidAnalytics-DELPHI,DE,Cases,0.35057254458517,2021-05-31,3
MOCOS-agent1,PL,Cases,0.31555544474492,2021-05-31,3
MOCOS-agent1,PL,Deaths,0.343152734516956,2021-05-31,3
MUNI-ARIMA,FR,Cases,0.243896727641183,2021-05-31,3
MUNI-ARIMA,FR,Deaths,0.315617797616901,2021-05-31,3
MUNI_DMS-SEIAR,CZ,Cases,0.281417527812149,2021-05-31,3
RobertWalraven-ESG,CZ,Deaths,0.37785110970328,2021-05-31,3
UMass-MechBayes,CZ,Deaths,0.381413731733099,2021-05-31,3
UMass-MechBayes,FR,Deaths,0.38091846665505,2021-05-31,3
UMass-MechBayes,GB,Deaths,0.35624897539998,2021-05-31,3
UMass-MechBayes,PL,Deaths,0.394082882465988,2021-05-31,3
UMass-SemiMech,FR,Cases,0.336731904229439,2021-05-31,3
epiforecasts-EpiExpert,DE,Deaths,0.300690364774752,2021-05-31,3
epiforecasts-EpiExpert,GB,Cases,0.310227885166378,2021-05-31,3
epiforecasts-EpiExpert_Rt,DE,Cases,0.334280914090357,2021-05-31,3
epiforecasts-EpiExpert_Rt,GB,Deaths,0.298841628628209,2021-05-31,3
epiforecasts-EpiExpert_direct,GB,Cases,0.31190900720762,2021-05-31,3
epiforecasts-EpiNow2,CZ,Cases,0.362003169694033,2021-05-31,3
epiforecasts-EpiNow2,GB,Deaths,0.344909395971811,2021-05-31,3
epiforecasts-EpiNow2,PL,Cases,0.328756044995318,2021-05-31,3
itwm-dSEIR,DE,Cases,0.315146541324473,2021-05-31,3
itwm-dSEIR,DE,Deaths,0.368579787960683,2021-05-31,3
HZI-AgeExtendedSEIR,DE,Deaths,0.35418012069035,2021-06-07,3
IEM_Health-CovidProject,GB,Cases,0.338828584748602,2021-06-07,3
ILM-EKF,CZ,Cases,0.314323365377805,2021-06-07,3
ILM-EKF,FR,Cases,0.375542387817361,2021-06-07,3
ILM-EKF,FR,Deaths,0.319781348710083,2021-06-07,3
ILM-EKF,PL,Cases,0.362663469460725,2021-06-07,3
ILM-EKF,PL,Deaths,0.330967809293378,2021-06-07,3
MIT_CovidAnalytics-DELPHI,DE,Cases,0.347468492309745,2021-06-07,3
MOCOS-agent1,PL,Cases,0.315797819669484,2021-06-07,3
MOCOS-agent1,PL,Deaths,0.368052938158407,2021-06-07,3
MUNI-ARIMA,FR,Deaths,0.334293279088988,2021-06-07,3
MUNI-ARIMA,GB,Cases,0.408574674971489,2021-06-07,3
MUNI_DMS-SEIAR,CZ,Cases,0.337606489136356,2021-06-07,3
MUNI_DMS-SEIAR,CZ,Deaths,0.27981330190469,2021-06-07,3
RobertWalraven-ESG,CZ,Deaths,0.378370632720664,2021-06-07,3
RobertWalraven-ESG,FR,Cases,0.254977289290009,2021-06-07,3
UMass-MechBayes,CZ,Deaths,0.341816065374645,2021-06-07,3
UMass-MechBayes,FR,Deaths,0.345925372200928,2021-06-07,3
UMass-MechBayes,GB,Deaths,0.348818804346062,2021-06-07,3
UMass-MechBayes,PL,Deaths,0.300979252548215,2021-06-07,3
UNIPV-BayesINGARCHX,FR,Cases,0.36948032289263,2021-06-07,3
epiforecasts-EpiExpert_Rt,DE,Cases,0.26548605018859,2021-06-07,3
epiforecasts-EpiExpert_Rt,DE,Deaths,0.274145621479937,2021-06-07,3
epiforecasts-EpiExpert_Rt,GB,Cases,0.252596740279909,2021-06-07,3
epiforecasts-EpiExpert_Rt,GB,Deaths,0.296508957905495,2021-06-07,3
epiforecasts-EpiNow2,CZ,Cases,0.348070145485839,2021-06-07,3
epiforecasts-EpiNow2,GB,Deaths,0.354672237748443,2021-06-07,3
epiforecasts-EpiNow2,PL,Cases,0.321538710869791,2021-06-07,3
itwm-dSEIR,DE,Cases,0.387045457501665,2021-06-07,3
itwm-dSEIR,DE,Deaths,0.371674257829713,2021-06-07,3
HZI-AgeExtendedSEIR,DE,Deaths,0.28553401382291,2021-06-14,3
ILM-EKF,CZ,Cases,0.298380859638803,2021-06-14,3
ILM-EKF,FR,Deaths,0.34532195994637,2021-06-14,3
ILM-EKF,PL,Cases,0.268043758788199,2021-06-14,3
ILM-EKF,PL,Deaths,0.377605897148413,2021-06-14,3
Karlen-pypm,DE,Deaths,0.343814127088102,2021-06-14,3
MOCOS-agent1,PL,Deaths,0.339053769789101,2021-06-14,3
MUNI-ARIMA,CZ,Deaths,0.298486194246104,2021-06-14,3
MUNI-ARIMA,GB,Cases,0.443267845069621,2021-06-14,3
MUNI_DMS-SEIAR,CZ,Cases,0.426858756705223,2021-06-14,3
MUNI_DMS-SEIAR,CZ,Deaths,0.358977238457288,2021-06-14,3
RobertWalraven-ESG,DE,Cases,0.342709240655064,2021-06-14,3
RobertWalraven-ESG,FR,Cases,0.313393299234868,2021-06-14,3
RobertWalraven-ESG,FR,Deaths,0.303874784358426,2021-06-14,3
UMass-MechBayes,CZ,Deaths,0.342536567296608,2021-06-14,3
UMass-MechBayes,FR,Deaths,0.350803255695203,2021-06-14,3
UMass-MechBayes,PL,Deaths,0.283340333062486,2021-06-14,3
UMass-SemiMech,GB,Deaths,0.351441976550931,2021-06-14,3
UNIPV-BayesINGARCHX,DE,Cases,0.287200825315056,2021-06-14,3
UNIPV-BayesINGARCHX,FR,Cases,0.362679669071006,2021-06-14,3
epiforecasts-EpiExpert,DE,Deaths,0.370651859088988,2021-06-14,3
epiforecasts-EpiExpert,GB,Cases,0.308826430137833,2021-06-14,3
epiforecasts-EpiExpert_Rt,GB,Cases,0.247905724792546,2021-06-14,3
epiforecasts-EpiExpert_Rt,GB,Deaths,0.299353570241243,2021-06-14,3
epiforecasts-EpiExpert_Rt,PL,Cases,0.294170562071975,2021-06-14,3
epiforecasts-EpiNow2,CZ,Cases,0.274760383655974,2021-06-14,3
epiforecasts-EpiNow2,FR,Cases,0.323927031694127,2021-06-14,3
epiforecasts-EpiNow2,GB,Deaths,0.349204453207826,2021-06-14,3
epiforecasts-EpiNow2,PL,Cases,0.437785679139825,2021-06-14,3
itwm-dSEIR,DE,Cases,0.370089934029879,2021-06-14,3
FIAS_FZJ-Epi1Ger,DE,Deaths,0.26369280933664,2021-06-21,3
IEM_Health-CovidProject,CZ,Deaths,0.346569787215304,2021-06-21,3
IEM_Health-CovidProject,FR,Cases,0.19307834768382,2021-06-21,3
IEM_Health-CovidProject,FR,Deaths,0.435208595672168,2021-06-21,3
ILM-EKF,CZ,Cases,0.351712232373468,2021-06-21,3
ILM-EKF,CZ,Deaths,0.326901891269199,2021-06-21,3
ILM-EKF,DE,Deaths,0.231830246756418,2021-06-21,3
ILM-EKF,FR,Deaths,0.285973710500995,2021-06-21,3
ILM-EKF,PL,Cases,0.26959802833398,2021-06-21,3
ILM-EKF,PL,Deaths,0.355524134170937,2021-06-21,3
Karlen-pypm,DE,Deaths,0.504476943906942,2021-06-21,3
MOCOS-agent1,PL,Deaths,0.309420694477048,2021-06-21,3
MUNI-ARIMA,GB,Cases,0.383055544959259,2021-06-21,3
MUNI_DMS-SEIAR,CZ,Cases,0.374907174159171,2021-06-21,3
PL_GRedlarski-DistrictsSum,PL,Cases,0.358426444242215,2021-06-21,3
RobertWalraven-ESG,DE,Cases,0.298324685961888,2021-06-21,3
RobertWalraven-ESG,FR,Deaths,0.278817693826837,2021-06-21,3
UMass-MechBayes,GB,Deaths,0.293278300241889,2021-06-21,3
UMass-MechBayes,PL,Deaths,0.335055171352015,2021-06-21,3
UMass-SemiMech,CZ,Deaths,0.326528321515497,2021-06-21,3
UNIPV-BayesINGARCHX,DE,Cases,0.318352155319118,2021-06-21,3
UNIPV-BayesINGARCHX,FR,Cases,0.487659466383295,2021-06-21,3
epiforecasts-EpiExpert,GB,Cases,0.295970283625368,2021-06-21,3
epiforecasts-EpiExpert_Rt,GB,Cases,0.320974171415373,2021-06-21,3
epiforecasts-EpiExpert_Rt,GB,Deaths,0.383469871233922,2021-06-21,3
epiforecasts-EpiExpert_Rt,PL,Cases,0.371975527423804,2021-06-21,3
epiforecasts-EpiNow2,CZ,Cases,0.273380593467361,2021-06-21,3
epiforecasts-EpiNow2,FR,Cases,0.319262185932885,2021-06-21,3
epiforecasts-EpiNow2,GB,Deaths,0.323251828524189,2021-06-21,3
itwm-dSEIR,DE,Cases,0.383323158718994,2021-06-21,3
HZI-AgeExtendedSEIR,DE,Deaths,0.309807664837103,2021-06-28,3
IEM_Health-CovidProject,CZ,Cases,0.30696559434297,2021-06-28,3
IEM_Health-CovidProject,FR,Deaths,0.365547017758586,2021-06-28,3
IEM_Health-CovidProject,PL,Cases,0.348159577125218,2021-06-28,3
ILM-EKF,CZ,Cases,0.398086027287702,2021-06-28,3
ILM-EKF,CZ,Deaths,0.356149098675292,2021-06-28,3
ILM-EKF,DE,Cases,0.372041398251029,2021-06-28,3
ILM-EKF,FR,Cases,0.2011897488457,2021-06-28,3
ILM-EKF,FR,Deaths,0.364647628998408,2021-06-28,3
ILM-EKF,GB,Cases,0.33538382050155,2021-06-28,3
ILM-EKF,PL,Cases,0.328695508685501,2021-06-28,3
MOCOS-agent1,PL,Cases,0.323144914189281,2021-06-28,3
MOCOS-agent1,PL,Deaths,0.303420107864688,2021-06-28,3
RobertWalraven-ESG,FR,Deaths,0.269805353243006,2021-06-28,3
UMass-MechBayes,PL,Deaths,0.361504106758956,2021-06-28,3
UMass-SemiMech,CZ,Deaths,0.344161687170014,2021-06-28,3
UMass-SemiMech,PL,Deaths,0.335075785376357,2021-06-28,3
UNIPV-BayesINGARCHX,FR,Cases,0.511521466157932,2021-06-28,3
epiforecasts-EpiExpert,DE,Deaths,0.325712085827632,2021-06-28,3
epiforecasts-EpiExpert,GB,Cases,0.321185976160186,2021-06-28,3
epiforecasts-EpiExpert,GB,Deaths,0.381296024799897,2021-06-28,3
epiforecasts-EpiExpert_Rt,DE,Cases,0.312344448082681,2021-06-28,3
epiforecasts-EpiExpert_Rt,GB,Deaths,0.288085498437578,2021-06-28,3
epiforecasts-EpiExpert_direct,DE,Deaths,0.364480249335265,2021-06-28,3
epiforecasts-EpiExpert_direct,GB,Cases,0.343430203338264,2021-06-28,3
epiforecasts-EpiNow2,CZ,Cases,0.294948378369327,2021-06-28,3
epiforecasts-EpiNow2,CZ,Deaths,0.299689214154694,2021-06-28,3
epiforecasts-EpiNow2,DE,Cases,0.31561415366629,2021-06-28,3
epiforecasts-EpiNow2,FR,Cases,0.287288784996367,2021-06-28,3
epiforecasts-EpiNow2,GB,Deaths,0.330618476762524,2021-06-28,3
HZI-AgeExtendedSEIR,DE,Deaths,0.319088727688586,2021-07-05,3
IEM_Health-CovidProject,CZ,Cases,0.354688027032298,2021-07-05,3
IEM_Health-CovidProject,FR,Cases,0.228773766168646,2021-07-05,3
IEM_Health-CovidProject,FR,Deaths,0.352977049867743,2021-07-05,3
IEM_Health-CovidProject,PL,Cases,0.346328000363817,2021-07-05,3
ILM-EKF,CZ,Cases,0.33411215559371,2021-07-05,3
ILM-EKF,CZ,Deaths,0.319558903915754,2021-07-05,3
ILM-EKF,DE,Cases,0.329568118742948,2021-07-05,3
ILM-EKF,FR,Cases,0.339190231131543,2021-07-05,3
ILM-EKF,FR,Deaths,0.393167827341228,2021-07-05,3
ILM-EKF,GB,Cases,0.363177394636645,2021-07-05,3
ILM-EKF,PL,Cases,0.305638124580029,2021-07-05,3
MIMUW-StochSEIR,PL,Deaths,0.375659794856305,2021-07-05,3
RobertWalraven-ESG,FR,Deaths,0.25385512279103,2021-07-05,3
UMass-MechBayes,CZ,Deaths,0.317383541886204,2021-07-05,3
UMass-MechBayes,PL,Deaths,0.339070416376519,2021-07-05,3
UMass-SemiMech,PL,Deaths,0.285269788767176,2021-07-05,3
epiforecasts-EpiExpert,DE,Deaths,0.353081405712308,2021-07-05,3
epiforecasts-EpiExpert,GB,Deaths,0.405687013444924,2021-07-05,3
epiforecasts-EpiExpert_Rt,GB,Cases,0.351789067992364,2021-07-05,3
epiforecasts-EpiExpert_Rt,GB,Deaths,0.270128120660154,2021-07-05,3
epiforecasts-EpiExpert_Rt,PL,Cases,0.348033875056154,2021-07-05,3
epiforecasts-EpiExpert_direct,DE,Deaths,0.327829866599106,2021-07-05,3
epiforecasts-EpiNow2,CZ,Cases,0.311199817373993,2021-07-05,3
epiforecasts-EpiNow2,CZ,Deaths,0.363057554198043,2021-07-05,3
epiforecasts-EpiNow2,DE,Cases,0.367117495043489,2021-07-05,3
epiforecasts-EpiNow2,FR,Cases,0.432036002699812,2021-07-05,3
epiforecasts-EpiNow2,GB,Cases,0.285033537370991,2021-07-05,3
epiforecasts-EpiNow2,GB,Deaths,0.324184865894922,2021-07-05,3
itwm-dSEIR,DE,Cases,0.303314386213563,2021-07-05,3
IEM_Health-CovidProject,CZ,Cases,0.393545708347642,2021-07-12,3
IEM_Health-CovidProject,FR,Cases,0.303093571163087,2021-07-12,3
IEM_Health-CovidProject,FR,Deaths,0.321540862195622,2021-07-12,3
IEM_Health-CovidProject,PL,Cases,0.325296426138533,2021-07-12,3
ILM-EKF,CZ,Cases,0.305296285691825,2021-07-12,3
ILM-EKF,CZ,Deaths,0.298411015011306,2021-07-12,3
ILM-EKF,DE,Deaths,0.341007157993785,2021-07-12,3
ILM-EKF,FR,Deaths,0.377550362216683,2021-07-12,3
ILM-EKF,GB,Cases,0.325356768645449,2021-07-12,3
Karlen-pypm,DE,Cases,0.338146406237936,2021-07-12,3
MIMUW-StochSEIR,PL,Deaths,0.34099818778439,2021-07-12,3
MOCOS-agent1,PL,Deaths,0.302452234461658,2021-07-12,3
MUNI-ARIMA,FR,Cases,0.407944866415339,2021-07-12,3
RobertWalraven-ESG,DE,Deaths,0.340890957848855,2021-07-12,3
UMass-MechBayes,CZ,Deaths,0.32390921688183,2021-07-12,3
UMass-MechBayes,DE,Deaths,0.31810188415736,2021-07-12,3
UMass-MechBayes,GB,Deaths,0.295575706516788,2021-07-12,3
UMass-MechBayes,PL,Deaths,0.356549577753952,2021-07-12,3
epiforecasts-EpiExpert_Rt,DE,Cases,0.33041910978527,2021-07-12,3
epiforecasts-EpiExpert_Rt,GB,Cases,0.32709816306145,2021-07-12,3
epiforecasts-EpiExpert_Rt,GB,Deaths,0.40758786020041,2021-07-12,3
epiforecasts-EpiExpert_Rt,PL,Cases,0.318052769496569,2021-07-12,3
epiforecasts-EpiNow2,CZ,Cases,0.301158005960533,2021-07-12,3
epiforecasts-EpiNow2,CZ,Deaths,0.377679768106864,2021-07-12,3
epiforecasts-EpiNow2,FR,Cases,0.288961562421574,2021-07-12,3
epiforecasts-EpiNow2,FR,Deaths,0.300908775587695,2021-07-12,3
epiforecasts-EpiNow2,GB,Cases,0.347545068293101,2021-07-12,3
epiforecasts-EpiNow2,GB,Deaths,0.296836433282802,2021-07-12,3
epiforecasts-EpiNow2,PL,Cases,0.356650804364898,2021-07-12,3
itwm-dSEIR,DE,Cases,0.331434483976794,2021-07-12,3
IEM_Health-CovidProject,CZ,Cases,0.321220338627429,2021-07-19,3
IEM_Health-CovidProject,FR,Cases,0.264175728347917,2021-07-19,3
IEM_Health-CovidProject,FR,Deaths,0.38809215824618,2021-07-19,3
IEM_Health-CovidProject,PL,Cases,0.317233886723749,2021-07-19,3
ILM-EKF,CZ,Deaths,0.327712079423474,2021-07-19,3
ILM-EKF,FR,Deaths,0.324606396401736,2021-07-19,3
ILM-EKF,GB,Cases,0.327730937543215,2021-07-19,3
ITWW-county_repro,DE,Cases,0.446746847201746,2021-07-19,3
ITWW-county_repro,DE,Deaths,0.32564339591809,2021-07-19,3
ITWW-county_repro,PL,Cases,0.29547333157295,2021-07-19,3
ITWW-county_repro,PL,Deaths,0.341071904716796,2021-07-19,3
MUNI-ARIMA,CZ,Cases,0.299657774246572,2021-07-19,3
MUNI-ARIMA,FR,Cases,0.489820444753009,2021-07-19,3
RobertWalraven-ESG,CZ,Cases,0.379121887125999,2021-07-19,3
RobertWalraven-ESG,DE,Deaths,0.326269560619687,2021-07-19,3
UMass-MechBayes,CZ,Deaths,0.355103572545442,2021-07-19,3
UMass-MechBayes,DE,Deaths,0.348087043462223,2021-07-19,3
UMass-MechBayes,GB,Deaths,0.282916575133583,2021-07-19,3
UMass-MechBayes,PL,Deaths,0.299707780858499,2021-07-19,3
epiforecasts-EpiExpert,DE,Cases,0.270773136692824,2021-07-19,3
epiforecasts-EpiExpert,PL,Cases,0.387292781703302,2021-07-19,3
epiforecasts-EpiExpert,PL,Deaths,0.359220314424705,2021-07-19,3
epiforecasts-EpiExpert_Rt,GB,Cases,0.303299166508029,2021-07-19,3
epiforecasts-EpiExpert_Rt,GB,Deaths,0.397298708789407,2021-07-19,3
epiforecasts-EpiExpert_direct,DE,Cases,0.282480016105431,2021-07-19,3
epiforecasts-EpiNow2,CZ,Deaths,0.317184348031084,2021-07-19,3
epiforecasts-EpiNow2,FR,Cases,0.246003826899074,2021-07-19,3
epiforecasts-EpiNow2,FR,Deaths,0.287301445352084,2021-07-19,3
epiforecasts-EpiNow2,GB,Cases,0.368969895948756,2021-07-19,3
epiforecasts-EpiNow2,GB,Deaths,0.31978471607701,2021-07-19,3
IEM_Health-CovidProject,CZ,Cases,0.291665160097297,2021-07-26,3
IEM_Health-CovidProject,FR,Deaths,0.409361145930258,2021-07-26,3
IEM_Health-CovidProject,GB,Cases,0.353067452448414,2021-07-26,3
ILM-EKF,CZ,Deaths,0.33849558516442,2021-07-26,3
ILM-EKF,FR,Cases,0.267473524028969,2021-07-26,3
ITWW-county_repro,DE,Cases,0.397903261222793,2021-07-26,3
ITWW-county_repro,DE,Deaths,0.258075406440874,2021-07-26,3
ITWW-county_repro,PL,Cases,0.435827817842049,2021-07-26,3
MOCOS-agent1,PL,Deaths,0.29119555854513,2021-07-26,3
MUNI-ARIMA,FR,Cases,0.443951192981448,2021-07-26,3
MUNI-ARIMA,GB,Cases,0.314451085833031,2021-07-26,3
MUNI_DMS-SEIAR,CZ,Cases,0.347012655726016,2021-07-26,3
PL_GRedlarski-DistrictsSum,PL,Cases,0.259638346664262,2021-07-26,3
RobertWalraven-ESG,CZ,Cases,0.361322184176688,2021-07-26,3
RobertWalraven-ESG,FR,Deaths,0.249923601257453,2021-07-26,3
UMass-MechBayes,CZ,Deaths,0.337143304831767,2021-07-26,3
UMass-MechBayes,FR,Deaths,0.34071525281229,2021-07-26,3
UMass-MechBayes,GB,Deaths,0.284831212395129,2021-07-26,3
UMass-MechBayes,PL,Deaths,0.38641900201803,2021-07-26,3
epiforecasts-EpiExpert,DE,Cases,0.291623706398674,2021-07-26,3
epiforecasts-EpiExpert,DE,Deaths,0.425210358415839,2021-07-26,3
epiforecasts-EpiExpert,PL,Cases,0.304533835493689,2021-07-26,3
epiforecasts-EpiExpert,PL,Deaths,0.32238543943684,2021-07-26,3
epiforecasts-EpiExpert_Rt,GB,Deaths,0.37025544910207,2021-07-26,3
epiforecasts-EpiExpert_direct,DE,Deaths,0.316714235143287,2021-07-26,3
epiforecasts-EpiExpert_direct,GB,Cases,0.332481461718555,2021-07-26,3
epiforecasts-EpiNow2,CZ,Deaths,0.324361110003814,2021-07-26,3
epiforecasts-EpiNow2,FR,Cases,0.288575282989583,2021-07-26,3
epiforecasts-EpiNow2,GB,Deaths,0.344913338502801,2021-07-26,3
itwm-dSEIR,DE,Cases,0.310473032378533,2021-07-26,3
IEM_Health-CovidProject,CZ,Cases,0.35692055438056,2021-08-02,3
IEM_Health-CovidProject,FR,Deaths,0.304993746726889,2021-08-02,3
IEM_Health-CovidProject,GB,Cases,0.256942793396261,2021-08-02,3
ILM-EKF,CZ,Cases,0.255867365451413,2021-08-02,3
ILM-EKF,CZ,Deaths,0.310999926393064,2021-08-02,3
ILM-EKF,FR,Cases,0.276050859611131,2021-08-02,3
ILM-EKF,PL,Deaths,0.253654056969823,2021-08-02,3
ITWW-county_repro,DE,Cases,0.304950025493383,2021-08-02,3
ITWW-county_repro,DE,Deaths,0.334128963228942,2021-08-02,3
ITWW-county_repro,PL,Cases,0.338533300524963,2021-08-02,3
Karlen-pypm,CZ,Deaths,0.327106791566003,2021-08-02,3
MOCOS-agent1,PL,Deaths,0.313495762829864,2021-08-02,3
MUNI-ARIMA,FR,Cases,0.449237605392694,2021-08-02,3
MUNI-ARIMA,GB,Cases,0.408310877258759,2021-08-02,3
RobertWalraven-ESG,CZ,Cases,0.387212080168028,2021-08-02,3
RobertWalraven-ESG,FR,Deaths,0.284194997498991,2021-08-02,3
RobertWalraven-ESG,GB,Cases,0.33474632934498,2021-08-02,3
UMass-MechBayes,CZ,Deaths,0.361893282040932,2021-08-02,3
UMass-MechBayes,FR,Deaths,0.41081125577412,2021-08-02,3
UMass-MechBayes,GB,Deaths,0.332334865050211,2021-08-02,3
UMass-MechBayes,PL,Deaths,0.432850180200313,2021-08-02,3
epiforecasts-EpiExpert,DE,Cases,0.319458580919805,2021-08-02,3
epiforecasts-EpiExpert,DE,Deaths,0.350926755667207,2021-08-02,3
epiforecasts-EpiExpert,PL,Cases,0.296625304999158,2021-08-02,3
epiforecasts-EpiExpert_Rt,DE,Cases,0.375591393586812,2021-08-02,3
epiforecasts-EpiExpert_Rt,GB,Deaths,0.320152721496382,2021-08-02,3
epiforecasts-EpiExpert_Rt,PL,Cases,0.364841394475879,2021-08-02,3
epiforecasts-EpiExpert_direct,DE,Deaths,0.314944281103851,2021-08-02,3
epiforecasts-EpiNow2,FR,Cases,0.274711534996175,2021-08-02,3
epiforecasts-EpiNow2,GB,Deaths,0.347512413453407,2021-08-02,3
IEM_Health-CovidProject,CZ,Cases,0.422779432857584,2021-08-09,3
IEM_Health-CovidProject,DE,Deaths,0.344635556461469,2021-08-09,3
IEM_Health-CovidProject,FR,Cases,0.286755527339309,2021-08-09,3
IEM_Health-CovidProject,FR,Deaths,0.313709567277152,2021-08-09,3
ILM-EKF,CZ,Cases,0.222931894772868,2021-08-09,3
ITWW-county_repro,PL,Cases,0.360704506320443,2021-08-09,3
Karlen-pypm,GB,Cases,0.221372384627356,2021-08-09,3
Karlen-pypm,PL,Deaths,0.264183840849188,2021-08-09,3
MOCOS-agent1,PL,Deaths,0.334089877770902,2021-08-09,3
MUNI-ARIMA,FR,Cases,0.470981373237341,2021-08-09,3
MUNI-ARIMA,GB,Cases,0.316909353596832,2021-08-09,3
MUNI_DMS-SEIAR,CZ,Deaths,0.350008359873457,2021-08-09,3
RobertWalraven-ESG,CZ,Cases,0.354288672369547,2021-08-09,3
RobertWalraven-ESG,CZ,Deaths,0.34886470097016,2021-08-09,3
RobertWalraven-ESG,DE,Deaths,0.331251605367398,2021-08-09,3
RobertWalraven-ESG,FR,Cases,0.242263099423349,2021-08-09,3
RobertWalraven-ESG,FR,Deaths,0.377299422452384,2021-08-09,3
RobertWalraven-ESG,GB,Cases,0.461718261775812,2021-08-09,3
UMass-MechBayes,CZ,Deaths,0.301126939156383,2021-08-09,3
UMass-MechBayes,DE,Deaths,0.324112838171132,2021-08-09,3
UMass-MechBayes,FR,Deaths,0.308991010270465,2021-08-09,3
UMass-MechBayes,PL,Deaths,0.401726281379909,2021-08-09,3
epiforecasts-EpiExpert,DE,Cases,0.327256840081158,2021-08-09,3
epiforecasts-EpiExpert,GB,Deaths,0.363590548771631,2021-08-09,3
epiforecasts-EpiExpert,PL,Cases,0.280721001354683,2021-08-09,3
epiforecasts-EpiExpert_Rt,PL,Cases,0.358574492324874,2021-08-09,3
epiforecasts-EpiExpert_direct,DE,Cases,0.341727467672876,2021-08-09,3
epiforecasts-EpiExpert_direct,GB,Deaths,0.315859392049622,2021-08-09,3
epiforecasts-EpiNow2,GB,Deaths,0.320550059178747,2021-08-09,3
itwm-dSEIR,DE,Cases,0.331015692245965,2021-08-09,3
FIAS_FZJ-Epi1Ger,DE,Cases,0.349958770575228,2021-08-16,3
HZI-AgeExtendedSEIR,DE,Deaths,0.284665751040011,2021-08-16,3
IEM_Health-CovidProject,CZ,Cases,0.380859665393018,2021-08-16,3
IEM_Health-CovidProject,FR,Cases,0.303774992870579,2021-08-16,3
IEM_Health-CovidProject,FR,Deaths,0.301633724878485,2021-08-16,3
IEM_Health-CovidProject,GB,Cases,0.252780193761782,2021-08-16,3
IEM_Health-CovidProject,GB,Deaths,0.318019100110405,2021-08-16,3
ILM-EKF,PL,Deaths,0.258555274463864,2021-08-16,3
ITWW-county_repro,PL,Cases,0.32482950030209,2021-08-16,3
Karlen-pypm,PL,Cases,0.37016668280345,2021-08-16,3
MIT_CovidAnalytics-DELPHI,DE,Deaths,0.330128076273128,2021-08-16,3
MIT_CovidAnalytics-DELPHI,PL,Deaths,0.353982259137794,2021-08-16,3
MOCOS-agent1,PL,Cases,0.30500381689446,2021-08-16,3
MOCOS-agent1,PL,Deaths,0.387462466398342,2021-08-16,3
MUNI-ARIMA,DE,Cases,0.257638276580909,2021-08-16,3
MUNI-ARIMA,FR,Cases,0.415793225601062,2021-08-16,3
MUNI-ARIMA,FR,Deaths,0.302553107905836,2021-08-16,3
MUNI-ARIMA,GB,Cases,0.282468590638947,2021-08-16,3
MUNI_DMS-SEIAR,CZ,Deaths,0.34516411052402,2021-08-16,3
RobertWalraven-ESG,CZ,Cases,0.324645089581302,2021-08-16,3
RobertWalraven-ESG,CZ,Deaths,0.34348216597499,2021-08-16,3
RobertWalraven-ESG,DE,Deaths,0.385206172686861,2021-08-16,3
RobertWalraven-ESG,FR,Cases,0.280431781528359,2021-08-16,3
RobertWalraven-ESG,FR,Deaths,0.395813167215678,2021-08-16,3
RobertWalraven-ESG,GB,Cases,0.464751215599272,2021-08-16,3
epiforecasts-EpiExpert,GB,Deaths,0.303627339977166,2021-08-16,3
epiforecasts-EpiExpert_direct,GB,Deaths,0.378353559912429,2021-08-16,3
epiforecasts-EpiNow2,CZ,Cases,0.294495245025681,2021-08-16,3
epiforecasts-EpiNow2,CZ,Deaths,0.31135372350099,2021-08-16,3
itwm-dSEIR,DE,Cases,0.392402952843863,2021-08-16,3
FIAS_FZJ-Epi1Ger,DE,Cases,0.321225317465668,2021-08-23,3
HZI-AgeExtendedSEIR,DE,Deaths,0.273944039179472,2021-08-23,3
IEM_Health-CovidProject,CZ,Cases,0.524003837086523,2021-08-23,3
IEM_Health-CovidProject,FR,Cases,0.131207724897889,2021-08-23,3
IEM_Health-CovidProject,FR,Deaths,0.288535304969173,2021-08-23,3
IEM_Health-CovidProject,GB,Deaths,0.25598634630566,2021-08-23,3
IEM_Health-CovidProject,PL,Cases,0.295461675866746,2021-08-23,3
IEM_Health-CovidProject,PL,Deaths,0.421132981426133,2021-08-23,3
ITWW-county_repro,DE,Cases,0.309258942652613,2021-08-23,3
Karlen-pypm,CZ,Cases,0.26374972149365,2021-08-23,3
Karlen-pypm,CZ,Deaths,0.30533080823268,2021-08-23,3
Karlen-pypm,PL,Cases,0.39598230368556,2021-08-23,3
Karlen-pypm,PL,Deaths,0.210561171228155,2021-08-23,3
MIT_CovidAnalytics-DELPHI,DE,Deaths,0.351576074245182,2021-08-23,3
MOCOS-agent1,PL,Deaths,0.368305847345712,2021-08-23,3
MUNI-ARIMA,FR,Cases,0.35469113724804,2021-08-23,3
MUNI-ARIMA,FR,Deaths,0.323685756663015,2021-08-23,3
MUNI-ARIMA,GB,Cases,0.415255686069316,2021-08-23,3
MUNI_DMS-SEIAR,CZ,Deaths,0.386789654603902,2021-08-23,3
RobertWalraven-ESG,CZ,Cases,0.212246441419826,2021-08-23,3
RobertWalraven-ESG,DE,Deaths,0.374479886575346,2021-08-23,3
RobertWalraven-ESG,FR,Cases,0.514101137854071,2021-08-23,3
RobertWalraven-ESG,FR,Deaths,0.387778938367812,2021-08-23,3
RobertWalraven-ESG,GB,Deaths,0.4428729443885,2021-08-23,3
epiforecasts-EpiExpert,GB,Cases,0.284397408607493,2021-08-23,3
epiforecasts-EpiExpert,PL,Cases,0.308556020447694,2021-08-23,3
epiforecasts-EpiExpert_direct,DE,Cases,0.369515739881719,2021-08-23,3
epiforecasts-EpiExpert_direct,GB,Cases,0.300346905323191,2021-08-23,3
epiforecasts-EpiExpert_direct,GB,Deaths,0.30114070930584,2021-08-23,3
epiforecasts-EpiNow2,CZ,Deaths,0.307879537163418,2021-08-23,3
HZI-AgeExtendedSEIR,DE,Cases,0.331948783971549,2021-08-30,3
IEM_Health-CovidProject,CZ,Cases,0.45880869136979,2021-08-30,3
IEM_Health-CovidProject,GB,Deaths,0.403445607863884,2021-08-30,3
IEM_Health-CovidProject,PL,Cases,0.358321013893306,2021-08-30,3
IEM_Health-CovidProject,PL,Deaths,0.415926161079089,2021-08-30,3
ILM-EKF,CZ,Cases,0.206214983172714,2021-08-30,3
Karlen-pypm,CZ,Deaths,0.307108300659669,2021-08-30,3
Karlen-pypm,FR,Cases,0.440995782721718,2021-08-30,3
Karlen-pypm,FR,Deaths,0.412363000246517,2021-08-30,3
Karlen-pypm,PL,Cases,0.336300702543931,2021-08-30,3
MIT_CovidAnalytics-DELPHI,DE,Deaths,0.314684754282847,2021-08-30,3
MIT_CovidAnalytics-DELPHI,PL,Deaths,0.296357447899472,2021-08-30,3
MOCOS-agent1,PL,Deaths,0.28771639102144,2021-08-30,3
MUNI-ARIMA,FR,Cases,0.258200148550477,2021-08-30,3
MUNI-ARIMA,FR,Deaths,0.212482161477894,2021-08-30,3
MUNI-ARIMA,GB,Cases,0.33958559637192,2021-08-30,3
MUNI-ARIMA,GB,Deaths,0.304302870807007,2021-08-30,3
MUNI_DMS-SEIAR,CZ,Cases,0.334976325457496,2021-08-30,3
MUNI_DMS-SEIAR,CZ,Deaths,0.33810213821355,2021-08-30,3
PL_GRedlarski-DistrictsSum,PL,Cases,0.305378283562763,2021-08-30,3
RobertWalraven-ESG,DE,Deaths,0.365853089852173,2021-08-30,3
RobertWalraven-ESG,FR,Cases,0.300804068727806,2021-08-30,3
RobertWalraven-ESG,FR,Deaths,0.375154838275589,2021-08-30,3
RobertWalraven-ESG,GB,Deaths,0.292251521329109,2021-08-30,3
epiforecasts-EpiExpert,DE,Cases,0.30671426383365,2021-08-30,3
epiforecasts-EpiExpert,GB,Cases,0.323913741514879,2021-08-30,3
epiforecasts-EpiExpert_direct,DE,Cases,0.361336952194801,2021-08-30,3
epiforecasts-EpiExpert_direct,DE,Deaths,0.31946215586498,2021-08-30,3
epiforecasts-EpiExpert_direct,GB,Cases,0.336500662113201,2021-08-30,3
epiforecasts-EpiNow2,CZ,Deaths,0.354789561126782,2021-08-30,3
HZI-AgeExtendedSEIR,DE,Deaths,0.349965327085503,2021-09-06,3
IEM_Health-CovidProject,CZ,Cases,0.455442612089428,2021-09-06,3
IEM_Health-CovidProject,DE,Cases,0.293097640352985,2021-09-06,3
IEM_Health-CovidProject,GB,Cases,0.292312337444206,2021-09-06,3
IEM_Health-CovidProject,GB,Deaths,0.424736845034846,2021-09-06,3
IEM_Health-CovidProject,PL,Cases,0.353103965070855,2021-09-06,3
ILM-EKF,CZ,Cases,0.256538402147273,2021-09-06,3
ILM-EKF,CZ,Deaths,0.27955718903547,2021-09-06,3
ILM-EKF,FR,Cases,0.311038697251041,2021-09-06,3
ILM-EKF,FR,Deaths,0.240575783547523,2021-09-06,3
ITWW-county_repro,PL,Deaths,0.347616021337796,2021-09-06,3
Karlen-pypm,CZ,Deaths,0.361061945443389,2021-09-06,3
Karlen-pypm,FR,Cases,0.495525939336673,2021-09-06,3
Karlen-pypm,FR,Deaths,0.396740779025621,2021-09-06,3
Karlen-pypm,PL,Cases,0.374757365949282,2021-09-06,3
Karlen-pypm,PL,Deaths,0.353772489663979,2021-09-06,3
MOCOS-agent1,PL,Deaths,0.298611488998225,2021-09-06,3
MUNI-ARIMA,DE,Cases,0.371410117229736,2021-09-06,3
MUNI-ARIMA,DE,Deaths,0.293371418236707,2021-09-06,3
MUNI-ARIMA,FR,Cases,0.193435363412286,2021-09-06,3
MUNI-ARIMA,GB,Cases,0.291012907190981,2021-09-06,3
MUNI-ARIMA,GB,Deaths,0.312203237589198,2021-09-06,3
MUNI_DMS-SEIAR,CZ,Cases,0.288018985763299,2021-09-06,3
MUNI_DMS-SEIAR,CZ,Deaths,0.359380865521141,2021-09-06,3
PL_GRedlarski-DistrictsSum,PL,Cases,0.272138668979863,2021-09-06,3
RobertWalraven-ESG,DE,Deaths,0.35666325467779,2021-09-06,3
RobertWalraven-ESG,FR,Deaths,0.362683437426856,2021-09-06,3
UNIPV-BayesINGARCHX,DE,Cases,0.335492242417279,2021-09-06,3
epiforecasts-EpiExpert_direct,GB,Cases,0.416674755364813,2021-09-06,3
epiforecasts-EpiExpert_direct,GB,Deaths,0.263059917375957,2021-09-06,3
CovidMetrics-epiBATS,DE,Cases,0.286369441894597,2021-09-13,3
HZI-AgeExtendedSEIR,DE,Deaths,0.344351280687192,2021-09-13,3
IEM_Health-CovidProject,CZ,Cases,0.328931563463007,2021-09-13,3
IEM_Health-CovidProject,GB,Cases,0.421201379875685,2021-09-13,3
IEM_Health-CovidProject,GB,Deaths,0.38713914607058,2021-09-13,3
ILM-EKF,CZ,Cases,0.295113827184233,2021-09-13,3
ILM-EKF,FR,Cases,0.319363152711042,2021-09-13,3
ILM-EKF,FR,Deaths,0.224350214201062,2021-09-13,3
ITWW-county_repro,DE,Deaths,0.328095730948516,2021-09-13,3
ITWW-county_repro,PL,Cases,0.35472537903423,2021-09-13,3
ITWW-county_repro,PL,Deaths,0.334903881346022,2021-09-13,3
Karlen-pypm,CZ,Deaths,0.378238076738916,2021-09-13,3
Karlen-pypm,FR,Cases,0.516562110538063,2021-09-13,3
Karlen-pypm,FR,Deaths,0.34914690198746,2021-09-13,3
Karlen-pypm,GB,Cases,0.248160939175959,2021-09-13,3
Karlen-pypm,PL,Cases,0.341742019583494,2021-09-13,3
MOCOS-agent1,PL,Cases,0.303532601382276,2021-09-13,3
MOCOS-agent1,PL,Deaths,0.363781105390456,2021-09-13,3
MUNI-ARIMA,DE,Cases,0.319499312001449,2021-09-13,3
MUNI-ARIMA,GB,Deaths,0.393296376450457,2021-09-13,3
MUNI_DMS-SEIAR,CZ,Cases,0.37595460935276,2021-09-13,3
MUNI_DMS-SEIAR,CZ,Deaths,0.361023724497277,2021-09-13,3
RobertWalraven-ESG,DE,Deaths,0.327552988364292,2021-09-13,3
RobertWalraven-ESG,FR,Cases,0.164074736750895,2021-09-13,3
RobertWalraven-ESG,FR,Deaths,0.426502883811478,2021-09-13,3
UNIPV-BayesINGARCHX,DE,Cases,0.394131246103954,2021-09-13,3
epiforecasts-EpiExpert_direct,GB,Cases,0.330637680948356,2021-09-13,3
epiforecasts-EpiExpert_direct,GB,Deaths,0.219564477478963,2021-09-13,3
epiforecasts-EpiNow2,CZ,Deaths,0.260738198763807,2021-09-13,3
epiforecasts-EpiNow2,PL,Deaths,0.301315013263523,2021-09-13,3
CovidMetrics-epiBATS,DE,Cases,0.530261967362188,2021-09-20,3
HZI-AgeExtendedSEIR,DE,Deaths,0.375126358765314,2021-09-20,3
IEM_Health-CovidProject,GB,Deaths,0.364204217580423,2021-09-20,3
ILM-EKF,CZ,Cases,0.313644996565171,2021-09-20,3
ILM-EKF,FR,Cases,0.387791229048126,2021-09-20,3
ITWW-county_repro,PL,Cases,0.359065494167747,2021-09-20,3
ITWW-county_repro,PL,Deaths,0.31094841346715,2021-09-20,3
Karlen-pypm,CZ,Deaths,0.381227964937261,2021-09-20,3
Karlen-pypm,FR,Cases,0.417015858229654,2021-09-20,3
Karlen-pypm,FR,Deaths,0.382500368737396,2021-09-20,3
Karlen-pypm,GB,Cases,0.330955860414051,2021-09-20,3
Karlen-pypm,PL,Cases,0.314212968412251,2021-09-20,3
MIT_CovidAnalytics-DELPHI,DE,Cases,0.249182515379632,2021-09-20,3
MOCOS-agent1,PL,Cases,0.326721537420002,2021-09-20,3
MOCOS-agent1,PL,Deaths,0.384388847121741,2021-09-20,3
MUNI-ARIMA,GB,Cases,0.286218212158728,2021-09-20,3
MUNI-ARIMA,GB,Deaths,0.310781817172855,2021-09-20,3
MUNI_DMS-SEIAR,CZ,Cases,0.343522205639767,2021-09-20,3
RobertWalraven-ESG,CZ,Cases,0.342832797795063,2021-09-20,3
RobertWalraven-ESG,DE,Cases,0.22055551725818,2021-09-20,3
RobertWalraven-ESG,FR,Cases,0.195192912722219,2021-09-20,3
RobertWalraven-ESG,FR,Deaths,0.346875051171942,2021-09-20,3
RobertWalraven-ESG,GB,Cases,0.382825927427222,2021-09-20,3
UMass-MechBayes,CZ,Deaths,0.279311917328945,2021-09-20,3
UMass-MechBayes,DE,Deaths,0.304149637523572,2021-09-20,3
epiforecasts-EpiExpert_direct,DE,Deaths,0.320724003711114,2021-09-20,3
epiforecasts-EpiExpert_direct,GB,Deaths,0.325013965246722,2021-09-20,3
epiforecasts-EpiNow2,CZ,Deaths,0.339460117733794,2021-09-20,3
epiforecasts-EpiNow2,FR,Deaths,0.270624580090663,2021-09-20,3
epiforecasts-EpiNow2,PL,Deaths,0.304662739411109,2021-09-20,3
CovidMetrics-epiBATS,DE,Cases,0.419365352742405,2021-09-27,3
HZI-AgeExtendedSEIR,DE,Deaths,0.330402091824041,2021-09-27,3
IEM_Health-CovidProject,CZ,Cases,0.314165307901427,2021-09-27,3
IEM_Health-CovidProject,GB,Deaths,0.442874391213227,2021-09-27,3
ILM-EKF,CZ,Cases,0.319654077157833,2021-09-27,3
ILM-EKF,FR,Cases,0.338847421459991,2021-09-27,3
ILM-EKF,PL,Cases,0.317014321163144,2021-09-27,3
ITWW-county_repro,DE,Deaths,0.29343934369997,2021-09-27,3
ITWW-county_repro,PL,Cases,0.354072665310595,2021-09-27,3
ITWW-county_repro,PL,Deaths,0.35481896909042,2021-09-27,3
Karlen-pypm,CZ,Deaths,0.305681416419745,2021-09-27,3
Karlen-pypm,FR,Cases,0.518373155051631,2021-09-27,3
Karlen-pypm,FR,Deaths,0.394022720899328,2021-09-27,3
Karlen-pypm,GB,Cases,0.365914486917007,2021-09-27,3
Karlen-pypm,PL,Cases,0.328913013526261,2021-09-27,3
MIT_CovidAnalytics-DELPHI,DE,Cases,0.406818056088908,2021-09-27,3
MOCOS-agent1,PL,Deaths,0.33594960831434,2021-09-27,3
MUNI-ARIMA,GB,Cases,0.27846689221886,2021-09-27,3
MUNI-ARIMA,GB,Deaths,0.271366309981455,2021-09-27,3
RobertWalraven-ESG,CZ,Cases,0.36618061494074,2021-09-27,3
RobertWalraven-ESG,FR,Deaths,0.284208070187344,2021-09-27,3
RobertWalraven-ESG,GB,Cases,0.355618620864133,2021-09-27,3
RobertWalraven-ESG,GB,Deaths,0.285759298805318,2021-09-27,3
UMass-MechBayes,CZ,Deaths,0.301368593797104,2021-09-27,3
UMass-MechBayes,DE,Deaths,0.376158564475988,2021-09-27,3
epiforecasts-EpiNow2,CZ,Deaths,0.39294998978315,2021-09-27,3
epiforecasts-EpiNow2,FR,Cases,0.142779423488377,2021-09-27,3
epiforecasts-EpiNow2,FR,Deaths,0.321769208913328,2021-09-27,3
epiforecasts-EpiNow2,PL,Deaths,0.30923142259524,2021-09-27,3
itwm-dSEIR,DE,Cases,0.173816591168687,2021-09-27,3
CovidMetrics-epiBATS,DE,Cases,0.381386094811729,2021-10-04,3
HZI-AgeExtendedSEIR,DE,Deaths,0.340298561273072,2021-10-04,3
IEM_Health-CovidProject,CZ,Cases,0.40920125233233,2021-10-04,3
IEM_Health-CovidProject,GB,Deaths,0.237965266293233,2021-10-04,3
IEM_Health-CovidProject,PL,Cases,0.334351668181868,2021-10-04,3
ILM-EKF,CZ,Cases,0.323523075749038,2021-10-04,3
ILM-EKF,CZ,Deaths,0.289069611993387,2021-10-04,3
ILM-EKF,FR,Cases,0.407348682025004,2021-10-04,3
ILM-EKF,FR,Deaths,0.287582696184511,2021-10-04,3
ITWW-county_repro,PL,Cases,0.302056933836638,2021-10-04,3
ITWW-county_repro,PL,Deaths,0.488641099720661,2021-10-04,3
Karlen-pypm,CZ,Deaths,0.311260320798708,2021-10-04,3
Karlen-pypm,FR,Cases,0.398948062715967,2021-10-04,3
Karlen-pypm,FR,Deaths,0.401802944245647,2021-10-04,3
Karlen-pypm,GB,Cases,0.33571344113984,2021-10-04,3
Karlen-pypm,GB,Deaths,0.287699811324795,2021-10-04,3
Karlen-pypm,PL,Cases,0.363591397981495,2021-10-04,3
Karlen-pypm,PL,Deaths,0.24507497316389,2021-10-04,3
MIT_CovidAnalytics-DELPHI,DE,Cases,0.307109330605441,2021-10-04,3
MOCOS-agent1,PL,Deaths,0.266283927115449,2021-10-04,3
MUNI-ARIMA,GB,Cases,0.334761605968714,2021-10-04,3
RobertWalraven-ESG,CZ,Cases,0.267275671918632,2021-10-04,3
RobertWalraven-ESG,DE,Deaths,0.3298824799045,2021-10-04,3
RobertWalraven-ESG,FR,Cases,0.19370325525903,2021-10-04,3
RobertWalraven-ESG,GB,Cases,0.329524952891445,2021-10-04,3
RobertWalraven-ESG,GB,Deaths,0.474334922381972,2021-10-04,3
UMass-MechBayes,DE,Deaths,0.329818958822428,2021-10-04,3
epiforecasts-EpiNow2,CZ,Deaths,0.399670067207905,2021-10-04,3
epiforecasts-EpiNow2,FR,Deaths,0.310614359569842,2021-10-04,3
itwm-dSEIR,DE,Cases,0.31150457458283,2021-10-04,3
CovidMetrics-epiBATS,DE,Cases,0.346265138699721,2021-10-11,3
HZI-AgeExtendedSEIR,DE,Cases,0.314256629711124,2021-10-11,3
HZI-AgeExtendedSEIR,DE,Deaths,0.318531369471501,2021-10-11,3
IEM_Health-CovidProject,CZ,Cases,0.387409012731724,2021-10-11,3
IEM_Health-CovidProject,DE,Deaths,0.307656203092305,2021-10-11,3
IEM_Health-CovidProject,GB,Cases,0.441968856612662,2021-10-11,3
IEM_Health-CovidProject,PL,Cases,0.303574420293057,2021-10-11,3
ILM-EKF,CZ,Cases,0.305169545090681,2021-10-11,3
ILM-EKF,FR,Cases,0.399572630091881,2021-10-11,3
ILM-EKF,FR,Deaths,0.294359421576176,2021-10-11,3
ILM-EKF,GB,Cases,0.228784893224286,2021-10-11,3
ITWW-county_repro,PL,Cases,0.313094692337984,2021-10-11,3
ITWW-county_repro,PL,Deaths,0.382810464098904,2021-10-11,3
Karlen-pypm,CZ,Cases,0.307421442177595,2021-10-11,3
Karlen-pypm,CZ,Deaths,0.389978309713834,2021-10-11,3
Karlen-pypm,DE,Cases,0.339478231589154,2021-10-11,3
Karlen-pypm,FR,Cases,0.237067218542959,2021-10-11,3
Karlen-pypm,FR,Deaths,0.434910763574746,2021-10-11,3
Karlen-pypm,GB,Deaths,0.277360222425708,2021-10-11,3
Karlen-pypm,PL,Cases,0.383330887368959,2021-10-11,3
Karlen-pypm,PL,Deaths,0.338593824775142,2021-10-11,3
MUNI-ARIMA,GB,Cases,0.329246250163052,2021-10-11,3
RobertWalraven-ESG,DE,Deaths,0.373812427436194,2021-10-11,3
RobertWalraven-ESG,FR,Cases,0.36336015136516,2021-10-11,3
RobertWalraven-ESG,GB,Deaths,0.501439640988287,2021-10-11,3
UMass-MechBayes,CZ,Deaths,0.329368443843008,2021-10-11,3
UMass-MechBayes,GB,Deaths,0.221200136586004,2021-10-11,3
epiforecasts-EpiNow2,CZ,Deaths,0.280653246443158,2021-10-11,3
epiforecasts-EpiNow2,FR,Deaths,0.270729814849078,2021-10-11,3
epiforecasts-EpiNow2,PL,Deaths,0.278595711125954,2021-10-11,3
CovidMetrics-epiBATS,DE,Cases,0.315162532524875,2021-10-18,3
HZI-AgeExtendedSEIR,DE,Deaths,0.265439735083279,2021-10-18,3
IEM_Health-CovidProject,CZ,Cases,0.353220730394728,2021-10-18,3
IEM_Health-CovidProject,FR,Cases,0.336848381014575,2021-10-18,3
IEM_Health-CovidProject,GB,Cases,0.521623269256157,2021-10-18,3
IEM_Health-CovidProject,PL,Cases,0.297013826255014,2021-10-18,3
ILM-EKF,CZ,Cases,0.349482648643128,2021-10-18,3
ILM-EKF,FR,Cases,0.32954775145446,2021-10-18,3
ILM-EKF,FR,Deaths,0.26236196675244,2021-10-18,3
ILM-EKF,GB,Cases,0.182751151551753,2021-10-18,3
ITWW-county_repro,DE,Cases,0.378794577961577,2021-10-18,3
ITWW-county_repro,PL,Cases,0.286634993236844,2021-10-18,3
ITWW-county_repro,PL,Deaths,0.330536275986655,2021-10-18,3
Karlen-pypm,CZ,Deaths,0.316711870418597,2021-10-18,3
Karlen-pypm,FR,Deaths,0.484777628076555,2021-10-18,3
Karlen-pypm,GB,Deaths,0.376608583485678,2021-10-18,3
Karlen-pypm,PL,Cases,0.416351180508142,2021-10-18,3
Karlen-pypm,PL,Deaths,0.381891389401056,2021-10-18,3
MIT_CovidAnalytics-DELPHI,DE,Deaths,0.292088685745995,2021-10-18,3
MUNI-ARIMA,GB,Cases,0.295625579192091,2021-10-18,3
RobertWalraven-ESG,DE,Cases,0.306042889513548,2021-10-18,3
RobertWalraven-ESG,DE,Deaths,0.442471579170726,2021-10-18,3
RobertWalraven-ESG,FR,Cases,0.333603867530965,2021-10-18,3
RobertWalraven-ESG,FR,Deaths,0.252860405171005,2021-10-18,3
RobertWalraven-ESG,GB,Deaths,0.384186079218438,2021-10-18,3
UMass-MechBayes,CZ,Deaths,0.367629088296898,2021-10-18,3
epiforecasts-EpiNow2,CZ,Cases,0.297296620962144,2021-10-18,3
epiforecasts-EpiNow2,CZ,Deaths,0.315659041284505,2021-10-18,3
epiforecasts-EpiNow2,GB,Deaths,0.239205337295884,2021-10-18,3
epiforecasts-EpiNow2,PL,Deaths,0.287572334612289,2021-10-18,3
IEM_Health-CovidProject,DE,Cases,0.283535364536313,2021-10-25,3
IEM_Health-CovidProject,FR,Cases,0.495760589149233,2021-10-25,3
IEM_Health-CovidProject,GB,Cases,0.37440789615518,2021-10-25,3
ILM-EKF,CZ,Cases,0.304868465008816,2021-10-25,3
ILM-EKF,CZ,Deaths,0.30280878799295,2021-10-25,3
ILM-EKF,FR,Cases,0.293706129764444,2021-10-25,3
ILM-EKF,FR,Deaths,0.271543077150407,2021-10-25,3
ILM-EKF,GB,Cases,0.323644164184132,2021-10-25,3
ILM-EKF,GB,Deaths,0.29069697374302,2021-10-25,3
ILM-EKF,PL,Cases,0.344911300903472,2021-10-25,3
ITWW-county_repro,DE,Cases,0.432454612164115,2021-10-25,3
ITWW-county_repro,DE,Deaths,0.328746137239444,2021-10-25,3
ITWW-county_repro,PL,Cases,0.37971595036692,2021-10-25,3
Karlen-pypm,CZ,Deaths,0.327072837349395,2021-10-25,3
Karlen-pypm,DE,Deaths,0.278192488426016,2021-10-25,3
Karlen-pypm,FR,Deaths,0.432038375718578,2021-10-25,3
Karlen-pypm,GB,Deaths,0.395848557984969,2021-10-25,3
Karlen-pypm,PL,Deaths,0.390214798557372,2021-10-25,3
MOCOS-agent1,PL,Deaths,0.310189261081727,2021-10-25,3
MUNI-ARIMA,CZ,Cases,0.332010139143336,2021-10-25,3
MUNI-ARIMA,DE,Cases,0.284010023299573,2021-10-25,3
MUNI-ARIMA,GB,Cases,0.301947939660689,2021-10-25,3
MUNI-ARIMA,PL,Cases,0.275372748729608,2021-10-25,3
MUNI_DMS-SEIAR,CZ,Cases,0.363121395847848,2021-10-25,3
RobertWalraven-ESG,DE,Deaths,0.39306137433454,2021-10-25,3
RobertWalraven-ESG,FR,Cases,0.210533281086323,2021-10-25,3
RobertWalraven-ESG,GB,Deaths,0.313454468272011,2021-10-25,3
UMass-MechBayes,CZ,Deaths,0.370118374657656,2021-10-25,3
UMass-MechBayes,FR,Deaths,0.296418547131015,2021-10-25,3
UMass-MechBayes,PL,Deaths,0.299595940360901,2021-10-25,3
FIAS_FZJ-Epi1Ger,DE,Cases,0.290735925824054,2021-11-01,3
FIAS_FZJ-Epi1Ger,DE,Deaths,0.391195716687397,2021-11-01,3
HZI-AgeExtendedSEIR,DE,Deaths,0.333868155819137,2021-11-01,3
IEM_Health-CovidProject,FR,Cases,0.551045029273918,2021-11-01,3
IEM_Health-CovidProject,GB,Cases,0.337824245017205,2021-11-01,3
ILM-EKF,CZ,Cases,0.308409287548964,2021-11-01,3
ILM-EKF,CZ,Deaths,0.372572139812711,2021-11-01,3
ILM-EKF,FR,Cases,0.28457493380627,2021-11-01,3
ILM-EKF,FR,Deaths,0.314255187825763,2021-11-01,3
ILM-EKF,GB,Cases,0.343470735608587,2021-11-01,3
ILM-EKF,GB,Deaths,0.365448988802711,2021-11-01,3
ILM-EKF,PL,Cases,0.360298155168747,2021-11-01,3
ILM-EKF,PL,Deaths,0.263514791575797,2021-11-01,3
ITWW-county_repro,DE,Cases,0.427358441830341,2021-11-01,3
ITWW-county_repro,PL,Cases,0.320476297959254,2021-11-01,3
ITWW-county_repro,PL,Deaths,0.437326330480794,2021-11-01,3
Karlen-pypm,CZ,Deaths,0.298739794279888,2021-11-01,3
Karlen-pypm,DE,Deaths,0.274936127493466,2021-11-01,3
Karlen-pypm,FR,Deaths,0.32190887357281,2021-11-01,3
Karlen-pypm,GB,Deaths,0.34560517318868,2021-11-01,3
Karlen-pypm,PL,Deaths,0.299158877943409,2021-11-01,3
MOCOS-agent1,PL,Cases,0.319225546871999,2021-11-01,3
MUNI-ARIMA,CZ,Cases,0.367885636088143,2021-11-01,3
MUNI-ARIMA,CZ,Deaths,0.328688065907402,2021-11-01,3
MUNI-ARIMA,DE,Cases,0.281905632345605,2021-11-01,3
MUNI-ARIMA,FR,Cases,0.164380036919812,2021-11-01,3
MUNI-ARIMA,GB,Cases,0.318705019374208,2021-11-01,3
MUNI-ARIMA,GB,Deaths,0.288945838008609,2021-11-01,3
MUNI_DMS-SEIAR,CZ,Cases,0.323705076362893,2021-11-01,3
UMass-MechBayes,FR,Deaths,0.363835938601427,2021-11-01,3
HZI-AgeExtendedSEIR,DE,Deaths,0.36315446173838,2021-11-08,3
IEM_Health-CovidProject,CZ,Cases,0.308143931475976,2021-11-08,3
IEM_Health-CovidProject,FR,Cases,0.469804184101479,2021-11-08,3
IEM_Health-CovidProject,FR,Deaths,0.380205642271181,2021-11-08,3
IEM_Health-CovidProject,GB,Deaths,0.325477776750025,2021-11-08,3
ILM-EKF,CZ,Cases,0.37910735103409,2021-11-08,3
ILM-EKF,CZ,Deaths,0.41181414906412,2021-11-08,3
ILM-EKF,DE,Cases,0.327569322899469,2021-11-08,3
ILM-EKF,FR,Cases,0.298659633322125,2021-11-08,3
ILM-EKF,FR,Deaths,0.283736033230855,2021-11-08,3
ILM-EKF,GB,Cases,0.252121721416056,2021-11-08,3
ILM-EKF,GB,Deaths,0.312479305097993,2021-11-08,3
ILM-EKF,PL,Cases,0.393076338557662,2021-11-08,3
ITWW-county_repro,DE,Cases,0.36264913638176,2021-11-08,3
ITWW-county_repro,PL,Deaths,0.346400789523484,2021-11-08,3
Karlen-pypm,CZ,Deaths,0.291592907643419,2021-11-08,3
Karlen-pypm,PL,Deaths,0.33375148419365,2021-11-08,3
MOCOS-agent1,PL,Cases,0.291971813455857,2021-11-08,3
MUNI-ARIMA,CZ,Cases,0.312748717489934,2021-11-08,3
MUNI-ARIMA,CZ,Deaths,0.296592943292461,2021-11-08,3
MUNI-ARIMA,DE,Cases,0.309781540718771,2021-11-08,3
MUNI-ARIMA,DE,Deaths,0.293285631134408,2021-11-08,3
MUNI-ARIMA,FR,Cases,0.231536182576397,2021-11-08,3
MUNI-ARIMA,GB,Cases,0.301074441275693,2021-11-08,3
MUNI-ARIMA,GB,Deaths,0.362042918151982,2021-11-08,3
MUNI-ARIMA,PL,Cases,0.31495184798648,2021-11-08,3
RobertWalraven-ESG,GB,Cases,0.446803837308252,2021-11-08,3
UMass-MechBayes,FR,Deaths,0.336058324497965,2021-11-08,3
UMass-MechBayes,PL,Deaths,0.319847726282866,2021-11-08,3
itwm-dSEIR,DE,Deaths,0.343559907127212,2021-11-08,3
HZI-AgeExtendedSEIR,DE,Deaths,0.343400456448251,2021-11-15,3
IEM_Health-CovidProject,CZ,Cases,0.361833711787266,2021-11-15,3
IEM_Health-CovidProject,FR,Cases,0.259644181978554,2021-11-15,3
IEM_Health-CovidProject,FR,Deaths,0.389370876520692,2021-11-15,3
IEM_Health-CovidProject,GB,Deaths,0.342451195657738,2021-11-15,3
IEM_Health-CovidProject,PL,Cases,0.309757326910246,2021-11-15,3
ILM-EKF,CZ,Cases,0.387871521365179,2021-11-15,3
ILM-EKF,CZ,Deaths,0.411905132452372,2021-11-15,3
ILM-EKF,DE,Cases,0.342996986789189,2021-11-15,3
ILM-EKF,FR,Cases,0.359905495127129,2021-11-15,3
ILM-EKF,FR,Deaths,0.274709241539627,2021-11-15,3
ITWW-county_repro,DE,Cases,0.33642626157209,2021-11-15,3
ITWW-county_repro,DE,Deaths,0.333924117184151,2021-11-15,3
Karlen-pypm,CZ,Deaths,0.313037587134615,2021-11-15,3
Karlen-pypm,FR,Cases,0.380450322894318,2021-11-15,3
Karlen-pypm,GB,Cases,0.334548245415742,2021-11-15,3
Karlen-pypm,GB,Deaths,0.326348734134137,2021-11-15,3
MIT_CovidAnalytics-DELPHI,DE,Cases,0.320576751638721,2021-11-15,3
MIT_CovidAnalytics-DELPHI,PL,Deaths,0.263978716998813,2021-11-15,3
MOCOS-agent1,PL,Cases,0.311770791744549,2021-11-15,3
MOCOS-agent1,PL,Deaths,0.32396527228832,2021-11-15,3
MUNI-ARIMA,GB,Cases,0.224806435554658,2021-11-15,3
MUNI-ARIMA,GB,Deaths,0.331200070208126,2021-11-15,3
MUNI-ARIMA,PL,Cases,0.378471881345205,2021-11-15,3
MUNI_DMS-SEIAR,CZ,Cases,0.250294766847555,2021-11-15,3
RobertWalraven-ESG,GB,Cases,0.440645319029599,2021-11-15,3
UMass-MechBayes,CZ,Deaths,0.275057280413012,2021-11-15,3
UMass-MechBayes,FR,Deaths,0.33591988193968,2021-11-15,3
UMass-MechBayes,PL,Deaths,0.412056010712867,2021-11-15,3
itwm-dSEIR,DE,Deaths,0.322675426367598,2021-11-15,3
HZI-AgeExtendedSEIR,DE,Cases,0.304901354988092,2021-11-22,3
HZI-AgeExtendedSEIR,DE,Deaths,0.341398410743014,2021-11-22,3
IEM_Health-CovidProject,CZ,Cases,0.449211404626443,2021-11-22,3
IEM_Health-CovidProject,FR,Deaths,0.382933422099816,2021-11-22,3
IEM_Health-CovidProject,PL,Cases,0.28029447084843,2021-11-22,3
IEM_Health-CovidProject,PL,Deaths,0.28280926031162,2021-11-22,3
ILM-EKF,CZ,Cases,0.278290591962281,2021-11-22,3
ILM-EKF,CZ,Deaths,0.302684662156514,2021-11-22,3
ILM-EKF,DE,Cases,0.380457817542734,2021-11-22,3
ILM-EKF,FR,Cases,0.351355884931713,2021-11-22,3
ILM-EKF,FR,Deaths,0.316481872980459,2021-11-22,3
ILM-EKF,PL,Deaths,0.258088973456573,2021-11-22,3
ITWW-county_repro,DE,Deaths,0.390630360731383,2021-11-22,3
Karlen-pypm,CZ,Deaths,0.381366534526806,2021-11-22,3
Karlen-pypm,FR,Cases,0.28884968034323,2021-11-22,3
Karlen-pypm,GB,Cases,0.286343528252304,2021-11-22,3
Karlen-pypm,GB,Deaths,0.379168726347974,2021-11-22,3
MOCOS-agent1,PL,Cases,0.263829928824555,2021-11-22,3
MUNI-ARIMA,CZ,Cases,0.272498003411276,2021-11-22,3
MUNI-ARIMA,DE,Deaths,0.267971228525602,2021-11-22,3
MUNI-ARIMA,FR,Cases,0.359794434725057,2021-11-22,3
MUNI-ARIMA,GB,Cases,0.293076187128615,2021-11-22,3
MUNI-ARIMA,PL,Cases,0.455875600327015,2021-11-22,3
RobertWalraven-ESG,GB,Cases,0.420580284619081,2021-11-22,3
RobertWalraven-ESG,GB,Deaths,0.35128491996876,2021-11-22,3
UMass-MechBayes,CZ,Deaths,0.31594880331668,2021-11-22,3
UMass-MechBayes,FR,Deaths,0.300584704919725,2021-11-22,3
UMass-MechBayes,GB,Deaths,0.269546353683267,2021-11-22,3
UMass-MechBayes,PL,Deaths,0.459101766231807,2021-11-22,3
itwm-dSEIR,DE,Cases,0.314640827469174,2021-11-22,3
HZI-AgeExtendedSEIR,DE,Deaths,0.447671541315331,2021-11-29,3
ICM-agentModel,PL,Cases,0.39725167525926,2021-11-29,3
IEM_Health-CovidProject,CZ,Cases,0.414344026960145,2021-11-29,3
IEM_Health-CovidProject,DE,Cases,0.307259626135674,2021-11-29,3
IEM_Health-CovidProject,FR,Deaths,0.363992317041149,2021-11-29,3
IEM_Health-CovidProject,PL,Deaths,0.319923921259394,2021-11-29,3
ILM-EKF,DE,Cases,0.332361863591595,2021-11-29,3
ILM-EKF,FR,Cases,0.401123811640255,2021-11-29,3
ILM-EKF,FR,Deaths,0.353819685149404,2021-11-29,3
Karlen-pypm,CZ,Deaths,0.293478639859,2021-11-29,3
Karlen-pypm,DE,Cases,0.360378510272732,2021-11-29,3
Karlen-pypm,DE,Deaths,0.240234941834536,2021-11-29,3
MIT_CovidAnalytics-DELPHI,PL,Cases,0.27024691799659,2021-11-29,3
MUNI-ARIMA,CZ,Cases,0.238603768154587,2021-11-29,3
MUNI-ARIMA,DE,Deaths,0.312093516850134,2021-11-29,3
MUNI-ARIMA,FR,Cases,0.33910832892788,2021-11-29,3
MUNI-ARIMA,GB,Cases,0.419375679906485,2021-11-29,3
MUNI-ARIMA,PL,Cases,0.332501406744151,2021-11-29,3
MUNI-VAR,FR,Cases,0.259767859431866,2021-11-29,3
MUNI-VAR,GB,Cases,0.279719782170122,2021-11-29,3
MUNI-VAR,GB,Deaths,0.330130512874219,2021-11-29,3
MUNI-VAR,PL,Deaths,0.256748379546134,2021-11-29,3
MUNI_DMS-SEIAR,CZ,Cases,0.347052204885268,2021-11-29,3
MUNI_DMS-SEIAR,CZ,Deaths,0.273977625744037,2021-11-29,3
RobertWalraven-ESG,GB,Cases,0.300904537923393,2021-11-29,3
RobertWalraven-ESG,GB,Deaths,0.332856222272918,2021-11-29,3
UMass-MechBayes,CZ,Deaths,0.432543734396963,2021-11-29,3
UMass-MechBayes,FR,Deaths,0.282187997809447,2021-11-29,3
UMass-MechBayes,GB,Deaths,0.337013264852863,2021-11-29,3
UMass-MechBayes,PL,Deaths,0.423327699194472,2021-11-29,3
CovidMetrics-epiBATS,DE,Cases,0.290272952369987,2021-12-06,3
HZI-AgeExtendedSEIR,DE,Deaths,0.337670086023524,2021-12-06,3
ICM-agentModel,PL,Cases,0.333699437805368,2021-12-06,3
ICM-agentModel,PL,Deaths,0.3246056044631,2021-12-06,3
IEM_Health-CovidProject,CZ,Cases,0.28593375317242,2021-12-06,3
IEM_Health-CovidProject,FR,Cases,0.266840069118234,2021-12-06,3
IEM_Health-CovidProject,FR,Deaths,0.366509697305992,2021-12-06,3
IEM_Health-CovidProject,GB,Cases,0.307526921147639,2021-12-06,3
ILM-EKF,FR,Cases,0.400077880607604,2021-12-06,3
ILM-EKF,FR,Deaths,0.346029211639898,2021-12-06,3
ILM-EKF,PL,Deaths,0.303413370926306,2021-12-06,3
Karlen-pypm,DE,Cases,0.415699002939903,2021-12-06,3
Karlen-pypm,DE,Deaths,0.268788653328668,2021-12-06,3
Karlen-pypm,FR,Cases,0.333082050274163,2021-12-06,3
Karlen-pypm,GB,Deaths,0.27712925299769,2021-12-06,3
MUNI-ARIMA,CZ,Cases,0.454657659422197,2021-12-06,3
MUNI-ARIMA,CZ,Deaths,0.295443821539709,2021-12-06,3
MUNI-ARIMA,DE,Cases,0.29402804469011,2021-12-06,3
MUNI-ARIMA,DE,Deaths,0.393541260647808,2021-12-06,3
MUNI-ARIMA,GB,Cases,0.352045162186212,2021-12-06,3
MUNI-ARIMA,PL,Cases,0.400862622556502,2021-12-06,3
MUNI-VAR,GB,Cases,0.340427916666149,2021-12-06,3
MUNI-VAR,GB,Deaths,0.429630986965161,2021-12-06,3
MUNI_DMS-SEIAR,CZ,Cases,0.259408587405384,2021-12-06,3
MUNI_DMS-SEIAR,CZ,Deaths,0.323314470884449,2021-12-06,3
PL_GRedlarski-DistrictsSum,PL,Cases,0.265437939638129,2021-12-06,3
RobertWalraven-ESG,GB,Deaths,0.293239760037149,2021-12-06,3
UMass-MechBayes,CZ,Deaths,0.381241707575843,2021-12-06,3
UMass-MechBayes,FR,Deaths,0.28746109105411,2021-12-06,3
UMass-MechBayes,PL,Deaths,0.371981024610593,2021-12-06,3
ICM-agentModel,PL,Cases,0.346441540275137,2021-12-13,3
IEM_Health-CovidProject,FR,Cases,0.367530878648429,2021-12-13,3
IEM_Health-CovidProject,FR,Deaths,0.371095461422862,2021-12-13,3
ILM-EKF,FR,Cases,0.367492399990547,2021-12-13,3
ILM-EKF,FR,Deaths,0.312312212694024,2021-12-13,3
ILM-EKF,GB,Cases,0.2945336361489,2021-12-13,3
MIT_CovidAnalytics-DELPHI,DE,Cases,0.168390929722281,2021-12-13,3
MIT_CovidAnalytics-DELPHI,DE,Deaths,0.234321317137959,2021-12-13,3
MIT_CovidAnalytics-DELPHI,PL,Deaths,0.377575754647655,2021-12-13,3
MOCOS-agent1,PL,Deaths,0.326244123205755,2021-12-13,3
MUNI-ARIMA,CZ,Cases,0.34490562824155,2021-12-13,3
MUNI-ARIMA,CZ,Deaths,0.479060655206978,2021-12-13,3
MUNI-ARIMA,DE,Cases,0.495025441056096,2021-12-13,3
MUNI-ARIMA,DE,Deaths,0.48884061185204,2021-12-13,3
MUNI-ARIMA,GB,Cases,0.330031841344039,2021-12-13,3
MUNI-ARIMA,PL,Cases,0.35296677691554,2021-12-13,3
MUNI-ARIMA,PL,Deaths,0.296180122146591,2021-12-13,3
MUNI-LaggedRegARIMA,DE,Deaths,0.276838071010001,2021-12-13,3
MUNI-LaggedRegARIMA,GB,Deaths,0.308584226742116,2021-12-13,3
MUNI-VAR,FR,Cases,0.264976721361024,2021-12-13,3
MUNI-VAR,GB,Cases,0.375434522507062,2021-12-13,3
MUNI-VAR,GB,Deaths,0.358918588981024,2021-12-13,3
MUNI_DMS-SEIAR,CZ,Cases,0.234756687819097,2021-12-13,3
MUNI_DMS-SEIAR,CZ,Deaths,0.185991688114567,2021-12-13,3
PL_GRedlarski-DistrictsSum,PL,Cases,0.300591682809324,2021-12-13,3
RobertWalraven-ESG,CZ,Cases,0.420337683939353,2021-12-13,3
RobertWalraven-ESG,DE,Cases,0.336583629221624,2021-12-13,3
RobertWalraven-ESG,GB,Deaths,0.33249718427686,2021-12-13,3
UMass-MechBayes,CZ,Deaths,0.334947656678454,2021-12-13,3
UMass-MechBayes,FR,Deaths,0.316592325883114,2021-12-13,3
CovidMetrics-epiBATS,DE,Cases,0.319372135887496,2021-12-20,3
ICM-agentModel,PL,Cases,0.248481624547454,2021-12-20,3
IEM_Health-CovidProject,FR,Cases,0.383599631992217,2021-12-20,3
IEM_Health-CovidProject,FR,Deaths,0.32226114815573,2021-12-20,3
IEM_Health-CovidProject,GB,Cases,0.329207330118096,2021-12-20,3
MIT_CovidAnalytics-DELPHI,DE,Deaths,0.275891496216151,2021-12-20,3
MIT_CovidAnalytics-DELPHI,PL,Deaths,0.418434696758427,2021-12-20,3
MOCOS-agent1,PL,Cases,0.392202957295092,2021-12-20,3
MOCOS-agent1,PL,Deaths,0.281737179675788,2021-12-20,3
MUNI-ARIMA,CZ,Deaths,0.422204208377135,2021-12-20,3
MUNI-ARIMA,DE,Cases,0.358160682480876,2021-12-20,3
MUNI-ARIMA,DE,Deaths,0.320774823316281,2021-12-20,3
MUNI-ARIMA,FR,Deaths,0.284843928042294,2021-12-20,3
MUNI-ARIMA,GB,Cases,0.343397124826218,2021-12-20,3
MUNI-ARIMA,PL,Deaths,0.299828123565785,2021-12-20,3
MUNI-LaggedRegARIMA,DE,Deaths,0.403333680467568,2021-12-20,3
MUNI-LaggedRegARIMA,GB,Deaths,0.376014781746816,2021-12-20,3
MUNI-VAR,FR,Cases,0.355458387171495,2021-12-20,3
MUNI-VAR,GB,Cases,0.327395545055686,2021-12-20,3
MUNI-VAR,GB,Deaths,0.264176578619936,2021-12-20,3
MUNI_DMS-SEIAR,CZ,Cases,0.397196906442015,2021-12-20,3
PL_GRedlarski-DistrictsSum,PL,Cases,0.359315418157454,2021-12-20,3
RobertWalraven-ESG,CZ,Cases,0.336005452818793,2021-12-20,3
RobertWalraven-ESG,CZ,Deaths,0.231828457572362,2021-12-20,3
UMass-MechBayes,CZ,Deaths,0.345967334050503,2021-12-20,3
UMass-MechBayes,FR,Deaths,0.392894923801976,2021-12-20,3
UMass-MechBayes,GB,Deaths,0.359808639633248,2021-12-20,3
epiforecasts-EpiNow2,CZ,Cases,0.266797640739192,2021-12-20,3
epiforecasts-EpiNow2,FR,Cases,0.260941980836288,2021-12-20,3
itwm-dSEIR,DE,Cases,0.322467181631628,2021-12-20,3
CovidMetrics-epiBATS,DE,Cases,0.216542177368296,2021-12-27,3
FIAS_FZJ-Epi1Ger,DE,Deaths,0.261696423089138,2021-12-27,3
IEM_Health-CovidProject,FR,Cases,0.322228340135564,2021-12-27,3
IEM_Health-CovidProject,GB,Cases,0.313517975967411,2021-12-27,3
ILM-EKF,GB,Cases,0.397554969360796,2021-12-27,3
ITWW-county_repro,PL,Deaths,0.226382050746715,2021-12-27,3
MOCOS-agent1,PL,Cases,0.454575412537475,2021-12-27,3
MUNI-ARIMA,CZ,Deaths,0.410391773903617,2021-12-27,3
MUNI-ARIMA,DE,Cases,0.2635245542695,2021-12-27,3
MUNI-ARIMA,FR,Cases,0.291440148430597,2021-12-27,3
MUNI-ARIMA,FR,Deaths,0.368238365586307,2021-12-27,3
MUNI-ARIMA,GB,Cases,0.288927054671793,2021-12-27,3
MUNI-ARIMA,PL,Deaths,0.509086990605873,2021-12-27,3
MUNI-LaggedRegARIMA,DE,Deaths,0.475476221505343,2021-12-27,3
MUNI-LaggedRegARIMA,GB,Deaths,0.41815426349697,2021-12-27,3
MUNI-LaggedRegARIMA,PL,Deaths,0.264530958647413,2021-12-27,3
MUNI-VAR,FR,Deaths,0.31631125951882,2021-12-27,3
MUNI-VAR,GB,Deaths,0.2625143553302,2021-12-27,3
MUNI_DMS-SEIAR,CZ,Cases,0.609817290004275,2021-12-27,3
MUNI_DMS-SEIAR,CZ,Deaths,0.284116205624521,2021-12-27,3
PL_GRedlarski-DistrictsSum,PL,Cases,0.300693143509001,2021-12-27,3
RobertWalraven-ESG,CZ,Cases,0.126557683159608,2021-12-27,3
RobertWalraven-ESG,DE,Deaths,0.26282735540552,2021-12-27,3
UMass-MechBayes,CZ,Deaths,0.305492020471862,2021-12-27,3
UMass-MechBayes,FR,Deaths,0.315450374894873,2021-12-27,3
UMass-MechBayes,GB,Deaths,0.319331381172831,2021-12-27,3
epiforecasts-EpiNow2,CZ,Cases,0.263625026836118,2021-12-27,3
epiforecasts-EpiNow2,FR,Cases,0.386331511433839,2021-12-27,3
epiforecasts-EpiNow2,PL,Cases,0.244731443953524,2021-12-27,3
itwm-dSEIR,DE,Cases,0.519933268362204,2021-12-27,3
FIAS_FZJ-Epi1Ger,DE,Deaths,0.393821668691052,2022-01-03,3
HZI-AgeExtendedSEIR,DE,Cases,0.294528848594241,2022-01-03,3
IEM_Health-CovidProject,FR,Cases,0.35222052203927,2022-01-03,3
IEM_Health-CovidProject,GB,Cases,0.351068886371234,2022-01-03,3
IEM_Health-CovidProject,GB,Deaths,0.406731230111406,2022-01-03,3
ILM-EKF,CZ,Cases,0.217732095451421,2022-01-03,3
ILM-EKF,CZ,Deaths,0.230758828113195,2022-01-03,3
ILM-EKF,DE,Cases,0.209352602599303,2022-01-03,3
ILM-EKF,FR,Cases,0.261006330954105,2022-01-03,3
ILM-EKF,GB,Cases,0.298812600323129,2022-01-03,3
ILM-EKF,PL,Deaths,0.230335221159948,2022-01-03,3
ITWW-county_repro,PL,Deaths,0.358806854572211,2022-01-03,3
MIT_CovidAnalytics-DELPHI,DE,Deaths,0.251969105422604,2022-01-03,3
MIT_CovidAnalytics-DELPHI,PL,Cases,0.397847837061971,2022-01-03,3
MOCOS-agent1,PL,Cases,0.307027833097493,2022-01-03,3
MUNI-ARIMA,CZ,Deaths,0.211320184216769,2022-01-03,3
MUNI-ARIMA,FR,Deaths,0.553471453024076,2022-01-03,3
MUNI-ARIMA,GB,Deaths,0.280369828672561,2022-01-03,3
MUNI-ARIMA,PL,Deaths,0.410857924267841,2022-01-03,3
MUNI_DMS-SEIAR,CZ,Cases,0.318167568638675,2022-01-03,3
RobertWalraven-ESG,FR,Deaths,0.222208896606244,2022-01-03,3
UMass-MechBayes,CZ,Deaths,0.557920987670037,2022-01-03,3
UMass-MechBayes,FR,Deaths,0.22431965036968,2022-01-03,3
UMass-MechBayes,GB,Deaths,0.312898941216033,2022-01-03,3
epiforecasts-EpiNow2,CZ,Cases,0.464100335909904,2022-01-03,3
epiforecasts-EpiNow2,FR,Cases,0.386773147006625,2022-01-03,3
epiforecasts-EpiNow2,GB,Cases,0.350118513305637,2022-01-03,3
epiforecasts-EpiNow2,PL,Cases,0.295124329840535,2022-01-03,3
itwm-dSEIR,DE,Cases,0.496118548806457,2022-01-03,3
itwm-dSEIR,DE,Deaths,0.354209225886344,2022-01-03,3
FIAS_FZJ-Epi1Ger,DE,Deaths,0.36838350226597,2022-01-10,3
HZI-AgeExtendedSEIR,DE,Cases,0.313721531462937,2022-01-10,3
ICM-agentModel,PL,Cases,0.293096333963795,2022-01-10,3
ICM-agentModel,PL,Deaths,0.386789795162817,2022-01-10,3
IEM_Health-CovidProject,FR,Cases,0.379807675500663,2022-01-10,3
IEM_Health-CovidProject,FR,Deaths,0.225044871889534,2022-01-10,3
IEM_Health-CovidProject,GB,Cases,0.467275329971068,2022-01-10,3
IEM_Health-CovidProject,GB,Deaths,0.396475283250992,2022-01-10,3
ILM-EKF,CZ,Cases,0.255725113562679,2022-01-10,3
ILM-EKF,CZ,Deaths,0.236027826668658,2022-01-10,3
ILM-EKF,DE,Cases,0.20502039198857,2022-01-10,3
ILM-EKF,FR,Cases,0.27424037241427,2022-01-10,3
ILM-EKF,GB,Cases,0.186993308123531,2022-01-10,3
ILM-EKF,GB,Deaths,0.212902075771491,2022-01-10,3
ILM-EKF,PL,Deaths,0.299473314647608,2022-01-10,3
MIT_CovidAnalytics-DELPHI,DE,Deaths,0.279180008260493,2022-01-10,3
MIT_CovidAnalytics-DELPHI,PL,Cases,0.290336812912633,2022-01-10,3
MUNI-ARIMA,CZ,Deaths,0.240849395867098,2022-01-10,3
MUNI-ARIMA,FR,Deaths,0.436236051319331,2022-01-10,3
RobertWalraven-ESG,CZ,Cases,0.228312638593596,2022-01-10,3
RobertWalraven-ESG,FR,Deaths,0.338719076791135,2022-01-10,3
UMass-MechBayes,CZ,Deaths,0.523122777464244,2022-01-10,3
UMass-MechBayes,DE,Deaths,0.352436489473537,2022-01-10,3
UMass-MechBayes,GB,Deaths,0.390622640977518,2022-01-10,3
UMass-MechBayes,PL,Deaths,0.313736890189575,2022-01-10,3
epiforecasts-EpiNow2,CZ,Cases,0.515962247843725,2022-01-10,3
epiforecasts-EpiNow2,FR,Cases,0.345951952085067,2022-01-10,3
epiforecasts-EpiNow2,GB,Cases,0.345731361905401,2022-01-10,3
epiforecasts-EpiNow2,PL,Cases,0.416566853123572,2022-01-10,3
itwm-dSEIR,DE,Cases,0.481258076548493,2022-01-10,3
CovidMetrics-epiBATS,DE,Cases,0.286878934773733,2022-01-17,3
HZI-AgeExtendedSEIR,DE,Deaths,0.418506470096511,2022-01-17,3
ICM-agentModel,PL,Deaths,0.276066085396534,2022-01-17,3
IEM_Health-CovidProject,CZ,Cases,0.368805693689839,2022-01-17,3
IEM_Health-CovidProject,DE,Cases,0.378742480276545,2022-01-17,3
IEM_Health-CovidProject,FR,Cases,0.374772655800016,2022-01-17,3
IEM_Health-CovidProject,GB,Cases,0.368389477051636,2022-01-17,3
IEM_Health-CovidProject,GB,Deaths,0.394916885662397,2022-01-17,3
ILM-EKF,PL,Deaths,0.263543033201564,2022-01-17,3
ITWW-county_repro,PL,Cases,0.336178390639705,2022-01-17,3
MIT_CovidAnalytics-DELPHI,DE,Deaths,0.286738373115493,2022-01-17,3
MUNI-ARIMA,CZ,Deaths,0.207479481624757,2022-01-17,3
MUNI-ARIMA,FR,Deaths,0.244807228763455,2022-01-17,3
MUNI-ARIMA,GB,Deaths,0.236474554767286,2022-01-17,3
PL_GRedlarski-DistrictsSum,PL,Cases,0.359792911437198,2022-01-17,3
RobertWalraven-ESG,CZ,Cases,0.296698549083935,2022-01-17,3
RobertWalraven-ESG,CZ,Deaths,0.241883165663385,2022-01-17,3
RobertWalraven-ESG,FR,Cases,0.283643940820525,2022-01-17,3
RobertWalraven-ESG,FR,Deaths,0.606912248357967,2022-01-17,3
RobertWalraven-ESG,GB,Cases,0.239937967562983,2022-01-17,3
UMass-MechBayes,CZ,Deaths,0.550637352711858,2022-01-17,3
UMass-MechBayes,DE,Deaths,0.294755156787996,2022-01-17,3
UMass-MechBayes,FR,Deaths,0.148280522878579,2022-01-17,3
UMass-MechBayes,GB,Deaths,0.368608559570316,2022-01-17,3
UMass-MechBayes,PL,Deaths,0.460390881401902,2022-01-17,3
epiforecasts-EpiNow2,CZ,Cases,0.334495757226226,2022-01-17,3
epiforecasts-EpiNow2,FR,Cases,0.341583403379459,2022-01-17,3
epiforecasts-EpiNow2,GB,Cases,0.391672555385381,2022-01-17,3
epiforecasts-EpiNow2,PL,Cases,0.304028697923098,2022-01-17,3
itwm-dSEIR,DE,Cases,0.334378584949722,2022-01-17,3
HZI-AgeExtendedSEIR,DE,Cases,0.346624584638634,2022-01-24,3
IEM_Health-CovidProject,CZ,Deaths,0.250137313227169,2022-01-24,3
IEM_Health-CovidProject,DE,Cases,0.34035000823054,2022-01-24,3
IEM_Health-CovidProject,FR,Cases,0.40153937460315,2022-01-24,3
IEM_Health-CovidProject,FR,Deaths,0.169502983445281,2022-01-24,3
IEM_Health-CovidProject,GB,Cases,0.217077553074711,2022-01-24,3
IEM_Health-CovidProject,GB,Deaths,0.342046161597113,2022-01-24,3
IEM_Health-CovidProject,PL,Cases,0.289867618508118,2022-01-24,3
ILM-EKF,CZ,Cases,0.245087761403204,2022-01-24,3
ILM-EKF,DE,Cases,0.313025407130826,2022-01-24,3
ILM-EKF,PL,Deaths,0.330358816635906,2022-01-24,3
ITWW-county_repro,PL,Cases,0.267185350833194,2022-01-24,3
MUNI-ARIMA,CZ,Deaths,0.238215442431962,2022-01-24,3
MUNI-ARIMA,DE,Deaths,0.388616657476757,2022-01-24,3
MUNI-ARIMA,FR,Deaths,0.331788598942008,2022-01-24,3
MUNI-ARIMA,GB,Deaths,0.285009664920975,2022-01-24,3
MUNI_DMS-SEIAR,CZ,Cases,0.509607406649853,2022-01-24,3
PL_GRedlarski-DistrictsSum,PL,Cases,0.442947030658688,2022-01-24,3
RobertWalraven-ESG,DE,Deaths,0.328892485776842,2022-01-24,3
RobertWalraven-ESG,FR,Cases,0.329983815923131,2022-01-24,3
RobertWalraven-ESG,FR,Deaths,0.498708417612711,2022-01-24,3
RobertWalraven-ESG,GB,Cases,0.307783443077236,2022-01-24,3
UMass-MechBayes,CZ,Deaths,0.511647244340869,2022-01-24,3
UMass-MechBayes,DE,Deaths,0.2824908567464,2022-01-24,3
UMass-MechBayes,GB,Deaths,0.372944173481912,2022-01-24,3
UMass-MechBayes,PL,Deaths,0.40809059418371,2022-01-24,3
epiforecasts-EpiNow2,CZ,Cases,0.245304831946943,2022-01-24,3
epiforecasts-EpiNow2,FR,Cases,0.268476809473719,2022-01-24,3
epiforecasts-EpiNow2,GB,Cases,0.475139003848054,2022-01-24,3
epiforecasts-EpiNow2,PL,Deaths,0.261550589180384,2022-01-24,3
HZI-AgeExtendedSEIR,DE,Cases,0.35842474220651,2022-01-31,3
ICM-agentModel,PL,Cases,0.284333670526086,2022-01-31,3
ICM-agentModel,PL,Deaths,0.303203678514254,2022-01-31,3
IEM_Health-CovidProject,CZ,Cases,0.199861427285562,2022-01-31,3
IEM_Health-CovidProject,CZ,Deaths,0.315731840142289,2022-01-31,3
IEM_Health-CovidProject,FR,Cases,0.39031552784213,2022-01-31,3
IEM_Health-CovidProject,FR,Deaths,0.226767548951601,2022-01-31,3
IEM_Health-CovidProject,GB,Cases,0.182641522057245,2022-01-31,3
ILM-EKF,CZ,Cases,0.23284842252824,2022-01-31,3
ILM-EKF,DE,Cases,0.315522405941912,2022-01-31,3
ILM-EKF,PL,Deaths,0.415811332076745,2022-01-31,3
ITWW-county_repro,DE,Cases,0.326052851851578,2022-01-31,3
MUNI-ARIMA,CZ,Deaths,0.314368858693363,2022-01-31,3
MUNI-ARIMA,DE,Deaths,0.350919797633329,2022-01-31,3
MUNI-ARIMA,FR,Deaths,0.420279905871359,2022-01-31,3
MUNI-ARIMA,GB,Deaths,0.285034594001637,2022-01-31,3
MUNI_DMS-SEIAR,CZ,Cases,0.567290150186198,2022-01-31,3
PL_GRedlarski-DistrictsSum,PL,Cases,0.408526273895316,2022-01-31,3
RobertWalraven-ESG,CZ,Deaths,0.369899301164349,2022-01-31,3
RobertWalraven-ESG,DE,Deaths,0.321327471312608,2022-01-31,3
RobertWalraven-ESG,FR,Cases,0.445745660300678,2022-01-31,3
RobertWalraven-ESG,FR,Deaths,0.352952545177041,2022-01-31,3
RobertWalraven-ESG,GB,Cases,0.310089195471778,2022-01-31,3
RobertWalraven-ESG,GB,Deaths,0.199782682946038,2022-01-31,3
UMass-MechBayes,DE,Deaths,0.327752731054063,2022-01-31,3
UMass-MechBayes,GB,Deaths,0.515182723052326,2022-01-31,3
epiforecasts-EpiNow2,FR,Cases,0.163938811857192,2022-01-31,3
epiforecasts-EpiNow2,GB,Cases,0.507269282470977,2022-01-31,3
epiforecasts-EpiNow2,PL,Cases,0.307140055578598,2022-01-31,3
epiforecasts-EpiNow2,PL,Deaths,0.280984989409001,2022-01-31,3
HZI-AgeExtendedSEIR,DE,Cases,0.485223471243568,2022-02-07,3
ICM-agentModel,PL,Cases,0.382112301311547,2022-02-07,3
IEM_Health-CovidProject,CZ,Cases,0.224690145696492,2022-02-07,3
IEM_Health-CovidProject,CZ,Deaths,0.334407293332563,2022-02-07,3
IEM_Health-CovidProject,FR,Cases,0.227260143395386,2022-02-07,3
IEM_Health-CovidProject,FR,Deaths,0.193016642159449,2022-02-07,3
ILM-EKF,DE,Cases,0.264417850145546,2022-02-07,3
ILM-EKF,PL,Deaths,0.257440993718639,2022-02-07,3
ITWW-county_repro,DE,Cases,0.250358678610886,2022-02-07,3
MOCOS-agent1,PL,Cases,0.313730156147251,2022-02-07,3
MUNI-ARIMA,CZ,Deaths,0.345388861541837,2022-02-07,3
MUNI-ARIMA,DE,Deaths,0.403972837386207,2022-02-07,3
MUNI-ARIMA,FR,Deaths,0.447857369657846,2022-02-07,3
MUNI-ARIMA,GB,Deaths,0.263824197757739,2022-02-07,3
MUNI-ARIMA,PL,Deaths,0.453245625687601,2022-02-07,3
MUNI_DMS-SEIAR,CZ,Cases,0.560399813430638,2022-02-07,3
PL_GRedlarski-DistrictsSum,PL,Cases,0.304157542541203,2022-02-07,3
RobertWalraven-ESG,CZ,Deaths,0.3202038451256,2022-02-07,3
RobertWalraven-ESG,DE,Deaths,0.333308760562582,2022-02-07,3
RobertWalraven-ESG,FR,Cases,0.553151753032226,2022-02-07,3
RobertWalraven-ESG,FR,Deaths,0.359125988182704,2022-02-07,3
RobertWalraven-ESG,GB,Cases,0.386963124962004,2022-02-07,3
RobertWalraven-ESG,GB,Deaths,0.161465134287149,2022-02-07,3
UMass-MechBayes,DE,Deaths,0.262718402051211,2022-02-07,3
UMass-MechBayes,GB,Deaths,0.574710667955113,2022-02-07,3
UMass-MechBayes,PL,Deaths,0.28931338059376,2022-02-07,3
epiforecasts-EpiNow2,GB,Cases,0.319946486051666,2022-02-07,3
epiforecasts-weeklygrowth,CZ,Cases,0.21491004087287,2022-02-07,3
epiforecasts-weeklygrowth,FR,Cases,0.219588103572388,2022-02-07,3
epiforecasts-weeklygrowth,GB,Cases,0.293090388986331,2022-02-07,3
HZI-AgeExtendedSEIR,DE,Cases,0.321785477799285,2022-02-14,3
HZI-AgeExtendedSEIR,DE,Deaths,0.343407452266341,2022-02-14,3
ICM-agentModel,PL,Cases,0.264654652343316,2022-02-14,3
ICM-agentModel,PL,Deaths,0.387686475338546,2022-02-14,3
IEM_Health-CovidProject,CZ,Cases,0.216305728716207,2022-02-14,3
IEM_Health-CovidProject,CZ,Deaths,0.314779028213704,2022-02-14,3
IEM_Health-CovidProject,DE,Cases,0.204085676259737,2022-02-14,3
IEM_Health-CovidProject,FR,Deaths,0.223154782351502,2022-02-14,3
IEM_Health-CovidProject,GB,Cases,0.302249816559841,2022-02-14,3
IEM_Health-CovidProject,PL,Deaths,0.302738687702168,2022-02-14,3
ILM-EKF,FR,Cases,0.3547461951673,2022-02-14,3
MOCOS-agent1,PL,Cases,0.306652091090619,2022-02-14,3
MUNI-ARIMA,CZ,Deaths,0.366901249248628,2022-02-14,3
MUNI-ARIMA,DE,Deaths,0.292142810245677,2022-02-14,3
MUNI-ARIMA,FR,Deaths,0.336563438215289,2022-02-14,3
MUNI-ARIMA,GB,Deaths,0.161110404756516,2022-02-14,3
MUNI-ARIMA,PL,Deaths,0.309574836959285,2022-02-14,3
MUNI_DMS-SEIAR,CZ,Cases,0.581367493331466,2022-02-14,3
PL_GRedlarski-DistrictsSum,PL,Cases,0.428693256566064,2022-02-14,3
RobertWalraven-ESG,CZ,Cases,0.202326777952327,2022-02-14,3
RobertWalraven-ESG,DE,Deaths,0.364449737487982,2022-02-14,3
RobertWalraven-ESG,FR,Cases,0.311542969926517,2022-02-14,3
RobertWalraven-ESG,FR,Deaths,0.440281779433209,2022-02-14,3
RobertWalraven-ESG,GB,Cases,0.333510177466695,2022-02-14,3
RobertWalraven-ESG,GB,Deaths,0.105141949915745,2022-02-14,3
UMass-MechBayes,CZ,Deaths,0.318319722537668,2022-02-14,3
UMass-MechBayes,GB,Deaths,0.733747645327739,2022-02-14,3
epiforecasts-weeklygrowth,FR,Cases,0.333710834906183,2022-02-14,3
epiforecasts-weeklygrowth,GB,Cases,0.364240005973464,2022-02-14,3
itwm-dSEIR,DE,Cases,0.474128845940978,2022-02-14,3
HZI-AgeExtendedSEIR,DE,Cases,0.426417723527663,2022-02-21,3
HZI-AgeExtendedSEIR,DE,Deaths,0.363426681673174,2022-02-21,3
ICM-agentModel,PL,Deaths,0.315798320336118,2022-02-21,3
IEM_Health-CovidProject,CZ,Deaths,0.307930312488296,2022-02-21,3
IEM_Health-CovidProject,DE,Deaths,0.241461378218236,2022-02-21,3
IEM_Health-CovidProject,FR,Cases,0.265696923067135,2022-02-21,3
IEM_Health-CovidProject,FR,Deaths,0.1917802978618,2022-02-21,3
IEM_Health-CovidProject,GB,Cases,0.379530853062022,2022-02-21,3
IEM_Health-CovidProject,GB,Deaths,0.294475740796508,2022-02-21,3
IEM_Health-CovidProject,PL,Deaths,0.215564292420766,2022-02-21,3
MOCOS-agent1,PL,Cases,0.305522794748617,2022-02-21,3
MUNI-ARIMA,CZ,Deaths,0.376572455291389,2022-02-21,3
MUNI-ARIMA,FR,Deaths,0.330174280360732,2022-02-21,3
MUNI-ARIMA,GB,Deaths,0.447033195944043,2022-02-21,3
MUNI_DMS-SEIAR,CZ,Cases,0.494177626486706,2022-02-21,3
PL_GRedlarski-DistrictsSum,PL,Cases,0.454355053711595,2022-02-21,3
RobertWalraven-ESG,CZ,Cases,0.271743306195659,2022-02-21,3
RobertWalraven-ESG,CZ,Deaths,0.315497232220315,2022-02-21,3
RobertWalraven-ESG,DE,Cases,0.263829234602258,2022-02-21,3
RobertWalraven-ESG,DE,Deaths,0.39511194010859,2022-02-21,3
RobertWalraven-ESG,FR,Deaths,0.478045421777468,2022-02-21,3
RobertWalraven-ESG,GB,Cases,0.32725597606938,2022-02-21,3
RobertWalraven-ESG,GB,Deaths,0.258491063259449,2022-02-21,3
RobertWalraven-ESG,PL,Deaths,0.468637387243117,2022-02-21,3
epiforecasts-EpiNow2,CZ,Cases,0.234079067317635,2022-02-21,3
epiforecasts-EpiNow2,FR,Cases,0.457741970921258,2022-02-21,3
epiforecasts-EpiNow2,GB,Cases,0.293213170868599,2022-02-21,3
epiforecasts-EpiNow2,PL,Cases,0.240122151539789,2022-02-21,3
epiforecasts-weeklygrowth,FR,Cases,0.276561106011607,2022-02-21,3
itwm-dSEIR,DE,Cases,0.309753041870079,2022-02-21,3
HZI-AgeExtendedSEIR,DE,Cases,0.426931660389241,2022-02-28,3
HZI-AgeExtendedSEIR,DE,Deaths,0.390736303074125,2022-02-28,3
ICM-agentModel,PL,Deaths,0.226916902305018,2022-02-28,3
IEM_Health-CovidProject,CZ,Deaths,0.336629889822849,2022-02-28,3
IEM_Health-CovidProject,DE,Deaths,0.208734334242666,2022-02-28,3
IEM_Health-CovidProject,FR,Cases,0.239364923904193,2022-02-28,3
IEM_Health-CovidProject,FR,Deaths,0.261781538451228,2022-02-28,3
IEM_Health-CovidProject,GB,Cases,0.461830551536798,2022-02-28,3
IEM_Health-CovidProject,GB,Deaths,0.567193867524446,2022-02-28,3
IEM_Health-CovidProject,PL,Deaths,0.26913574974331,2022-02-28,3
ILM-EKF,CZ,Deaths,0.272335713252198,2022-02-28,3
MOCOS-agent1,PL,Cases,0.252514942342276,2022-02-28,3
MUNI_DMS-SEIAR,CZ,Cases,0.56833518322825,2022-02-28,3
PL_GRedlarski-DistrictsSum,PL,Cases,0.438190409514144,2022-02-28,3
RobertWalraven-ESG,CZ,Cases,0.157472438268144,2022-02-28,3
RobertWalraven-ESG,CZ,Deaths,0.391034396924954,2022-02-28,3
RobertWalraven-ESG,DE,Cases,0.351172137340184,2022-02-28,3
RobertWalraven-ESG,DE,Deaths,0.400529362683209,2022-02-28,3
RobertWalraven-ESG,FR,Deaths,0.428633940700668,2022-02-28,3
RobertWalraven-ESG,GB,Cases,0.255068469622261,2022-02-28,3
RobertWalraven-ESG,GB,Deaths,0.432806132475554,2022-02-28,3
RobertWalraven-ESG,PL,Deaths,0.503947347951672,2022-02-28,3
epiforecasts-EpiNow2,CZ,Cases,0.274192378503606,2022-02-28,3
epiforecasts-EpiNow2,FR,Cases,0.518042147135854,2022-02-28,3
epiforecasts-EpiNow2,FR,Deaths,0.309584520848104,2022-02-28,3
epiforecasts-EpiNow2,GB,Cases,0.28310097884094,2022-02-28,3
epiforecasts-EpiNow2,PL,Cases,0.30929464814358,2022-02-28,3
epiforecasts-weeklygrowth,FR,Cases,0.242592928959952,2022-02-28,3
itwm-dSEIR,DE,Cases,0.221896202270575,2022-02-28,3
FIAS_FZJ-Epi1Ger,DE,Deaths,0.303248878718336,2022-03-07,3
HZI-AgeExtendedSEIR,DE,Cases,0.444099123933053,2022-03-07,3
HZI-AgeExtendedSEIR,DE,Deaths,0.351066105389283,2022-03-07,3
IEM_Health-CovidProject,CZ,Deaths,0.249782569425052,2022-03-07,3
IEM_Health-CovidProject,DE,Cases,0.23487145145164,2022-03-07,3
IEM_Health-CovidProject,FR,Cases,0.257552043975741,2022-03-07,3
IEM_Health-CovidProject,FR,Deaths,0.206870555993268,2022-03-07,3
IEM_Health-CovidProject,GB,Cases,0.575034305100946,2022-03-07,3
IEM_Health-CovidProject,GB,Deaths,0.524726614923265,2022-03-07,3
ILM-EKF,CZ,Cases,0.306487642207699,2022-03-07,3
ILM-EKF,CZ,Deaths,0.263376695791989,2022-03-07,3
ILM-EKF,FR,Cases,0.482995327432929,2022-03-07,3
MIT_CovidAnalytics-DELPHI,PL,Deaths,0.188338163816598,2022-03-07,3
MOCOS-agent1,PL,Cases,0.325094570375833,2022-03-07,3
MOCOS-agent1,PL,Deaths,0.562839326896753,2022-03-07,3
MUNI_DMS-SEIAR,CZ,Cases,0.443229418104324,2022-03-07,3
PL_GRedlarski-DistrictsSum,PL,Cases,0.416955508804949,2022-03-07,3
RobertWalraven-ESG,CZ,Deaths,0.486840734782959,2022-03-07,3
RobertWalraven-ESG,DE,Cases,0.321029424615307,2022-03-07,3
RobertWalraven-ESG,DE,Deaths,0.345685015892381,2022-03-07,3
RobertWalraven-ESG,FR,Deaths,0.353254888735731,2022-03-07,3
RobertWalraven-ESG,GB,Cases,0.16673908489184,2022-03-07,3
RobertWalraven-ESG,GB,Deaths,0.475273385076735,2022-03-07,3
RobertWalraven-ESG,PL,Deaths,0.248822509286649,2022-03-07,3
epiforecasts-EpiNow2,FR,Cases,0.259452628591331,2022-03-07,3
epiforecasts-EpiNow2,FR,Deaths,0.439874555271001,2022-03-07,3
epiforecasts-EpiNow2,GB,Cases,0.258226610007214,2022-03-07,3
epiforecasts-EpiNow2,PL,Cases,0.257949920819218,2022-03-07,3
epiforecasts-weeklygrowth,CZ,Cases,0.250282939687977,2022-03-07,3
DSMPG-bayes,CZ,Cases,0.134986533787813,2021-04-12,5
DSMPG-bayes,FR,Cases,0.177728193586591,2021-04-12,5
FIAS_FZJ-Epi1Ger,DE,Cases,0.228089636345514,2021-04-12,5
ICM-agentModel,PL,Cases,0.204583373977751,2021-04-12,5
IEM_Health-CovidProject,CZ,Cases,0.0978944152801717,2021-04-12,5
IEM_Health-CovidProject,CZ,Deaths,0.13380983361153,2021-04-12,5
IEM_Health-CovidProject,DE,Cases,0.220480519294977,2021-04-12,5
IEM_Health-CovidProject,FR,Cases,0.176679771775363,2021-04-12,5
IEM_Health-CovidProject,FR,Deaths,0.199320172150731,2021-04-12,5
IEM_Health-CovidProject,GB,Cases,0.318902335693413,2021-04-12,5
IEM_Health-CovidProject,GB,Deaths,0.152959371818373,2021-04-12,5
IEM_Health-CovidProject,PL,Deaths,0.136400055404834,2021-04-12,5
ILM-EKF,CZ,Cases,0.243603162868334,2021-04-12,5
ILM-EKF,CZ,Deaths,0.313170370179471,2021-04-12,5
ILM-EKF,FR,Deaths,0.236532995178893,2021-04-12,5
ILM-EKF,GB,Cases,0.280338193276899,2021-04-12,5
ILM-EKF,GB,Deaths,0.252618545746335,2021-04-12,5
ILM-EKF,PL,Deaths,0.134208045196155,2021-04-12,5
Karlen-pypm,DE,Deaths,0.144597846050824,2021-04-12,5
MIMUW-StochSEIR,PL,Cases,0.174345831357805,2021-04-12,5
MIMUW-StochSEIR,PL,Deaths,0.171546489332735,2021-04-12,5
MIT_CovidAnalytics-DELPHI,DE,Deaths,0.182305879389145,2021-04-12,5
MOCOS-agent1,PL,Cases,0.311099408328752,2021-04-12,5
MOCOS-agent1,PL,Deaths,0.308600428095527,2021-04-12,5
MUNI_DMS-SEIAR,CZ,Cases,0.288348233372847,2021-04-12,5
RobertWalraven-ESG,CZ,Deaths,0.135408497818379,2021-04-12,5
RobertWalraven-ESG,DE,Deaths,0.148111360563781,2021-04-12,5
RobertWalraven-ESG,FR,Deaths,0.170378746611178,2021-04-12,5
RobertWalraven-ESG,GB,Deaths,0.144627643089229,2021-04-12,5
UNIPV-BayesINGARCHX,DE,Cases,0.163613278572696,2021-04-12,5
UNIPV-BayesINGARCHX,FR,Cases,0.15312664959056,2021-04-12,5
epiforecasts-EpiExpert,DE,Cases,0.178907608532903,2021-04-12,5
epiforecasts-EpiExpert,DE,Deaths,0.308793172246439,2021-04-12,5
epiforecasts-EpiExpert,FR,Cases,0.272085367947738,2021-04-12,5
epiforecasts-EpiExpert,FR,Deaths,0.211215713817598,2021-04-12,5
epiforecasts-EpiExpert,GB,Cases,0.140528719432124,2021-04-12,5
epiforecasts-EpiExpert,GB,Deaths,0.356191081789055,2021-04-12,5
epiforecasts-EpiExpert,PL,Cases,0.185430675601201,2021-04-12,5
epiforecasts-EpiExpert,PL,Deaths,0.249244981970749,2021-04-12,5
epiforecasts-EpiNow2,CZ,Cases,0.235167654690835,2021-04-12,5
epiforecasts-EpiNow2,CZ,Deaths,0.417611298390619,2021-04-12,5
epiforecasts-EpiNow2,DE,Cases,0.208908957253909,2021-04-12,5
epiforecasts-EpiNow2,FR,Cases,0.220380017099748,2021-04-12,5
epiforecasts-EpiNow2,FR,Deaths,0.182552372241599,2021-04-12,5
epiforecasts-EpiNow2,GB,Cases,0.260230751597563,2021-04-12,5
epiforecasts-EpiNow2,GB,Deaths,0.0936033575570084,2021-04-12,5
epiforecasts-EpiNow2,PL,Cases,0.124540710734491,2021-04-12,5
itwm-dSEIR,DE,Deaths,0.216191741749811,2021-04-12,5
DSMPG-bayes,CZ,Cases,0.190159677247022,2021-04-19,5
DSMPG-bayes,FR,Cases,0.195815284438944,2021-04-19,5
FIAS_FZJ-Epi1Ger,DE,Cases,0.204478331989805,2021-04-19,5
ICM-agentModel,PL,Cases,0.201916661440009,2021-04-19,5
IEM_Health-CovidProject,CZ,Deaths,0.124278049941724,2021-04-19,5
IEM_Health-CovidProject,DE,Cases,0.246806969849941,2021-04-19,5
IEM_Health-CovidProject,FR,Deaths,0.239429494567876,2021-04-19,5
IEM_Health-CovidProject,GB,Cases,0.30487178736559,2021-04-19,5
IEM_Health-CovidProject,PL,Deaths,0.114242385555988,2021-04-19,5
ILM-EKF,CZ,Cases,0.274786157245708,2021-04-19,5
ILM-EKF,CZ,Deaths,0.296339653414434,2021-04-19,5
ILM-EKF,FR,Deaths,0.192359715664985,2021-04-19,5
ILM-EKF,GB,Cases,0.218670217149669,2021-04-19,5
ILM-EKF,GB,Deaths,0.245387230848073,2021-04-19,5
MIMUW-StochSEIR,PL,Cases,0.105726026772689,2021-04-19,5
MIMUW-StochSEIR,PL,Deaths,0.176643800307508,2021-04-19,5
MIT_CovidAnalytics-DELPHI,DE,Cases,0.167075251937934,2021-04-19,5
MIT_CovidAnalytics-DELPHI,DE,Deaths,0.237554273348537,2021-04-19,5
MIT_CovidAnalytics-DELPHI,PL,Deaths,0.118456467026174,2021-04-19,5
MOCOS-agent1,PL,Cases,0.469664597967986,2021-04-19,5
MOCOS-agent1,PL,Deaths,0.329501485939158,2021-04-19,5
MUNI_DMS-SEIAR,CZ,Cases,0.18463200485332,2021-04-19,5
RobertWalraven-ESG,FR,Deaths,0.256631235640018,2021-04-19,5
RobertWalraven-ESG,GB,Deaths,0.161687611631366,2021-04-19,5
UMass-MechBayes,CZ,Deaths,0.135091961905766,2021-04-19,5
UMass-MechBayes,DE,Deaths,0.154484817272891,2021-04-19,5
UMass-MechBayes,FR,Deaths,0.160905871018316,2021-04-19,5
UMass-MechBayes,GB,Deaths,0.156369940016907,2021-04-19,5
UMass-SemiMech,CZ,Cases,0.166855712449703,2021-04-19,5
UMass-SemiMech,CZ,Deaths,0.137821277308976,2021-04-19,5
UMass-SemiMech,DE,Cases,0.1650830955013,2021-04-19,5
UMass-SemiMech,DE,Deaths,0.167121505324441,2021-04-19,5
UMass-SemiMech,FR,Cases,0.152593270425942,2021-04-19,5
UMass-SemiMech,FR,Deaths,0.150673683108805,2021-04-19,5
UMass-SemiMech,GB,Cases,0.122475618667186,2021-04-19,5
UMass-SemiMech,GB,Deaths,0.151068927230599,2021-04-19,5
UNIPV-BayesINGARCHX,FR,Cases,0.233330834844845,2021-04-19,5
epiforecasts-EpiExpert,DE,Deaths,0.254153805581112,2021-04-19,5
epiforecasts-EpiExpert,FR,Cases,0.196767862982604,2021-04-19,5
epiforecasts-EpiExpert,GB,Cases,0.12219558072319,2021-04-19,5
epiforecasts-EpiExpert,GB,Deaths,0.285486290273055,2021-04-19,5
epiforecasts-EpiExpert,PL,Cases,0.118087638282433,2021-04-19,5
epiforecasts-EpiExpert,PL,Deaths,0.261155861171172,2021-04-19,5
epiforecasts-EpiNow2,CZ,Cases,0.183566448204248,2021-04-19,5
epiforecasts-EpiNow2,CZ,Deaths,0.3064690574291,2021-04-19,5
epiforecasts-EpiNow2,DE,Cases,0.21655635072102,2021-04-19,5
epiforecasts-EpiNow2,FR,Cases,0.221492747307665,2021-04-19,5
epiforecasts-EpiNow2,GB,Cases,0.231786796094366,2021-04-19,5
epiforecasts-EpiNow2,PL,Cases,0.104605075536883,2021-04-19,5
itwm-dSEIR,DE,Deaths,0.186685598473019,2021-04-19,5
DSMPG-bayes,PL,Cases,0.0906682456853021,2021-04-26,5
FIAS_FZJ-Epi1Ger,DE,Cases,0.181908187599001,2021-04-26,5
ICM-agentModel,PL,Cases,0.207213887808677,2021-04-26,5
IEM_Health-CovidProject,CZ,Cases,0.0876739005411634,2021-04-26,5
IEM_Health-CovidProject,CZ,Deaths,0.122491989914554,2021-04-26,5
IEM_Health-CovidProject,DE,Cases,0.184477213060241,2021-04-26,5
IEM_Health-CovidProject,FR,Cases,0.165165319556859,2021-04-26,5
IEM_Health-CovidProject,FR,Deaths,0.161156379140337,2021-04-26,5
IEM_Health-CovidProject,GB,Cases,0.275823547918399,2021-04-26,5
ILM-EKF,CZ,Cases,0.356921665669692,2021-04-26,5
ILM-EKF,CZ,Deaths,0.221283518361584,2021-04-26,5
ILM-EKF,FR,Deaths,0.0847960601593308,2021-04-26,5
ILM-EKF,GB,Cases,0.171366748188703,2021-04-26,5
ILM-EKF,GB,Deaths,0.226400502696773,2021-04-26,5
Karlen-pypm,DE,Deaths,0.165830383550978,2021-04-26,5
MIMUW-StochSEIR,PL,Deaths,0.159236424994055,2021-04-26,5
MIT_CovidAnalytics-DELPHI,DE,Cases,0.184326247800316,2021-04-26,5
MIT_CovidAnalytics-DELPHI,DE,Deaths,0.232024545298588,2021-04-26,5
MIT_CovidAnalytics-DELPHI,PL,Deaths,0.150162357947139,2021-04-26,5
MOCOS-agent1,PL,Cases,0.493146134625729,2021-04-26,5
MOCOS-agent1,PL,Deaths,0.264242272446406,2021-04-26,5
MUNI_DMS-SEIAR,CZ,Cases,0.0961094801724218,2021-04-26,5
RobertWalraven-ESG,FR,Deaths,0.483118516873753,2021-04-26,5
RobertWalraven-ESG,GB,Deaths,0.194833438148618,2021-04-26,5
RobertWalraven-ESG,PL,Deaths,0.0979662808156271,2021-04-26,5
UMass-MechBayes,CZ,Deaths,0.181897845656587,2021-04-26,5
UMass-MechBayes,DE,Deaths,0.170086672541232,2021-04-26,5
UMass-MechBayes,FR,Deaths,0.148761676810903,2021-04-26,5
UMass-MechBayes,GB,Deaths,0.159836071530239,2021-04-26,5
UMass-SemiMech,CZ,Cases,0.172111040023838,2021-04-26,5
UMass-SemiMech,CZ,Deaths,0.191167962843089,2021-04-26,5
UMass-SemiMech,DE,Cases,0.183453339663244,2021-04-26,5
UMass-SemiMech,DE,Deaths,0.208302283914126,2021-04-26,5
UMass-SemiMech,FR,Cases,0.220953905274672,2021-04-26,5
UMass-SemiMech,FR,Deaths,0.122167367015677,2021-04-26,5
UMass-SemiMech,GB,Cases,0.180195637903837,2021-04-26,5
UNIPV-BayesINGARCHX,FR,Cases,0.161981743227168,2021-04-26,5
epiforecasts-EpiExpert,DE,Cases,0.265835011877198,2021-04-26,5
epiforecasts-EpiExpert,DE,Deaths,0.223756114695076,2021-04-26,5
epiforecasts-EpiExpert,FR,Cases,0.212575165937988,2021-04-26,5
epiforecasts-EpiExpert,GB,Cases,0.120325839626291,2021-04-26,5
epiforecasts-EpiExpert,GB,Deaths,0.221070692439006,2021-04-26,5
epiforecasts-EpiExpert,PL,Cases,0.0922598172892787,2021-04-26,5
epiforecasts-EpiExpert,PL,Deaths,0.328392663796773,2021-04-26,5
epiforecasts-EpiNow2,CZ,Cases,0.287183913592884,2021-04-26,5
epiforecasts-EpiNow2,CZ,Deaths,0.283158683224186,2021-04-26,5
epiforecasts-EpiNow2,FR,Cases,0.239323866003313,2021-04-26,5
epiforecasts-EpiNow2,GB,Cases,0.25228822636277,2021-04-26,5
epiforecasts-EpiNow2,GB,Deaths,0.197859295185365,2021-04-26,5
epiforecasts-EpiNow2,PL,Cases,0.116711914591013,2021-04-26,5
IEM_Health-CovidProject,CZ,Cases,0.120529090833142,2021-05-03,5
IEM_Health-CovidProject,DE,Cases,0.167839358583115,2021-05-03,5
IEM_Health-CovidProject,FR,Cases,0.154858529856247,2021-05-03,5
IEM_Health-CovidProject,FR,Deaths,0.123406733609934,2021-05-03,5
IEM_Health-CovidProject,GB,Cases,0.349188446920524,2021-05-03,5
ILM-EKF,CZ,Cases,0.310853110517094,2021-05-03,5
ILM-EKF,CZ,Deaths,0.145982835212302,2021-05-03,5
ILM-EKF,DE,Cases,0.176944636481601,2021-05-03,5
ILM-EKF,DE,Deaths,0.208347649091614,2021-05-03,5
ILM-EKF,FR,Cases,0.22574918397047,2021-05-03,5
ILM-EKF,FR,Deaths,0.179594006165182,2021-05-03,5
ILM-EKF,GB,Cases,0.161405982688186,2021-05-03,5
ILM-EKF,GB,Deaths,0.22468864993476,2021-05-03,5
ILM-EKF,PL,Cases,0.101242563487869,2021-05-03,5
ILM-EKF,PL,Deaths,0.171823630299996,2021-05-03,5
Karlen-pypm,DE,Cases,0.217862394655122,2021-05-03,5
Karlen-pypm,DE,Deaths,0.253382464857619,2021-05-03,5
MOCOS-agent1,PL,Cases,0.327280870661914,2021-05-03,5
MOCOS-agent1,PL,Deaths,0.350294224135861,2021-05-03,5
MUNI_DMS-SEIAR,CZ,Cases,0.130460130648914,2021-05-03,5
RobertWalraven-ESG,CZ,Deaths,0.288305512197722,2021-05-03,5
RobertWalraven-ESG,FR,Deaths,0.480306405496937,2021-05-03,5
RobertWalraven-ESG,GB,Deaths,0.15953291137401,2021-05-03,5
UMass-MechBayes,CZ,Deaths,0.156954868738087,2021-05-03,5
UMass-MechBayes,FR,Deaths,0.124314207828984,2021-05-03,5
UMass-MechBayes,GB,Deaths,0.160804513079506,2021-05-03,5
UMass-MechBayes,PL,Deaths,0.156580352194504,2021-05-03,5
UMass-SemiMech,CZ,Cases,0.166834626623673,2021-05-03,5
UMass-SemiMech,CZ,Deaths,0.154256656176558,2021-05-03,5
UMass-SemiMech,DE,Deaths,0.175815070704477,2021-05-03,5
UMass-SemiMech,FR,Cases,0.184273130833955,2021-05-03,5
UMass-SemiMech,FR,Deaths,0.0923786468989629,2021-05-03,5
UMass-SemiMech,GB,Cases,0.152536780369625,2021-05-03,5
UMass-SemiMech,PL,Cases,0.0697161481783637,2021-05-03,5
epiforecasts-EpiExpert,DE,Cases,0.234334883555485,2021-05-03,5
epiforecasts-EpiExpert,FR,Cases,0.207526089774382,2021-05-03,5
epiforecasts-EpiExpert,GB,Cases,0.172721938596453,2021-05-03,5
epiforecasts-EpiExpert,GB,Deaths,0.169289842878664,2021-05-03,5
epiforecasts-EpiExpert,PL,Cases,0.0962614954030294,2021-05-03,5
epiforecasts-EpiExpert,PL,Deaths,0.153331711700902,2021-05-03,5
epiforecasts-EpiNow2,CZ,Cases,0.271323041377178,2021-05-03,5
epiforecasts-EpiNow2,CZ,Deaths,0.254500127675331,2021-05-03,5
epiforecasts-EpiNow2,DE,Cases,0.203018726724678,2021-05-03,5
epiforecasts-EpiNow2,DE,Deaths,0.182714337498184,2021-05-03,5
epiforecasts-EpiNow2,FR,Cases,0.227593065564946,2021-05-03,5
epiforecasts-EpiNow2,GB,Cases,0.164146851425212,2021-05-03,5
epiforecasts-EpiNow2,GB,Deaths,0.28568408273306,2021-05-03,5
epiforecasts-EpiNow2,PL,Cases,0.405498922268824,2021-05-03,5
epiforecasts-EpiNow2,PL,Deaths,0.167970081668737,2021-05-03,5
itwm-dSEIR,DE,Deaths,0.179740477848106,2021-05-03,5
IEM_Health-CovidProject,FR,Cases,0.207165112848533,2021-05-10,5
IEM_Health-CovidProject,FR,Deaths,0.130905472506134,2021-05-10,5
IEM_Health-CovidProject,GB,Cases,0.407829491470083,2021-05-10,5
IEM_Health-CovidProject,GB,Deaths,0.133389382567416,2021-05-10,5
ILM-EKF,CZ,Cases,0.234520295205093,2021-05-10,5
ILM-EKF,CZ,Deaths,0.137310932084077,2021-05-10,5
ILM-EKF,FR,Cases,0.22123548298894,2021-05-10,5
ILM-EKF,FR,Deaths,0.182255282450486,2021-05-10,5
ILM-EKF,GB,Cases,0.102947899042449,2021-05-10,5
ILM-EKF,GB,Deaths,0.179648915001292,2021-05-10,5
ILM-EKF,PL,Cases,0.203562395076129,2021-05-10,5
ILM-EKF,PL,Deaths,0.19324075359496,2021-05-10,5
Karlen-pypm,DE,Cases,0.165509445685207,2021-05-10,5
Karlen-pypm,DE,Deaths,0.179873528768604,2021-05-10,5
MOCOS-agent1,PL,Cases,0.214359465713698,2021-05-10,5
MOCOS-agent1,PL,Deaths,0.329386764723886,2021-05-10,5
MUNI_DMS-SEIAR,CZ,Cases,0.180672140935036,2021-05-10,5
RobertWalraven-ESG,CZ,Deaths,0.212659758221585,2021-05-10,5
RobertWalraven-ESG,DE,Deaths,0.206793448309651,2021-05-10,5
RobertWalraven-ESG,FR,Deaths,0.433179278046139,2021-05-10,5
UMass-MechBayes,CZ,Deaths,0.188066046344899,2021-05-10,5
UMass-MechBayes,FR,Deaths,0.141222601877725,2021-05-10,5
UMass-MechBayes,PL,Deaths,0.169288901788865,2021-05-10,5
UMass-SemiMech,DE,Cases,0.168490258862885,2021-05-10,5
UMass-SemiMech,DE,Deaths,0.198360796666015,2021-05-10,5
UMass-SemiMech,FR,Cases,0.177608411142678,2021-05-10,5
UMass-SemiMech,PL,Deaths,0.15103053405743,2021-05-10,5
UNIPV-BayesINGARCHX,DE,Cases,0.227777102298352,2021-05-10,5
epiforecasts-EpiExpert,CZ,Cases,0.182948394065904,2021-05-10,5
epiforecasts-EpiExpert,DE,Cases,0.268899364196765,2021-05-10,5
epiforecasts-EpiExpert,DE,Deaths,0.214088940580271,2021-05-10,5
epiforecasts-EpiExpert,FR,Cases,0.190633253962794,2021-05-10,5
epiforecasts-EpiExpert,FR,Deaths,0.112437365119517,2021-05-10,5
epiforecasts-EpiExpert,GB,Cases,0.216718425549964,2021-05-10,5
epiforecasts-EpiExpert,GB,Deaths,0.307828917318424,2021-05-10,5
epiforecasts-EpiExpert,PL,Cases,0.133483947471383,2021-05-10,5
epiforecasts-EpiExpert_Rt,CZ,Cases,0.180345728931579,2021-05-10,5
epiforecasts-EpiExpert_Rt,CZ,Deaths,0.206611495326541,2021-05-10,5
epiforecasts-EpiExpert_Rt,GB,Cases,0.112391323110598,2021-05-10,5
epiforecasts-EpiExpert_Rt,GB,Deaths,0.159064850420834,2021-05-10,5
epiforecasts-EpiExpert_Rt,PL,Cases,0.108682259292115,2021-05-10,5
epiforecasts-EpiExpert_Rt,PL,Deaths,0.157053045834859,2021-05-10,5
epiforecasts-EpiNow2,CZ,Cases,0.221513440862388,2021-05-10,5
epiforecasts-EpiNow2,CZ,Deaths,0.255351768022898,2021-05-10,5
epiforecasts-EpiNow2,FR,Cases,0.203357739057056,2021-05-10,5
epiforecasts-EpiNow2,GB,Cases,0.160112860826907,2021-05-10,5
epiforecasts-EpiNow2,GB,Deaths,0.220067934692035,2021-05-10,5
epiforecasts-EpiNow2,PL,Cases,0.339911932446675,2021-05-10,5
itwm-dSEIR,DE,Cases,0.169323828956792,2021-05-10,5
itwm-dSEIR,DE,Deaths,0.200883285675458,2021-05-10,5
HZI-AgeExtendedSEIR,DE,Deaths,0.181786333755451,2021-05-17,5
ICM-agentModel,PL,Cases,0.112811703680866,2021-05-17,5
ICM-agentModel,PL,Deaths,0.106393456622168,2021-05-17,5
IEM_Health-CovidProject,CZ,Cases,0.103860763885835,2021-05-17,5
IEM_Health-CovidProject,CZ,Deaths,0.157535741515337,2021-05-17,5
IEM_Health-CovidProject,FR,Cases,0.256850931394951,2021-05-17,5
IEM_Health-CovidProject,FR,Deaths,0.142941553486418,2021-05-17,5
IEM_Health-CovidProject,GB,Cases,0.422350165027983,2021-05-17,5
ILM-EKF,CZ,Cases,0.299937327515493,2021-05-17,5
ILM-EKF,CZ,Deaths,0.165718082686216,2021-05-17,5
ILM-EKF,FR,Cases,0.223799474317148,2021-05-17,5
ILM-EKF,FR,Deaths,0.140530163491798,2021-05-17,5
ILM-EKF,GB,Cases,0.149477505620741,2021-05-17,5
ILM-EKF,GB,Deaths,0.149828397678986,2021-05-17,5
ILM-EKF,PL,Cases,0.170914745311546,2021-05-17,5
ILM-EKF,PL,Deaths,0.173112266159368,2021-05-17,5
MIT_CovidAnalytics-DELPHI,DE,Cases,0.220970048586912,2021-05-17,5
MIT_CovidAnalytics-DELPHI,DE,Deaths,0.210521756608251,2021-05-17,5
MOCOS-agent1,PL,Cases,0.220412830592348,2021-05-17,5
MOCOS-agent1,PL,Deaths,0.311661742422808,2021-05-17,5
MUNI_DMS-SEIAR,CZ,Cases,0.23824211325425,2021-05-17,5
PL_GRedlarski-DistrictsSum,PL,Cases,0.172309068402269,2021-05-17,5
RobertWalraven-ESG,CZ,Deaths,0.19244697432132,2021-05-17,5
RobertWalraven-ESG,DE,Deaths,0.223857813994954,2021-05-17,5
RobertWalraven-ESG,FR,Deaths,0.355924722485783,2021-05-17,5
UMass-MechBayes,CZ,Deaths,0.189241174146683,2021-05-17,5
UMass-MechBayes,FR,Deaths,0.270334361158817,2021-05-17,5
UMass-MechBayes,GB,Deaths,0.220601957902329,2021-05-17,5
UMass-MechBayes,PL,Deaths,0.219135240617144,2021-05-17,5
UMass-SemiMech,CZ,Cases,0.0774293865829242,2021-05-17,5
UMass-SemiMech,DE,Cases,0.194628360400657,2021-05-17,5
UMass-SemiMech,DE,Deaths,0.199626554887219,2021-05-17,5
UMass-SemiMech,FR,Cases,0.245272719468404,2021-05-17,5
UMass-SemiMech,FR,Deaths,0.0902691993771839,2021-05-17,5
UMass-SemiMech,PL,Deaths,0.189697294178513,2021-05-17,5
UNIPV-BayesINGARCHX,DE,Cases,0.271693094632714,2021-05-17,5
UNIPV-BayesINGARCHX,FR,Cases,0.0973484749958544,2021-05-17,5
epiforecasts-EpiExpert,DE,Cases,0.187375828852813,2021-05-17,5
epiforecasts-EpiExpert,GB,Cases,0.135627366003375,2021-05-17,5
epiforecasts-EpiExpert,GB,Deaths,0.249933100726551,2021-05-17,5
epiforecasts-EpiExpert_direct,DE,Cases,0.125332667526904,2021-05-17,5
epiforecasts-EpiExpert_direct,DE,Deaths,0.184207540754125,2021-05-17,5
epiforecasts-EpiExpert_direct,GB,Cases,0.134877640018143,2021-05-17,5
epiforecasts-EpiExpert_direct,GB,Deaths,0.139515487433709,2021-05-17,5
epiforecasts-EpiNow2,CZ,Cases,0.280530408761499,2021-05-17,5
epiforecasts-EpiNow2,CZ,Deaths,0.295058027330445,2021-05-17,5
epiforecasts-EpiNow2,FR,Cases,0.176728399823642,2021-05-17,5
epiforecasts-EpiNow2,GB,Cases,0.157667323329758,2021-05-17,5
epiforecasts-EpiNow2,GB,Deaths,0.240121056258425,2021-05-17,5
epiforecasts-EpiNow2,PL,Cases,0.323551652012972,2021-05-17,5
HZI-AgeExtendedSEIR,DE,Deaths,0.192468921299987,2021-05-24,5
IEM_Health-CovidProject,CZ,Cases,0.110686100101619,2021-05-24,5
IEM_Health-CovidProject,FR,Cases,0.180269620759283,2021-05-24,5
IEM_Health-CovidProject,GB,Cases,0.281267581318625,2021-05-24,5
ILM-EKF,CZ,Cases,0.290741123233227,2021-05-24,5
ILM-EKF,CZ,Deaths,0.164555049190771,2021-05-24,5
ILM-EKF,FR,Cases,0.230131983828115,2021-05-24,5
ILM-EKF,FR,Deaths,0.217918675087833,2021-05-24,5
ILM-EKF,PL,Cases,0.253005095081418,2021-05-24,5
ILM-EKF,PL,Deaths,0.171808152832644,2021-05-24,5
MIT_CovidAnalytics-DELPHI,DE,Cases,0.302039598024543,2021-05-24,5
MOCOS-agent1,PL,Cases,0.185661560281449,2021-05-24,5
MOCOS-agent1,PL,Deaths,0.272983091637966,2021-05-24,5
MUNI_DMS-SEIAR,CZ,Cases,0.236878681651874,2021-05-24,5
MUNI_DMS-SEIAR,CZ,Deaths,0.11434805416423,2021-05-24,5
PL_GRedlarski-DistrictsSum,PL,Cases,0.228190761670457,2021-05-24,5
RobertWalraven-ESG,CZ,Deaths,0.244190124284445,2021-05-24,5
RobertWalraven-ESG,DE,Deaths,0.181995831153707,2021-05-24,5
RobertWalraven-ESG,FR,Deaths,0.228382392499076,2021-05-24,5
UMass-MechBayes,CZ,Deaths,0.255516558016771,2021-05-24,5
UMass-MechBayes,FR,Deaths,0.264364652774291,2021-05-24,5
UMass-MechBayes,GB,Deaths,0.234940281887883,2021-05-24,5
UMass-MechBayes,PL,Deaths,0.263489845764191,2021-05-24,5
UMass-SemiMech,CZ,Cases,0.0673543721335987,2021-05-24,5
UMass-SemiMech,DE,Cases,0.152847064677558,2021-05-24,5
UMass-SemiMech,FR,Cases,0.190694573691214,2021-05-24,5
UMass-SemiMech,PL,Deaths,0.169156824771395,2021-05-24,5
UNIPV-BayesINGARCHX,DE,Cases,0.160728168881343,2021-05-24,5
epiforecasts-EpiExpert,DE,Cases,0.191549706791532,2021-05-24,5
epiforecasts-EpiExpert,DE,Deaths,0.216936863462312,2021-05-24,5
epiforecasts-EpiExpert,FR,Cases,0.199451910860694,2021-05-24,5
epiforecasts-EpiExpert,FR,Deaths,0.1446671398194,2021-05-24,5
epiforecasts-EpiExpert,GB,Cases,0.169198017808346,2021-05-24,5
epiforecasts-EpiExpert,GB,Deaths,0.238455245907109,2021-05-24,5
epiforecasts-EpiExpert,PL,Cases,0.146198005183477,2021-05-24,5
epiforecasts-EpiExpert,PL,Deaths,0.122562084993804,2021-05-24,5
epiforecasts-EpiExpert_Rt,DE,Cases,0.192835461625025,2021-05-24,5
epiforecasts-EpiExpert_Rt,GB,Cases,0.211577034238283,2021-05-24,5
epiforecasts-EpiExpert_Rt,GB,Deaths,0.15561898834309,2021-05-24,5
epiforecasts-EpiExpert_direct,DE,Deaths,0.210862232852786,2021-05-24,5
epiforecasts-EpiExpert_direct,FR,Cases,0.199451910860694,2021-05-24,5
epiforecasts-EpiExpert_direct,FR,Deaths,0.1446671398194,2021-05-24,5
epiforecasts-EpiExpert_direct,GB,Cases,0.153787141240634,2021-05-24,5
epiforecasts-EpiExpert_direct,GB,Deaths,0.153619264656002,2021-05-24,5
epiforecasts-EpiNow2,CZ,Cases,0.294339722879682,2021-05-24,5
epiforecasts-EpiNow2,CZ,Deaths,0.221390214343784,2021-05-24,5
epiforecasts-EpiNow2,GB,Cases,0.184170225394111,2021-05-24,5
epiforecasts-EpiNow2,GB,Deaths,0.217366219205916,2021-05-24,5
epiforecasts-EpiNow2,PL,Cases,0.186944577783199,2021-05-24,5
itwm-dSEIR,DE,Deaths,0.197736151231207,2021-05-24,5
FIAS_FZJ-Epi1Ger,DE,Cases,0.159098341070403,2021-05-31,5
HZI-AgeExtendedSEIR,DE,Deaths,0.213284098472419,2021-05-31,5
IEM_Health-CovidProject,CZ,Cases,0.0998820571399805,2021-05-31,5
IEM_Health-CovidProject,FR,Cases,0.200909659048728,2021-05-31,5
IEM_Health-CovidProject,FR,Deaths,0.109326829421647,2021-05-31,5
IEM_Health-CovidProject,GB,Cases,0.258740069049236,2021-05-31,5
IEM_Health-CovidProject,GB,Deaths,0.16129108803688,2021-05-31,5
ILM-EKF,CZ,Cases,0.275910218337393,2021-05-31,5
ILM-EKF,CZ,Deaths,0.190042530744615,2021-05-31,5
ILM-EKF,DE,Cases,0.179443534995753,2021-05-31,5
ILM-EKF,FR,Cases,0.253962525913533,2021-05-31,5
ILM-EKF,FR,Deaths,0.241489226022779,2021-05-31,5
ILM-EKF,PL,Cases,0.264834265586786,2021-05-31,5
ILM-EKF,PL,Deaths,0.182132723894046,2021-05-31,5
MIMUW-StochSEIR,PL,Deaths,0.152614209262064,2021-05-31,5
MIT_CovidAnalytics-DELPHI,DE,Cases,0.238132496497842,2021-05-31,5
MIT_CovidAnalytics-DELPHI,DE,Deaths,0.17361858317312,2021-05-31,5
MOCOS-agent1,PL,Cases,0.23495247119425,2021-05-31,5
MOCOS-agent1,PL,Deaths,0.237853172989608,2021-05-31,5
MUNI-ARIMA,CZ,Cases,0.126348359466502,2021-05-31,5
MUNI-ARIMA,CZ,Deaths,0.0995249075065199,2021-05-31,5
MUNI-ARIMA,FR,Cases,0.139023678847501,2021-05-31,5
MUNI-ARIMA,FR,Deaths,0.135055643549578,2021-05-31,5
MUNI-ARIMA,GB,Cases,0.143510117294718,2021-05-31,5
MUNI-ARIMA,PL,Cases,0.123942154269536,2021-05-31,5
MUNI_DMS-SEIAR,CZ,Cases,0.21775232325484,2021-05-31,5
MUNI_DMS-SEIAR,CZ,Deaths,0.111049352279504,2021-05-31,5
PL_GRedlarski-DistrictsSum,PL,Cases,0.131489893863323,2021-05-31,5
RobertWalraven-ESG,CZ,Deaths,0.298285391968184,2021-05-31,5
RobertWalraven-ESG,DE,Deaths,0.181492241457704,2021-05-31,5
RobertWalraven-ESG,FR,Deaths,0.21100244160266,2021-05-31,5
UMass-MechBayes,CZ,Deaths,0.301097817501177,2021-05-31,5
UMass-MechBayes,FR,Deaths,0.303125859403336,2021-05-31,5
UMass-MechBayes,GB,Deaths,0.234049541669478,2021-05-31,5
UMass-MechBayes,PL,Deaths,0.273154938273687,2021-05-31,5
UMass-SemiMech,FR,Cases,0.203917795664581,2021-05-31,5
UMass-SemiMech,PL,Deaths,0.154244955580595,2021-05-31,5
epiforecasts-EpiExpert,DE,Deaths,0.193911961381046,2021-05-31,5
epiforecasts-EpiExpert,GB,Cases,0.212427153667499,2021-05-31,5
epiforecasts-EpiExpert,GB,Deaths,0.202960916883584,2021-05-31,5
epiforecasts-EpiExpert_Rt,DE,Cases,0.209256859623453,2021-05-31,5
epiforecasts-EpiExpert_Rt,GB,Cases,0.171744365539499,2021-05-31,5
epiforecasts-EpiExpert_Rt,GB,Deaths,0.175098823322524,2021-05-31,5
epiforecasts-EpiExpert_direct,GB,Cases,0.213578294449047,2021-05-31,5
epiforecasts-EpiNow2,CZ,Cases,0.280107041801285,2021-05-31,5
epiforecasts-EpiNow2,FR,Cases,0.202186340525657,2021-05-31,5
epiforecasts-EpiNow2,GB,Deaths,0.226599630087535,2021-05-31,5
epiforecasts-EpiNow2,PL,Cases,0.244781215086106,2021-05-31,5
itwm-dSEIR,DE,Cases,0.214068767812549,2021-05-31,5
itwm-dSEIR,DE,Deaths,0.237693115515711,2021-05-31,5
HZI-AgeExtendedSEIR,DE,Deaths,0.231038355131193,2021-06-07,5
IEM_Health-CovidProject,GB,Cases,0.213805884886704,2021-06-07,5
IEM_Health-CovidProject,GB,Deaths,0.177868934137667,2021-06-07,5
ILM-EKF,CZ,Cases,0.220878348451542,2021-06-07,5
ILM-EKF,CZ,Deaths,0.159419376539565,2021-06-07,5
ILM-EKF,DE,Cases,0.175385527285113,2021-06-07,5
ILM-EKF,FR,Cases,0.220991957277726,2021-06-07,5
ILM-EKF,FR,Deaths,0.223081039965203,2021-06-07,5
ILM-EKF,PL,Cases,0.258224802671587,2021-06-07,5
ILM-EKF,PL,Deaths,0.221429076643829,2021-06-07,5
Karlen-pypm,DE,Deaths,0.181990596556233,2021-06-07,5
MIMUW-StochSEIR,PL,Deaths,0.157137671650068,2021-06-07,5
MIT_CovidAnalytics-DELPHI,DE,Cases,0.222622349497904,2021-06-07,5
MIT_CovidAnalytics-DELPHI,DE,Deaths,0.172156763359548,2021-06-07,5
MOCOS-agent1,PL,Cases,0.224855372915085,2021-06-07,5
MOCOS-agent1,PL,Deaths,0.246240329011039,2021-06-07,5
MUNI-ARIMA,CZ,Cases,0.132690025280764,2021-06-07,5
MUNI-ARIMA,FR,Cases,0.209905669223709,2021-06-07,5
MUNI-ARIMA,FR,Deaths,0.233204633895516,2021-06-07,5
MUNI-ARIMA,GB,Cases,0.25781670690326,2021-06-07,5
MUNI-ARIMA,PL,Cases,0.170793139390388,2021-06-07,5
MUNI_DMS-SEIAR,CZ,Cases,0.23723964541208,2021-06-07,5
MUNI_DMS-SEIAR,CZ,Deaths,0.191321029012738,2021-06-07,5
RobertWalraven-ESG,CZ,Cases,0.16459941361903,2021-06-07,5
RobertWalraven-ESG,CZ,Deaths,0.258709140371659,2021-06-07,5
RobertWalraven-ESG,DE,Cases,0.186938895462212,2021-06-07,5
RobertWalraven-ESG,FR,Cases,0.146814583699994,2021-06-07,5
RobertWalraven-ESG,FR,Deaths,0.173638880871909,2021-06-07,5
UMass-MechBayes,CZ,Deaths,0.233715126891421,2021-06-07,5
UMass-MechBayes,FR,Deaths,0.24131923919958,2021-06-07,5
UMass-MechBayes,GB,Deaths,0.216795820086935,2021-06-07,5
UMass-MechBayes,PL,Deaths,0.201365680012779,2021-06-07,5
UMass-SemiMech,FR,Deaths,0.128756206067792,2021-06-07,5
UMass-SemiMech,GB,Deaths,0.214392107482709,2021-06-07,5
UNIPV-BayesINGARCHX,FR,Cases,0.217424669971899,2021-06-07,5
epiforecasts-EpiExpert,GB,Cases,0.189760220970069,2021-06-07,5
epiforecasts-EpiExpert_Rt,DE,Cases,0.167073997929521,2021-06-07,5
epiforecasts-EpiExpert_Rt,DE,Deaths,0.172364175087434,2021-06-07,5
epiforecasts-EpiExpert_Rt,GB,Cases,0.151982144469313,2021-06-07,5
epiforecasts-EpiExpert_Rt,GB,Deaths,0.170509326563726,2021-06-07,5
epiforecasts-EpiExpert_Rt,PL,Cases,0.117183664406356,2021-06-07,5
epiforecasts-EpiNow2,CZ,Cases,0.244592567236584,2021-06-07,5
epiforecasts-EpiNow2,CZ,Deaths,0.156835327184617,2021-06-07,5
epiforecasts-EpiNow2,FR,Cases,0.204863119826673,2021-06-07,5
epiforecasts-EpiNow2,GB,Cases,0.186635042770653,2021-06-07,5
epiforecasts-EpiNow2,GB,Deaths,0.220433811728964,2021-06-07,5
epiforecasts-EpiNow2,PL,Cases,0.228943020616583,2021-06-07,5
epiforecasts-EpiNow2,PL,Deaths,0.173827242682286,2021-06-07,5
itwm-dSEIR,DE,Cases,0.24797922982525,2021-06-07,5
itwm-dSEIR,DE,Deaths,0.242450109865591,2021-06-07,5
FIAS_FZJ-Epi1Ger,DE,Cases,0.168333798430536,2021-06-14,5
HZI-AgeExtendedSEIR,DE,Deaths,0.185262554397542,2021-06-14,5
IEM_Health-CovidProject,FR,Deaths,0.163363826948025,2021-06-14,5
IEM_Health-CovidProject,GB,Cases,0.190987742746814,2021-06-14,5
IEM_Health-CovidProject,GB,Deaths,0.16205659067906,2021-06-14,5
ILM-EKF,CZ,Cases,0.22924826724946,2021-06-14,5
ILM-EKF,FR,Cases,0.188639514176391,2021-06-14,5
ILM-EKF,FR,Deaths,0.230395666629129,2021-06-14,5
ILM-EKF,PL,Cases,0.172612004159473,2021-06-14,5
ILM-EKF,PL,Deaths,0.250768821898617,2021-06-14,5
ITWW-county_repro,PL,Deaths,0.181487785312784,2021-06-14,5
Karlen-pypm,DE,Deaths,0.223076342357613,2021-06-14,5
MIT_CovidAnalytics-DELPHI,DE,Cases,0.166810490113234,2021-06-14,5
MOCOS-agent1,PL,Cases,0.178109467146281,2021-06-14,5
MOCOS-agent1,PL,Deaths,0.22516627799613,2021-06-14,5
MUNI-ARIMA,CZ,Deaths,0.193642724599739,2021-06-14,5
MUNI-ARIMA,FR,Deaths,0.169445280631145,2021-06-14,5
MUNI-ARIMA,GB,Cases,0.27500275661991,2021-06-14,5
MUNI-ARIMA,PL,Cases,0.1819956319108,2021-06-14,5
MUNI_DMS-SEIAR,CZ,Cases,0.327958805579517,2021-06-14,5
MUNI_DMS-SEIAR,CZ,Deaths,0.232886250232549,2021-06-14,5
RobertWalraven-ESG,CZ,Cases,0.142704509730926,2021-06-14,5
RobertWalraven-ESG,CZ,Deaths,0.191201079674579,2021-06-14,5
RobertWalraven-ESG,DE,Cases,0.227852196018347,2021-06-14,5
RobertWalraven-ESG,FR,Cases,0.197987151112539,2021-06-14,5
RobertWalraven-ESG,FR,Deaths,0.202742488560286,2021-06-14,5
UMass-MechBayes,CZ,Deaths,0.222220375498063,2021-06-14,5
UMass-MechBayes,FR,Deaths,0.234052737231415,2021-06-14,5
UMass-MechBayes,GB,Deaths,0.220667955591914,2021-06-14,5
UMass-MechBayes,PL,Deaths,0.188166874656926,2021-06-14,5
UMass-SemiMech,CZ,Cases,0.0889879402239046,2021-06-14,5
UMass-SemiMech,FR,Cases,0.179607504518925,2021-06-14,5
UMass-SemiMech,GB,Deaths,0.225464128870522,2021-06-14,5
UNIPV-BayesINGARCHX,DE,Cases,0.190947109045658,2021-06-14,5
UNIPV-BayesINGARCHX,FR,Cases,0.229123962194204,2021-06-14,5
epiforecasts-EpiExpert,DE,Deaths,0.24048942291552,2021-06-14,5
epiforecasts-EpiExpert,GB,Cases,0.191595489159948,2021-06-14,5
epiforecasts-EpiExpert_Rt,GB,Cases,0.151520846830198,2021-06-14,5
epiforecasts-EpiExpert_Rt,GB,Deaths,0.167782656988777,2021-06-14,5
epiforecasts-EpiExpert_Rt,PL,Cases,0.185362273784154,2021-06-14,5
epiforecasts-EpiExpert_direct,DE,Deaths,0.173766052848579,2021-06-14,5
epiforecasts-EpiNow2,CZ,Cases,0.211100477216192,2021-06-14,5
epiforecasts-EpiNow2,CZ,Deaths,0.16004956999507,2021-06-14,5
epiforecasts-EpiNow2,FR,Cases,0.204641867997942,2021-06-14,5
epiforecasts-EpiNow2,GB,Cases,0.190893164643129,2021-06-14,5
epiforecasts-EpiNow2,GB,Deaths,0.224028667869728,2021-06-14,5
epiforecasts-EpiNow2,PL,Cases,0.281920622999292,2021-06-14,5
epiforecasts-EpiNow2,PL,Deaths,0.154410240135544,2021-06-14,5
itwm-dSEIR,DE,Cases,0.246056406392224,2021-06-14,5
itwm-dSEIR,DE,Deaths,0.177405627480746,2021-06-14,5
FIAS_FZJ-Epi1Ger,DE,Deaths,0.182422697300934,2021-06-21,5
IEM_Health-CovidProject,CZ,Deaths,0.222009692667042,2021-06-21,5
IEM_Health-CovidProject,FR,Cases,0.148350294671981,2021-06-21,5
IEM_Health-CovidProject,FR,Deaths,0.302312085146219,2021-06-21,5
IEM_Health-CovidProject,GB,Cases,0.18116641732229,2021-06-21,5
ILM-EKF,CZ,Cases,0.286491413498087,2021-06-21,5
ILM-EKF,CZ,Deaths,0.209410603838536,2021-06-21,5
ILM-EKF,DE,Deaths,0.160380175081894,2021-06-21,5
ILM-EKF,FR,Cases,0.119323858158298,2021-06-21,5
ILM-EKF,FR,Deaths,0.198647980711484,2021-06-21,5
ILM-EKF,PL,Cases,0.179973730249107,2021-06-21,5
ILM-EKF,PL,Deaths,0.227169135359883,2021-06-21,5
Karlen-pypm,DE,Deaths,0.348997172373214,2021-06-21,5
MIT_CovidAnalytics-DELPHI,DE,Cases,0.185836639958692,2021-06-21,5
MIT_CovidAnalytics-DELPHI,PL,Cases,0.161232886687907,2021-06-21,5
MOCOS-agent1,PL,Deaths,0.197710436144427,2021-06-21,5
MUNI-ARIMA,CZ,Cases,0.0974623965634056,2021-06-21,5
MUNI-ARIMA,FR,Deaths,0.130581761676193,2021-06-21,5
MUNI-ARIMA,GB,Cases,0.244810925895913,2021-06-21,5
MUNI_DMS-SEIAR,CZ,Cases,0.305385131277956,2021-06-21,5
PL_GRedlarski-DistrictsSum,PL,Cases,0.239272314374209,2021-06-21,5
RobertWalraven-ESG,CZ,Cases,0.0879756202927315,2021-06-21,5
RobertWalraven-ESG,DE,Cases,0.202724139254464,2021-06-21,5
RobertWalraven-ESG,FR,Deaths,0.193677145246333,2021-06-21,5
UMass-MechBayes,CZ,Deaths,0.194513190077534,2021-06-21,5
UMass-MechBayes,DE,Deaths,0.1539442145314,2021-06-21,5
UMass-MechBayes,FR,Deaths,0.174781027219772,2021-06-21,5
UMass-MechBayes,GB,Deaths,0.192952582023301,2021-06-21,5
UMass-MechBayes,PL,Deaths,0.214090089133861,2021-06-21,5
UMass-SemiMech,CZ,Deaths,0.209171298194281,2021-06-21,5
UMass-SemiMech,FR,Cases,0.112333671276772,2021-06-21,5
UMass-SemiMech,GB,Deaths,0.180380897249632,2021-06-21,5
UMass-SemiMech,PL,Deaths,0.173774315054342,2021-06-21,5
UNIPV-BayesINGARCHX,DE,Cases,0.216333644863425,2021-06-21,5
UNIPV-BayesINGARCHX,FR,Cases,0.374689479195316,2021-06-21,5
epiforecasts-EpiExpert,DE,Deaths,0.154255740712558,2021-06-21,5
epiforecasts-EpiExpert,GB,Cases,0.18915470647921,2021-06-21,5
epiforecasts-EpiExpert,GB,Deaths,0.161702775957154,2021-06-21,5
epiforecasts-EpiExpert,PL,Deaths,0.187256024307487,2021-06-21,5
epiforecasts-EpiExpert_Rt,GB,Cases,0.205134699463046,2021-06-21,5
epiforecasts-EpiExpert_Rt,GB,Deaths,0.252291089118089,2021-06-21,5
epiforecasts-EpiExpert_Rt,PL,Cases,0.248317184089003,2021-06-21,5
epiforecasts-EpiExpert_direct,GB,Cases,0.179733250839541,2021-06-21,5
epiforecasts-EpiNow2,CZ,Cases,0.22268543836782,2021-06-21,5
epiforecasts-EpiNow2,CZ,Deaths,0.164895215222607,2021-06-21,5
epiforecasts-EpiNow2,DE,Cases,0.134621408624109,2021-06-21,5
epiforecasts-EpiNow2,FR,Cases,0.245302696697633,2021-06-21,5
epiforecasts-EpiNow2,GB,Deaths,0.212672655651824,2021-06-21,5
epiforecasts-EpiNow2,PL,Cases,0.171203884599774,2021-06-21,5
itwm-dSEIR,DE,Cases,0.26048416729931,2021-06-21,5
HZI-AgeExtendedSEIR,DE,Deaths,0.216431959865139,2021-06-28,5
IEM_Health-CovidProject,CZ,Cases,0.239204880527784,2021-06-28,5
IEM_Health-CovidProject,CZ,Deaths,0.195163208841897,2021-06-28,5
IEM_Health-CovidProject,FR,Cases,0.116164786800063,2021-06-28,5
IEM_Health-CovidProject,FR,Deaths,0.266564085541811,2021-06-28,5
IEM_Health-CovidProject,PL,Cases,0.23684910307944,2021-06-28,5
ILM-EKF,CZ,Cases,0.310211054111628,2021-06-28,5
ILM-EKF,CZ,Deaths,0.216958351502092,2021-06-28,5
ILM-EKF,DE,Cases,0.232477448747374,2021-06-28,5
ILM-EKF,FR,Cases,0.164346647140021,2021-06-28,5
ILM-EKF,FR,Deaths,0.265908233542598,2021-06-28,5
ILM-EKF,GB,Cases,0.223817826579829,2021-06-28,5
ILM-EKF,PL,Cases,0.223607912961134,2021-06-28,5
ILM-EKF,PL,Deaths,0.177412963296796,2021-06-28,5
ITWW-county_repro,PL,Cases,0.175113700010496,2021-06-28,5
Karlen-pypm,DE,Deaths,0.156727332539246,2021-06-28,5
MOCOS-agent1,PL,Cases,0.219831905020056,2021-06-28,5
MOCOS-agent1,PL,Deaths,0.20038604688479,2021-06-28,5
MUNI-ARIMA,CZ,Cases,0.076094260925101,2021-06-28,5
MUNI-ARIMA,FR,Deaths,0.094943980216667,2021-06-28,5
MUNI_DMS-SEIAR,CZ,Cases,0.14464941544756,2021-06-28,5
PL_GRedlarski-DistrictsSum,PL,Cases,0.144597378928873,2021-06-28,5
RobertWalraven-ESG,DE,Deaths,0.144671617745156,2021-06-28,5
RobertWalraven-ESG,FR,Deaths,0.196747377950173,2021-06-28,5
UMass-MechBayes,CZ,Deaths,0.204018277068546,2021-06-28,5
UMass-MechBayes,FR,Deaths,0.175836322748751,2021-06-28,5
UMass-MechBayes,GB,Deaths,0.159026561935647,2021-06-28,5
UMass-MechBayes,PL,Deaths,0.238746137808209,2021-06-28,5
UMass-SemiMech,CZ,Deaths,0.209655878889819,2021-06-28,5
UMass-SemiMech,FR,Cases,0.066961351171985,2021-06-28,5
UMass-SemiMech,PL,Deaths,0.221292229150245,2021-06-28,5
UNIPV-BayesINGARCHX,DE,Cases,0.188069446500259,2021-06-28,5
UNIPV-BayesINGARCHX,FR,Cases,0.41784851557063,2021-06-28,5
epiforecasts-EpiExpert,DE,Deaths,0.227542805064241,2021-06-28,5
epiforecasts-EpiExpert,GB,Cases,0.214342919120517,2021-06-28,5
epiforecasts-EpiExpert,GB,Deaths,0.255644850226116,2021-06-28,5
epiforecasts-EpiExpert,PL,Deaths,0.16216262285996,2021-06-28,5
epiforecasts-EpiExpert_Rt,DE,Cases,0.195174625087486,2021-06-28,5
epiforecasts-EpiExpert_Rt,GB,Cases,0.173878051265345,2021-06-28,5
epiforecasts-EpiExpert_Rt,GB,Deaths,0.193150647555376,2021-06-28,5
epiforecasts-EpiExpert_direct,DE,Deaths,0.254626284786219,2021-06-28,5
epiforecasts-EpiExpert_direct,GB,Cases,0.22918756658592,2021-06-28,5
epiforecasts-EpiExpert_direct,GB,Deaths,0.170510507431185,2021-06-28,5
epiforecasts-EpiNow2,CZ,Cases,0.229840388987927,2021-06-28,5
epiforecasts-EpiNow2,CZ,Deaths,0.174204283697646,2021-06-28,5
epiforecasts-EpiNow2,DE,Cases,0.197217765490155,2021-06-28,5
epiforecasts-EpiNow2,FR,Cases,0.2346786993173,2021-06-28,5
epiforecasts-EpiNow2,GB,Cases,0.15877363644839,2021-06-28,5
epiforecasts-EpiNow2,GB,Deaths,0.221667432851676,2021-06-28,5
itwm-dSEIR,DE,Cases,0.187060714174726,2021-06-28,5
FIAS_FZJ-Epi1Ger,DE,Cases,0.177707840094449,2021-07-05,5
HZI-AgeExtendedSEIR,DE,Deaths,0.198441709426473,2021-07-05,5
IEM_Health-CovidProject,CZ,Cases,0.251178117610723,2021-07-05,5
IEM_Health-CovidProject,FR,Cases,0.188886484636093,2021-07-05,5
IEM_Health-CovidProject,FR,Deaths,0.246014076172694,2021-07-05,5
IEM_Health-CovidProject,PL,Cases,0.231299111341861,2021-07-05,5
ILM-EKF,CZ,Cases,0.236606978293201,2021-07-05,5
ILM-EKF,CZ,Deaths,0.208253468814823,2021-07-05,5
ILM-EKF,DE,Cases,0.210672886118081,2021-07-05,5
ILM-EKF,FR,Cases,0.280051561218394,2021-07-05,5
ILM-EKF,FR,Deaths,0.274025803831777,2021-07-05,5
ILM-EKF,GB,Cases,0.239313122704634,2021-07-05,5
ILM-EKF,PL,Cases,0.204123912976398,2021-07-05,5
ITWW-county_repro,PL,Cases,0.17333097176447,2021-07-05,5
MIMUW-StochSEIR,PL,Deaths,0.273587522093105,2021-07-05,5
MIT_CovidAnalytics-DELPHI,PL,Cases,0.15880760467497,2021-07-05,5
MOCOS-agent1,PL,Deaths,0.146005256469453,2021-07-05,5
MUNI-ARIMA,CZ,Deaths,0.153720440412778,2021-07-05,5
MUNI-ARIMA,FR,Cases,0.0956802934580445,2021-07-05,5
MUNI_DMS-SEIAR,CZ,Cases,0.121056239812447,2021-07-05,5
RobertWalraven-ESG,DE,Deaths,0.197151327382523,2021-07-05,5
RobertWalraven-ESG,FR,Deaths,0.176929161650995,2021-07-05,5
UMass-MechBayes,CZ,Deaths,0.20683580627114,2021-07-05,5
UMass-MechBayes,FR,Deaths,0.157776474143777,2021-07-05,5
UMass-MechBayes,GB,Deaths,0.143929042395742,2021-07-05,5
UMass-MechBayes,PL,Deaths,0.246940014081127,2021-07-05,5
UMass-SemiMech,CZ,Cases,0.17077743240832,2021-07-05,5
UMass-SemiMech,CZ,Deaths,0.19458916303446,2021-07-05,5
UMass-SemiMech,DE,Deaths,0.18094732604236,2021-07-05,5
UMass-SemiMech,FR,Cases,0.0786722216950632,2021-07-05,5
UMass-SemiMech,FR,Deaths,0.145254484200757,2021-07-05,5
UMass-SemiMech,GB,Cases,0.160179914169926,2021-07-05,5
UMass-SemiMech,PL,Deaths,0.207757805614224,2021-07-05,5
epiforecasts-EpiExpert,DE,Deaths,0.219581801663119,2021-07-05,5
epiforecasts-EpiExpert,GB,Cases,0.180877304041399,2021-07-05,5
epiforecasts-EpiExpert,GB,Deaths,0.28259392630729,2021-07-05,5
epiforecasts-EpiExpert,PL,Deaths,0.125709401742091,2021-07-05,5
epiforecasts-EpiExpert_Rt,DE,Cases,0.183052882387938,2021-07-05,5
epiforecasts-EpiExpert_Rt,GB,Cases,0.231808867065734,2021-07-05,5
epiforecasts-EpiExpert_Rt,GB,Deaths,0.188166156898009,2021-07-05,5
epiforecasts-EpiExpert_Rt,PL,Cases,0.232438399242301,2021-07-05,5
epiforecasts-EpiExpert_direct,DE,Deaths,0.203877835485525,2021-07-05,5
epiforecasts-EpiExpert_direct,GB,Deaths,0.159489807747819,2021-07-05,5
epiforecasts-EpiNow2,CZ,Cases,0.220381231875308,2021-07-05,5
epiforecasts-EpiNow2,CZ,Deaths,0.236601121466798,2021-07-05,5
epiforecasts-EpiNow2,DE,Cases,0.234675922295676,2021-07-05,5
epiforecasts-EpiNow2,FR,Cases,0.356709438992405,2021-07-05,5
epiforecasts-EpiNow2,GB,Cases,0.187820792018307,2021-07-05,5
epiforecasts-EpiNow2,GB,Deaths,0.22582106665114,2021-07-05,5
itwm-dSEIR,DE,Cases,0.193890469103856,2021-07-05,5
FIAS_FZJ-Epi1Ger,DE,Cases,0.183807217826424,2021-07-12,5
IEM_Health-CovidProject,CZ,Cases,0.265983810160015,2021-07-12,5
IEM_Health-CovidProject,FR,Cases,0.22526666653726,2021-07-12,5
IEM_Health-CovidProject,FR,Deaths,0.226675094013013,2021-07-12,5
IEM_Health-CovidProject,PL,Cases,0.225475499184465,2021-07-12,5
ILM-EKF,CZ,Cases,0.206339105149838,2021-07-12,5
ILM-EKF,CZ,Deaths,0.212897931363661,2021-07-12,5
ILM-EKF,DE,Deaths,0.21170126702448,2021-07-12,5
ILM-EKF,FR,Cases,0.178891756981668,2021-07-12,5
ILM-EKF,FR,Deaths,0.266159838179593,2021-07-12,5
ILM-EKF,GB,Cases,0.215638469461637,2021-07-12,5
ILM-EKF,GB,Deaths,0.116234657788935,2021-07-12,5
ILM-EKF,PL,Cases,0.171850083265725,2021-07-12,5
ILM-EKF,PL,Deaths,0.130575391481714,2021-07-12,5
ITWW-county_repro,DE,Deaths,0.184520473050823,2021-07-12,5
ITWW-county_repro,PL,Deaths,0.184790368274774,2021-07-12,5
Karlen-pypm,DE,Cases,0.210907411434621,2021-07-12,5
Karlen-pypm,DE,Deaths,0.19466772854013,2021-07-12,5
MIMUW-StochSEIR,PL,Deaths,0.23345903521818,2021-07-12,5
MOCOS-agent1,PL,Cases,0.135011348133948,2021-07-12,5
MOCOS-agent1,PL,Deaths,0.20706915575061,2021-07-12,5
MUNI-ARIMA,CZ,Cases,0.176906467270438,2021-07-12,5
MUNI-ARIMA,CZ,Deaths,0.145067301214405,2021-07-12,5
MUNI-ARIMA,FR,Cases,0.303194752154357,2021-07-12,5
MUNI-ARIMA,FR,Deaths,0.167428390868999,2021-07-12,5
RobertWalraven-ESG,CZ,Cases,0.147228431120945,2021-07-12,5
RobertWalraven-ESG,CZ,Deaths,0.141494116916911,2021-07-12,5
RobertWalraven-ESG,DE,Deaths,0.21162912860353,2021-07-12,5
RobertWalraven-ESG,FR,Cases,0.0778834175203025,2021-07-12,5
RobertWalraven-ESG,FR,Deaths,0.162378017608149,2021-07-12,5
UMass-MechBayes,CZ,Deaths,0.231089332346369,2021-07-12,5
UMass-MechBayes,DE,Deaths,0.197481402781037,2021-07-12,5
UMass-MechBayes,GB,Deaths,0.21279780482647,2021-07-12,5
UMass-MechBayes,PL,Deaths,0.244106049274722,2021-07-12,5
epiforecasts-EpiExpert,GB,Cases,0.180413133453604,2021-07-12,5
epiforecasts-EpiExpert,GB,Deaths,0.163821855196566,2021-07-12,5
epiforecasts-EpiExpert_Rt,DE,Cases,0.206087771000315,2021-07-12,5
epiforecasts-EpiExpert_Rt,GB,Cases,0.216792622879618,2021-07-12,5
epiforecasts-EpiExpert_Rt,GB,Deaths,0.293440225337462,2021-07-12,5
epiforecasts-EpiExpert_Rt,PL,Cases,0.220454641388222,2021-07-12,5
epiforecasts-EpiExpert_direct,GB,Cases,0.156811445093202,2021-07-12,5
epiforecasts-EpiNow2,CZ,Cases,0.203542186298764,2021-07-12,5
epiforecasts-EpiNow2,CZ,Deaths,0.269451318158655,2021-07-12,5
epiforecasts-EpiNow2,DE,Cases,0.192476523346277,2021-07-12,5
epiforecasts-EpiNow2,FR,Cases,0.214763406806413,2021-07-12,5
epiforecasts-EpiNow2,FR,Deaths,0.177358659330247,2021-07-12,5
epiforecasts-EpiNow2,GB,Cases,0.230344329111939,2021-07-12,5
epiforecasts-EpiNow2,GB,Deaths,0.213705456850568,2021-07-12,5
epiforecasts-EpiNow2,PL,Cases,0.247208428027641,2021-07-12,5
itwm-dSEIR,DE,Cases,0.206721076392362,2021-07-12,5
IEM_Health-CovidProject,CZ,Cases,0.205785532611294,2021-07-19,5
IEM_Health-CovidProject,FR,Cases,0.185739921091205,2021-07-19,5
IEM_Health-CovidProject,FR,Deaths,0.262441642905138,2021-07-19,5
IEM_Health-CovidProject,PL,Cases,0.21501388049005,2021-07-19,5
ILM-EKF,CZ,Deaths,0.208636872747816,2021-07-19,5
ILM-EKF,DE,Deaths,0.197428212014032,2021-07-19,5
ILM-EKF,FR,Cases,0.151910570266203,2021-07-19,5
ILM-EKF,FR,Deaths,0.219510325470553,2021-07-19,5
ILM-EKF,GB,Cases,0.221448709291844,2021-07-19,5
ILM-EKF,GB,Deaths,0.102317230503431,2021-07-19,5
ITWW-county_repro,DE,Cases,0.297478696375711,2021-07-19,5
ITWW-county_repro,DE,Deaths,0.203175325064951,2021-07-19,5
ITWW-county_repro,PL,Cases,0.200265073378327,2021-07-19,5
ITWW-county_repro,PL,Deaths,0.248352556638888,2021-07-19,5
Karlen-pypm,DE,Cases,0.164606281753761,2021-07-19,5
Karlen-pypm,DE,Deaths,0.1786521027974,2021-07-19,5
MOCOS-agent1,PL,Deaths,0.157488117947043,2021-07-19,5
MUNI-ARIMA,CZ,Cases,0.191971762865143,2021-07-19,5
MUNI-ARIMA,FR,Cases,0.344388984280434,2021-07-19,5
MUNI-ARIMA,FR,Deaths,0.140757123152684,2021-07-19,5
MUNI_DMS-SEIAR,CZ,Cases,0.174070783786269,2021-07-19,5
MUNI_DMS-SEIAR,CZ,Deaths,0.186656852280317,2021-07-19,5
PL_GRedlarski-DistrictsSum,PL,Cases,0.163245769463839,2021-07-19,5
RobertWalraven-ESG,CZ,Cases,0.242879388647032,2021-07-19,5
RobertWalraven-ESG,CZ,Deaths,0.176696268194037,2021-07-19,5
RobertWalraven-ESG,DE,Deaths,0.203566001548448,2021-07-19,5
RobertWalraven-ESG,FR,Cases,0.144997127300216,2021-07-19,5
RobertWalraven-ESG,FR,Deaths,0.183007510250028,2021-07-19,5
UMass-MechBayes,CZ,Deaths,0.226075581369464,2021-07-19,5
UMass-MechBayes,DE,Deaths,0.21717835857517,2021-07-19,5
UMass-MechBayes,GB,Deaths,0.213705461136726,2021-07-19,5
UMass-MechBayes,PL,Deaths,0.218233142605459,2021-07-19,5
epiforecasts-EpiExpert,DE,Cases,0.180301753043079,2021-07-19,5
epiforecasts-EpiExpert,GB,Cases,0.173562757325439,2021-07-19,5
epiforecasts-EpiExpert,GB,Deaths,0.142317124921582,2021-07-19,5
epiforecasts-EpiExpert,PL,Cases,0.26249819885203,2021-07-19,5
epiforecasts-EpiExpert,PL,Deaths,0.261567376996583,2021-07-19,5
epiforecasts-EpiExpert_Rt,GB,Cases,0.204940093407076,2021-07-19,5
epiforecasts-EpiExpert_Rt,GB,Deaths,0.300105795253521,2021-07-19,5
epiforecasts-EpiExpert_direct,DE,Cases,0.188097101232111,2021-07-19,5
epiforecasts-EpiExpert_direct,GB,Cases,0.150734451379055,2021-07-19,5
epiforecasts-EpiExpert_direct,PL,Cases,0.158977077815754,2021-07-19,5
epiforecasts-EpiNow2,CZ,Cases,0.185292532090263,2021-07-19,5
epiforecasts-EpiNow2,CZ,Deaths,0.201934425408366,2021-07-19,5
epiforecasts-EpiNow2,FR,Cases,0.172963397061942,2021-07-19,5
epiforecasts-EpiNow2,FR,Deaths,0.194283398221597,2021-07-19,5
epiforecasts-EpiNow2,GB,Cases,0.249313988596587,2021-07-19,5
epiforecasts-EpiNow2,GB,Deaths,0.24155438818474,2021-07-19,5
epiforecasts-EpiNow2,PL,Deaths,0.114358805812027,2021-07-19,5
itwm-dSEIR,DE,Cases,0.169516167595338,2021-07-19,5
HZI-AgeExtendedSEIR,DE,Cases,0.178912350484085,2021-07-26,5
IEM_Health-CovidProject,CZ,Cases,0.196490512700455,2021-07-26,5
IEM_Health-CovidProject,FR,Cases,0.169864571599701,2021-07-26,5
IEM_Health-CovidProject,FR,Deaths,0.290039209840965,2021-07-26,5
IEM_Health-CovidProject,GB,Cases,0.225361961527236,2021-07-26,5
ILM-EKF,CZ,Cases,0.149630475842672,2021-07-26,5
ILM-EKF,CZ,Deaths,0.210345619482059,2021-07-26,5
ILM-EKF,FR,Cases,0.183146172780143,2021-07-26,5
ILM-EKF,FR,Deaths,0.158477098933483,2021-07-26,5
ILM-EKF,PL,Deaths,0.140566807147529,2021-07-26,5
ITWW-county_repro,DE,Cases,0.256267198674403,2021-07-26,5
ITWW-county_repro,DE,Deaths,0.178259679686887,2021-07-26,5
ITWW-county_repro,PL,Cases,0.302587734226707,2021-07-26,5
MOCOS-agent1,PL,Cases,0.161959873746378,2021-07-26,5
MOCOS-agent1,PL,Deaths,0.201676261996675,2021-07-26,5
MUNI-ARIMA,DE,Cases,0.177043672879809,2021-07-26,5
MUNI-ARIMA,FR,Cases,0.303985084844976,2021-07-26,5
MUNI-ARIMA,FR,Deaths,0.133006197113428,2021-07-26,5
MUNI-ARIMA,GB,Cases,0.200713243365459,2021-07-26,5
MUNI-ARIMA,GB,Deaths,0.109384420090246,2021-07-26,5
MUNI_DMS-SEIAR,CZ,Cases,0.233777303447575,2021-07-26,5
MUNI_DMS-SEIAR,CZ,Deaths,0.192059748949639,2021-07-26,5
PL_GRedlarski-DistrictsSum,PL,Cases,0.180262424331941,2021-07-26,5
RobertWalraven-ESG,CZ,Cases,0.243417421522824,2021-07-26,5
RobertWalraven-ESG,CZ,Deaths,0.18652706665126,2021-07-26,5
RobertWalraven-ESG,DE,Deaths,0.154709626892709,2021-07-26,5
RobertWalraven-ESG,FR,Cases,0.14540906737061,2021-07-26,5
RobertWalraven-ESG,FR,Deaths,0.177075046203016,2021-07-26,5
UMass-MechBayes,CZ,Deaths,0.209505294654345,2021-07-26,5
UMass-MechBayes,DE,Deaths,0.15456326297591,2021-07-26,5
UMass-MechBayes,FR,Deaths,0.241402447909107,2021-07-26,5
UMass-MechBayes,GB,Deaths,0.202579163925384,2021-07-26,5
UMass-MechBayes,PL,Deaths,0.267626128230948,2021-07-26,5
epiforecasts-EpiExpert,DE,Cases,0.187818491550362,2021-07-26,5
epiforecasts-EpiExpert,DE,Deaths,0.293704322066501,2021-07-26,5
epiforecasts-EpiExpert,GB,Cases,0.200108121829973,2021-07-26,5
epiforecasts-EpiExpert,GB,Deaths,0.179390281874797,2021-07-26,5
epiforecasts-EpiExpert,PL,Cases,0.211432587606879,2021-07-26,5
epiforecasts-EpiExpert,PL,Deaths,0.223277754209636,2021-07-26,5
epiforecasts-EpiExpert_Rt,GB,Deaths,0.263335042136687,2021-07-26,5
epiforecasts-EpiExpert_Rt,PL,Cases,0.143757380088094,2021-07-26,5
epiforecasts-EpiExpert_direct,DE,Deaths,0.218763108377993,2021-07-26,5
epiforecasts-EpiExpert_direct,GB,Cases,0.212221981563945,2021-07-26,5
epiforecasts-EpiNow2,CZ,Cases,0.176684286486475,2021-07-26,5
epiforecasts-EpiNow2,CZ,Deaths,0.201562270262697,2021-07-26,5
epiforecasts-EpiNow2,FR,Cases,0.19759510340457,2021-07-26,5
epiforecasts-EpiNow2,GB,Cases,0.161594691713387,2021-07-26,5
epiforecasts-EpiNow2,GB,Deaths,0.245311091972886,2021-07-26,5
epiforecasts-EpiNow2,PL,Deaths,0.166853048415212,2021-07-26,5
itwm-dSEIR,DE,Cases,0.199958286411341,2021-07-26,5
IEM_Health-CovidProject,CZ,Cases,0.2689430623287,2021-08-02,5
IEM_Health-CovidProject,DE,Deaths,0.157498758172453,2021-08-02,5
IEM_Health-CovidProject,FR,Cases,0.171911042063911,2021-08-02,5
IEM_Health-CovidProject,FR,Deaths,0.204871075069708,2021-08-02,5
IEM_Health-CovidProject,GB,Cases,0.185660063217351,2021-08-02,5
ILM-EKF,CZ,Cases,0.192798514879331,2021-08-02,5
ILM-EKF,CZ,Deaths,0.201061785439234,2021-08-02,5
ILM-EKF,FR,Cases,0.19188979355323,2021-08-02,5
ILM-EKF,FR,Deaths,0.167567833575619,2021-08-02,5
ILM-EKF,PL,Deaths,0.172001947867189,2021-08-02,5
ITWW-county_repro,DE,Cases,0.202428125399878,2021-08-02,5
ITWW-county_repro,DE,Deaths,0.230972992021618,2021-08-02,5
ITWW-county_repro,PL,Cases,0.259307925734595,2021-08-02,5
Karlen-pypm,CZ,Deaths,0.190494297156568,2021-08-02,5
Karlen-pypm,FR,Cases,0.132964176134858,2021-08-02,5
Karlen-pypm,GB,Cases,0.114826003522167,2021-08-02,5
Karlen-pypm,GB,Deaths,0.140724589239291,2021-08-02,5
MOCOS-agent1,PL,Cases,0.123129572536888,2021-08-02,5
MOCOS-agent1,PL,Deaths,0.21258040379485,2021-08-02,5
MUNI-ARIMA,CZ,Cases,0.135512261952605,2021-08-02,5
MUNI-ARIMA,FR,Cases,0.312276192425504,2021-08-02,5
MUNI-ARIMA,FR,Deaths,0.1607099515648,2021-08-02,5
MUNI-ARIMA,GB,Cases,0.295034635072573,2021-08-02,5
MUNI_DMS-SEIAR,CZ,Cases,0.11097814318684,2021-08-02,5
MUNI_DMS-SEIAR,CZ,Deaths,0.19405830509109,2021-08-02,5
RobertWalraven-ESG,CZ,Cases,0.291768017652523,2021-08-02,5
RobertWalraven-ESG,CZ,Deaths,0.180421217949712,2021-08-02,5
RobertWalraven-ESG,DE,Deaths,0.151232248593466,2021-08-02,5
RobertWalraven-ESG,FR,Deaths,0.190900093172035,2021-08-02,5
RobertWalraven-ESG,GB,Cases,0.241878839435353,2021-08-02,5
UMass-MechBayes,CZ,Deaths,0.233964394363396,2021-08-02,5
UMass-MechBayes,FR,Deaths,0.275951046617838,2021-08-02,5
UMass-MechBayes,GB,Deaths,0.215205102028304,2021-08-02,5
UMass-MechBayes,PL,Deaths,0.293514225707713,2021-08-02,5
epiforecasts-EpiExpert,DE,Cases,0.212059013846203,2021-08-02,5
epiforecasts-EpiExpert,DE,Deaths,0.242584785088973,2021-08-02,5
epiforecasts-EpiExpert,GB,Deaths,0.211720415302168,2021-08-02,5
epiforecasts-EpiExpert,PL,Cases,0.227207463609778,2021-08-02,5
epiforecasts-EpiExpert,PL,Deaths,0.169638968374449,2021-08-02,5
epiforecasts-EpiExpert_Rt,DE,Cases,0.249320397980278,2021-08-02,5
epiforecasts-EpiExpert_Rt,GB,Deaths,0.207316494114629,2021-08-02,5
epiforecasts-EpiExpert_Rt,PL,Cases,0.279459258740431,2021-08-02,5
epiforecasts-EpiExpert_direct,DE,Cases,0.169338364422081,2021-08-02,5
epiforecasts-EpiExpert_direct,DE,Deaths,0.21771121612349,2021-08-02,5
epiforecasts-EpiExpert_direct,GB,Cases,0.162600458752556,2021-08-02,5
epiforecasts-EpiNow2,FR,Cases,0.190958795822497,2021-08-02,5
epiforecasts-EpiNow2,GB,Deaths,0.225033399315608,2021-08-02,5
epiforecasts-EpiNow2,PL,Cases,0.110895779378308,2021-08-02,5
epiforecasts-EpiNow2,PL,Deaths,0.1522644542558,2021-08-02,5
itwm-dSEIR,DE,Cases,0.166854098351559,2021-08-02,5
FIAS_FZJ-Epi1Ger,DE,Cases,0.192535103938633,2021-08-09,5
IEM_Health-CovidProject,CZ,Cases,0.360889420968814,2021-08-09,5
IEM_Health-CovidProject,CZ,Deaths,0.178547604926163,2021-08-09,5
IEM_Health-CovidProject,DE,Deaths,0.213970250777189,2021-08-09,5
IEM_Health-CovidProject,FR,Cases,0.213783422527163,2021-08-09,5
IEM_Health-CovidProject,FR,Deaths,0.213473933587959,2021-08-09,5
IEM_Health-CovidProject,GB,Cases,0.14905911072845,2021-08-09,5
ILM-EKF,CZ,Cases,0.190297247612711,2021-08-09,5
ILM-EKF,FR,Cases,0.125243760624648,2021-08-09,5
ILM-EKF,FR,Deaths,0.114296576022905,2021-08-09,5
ILM-EKF,PL,Deaths,0.181989711067195,2021-08-09,5
ITWW-county_repro,DE,Cases,0.183607683533111,2021-08-09,5
ITWW-county_repro,PL,Cases,0.267853222971214,2021-08-09,5
Karlen-pypm,CZ,Deaths,0.178767632727158,2021-08-09,5
Karlen-pypm,GB,Cases,0.15630835440912,2021-08-09,5
Karlen-pypm,PL,Cases,0.129151464948676,2021-08-09,5
Karlen-pypm,PL,Deaths,0.16223580954305,2021-08-09,5
MIT_CovidAnalytics-DELPHI,DE,Deaths,0.196731493118871,2021-08-09,5
MIT_CovidAnalytics-DELPHI,PL,Deaths,0.168065726333207,2021-08-09,5
MOCOS-agent1,PL,Cases,0.12826501231247,2021-08-09,5
MOCOS-agent1,PL,Deaths,0.221439221835662,2021-08-09,5
MUNI-ARIMA,CZ,Cases,0.0940842108792119,2021-08-09,5
MUNI-ARIMA,FR,Cases,0.35112840143472,2021-08-09,5
MUNI-ARIMA,FR,Deaths,0.205220723239562,2021-08-09,5
MUNI-ARIMA,GB,Cases,0.223765848847695,2021-08-09,5
MUNI_DMS-SEIAR,CZ,Deaths,0.224945039584624,2021-08-09,5
RobertWalraven-ESG,CZ,Cases,0.302424914483307,2021-08-09,5
RobertWalraven-ESG,CZ,Deaths,0.224210027434153,2021-08-09,5
RobertWalraven-ESG,DE,Deaths,0.205660697922598,2021-08-09,5
RobertWalraven-ESG,FR,Cases,0.180613203962685,2021-08-09,5
RobertWalraven-ESG,FR,Deaths,0.256745729977109,2021-08-09,5
RobertWalraven-ESG,GB,Cases,0.326013661642139,2021-08-09,5
UMass-MechBayes,CZ,Deaths,0.193529695327903,2021-08-09,5
UMass-MechBayes,DE,Deaths,0.201228526666364,2021-08-09,5
UMass-MechBayes,FR,Deaths,0.210263037172465,2021-08-09,5
UMass-MechBayes,GB,Deaths,0.185081472478782,2021-08-09,5
UMass-MechBayes,PL,Deaths,0.266269531220886,2021-08-09,5
epiforecasts-EpiExpert,DE,Cases,0.204161540033837,2021-08-09,5
epiforecasts-EpiExpert,GB,Deaths,0.227704246218296,2021-08-09,5
epiforecasts-EpiExpert,PL,Cases,0.208458790092739,2021-08-09,5
epiforecasts-EpiExpert_Rt,GB,Deaths,0.188652946670503,2021-08-09,5
epiforecasts-EpiExpert_Rt,PL,Cases,0.266271509674901,2021-08-09,5
epiforecasts-EpiExpert_direct,DE,Cases,0.21318914542674,2021-08-09,5
epiforecasts-EpiExpert_direct,DE,Deaths,0.182409031514977,2021-08-09,5
epiforecasts-EpiExpert_direct,GB,Cases,0.144853024372596,2021-08-09,5
epiforecasts-EpiExpert_direct,GB,Deaths,0.19781186562911,2021-08-09,5
epiforecasts-EpiNow2,CZ,Cases,0.052304206055957,2021-08-09,5
epiforecasts-EpiNow2,FR,Cases,0.129231211450784,2021-08-09,5
epiforecasts-EpiNow2,GB,Deaths,0.200749469003309,2021-08-09,5
itwm-dSEIR,DE,Cases,0.206506527067679,2021-08-09,5
FIAS_FZJ-Epi1Ger,DE,Cases,0.235800486355485,2021-08-16,5
HZI-AgeExtendedSEIR,DE,Deaths,0.191271515872101,2021-08-16,5
IEM_Health-CovidProject,CZ,Cases,0.297366286614802,2021-08-16,5
IEM_Health-CovidProject,CZ,Deaths,0.175489049747907,2021-08-16,5
IEM_Health-CovidProject,DE,Cases,0.170313560010166,2021-08-16,5
IEM_Health-CovidProject,DE,Deaths,0.188972683004412,2021-08-16,5
IEM_Health-CovidProject,FR,Cases,0.269709477071752,2021-08-16,5
IEM_Health-CovidProject,FR,Deaths,0.249965588622573,2021-08-16,5
IEM_Health-CovidProject,GB,Cases,0.172597565440453,2021-08-16,5
IEM_Health-CovidProject,GB,Deaths,0.205831666445885,2021-08-16,5
IEM_Health-CovidProject,PL,Deaths,0.163681559821681,2021-08-16,5
ILM-EKF,CZ,Cases,0.13081204390187,2021-08-16,5
ILM-EKF,FR,Cases,0.0457139718064907,2021-08-16,5
ILM-EKF,FR,Deaths,0.0927677995945832,2021-08-16,5
ILM-EKF,PL,Deaths,0.173743058267218,2021-08-16,5
ITWW-county_repro,PL,Cases,0.211108155508027,2021-08-16,5
Karlen-pypm,CZ,Deaths,0.168870496715511,2021-08-16,5
Karlen-pypm,FR,Deaths,0.0785264954207617,2021-08-16,5
Karlen-pypm,GB,Cases,0.162630084609805,2021-08-16,5
Karlen-pypm,GB,Deaths,0.176913566069065,2021-08-16,5
Karlen-pypm,PL,Cases,0.240572994646382,2021-08-16,5
Karlen-pypm,PL,Deaths,0.164341979332613,2021-08-16,5
MIT_CovidAnalytics-DELPHI,DE,Deaths,0.221818386476098,2021-08-16,5
MIT_CovidAnalytics-DELPHI,PL,Deaths,0.237867745697582,2021-08-16,5
MOCOS-agent1,PL,Cases,0.198223354552516,2021-08-16,5
MOCOS-agent1,PL,Deaths,0.260365656880906,2021-08-16,5
MUNI-ARIMA,CZ,Cases,0.0884114296367557,2021-08-16,5
MUNI-ARIMA,DE,Cases,0.173595394742387,2021-08-16,5
MUNI-ARIMA,DE,Deaths,0.139111165602942,2021-08-16,5
MUNI-ARIMA,FR,Cases,0.369165915821838,2021-08-16,5
MUNI-ARIMA,FR,Deaths,0.250727486582405,2021-08-16,5
MUNI-ARIMA,GB,Cases,0.192868714641555,2021-08-16,5
MUNI_DMS-SEIAR,CZ,Deaths,0.22630355396852,2021-08-16,5
RobertWalraven-ESG,CZ,Cases,0.25347526537603,2021-08-16,5
RobertWalraven-ESG,CZ,Deaths,0.225200803081571,2021-08-16,5
RobertWalraven-ESG,DE,Deaths,0.258826249044447,2021-08-16,5
RobertWalraven-ESG,FR,Cases,0.248983987903631,2021-08-16,5
RobertWalraven-ESG,FR,Deaths,0.328012629779678,2021-08-16,5
RobertWalraven-ESG,GB,Cases,0.317330749510855,2021-08-16,5
epiforecasts-EpiExpert,GB,Deaths,0.196516880100393,2021-08-16,5
epiforecasts-EpiExpert,PL,Cases,0.189667830676022,2021-08-16,5
epiforecasts-EpiExpert_direct,DE,Cases,0.15589139273927,2021-08-16,5
epiforecasts-EpiExpert_direct,GB,Deaths,0.244881970030957,2021-08-16,5
epiforecasts-EpiNow2,CZ,Cases,0.229934974470543,2021-08-16,5
epiforecasts-EpiNow2,CZ,Deaths,0.204136096486493,2021-08-16,5
epiforecasts-EpiNow2,FR,Cases,0.0664266473962883,2021-08-16,5
epiforecasts-EpiNow2,GB,Cases,0.154572885797332,2021-08-16,5
epiforecasts-EpiNow2,GB,Deaths,0.1758559173537,2021-08-16,5
epiforecasts-EpiNow2,PL,Cases,0.160427664617053,2021-08-16,5
itwm-dSEIR,DE,Cases,0.264399166152692,2021-08-16,5
FIAS_FZJ-Epi1Ger,DE,Cases,0.202215673473536,2021-08-23,5
HZI-AgeExtendedSEIR,DE,Cases,0.190216867622205,2021-08-23,5
HZI-AgeExtendedSEIR,DE,Deaths,0.190961333315276,2021-08-23,5
IEM_Health-CovidProject,CZ,Cases,0.4049316892453,2021-08-23,5
IEM_Health-CovidProject,CZ,Deaths,0.150385076122131,2021-08-23,5
IEM_Health-CovidProject,DE,Deaths,0.162775333890461,2021-08-23,5
IEM_Health-CovidProject,FR,Cases,0.124357341607371,2021-08-23,5
IEM_Health-CovidProject,FR,Deaths,0.241873988304343,2021-08-23,5
IEM_Health-CovidProject,GB,Cases,0.135433372957033,2021-08-23,5
IEM_Health-CovidProject,GB,Deaths,0.190131566941637,2021-08-23,5
IEM_Health-CovidProject,PL,Cases,0.191889364770068,2021-08-23,5
IEM_Health-CovidProject,PL,Deaths,0.309967901247161,2021-08-23,5
ILM-EKF,FR,Deaths,0.0658690520497232,2021-08-23,5
ILM-EKF,PL,Deaths,0.148292917825744,2021-08-23,5
ITWW-county_repro,DE,Cases,0.194682678998039,2021-08-23,5
Karlen-pypm,CZ,Cases,0.203816485116246,2021-08-23,5
Karlen-pypm,CZ,Deaths,0.202989230891491,2021-08-23,5
Karlen-pypm,FR,Cases,0.0181105724983183,2021-08-23,5
Karlen-pypm,FR,Deaths,0.0958488239301868,2021-08-23,5
Karlen-pypm,PL,Cases,0.257173091879028,2021-08-23,5
Karlen-pypm,PL,Deaths,0.154980035305507,2021-08-23,5
MIT_CovidAnalytics-DELPHI,DE,Deaths,0.245077192045146,2021-08-23,5
MOCOS-agent1,PL,Deaths,0.271085371020346,2021-08-23,5
MUNI-ARIMA,DE,Deaths,0.140143123881968,2021-08-23,5
MUNI-ARIMA,FR,Cases,0.336172637351866,2021-08-23,5
MUNI-ARIMA,FR,Deaths,0.271339983610522,2021-08-23,5
MUNI-ARIMA,GB,Cases,0.292531735113167,2021-08-23,5
MUNI_DMS-SEIAR,CZ,Cases,0.11461726510268,2021-08-23,5
MUNI_DMS-SEIAR,CZ,Deaths,0.257144488495242,2021-08-23,5
PL_GRedlarski-DistrictsSum,PL,Cases,0.189259220589806,2021-08-23,5
RobertWalraven-ESG,CZ,Cases,0.164016566249386,2021-08-23,5
RobertWalraven-ESG,CZ,Deaths,0.184797534285132,2021-08-23,5
RobertWalraven-ESG,DE,Deaths,0.261043016867148,2021-08-23,5
RobertWalraven-ESG,FR,Cases,0.487259807839907,2021-08-23,5
RobertWalraven-ESG,FR,Deaths,0.325068152105225,2021-08-23,5
RobertWalraven-ESG,GB,Deaths,0.328939914522231,2021-08-23,5
epiforecasts-EpiExpert,DE,Cases,0.180269633663148,2021-08-23,5
epiforecasts-EpiExpert,GB,Cases,0.200347087812667,2021-08-23,5
epiforecasts-EpiExpert,GB,Deaths,0.140371300152728,2021-08-23,5
epiforecasts-EpiExpert,PL,Cases,0.200393565717103,2021-08-23,5
epiforecasts-EpiExpert,PL,Deaths,0.115673774601242,2021-08-23,5
epiforecasts-EpiExpert_Rt,GB,Cases,0.160104906404812,2021-08-23,5
epiforecasts-EpiExpert_Rt,PL,Cases,0.161284757043995,2021-08-23,5
epiforecasts-EpiExpert_direct,DE,Cases,0.232615146243072,2021-08-23,5
epiforecasts-EpiExpert_direct,GB,Cases,0.21158289771232,2021-08-23,5
epiforecasts-EpiExpert_direct,GB,Deaths,0.223669565805157,2021-08-23,5
epiforecasts-EpiNow2,CZ,Cases,0.112617994286388,2021-08-23,5
epiforecasts-EpiNow2,CZ,Deaths,0.204683670206004,2021-08-23,5
epiforecasts-EpiNow2,FR,Cases,0.0340996407025384,2021-08-23,5
epiforecasts-EpiNow2,GB,Deaths,0.116887652578247,2021-08-23,5
HZI-AgeExtendedSEIR,DE,Cases,0.208890016195763,2021-08-30,5
HZI-AgeExtendedSEIR,DE,Deaths,0.201973011807649,2021-08-30,5
IEM_Health-CovidProject,CZ,Cases,0.346135650547604,2021-08-30,5
IEM_Health-CovidProject,CZ,Deaths,0.169410721458937,2021-08-30,5
IEM_Health-CovidProject,FR,Cases,0.138259768049446,2021-08-30,5
IEM_Health-CovidProject,FR,Deaths,0.155408343591832,2021-08-30,5
IEM_Health-CovidProject,GB,Cases,0.133904133513161,2021-08-30,5
IEM_Health-CovidProject,GB,Deaths,0.28090883343143,2021-08-30,5
IEM_Health-CovidProject,PL,Cases,0.260923212827733,2021-08-30,5
IEM_Health-CovidProject,PL,Deaths,0.301081092179179,2021-08-30,5
ILM-EKF,CZ,Cases,0.155573245877378,2021-08-30,5
ILM-EKF,FR,Cases,0.0647993731230185,2021-08-30,5
ILM-EKF,FR,Deaths,0.149371360657505,2021-08-30,5
ILM-EKF,PL,Cases,0.134769156331765,2021-08-30,5
ILM-EKF,PL,Deaths,0.129900107161814,2021-08-30,5
Karlen-pypm,CZ,Cases,0.124864215608652,2021-08-30,5
Karlen-pypm,CZ,Deaths,0.202925429240298,2021-08-30,5
Karlen-pypm,DE,Cases,0.18465576653862,2021-08-30,5
Karlen-pypm,FR,Cases,0.351447557821567,2021-08-30,5
Karlen-pypm,FR,Deaths,0.286683126988014,2021-08-30,5
Karlen-pypm,PL,Cases,0.244888400014726,2021-08-30,5
Karlen-pypm,PL,Deaths,0.155991010275379,2021-08-30,5
MIT_CovidAnalytics-DELPHI,DE,Deaths,0.208064454984219,2021-08-30,5
MIT_CovidAnalytics-DELPHI,PL,Deaths,0.204755329180797,2021-08-30,5
MOCOS-agent1,PL,Cases,0.137048005623951,2021-08-30,5
MOCOS-agent1,PL,Deaths,0.208272461202831,2021-08-30,5
MUNI-ARIMA,DE,Cases,0.186060361122609,2021-08-30,5
MUNI-ARIMA,DE,Deaths,0.136843209339167,2021-08-30,5
MUNI-ARIMA,FR,Cases,0.205770248135214,2021-08-30,5
MUNI-ARIMA,FR,Deaths,0.147721911144402,2021-08-30,5
MUNI-ARIMA,GB,Cases,0.246283581524434,2021-08-30,5
MUNI-ARIMA,GB,Deaths,0.211878287387556,2021-08-30,5
MUNI_DMS-SEIAR,CZ,Cases,0.252713713822882,2021-08-30,5
MUNI_DMS-SEIAR,CZ,Deaths,0.223404972697494,2021-08-30,5
PL_GRedlarski-DistrictsSum,PL,Cases,0.222371225201824,2021-08-30,5
RobertWalraven-ESG,CZ,Cases,0.120713174143484,2021-08-30,5
RobertWalraven-ESG,CZ,Deaths,0.169827492537838,2021-08-30,5
RobertWalraven-ESG,DE,Deaths,0.241896128453573,2021-08-30,5
RobertWalraven-ESG,FR,Cases,0.239723052870754,2021-08-30,5
RobertWalraven-ESG,FR,Deaths,0.260815257618247,2021-08-30,5
RobertWalraven-ESG,GB,Deaths,0.203487241712193,2021-08-30,5
epiforecasts-EpiExpert,DE,Cases,0.193010339646774,2021-08-30,5
epiforecasts-EpiExpert,GB,Cases,0.234917609043387,2021-08-30,5
epiforecasts-EpiExpert,GB,Deaths,0.117245536062072,2021-08-30,5
epiforecasts-EpiExpert_Rt,GB,Cases,0.140848435041898,2021-08-30,5
epiforecasts-EpiExpert_direct,DE,Cases,0.227383516496233,2021-08-30,5
epiforecasts-EpiExpert_direct,DE,Deaths,0.211223195415393,2021-08-30,5
epiforecasts-EpiExpert_direct,GB,Cases,0.244046240877121,2021-08-30,5
epiforecasts-EpiExpert_direct,GB,Deaths,0.18648010140675,2021-08-30,5
epiforecasts-EpiNow2,CZ,Deaths,0.234431384065433,2021-08-30,5
HZI-AgeExtendedSEIR,DE,Cases,0.1831339243077,2021-09-06,5
HZI-AgeExtendedSEIR,DE,Deaths,0.238734988112528,2021-09-06,5
IEM_Health-CovidProject,CZ,Cases,0.35976004415567,2021-09-06,5
IEM_Health-CovidProject,CZ,Deaths,0.17507565431176,2021-09-06,5
IEM_Health-CovidProject,DE,Cases,0.190288338958962,2021-09-06,5
IEM_Health-CovidProject,GB,Cases,0.215404641069802,2021-09-06,5
IEM_Health-CovidProject,GB,Deaths,0.305917974329189,2021-09-06,5
IEM_Health-CovidProject,PL,Cases,0.230994580821462,2021-09-06,5
IEM_Health-CovidProject,PL,Deaths,0.163327001436867,2021-09-06,5
ILM-EKF,CZ,Cases,0.20264302117169,2021-09-06,5
ILM-EKF,CZ,Deaths,0.182205346697284,2021-09-06,5
ILM-EKF,DE,Cases,0.167634172188086,2021-09-06,5
ILM-EKF,FR,Cases,0.241317387635933,2021-09-06,5
ILM-EKF,FR,Deaths,0.184817672875502,2021-09-06,5
ILM-EKF,GB,Cases,0.161491331388567,2021-09-06,5
ILM-EKF,GB,Deaths,0.134469648755585,2021-09-06,5
ITWW-county_repro,DE,Deaths,0.164382805344284,2021-09-06,5
ITWW-county_repro,PL,Cases,0.168629579002335,2021-09-06,5
ITWW-county_repro,PL,Deaths,0.231017258017312,2021-09-06,5
Karlen-pypm,CZ,Cases,0.0985900174261817,2021-09-06,5
Karlen-pypm,CZ,Deaths,0.235327222940282,2021-09-06,5
Karlen-pypm,FR,Cases,0.384450636668062,2021-09-06,5
Karlen-pypm,FR,Deaths,0.304788397373524,2021-09-06,5
Karlen-pypm,PL,Cases,0.245159865706517,2021-09-06,5
Karlen-pypm,PL,Deaths,0.235108698988047,2021-09-06,5
MIT_CovidAnalytics-DELPHI,DE,Deaths,0.153449649371435,2021-09-06,5
MOCOS-agent1,PL,Deaths,0.1984500229171,2021-09-06,5
MUNI-ARIMA,DE,Cases,0.241131297389785,2021-09-06,5
MUNI-ARIMA,DE,Deaths,0.200128460235103,2021-09-06,5
MUNI-ARIMA,FR,Cases,0.150075591839896,2021-09-06,5
MUNI-ARIMA,FR,Deaths,0.121776239632813,2021-09-06,5
MUNI-ARIMA,GB,Cases,0.214447092340459,2021-09-06,5
MUNI-ARIMA,GB,Deaths,0.22486530928219,2021-09-06,5
MUNI_DMS-SEIAR,CZ,Cases,0.22750994370182,2021-09-06,5
MUNI_DMS-SEIAR,CZ,Deaths,0.234231555355714,2021-09-06,5
PL_GRedlarski-DistrictsSum,PL,Cases,0.178028467490303,2021-09-06,5
RobertWalraven-ESG,CZ,Cases,0.111496973544638,2021-09-06,5
RobertWalraven-ESG,DE,Deaths,0.243304096936651,2021-09-06,5
RobertWalraven-ESG,FR,Cases,0.137451907740962,2021-09-06,5
RobertWalraven-ESG,FR,Deaths,0.278624506204626,2021-09-06,5
RobertWalraven-ESG,GB,Deaths,0.14527738071606,2021-09-06,5
UNIPV-BayesINGARCHX,DE,Cases,0.217812267155467,2021-09-06,5
epiforecasts-EpiExpert_direct,GB,Cases,0.307047170526413,2021-09-06,5
epiforecasts-EpiExpert_direct,GB,Deaths,0.189469686916977,2021-09-06,5
epiforecasts-EpiNow2,CZ,Deaths,0.173160220694959,2021-09-06,5
epiforecasts-EpiNow2,FR,Cases,0.086704476115147,2021-09-06,5
epiforecasts-EpiNow2,FR,Deaths,0.109993183913535,2021-09-06,5
epiforecasts-EpiNow2,GB,Cases,0.101609764674758,2021-09-06,5
epiforecasts-EpiNow2,PL,Cases,0.177187506979383,2021-09-06,5
epiforecasts-EpiNow2,PL,Deaths,0.172097018640674,2021-09-06,5
CovidMetrics-epiBATS,DE,Cases,0.210141777375985,2021-09-13,5
HZI-AgeExtendedSEIR,DE,Deaths,0.223416803418361,2021-09-13,5
IEM_Health-CovidProject,CZ,Cases,0.22584924726386,2021-09-13,5
IEM_Health-CovidProject,CZ,Deaths,0.148325563560794,2021-09-13,5
IEM_Health-CovidProject,DE,Cases,0.159456524140177,2021-09-13,5
IEM_Health-CovidProject,GB,Cases,0.296687634613251,2021-09-13,5
IEM_Health-CovidProject,GB,Deaths,0.273758248257788,2021-09-13,5
IEM_Health-CovidProject,PL,Cases,0.168532601985195,2021-09-13,5
ILM-EKF,CZ,Cases,0.202629492363119,2021-09-13,5
ILM-EKF,CZ,Deaths,0.173919509659265,2021-09-13,5
ILM-EKF,FR,Cases,0.250606047683132,2021-09-13,5
ILM-EKF,FR,Deaths,0.166029643095363,2021-09-13,5
ILM-EKF,GB,Cases,0.129079992083082,2021-09-13,5
ILM-EKF,GB,Deaths,0.141781908423034,2021-09-13,5
ILM-EKF,PL,Deaths,0.160534046247226,2021-09-13,5
ITWW-county_repro,DE,Deaths,0.212870122850843,2021-09-13,5
ITWW-county_repro,PL,Cases,0.239130172977518,2021-09-13,5
ITWW-county_repro,PL,Deaths,0.225385726345999,2021-09-13,5
Karlen-pypm,CZ,Deaths,0.25635272000557,2021-09-13,5
Karlen-pypm,FR,Cases,0.405349170077645,2021-09-13,5
Karlen-pypm,FR,Deaths,0.258385024196492,2021-09-13,5
Karlen-pypm,GB,Cases,0.17480066677191,2021-09-13,5
Karlen-pypm,PL,Cases,0.230377731864518,2021-09-13,5
Karlen-pypm,PL,Deaths,0.166479646636402,2021-09-13,5
MOCOS-agent1,PL,Cases,0.204619707985021,2021-09-13,5
MOCOS-agent1,PL,Deaths,0.244819702715435,2021-09-13,5
MUNI-ARIMA,DE,Cases,0.234452925040448,2021-09-13,5
MUNI-ARIMA,DE,Deaths,0.165966824969208,2021-09-13,5
MUNI-ARIMA,FR,Cases,0.112431889699908,2021-09-13,5
MUNI-ARIMA,FR,Deaths,0.140628909652665,2021-09-13,5
MUNI-ARIMA,GB,Cases,0.166535718623238,2021-09-13,5
MUNI-ARIMA,GB,Deaths,0.278112219226685,2021-09-13,5
MUNI_DMS-SEIAR,CZ,Cases,0.258135961881471,2021-09-13,5
MUNI_DMS-SEIAR,CZ,Deaths,0.244685607962474,2021-09-13,5
RobertWalraven-ESG,CZ,Cases,0.160305471095403,2021-09-13,5
RobertWalraven-ESG,DE,Cases,0.106729923737418,2021-09-13,5
RobertWalraven-ESG,DE,Deaths,0.212517988794585,2021-09-13,5
RobertWalraven-ESG,FR,Cases,0.128750361313584,2021-09-13,5
RobertWalraven-ESG,FR,Deaths,0.315632065833024,2021-09-13,5
UNIPV-BayesINGARCHX,DE,Cases,0.289218849705972,2021-09-13,5
epiforecasts-EpiExpert_direct,DE,Deaths,0.185228259967003,2021-09-13,5
epiforecasts-EpiExpert_direct,GB,Cases,0.232895987908518,2021-09-13,5
epiforecasts-EpiExpert_direct,GB,Deaths,0.155260937428734,2021-09-13,5
epiforecasts-EpiNow2,CZ,Cases,0.153079827396147,2021-09-13,5
epiforecasts-EpiNow2,CZ,Deaths,0.176716598811898,2021-09-13,5
epiforecasts-EpiNow2,FR,Cases,0.102862531225731,2021-09-13,5
epiforecasts-EpiNow2,FR,Deaths,0.119324357222456,2021-09-13,5
epiforecasts-EpiNow2,GB,Deaths,0.151086686663758,2021-09-13,5
epiforecasts-EpiNow2,PL,Cases,0.157339785187748,2021-09-13,5
epiforecasts-EpiNow2,PL,Deaths,0.202780878054939,2021-09-13,5
CovidMetrics-epiBATS,DE,Cases,0.372344019681407,2021-09-20,5
HZI-AgeExtendedSEIR,DE,Deaths,0.253730349360714,2021-09-20,5
IEM_Health-CovidProject,CZ,Cases,0.188447497712937,2021-09-20,5
IEM_Health-CovidProject,GB,Cases,0.152564322138784,2021-09-20,5
IEM_Health-CovidProject,GB,Deaths,0.261919558798972,2021-09-20,5
ILM-EKF,CZ,Cases,0.197418184208577,2021-09-20,5
ILM-EKF,CZ,Deaths,0.174504746511323,2021-09-20,5
ILM-EKF,FR,Cases,0.311140611299402,2021-09-20,5
ILM-EKF,FR,Deaths,0.16351648333318,2021-09-20,5
ILM-EKF,GB,Cases,0.110640766816537,2021-09-20,5
ILM-EKF,GB,Deaths,0.125845950552312,2021-09-20,5
ILM-EKF,PL,Cases,0.181239644670576,2021-09-20,5
ILM-EKF,PL,Deaths,0.183237819988938,2021-09-20,5
ITWW-county_repro,DE,Deaths,0.206285920348115,2021-09-20,5
ITWW-county_repro,PL,Cases,0.242162921344332,2021-09-20,5
ITWW-county_repro,PL,Deaths,0.206864615339577,2021-09-20,5
Karlen-pypm,CZ,Cases,0.18212054459423,2021-09-20,5
Karlen-pypm,CZ,Deaths,0.256606931612641,2021-09-20,5
Karlen-pypm,FR,Cases,0.334588715091895,2021-09-20,5
Karlen-pypm,FR,Deaths,0.269064465965244,2021-09-20,5
Karlen-pypm,GB,Cases,0.243846593733486,2021-09-20,5
Karlen-pypm,PL,Cases,0.211913234746631,2021-09-20,5
MIT_CovidAnalytics-DELPHI,DE,Cases,0.174973173867857,2021-09-20,5
MOCOS-agent1,PL,Cases,0.2203493325114,2021-09-20,5
MOCOS-agent1,PL,Deaths,0.255722324208169,2021-09-20,5
MUNI-ARIMA,DE,Cases,0.145878716091773,2021-09-20,5
MUNI-ARIMA,FR,Cases,0.0935163174774941,2021-09-20,5
MUNI-ARIMA,FR,Deaths,0.133047682465129,2021-09-20,5
MUNI-ARIMA,GB,Cases,0.210884122166857,2021-09-20,5
MUNI-ARIMA,GB,Deaths,0.223500532139451,2021-09-20,5
MUNI_DMS-SEIAR,CZ,Cases,0.216223854406798,2021-09-20,5
MUNI_DMS-SEIAR,CZ,Deaths,0.179635869263498,2021-09-20,5
RobertWalraven-ESG,CZ,Cases,0.215789919077458,2021-09-20,5
RobertWalraven-ESG,DE,Cases,0.154871616132201,2021-09-20,5
RobertWalraven-ESG,DE,Deaths,0.170490968251543,2021-09-20,5
RobertWalraven-ESG,FR,Cases,0.156611180543655,2021-09-20,5
RobertWalraven-ESG,FR,Deaths,0.244004340984889,2021-09-20,5
RobertWalraven-ESG,GB,Cases,0.282064195144337,2021-09-20,5
RobertWalraven-ESG,PL,Deaths,0.151492294781591,2021-09-20,5
UMass-MechBayes,CZ,Deaths,0.160759720630324,2021-09-20,5
UMass-MechBayes,DE,Deaths,0.157395449611155,2021-09-20,5
UNIPV-BayesINGARCHX,DE,Cases,0.151932474226761,2021-09-20,5
epiforecasts-EpiExpert_direct,DE,Deaths,0.212097312428473,2021-09-20,5
epiforecasts-EpiExpert_direct,GB,Deaths,0.233735663322263,2021-09-20,5
epiforecasts-EpiNow2,CZ,Deaths,0.228492731982214,2021-09-20,5
epiforecasts-EpiNow2,FR,Cases,0.104143175587554,2021-09-20,5
epiforecasts-EpiNow2,FR,Deaths,0.190367027251558,2021-09-20,5
epiforecasts-EpiNow2,GB,Deaths,0.154998295187002,2021-09-20,5
epiforecasts-EpiNow2,PL,Cases,0.144334866727061,2021-09-20,5
epiforecasts-EpiNow2,PL,Deaths,0.202682945681725,2021-09-20,5
CovidMetrics-epiBATS,DE,Cases,0.327122956111884,2021-09-27,5
HZI-AgeExtendedSEIR,DE,Deaths,0.210931629836431,2021-09-27,5
IEM_Health-CovidProject,CZ,Cases,0.20751579232079,2021-09-27,5
IEM_Health-CovidProject,GB,Cases,0.134175645234457,2021-09-27,5
IEM_Health-CovidProject,GB,Deaths,0.294258663837843,2021-09-27,5
IEM_Health-CovidProject,PL,Cases,0.162590896626769,2021-09-27,5
ILM-EKF,CZ,Cases,0.211141292248574,2021-09-27,5
ILM-EKF,CZ,Deaths,0.193492386896284,2021-09-27,5
ILM-EKF,FR,Cases,0.27948188547766,2021-09-27,5
ILM-EKF,FR,Deaths,0.164666939557912,2021-09-27,5
ILM-EKF,GB,Cases,0.131539933900786,2021-09-27,5
ILM-EKF,PL,Cases,0.201343013077901,2021-09-27,5
ILM-EKF,PL,Deaths,0.171437959725071,2021-09-27,5
ITWW-county_repro,DE,Deaths,0.187334283154994,2021-09-27,5
ITWW-county_repro,PL,Cases,0.224879611181573,2021-09-27,5
ITWW-county_repro,PL,Deaths,0.233129851274772,2021-09-27,5
Karlen-pypm,CZ,Cases,0.169795567824125,2021-09-27,5
Karlen-pypm,CZ,Deaths,0.205988978326705,2021-09-27,5
Karlen-pypm,FR,Cases,0.427554992540911,2021-09-27,5
Karlen-pypm,FR,Deaths,0.269848272816526,2021-09-27,5
Karlen-pypm,GB,Cases,0.26868530711188,2021-09-27,5
Karlen-pypm,GB,Deaths,0.166174104311343,2021-09-27,5
Karlen-pypm,PL,Cases,0.208900143504334,2021-09-27,5
MIT_CovidAnalytics-DELPHI,DE,Cases,0.317335526736368,2021-09-27,5
MOCOS-agent1,PL,Cases,0.202286335609423,2021-09-27,5
MOCOS-agent1,PL,Deaths,0.220731947964657,2021-09-27,5
MUNI-ARIMA,DE,Deaths,0.174426588892424,2021-09-27,5
MUNI-ARIMA,FR,Cases,0.0683098247224614,2021-09-27,5
MUNI-ARIMA,FR,Deaths,0.150478460685463,2021-09-27,5
MUNI-ARIMA,GB,Cases,0.204473900682935,2021-09-27,5
MUNI-ARIMA,GB,Deaths,0.180303691904604,2021-09-27,5
MUNI_DMS-SEIAR,CZ,Cases,0.169673854477908,2021-09-27,5
MUNI_DMS-SEIAR,CZ,Deaths,0.132639437735635,2021-09-27,5
RobertWalraven-ESG,CZ,Cases,0.241873493128604,2021-09-27,5
RobertWalraven-ESG,DE,Cases,0.130585651008445,2021-09-27,5
RobertWalraven-ESG,DE,Deaths,0.187164529759559,2021-09-27,5
RobertWalraven-ESG,FR,Cases,0.10688860448955,2021-09-27,5
RobertWalraven-ESG,FR,Deaths,0.194641204155756,2021-09-27,5
RobertWalraven-ESG,GB,Cases,0.261125213069943,2021-09-27,5
RobertWalraven-ESG,GB,Deaths,0.189866813511931,2021-09-27,5
RobertWalraven-ESG,PL,Deaths,0.171523179380877,2021-09-27,5
UMass-MechBayes,CZ,Deaths,0.203082704415299,2021-09-27,5
UMass-MechBayes,DE,Deaths,0.240142968356591,2021-09-27,5
epiforecasts-EpiNow2,CZ,Deaths,0.264796492626078,2021-09-27,5
epiforecasts-EpiNow2,DE,Cases,0.0893714723621666,2021-09-27,5
epiforecasts-EpiNow2,FR,Cases,0.117764692769417,2021-09-27,5
epiforecasts-EpiNow2,FR,Deaths,0.220365122784343,2021-09-27,5
epiforecasts-EpiNow2,GB,Deaths,0.16939672643428,2021-09-27,5
epiforecasts-EpiNow2,PL,Deaths,0.203177061654624,2021-09-27,5
itwm-dSEIR,DE,Cases,0.135584393781137,2021-09-27,5
CovidMetrics-epiBATS,DE,Cases,0.283701484253842,2021-10-04,5
HZI-AgeExtendedSEIR,DE,Cases,0.144295520734983,2021-10-04,5
HZI-AgeExtendedSEIR,DE,Deaths,0.214484974938942,2021-10-04,5
IEM_Health-CovidProject,CZ,Cases,0.279093730949716,2021-10-04,5
IEM_Health-CovidProject,DE,Deaths,0.206136791759448,2021-10-04,5
IEM_Health-CovidProject,FR,Cases,0.101872771243179,2021-10-04,5
IEM_Health-CovidProject,GB,Cases,0.208309291399327,2021-10-04,5
IEM_Health-CovidProject,GB,Deaths,0.1690570831492,2021-10-04,5
IEM_Health-CovidProject,PL,Cases,0.230598439776674,2021-10-04,5
IEM_Health-CovidProject,PL,Deaths,0.14929299175797,2021-10-04,5
ILM-EKF,CZ,Cases,0.220657345852392,2021-10-04,5
ILM-EKF,CZ,Deaths,0.194040500364078,2021-10-04,5
ILM-EKF,DE,Deaths,0.163578513128871,2021-10-04,5
ILM-EKF,FR,Cases,0.316169860500652,2021-10-04,5
ILM-EKF,FR,Deaths,0.205293062899953,2021-10-04,5
ILM-EKF,GB,Cases,0.151799442548405,2021-10-04,5
ILM-EKF,GB,Deaths,0.155161634410397,2021-10-04,5
ILM-EKF,PL,Cases,0.191710079625167,2021-10-04,5
ITWW-county_repro,PL,Cases,0.208325138753508,2021-10-04,5
ITWW-county_repro,PL,Deaths,0.341353812765237,2021-10-04,5
Karlen-pypm,CZ,Cases,0.171352098980158,2021-10-04,5
Karlen-pypm,CZ,Deaths,0.208936207354257,2021-10-04,5
Karlen-pypm,FR,Cases,0.309649592356286,2021-10-04,5
Karlen-pypm,FR,Deaths,0.286830042978263,2021-10-04,5
Karlen-pypm,GB,Cases,0.214820098881736,2021-10-04,5
Karlen-pypm,GB,Deaths,0.204389874550899,2021-10-04,5
Karlen-pypm,PL,Cases,0.250764739852131,2021-10-04,5
Karlen-pypm,PL,Deaths,0.171203929736275,2021-10-04,5
MIT_CovidAnalytics-DELPHI,DE,Cases,0.228449264685379,2021-10-04,5
MOCOS-agent1,PL,Deaths,0.186020033621654,2021-10-04,5
MUNI-ARIMA,CZ,Cases,0.146602747543496,2021-10-04,5
MUNI-ARIMA,FR,Deaths,0.121189264083368,2021-10-04,5
MUNI-ARIMA,GB,Cases,0.214211027869011,2021-10-04,5
RobertWalraven-ESG,CZ,Cases,0.182294076674237,2021-10-04,5
RobertWalraven-ESG,CZ,Deaths,0.146405132669244,2021-10-04,5
RobertWalraven-ESG,DE,Cases,0.111834977693675,2021-10-04,5
RobertWalraven-ESG,DE,Deaths,0.207919878269293,2021-10-04,5
RobertWalraven-ESG,FR,Cases,0.150345720745478,2021-10-04,5
RobertWalraven-ESG,FR,Deaths,0.164953241624838,2021-10-04,5
RobertWalraven-ESG,GB,Cases,0.210860139301521,2021-10-04,5
RobertWalraven-ESG,GB,Deaths,0.336980600836447,2021-10-04,5
RobertWalraven-ESG,PL,Cases,0.118601601992521,2021-10-04,5
UMass-MechBayes,CZ,Deaths,0.182336138244708,2021-10-04,5
UMass-MechBayes,DE,Deaths,0.207879841903446,2021-10-04,5
epiforecasts-EpiNow2,CZ,Deaths,0.268282021367713,2021-10-04,5
epiforecasts-EpiNow2,FR,Cases,0.121962055154405,2021-10-04,5
epiforecasts-EpiNow2,FR,Deaths,0.221734388413577,2021-10-04,5
epiforecasts-EpiNow2,GB,Deaths,0.134410807053058,2021-10-04,5
epiforecasts-EpiNow2,PL,Deaths,0.152129232118864,2021-10-04,5
itwm-dSEIR,DE,Cases,0.231718752632123,2021-10-04,5
CovidMetrics-epiBATS,DE,Cases,0.220620867635307,2021-10-11,5
HZI-AgeExtendedSEIR,DE,Cases,0.200226827821496,2021-10-11,5
HZI-AgeExtendedSEIR,DE,Deaths,0.200385584327559,2021-10-11,5
IEM_Health-CovidProject,CZ,Cases,0.294137826539933,2021-10-11,5
IEM_Health-CovidProject,DE,Deaths,0.19354410251944,2021-10-11,5
IEM_Health-CovidProject,FR,Cases,0.120048562703401,2021-10-11,5
IEM_Health-CovidProject,GB,Cases,0.310559821616157,2021-10-11,5
IEM_Health-CovidProject,PL,Cases,0.197932836766,2021-10-11,5
ILM-EKF,CZ,Cases,0.2316980342977,2021-10-11,5
ILM-EKF,CZ,Deaths,0.169199251374745,2021-10-11,5
ILM-EKF,DE,Cases,0.184644920663702,2021-10-11,5
ILM-EKF,FR,Cases,0.306935403766011,2021-10-11,5
ILM-EKF,FR,Deaths,0.203894750074727,2021-10-11,5
ILM-EKF,GB,Cases,0.16076109111569,2021-10-11,5
ILM-EKF,GB,Deaths,0.108306273584275,2021-10-11,5
ILM-EKF,PL,Cases,0.184698166547313,2021-10-11,5
ITWW-county_repro,PL,Cases,0.20414012673074,2021-10-11,5
ITWW-county_repro,PL,Deaths,0.254076836373246,2021-10-11,5
Karlen-pypm,CZ,Cases,0.233407772824602,2021-10-11,5
Karlen-pypm,CZ,Deaths,0.25477751251689,2021-10-11,5
Karlen-pypm,DE,Cases,0.216296628293986,2021-10-11,5
Karlen-pypm,FR,Cases,0.182105371998168,2021-10-11,5
Karlen-pypm,FR,Deaths,0.301250834673668,2021-10-11,5
Karlen-pypm,GB,Cases,0.13991972182934,2021-10-11,5
Karlen-pypm,GB,Deaths,0.216781909279154,2021-10-11,5
Karlen-pypm,PL,Cases,0.249934661437289,2021-10-11,5
Karlen-pypm,PL,Deaths,0.224729613953705,2021-10-11,5
MIT_CovidAnalytics-DELPHI,DE,Deaths,0.177764650442859,2021-10-11,5
MOCOS-agent1,PL,Deaths,0.184043562963898,2021-10-11,5
MUNI-ARIMA,CZ,Cases,0.132186364319658,2021-10-11,5
MUNI-ARIMA,GB,Cases,0.231352628558708,2021-10-11,5
MUNI_DMS-SEIAR,CZ,Deaths,0.177488740827062,2021-10-11,5
RobertWalraven-ESG,CZ,Cases,0.108570002018107,2021-10-11,5
RobertWalraven-ESG,DE,Deaths,0.23516246398271,2021-10-11,5
RobertWalraven-ESG,FR,Cases,0.279118453999461,2021-10-11,5
RobertWalraven-ESG,FR,Deaths,0.150259151330343,2021-10-11,5
RobertWalraven-ESG,GB,Cases,0.157406736880105,2021-10-11,5
RobertWalraven-ESG,GB,Deaths,0.391920087931176,2021-10-11,5
RobertWalraven-ESG,PL,Deaths,0.152241987716342,2021-10-11,5
UMass-MechBayes,CZ,Deaths,0.215180359352442,2021-10-11,5
UMass-MechBayes,DE,Deaths,0.193143198727431,2021-10-11,5
UMass-MechBayes,FR,Deaths,0.157068098523076,2021-10-11,5
UMass-MechBayes,GB,Deaths,0.172887761347133,2021-10-11,5
epiforecasts-EpiNow2,CZ,Deaths,0.183354135928861,2021-10-11,5
epiforecasts-EpiNow2,FR,Cases,0.111792207532959,2021-10-11,5
epiforecasts-EpiNow2,FR,Deaths,0.187527165398185,2021-10-11,5
epiforecasts-EpiNow2,GB,Deaths,0.110103967858262,2021-10-11,5
epiforecasts-EpiNow2,PL,Cases,0.163294208518658,2021-10-11,5
epiforecasts-EpiNow2,PL,Deaths,0.18490799899281,2021-10-11,5
itwm-dSEIR,DE,Cases,0.178210755585509,2021-10-11,5
CovidMetrics-epiBATS,DE,Cases,0.201471839051904,2021-10-18,5
HZI-AgeExtendedSEIR,DE,Deaths,0.175685856406579,2021-10-18,5
IEM_Health-CovidProject,CZ,Cases,0.227378673876934,2021-10-18,5
IEM_Health-CovidProject,CZ,Deaths,0.161423269988285,2021-10-18,5
IEM_Health-CovidProject,DE,Cases,0.17892114469287,2021-10-18,5
IEM_Health-CovidProject,FR,Cases,0.254225169156297,2021-10-18,5
IEM_Health-CovidProject,GB,Cases,0.419517340871663,2021-10-18,5
IEM_Health-CovidProject,PL,Cases,0.196552082352911,2021-10-18,5
ILM-EKF,CZ,Cases,0.224972359642284,2021-10-18,5
ILM-EKF,DE,Deaths,0.167227336508657,2021-10-18,5
ILM-EKF,FR,Cases,0.248715260575832,2021-10-18,5
ILM-EKF,FR,Deaths,0.180331818756921,2021-10-18,5
ILM-EKF,GB,Cases,0.146978253576675,2021-10-18,5
ILM-EKF,GB,Deaths,0.140469979343144,2021-10-18,5
ILM-EKF,PL,Cases,0.1852636691568,2021-10-18,5
ITWW-county_repro,DE,Cases,0.242149470095355,2021-10-18,5
ITWW-county_repro,PL,Cases,0.189683778382567,2021-10-18,5
ITWW-county_repro,PL,Deaths,0.212309134572525,2021-10-18,5
Karlen-pypm,CZ,Cases,0.186897007867517,2021-10-18,5
Karlen-pypm,CZ,Deaths,0.218467899512792,2021-10-18,5
Karlen-pypm,FR,Cases,0.109248402541693,2021-10-18,5
Karlen-pypm,FR,Deaths,0.333206952386509,2021-10-18,5
Karlen-pypm,GB,Cases,0.0850332774738459,2021-10-18,5
Karlen-pypm,GB,Deaths,0.26760157510516,2021-10-18,5
Karlen-pypm,PL,Cases,0.275524855360455,2021-10-18,5
Karlen-pypm,PL,Deaths,0.245295407115045,2021-10-18,5
MIT_CovidAnalytics-DELPHI,DE,Deaths,0.193323922983338,2021-10-18,5
MOCOS-agent1,PL,Deaths,0.180085751572219,2021-10-18,5
MUNI-ARIMA,CZ,Cases,0.169373294776284,2021-10-18,5
MUNI-ARIMA,DE,Cases,0.181815560150046,2021-10-18,5
MUNI-ARIMA,GB,Cases,0.237757907259708,2021-10-18,5
MUNI_DMS-SEIAR,CZ,Deaths,0.148776568041015,2021-10-18,5
RobertWalraven-ESG,DE,Cases,0.195641986009826,2021-10-18,5
RobertWalraven-ESG,DE,Deaths,0.292857428816344,2021-10-18,5
RobertWalraven-ESG,FR,Cases,0.251776479966471,2021-10-18,5
RobertWalraven-ESG,FR,Deaths,0.173801017428435,2021-10-18,5
RobertWalraven-ESG,GB,Cases,0.110713220818108,2021-10-18,5
RobertWalraven-ESG,GB,Deaths,0.27298581190261,2021-10-18,5
UMass-MechBayes,CZ,Deaths,0.253590604652341,2021-10-18,5
UMass-MechBayes,DE,Deaths,0.170905455285082,2021-10-18,5
UMass-MechBayes,FR,Deaths,0.169448385024988,2021-10-18,5
UMass-MechBayes,GB,Deaths,0.148973791087181,2021-10-18,5
UMass-MechBayes,PL,Deaths,0.177597050598952,2021-10-18,5
epiforecasts-EpiNow2,CZ,Cases,0.191378663836982,2021-10-18,5
epiforecasts-EpiNow2,CZ,Deaths,0.217741657805568,2021-10-18,5
epiforecasts-EpiNow2,FR,Cases,0.136034687759706,2021-10-18,5
epiforecasts-EpiNow2,FR,Deaths,0.143211826403147,2021-10-18,5
epiforecasts-EpiNow2,GB,Deaths,0.169968842561906,2021-10-18,5
epiforecasts-EpiNow2,PL,Cases,0.152975614747267,2021-10-18,5
epiforecasts-EpiNow2,PL,Deaths,0.18471265614126,2021-10-18,5
CovidMetrics-epiBATS,DE,Cases,0.16350081354437,2021-10-25,5
HZI-AgeExtendedSEIR,DE,Deaths,0.170625283626437,2021-10-25,5
IEM_Health-CovidProject,CZ,Cases,0.177927668043233,2021-10-25,5
IEM_Health-CovidProject,CZ,Deaths,0.182990283066434,2021-10-25,5
IEM_Health-CovidProject,DE,Cases,0.199096171511759,2021-10-25,5
IEM_Health-CovidProject,FR,Cases,0.394656554167424,2021-10-25,5
IEM_Health-CovidProject,FR,Deaths,0.11753631459242,2021-10-25,5
IEM_Health-CovidProject,GB,Cases,0.308301622894138,2021-10-25,5
IEM_Health-CovidProject,GB,Deaths,0.181455485295042,2021-10-25,5
IEM_Health-CovidProject,PL,Deaths,0.173214483830771,2021-10-25,5
ILM-EKF,CZ,Cases,0.203404968429164,2021-10-25,5
ILM-EKF,CZ,Deaths,0.196745403348949,2021-10-25,5
ILM-EKF,DE,Cases,0.13430751510149,2021-10-25,5
ILM-EKF,DE,Deaths,0.147558762651796,2021-10-25,5
ILM-EKF,FR,Cases,0.233808518965984,2021-10-25,5
ILM-EKF,FR,Deaths,0.191627270432579,2021-10-25,5
ILM-EKF,GB,Cases,0.266500845956596,2021-10-25,5
ILM-EKF,GB,Deaths,0.184800110986687,2021-10-25,5
ILM-EKF,PL,Cases,0.223475219908364,2021-10-25,5
ITWW-county_repro,DE,Cases,0.303666026900326,2021-10-25,5
ITWW-county_repro,DE,Deaths,0.224144361094258,2021-10-25,5
ITWW-county_repro,PL,Cases,0.246025877634868,2021-10-25,5
ITWW-county_repro,PL,Deaths,0.189946668547652,2021-10-25,5
Karlen-pypm,CZ,Cases,0.154883062567155,2021-10-25,5
Karlen-pypm,CZ,Deaths,0.212510600287764,2021-10-25,5
Karlen-pypm,DE,Deaths,0.189676076814416,2021-10-25,5
Karlen-pypm,FR,Cases,0.0906184207398005,2021-10-25,5
Karlen-pypm,FR,Deaths,0.304888401243308,2021-10-25,5
Karlen-pypm,GB,Cases,0.0725922729484228,2021-10-25,5
Karlen-pypm,GB,Deaths,0.251646436175873,2021-10-25,5
Karlen-pypm,PL,Cases,0.176213921663963,2021-10-25,5
Karlen-pypm,PL,Deaths,0.248503942638163,2021-10-25,5
MOCOS-agent1,PL,Cases,0.175865238041778,2021-10-25,5
MOCOS-agent1,PL,Deaths,0.197540571571875,2021-10-25,5
MUNI-ARIMA,CZ,Cases,0.221513602164986,2021-10-25,5
MUNI-ARIMA,DE,Cases,0.199429472942055,2021-10-25,5
MUNI-ARIMA,FR,Cases,0.113318796527332,2021-10-25,5
MUNI-ARIMA,GB,Cases,0.248635354069425,2021-10-25,5
MUNI-ARIMA,PL,Cases,0.178419742751027,2021-10-25,5
MUNI_DMS-SEIAR,CZ,Cases,0.242270698795462,2021-10-25,5
MUNI_DMS-SEIAR,CZ,Deaths,0.16727492999756,2021-10-25,5
RobertWalraven-ESG,DE,Deaths,0.267995515813093,2021-10-25,5
RobertWalraven-ESG,FR,Cases,0.16759770959946,2021-10-25,5
RobertWalraven-ESG,FR,Deaths,0.176766186345815,2021-10-25,5
RobertWalraven-ESG,GB,Cases,0.103969904131419,2021-10-25,5
RobertWalraven-ESG,GB,Deaths,0.199267366908155,2021-10-25,5
UMass-MechBayes,CZ,Deaths,0.240478783299293,2021-10-25,5
UMass-MechBayes,FR,Deaths,0.209181827385879,2021-10-25,5
UMass-MechBayes,GB,Deaths,0.182830600634243,2021-10-25,5
UMass-MechBayes,PL,Deaths,0.190794333411539,2021-10-25,5
FIAS_FZJ-Epi1Ger,DE,Cases,0.193687713280652,2021-11-01,5
FIAS_FZJ-Epi1Ger,DE,Deaths,0.261798961684187,2021-11-01,5
HZI-AgeExtendedSEIR,DE,Deaths,0.223433777018348,2021-11-01,5
ICM-agentModel,PL,Cases,0.176348980957651,2021-11-01,5
IEM_Health-CovidProject,CZ,Cases,0.194195177784144,2021-11-01,5
IEM_Health-CovidProject,CZ,Deaths,0.18375621051,2021-11-01,5
IEM_Health-CovidProject,DE,Cases,0.158303756490818,2021-11-01,5
IEM_Health-CovidProject,FR,Cases,0.428648300138753,2021-11-01,5
IEM_Health-CovidProject,FR,Deaths,0.191783931691053,2021-11-01,5
IEM_Health-CovidProject,GB,Cases,0.248968120360083,2021-11-01,5
IEM_Health-CovidProject,GB,Deaths,0.187660768111376,2021-11-01,5
ILM-EKF,CZ,Cases,0.196875744738247,2021-11-01,5
ILM-EKF,CZ,Deaths,0.236506960274148,2021-11-01,5
ILM-EKF,DE,Cases,0.175498171386965,2021-11-01,5
ILM-EKF,FR,Cases,0.221365868772803,2021-11-01,5
ILM-EKF,FR,Deaths,0.200403493907476,2021-11-01,5
ILM-EKF,GB,Cases,0.253129444391447,2021-11-01,5
ILM-EKF,GB,Deaths,0.237738462719654,2021-11-01,5
ILM-EKF,PL,Cases,0.225335031760552,2021-11-01,5
ILM-EKF,PL,Deaths,0.176203777037775,2021-11-01,5
ITWW-county_repro,DE,Cases,0.284705370052528,2021-11-01,5
ITWW-county_repro,DE,Deaths,0.168441197402463,2021-11-01,5
ITWW-county_repro,PL,Cases,0.200429937659077,2021-11-01,5
ITWW-county_repro,PL,Deaths,0.292425904322038,2021-11-01,5
Karlen-pypm,CZ,Cases,0.167446145332655,2021-11-01,5
Karlen-pypm,CZ,Deaths,0.189638550787984,2021-11-01,5
Karlen-pypm,DE,Deaths,0.183994838483311,2021-11-01,5
Karlen-pypm,FR,Cases,0.100307423266786,2021-11-01,5
Karlen-pypm,FR,Deaths,0.205284321414543,2021-11-01,5
Karlen-pypm,GB,Cases,0.102359982753005,2021-11-01,5
Karlen-pypm,GB,Deaths,0.224829306139339,2021-11-01,5
Karlen-pypm,PL,Deaths,0.200037819178165,2021-11-01,5
MOCOS-agent1,PL,Cases,0.199647702080216,2021-11-01,5
MOCOS-agent1,PL,Deaths,0.170876126081972,2021-11-01,5
MUNI-ARIMA,CZ,Cases,0.234842987897562,2021-11-01,5
MUNI-ARIMA,CZ,Deaths,0.208649566189319,2021-11-01,5
MUNI-ARIMA,DE,Cases,0.187804988789036,2021-11-01,5
MUNI-ARIMA,FR,Cases,0.127868358589979,2021-11-01,5
MUNI-ARIMA,GB,Cases,0.234877723530114,2021-11-01,5
MUNI-ARIMA,GB,Deaths,0.187970254241128,2021-11-01,5
MUNI-ARIMA,PL,Cases,0.198238347542504,2021-11-01,5
MUNI_DMS-SEIAR,CZ,Cases,0.206639944247392,2021-11-01,5
RobertWalraven-ESG,FR,Cases,0.12181004923168,2021-11-01,5
RobertWalraven-ESG,FR,Deaths,0.170506647204373,2021-11-01,5
RobertWalraven-ESG,GB,Cases,0.160664728965351,2021-11-01,5
RobertWalraven-ESG,GB,Deaths,0.161801208788503,2021-11-01,5
UMass-MechBayes,CZ,Deaths,0.181448712238549,2021-11-01,5
UMass-MechBayes,FR,Deaths,0.232021605782556,2021-11-01,5
UMass-MechBayes,PL,Deaths,0.16045637338005,2021-11-01,5
itwm-dSEIR,DE,Deaths,0.16233122541169,2021-11-01,5
CovidMetrics-epiBATS,DE,Cases,0.166941636295662,2021-11-08,5
HZI-AgeExtendedSEIR,DE,Cases,0.186800761878274,2021-11-08,5
HZI-AgeExtendedSEIR,DE,Deaths,0.246475660468077,2021-11-08,5
ICM-agentModel,PL,Cases,0.167424011889391,2021-11-08,5
IEM_Health-CovidProject,CZ,Cases,0.199002952385299,2021-11-08,5
IEM_Health-CovidProject,CZ,Deaths,0.173488874022468,2021-11-08,5
IEM_Health-CovidProject,FR,Cases,0.344140484826302,2021-11-08,5
IEM_Health-CovidProject,FR,Deaths,0.261114698270908,2021-11-08,5
IEM_Health-CovidProject,GB,Cases,0.143789364913108,2021-11-08,5
IEM_Health-CovidProject,GB,Deaths,0.217364524722762,2021-11-08,5
ILM-EKF,CZ,Cases,0.244831958122257,2021-11-08,5
ILM-EKF,CZ,Deaths,0.270789621753027,2021-11-08,5
ILM-EKF,DE,Cases,0.211694165048799,2021-11-08,5
ILM-EKF,DE,Deaths,0.157309674848206,2021-11-08,5
ILM-EKF,FR,Cases,0.218773851931725,2021-11-08,5
ILM-EKF,FR,Deaths,0.194862044295534,2021-11-08,5
ILM-EKF,GB,Cases,0.176637244566252,2021-11-08,5
ILM-EKF,GB,Deaths,0.208683727400811,2021-11-08,5
ILM-EKF,PL,Cases,0.260688321824247,2021-11-08,5
ITWW-county_repro,DE,Cases,0.234364761182369,2021-11-08,5
ITWW-county_repro,DE,Deaths,0.163982815162173,2021-11-08,5
ITWW-county_repro,PL,Cases,0.169375748735211,2021-11-08,5
ITWW-county_repro,PL,Deaths,0.215014472301742,2021-11-08,5
Karlen-pypm,CZ,Cases,0.170264673993828,2021-11-08,5
Karlen-pypm,CZ,Deaths,0.191737785955316,2021-11-08,5
Karlen-pypm,FR,Cases,0.157694455174196,2021-11-08,5
Karlen-pypm,FR,Deaths,0.154830494255733,2021-11-08,5
Karlen-pypm,GB,Cases,0.155607594721471,2021-11-08,5
Karlen-pypm,GB,Deaths,0.18744122727314,2021-11-08,5
Karlen-pypm,PL,Deaths,0.207162920594197,2021-11-08,5
MIT_CovidAnalytics-DELPHI,PL,Deaths,0.185347446773411,2021-11-08,5
MOCOS-agent1,PL,Cases,0.193635776574794,2021-11-08,5
MOCOS-agent1,PL,Deaths,0.193942442843989,2021-11-08,5
MUNI-ARIMA,CZ,Cases,0.201976777011638,2021-11-08,5
MUNI-ARIMA,CZ,Deaths,0.195025574306524,2021-11-08,5
MUNI-ARIMA,DE,Cases,0.200198675594896,2021-11-08,5
MUNI-ARIMA,DE,Deaths,0.199055160422969,2021-11-08,5
MUNI-ARIMA,FR,Cases,0.169604649816105,2021-11-08,5
MUNI-ARIMA,GB,Cases,0.210933668934071,2021-11-08,5
MUNI-ARIMA,GB,Deaths,0.241783901866171,2021-11-08,5
MUNI-ARIMA,PL,Cases,0.208876140976358,2021-11-08,5
MUNI_DMS-SEIAR,CZ,Cases,0.183923638486979,2021-11-08,5
RobertWalraven-ESG,FR,Cases,0.109786558251672,2021-11-08,5
RobertWalraven-ESG,FR,Deaths,0.158397219275491,2021-11-08,5
RobertWalraven-ESG,GB,Cases,0.313032126865098,2021-11-08,5
UMass-MechBayes,CZ,Deaths,0.168958143962664,2021-11-08,5
UMass-MechBayes,FR,Deaths,0.230795543902333,2021-11-08,5
UMass-MechBayes,GB,Deaths,0.144726618737116,2021-11-08,5
UMass-MechBayes,PL,Deaths,0.198532717486662,2021-11-08,5
itwm-dSEIR,DE,Deaths,0.233176689098576,2021-11-08,5
HZI-AgeExtendedSEIR,DE,Cases,0.173598877612917,2021-11-15,5
HZI-AgeExtendedSEIR,DE,Deaths,0.221182852542262,2021-11-15,5
ICM-agentModel,PL,Cases,0.159954311349113,2021-11-15,5
IEM_Health-CovidProject,CZ,Cases,0.253279234638013,2021-11-15,5
IEM_Health-CovidProject,CZ,Deaths,0.166495586027686,2021-11-15,5
IEM_Health-CovidProject,FR,Cases,0.191039094148762,2021-11-15,5
IEM_Health-CovidProject,FR,Deaths,0.266577810781182,2021-11-15,5
IEM_Health-CovidProject,GB,Cases,0.109988857877364,2021-11-15,5
IEM_Health-CovidProject,GB,Deaths,0.219070992739269,2021-11-15,5
IEM_Health-CovidProject,PL,Cases,0.204325641905336,2021-11-15,5
ILM-EKF,CZ,Cases,0.271505387333872,2021-11-15,5
ILM-EKF,CZ,Deaths,0.281522521963727,2021-11-15,5
ILM-EKF,DE,Cases,0.222075024542002,2021-11-15,5
ILM-EKF,DE,Deaths,0.166576742162154,2021-11-15,5
ILM-EKF,FR,Cases,0.264808628655994,2021-11-15,5
ILM-EKF,FR,Deaths,0.188076182957924,2021-11-15,5
ILM-EKF,GB,Cases,0.120966961101097,2021-11-15,5
ILM-EKF,GB,Deaths,0.18223706499741,2021-11-15,5
ILM-EKF,PL,Cases,0.180414344516322,2021-11-15,5
ILM-EKF,PL,Deaths,0.168080255759584,2021-11-15,5
ITWW-county_repro,DE,Cases,0.217820777361857,2021-11-15,5
ITWW-county_repro,DE,Deaths,0.215079180544355,2021-11-15,5
Karlen-pypm,CZ,Cases,0.127332239501909,2021-11-15,5
Karlen-pypm,CZ,Deaths,0.2139500677617,2021-11-15,5
Karlen-pypm,FR,Cases,0.279924951525922,2021-11-15,5
Karlen-pypm,FR,Deaths,0.165496803702502,2021-11-15,5
Karlen-pypm,GB,Cases,0.257282381407942,2021-11-15,5
Karlen-pypm,GB,Deaths,0.208770014742256,2021-11-15,5
MIT_CovidAnalytics-DELPHI,DE,Cases,0.207558937045473,2021-11-15,5
MIT_CovidAnalytics-DELPHI,PL,Deaths,0.174210583731406,2021-11-15,5
MOCOS-agent1,PL,Cases,0.205653786420355,2021-11-15,5
MOCOS-agent1,PL,Deaths,0.213798217658228,2021-11-15,5
MUNI-ARIMA,CZ,Cases,0.1726798202176,2021-11-15,5
MUNI-ARIMA,CZ,Deaths,0.150039946589696,2021-11-15,5
MUNI-ARIMA,DE,Deaths,0.189327280709772,2021-11-15,5
MUNI-ARIMA,FR,Cases,0.176056153415543,2021-11-15,5
MUNI-ARIMA,FR,Deaths,0.149865934355244,2021-11-15,5
MUNI-ARIMA,GB,Cases,0.172886081119504,2021-11-15,5
MUNI-ARIMA,GB,Deaths,0.211873484735402,2021-11-15,5
MUNI-ARIMA,PL,Cases,0.249651915808875,2021-11-15,5
MUNI-ARIMA,PL,Deaths,0.171977966691021,2021-11-15,5
MUNI_DMS-SEIAR,CZ,Cases,0.175203318308606,2021-11-15,5
RobertWalraven-ESG,FR,Cases,0.088171172253779,2021-11-15,5
RobertWalraven-ESG,GB,Cases,0.338875718494093,2021-11-15,5
RobertWalraven-ESG,GB,Deaths,0.178048442785663,2021-11-15,5
UMass-MechBayes,CZ,Deaths,0.187991877657191,2021-11-15,5
UMass-MechBayes,FR,Deaths,0.229983268203148,2021-11-15,5
UMass-MechBayes,PL,Deaths,0.271932976159762,2021-11-15,5
itwm-dSEIR,DE,Cases,0.178946383437749,2021-11-15,5
itwm-dSEIR,DE,Deaths,0.207833944041456,2021-11-15,5
HZI-AgeExtendedSEIR,DE,Cases,0.203253196095879,2021-11-22,5
HZI-AgeExtendedSEIR,DE,Deaths,0.239895125139912,2021-11-22,5
IEM_Health-CovidProject,CZ,Cases,0.356540307665875,2021-11-22,5
IEM_Health-CovidProject,CZ,Deaths,0.126663354709543,2021-11-22,5
IEM_Health-CovidProject,DE,Cases,0.158594934773135,2021-11-22,5
IEM_Health-CovidProject,DE,Deaths,0.130462222187615,2021-11-22,5
IEM_Health-CovidProject,FR,Cases,0.164016235625453,2021-11-22,5
IEM_Health-CovidProject,FR,Deaths,0.258886746027166,2021-11-22,5
IEM_Health-CovidProject,GB,Cases,0.109045918924174,2021-11-22,5
IEM_Health-CovidProject,PL,Cases,0.201780202456707,2021-11-22,5
IEM_Health-CovidProject,PL,Deaths,0.197232449866707,2021-11-22,5
ILM-EKF,CZ,Cases,0.220879996048323,2021-11-22,5
ILM-EKF,CZ,Deaths,0.231027781222344,2021-11-22,5
ILM-EKF,DE,Cases,0.253620609190941,2021-11-22,5
ILM-EKF,DE,Deaths,0.166853999590314,2021-11-22,5
ILM-EKF,FR,Cases,0.252502723512832,2021-11-22,5
ILM-EKF,FR,Deaths,0.213961376949586,2021-11-22,5
ILM-EKF,GB,Cases,0.137480914516681,2021-11-22,5
ILM-EKF,GB,Deaths,0.153887067684639,2021-11-22,5
ILM-EKF,PL,Deaths,0.179992410652798,2021-11-22,5
ITWW-county_repro,DE,Cases,0.174785541335879,2021-11-22,5
ITWW-county_repro,DE,Deaths,0.274489617766979,2021-11-22,5
Karlen-pypm,CZ,Cases,0.126730094675974,2021-11-22,5
Karlen-pypm,CZ,Deaths,0.291082685447153,2021-11-22,5
Karlen-pypm,FR,Cases,0.207582494275432,2021-11-22,5
Karlen-pypm,FR,Deaths,0.14138386571539,2021-11-22,5
Karlen-pypm,GB,Cases,0.215752164955981,2021-11-22,5
Karlen-pypm,GB,Deaths,0.262669657452616,2021-11-22,5
Karlen-pypm,PL,Deaths,0.14394020089627,2021-11-22,5
MIT_CovidAnalytics-DELPHI,PL,Cases,0.132624877845943,2021-11-22,5
MOCOS-agent1,PL,Cases,0.189927601108995,2021-11-22,5
MOCOS-agent1,PL,Deaths,0.158655302343682,2021-11-22,5
MUNI-ARIMA,CZ,Cases,0.21628240283745,2021-11-22,5
MUNI-ARIMA,CZ,Deaths,0.110074378955724,2021-11-22,5
MUNI-ARIMA,DE,Deaths,0.18829903531518,2021-11-22,5
MUNI-ARIMA,FR,Cases,0.258567106939147,2021-11-22,5
MUNI-ARIMA,FR,Deaths,0.182554106040746,2021-11-22,5
MUNI-ARIMA,GB,Cases,0.220825042758879,2021-11-22,5
MUNI-ARIMA,GB,Deaths,0.153361554894122,2021-11-22,5
MUNI-ARIMA,PL,Cases,0.32817868526133,2021-11-22,5
PL_GRedlarski-DistrictsSum,PL,Cases,0.147488633327024,2021-11-22,5
RobertWalraven-ESG,CZ,Cases,0.0795671987723786,2021-11-22,5
RobertWalraven-ESG,FR,Cases,0.117331439647136,2021-11-22,5
RobertWalraven-ESG,GB,Cases,0.316895958844286,2021-11-22,5
RobertWalraven-ESG,GB,Deaths,0.243353112175668,2021-11-22,5
UMass-MechBayes,CZ,Deaths,0.241151799665236,2021-11-22,5
UMass-MechBayes,FR,Deaths,0.203213905267112,2021-11-22,5
UMass-MechBayes,GB,Deaths,0.186728607792956,2021-11-22,5
UMass-MechBayes,PL,Deaths,0.320179636240542,2021-11-22,5
itwm-dSEIR,DE,Cases,0.209745718604167,2021-11-22,5
HZI-AgeExtendedSEIR,DE,Cases,0.192608492201506,2021-11-29,5
HZI-AgeExtendedSEIR,DE,Deaths,0.331083954308767,2021-11-29,5
ICM-agentModel,PL,Cases,0.285183436783543,2021-11-29,5
IEM_Health-CovidProject,CZ,Cases,0.312854204519526,2021-11-29,5
IEM_Health-CovidProject,DE,Cases,0.190924133358041,2021-11-29,5
IEM_Health-CovidProject,FR,Cases,0.17475930085536,2021-11-29,5
IEM_Health-CovidProject,FR,Deaths,0.25142108535907,2021-11-29,5
IEM_Health-CovidProject,PL,Cases,0.122910551320325,2021-11-29,5
IEM_Health-CovidProject,PL,Deaths,0.216369526773933,2021-11-29,5
ILM-EKF,CZ,Deaths,0.159789259484835,2021-11-29,5
ILM-EKF,DE,Cases,0.206522091970095,2021-11-29,5
ILM-EKF,FR,Cases,0.261237818054719,2021-11-29,5
ILM-EKF,FR,Deaths,0.244394524545998,2021-11-29,5
ILM-EKF,GB,Cases,0.19715481090326,2021-11-29,5
ILM-EKF,GB,Deaths,0.127083466419467,2021-11-29,5
ITWW-county_repro,DE,Deaths,0.158080355718032,2021-11-29,5
Karlen-pypm,CZ,Cases,0.14947441487516,2021-11-29,5
Karlen-pypm,CZ,Deaths,0.209393722022317,2021-11-29,5
Karlen-pypm,DE,Cases,0.223930998094431,2021-11-29,5
Karlen-pypm,DE,Deaths,0.177670294323422,2021-11-29,5
Karlen-pypm,FR,Cases,0.19739029730141,2021-11-29,5
Karlen-pypm,GB,Cases,0.156508040447652,2021-11-29,5
Karlen-pypm,GB,Deaths,0.223326702245133,2021-11-29,5
Karlen-pypm,PL,Deaths,0.164009155056063,2021-11-29,5
MIT_CovidAnalytics-DELPHI,PL,Cases,0.194007853595908,2021-11-29,5
MOCOS-agent1,PL,Deaths,0.198279669492268,2021-11-29,5
MUNI-ARIMA,CZ,Cases,0.180159932867924,2021-11-29,5
MUNI-ARIMA,CZ,Deaths,0.126721942410748,2021-11-29,5
MUNI-ARIMA,DE,Deaths,0.230814662395725,2021-11-29,5
MUNI-ARIMA,FR,Cases,0.220849317249584,2021-11-29,5
MUNI-ARIMA,FR,Deaths,0.185003567466047,2021-11-29,5
MUNI-ARIMA,GB,Cases,0.299180293083918,2021-11-29,5
MUNI-ARIMA,PL,Cases,0.238699796165175,2021-11-29,5
MUNI-VAR,CZ,Cases,0.0954665420036059,2021-11-29,5
MUNI-VAR,DE,Deaths,0.102350733254054,2021-11-29,5
MUNI-VAR,FR,Cases,0.145763266538927,2021-11-29,5
MUNI-VAR,FR,Deaths,0.124264585766299,2021-11-29,5
MUNI-VAR,GB,Cases,0.132493220644147,2021-11-29,5
MUNI-VAR,GB,Deaths,0.183011840215951,2021-11-29,5
MUNI-VAR,PL,Deaths,0.135038537661724,2021-11-29,5
MUNI_DMS-SEIAR,CZ,Cases,0.262044905733785,2021-11-29,5
MUNI_DMS-SEIAR,CZ,Deaths,0.195479966899614,2021-11-29,5
PL_GRedlarski-DistrictsSum,PL,Cases,0.159198362135049,2021-11-29,5
RobertWalraven-ESG,GB,Cases,0.214663634921023,2021-11-29,5
RobertWalraven-ESG,GB,Deaths,0.231841262371972,2021-11-29,5
UMass-MechBayes,CZ,Deaths,0.308615109182485,2021-11-29,5
UMass-MechBayes,FR,Deaths,0.194916236862586,2021-11-29,5
UMass-MechBayes,GB,Deaths,0.234736728747476,2021-11-29,5
UMass-MechBayes,PL,Deaths,0.286303111016011,2021-11-29,5
itwm-dSEIR,DE,Cases,0.186014284375927,2021-11-29,5
CovidMetrics-epiBATS,DE,Cases,0.193050936562197,2021-12-06,5
HZI-AgeExtendedSEIR,DE,Cases,0.165678573782627,2021-12-06,5
HZI-AgeExtendedSEIR,DE,Deaths,0.247909986578852,2021-12-06,5
ICM-agentModel,PL,Cases,0.244030758227115,2021-12-06,5
ICM-agentModel,PL,Deaths,0.207627914042789,2021-12-06,5
IEM_Health-CovidProject,CZ,Cases,0.209835255104472,2021-12-06,5
IEM_Health-CovidProject,FR,Cases,0.177698901034359,2021-12-06,5
IEM_Health-CovidProject,FR,Deaths,0.245083017064084,2021-12-06,5
IEM_Health-CovidProject,GB,Cases,0.216455728412072,2021-12-06,5
ILM-EKF,CZ,Deaths,0.119470536762938,2021-12-06,5
ILM-EKF,FR,Cases,0.266427002312857,2021-12-06,5
ILM-EKF,FR,Deaths,0.231387829038013,2021-12-06,5
ILM-EKF,GB,Cases,0.159240438707098,2021-12-06,5
ILM-EKF,PL,Deaths,0.194072697550363,2021-12-06,5
Karlen-pypm,CZ,Cases,0.138918117226714,2021-12-06,5
Karlen-pypm,CZ,Deaths,0.129147113354595,2021-12-06,5
Karlen-pypm,DE,Cases,0.276467652911837,2021-12-06,5
Karlen-pypm,DE,Deaths,0.197338746301073,2021-12-06,5
Karlen-pypm,FR,Cases,0.221811943324614,2021-12-06,5
Karlen-pypm,FR,Deaths,0.185148486348759,2021-12-06,5
Karlen-pypm,GB,Deaths,0.194421683272486,2021-12-06,5
MIT_CovidAnalytics-DELPHI,PL,Cases,0.17030975121067,2021-12-06,5
MOCOS-agent1,PL,Cases,0.0984011587266523,2021-12-06,5
MOCOS-agent1,PL,Deaths,0.170803841432021,2021-12-06,5
MUNI-ARIMA,CZ,Cases,0.33365492842858,2021-12-06,5
MUNI-ARIMA,CZ,Deaths,0.232809468453123,2021-12-06,5
MUNI-ARIMA,DE,Cases,0.195548324222185,2021-12-06,5
MUNI-ARIMA,DE,Deaths,0.288929380136521,2021-12-06,5
MUNI-ARIMA,FR,Cases,0.158689316014883,2021-12-06,5
MUNI-ARIMA,FR,Deaths,0.146157018347154,2021-12-06,5
MUNI-ARIMA,GB,Cases,0.247790312895497,2021-12-06,5
MUNI-ARIMA,GB,Deaths,0.11471060103451,2021-12-06,5
MUNI-ARIMA,PL,Cases,0.293146462489483,2021-12-06,5
MUNI-VAR,DE,Deaths,0.133152357550899,2021-12-06,5
MUNI-VAR,FR,Cases,0.175372837313286,2021-12-06,5
MUNI-VAR,GB,Cases,0.23961340489732,2021-12-06,5
MUNI-VAR,GB,Deaths,0.30141018592679,2021-12-06,5
MUNI-VAR,PL,Deaths,0.189564830001713,2021-12-06,5
MUNI_DMS-SEIAR,CZ,Cases,0.169919688982434,2021-12-06,5
MUNI_DMS-SEIAR,CZ,Deaths,0.218154755132654,2021-12-06,5
PL_GRedlarski-DistrictsSum,PL,Cases,0.19411186934608,2021-12-06,5
RobertWalraven-ESG,CZ,Cases,0.1476720102578,2021-12-06,5
RobertWalraven-ESG,GB,Cases,0.136900115088013,2021-12-06,5
RobertWalraven-ESG,GB,Deaths,0.205724105745407,2021-12-06,5
UMass-MechBayes,CZ,Deaths,0.30041812629669,2021-12-06,5
UMass-MechBayes,DE,Deaths,0.132669529432656,2021-12-06,5
UMass-MechBayes,FR,Deaths,0.19222364920199,2021-12-06,5
UMass-MechBayes,GB,Deaths,0.183733424020807,2021-12-06,5
UMass-MechBayes,PL,Deaths,0.237930716973115,2021-12-06,5
itwm-dSEIR,DE,Cases,0.169254512521154,2021-12-06,5
HZI-AgeExtendedSEIR,DE,Deaths,0.161885006643297,2021-12-13,5
ICM-agentModel,PL,Cases,0.248556833166763,2021-12-13,5
IEM_Health-CovidProject,CZ,Cases,0.162649547334998,2021-12-13,5
IEM_Health-CovidProject,FR,Cases,0.260541486746565,2021-12-13,5
IEM_Health-CovidProject,FR,Deaths,0.257501397169622,2021-12-13,5
IEM_Health-CovidProject,GB,Cases,0.155960717668366,2021-12-13,5
ILM-EKF,FR,Cases,0.260514209346719,2021-12-13,5
ILM-EKF,FR,Deaths,0.216711977057052,2021-12-13,5
ILM-EKF,GB,Cases,0.220690952182094,2021-12-13,5
ILM-EKF,PL,Deaths,0.170942188676145,2021-12-13,5
MIT_CovidAnalytics-DELPHI,DE,Cases,0.129541050938428,2021-12-13,5
MIT_CovidAnalytics-DELPHI,DE,Deaths,0.169113413279343,2021-12-13,5
MIT_CovidAnalytics-DELPHI,PL,Cases,0.0966995223531485,2021-12-13,5
MIT_CovidAnalytics-DELPHI,PL,Deaths,0.24303457276597,2021-12-13,5
MOCOS-agent1,PL,Cases,0.185843694117474,2021-12-13,5
MOCOS-agent1,PL,Deaths,0.209993888973908,2021-12-13,5
MUNI-ARIMA,CZ,Cases,0.2646840991245,2021-12-13,5
MUNI-ARIMA,CZ,Deaths,0.361861739953869,2021-12-13,5
MUNI-ARIMA,DE,Cases,0.380816923936614,2021-12-13,5
MUNI-ARIMA,DE,Deaths,0.352804027519139,2021-12-13,5
MUNI-ARIMA,FR,Cases,0.173251087691175,2021-12-13,5
MUNI-ARIMA,FR,Deaths,0.155971926338619,2021-12-13,5
MUNI-ARIMA,GB,Cases,0.247289383545329,2021-12-13,5
MUNI-ARIMA,GB,Deaths,0.16963328070292,2021-12-13,5
MUNI-ARIMA,PL,Cases,0.253238408458555,2021-12-13,5
MUNI-ARIMA,PL,Deaths,0.190642562615922,2021-12-13,5
MUNI-LaggedRegARIMA,CZ,Deaths,0.117877157814795,2021-12-13,5
MUNI-LaggedRegARIMA,DE,Deaths,0.16425964138172,2021-12-13,5
MUNI-LaggedRegARIMA,GB,Deaths,0.147346038126265,2021-12-13,5
MUNI-VAR,CZ,Cases,0.125928237110893,2021-12-13,5
MUNI-VAR,DE,Cases,0.127441957718784,2021-12-13,5
MUNI-VAR,FR,Cases,0.187841166408962,2021-12-13,5
MUNI-VAR,FR,Deaths,0.150132771944933,2021-12-13,5
MUNI-VAR,GB,Cases,0.281309134459015,2021-12-13,5
MUNI-VAR,GB,Deaths,0.25820584343208,2021-12-13,5
MUNI_DMS-SEIAR,CZ,Cases,0.124166687923811,2021-12-13,5
MUNI_DMS-SEIAR,CZ,Deaths,0.124922760396707,2021-12-13,5
PL_GRedlarski-DistrictsSum,PL,Cases,0.21566154190406,2021-12-13,5
RobertWalraven-ESG,CZ,Cases,0.322571428505798,2021-12-13,5
RobertWalraven-ESG,CZ,Deaths,0.142333340230459,2021-12-13,5
RobertWalraven-ESG,DE,Cases,0.25892960582823,2021-12-13,5
RobertWalraven-ESG,FR,Cases,0.11785204980658,2021-12-13,5
RobertWalraven-ESG,GB,Cases,0.0947498121451949,2021-12-13,5
RobertWalraven-ESG,GB,Deaths,0.239198298836334,2021-12-13,5
UMass-MechBayes,CZ,Deaths,0.253005001604171,2021-12-13,5
UMass-MechBayes,DE,Deaths,0.151937911176501,2021-12-13,5
UMass-MechBayes,FR,Deaths,0.219681927489775,2021-12-13,5
UMass-MechBayes,GB,Deaths,0.185616538902402,2021-12-13,5
UMass-MechBayes,PL,Deaths,0.185386786968055,2021-12-13,5
itwm-dSEIR,DE,Cases,0.103270461577945,2021-12-13,5
CovidMetrics-epiBATS,DE,Cases,0.216374401927477,2021-12-20,5
HZI-AgeExtendedSEIR,DE,Cases,0.0995016733913918,2021-12-20,5
HZI-AgeExtendedSEIR,DE,Deaths,0.151604491826153,2021-12-20,5
ICM-agentModel,PL,Cases,0.176794350164975,2021-12-20,5
IEM_Health-CovidProject,CZ,Cases,0.137935236192216,2021-12-20,5
IEM_Health-CovidProject,FR,Cases,0.249404718434626,2021-12-20,5
IEM_Health-CovidProject,FR,Deaths,0.224171216069052,2021-12-20,5
IEM_Health-CovidProject,GB,Cases,0.249029251123084,2021-12-20,5
IEM_Health-CovidProject,GB,Deaths,0.127383149334706,2021-12-20,5
ITWW-county_repro,PL,Deaths,0.138953050137946,2021-12-20,5
MIT_CovidAnalytics-DELPHI,DE,Deaths,0.2025108749395,2021-12-20,5
MIT_CovidAnalytics-DELPHI,PL,Deaths,0.294686990819269,2021-12-20,5
MOCOS-agent1,PL,Cases,0.279051890030304,2021-12-20,5
MOCOS-agent1,PL,Deaths,0.198416341483502,2021-12-20,5
MUNI-ARIMA,CZ,Cases,0.225817776235168,2021-12-20,5
MUNI-ARIMA,CZ,Deaths,0.326067219314401,2021-12-20,5
MUNI-ARIMA,DE,Cases,0.242653615508386,2021-12-20,5
MUNI-ARIMA,DE,Deaths,0.235456297201164,2021-12-20,5
MUNI-ARIMA,FR,Cases,0.218536771888882,2021-12-20,5
MUNI-ARIMA,FR,Deaths,0.198143059144907,2021-12-20,5
MUNI-ARIMA,GB,Cases,0.25976313711671,2021-12-20,5
MUNI-ARIMA,PL,Cases,0.160958438366578,2021-12-20,5
MUNI-ARIMA,PL,Deaths,0.211157077032737,2021-12-20,5
MUNI-LaggedRegARIMA,CZ,Deaths,0.140082165460232,2021-12-20,5
MUNI-LaggedRegARIMA,DE,Deaths,0.296056448438204,2021-12-20,5
MUNI-LaggedRegARIMA,GB,Deaths,0.262973048421359,2021-12-20,5
MUNI-VAR,FR,Cases,0.23110814394507,2021-12-20,5
MUNI-VAR,FR,Deaths,0.178048665083757,2021-12-20,5
MUNI-VAR,GB,Cases,0.247658724296946,2021-12-20,5
MUNI-VAR,GB,Deaths,0.184756886094938,2021-12-20,5
MUNI_DMS-SEIAR,CZ,Cases,0.1804157197433,2021-12-20,5
MUNI_DMS-SEIAR,CZ,Deaths,0.087620418159823,2021-12-20,5
PL_GRedlarski-DistrictsSum,PL,Cases,0.255652449041646,2021-12-20,5
RobertWalraven-ESG,CZ,Cases,0.310374351286271,2021-12-20,5
RobertWalraven-ESG,CZ,Deaths,0.179040518826483,2021-12-20,5
RobertWalraven-ESG,DE,Cases,0.222999015886968,2021-12-20,5
RobertWalraven-ESG,DE,Deaths,0.11437188759498,2021-12-20,5
RobertWalraven-ESG,FR,Cases,0.144843574567595,2021-12-20,5
RobertWalraven-ESG,GB,Cases,0.128304259628802,2021-12-20,5
RobertWalraven-ESG,GB,Deaths,0.173247939688736,2021-12-20,5
UMass-MechBayes,CZ,Deaths,0.267189678239061,2021-12-20,5
UMass-MechBayes,FR,Deaths,0.27330546471424,2021-12-20,5
UMass-MechBayes,GB,Deaths,0.251638976460261,2021-12-20,5
UMass-MechBayes,PL,Deaths,0.156786540526546,2021-12-20,5
epiforecasts-EpiNow2,CZ,Cases,0.145456916543045,2021-12-20,5
epiforecasts-EpiNow2,FR,Cases,0.156106791163828,2021-12-20,5
epiforecasts-EpiNow2,FR,Deaths,0.126331594988044,2021-12-20,5
epiforecasts-EpiNow2,GB,Cases,0.115244627834458,2021-12-20,5
epiforecasts-EpiNow2,PL,Cases,0.127542872396497,2021-12-20,5
itwm-dSEIR,DE,Cases,0.218471293285778,2021-12-20,5
CovidMetrics-epiBATS,DE,Cases,0.151314916522655,2021-12-27,5
FIAS_FZJ-Epi1Ger,DE,Deaths,0.181375140971808,2021-12-27,5
HZI-AgeExtendedSEIR,DE,Cases,0.125892758290393,2021-12-27,5
HZI-AgeExtendedSEIR,DE,Deaths,0.154707587011979,2021-12-27,5
IEM_Health-CovidProject,CZ,Deaths,0.125987891536125,2021-12-27,5
IEM_Health-CovidProject,FR,Cases,0.222712194648098,2021-12-27,5
IEM_Health-CovidProject,FR,Deaths,0.146606589976493,2021-12-27,5
IEM_Health-CovidProject,GB,Cases,0.204815624818625,2021-12-27,5
IEM_Health-CovidProject,GB,Deaths,0.179668876708798,2021-12-27,5
ILM-EKF,GB,Cases,0.255206118301436,2021-12-27,5
ILM-EKF,PL,Deaths,0.154889257392098,2021-12-27,5
ITWW-county_repro,PL,Deaths,0.161815097274874,2021-12-27,5
MOCOS-agent1,PL,Cases,0.353578825974439,2021-12-27,5
MUNI-ARIMA,CZ,Cases,0.0853716443476031,2021-12-27,5
MUNI-ARIMA,CZ,Deaths,0.282937479125031,2021-12-27,5
MUNI-ARIMA,DE,Cases,0.196183474128824,2021-12-27,5
MUNI-ARIMA,FR,Cases,0.201432546368326,2021-12-27,5
MUNI-ARIMA,FR,Deaths,0.247273591746755,2021-12-27,5
MUNI-ARIMA,GB,Cases,0.188750820577381,2021-12-27,5
MUNI-ARIMA,PL,Cases,0.141148196798943,2021-12-27,5
MUNI-ARIMA,PL,Deaths,0.363889100900628,2021-12-27,5
MUNI-LaggedRegARIMA,DE,Deaths,0.32954048697448,2021-12-27,5
MUNI-LaggedRegARIMA,FR,Deaths,0.18188925712774,2021-12-27,5
MUNI-LaggedRegARIMA,GB,Deaths,0.290939012740748,2021-12-27,5
MUNI-LaggedRegARIMA,PL,Deaths,0.189083466045808,2021-12-27,5
MUNI-VAR,CZ,Cases,0.066233214958267,2021-12-27,5
MUNI-VAR,FR,Cases,0.154769299673377,2021-12-27,5
MUNI-VAR,FR,Deaths,0.212404324374578,2021-12-27,5
MUNI-VAR,GB,Cases,0.166757057079353,2021-12-27,5
MUNI-VAR,GB,Deaths,0.182649500524812,2021-12-27,5
MUNI-VAR,PL,Cases,0.0810296504349522,2021-12-27,5
MUNI_DMS-SEIAR,CZ,Cases,0.51736602555089,2021-12-27,5
MUNI_DMS-SEIAR,CZ,Deaths,0.195878982254772,2021-12-27,5
PL_GRedlarski-DistrictsSum,PL,Cases,0.233885788206179,2021-12-27,5
RobertWalraven-ESG,CZ,Cases,0.107370923410118,2021-12-27,5
RobertWalraven-ESG,CZ,Deaths,0.184579480626942,2021-12-27,5
RobertWalraven-ESG,DE,Cases,0.139539360758804,2021-12-27,5
RobertWalraven-ESG,DE,Deaths,0.182158961422588,2021-12-27,5
RobertWalraven-ESG,FR,Cases,0.15406804668045,2021-12-27,5
RobertWalraven-ESG,GB,Deaths,0.124561551775506,2021-12-27,5
UMass-MechBayes,CZ,Deaths,0.21061616645713,2021-12-27,5
UMass-MechBayes,FR,Deaths,0.211826236774434,2021-12-27,5
UMass-MechBayes,GB,Deaths,0.222181058250136,2021-12-27,5
UMass-MechBayes,PL,Deaths,0.130323078386592,2021-12-27,5
epiforecasts-EpiNow2,CZ,Cases,0.223658191733122,2021-12-27,5
epiforecasts-EpiNow2,FR,Cases,0.267017912629749,2021-12-27,5
epiforecasts-EpiNow2,GB,Cases,0.184470379223204,2021-12-27,5
epiforecasts-EpiNow2,PL,Cases,0.190357538585487,2021-12-27,5
itwm-dSEIR,DE,Cases,0.387069490299323,2021-12-27,5
itwm-dSEIR,DE,Deaths,0.152217823619145,2021-12-27,5
CovidMetrics-epiBATS,DE,Cases,0.114300727638585,2022-01-03,5
FIAS_FZJ-Epi1Ger,DE,Deaths,0.268796145342106,2022-01-03,5
HZI-AgeExtendedSEIR,DE,Cases,0.228904031038543,2022-01-03,5
ICM-agentModel,PL,Cases,0.151188320551472,2022-01-03,5
ICM-agentModel,PL,Deaths,0.167039557598513,2022-01-03,5
IEM_Health-CovidProject,CZ,Cases,0.0865387093432418,2022-01-03,5
IEM_Health-CovidProject,FR,Cases,0.294200265536157,2022-01-03,5
IEM_Health-CovidProject,FR,Deaths,0.113340964832235,2022-01-03,5
IEM_Health-CovidProject,GB,Cases,0.292655260928859,2022-01-03,5
IEM_Health-CovidProject,GB,Deaths,0.297145263684323,2022-01-03,5
ILM-EKF,CZ,Cases,0.169137937735242,2022-01-03,5
ILM-EKF,CZ,Deaths,0.13780100072389,2022-01-03,5
ILM-EKF,DE,Cases,0.142024076349116,2022-01-03,5
ILM-EKF,FR,Cases,0.205484252679305,2022-01-03,5
ILM-EKF,FR,Deaths,0.098124052020753,2022-01-03,5
ILM-EKF,GB,Cases,0.235829204296992,2022-01-03,5
ILM-EKF,GB,Deaths,0.133648928115899,2022-01-03,5
ILM-EKF,PL,Deaths,0.152978892768555,2022-01-03,5
ITWW-county_repro,DE,Deaths,0.144262833620796,2022-01-03,5
ITWW-county_repro,PL,Deaths,0.238304307321321,2022-01-03,5
MIT_CovidAnalytics-DELPHI,DE,Deaths,0.171977140079681,2022-01-03,5
MIT_CovidAnalytics-DELPHI,PL,Cases,0.277255389689306,2022-01-03,5
MOCOS-agent1,PL,Cases,0.231984197248994,2022-01-03,5
MUNI-ARIMA,CZ,Deaths,0.162460815234317,2022-01-03,5
MUNI-ARIMA,FR,Deaths,0.436431602882692,2022-01-03,5
MUNI-ARIMA,GB,Deaths,0.20482952992623,2022-01-03,5
MUNI-ARIMA,PL,Deaths,0.272874421997474,2022-01-03,5
MUNI_DMS-SEIAR,CZ,Cases,0.257501545753855,2022-01-03,5
MUNI_DMS-SEIAR,CZ,Deaths,0.146267282264873,2022-01-03,5
PL_GRedlarski-DistrictsSum,PL,Cases,0.116581948405073,2022-01-03,5
RobertWalraven-ESG,CZ,Cases,0.111212959311139,2022-01-03,5
RobertWalraven-ESG,CZ,Deaths,0.124546902731791,2022-01-03,5
RobertWalraven-ESG,DE,Cases,0.129194213049289,2022-01-03,5
RobertWalraven-ESG,FR,Cases,0.177254344140443,2022-01-03,5
RobertWalraven-ESG,FR,Deaths,0.17521948854052,2022-01-03,5
RobertWalraven-ESG,GB,Cases,0.179652516303365,2022-01-03,5
RobertWalraven-ESG,GB,Deaths,0.135781984275723,2022-01-03,5
UMass-MechBayes,CZ,Deaths,0.428923999045129,2022-01-03,5
UMass-MechBayes,DE,Deaths,0.173204520993018,2022-01-03,5
UMass-MechBayes,FR,Deaths,0.176883891723799,2022-01-03,5
UMass-MechBayes,GB,Deaths,0.228594293997825,2022-01-03,5
UMass-MechBayes,PL,Deaths,0.168802820314137,2022-01-03,5
epiforecasts-EpiNow2,CZ,Cases,0.375608847856522,2022-01-03,5
epiforecasts-EpiNow2,FR,Cases,0.323061137644096,2022-01-03,5
epiforecasts-EpiNow2,GB,Cases,0.291863018470784,2022-01-03,5
epiforecasts-EpiNow2,PL,Cases,0.222990144105156,2022-01-03,5
itwm-dSEIR,DE,Cases,0.385576951924467,2022-01-03,5
itwm-dSEIR,DE,Deaths,0.241759359964399,2022-01-03,5
FIAS_FZJ-Epi1Ger,DE,Cases,0.184771286716798,2022-01-10,5
FIAS_FZJ-Epi1Ger,DE,Deaths,0.243091204645969,2022-01-10,5
HZI-AgeExtendedSEIR,DE,Cases,0.202473481446991,2022-01-10,5
ICM-agentModel,PL,Cases,0.173996139479883,2022-01-10,5
ICM-agentModel,PL,Deaths,0.213661883261214,2022-01-10,5
IEM_Health-CovidProject,CZ,Cases,0.165521020104794,2022-01-10,5
IEM_Health-CovidProject,FR,Cases,0.309852652897414,2022-01-10,5
IEM_Health-CovidProject,FR,Deaths,0.164754110248837,2022-01-10,5
IEM_Health-CovidProject,GB,Cases,0.384943910745951,2022-01-10,5
IEM_Health-CovidProject,GB,Deaths,0.292236366616752,2022-01-10,5
ILM-EKF,CZ,Cases,0.0991195630338677,2022-01-10,5
ILM-EKF,CZ,Deaths,0.131680021964762,2022-01-10,5
ILM-EKF,DE,Cases,0.127214540487214,2022-01-10,5
ILM-EKF,DE,Deaths,0.155778265596143,2022-01-10,5
ILM-EKF,FR,Cases,0.212274577425518,2022-01-10,5
ILM-EKF,FR,Deaths,0.10264267955632,2022-01-10,5
ILM-EKF,GB,Cases,0.15015877313174,2022-01-10,5
ILM-EKF,GB,Deaths,0.129997681508628,2022-01-10,5
ILM-EKF,PL,Deaths,0.171397726527659,2022-01-10,5
ITWW-county_repro,PL,Deaths,0.219195913976245,2022-01-10,5
MIT_CovidAnalytics-DELPHI,DE,Deaths,0.184227046281014,2022-01-10,5
MIT_CovidAnalytics-DELPHI,PL,Cases,0.17236479893602,2022-01-10,5
MIT_CovidAnalytics-DELPHI,PL,Deaths,0.168187066595383,2022-01-10,5
MOCOS-agent1,PL,Cases,0.223980869188273,2022-01-10,5
MUNI-ARIMA,CZ,Deaths,0.192734689404148,2022-01-10,5
MUNI-ARIMA,FR,Deaths,0.319366008610324,2022-01-10,5
MUNI-ARIMA,GB,Deaths,0.166849883057258,2022-01-10,5
MUNI_DMS-SEIAR,CZ,Cases,0.101039752789219,2022-01-10,5
MUNI_DMS-SEIAR,CZ,Deaths,0.136172244498596,2022-01-10,5
PL_GRedlarski-DistrictsSum,PL,Cases,0.181316584195599,2022-01-10,5
RobertWalraven-ESG,CZ,Cases,0.194582940866573,2022-01-10,5
RobertWalraven-ESG,CZ,Deaths,0.120794987517389,2022-01-10,5
RobertWalraven-ESG,FR,Cases,0.195640110773338,2022-01-10,5
RobertWalraven-ESG,FR,Deaths,0.24797436907793,2022-01-10,5
RobertWalraven-ESG,GB,Cases,0.180081974966531,2022-01-10,5
RobertWalraven-ESG,GB,Deaths,0.122993602676533,2022-01-10,5
UMass-MechBayes,CZ,Deaths,0.418618056615104,2022-01-10,5
UMass-MechBayes,DE,Deaths,0.232567990315327,2022-01-10,5
UMass-MechBayes,FR,Deaths,0.16526283250659,2022-01-10,5
UMass-MechBayes,GB,Deaths,0.28792246614083,2022-01-10,5
UMass-MechBayes,PL,Deaths,0.2275574096395,2022-01-10,5
epiforecasts-EpiNow2,CZ,Cases,0.439736723205546,2022-01-10,5
epiforecasts-EpiNow2,DE,Cases,0.174940402682588,2022-01-10,5
epiforecasts-EpiNow2,DE,Deaths,0.184335493161548,2022-01-10,5
epiforecasts-EpiNow2,FR,Cases,0.28223265890373,2022-01-10,5
epiforecasts-EpiNow2,GB,Cases,0.284815341155778,2022-01-10,5
epiforecasts-EpiNow2,PL,Cases,0.248341608200225,2022-01-10,5
itwm-dSEIR,DE,Cases,0.310600288666409,2022-01-10,5
CovidMetrics-epiBATS,DE,Cases,0.19688069711442,2022-01-17,5
HZI-AgeExtendedSEIR,DE,Cases,0.186598516550286,2022-01-17,5
HZI-AgeExtendedSEIR,DE,Deaths,0.302497062408791,2022-01-17,5
ICM-agentModel,PL,Cases,0.137527760547342,2022-01-17,5
ICM-agentModel,PL,Deaths,0.149569920937674,2022-01-17,5
IEM_Health-CovidProject,CZ,Cases,0.307280889843273,2022-01-17,5
IEM_Health-CovidProject,CZ,Deaths,0.102180988758656,2022-01-17,5
IEM_Health-CovidProject,DE,Cases,0.259925266393306,2022-01-17,5
IEM_Health-CovidProject,FR,Cases,0.319626134336427,2022-01-17,5
IEM_Health-CovidProject,FR,Deaths,0.0919014873801364,2022-01-17,5
IEM_Health-CovidProject,GB,Cases,0.341702551206093,2022-01-17,5
IEM_Health-CovidProject,GB,Deaths,0.28755546595561,2022-01-17,5
ILM-EKF,CZ,Cases,0.0861449899246957,2022-01-17,5
ILM-EKF,CZ,Deaths,0.0937624785628843,2022-01-17,5
ILM-EKF,DE,Cases,0.12711652749886,2022-01-17,5
ILM-EKF,DE,Deaths,0.140767625711712,2022-01-17,5
ILM-EKF,FR,Cases,0.147146598371403,2022-01-17,5
ILM-EKF,FR,Deaths,0.0327107549873321,2022-01-17,5
ILM-EKF,GB,Cases,0.07244215024579,2022-01-17,5
ILM-EKF,GB,Deaths,0.116044368294528,2022-01-17,5
ILM-EKF,PL,Deaths,0.143832899521029,2022-01-17,5
ITWW-county_repro,PL,Cases,0.227254950265893,2022-01-17,5
MIT_CovidAnalytics-DELPHI,DE,Deaths,0.180578573150243,2022-01-17,5
MUNI-ARIMA,CZ,Deaths,0.166825232597126,2022-01-17,5
MUNI-ARIMA,FR,Deaths,0.214301251039475,2022-01-17,5
MUNI-ARIMA,GB,Deaths,0.172186992381185,2022-01-17,5
MUNI-ARIMA,PL,Deaths,0.20820619408765,2022-01-17,5
MUNI_DMS-SEIAR,CZ,Cases,0.0806767400519234,2022-01-17,5
PL_GRedlarski-DistrictsSum,PL,Cases,0.24321825099791,2022-01-17,5
RobertWalraven-ESG,CZ,Cases,0.2472027838442,2022-01-17,5
RobertWalraven-ESG,CZ,Deaths,0.194487739496591,2022-01-17,5
RobertWalraven-ESG,DE,Deaths,0.163107298806259,2022-01-17,5
RobertWalraven-ESG,FR,Cases,0.241906699780126,2022-01-17,5
RobertWalraven-ESG,FR,Deaths,0.531283552169798,2022-01-17,5
RobertWalraven-ESG,GB,Cases,0.222556345267116,2022-01-17,5
RobertWalraven-ESG,GB,Deaths,0.155813897595291,2022-01-17,5
RobertWalraven-ESG,PL,Cases,0.186477123188774,2022-01-17,5
UMass-MechBayes,CZ,Deaths,0.442743560584742,2022-01-17,5
UMass-MechBayes,DE,Deaths,0.213049439922995,2022-01-17,5
UMass-MechBayes,FR,Deaths,0.129802954423258,2022-01-17,5
UMass-MechBayes,GB,Deaths,0.268399275773386,2022-01-17,5
UMass-MechBayes,PL,Deaths,0.297158621718828,2022-01-17,5
epiforecasts-EpiNow2,CZ,Cases,0.278694596335908,2022-01-17,5
epiforecasts-EpiNow2,FR,Cases,0.291320567512045,2022-01-17,5
epiforecasts-EpiNow2,GB,Cases,0.363298953281001,2022-01-17,5
epiforecasts-EpiNow2,PL,Cases,0.205521915000082,2022-01-17,5
epiforecasts-EpiNow2,PL,Deaths,0.201232363734819,2022-01-17,5
itwm-dSEIR,DE,Cases,0.229478992443129,2022-01-17,5
CovidMetrics-epiBATS,DE,Cases,0.183801640152877,2022-01-24,5
HZI-AgeExtendedSEIR,DE,Cases,0.217131207243138,2022-01-24,5
HZI-AgeExtendedSEIR,DE,Deaths,0.19957283243006,2022-01-24,5
ICM-agentModel,PL,Cases,0.109083557434697,2022-01-24,5
ICM-agentModel,PL,Deaths,0.129490481133944,2022-01-24,5
IEM_Health-CovidProject,CZ,Cases,0.16569475889096,2022-01-24,5
IEM_Health-CovidProject,CZ,Deaths,0.17372708298901,2022-01-24,5
IEM_Health-CovidProject,DE,Cases,0.213200711799922,2022-01-24,5
IEM_Health-CovidProject,FR,Cases,0.349058678655337,2022-01-24,5
IEM_Health-CovidProject,FR,Deaths,0.148095676986543,2022-01-24,5
IEM_Health-CovidProject,GB,Cases,0.199528646167638,2022-01-24,5
IEM_Health-CovidProject,GB,Deaths,0.240777933272902,2022-01-24,5
IEM_Health-CovidProject,PL,Cases,0.20536519749066,2022-01-24,5
ILM-EKF,CZ,Cases,0.168289542258546,2022-01-24,5
ILM-EKF,CZ,Deaths,0.151411847420806,2022-01-24,5
ILM-EKF,DE,Cases,0.196084142787937,2022-01-24,5
ILM-EKF,FR,Cases,0.130698754013054,2022-01-24,5
ILM-EKF,FR,Deaths,0.0273134974274636,2022-01-24,5
ILM-EKF,GB,Cases,0.0808416469529337,2022-01-24,5
ILM-EKF,GB,Deaths,0.121928142721191,2022-01-24,5
ILM-EKF,PL,Deaths,0.238061495123843,2022-01-24,5
ITWW-county_repro,DE,Cases,0.189782298016125,2022-01-24,5
ITWW-county_repro,PL,Cases,0.189295281145498,2022-01-24,5
ITWW-county_repro,PL,Deaths,0.149894590080261,2022-01-24,5
MIT_CovidAnalytics-DELPHI,DE,Deaths,0.122693986587567,2022-01-24,5
MUNI-ARIMA,CZ,Deaths,0.165447023487683,2022-01-24,5
MUNI-ARIMA,DE,Deaths,0.26337840345446,2022-01-24,5
MUNI-ARIMA,FR,Deaths,0.289885500408289,2022-01-24,5
MUNI-ARIMA,GB,Deaths,0.200628002261593,2022-01-24,5
MUNI_DMS-SEIAR,CZ,Cases,0.349921990007402,2022-01-24,5
PL_GRedlarski-DistrictsSum,PL,Cases,0.313818786994227,2022-01-24,5
RobertWalraven-ESG,CZ,Cases,0.147655115068328,2022-01-24,5
RobertWalraven-ESG,CZ,Deaths,0.154061291521743,2022-01-24,5
RobertWalraven-ESG,DE,Deaths,0.222901350586739,2022-01-24,5
RobertWalraven-ESG,FR,Cases,0.286855342337505,2022-01-24,5
RobertWalraven-ESG,FR,Deaths,0.435724252305473,2022-01-24,5
RobertWalraven-ESG,GB,Cases,0.282901722634027,2022-01-24,5
RobertWalraven-ESG,GB,Deaths,0.174137826419816,2022-01-24,5
UMass-MechBayes,CZ,Deaths,0.355352754580758,2022-01-24,5
UMass-MechBayes,DE,Deaths,0.191453426941174,2022-01-24,5
UMass-MechBayes,FR,Deaths,0.0989810728722324,2022-01-24,5
UMass-MechBayes,GB,Deaths,0.262528095324498,2022-01-24,5
UMass-MechBayes,PL,Deaths,0.294076174465847,2022-01-24,5
epiforecasts-EpiNow2,CZ,Cases,0.168438593774764,2022-01-24,5
epiforecasts-EpiNow2,FR,Cases,0.233387224994104,2022-01-24,5
epiforecasts-EpiNow2,GB,Cases,0.4367279842454,2022-01-24,5
epiforecasts-EpiNow2,PL,Cases,0.182437176934919,2022-01-24,5
epiforecasts-EpiNow2,PL,Deaths,0.188477259196105,2022-01-24,5
FIAS_FZJ-Epi1Ger,DE,Cases,0.167716642319335,2022-01-31,5
HZI-AgeExtendedSEIR,DE,Cases,0.246068477808182,2022-01-31,5
HZI-AgeExtendedSEIR,DE,Deaths,0.137343013167679,2022-01-31,5
ICM-agentModel,PL,Cases,0.189093931450544,2022-01-31,5
ICM-agentModel,PL,Deaths,0.222761909422486,2022-01-31,5
IEM_Health-CovidProject,CZ,Cases,0.145386275987718,2022-01-31,5
IEM_Health-CovidProject,CZ,Deaths,0.249526561618293,2022-01-31,5
IEM_Health-CovidProject,DE,Deaths,0.144708438056152,2022-01-31,5
IEM_Health-CovidProject,FR,Cases,0.373031524669873,2022-01-31,5
IEM_Health-CovidProject,FR,Deaths,0.205891342474065,2022-01-31,5
IEM_Health-CovidProject,GB,Cases,0.173722361142569,2022-01-31,5
IEM_Health-CovidProject,GB,Deaths,0.120401254775219,2022-01-31,5
ILM-EKF,CZ,Cases,0.169382183849946,2022-01-31,5
ILM-EKF,CZ,Deaths,0.20968831808081,2022-01-31,5
ILM-EKF,DE,Cases,0.216614839886718,2022-01-31,5
ILM-EKF,FR,Cases,0.0442821305824337,2022-01-31,5
ILM-EKF,FR,Deaths,0.0148981481713534,2022-01-31,5
ILM-EKF,GB,Cases,0.0488342454345093,2022-01-31,5
ILM-EKF,GB,Deaths,0.0569722672006255,2022-01-31,5
ILM-EKF,PL,Deaths,0.305494071664334,2022-01-31,5
ITWW-county_repro,DE,Cases,0.223844281636976,2022-01-31,5
ITWW-county_repro,PL,Cases,0.157100325317856,2022-01-31,5
ITWW-county_repro,PL,Deaths,0.129479206377317,2022-01-31,5
MOCOS-agent1,PL,Cases,0.177857328129679,2022-01-31,5
MUNI-ARIMA,CZ,Deaths,0.248449381456968,2022-01-31,5
MUNI-ARIMA,DE,Deaths,0.251942359447675,2022-01-31,5
MUNI-ARIMA,FR,Deaths,0.381588963830078,2022-01-31,5
MUNI-ARIMA,GB,Deaths,0.234477004178611,2022-01-31,5
MUNI-ARIMA,PL,Deaths,0.135826839663896,2022-01-31,5
MUNI_DMS-SEIAR,CZ,Cases,0.412666933586153,2022-01-31,5
PL_GRedlarski-DistrictsSum,PL,Cases,0.271687271819676,2022-01-31,5
RobertWalraven-ESG,CZ,Cases,0.128850051205679,2022-01-31,5
RobertWalraven-ESG,CZ,Deaths,0.29233573884393,2022-01-31,5
RobertWalraven-ESG,DE,Deaths,0.230696591710803,2022-01-31,5
RobertWalraven-ESG,FR,Cases,0.426007092764691,2022-01-31,5
RobertWalraven-ESG,FR,Deaths,0.320459755781234,2022-01-31,5
RobertWalraven-ESG,GB,Cases,0.294946223593519,2022-01-31,5
RobertWalraven-ESG,GB,Deaths,0.164346524842116,2022-01-31,5
UMass-MechBayes,DE,Deaths,0.235309597617691,2022-01-31,5
UMass-MechBayes,FR,Deaths,0.0771617897432684,2022-01-31,5
UMass-MechBayes,GB,Deaths,0.423802949003428,2022-01-31,5
epiforecasts-EpiNow2,CZ,Cases,0.143714555370504,2022-01-31,5
epiforecasts-EpiNow2,DE,Cases,0.145755758348789,2022-01-31,5
epiforecasts-EpiNow2,FR,Cases,0.156679251983003,2022-01-31,5
epiforecasts-EpiNow2,GB,Cases,0.482497169829402,2022-01-31,5
epiforecasts-EpiNow2,PL,Cases,0.204261143282245,2022-01-31,5
epiforecasts-EpiNow2,PL,Deaths,0.206437972871967,2022-01-31,5
FIAS_FZJ-Epi1Ger,DE,Cases,0.142422412351416,2022-02-07,5
HZI-AgeExtendedSEIR,DE,Cases,0.362894943198178,2022-02-07,5
ICM-agentModel,PL,Cases,0.289690121182399,2022-02-07,5
ICM-agentModel,PL,Deaths,0.174049928083711,2022-02-07,5
IEM_Health-CovidProject,CZ,Cases,0.159393561860404,2022-02-07,5
IEM_Health-CovidProject,CZ,Deaths,0.220078557638694,2022-02-07,5
IEM_Health-CovidProject,DE,Deaths,0.124605937114766,2022-02-07,5
IEM_Health-CovidProject,FR,Cases,0.199017152833114,2022-02-07,5
IEM_Health-CovidProject,FR,Deaths,0.174765742198922,2022-02-07,5
IEM_Health-CovidProject,GB,Cases,0.214769424137476,2022-02-07,5
IEM_Health-CovidProject,GB,Deaths,0.0917789525857022,2022-02-07,5
IEM_Health-CovidProject,PL,Deaths,0.146318041023891,2022-02-07,5
ILM-EKF,CZ,Cases,0.157417839717208,2022-02-07,5
ILM-EKF,CZ,Deaths,0.158294798671982,2022-02-07,5
ILM-EKF,DE,Cases,0.197756098779041,2022-02-07,5
ILM-EKF,FR,Cases,0.0923807060273893,2022-02-07,5
ILM-EKF,FR,Deaths,0.0321194570290851,2022-02-07,5
ILM-EKF,PL,Deaths,0.174965145395956,2022-02-07,5
ITWW-county_repro,DE,Cases,0.187241351332039,2022-02-07,5
MOCOS-agent1,PL,Cases,0.237847686768841,2022-02-07,5
MUNI-ARIMA,CZ,Deaths,0.227305695743319,2022-02-07,5
MUNI-ARIMA,DE,Deaths,0.309127966174828,2022-02-07,5
MUNI-ARIMA,FR,Deaths,0.405509725647659,2022-02-07,5
MUNI-ARIMA,GB,Deaths,0.239610689220771,2022-02-07,5
MUNI-ARIMA,PL,Deaths,0.30804024507916,2022-02-07,5
MUNI_DMS-SEIAR,CZ,Cases,0.39754356850733,2022-02-07,5
PL_GRedlarski-DistrictsSum,PL,Cases,0.230590418196094,2022-02-07,5
RobertWalraven-ESG,CZ,Cases,0.136558833610101,2022-02-07,5
RobertWalraven-ESG,CZ,Deaths,0.210731050998713,2022-02-07,5
RobertWalraven-ESG,DE,Deaths,0.255054423776666,2022-02-07,5
RobertWalraven-ESG,FR,Cases,0.484408243910994,2022-02-07,5
RobertWalraven-ESG,FR,Deaths,0.325168437112401,2022-02-07,5
RobertWalraven-ESG,GB,Cases,0.309484433565722,2022-02-07,5
RobertWalraven-ESG,GB,Deaths,0.146646033383164,2022-02-07,5
UMass-MechBayes,CZ,Deaths,0.183589896947292,2022-02-07,5
UMass-MechBayes,DE,Deaths,0.201037292081967,2022-02-07,5
UMass-MechBayes,FR,Deaths,0.0624366380119329,2022-02-07,5
UMass-MechBayes,GB,Deaths,0.521964324810363,2022-02-07,5
UMass-MechBayes,PL,Deaths,0.196626640417283,2022-02-07,5
epiforecasts-EpiNow2,FR,Cases,0.137691046114851,2022-02-07,5
epiforecasts-EpiNow2,GB,Cases,0.255886027943271,2022-02-07,5
epiforecasts-EpiNow2,PL,Cases,0.136218287359414,2022-02-07,5
epiforecasts-weeklygrowth,CZ,Cases,0.149086196304958,2022-02-07,5
epiforecasts-weeklygrowth,DE,Cases,0.109685194339326,2022-02-07,5
epiforecasts-weeklygrowth,FR,Cases,0.0865028511136505,2022-02-07,5
epiforecasts-weeklygrowth,GB,Cases,0.219860114353531,2022-02-07,5
epiforecasts-weeklygrowth,PL,Cases,0.105653486493252,2022-02-07,5
itwm-dSEIR,DE,Deaths,0.110174380851773,2022-02-07,5
CovidMetrics-epiBATS,DE,Cases,0.110363040615102,2022-02-14,5
HZI-AgeExtendedSEIR,DE,Cases,0.238141062472842,2022-02-14,5
HZI-AgeExtendedSEIR,DE,Deaths,0.231944628748425,2022-02-14,5
ICM-agentModel,PL,Cases,0.184573048675573,2022-02-14,5
ICM-agentModel,PL,Deaths,0.278156026323373,2022-02-14,5
IEM_Health-CovidProject,CZ,Cases,0.15909256105591,2022-02-14,5
IEM_Health-CovidProject,CZ,Deaths,0.198123205754789,2022-02-14,5
IEM_Health-CovidProject,DE,Cases,0.151035963811572,2022-02-14,5
IEM_Health-CovidProject,FR,Cases,0.161757175382933,2022-02-14,5
IEM_Health-CovidProject,FR,Deaths,0.180546343126627,2022-02-14,5
IEM_Health-CovidProject,GB,Cases,0.25317737674618,2022-02-14,5
IEM_Health-CovidProject,GB,Deaths,0.0661503177862579,2022-02-14,5
IEM_Health-CovidProject,PL,Cases,0.145880749078558,2022-02-14,5
IEM_Health-CovidProject,PL,Deaths,0.217207965049729,2022-02-14,5
ILM-EKF,FR,Cases,0.234031917840757,2022-02-14,5
MOCOS-agent1,PL,Cases,0.213862521720997,2022-02-14,5
MUNI-ARIMA,CZ,Deaths,0.230929144514751,2022-02-14,5
MUNI-ARIMA,DE,Deaths,0.197319409397677,2022-02-14,5
MUNI-ARIMA,FR,Deaths,0.27230112372936,2022-02-14,5
MUNI-ARIMA,GB,Deaths,0.1504529002832,2022-02-14,5
MUNI-ARIMA,PL,Deaths,0.222112743095063,2022-02-14,5
MUNI_DMS-SEIAR,CZ,Cases,0.427594978541257,2022-02-14,5
MUNI_DMS-SEIAR,CZ,Deaths,0.176980349747753,2022-02-14,5
PL_GRedlarski-DistrictsSum,PL,Cases,0.298975365104919,2022-02-14,5
RobertWalraven-ESG,CZ,Cases,0.148811062312906,2022-02-14,5
RobertWalraven-ESG,CZ,Deaths,0.193981427510125,2022-02-14,5
RobertWalraven-ESG,DE,Deaths,0.246157031541498,2022-02-14,5
RobertWalraven-ESG,FR,Cases,0.205530037347752,2022-02-14,5
RobertWalraven-ESG,FR,Deaths,0.356215826451523,2022-02-14,5
RobertWalraven-ESG,GB,Cases,0.27936239237536,2022-02-14,5
RobertWalraven-ESG,GB,Deaths,0.0981867765161512,2022-02-14,5
RobertWalraven-ESG,PL,Deaths,0.170101523139023,2022-02-14,5
UMass-MechBayes,CZ,Deaths,0.199985872472582,2022-02-14,5
UMass-MechBayes,DE,Deaths,0.149280796902238,2022-02-14,5
UMass-MechBayes,FR,Deaths,0.0977379353419491,2022-02-14,5
UMass-MechBayes,GB,Deaths,0.685210005414391,2022-02-14,5
UMass-MechBayes,PL,Deaths,0.112421742392813,2022-02-14,5
epiforecasts-EpiNow2,CZ,Cases,0.123312662981241,2022-02-14,5
epiforecasts-EpiNow2,FR,Cases,0.178526325810402,2022-02-14,5
epiforecasts-EpiNow2,FR,Deaths,0.0931987713505413,2022-02-14,5
epiforecasts-EpiNow2,GB,Cases,0.16235721950867,2022-02-14,5
epiforecasts-EpiNow2,PL,Cases,0.156708315419954,2022-02-14,5
epiforecasts-weeklygrowth,CZ,Cases,0.141188735108686,2022-02-14,5
epiforecasts-weeklygrowth,DE,Cases,0.149575400045718,2022-02-14,5
epiforecasts-weeklygrowth,FR,Cases,0.220154543618156,2022-02-14,5
epiforecasts-weeklygrowth,GB,Cases,0.305103011369791,2022-02-14,5
itwm-dSEIR,DE,Cases,0.350884533054766,2022-02-14,5
itwm-dSEIR,DE,Deaths,0.175298133410163,2022-02-14,5
CovidMetrics-epiBATS,DE,Cases,0.179975410861666,2022-02-21,5
HZI-AgeExtendedSEIR,DE,Cases,0.299714400726043,2022-02-21,5
HZI-AgeExtendedSEIR,DE,Deaths,0.270398527635544,2022-02-21,5
ICM-agentModel,PL,Cases,0.119712550864944,2022-02-21,5
ICM-agentModel,PL,Deaths,0.239509936356349,2022-02-21,5
IEM_Health-CovidProject,CZ,Cases,0.130787618820064,2022-02-21,5
IEM_Health-CovidProject,CZ,Deaths,0.222931680859151,2022-02-21,5
IEM_Health-CovidProject,DE,Deaths,0.179653295818758,2022-02-21,5
IEM_Health-CovidProject,FR,Cases,0.181665424619665,2022-02-21,5
IEM_Health-CovidProject,FR,Deaths,0.15477698628429,2022-02-21,5
IEM_Health-CovidProject,GB,Cases,0.303681419842317,2022-02-21,5
IEM_Health-CovidProject,GB,Deaths,0.294475740796508,2022-02-21,5
IEM_Health-CovidProject,PL,Deaths,0.163489754801252,2022-02-21,5
ILM-EKF,CZ,Deaths,0.100093653204025,2022-02-21,5
ILM-EKF,FR,Cases,0.178147614459036,2022-02-21,5
ILM-EKF,FR,Deaths,0.0549923053033185,2022-02-21,5
MOCOS-agent1,PL,Cases,0.225513265895821,2022-02-21,5
MOCOS-agent1,PL,Deaths,0.115735963239117,2022-02-21,5
MUNI-ARIMA,CZ,Deaths,0.272626393111453,2022-02-21,5
MUNI-ARIMA,DE,Deaths,0.141386164217348,2022-02-21,5
MUNI-ARIMA,FR,Deaths,0.266468352758761,2022-02-21,5
MUNI-ARIMA,GB,Deaths,0.447033195944043,2022-02-21,5
MUNI-ARIMA,PL,Deaths,0.125837151838162,2022-02-21,5
MUNI_DMS-SEIAR,CZ,Cases,0.389335665226005,2022-02-21,5
MUNI_DMS-SEIAR,CZ,Deaths,0.175938384507026,2022-02-21,5
PL_GRedlarski-DistrictsSum,PL,Cases,0.335369713160287,2022-02-21,5
RobertWalraven-ESG,CZ,Cases,0.214091766235085,2022-02-21,5
RobertWalraven-ESG,CZ,Deaths,0.228409888318345,2022-02-21,5
RobertWalraven-ESG,DE,Cases,0.185436525219141,2022-02-21,5
RobertWalraven-ESG,DE,Deaths,0.293973151241174,2022-02-21,5
RobertWalraven-ESG,FR,Cases,0.13812062635246,2022-02-21,5
RobertWalraven-ESG,FR,Deaths,0.385808294776127,2022-02-21,5
RobertWalraven-ESG,GB,Cases,0.261853703494276,2022-02-21,5
RobertWalraven-ESG,GB,Deaths,0.258491063259449,2022-02-21,5
RobertWalraven-ESG,PL,Cases,0.142164894052472,2022-02-21,5
RobertWalraven-ESG,PL,Deaths,0.35542719376512,2022-02-21,5
epiforecasts-EpiNow2,CZ,Cases,0.184418161618343,2022-02-21,5
epiforecasts-EpiNow2,FR,Cases,0.312972723032405,2022-02-21,5
epiforecasts-EpiNow2,FR,Deaths,0.137954060877503,2022-02-21,5
epiforecasts-EpiNow2,GB,Cases,0.234614370155811,2022-02-21,5
epiforecasts-EpiNow2,PL,Cases,0.177239576026476,2022-02-21,5
epiforecasts-weeklygrowth,CZ,Cases,0.0813667881005038,2022-02-21,5
epiforecasts-weeklygrowth,DE,Cases,0.117158868064243,2022-02-21,5
epiforecasts-weeklygrowth,FR,Cases,0.189093611536434,2022-02-21,5
epiforecasts-weeklygrowth,GB,Cases,0.199850506507597,2022-02-21,5
itwm-dSEIR,DE,Cases,0.217714795128906,2022-02-21,5
itwm-dSEIR,DE,Deaths,0.114588861087177,2022-02-21,5
CovidMetrics-epiBATS,DE,Cases,0.110094693899632,2022-02-28,5
FIAS_FZJ-Epi1Ger,DE,Deaths,0.11784108841887,2022-02-28,5
HZI-AgeExtendedSEIR,DE,Cases,0.32797681190873,2022-02-28,5
HZI-AgeExtendedSEIR,DE,Deaths,0.296244020302087,2022-02-28,5
ICM-agentModel,PL,Cases,0.05089312589912,2022-02-28,5
ICM-agentModel,PL,Deaths,0.180168834022979,2022-02-28,5
IEM_Health-CovidProject,CZ,Cases,0.092619529464541,2022-02-28,5
IEM_Health-CovidProject,CZ,Deaths,0.275126255635642,2022-02-28,5
IEM_Health-CovidProject,DE,Cases,0.121686777613379,2022-02-28,5
IEM_Health-CovidProject,DE,Deaths,0.15825583101603,2022-02-28,5
IEM_Health-CovidProject,FR,Cases,0.208632653826052,2022-02-28,5
IEM_Health-CovidProject,FR,Deaths,0.261781538451228,2022-02-28,5
IEM_Health-CovidProject,GB,Cases,0.40576842733497,2022-02-28,5
IEM_Health-CovidProject,GB,Deaths,0.567193867524446,2022-02-28,5
IEM_Health-CovidProject,PL,Deaths,0.213690006044473,2022-02-28,5
ILM-EKF,CZ,Deaths,0.222578883599342,2022-02-28,5
ILM-EKF,PL,Deaths,0.0438132069841503,2022-02-28,5
MOCOS-agent1,PL,Cases,0.228112257132439,2022-02-28,5
MOCOS-agent1,PL,Deaths,0.162200835192406,2022-02-28,5
MUNI_DMS-SEIAR,CZ,Cases,0.465007810320312,2022-02-28,5
MUNI_DMS-SEIAR,CZ,Deaths,0.182704020191352,2022-02-28,5
PL_GRedlarski-DistrictsSum,PL,Cases,0.395844310997529,2022-02-28,5
RobertWalraven-ESG,CZ,Cases,0.128842830543999,2022-02-28,5
RobertWalraven-ESG,CZ,Deaths,0.319590840573664,2022-02-28,5
RobertWalraven-ESG,DE,Cases,0.269776942593107,2022-02-28,5
RobertWalraven-ESG,DE,Deaths,0.303668811207944,2022-02-28,5
RobertWalraven-ESG,FR,Cases,0.128390866869207,2022-02-28,5
RobertWalraven-ESG,FR,Deaths,0.428633940700668,2022-02-28,5
RobertWalraven-ESG,GB,Cases,0.224105424461326,2022-02-28,5
RobertWalraven-ESG,GB,Deaths,0.432806132475554,2022-02-28,5
RobertWalraven-ESG,PL,Cases,0.0457454531231071,2022-02-28,5
RobertWalraven-ESG,PL,Deaths,0.400127117755993,2022-02-28,5
epiforecasts-EpiNow2,CZ,Cases,0.224342256642018,2022-02-28,5
epiforecasts-EpiNow2,FR,Cases,0.451530266790296,2022-02-28,5
epiforecasts-EpiNow2,FR,Deaths,0.309584520848104,2022-02-28,5
epiforecasts-EpiNow2,GB,Cases,0.24873503621409,2022-02-28,5
epiforecasts-EpiNow2,PL,Cases,0.279404852847805,2022-02-28,5
epiforecasts-weeklygrowth,CZ,Cases,0.0891875730291306,2022-02-28,5
epiforecasts-weeklygrowth,FR,Cases,0.211446212514444,2022-02-28,5
epiforecasts-weeklygrowth,GB,Cases,0.121391111989614,2022-02-28,5
itwm-dSEIR,DE,Cases,0.170464773985152,2022-02-28,5
itwm-dSEIR,DE,Deaths,0.123990249055069,2022-02-28,5
FIAS_FZJ-Epi1Ger,DE,Deaths,0.220881869252025,2022-03-07,5
HZI-AgeExtendedSEIR,DE,Cases,0.329856046570296,2022-03-07,5
HZI-AgeExtendedSEIR,DE,Deaths,0.255711209608258,2022-03-07,5
IEM_Health-CovidProject,CZ,Cases,0.106354540018805,2022-03-07,5
IEM_Health-CovidProject,CZ,Deaths,0.203481491720348,2022-03-07,5
IEM_Health-CovidProject,DE,Cases,0.174451522763517,2022-03-07,5
IEM_Health-CovidProject,DE,Deaths,0.151247669720541,2022-03-07,5
IEM_Health-CovidProject,FR,Cases,0.218758886886182,2022-03-07,5
IEM_Health-CovidProject,FR,Deaths,0.18125887116391,2022-03-07,5
IEM_Health-CovidProject,GB,Cases,0.537091824179121,2022-03-07,5
IEM_Health-CovidProject,GB,Deaths,0.524726614923265,2022-03-07,5
IEM_Health-CovidProject,PL,Deaths,0.134077531051723,2022-03-07,5
ILM-EKF,CZ,Cases,0.221260496184015,2022-03-07,5
ILM-EKF,CZ,Deaths,0.214555735684394,2022-03-07,5
ILM-EKF,DE,Cases,0.12009347071226,2022-03-07,5
ILM-EKF,FR,Cases,0.28548965226665,2022-03-07,5
ILM-EKF,FR,Deaths,0.123805365661565,2022-03-07,5
ILM-EKF,PL,Cases,0.134514285436497,2022-03-07,5
ILM-EKF,PL,Deaths,0.160062607594818,2022-03-07,5
ITWW-county_repro,DE,Deaths,0.12036754552586,2022-03-07,5
MIT_CovidAnalytics-DELPHI,PL,Deaths,0.119925465778531,2022-03-07,5
MOCOS-agent1,PL,Cases,0.263556903884743,2022-03-07,5
MOCOS-agent1,PL,Deaths,0.406310739410606,2022-03-07,5
MUNI_DMS-SEIAR,CZ,Cases,0.319977537321574,2022-03-07,5
MUNI_DMS-SEIAR,CZ,Deaths,0.185365527351565,2022-03-07,5
PL_GRedlarski-DistrictsSum,PL,Cases,0.33802933968192,2022-03-07,5
RobertWalraven-ESG,CZ,Deaths,0.396597245243692,2022-03-07,5
RobertWalraven-ESG,DE,Cases,0.238445633259806,2022-03-07,5
RobertWalraven-ESG,DE,Deaths,0.251791705893317,2022-03-07,5
RobertWalraven-ESG,FR,Cases,0.0963866186763999,2022-03-07,5
RobertWalraven-ESG,FR,Deaths,0.309520038064068,2022-03-07,5
RobertWalraven-ESG,GB,Cases,0.155737142066323,2022-03-07,5
RobertWalraven-ESG,GB,Deaths,0.475273385076735,2022-03-07,5
RobertWalraven-ESG,PL,Deaths,0.179623656164322,2022-03-07,5
epiforecasts-EpiNow2,CZ,Cases,0.171722401060363,2022-03-07,5
epiforecasts-EpiNow2,FR,Cases,0.220373200515852,2022-03-07,5
epiforecasts-EpiNow2,FR,Deaths,0.385415725110457,2022-03-07,5
epiforecasts-EpiNow2,GB,Cases,0.2411880470262,2022-03-07,5
epiforecasts-EpiNow2,PL,Cases,0.209122171464854,2022-03-07,5
epiforecasts-weeklygrowth,CZ,Cases,0.180685025415242,2022-03-07,5
epiforecasts-weeklygrowth,FR,Cases,0.178991641654916,2022-03-07,5
epiforecasts-weeklygrowth,GB,Cases,0.0659829867283561,2022-03-07,5
epiforecasts-weeklygrowth,PL,Cases,0.054777299531986,2022-03-07,5
itwm-dSEIR,DE,Cases,0.137153326694121,2022-03-07,5
DSMPG-bayes,CZ,Cases,0.134986533787813,2021-04-12,8
DSMPG-bayes,FR,Cases,0.155507981470904,2021-04-12,8
FIAS_FZJ-Epi1Ger,DE,Cases,0.164756789988269,2021-04-12,8
ICM-agentModel,PL,Cases,0.161489595805445,2021-04-12,8
IEM_Health-CovidProject,CZ,Cases,0.0978944152801717,2021-04-12,8
IEM_Health-CovidProject,CZ,Deaths,0.13380983361153,2021-04-12,8
IEM_Health-CovidProject,DE,Cases,0.159260469682017,2021-04-12,8
IEM_Health-CovidProject,DE,Deaths,0.0885071751089437,2021-04-12,8
IEM_Health-CovidProject,FR,Cases,0.15459063709068,2021-04-12,8
IEM_Health-CovidProject,FR,Deaths,0.199320172150731,2021-04-12,8
IEM_Health-CovidProject,GB,Cases,0.318902335693413,2021-04-12,8
IEM_Health-CovidProject,GB,Deaths,0.152959371818373,2021-04-12,8
IEM_Health-CovidProject,PL,Cases,0.0765789213259111,2021-04-12,8
IEM_Health-CovidProject,PL,Deaths,0.107126933005209,2021-04-12,8
ILM-EKF,CZ,Cases,0.243603162868334,2021-04-12,8
ILM-EKF,CZ,Deaths,0.313170370179471,2021-04-12,8
ILM-EKF,DE,Cases,0.101926969367483,2021-04-12,8
ILM-EKF,DE,Deaths,0.0760889072123368,2021-04-12,8
ILM-EKF,FR,Cases,0.125023563607317,2021-04-12,8
ILM-EKF,FR,Deaths,0.236532995178893,2021-04-12,8
ILM-EKF,GB,Cases,0.280338193276899,2021-04-12,8
ILM-EKF,GB,Deaths,0.252618545746335,2021-04-12,8
ILM-EKF,PL,Cases,0.0827080277660425,2021-04-12,8
ILM-EKF,PL,Deaths,0.105405355033155,2021-04-12,8
ITWW-county_repro,DE,Deaths,0.0996461656894763,2021-04-12,8
Karlen-pypm,DE,Deaths,0.106388986152841,2021-04-12,8
MIMUW-StochSEIR,PL,Cases,0.137621338864995,2021-04-12,8
MIMUW-StochSEIR,PL,Deaths,0.134730511769098,2021-04-12,8
MIT_CovidAnalytics-DELPHI,DE,Cases,0.0714120595186475,2021-04-12,8
MIT_CovidAnalytics-DELPHI,DE,Deaths,0.134132963993779,2021-04-12,8
MIT_CovidAnalytics-DELPHI,PL,Cases,0.0513546946273088,2021-04-12,8
MIT_CovidAnalytics-DELPHI,PL,Deaths,0.0762759071023642,2021-04-12,8
MOCOS-agent1,PL,Cases,0.245568917598294,2021-04-12,8
MOCOS-agent1,PL,Deaths,0.24237099675545,2021-04-12,8
MUNI_DMS-SEIAR,CZ,Cases,0.288348233372847,2021-04-12,8
RobertWalraven-ESG,CZ,Deaths,0.135408497818379,2021-04-12,8
RobertWalraven-ESG,DE,Deaths,0.108974081692476,2021-04-12,8
RobertWalraven-ESG,FR,Deaths,0.170378746611178,2021-04-12,8
RobertWalraven-ESG,GB,Deaths,0.144627643089229,2021-04-12,8
RobertWalraven-ESG,PL,Deaths,0.0801803750702766,2021-04-12,8
UNIPV-BayesINGARCHX,DE,Cases,0.118183355495643,2021-04-12,8
UNIPV-BayesINGARCHX,FR,Cases,0.1339822101755,2021-04-12,8
epiforecasts-EpiExpert,DE,Cases,0.129230962697963,2021-04-12,8
epiforecasts-EpiExpert,DE,Deaths,0.227196970241667,2021-04-12,8
epiforecasts-EpiExpert,FR,Cases,0.238068285641503,2021-04-12,8
epiforecasts-EpiExpert,FR,Deaths,0.211215713817598,2021-04-12,8
epiforecasts-EpiExpert,GB,Cases,0.140528719432124,2021-04-12,8
epiforecasts-EpiExpert,GB,Deaths,0.356191081789055,2021-04-12,8
epiforecasts-EpiExpert,PL,Cases,0.146371253296591,2021-04-12,8
epiforecasts-EpiExpert,PL,Deaths,0.195753956303148,2021-04-12,8
epiforecasts-EpiNow2,CZ,Cases,0.235167654690835,2021-04-12,8
epiforecasts-EpiNow2,CZ,Deaths,0.417611298390619,2021-04-12,8
epiforecasts-EpiNow2,DE,Cases,0.150901942536363,2021-04-12,8
epiforecasts-EpiNow2,FR,Cases,0.192827322014096,2021-04-12,8
epiforecasts-EpiNow2,FR,Deaths,0.182552372241599,2021-04-12,8
epiforecasts-EpiNow2,GB,Cases,0.260230751597563,2021-04-12,8
epiforecasts-EpiNow2,GB,Deaths,0.0936033575570084,2021-04-12,8
epiforecasts-EpiNow2,PL,Cases,0.0983072507154127,2021-04-12,8
epiforecasts-EpiNow2,PL,Deaths,0.0581559649612984,2021-04-12,8
itwm-dSEIR,DE,Cases,0.104327450713615,2021-04-12,8
itwm-dSEIR,DE,Deaths,0.15906474990848,2021-04-12,8
DSMPG-bayes,CZ,Cases,0.145780425891044,2021-04-19,8
DSMPG-bayes,FR,Cases,0.151604598593902,2021-04-19,8
DSMPG-bayes,PL,Cases,0.0575043636036322,2021-04-19,8
FIAS_FZJ-Epi1Ger,DE,Cases,0.13920749954997,2021-04-19,8
ICM-agentModel,PL,Cases,0.167957235370313,2021-04-19,8
IEM_Health-CovidProject,CZ,Cases,0.106500954173631,2021-04-19,8
IEM_Health-CovidProject,CZ,Deaths,0.113305747038015,2021-04-19,8
IEM_Health-CovidProject,DE,Cases,0.168024556978625,2021-04-19,8
IEM_Health-CovidProject,FR,Cases,0.139171092969479,2021-04-19,8
IEM_Health-CovidProject,FR,Deaths,0.184427142137673,2021-04-19,8
IEM_Health-CovidProject,GB,Cases,0.30487178736559,2021-04-19,8
IEM_Health-CovidProject,GB,Deaths,0.119755795902889,2021-04-19,8
IEM_Health-CovidProject,PL,Deaths,0.0894308891085611,2021-04-19,8
ILM-EKF,CZ,Cases,0.270180791243164,2021-04-19,8
ILM-EKF,CZ,Deaths,0.270176316918825,2021-04-19,8
ILM-EKF,DE,Deaths,0.0842884620685621,2021-04-19,8
ILM-EKF,FR,Cases,0.099681328431092,2021-04-19,8
ILM-EKF,FR,Deaths,0.14817035255634,2021-04-19,8
ILM-EKF,GB,Cases,0.218670217149669,2021-04-19,8
ILM-EKF,GB,Deaths,0.213420113552708,2021-04-19,8
ILM-EKF,PL,Cases,0.0580521732679473,2021-04-19,8
ILM-EKF,PL,Deaths,0.076646243672175,2021-04-19,8
ITWW-county_repro,DE,Deaths,0.103495983929071,2021-04-19,8
Karlen-pypm,DE,Deaths,0.122205761162896,2021-04-19,8
MIMUW-StochSEIR,PL,Cases,0.0879444570685143,2021-04-19,8
MIMUW-StochSEIR,PL,Deaths,0.138279781537594,2021-04-19,8
MIT_CovidAnalytics-DELPHI,DE,Cases,0.097928769518486,2021-04-19,8
MIT_CovidAnalytics-DELPHI,DE,Deaths,0.183968066319775,2021-04-19,8
MIT_CovidAnalytics-DELPHI,PL,Deaths,0.0927297440022203,2021-04-19,8
MOCOS-agent1,PL,Cases,0.390673889234492,2021-04-19,8
MOCOS-agent1,PL,Deaths,0.257939386565851,2021-04-19,8
MUNI_DMS-SEIAR,CZ,Cases,0.165583389637395,2021-04-19,8
RobertWalraven-ESG,CZ,Deaths,0.10333336018649,2021-04-19,8
RobertWalraven-ESG,FR,Deaths,0.197677255501747,2021-04-19,8
RobertWalraven-ESG,GB,Deaths,0.140624222031329,2021-04-19,8
RobertWalraven-ESG,PL,Deaths,0.0745017291663573,2021-04-19,8
UMass-MechBayes,CZ,Deaths,0.115788305801934,2021-04-19,8
UMass-MechBayes,DE,Deaths,0.0801820840722466,2021-04-19,8
UMass-MechBayes,FR,Deaths,0.116461788565018,2021-04-19,8
UMass-MechBayes,GB,Deaths,0.0903907294294901,2021-04-19,8
UMass-MechBayes,PL,Deaths,0.0660349608570111,2021-04-19,8
UMass-SemiMech,CZ,Cases,0.131464531125477,2021-04-19,8
UMass-SemiMech,CZ,Deaths,0.117984857401227,2021-04-19,8
UMass-SemiMech,DE,Cases,0.0969217797693519,2021-04-19,8
UMass-SemiMech,DE,Deaths,0.0844624047626916,2021-04-19,8
UMass-SemiMech,FR,Cases,0.105066223913841,2021-04-19,8
UMass-SemiMech,FR,Deaths,0.10947601566753,2021-04-19,8
UMass-SemiMech,GB,Cases,0.122475618667186,2021-04-19,8
UMass-SemiMech,GB,Deaths,0.0883306574081678,2021-04-19,8
UMass-SemiMech,PL,Cases,0.0526288215208746,2021-04-19,8
UNIPV-BayesINGARCHX,DE,Cases,0.126936324526597,2021-04-19,8
UNIPV-BayesINGARCHX,FR,Cases,0.180649981729401,2021-04-19,8
epiforecasts-EpiExpert,DE,Cases,0.125169689529889,2021-04-19,8
epiforecasts-EpiExpert,DE,Deaths,0.19682316592962,2021-04-19,8
epiforecasts-EpiExpert,FR,Cases,0.15234210633317,2021-04-19,8
epiforecasts-EpiExpert,FR,Deaths,0.132980822548487,2021-04-19,8
epiforecasts-EpiExpert,GB,Cases,0.12219558072319,2021-04-19,8
epiforecasts-EpiExpert,GB,Deaths,0.248295383085926,2021-04-19,8
epiforecasts-EpiExpert,PL,Cases,0.0982270265161832,2021-04-19,8
epiforecasts-EpiExpert,PL,Deaths,0.204437265090231,2021-04-19,8
epiforecasts-EpiNow2,CZ,Cases,0.180489907929289,2021-04-19,8
epiforecasts-EpiNow2,CZ,Deaths,0.279411412653508,2021-04-19,8
epiforecasts-EpiNow2,DE,Cases,0.147430135027914,2021-04-19,8
epiforecasts-EpiNow2,FR,Cases,0.171484668029115,2021-04-19,8
epiforecasts-EpiNow2,FR,Deaths,0.110806623023206,2021-04-19,8
epiforecasts-EpiNow2,GB,Cases,0.231786796094366,2021-04-19,8
epiforecasts-EpiNow2,GB,Deaths,0.0991830985894896,2021-04-19,8
epiforecasts-EpiNow2,PL,Cases,0.087012033418043,2021-04-19,8
itwm-dSEIR,DE,Cases,0.0983812450991674,2021-04-19,8
itwm-dSEIR,DE,Deaths,0.144574071755139,2021-04-19,8
DSMPG-bayes,DE,Cases,0.0904024894902257,2021-04-26,8
DSMPG-bayes,FR,Cases,0.100062821049595,2021-04-26,8
DSMPG-bayes,PL,Cases,0.0528386822469918,2021-04-26,8
FIAS_FZJ-Epi1Ger,DE,Cases,0.128244703849788,2021-04-26,8
FIAS_FZJ-Epi1Ger,DE,Deaths,0.106017061099387,2021-04-26,8
ICM-agentModel,PL,Cases,0.177047668508877,2021-04-26,8
IEM_Health-CovidProject,CZ,Cases,0.0876739005411634,2021-04-26,8
IEM_Health-CovidProject,CZ,Deaths,0.104563421319046,2021-04-26,8
IEM_Health-CovidProject,DE,Cases,0.130055858772543,2021-04-26,8
IEM_Health-CovidProject,FR,Cases,0.130801845083735,2021-04-26,8
IEM_Health-CovidProject,FR,Deaths,0.143038920771684,2021-04-26,8
IEM_Health-CovidProject,GB,Cases,0.275823547918399,2021-04-26,8
IEM_Health-CovidProject,GB,Deaths,0.0997461620315239,2021-04-26,8
IEM_Health-CovidProject,PL,Deaths,0.0612205643403939,2021-04-26,8
ILM-EKF,CZ,Cases,0.356921665669692,2021-04-26,8
ILM-EKF,CZ,Deaths,0.188895304725995,2021-04-26,8
ILM-EKF,DE,Cases,0.10615818951525,2021-04-26,8
ILM-EKF,DE,Deaths,0.109187419591823,2021-04-26,8
ILM-EKF,FR,Cases,0.107992202640138,2021-04-26,8
ILM-EKF,FR,Deaths,0.0752631512049502,2021-04-26,8
ILM-EKF,GB,Cases,0.171366748188703,2021-04-26,8
ILM-EKF,GB,Deaths,0.177984126983558,2021-04-26,8
ILM-EKF,PL,Cases,0.0536129532506883,2021-04-26,8
ILM-EKF,PL,Deaths,0.0662842597795569,2021-04-26,8
Karlen-pypm,DE,Deaths,0.113879046739814,2021-04-26,8
MIMUW-StochSEIR,PL,Cases,0.0528533839198025,2021-04-26,8
MIMUW-StochSEIR,PL,Deaths,0.126979286721544,2021-04-26,8
MIT_CovidAnalytics-DELPHI,DE,Cases,0.129949428736016,2021-04-26,8
MIT_CovidAnalytics-DELPHI,DE,Deaths,0.159335903789424,2021-04-26,8
MIT_CovidAnalytics-DELPHI,PL,Deaths,0.119743388519711,2021-04-26,8
MOCOS-agent1,PL,Cases,0.421353869149275,2021-04-26,8
MOCOS-agent1,PL,Deaths,0.210713693667622,2021-04-26,8
MUNI_DMS-SEIAR,CZ,Cases,0.0961094801724218,2021-04-26,8
MUNI_DMS-SEIAR,CZ,Deaths,0.0675265098294888,2021-04-26,8
RobertWalraven-ESG,CZ,Deaths,0.0788387227707336,2021-04-26,8
RobertWalraven-ESG,FR,Deaths,0.428805559091526,2021-04-26,8
RobertWalraven-ESG,GB,Deaths,0.153167766780674,2021-04-26,8
RobertWalraven-ESG,PL,Deaths,0.0781208725402825,2021-04-26,8
UMass-MechBayes,CZ,Deaths,0.155274325167581,2021-04-26,8
UMass-MechBayes,DE,Deaths,0.116801925662724,2021-04-26,8
UMass-MechBayes,FR,Deaths,0.132037650738528,2021-04-26,8
UMass-MechBayes,GB,Deaths,0.125654684123616,2021-04-26,8
UMass-MechBayes,PL,Deaths,0.0750690422156895,2021-04-26,8
UMass-SemiMech,CZ,Cases,0.172111040023838,2021-04-26,8
UMass-SemiMech,CZ,Deaths,0.16318761949585,2021-04-26,8
UMass-SemiMech,DE,Cases,0.129334031226952,2021-04-26,8
UMass-SemiMech,DE,Deaths,0.143045351629272,2021-04-26,8
UMass-SemiMech,FR,Cases,0.174983335278412,2021-04-26,8
UMass-SemiMech,FR,Deaths,0.108433115863341,2021-04-26,8
UMass-SemiMech,GB,Cases,0.180195637903837,2021-04-26,8
UMass-SemiMech,GB,Deaths,0.114106612748139,2021-04-26,8
UMass-SemiMech,PL,Cases,0.0637438374663166,2021-04-26,8
UNIPV-BayesINGARCHX,FR,Cases,0.128280627802735,2021-04-26,8
epiforecasts-EpiExpert,DE,Cases,0.187412852720234,2021-04-26,8
epiforecasts-EpiExpert,DE,Deaths,0.153657806838796,2021-04-26,8
epiforecasts-EpiExpert,FR,Cases,0.168347834752911,2021-04-26,8
epiforecasts-EpiExpert,FR,Deaths,0.0594101365371237,2021-04-26,8
epiforecasts-EpiExpert,GB,Cases,0.120325839626291,2021-04-26,8
epiforecasts-EpiExpert,GB,Deaths,0.173794111438463,2021-04-26,8
epiforecasts-EpiExpert,PL,Cases,0.0788286235100394,2021-04-26,8
epiforecasts-EpiExpert,PL,Deaths,0.2618688922152,2021-04-26,8
epiforecasts-EpiNow2,CZ,Cases,0.287183913592884,2021-04-26,8
epiforecasts-EpiNow2,CZ,Deaths,0.241714096691306,2021-04-26,8
epiforecasts-EpiNow2,DE,Cases,0.098442445688991,2021-04-26,8
epiforecasts-EpiNow2,FR,Cases,0.189531333392475,2021-04-26,8
epiforecasts-EpiNow2,FR,Deaths,0.0530114657928474,2021-04-26,8
epiforecasts-EpiNow2,GB,Cases,0.25228822636277,2021-04-26,8
epiforecasts-EpiNow2,GB,Deaths,0.155546535894026,2021-04-26,8
epiforecasts-EpiNow2,PL,Cases,0.0997209819480101,2021-04-26,8
itwm-dSEIR,DE,Deaths,0.0980754846487594,2021-04-26,8
FIAS_FZJ-Epi1Ger,DE,Cases,0.100122354086511,2021-05-03,8
IEM_Health-CovidProject,CZ,Cases,0.120529090833142,2021-05-03,8
IEM_Health-CovidProject,CZ,Deaths,0.0907005526173621,2021-05-03,8
IEM_Health-CovidProject,DE,Cases,0.117483842393974,2021-05-03,8
IEM_Health-CovidProject,FR,Cases,0.138979092949138,2021-05-03,8
IEM_Health-CovidProject,FR,Deaths,0.107386726067959,2021-05-03,8
IEM_Health-CovidProject,GB,Cases,0.349188446920524,2021-05-03,8
IEM_Health-CovidProject,GB,Deaths,0.0948489615450768,2021-05-03,8
IEM_Health-CovidProject,PL,Cases,0.0339964422178324,2021-05-03,8
ILM-EKF,CZ,Cases,0.310853110517094,2021-05-03,8
ILM-EKF,CZ,Deaths,0.122806577590473,2021-05-03,8
ILM-EKF,DE,Cases,0.123857335730755,2021-05-03,8
ILM-EKF,DE,Deaths,0.138579216478449,2021-05-03,8
ILM-EKF,FR,Cases,0.202600508033678,2021-05-03,8
ILM-EKF,FR,Deaths,0.156280064947407,2021-05-03,8
ILM-EKF,GB,Cases,0.161405982688186,2021-05-03,8
ILM-EKF,GB,Deaths,0.181529041149872,2021-05-03,8
ILM-EKF,PL,Cases,0.0900041216117203,2021-05-03,8
ILM-EKF,PL,Deaths,0.128722603940581,2021-05-03,8
ITWW-county_repro,DE,Deaths,0.111507190047488,2021-05-03,8
ITWW-county_repro,PL,Cases,0.0362219155970992,2021-05-03,8
Karlen-pypm,DE,Cases,0.152498862324722,2021-05-03,8
Karlen-pypm,DE,Deaths,0.168533427674564,2021-05-03,8
MIMUW-StochSEIR,PL,Deaths,0.0811266686922182,2021-05-03,8
MIT_CovidAnalytics-DELPHI,DE,Cases,0.0978876239315492,2021-05-03,8
MIT_CovidAnalytics-DELPHI,DE,Deaths,0.107033850089199,2021-05-03,8
MIT_CovidAnalytics-DELPHI,PL,Cases,0.0407867519825413,2021-05-03,8
MIT_CovidAnalytics-DELPHI,PL,Deaths,0.0947520534430096,2021-05-03,8
MOCOS-agent1,PL,Cases,0.290951021679476,2021-05-03,8
MOCOS-agent1,PL,Deaths,0.262424816641269,2021-05-03,8
MUNI_DMS-SEIAR,CZ,Cases,0.130460130648914,2021-05-03,8
MUNI_DMS-SEIAR,CZ,Deaths,0.0680596029045148,2021-05-03,8
RobertWalraven-ESG,CZ,Deaths,0.242534084243398,2021-05-03,8
RobertWalraven-ESG,FR,Deaths,0.417955575737188,2021-05-03,8
RobertWalraven-ESG,GB,Deaths,0.128888826569479,2021-05-03,8
RobertWalraven-ESG,PL,Deaths,0.0749658577643032,2021-05-03,8
UMass-MechBayes,CZ,Deaths,0.132036689367312,2021-05-03,8
UMass-MechBayes,FR,Deaths,0.108176396797621,2021-05-03,8
UMass-MechBayes,GB,Deaths,0.129916171023194,2021-05-03,8
UMass-MechBayes,PL,Deaths,0.117303019527753,2021-05-03,8
UMass-SemiMech,CZ,Cases,0.166834626623673,2021-05-03,8
UMass-SemiMech,CZ,Deaths,0.129766845451683,2021-05-03,8
UMass-SemiMech,DE,Cases,0.102012118194875,2021-05-03,8
UMass-SemiMech,DE,Deaths,0.116940675114678,2021-05-03,8
UMass-SemiMech,FR,Cases,0.165377474537401,2021-05-03,8
UMass-SemiMech,FR,Deaths,0.0803865409842523,2021-05-03,8
UMass-SemiMech,GB,Cases,0.152536780369625,2021-05-03,8
UMass-SemiMech,GB,Deaths,0.0972373267361501,2021-05-03,8
UMass-SemiMech,PL,Cases,0.0619772994951676,2021-05-03,8
UNIPV-BayesINGARCHX,FR,Cases,0.102541570824994,2021-05-03,8
epiforecasts-EpiExpert,DE,Cases,0.164029240575354,2021-05-03,8
epiforecasts-EpiExpert,DE,Deaths,0.116324425911777,2021-05-03,8
epiforecasts-EpiExpert,FR,Cases,0.186246038541748,2021-05-03,8
epiforecasts-EpiExpert,FR,Deaths,0.0785554955519675,2021-05-03,8
epiforecasts-EpiExpert,GB,Cases,0.172721938596453,2021-05-03,8
epiforecasts-EpiExpert,GB,Deaths,0.136771585316389,2021-05-03,8
epiforecasts-EpiExpert,PL,Cases,0.0855759775365472,2021-05-03,8
epiforecasts-EpiExpert,PL,Deaths,0.114869282894013,2021-05-03,8
epiforecasts-EpiNow2,CZ,Cases,0.271323041377178,2021-05-03,8
epiforecasts-EpiNow2,CZ,Deaths,0.214095647825258,2021-05-03,8
epiforecasts-EpiNow2,DE,Cases,0.142108622762259,2021-05-03,8
epiforecasts-EpiNow2,DE,Deaths,0.121529615718118,2021-05-03,8
epiforecasts-EpiNow2,FR,Cases,0.20425531511304,2021-05-03,8
epiforecasts-EpiNow2,FR,Deaths,0.0512591999136057,2021-05-03,8
epiforecasts-EpiNow2,GB,Cases,0.164146851425212,2021-05-03,8
epiforecasts-EpiNow2,GB,Deaths,0.23080808765984,2021-05-03,8
epiforecasts-EpiNow2,PL,Cases,0.360486469879616,2021-05-03,8
epiforecasts-EpiNow2,PL,Deaths,0.125835697096852,2021-05-03,8
itwm-dSEIR,DE,Deaths,0.119551598965727,2021-05-03,8
ICM-agentModel,PL,Cases,0.0765183206099092,2021-05-10,8
ICM-agentModel,PL,Deaths,0.0632960828598912,2021-05-10,8
IEM_Health-CovidProject,CZ,Cases,0.125186227298639,2021-05-10,8
IEM_Health-CovidProject,CZ,Deaths,0.10677159153807,2021-05-10,8
IEM_Health-CovidProject,DE,Cases,0.0961359165134427,2021-05-10,8
IEM_Health-CovidProject,FR,Cases,0.188025830466241,2021-05-10,8
IEM_Health-CovidProject,FR,Deaths,0.112307471019051,2021-05-10,8
IEM_Health-CovidProject,GB,Cases,0.38506078494057,2021-05-10,8
IEM_Health-CovidProject,GB,Deaths,0.0997591852010245,2021-05-10,8
ILM-EKF,CZ,Cases,0.225941028674141,2021-05-10,8
ILM-EKF,CZ,Deaths,0.115421660035587,2021-05-10,8
ILM-EKF,DE,Deaths,0.100093000236442,2021-05-10,8
ILM-EKF,FR,Cases,0.200796286814997,2021-05-10,8
ILM-EKF,FR,Deaths,0.156361911079904,2021-05-10,8
ILM-EKF,GB,Cases,0.0972004223391867,2021-05-10,8
ILM-EKF,GB,Deaths,0.134355741347849,2021-05-10,8
ILM-EKF,PL,Cases,0.160777081627118,2021-05-10,8
ILM-EKF,PL,Deaths,0.155035540547948,2021-05-10,8
ITWW-county_repro,DE,Deaths,0.111323100338466,2021-05-10,8
Karlen-pypm,DE,Cases,0.121714474956455,2021-05-10,8
Karlen-pypm,DE,Deaths,0.120655290907518,2021-05-10,8
MIT_CovidAnalytics-DELPHI,DE,Cases,0.0922635463985964,2021-05-10,8
MIT_CovidAnalytics-DELPHI,PL,Cases,0.0779745761452229,2021-05-10,8
MIT_CovidAnalytics-DELPHI,PL,Deaths,0.0780999832523498,2021-05-10,8
MOCOS-agent1,PL,Cases,0.169304793764622,2021-05-10,8
MOCOS-agent1,PL,Deaths,0.264264417149527,2021-05-10,8
MUNI_DMS-SEIAR,CZ,Cases,0.1740627579371,2021-05-10,8
MUNI_DMS-SEIAR,CZ,Deaths,0.0982677654327062,2021-05-10,8
RobertWalraven-ESG,CZ,Deaths,0.17875883547038,2021-05-10,8
RobertWalraven-ESG,DE,Deaths,0.138712593422611,2021-05-10,8
RobertWalraven-ESG,FR,Deaths,0.371636634312142,2021-05-10,8
RobertWalraven-ESG,GB,Deaths,0.0981847430704838,2021-05-10,8
UMass-MechBayes,CZ,Deaths,0.158085703272093,2021-05-10,8
UMass-MechBayes,DE,Deaths,0.11780542671979,2021-05-10,8
UMass-MechBayes,FR,Deaths,0.121158825249834,2021-05-10,8
UMass-MechBayes,GB,Deaths,0.0951196714898671,2021-05-10,8
UMass-MechBayes,PL,Deaths,0.13581915775705,2021-05-10,8
UMass-SemiMech,CZ,Cases,0.0734894465946906,2021-05-10,8
UMass-SemiMech,DE,Cases,0.123906543870481,2021-05-10,8
UMass-SemiMech,DE,Deaths,0.133056152232237,2021-05-10,8
UMass-SemiMech,FR,Cases,0.161199772218926,2021-05-10,8
UMass-SemiMech,FR,Deaths,0.0744792604400548,2021-05-10,8
UMass-SemiMech,GB,Cases,0.0710810545829803,2021-05-10,8
UMass-SemiMech,GB,Deaths,0.0868673787652422,2021-05-10,8
UMass-SemiMech,PL,Cases,0.0754041862135357,2021-05-10,8
UMass-SemiMech,PL,Deaths,0.12117061257129,2021-05-10,8
UNIPV-BayesINGARCHX,DE,Cases,0.167505668927659,2021-05-10,8
UNIPV-BayesINGARCHX,FR,Cases,0.0923866094977358,2021-05-10,8
epiforecasts-EpiExpert,CZ,Cases,0.0962962193067373,2021-05-10,8
epiforecasts-EpiExpert,CZ,Deaths,0.0513021900654583,2021-05-10,8
epiforecasts-EpiExpert,DE,Cases,0.197746689283118,2021-05-10,8
epiforecasts-EpiExpert,DE,Deaths,0.143606252585531,2021-05-10,8
epiforecasts-EpiExpert,FR,Cases,0.173021293971651,2021-05-10,8
epiforecasts-EpiExpert,FR,Deaths,0.0964631644718056,2021-05-10,8
epiforecasts-EpiExpert,GB,Cases,0.20461925583789,2021-05-10,8
epiforecasts-EpiExpert,GB,Deaths,0.23021893783397,2021-05-10,8
epiforecasts-EpiExpert,PL,Cases,0.105427918110761,2021-05-10,8
epiforecasts-EpiExpert_Rt,CZ,Cases,0.0916143266108337,2021-05-10,8
epiforecasts-EpiExpert_Rt,CZ,Deaths,0.0767471089602818,2021-05-10,8
epiforecasts-EpiExpert_Rt,DE,Cases,0.076207614632337,2021-05-10,8
epiforecasts-EpiExpert_Rt,GB,Cases,0.0908645599651862,2021-05-10,8
epiforecasts-EpiExpert_Rt,GB,Deaths,0.0909100445671612,2021-05-10,8
epiforecasts-EpiExpert_Rt,PL,Cases,0.0661248315902716,2021-05-10,8
epiforecasts-EpiExpert_Rt,PL,Deaths,0.0675185150230777,2021-05-10,8
epiforecasts-EpiNow2,CZ,Cases,0.213409993577859,2021-05-10,8
epiforecasts-EpiNow2,CZ,Deaths,0.214645145225424,2021-05-10,8
epiforecasts-EpiNow2,FR,Cases,0.184570207030449,2021-05-10,8
epiforecasts-EpiNow2,FR,Deaths,0.0675927334272086,2021-05-10,8
epiforecasts-EpiNow2,GB,Cases,0.151173922334187,2021-05-10,8
epiforecasts-EpiNow2,GB,Deaths,0.164584297724402,2021-05-10,8
epiforecasts-EpiNow2,PL,Cases,0.268468291938559,2021-05-10,8
epiforecasts-EpiNow2,PL,Deaths,0.114795690838866,2021-05-10,8
itwm-dSEIR,DE,Cases,0.124519545417911,2021-05-10,8
itwm-dSEIR,DE,Deaths,0.134748183557407,2021-05-10,8
HZI-AgeExtendedSEIR,DE,Deaths,0.101681530564562,2021-05-17,8
ICM-agentModel,PL,Cases,0.0691276043277714,2021-05-17,8
ICM-agentModel,PL,Deaths,0.0721980423035708,2021-05-17,8
IEM_Health-CovidProject,CZ,Cases,0.103860763885835,2021-05-17,8
IEM_Health-CovidProject,CZ,Deaths,0.135208308704934,2021-05-17,8
IEM_Health-CovidProject,DE,Cases,0.0824829388549375,2021-05-17,8
IEM_Health-CovidProject,FR,Cases,0.256850931394951,2021-05-17,8
IEM_Health-CovidProject,FR,Deaths,0.132859968813705,2021-05-17,8
IEM_Health-CovidProject,GB,Cases,0.421622515878432,2021-05-17,8
IEM_Health-CovidProject,GB,Deaths,0.090543754733252,2021-05-17,8
ILM-EKF,CZ,Cases,0.299937327515493,2021-05-17,8
ILM-EKF,CZ,Deaths,0.142230972262547,2021-05-17,8
ILM-EKF,FR,Cases,0.223799474317148,2021-05-17,8
ILM-EKF,FR,Deaths,0.130618652753618,2021-05-17,8
ILM-EKF,GB,Cases,0.149219977179063,2021-05-17,8
ILM-EKF,GB,Deaths,0.124725424017947,2021-05-17,8
ILM-EKF,PL,Cases,0.148409907555413,2021-05-17,8
ILM-EKF,PL,Deaths,0.137135898752646,2021-05-17,8
ITWW-county_repro,PL,Cases,0.057066764478339,2021-05-17,8
ITWW-county_repro,PL,Deaths,0.0631451713165213,2021-05-17,8
Karlen-pypm,DE,Cases,0.0812011607893509,2021-05-17,8
MIT_CovidAnalytics-DELPHI,DE,Cases,0.170812585448556,2021-05-17,8
MIT_CovidAnalytics-DELPHI,DE,Deaths,0.143117365053095,2021-05-17,8
MIT_CovidAnalytics-DELPHI,PL,Cases,0.0810017749609122,2021-05-17,8
MIT_CovidAnalytics-DELPHI,PL,Deaths,0.0612619829721991,2021-05-17,8
MOCOS-agent1,PL,Cases,0.191390437101318,2021-05-17,8
MOCOS-agent1,PL,Deaths,0.246891881795486,2021-05-17,8
MUNI_DMS-SEIAR,CZ,Cases,0.23824211325425,2021-05-17,8
MUNI_DMS-SEIAR,CZ,Deaths,0.093869612876561,2021-05-17,8
PL_GRedlarski-DistrictsSum,PL,Cases,0.0614843251896335,2021-05-17,8
RobertWalraven-ESG,CZ,Deaths,0.165171596382363,2021-05-17,8
RobertWalraven-ESG,DE,Deaths,0.152183513009162,2021-05-17,8
RobertWalraven-ESG,FR,Deaths,0.330821558714772,2021-05-17,8
RobertWalraven-ESG,GB,Deaths,0.0721893142462265,2021-05-17,8
UMass-MechBayes,CZ,Deaths,0.162420152072079,2021-05-17,8
UMass-MechBayes,DE,Deaths,0.127142179454069,2021-05-17,8
UMass-MechBayes,FR,Deaths,0.251267835816867,2021-05-17,8
UMass-MechBayes,GB,Deaths,0.183641240010513,2021-05-17,8
UMass-MechBayes,PL,Deaths,0.17359433180052,2021-05-17,8
UMass-SemiMech,CZ,Cases,0.0774293865829242,2021-05-17,8
UMass-SemiMech,CZ,Deaths,0.0478597026148662,2021-05-17,8
UMass-SemiMech,DE,Cases,0.150450134098485,2021-05-17,8
UMass-SemiMech,DE,Deaths,0.13571056498094,2021-05-17,8
UMass-SemiMech,FR,Cases,0.245272719468404,2021-05-17,8
UMass-SemiMech,FR,Deaths,0.083902565220339,2021-05-17,8
UMass-SemiMech,GB,Cases,0.064280944770668,2021-05-17,8
UMass-SemiMech,GB,Deaths,0.0650893829058559,2021-05-17,8
UMass-SemiMech,PL,Cases,0.110570514128301,2021-05-17,8
UMass-SemiMech,PL,Deaths,0.15027420936288,2021-05-17,8
UNIPV-BayesINGARCHX,DE,Cases,0.210022128517022,2021-05-17,8
UNIPV-BayesINGARCHX,FR,Cases,0.0973484749958544,2021-05-17,8
epiforecasts-EpiExpert,DE,Cases,0.144843837350774,2021-05-17,8
epiforecasts-EpiExpert,DE,Deaths,0.106283223296098,2021-05-17,8
epiforecasts-EpiExpert,GB,Cases,0.135393699378617,2021-05-17,8
epiforecasts-EpiExpert,GB,Deaths,0.208058101449025,2021-05-17,8
epiforecasts-EpiExpert_direct,DE,Cases,0.0749849829525744,2021-05-17,8
epiforecasts-EpiExpert_direct,DE,Deaths,0.102793196724261,2021-05-17,8
epiforecasts-EpiExpert_direct,GB,Cases,0.0720871777940052,2021-05-17,8
epiforecasts-EpiExpert_direct,GB,Deaths,0.0558627683180197,2021-05-17,8
epiforecasts-EpiNow2,CZ,Cases,0.280530408761499,2021-05-17,8
epiforecasts-EpiNow2,CZ,Deaths,0.25323965508665,2021-05-17,8
epiforecasts-EpiNow2,FR,Cases,0.176728399823642,2021-05-17,8
epiforecasts-EpiNow2,FR,Deaths,0.0705294186806985,2021-05-17,8
epiforecasts-EpiNow2,GB,Cases,0.157395684999215,2021-05-17,8
epiforecasts-EpiNow2,GB,Deaths,0.199890014319161,2021-05-17,8
epiforecasts-EpiNow2,PL,Cases,0.280948672258311,2021-05-17,8
epiforecasts-EpiNow2,PL,Deaths,0.095498481696177,2021-05-17,8
itwm-dSEIR,DE,Cases,0.0852022319883007,2021-05-17,8
itwm-dSEIR,DE,Deaths,0.131088426917812,2021-05-17,8
HZI-AgeExtendedSEIR,DE,Deaths,0.131378476885511,2021-05-24,8
IEM_Health-CovidProject,CZ,Cases,0.110686100101619,2021-05-24,8
IEM_Health-CovidProject,CZ,Deaths,0.0969973982423398,2021-05-24,8
IEM_Health-CovidProject,FR,Cases,0.137365682030713,2021-05-24,8
IEM_Health-CovidProject,FR,Deaths,0.0934114872415449,2021-05-24,8
IEM_Health-CovidProject,GB,Cases,0.269859831309715,2021-05-24,8
IEM_Health-CovidProject,GB,Deaths,0.0817463064707922,2021-05-24,8
ILM-EKF,CZ,Cases,0.290741123233227,2021-05-24,8
ILM-EKF,CZ,Deaths,0.140366209549917,2021-05-24,8
ILM-EKF,DE,Cases,0.0967088451575197,2021-05-24,8
ILM-EKF,FR,Cases,0.175360866586846,2021-05-24,8
ILM-EKF,FR,Deaths,0.182365061592793,2021-05-24,8
ILM-EKF,GB,Cases,0.0908024526868365,2021-05-24,8
ILM-EKF,GB,Deaths,0.0803898457729292,2021-05-24,8
ILM-EKF,PL,Cases,0.210607275392093,2021-05-24,8
ILM-EKF,PL,Deaths,0.132119653029226,2021-05-24,8
ITWW-county_repro,PL,Cases,0.0921697650632121,2021-05-24,8
MIT_CovidAnalytics-DELPHI,DE,Cases,0.214311967787251,2021-05-24,8
MIT_CovidAnalytics-DELPHI,DE,Deaths,0.109583315225508,2021-05-24,8
MIT_CovidAnalytics-DELPHI,PL,Cases,0.0411738875583151,2021-05-24,8
MIT_CovidAnalytics-DELPHI,PL,Deaths,0.0740110989358311,2021-05-24,8
MOCOS-agent1,PL,Cases,0.154548964096307,2021-05-24,8
MOCOS-agent1,PL,Deaths,0.20992270014791,2021-05-24,8
MUNI_DMS-SEIAR,CZ,Cases,0.236878681651874,2021-05-24,8
MUNI_DMS-SEIAR,CZ,Deaths,0.0975394131712961,2021-05-24,8
PL_GRedlarski-DistrictsSum,PL,Cases,0.189951252047299,2021-05-24,8
RobertWalraven-ESG,CZ,Deaths,0.208295292814711,2021-05-24,8
RobertWalraven-ESG,DE,Deaths,0.124229589561732,2021-05-24,8
RobertWalraven-ESG,FR,Deaths,0.191121614785958,2021-05-24,8
RobertWalraven-ESG,GB,Deaths,0.0578711242264392,2021-05-24,8
UMass-MechBayes,CZ,Deaths,0.217956792589669,2021-05-24,8
UMass-MechBayes,DE,Deaths,0.107142947790809,2021-05-24,8
UMass-MechBayes,FR,Deaths,0.221233339302881,2021-05-24,8
UMass-MechBayes,GB,Deaths,0.183251710336598,2021-05-24,8
UMass-MechBayes,PL,Deaths,0.202622439186569,2021-05-24,8
UMass-SemiMech,CZ,Cases,0.0673543721335987,2021-05-24,8
UMass-SemiMech,CZ,Deaths,0.0499980282718059,2021-05-24,8
UMass-SemiMech,DE,Cases,0.10845251886109,2021-05-24,8
UMass-SemiMech,FR,Cases,0.145309509524226,2021-05-24,8
UMass-SemiMech,FR,Deaths,0.0530920874567928,2021-05-24,8
UMass-SemiMech,GB,Cases,0.0382371034825785,2021-05-24,8
UMass-SemiMech,PL,Deaths,0.130080794350266,2021-05-24,8
UNIPV-BayesINGARCHX,DE,Cases,0.114044550373832,2021-05-24,8
UNIPV-BayesINGARCHX,FR,Cases,0.10428201737968,2021-05-24,8
epiforecasts-EpiExpert,DE,Cases,0.135913949230684,2021-05-24,8
epiforecasts-EpiExpert,DE,Deaths,0.148080191386206,2021-05-24,8
epiforecasts-EpiExpert,FR,Cases,0.151982611669733,2021-05-24,8
epiforecasts-EpiExpert,FR,Deaths,0.0782559855907102,2021-05-24,8
epiforecasts-EpiExpert,GB,Cases,0.162335624779929,2021-05-24,8
epiforecasts-EpiExpert,GB,Deaths,0.185993356695064,2021-05-24,8
epiforecasts-EpiExpert,PL,Cases,0.0869203730250305,2021-05-24,8
epiforecasts-EpiExpert,PL,Deaths,0.0942496608976007,2021-05-24,8
epiforecasts-EpiExpert_Rt,DE,Cases,0.136826255597996,2021-05-24,8
epiforecasts-EpiExpert_Rt,DE,Deaths,0.100677939188665,2021-05-24,8
epiforecasts-EpiExpert_Rt,GB,Cases,0.114514615471362,2021-05-24,8
epiforecasts-EpiExpert_Rt,GB,Deaths,0.121381678550685,2021-05-24,8
epiforecasts-EpiExpert_Rt,PL,Cases,0.0690115053668565,2021-05-24,8
epiforecasts-EpiExpert_Rt,PL,Deaths,0.0848287721183199,2021-05-24,8
epiforecasts-EpiExpert_direct,DE,Cases,0.0872559923242774,2021-05-24,8
epiforecasts-EpiExpert_direct,DE,Deaths,0.143933674058986,2021-05-24,8
epiforecasts-EpiExpert_direct,FR,Cases,0.151982611669733,2021-05-24,8
epiforecasts-EpiExpert_direct,FR,Deaths,0.0782559855907102,2021-05-24,8
epiforecasts-EpiExpert_direct,GB,Cases,0.147549787992765,2021-05-24,8
epiforecasts-EpiExpert_direct,GB,Deaths,0.119821908625686,2021-05-24,8
epiforecasts-EpiNow2,CZ,Cases,0.294339722879682,2021-05-24,8
epiforecasts-EpiNow2,CZ,Deaths,0.188846865360261,2021-05-24,8
epiforecasts-EpiNow2,FR,Cases,0.133716701139069,2021-05-24,8
epiforecasts-EpiNow2,FR,Deaths,0.10226443843861,2021-05-24,8
epiforecasts-EpiNow2,GB,Cases,0.176700584276813,2021-05-24,8
epiforecasts-EpiNow2,GB,Deaths,0.169544069321807,2021-05-24,8
epiforecasts-EpiNow2,PL,Cases,0.155616977450888,2021-05-24,8
epiforecasts-EpiNow2,PL,Deaths,0.0721648813342773,2021-05-24,8
itwm-dSEIR,DE,Cases,0.10648592066735,2021-05-24,8
itwm-dSEIR,DE,Deaths,0.134973865902582,2021-05-24,8
FIAS_FZJ-Epi1Ger,DE,Cases,0.122311401070317,2021-05-31,8
HZI-AgeExtendedSEIR,DE,Deaths,0.146338613583649,2021-05-31,8
IEM_Health-CovidProject,CZ,Cases,0.0983269680874384,2021-05-31,8
IEM_Health-CovidProject,CZ,Deaths,0.100878965728177,2021-05-31,8
IEM_Health-CovidProject,FR,Cases,0.174932915723186,2021-05-31,8
IEM_Health-CovidProject,FR,Deaths,0.111930232370809,2021-05-31,8
IEM_Health-CovidProject,GB,Cases,0.204924336146089,2021-05-31,8
IEM_Health-CovidProject,GB,Deaths,0.125196773332232,2021-05-31,8
ILM-EKF,CZ,Cases,0.271614502246768,2021-05-31,8
ILM-EKF,CZ,Deaths,0.166987667233807,2021-05-31,8
ILM-EKF,DE,Cases,0.137952350921301,2021-05-31,8
ILM-EKF,FR,Cases,0.221126278113411,2021-05-31,8
ILM-EKF,FR,Deaths,0.24723981594242,2021-05-31,8
ILM-EKF,GB,Cases,0.137157745084934,2021-05-31,8
ILM-EKF,GB,Deaths,0.105904578198987,2021-05-31,8
ILM-EKF,PL,Cases,0.21109185999925,2021-05-31,8
ILM-EKF,PL,Deaths,0.13492679859832,2021-05-31,8
ITWW-county_repro,DE,Deaths,0.111817632686354,2021-05-31,8
ITWW-county_repro,PL,Cases,0.0916403471619843,2021-05-31,8
MIMUW-StochSEIR,PL,Deaths,0.113059016721912,2021-05-31,8
MIT_CovidAnalytics-DELPHI,DE,Cases,0.183071169008197,2021-05-31,8
MIT_CovidAnalytics-DELPHI,DE,Deaths,0.119123286432896,2021-05-31,8
MIT_CovidAnalytics-DELPHI,PL,Cases,0.0807529894533909,2021-05-31,8
MOCOS-agent1,PL,Cases,0.18727393166411,2021-05-31,8
MOCOS-agent1,PL,Deaths,0.176205387377887,2021-05-31,8
MUNI-ARIMA,CZ,Cases,0.074168008881516,2021-05-31,8
MUNI-ARIMA,CZ,Deaths,0.0529549540218117,2021-05-31,8
MUNI-ARIMA,DE,Cases,0.0839638610659439,2021-05-31,8
MUNI-ARIMA,FR,Cases,0.107393308479239,2021-05-31,8
MUNI-ARIMA,FR,Deaths,0.0590539771882343,2021-05-31,8
MUNI-ARIMA,GB,Cases,0.0511797308682915,2021-05-31,8
MUNI-ARIMA,PL,Cases,0.0677793870028947,2021-05-31,8
MUNI_DMS-SEIAR,CZ,Cases,0.214362082166947,2021-05-31,8
MUNI_DMS-SEIAR,CZ,Deaths,0.0975774854834969,2021-05-31,8
PL_GRedlarski-DistrictsSum,PL,Cases,0.10480685422339,2021-05-31,8
RobertWalraven-ESG,CZ,Deaths,0.262099128966163,2021-05-31,8
RobertWalraven-ESG,DE,Deaths,0.124525565578176,2021-05-31,8
RobertWalraven-ESG,FR,Deaths,0.21602704884367,2021-05-31,8
RobertWalraven-ESG,GB,Deaths,0.0604407859351708,2021-05-31,8
UMass-MechBayes,CZ,Deaths,0.26457036725784,2021-05-31,8
UMass-MechBayes,FR,Deaths,0.310344204255304,2021-05-31,8
UMass-MechBayes,GB,Deaths,0.18167307179555,2021-05-31,8
UMass-MechBayes,PL,Deaths,0.202357492682264,2021-05-31,8
UMass-SemiMech,CZ,Cases,0.0657824543144381,2021-05-31,8
UMass-SemiMech,CZ,Deaths,0.0549314313087032,2021-05-31,8
UMass-SemiMech,DE,Cases,0.0784096069753829,2021-05-31,8
UMass-SemiMech,FR,Cases,0.177552113384445,2021-05-31,8
UMass-SemiMech,FR,Deaths,0.0554047213995627,2021-05-31,8
UMass-SemiMech,GB,Cases,0.0494381890466242,2021-05-31,8
UMass-SemiMech,PL,Deaths,0.114267099351881,2021-05-31,8
UNIPV-BayesINGARCHX,FR,Cases,0.142950856450634,2021-05-31,8
epiforecasts-EpiExpert,DE,Cases,0.0825300362109122,2021-05-31,8
epiforecasts-EpiExpert,DE,Deaths,0.133046991262023,2021-05-31,8
epiforecasts-EpiExpert,GB,Cases,0.168244113115822,2021-05-31,8
epiforecasts-EpiExpert,GB,Deaths,0.157541574154215,2021-05-31,8
epiforecasts-EpiExpert,PL,Cases,0.0615464866491833,2021-05-31,8
epiforecasts-EpiExpert,PL,Deaths,0.0942775421304188,2021-05-31,8
epiforecasts-EpiExpert_Rt,DE,Cases,0.147190085564644,2021-05-31,8
epiforecasts-EpiExpert_Rt,DE,Deaths,0.0833020239253668,2021-05-31,8
epiforecasts-EpiExpert_Rt,GB,Cases,0.0802684742500186,2021-05-31,8
epiforecasts-EpiExpert_Rt,GB,Deaths,0.113476418170815,2021-05-31,8
epiforecasts-EpiExpert_Rt,PL,Deaths,0.0758770923452287,2021-05-31,8
epiforecasts-EpiExpert_direct,DE,Deaths,0.118759743532246,2021-05-31,8
epiforecasts-EpiExpert_direct,GB,Cases,0.169155826409153,2021-05-31,8
epiforecasts-EpiExpert_direct,GB,Deaths,0.0798764695019262,2021-05-31,8
epiforecasts-EpiNow2,CZ,Cases,0.275745984302893,2021-05-31,8
epiforecasts-EpiNow2,FR,Cases,0.176044527849085,2021-05-31,8
epiforecasts-EpiNow2,GB,Cases,0.139631585079069,2021-05-31,8
epiforecasts-EpiNow2,GB,Deaths,0.175890328911105,2021-05-31,8
epiforecasts-EpiNow2,PL,Cases,0.195108143845797,2021-05-31,8
epiforecasts-EpiNow2,PL,Deaths,0.0890295707920878,2021-05-31,8
itwm-dSEIR,DE,Cases,0.164571489183303,2021-05-31,8
itwm-dSEIR,DE,Deaths,0.163086142999289,2021-05-31,8
HZI-AgeExtendedSEIR,DE,Deaths,0.160740720226765,2021-06-07,8
IEM_Health-CovidProject,CZ,Cases,0.0630547743116899,2021-06-07,8
IEM_Health-CovidProject,CZ,Deaths,0.0640585408941776,2021-06-07,8
IEM_Health-CovidProject,FR,Cases,0.140317157190407,2021-06-07,8
IEM_Health-CovidProject,FR,Deaths,0.105756398215048,2021-06-07,8
IEM_Health-CovidProject,GB,Cases,0.139982133747493,2021-06-07,8
IEM_Health-CovidProject,GB,Deaths,0.131146653653877,2021-06-07,8
ILM-EKF,CZ,Cases,0.207204666019398,2021-06-07,8
ILM-EKF,CZ,Deaths,0.12087733323211,2021-06-07,8
ILM-EKF,DE,Cases,0.144265146648952,2021-06-07,8
ILM-EKF,DE,Deaths,0.101843614274101,2021-06-07,8
ILM-EKF,FR,Cases,0.160463031198676,2021-06-07,8
ILM-EKF,FR,Deaths,0.199488792668416,2021-06-07,8
ILM-EKF,GB,Cases,0.118250554134811,2021-06-07,8
ILM-EKF,GB,Deaths,0.101845473130203,2021-06-07,8
ILM-EKF,PL,Cases,0.194664175249821,2021-06-07,8
ILM-EKF,PL,Deaths,0.157780068894946,2021-06-07,8
ITWW-county_repro,DE,Deaths,0.106159758226626,2021-06-07,8
ITWW-county_repro,PL,Deaths,0.099861114957807,2021-06-07,8
Karlen-pypm,DE,Cases,0.0971834400698863,2021-06-07,8
Karlen-pypm,DE,Deaths,0.126616637087536,2021-06-07,8
MIMUW-StochSEIR,PL,Deaths,0.111969001698992,2021-06-07,8
MIT_CovidAnalytics-DELPHI,DE,Cases,0.183120274487867,2021-06-07,8
MIT_CovidAnalytics-DELPHI,DE,Deaths,0.119774927061825,2021-06-07,8
MOCOS-agent1,PL,Cases,0.169508448708836,2021-06-07,8
MOCOS-agent1,PL,Deaths,0.175459414205883,2021-06-07,8
MUNI-ARIMA,CZ,Cases,0.124475724149296,2021-06-07,8
MUNI-ARIMA,CZ,Deaths,0.100132275703556,2021-06-07,8
MUNI-ARIMA,DE,Cases,0.101575711097936,2021-06-07,8
MUNI-ARIMA,FR,Cases,0.15241323876368,2021-06-07,8
MUNI-ARIMA,FR,Deaths,0.208541751767667,2021-06-07,8
MUNI-ARIMA,GB,Cases,0.168796723098592,2021-06-07,8
MUNI-ARIMA,PL,Cases,0.128753339236904,2021-06-07,8
MUNI_DMS-SEIAR,CZ,Cases,0.222553101464152,2021-06-07,8
MUNI_DMS-SEIAR,CZ,Deaths,0.145066279145455,2021-06-07,8
RobertWalraven-ESG,CZ,Cases,0.081823131645265,2021-06-07,8
RobertWalraven-ESG,CZ,Deaths,0.196162296263508,2021-06-07,8
RobertWalraven-ESG,DE,Cases,0.0871517244060642,2021-06-07,8
RobertWalraven-ESG,FR,Cases,0.102439967166052,2021-06-07,8
RobertWalraven-ESG,FR,Deaths,0.155275458240804,2021-06-07,8
RobertWalraven-ESG,PL,Cases,0.0833773421415839,2021-06-07,8
RobertWalraven-ESG,PL,Deaths,0.111974121063834,2021-06-07,8
UMass-MechBayes,CZ,Deaths,0.177210963233368,2021-06-07,8
UMass-MechBayes,FR,Deaths,0.215798185641837,2021-06-07,8
UMass-MechBayes,GB,Deaths,0.159848297671497,2021-06-07,8
UMass-MechBayes,PL,Deaths,0.143483824920603,2021-06-07,8
UMass-SemiMech,CZ,Cases,0.0714377686803258,2021-06-07,8
UMass-SemiMech,CZ,Deaths,0.0867773133452287,2021-06-07,8
UMass-SemiMech,FR,Cases,0.137741968187655,2021-06-07,8
UMass-SemiMech,FR,Deaths,0.115139413466228,2021-06-07,8
UMass-SemiMech,GB,Cases,0.118946393898722,2021-06-07,8
UMass-SemiMech,GB,Deaths,0.158075987819199,2021-06-07,8
UNIPV-BayesINGARCHX,FR,Cases,0.157872811439999,2021-06-07,8
epiforecasts-EpiExpert,DE,Cases,0.0900330740865425,2021-06-07,8
epiforecasts-EpiExpert,DE,Deaths,0.115558218532705,2021-06-07,8
epiforecasts-EpiExpert,GB,Cases,0.124239052848624,2021-06-07,8
epiforecasts-EpiExpert,GB,Deaths,0.119618216363446,2021-06-07,8
epiforecasts-EpiExpert,PL,Cases,0.0801772152156881,2021-06-07,8
epiforecasts-EpiExpert_Rt,DE,Cases,0.0926927952821857,2021-06-07,8
epiforecasts-EpiExpert_Rt,DE,Deaths,0.100625884217697,2021-06-07,8
epiforecasts-EpiExpert_Rt,GB,Cases,0.086368506028903,2021-06-07,8
epiforecasts-EpiExpert_Rt,GB,Deaths,0.0886548565931941,2021-06-07,8
epiforecasts-EpiExpert_Rt,PL,Cases,0.0841282825957928,2021-06-07,8
epiforecasts-EpiExpert_Rt,PL,Deaths,0.075611239904658,2021-06-07,8
epiforecasts-EpiExpert_direct,GB,Cases,0.121223687564503,2021-06-07,8
epiforecasts-EpiExpert_direct,GB,Deaths,0.0782798463268013,2021-06-07,8
epiforecasts-EpiExpert_direct,PL,Cases,0.0868012526382661,2021-06-07,8
epiforecasts-EpiNow2,CZ,Cases,0.229450833729872,2021-06-07,8
epiforecasts-EpiNow2,CZ,Deaths,0.109714998182597,2021-06-07,8
epiforecasts-EpiNow2,FR,Cases,0.148751826053531,2021-06-07,8
epiforecasts-EpiNow2,GB,Cases,0.122192948678352,2021-06-07,8
epiforecasts-EpiNow2,GB,Deaths,0.162530668441783,2021-06-07,8
epiforecasts-EpiNow2,PL,Cases,0.172589944213107,2021-06-07,8
epiforecasts-EpiNow2,PL,Deaths,0.123861214353277,2021-06-07,8
itwm-dSEIR,DE,Cases,0.203977833920567,2021-06-07,8
itwm-dSEIR,DE,Deaths,0.168680240372746,2021-06-07,8
FIAS_FZJ-Epi1Ger,DE,Cases,0.115746771650696,2021-06-14,8
HZI-AgeExtendedSEIR,DE,Cases,0.099861047899881,2021-06-14,8
HZI-AgeExtendedSEIR,DE,Deaths,0.127045096045759,2021-06-14,8
IEM_Health-CovidProject,CZ,Cases,0.0512722715948161,2021-06-14,8
IEM_Health-CovidProject,CZ,Deaths,0.0696788181828206,2021-06-14,8
IEM_Health-CovidProject,FR,Cases,0.132320826724569,2021-06-14,8
IEM_Health-CovidProject,FR,Deaths,0.143011622956379,2021-06-14,8
IEM_Health-CovidProject,GB,Cases,0.127402482083072,2021-06-14,8
IEM_Health-CovidProject,GB,Deaths,0.11822237019734,2021-06-14,8
ILM-EKF,CZ,Cases,0.20022167091875,2021-06-14,8
ILM-EKF,CZ,Deaths,0.126791850644182,2021-06-14,8
ILM-EKF,DE,Cases,0.113315858407091,2021-06-14,8
ILM-EKF,DE,Deaths,0.115862990309684,2021-06-14,8
ILM-EKF,FR,Cases,0.140240600300512,2021-06-14,8
ILM-EKF,FR,Deaths,0.201692497184407,2021-06-14,8
ILM-EKF,GB,Cases,0.122336549934071,2021-06-14,8
ILM-EKF,GB,Deaths,0.101195985673871,2021-06-14,8
ILM-EKF,PL,Cases,0.155519633481471,2021-06-14,8
ILM-EKF,PL,Deaths,0.17680372061416,2021-06-14,8
ITWW-county_repro,PL,Cases,0.0616522065881737,2021-06-14,8
ITWW-county_repro,PL,Deaths,0.127957357084433,2021-06-14,8
Karlen-pypm,DE,Cases,0.0992204094438572,2021-06-14,8
Karlen-pypm,DE,Deaths,0.152976166352241,2021-06-14,8
MIT_CovidAnalytics-DELPHI,DE,Cases,0.11469934076278,2021-06-14,8
MIT_CovidAnalytics-DELPHI,DE,Deaths,0.0990383294287304,2021-06-14,8
MIT_CovidAnalytics-DELPHI,PL,Cases,0.0539914345211464,2021-06-14,8
MOCOS-agent1,PL,Cases,0.160472727172432,2021-06-14,8
MOCOS-agent1,PL,Deaths,0.158752732517333,2021-06-14,8
MUNI-ARIMA,CZ,Cases,0.0753441546882425,2021-06-14,8
MUNI-ARIMA,CZ,Deaths,0.139300069360961,2021-06-14,8
MUNI-ARIMA,FR,Cases,0.12424744364652,2021-06-14,8
MUNI-ARIMA,FR,Deaths,0.148335436541094,2021-06-14,8
MUNI-ARIMA,GB,Cases,0.183446504310539,2021-06-14,8
MUNI-ARIMA,PL,Cases,0.163974076471802,2021-06-14,8
MUNI-ARIMA,PL,Deaths,0.107394970725474,2021-06-14,8
MUNI_DMS-SEIAR,CZ,Cases,0.286433833648978,2021-06-14,8
MUNI_DMS-SEIAR,CZ,Deaths,0.167530543053782,2021-06-14,8
RobertWalraven-ESG,CZ,Cases,0.12463577469432,2021-06-14,8
RobertWalraven-ESG,CZ,Deaths,0.137543632045112,2021-06-14,8
RobertWalraven-ESG,DE,Cases,0.156671781594283,2021-06-14,8
RobertWalraven-ESG,FR,Cases,0.147189930195895,2021-06-14,8
RobertWalraven-ESG,FR,Deaths,0.177484409326713,2021-06-14,8
RobertWalraven-ESG,PL,Cases,0.0948531129708164,2021-06-14,8
RobertWalraven-ESG,PL,Deaths,0.10175184033106,2021-06-14,8
UMass-MechBayes,CZ,Deaths,0.15985787116084,2021-06-14,8
UMass-MechBayes,DE,Deaths,0.0993416666065686,2021-06-14,8
UMass-MechBayes,FR,Deaths,0.20489396235494,2021-06-14,8
UMass-MechBayes,GB,Deaths,0.160980115818569,2021-06-14,8
UMass-MechBayes,PL,Deaths,0.132666426726416,2021-06-14,8
UMass-SemiMech,CZ,Cases,0.0777206052504634,2021-06-14,8
UMass-SemiMech,CZ,Deaths,0.114963224164696,2021-06-14,8
UMass-SemiMech,FR,Cases,0.133525917738837,2021-06-14,8
UMass-SemiMech,FR,Deaths,0.124582071636467,2021-06-14,8
UMass-SemiMech,GB,Cases,0.101151072048994,2021-06-14,8
UMass-SemiMech,GB,Deaths,0.164478986000265,2021-06-14,8
UNIPV-BayesINGARCHX,DE,Cases,0.131295744729414,2021-06-14,8
UNIPV-BayesINGARCHX,FR,Cases,0.170338023513466,2021-06-14,8
epiforecasts-EpiExpert,DE,Deaths,0.164917308474165,2021-06-14,8
epiforecasts-EpiExpert,GB,Cases,0.127807892401016,2021-06-14,8
epiforecasts-EpiExpert,GB,Deaths,0.111833171671337,2021-06-14,8
epiforecasts-EpiExpert_Rt,GB,Cases,0.0878649232371659,2021-06-14,8
epiforecasts-EpiExpert_Rt,GB,Deaths,0.0893397577443757,2021-06-14,8
epiforecasts-EpiExpert_Rt,PL,Cases,0.0555325049033866,2021-06-14,8
epiforecasts-EpiExpert_Rt,PL,Deaths,0.0858065277375546,2021-06-14,8
epiforecasts-EpiExpert_direct,DE,Deaths,0.119161289476061,2021-06-14,8
epiforecasts-EpiExpert_direct,GB,Cases,0.122651184260575,2021-06-14,8
epiforecasts-EpiExpert_direct,GB,Deaths,0.0905178141828654,2021-06-14,8
epiforecasts-EpiNow2,CZ,Cases,0.18437168920443,2021-06-14,8
epiforecasts-EpiNow2,CZ,Deaths,0.084333991387606,2021-06-14,8
epiforecasts-EpiNow2,FR,Cases,0.152137257880201,2021-06-14,8
epiforecasts-EpiNow2,GB,Cases,0.127339391724566,2021-06-14,8
epiforecasts-EpiNow2,GB,Deaths,0.163431798711377,2021-06-14,8
epiforecasts-EpiNow2,PL,Cases,0.254004303890772,2021-06-14,8
epiforecasts-EpiNow2,PL,Deaths,0.108866424263568,2021-06-14,8
itwm-dSEIR,DE,Cases,0.169189045511998,2021-06-14,8
itwm-dSEIR,DE,Deaths,0.121657153306791,2021-06-14,8
FIAS_FZJ-Epi1Ger,DE,Deaths,0.13142817037785,2021-06-21,8
HZI-AgeExtendedSEIR,DE,Cases,0.0940465439891089,2021-06-21,8
HZI-AgeExtendedSEIR,DE,Deaths,0.0927661176149409,2021-06-21,8
IEM_Health-CovidProject,CZ,Cases,0.0675190557649983,2021-06-21,8
IEM_Health-CovidProject,CZ,Deaths,0.152500429510038,2021-06-21,8
IEM_Health-CovidProject,FR,Cases,0.123854239893006,2021-06-21,8
IEM_Health-CovidProject,FR,Deaths,0.273478934169537,2021-06-21,8
IEM_Health-CovidProject,GB,Cases,0.124350986434677,2021-06-21,8
IEM_Health-CovidProject,GB,Deaths,0.100821957786191,2021-06-21,8
ILM-EKF,CZ,Cases,0.251143340606218,2021-06-21,8
ILM-EKF,CZ,Deaths,0.143846003504125,2021-06-21,8
ILM-EKF,DE,Cases,0.097009050388515,2021-06-21,8
ILM-EKF,DE,Deaths,0.115547425225932,2021-06-21,8
ILM-EKF,FR,Cases,0.0996207374307845,2021-06-21,8
ILM-EKF,FR,Deaths,0.17970184028082,2021-06-21,8
ILM-EKF,GB,Cases,0.104932665682772,2021-06-21,8
ILM-EKF,GB,Deaths,0.0970556324275083,2021-06-21,8
ILM-EKF,PL,Cases,0.139600030363793,2021-06-21,8
ILM-EKF,PL,Deaths,0.157919376018153,2021-06-21,8
ITWW-county_repro,PL,Cases,0.0854766265177316,2021-06-21,8
ITWW-county_repro,PL,Deaths,0.10913982815764,2021-06-21,8
Karlen-pypm,DE,Cases,0.0845587438669286,2021-06-21,8
Karlen-pypm,DE,Deaths,0.2514383380506,2021-06-21,8
MIT_CovidAnalytics-DELPHI,DE,Cases,0.134617397414886,2021-06-21,8
MIT_CovidAnalytics-DELPHI,PL,Cases,0.125063340333723,2021-06-21,8
MIT_CovidAnalytics-DELPHI,PL,Deaths,0.0980509708509303,2021-06-21,8
MOCOS-agent1,PL,Cases,0.102248158169926,2021-06-21,8
MOCOS-agent1,PL,Deaths,0.137440804441775,2021-06-21,8
MUNI-ARIMA,CZ,Cases,0.0854372267481066,2021-06-21,8
MUNI-ARIMA,CZ,Deaths,0.111092012090042,2021-06-21,8
MUNI-ARIMA,FR,Cases,0.0855174584438333,2021-06-21,8
MUNI-ARIMA,FR,Deaths,0.11812746747426,2021-06-21,8
MUNI-ARIMA,GB,Cases,0.168036000132337,2021-06-21,8
MUNI-ARIMA,PL,Cases,0.0761404796460644,2021-06-21,8
MUNI_DMS-SEIAR,CZ,Cases,0.267705901214126,2021-06-21,8
MUNI_DMS-SEIAR,CZ,Deaths,0.10064591623794,2021-06-21,8
PL_GRedlarski-DistrictsSum,PL,Cases,0.146061907454368,2021-06-21,8
RobertWalraven-ESG,CZ,Cases,0.0771209541760604,2021-06-21,8
RobertWalraven-ESG,CZ,Deaths,0.110799932520104,2021-06-21,8
RobertWalraven-ESG,DE,Cases,0.146850459767649,2021-06-21,8
RobertWalraven-ESG,FR,Cases,0.0796056027077324,2021-06-21,8
RobertWalraven-ESG,FR,Deaths,0.175205100481999,2021-06-21,8
UMass-MechBayes,CZ,Deaths,0.133612837691186,2021-06-21,8
UMass-MechBayes,DE,Deaths,0.110910576126063,2021-06-21,8
UMass-MechBayes,FR,Deaths,0.158111208203936,2021-06-21,8
UMass-MechBayes,GB,Deaths,0.138289949248885,2021-06-21,8
UMass-MechBayes,PL,Deaths,0.14882731861496,2021-06-21,8
UMass-SemiMech,CZ,Cases,0.0558636050284475,2021-06-21,8
UMass-SemiMech,CZ,Deaths,0.143681622331868,2021-06-21,8
UMass-SemiMech,DE,Deaths,0.0929732595510815,2021-06-21,8
UMass-SemiMech,FR,Cases,0.093784791605158,2021-06-21,8
UMass-SemiMech,FR,Deaths,0.0953754493894482,2021-06-21,8
UMass-SemiMech,GB,Cases,0.0948287736842646,2021-06-21,8
UMass-SemiMech,GB,Deaths,0.129279768451647,2021-06-21,8
UMass-SemiMech,PL,Deaths,0.12080131994115,2021-06-21,8
UNIPV-BayesINGARCHX,DE,Cases,0.15670899049436,2021-06-21,8
UNIPV-BayesINGARCHX,FR,Cases,0.3128196054093,2021-06-21,8
epiforecasts-EpiExpert,DE,Deaths,0.111135018131473,2021-06-21,8
epiforecasts-EpiExpert,GB,Cases,0.129834075691894,2021-06-21,8
epiforecasts-EpiExpert,GB,Deaths,0.115893078216586,2021-06-21,8
epiforecasts-EpiExpert,PL,Deaths,0.130173293424881,2021-06-21,8
epiforecasts-EpiExpert_Rt,DE,Deaths,0.0938010949220591,2021-06-21,8
epiforecasts-EpiExpert_Rt,GB,Cases,0.140802598004858,2021-06-21,8
epiforecasts-EpiExpert_Rt,GB,Deaths,0.180818113674546,2021-06-21,8
epiforecasts-EpiExpert_Rt,PL,Cases,0.19261192392187,2021-06-21,8
epiforecasts-EpiExpert_direct,GB,Cases,0.123367273953694,2021-06-21,8
epiforecasts-EpiExpert_direct,GB,Deaths,0.0854180889693612,2021-06-21,8
epiforecasts-EpiNow2,CZ,Cases,0.195209916462043,2021-06-21,8
epiforecasts-EpiNow2,CZ,Deaths,0.103821246114698,2021-06-21,8
epiforecasts-EpiNow2,DE,Cases,0.0975178181726257,2021-06-21,8
epiforecasts-EpiNow2,FR,Cases,0.204797564510186,2021-06-21,8
epiforecasts-EpiNow2,GB,Cases,0.113847626415504,2021-06-21,8
epiforecasts-EpiNow2,GB,Deaths,0.152423411225276,2021-06-21,8
epiforecasts-EpiNow2,PL,Cases,0.132797533592524,2021-06-21,8
epiforecasts-EpiNow2,PL,Deaths,0.0976470885505114,2021-06-21,8
itwm-dSEIR,DE,Cases,0.188690995905928,2021-06-21,8
FIAS_FZJ-Epi1Ger,DE,Deaths,0.0917354985274994,2021-06-28,8
HZI-AgeExtendedSEIR,DE,Deaths,0.157716740770774,2021-06-28,8
IEM_Health-CovidProject,CZ,Cases,0.211624831263803,2021-06-28,8
IEM_Health-CovidProject,CZ,Deaths,0.135593319333232,2021-06-28,8
IEM_Health-CovidProject,FR,Cases,0.105134155120692,2021-06-28,8
IEM_Health-CovidProject,FR,Deaths,0.244434378313588,2021-06-28,8
IEM_Health-CovidProject,GB,Cases,0.104055340128037,2021-06-28,8
IEM_Health-CovidProject,GB,Deaths,0.0931327301337011,2021-06-28,8
IEM_Health-CovidProject,PL,Cases,0.163551315682207,2021-06-28,8
ILM-EKF,CZ,Cases,0.274444074208237,2021-06-28,8
ILM-EKF,CZ,Deaths,0.150735905664815,2021-06-28,8
ILM-EKF,DE,Cases,0.158650697859702,2021-06-28,8
ILM-EKF,DE,Deaths,0.0906369781559994,2021-06-28,8
ILM-EKF,FR,Cases,0.148740822153991,2021-06-28,8
ILM-EKF,FR,Deaths,0.243832974057018,2021-06-28,8
ILM-EKF,GB,Cases,0.157728842684007,2021-06-28,8
ILM-EKF,GB,Deaths,0.0982417226831209,2021-06-28,8
ILM-EKF,PL,Cases,0.154407882006966,2021-06-28,8
ILM-EKF,PL,Deaths,0.130159683475841,2021-06-28,8
ITWW-county_repro,PL,Cases,0.120921192684821,2021-06-28,8
Karlen-pypm,DE,Deaths,0.114209214263871,2021-06-28,8
MIMUW-StochSEIR,PL,Deaths,0.0928542545346143,2021-06-28,8
MIT_CovidAnalytics-DELPHI,DE,Cases,0.102451543952285,2021-06-28,8
MIT_CovidAnalytics-DELPHI,PL,Cases,0.109950958016555,2021-06-28,8
MIT_CovidAnalytics-DELPHI,PL,Deaths,0.0889818101871251,2021-06-28,8
MOCOS-agent1,PL,Cases,0.151800436765417,2021-06-28,8
MOCOS-agent1,PL,Deaths,0.147013972095523,2021-06-28,8
MUNI-ARIMA,CZ,Cases,0.0673206796319854,2021-06-28,8
MUNI-ARIMA,CZ,Deaths,0.114724302676128,2021-06-28,8
MUNI-ARIMA,DE,Cases,0.106556471435792,2021-06-28,8
MUNI-ARIMA,FR,Cases,0.0495145278797529,2021-06-28,8
MUNI-ARIMA,FR,Deaths,0.0870618888201218,2021-06-28,8
MUNI-ARIMA,GB,Cases,0.101213381825679,2021-06-28,8
MUNI_DMS-SEIAR,CZ,Cases,0.127971503210788,2021-06-28,8
MUNI_DMS-SEIAR,CZ,Deaths,0.101835086684296,2021-06-28,8
PL_GRedlarski-DistrictsSum,PL,Cases,0.0907105914561444,2021-06-28,8
RobertWalraven-ESG,CZ,Cases,0.052429180947111,2021-06-28,8
RobertWalraven-ESG,CZ,Deaths,0.108102306748751,2021-06-28,8
RobertWalraven-ESG,DE,Deaths,0.105424060508527,2021-06-28,8
RobertWalraven-ESG,FR,Cases,0.0454422312486153,2021-06-28,8
RobertWalraven-ESG,FR,Deaths,0.180413737718376,2021-06-28,8
UMass-MechBayes,CZ,Deaths,0.141745544954539,2021-06-28,8
UMass-MechBayes,FR,Deaths,0.161238683555879,2021-06-28,8
UMass-MechBayes,GB,Deaths,0.113227532925645,2021-06-28,8
UMass-MechBayes,PL,Deaths,0.175156996144695,2021-06-28,8
UMass-SemiMech,CZ,Cases,0.0628696758451426,2021-06-28,8
UMass-SemiMech,CZ,Deaths,0.145662375122282,2021-06-28,8
UMass-SemiMech,DE,Deaths,0.0889147173656176,2021-06-28,8
UMass-SemiMech,FR,Cases,0.0606029182778368,2021-06-28,8
UMass-SemiMech,FR,Deaths,0.083018337535017,2021-06-28,8
UMass-SemiMech,GB,Cases,0.0900115285327233,2021-06-28,8
UMass-SemiMech,GB,Deaths,0.0966216432601076,2021-06-28,8
UMass-SemiMech,PL,Deaths,0.16235187083637,2021-06-28,8
UNIPV-BayesINGARCHX,DE,Cases,0.128345132373581,2021-06-28,8
UNIPV-BayesINGARCHX,FR,Cases,0.378170974725444,2021-06-28,8
epiforecasts-EpiExpert,DE,Cases,0.108557199154074,2021-06-28,8
epiforecasts-EpiExpert,DE,Deaths,0.165813355952298,2021-06-28,8
epiforecasts-EpiExpert,GB,Cases,0.151051688272616,2021-06-28,8
epiforecasts-EpiExpert,GB,Deaths,0.182020131378823,2021-06-28,8
epiforecasts-EpiExpert,PL,Deaths,0.118971214227195,2021-06-28,8
epiforecasts-EpiExpert_Rt,DE,Cases,0.133193953398394,2021-06-28,8
epiforecasts-EpiExpert_Rt,GB,Cases,0.12253529673362,2021-06-28,8
epiforecasts-EpiExpert_Rt,GB,Deaths,0.137524015104697,2021-06-28,8
epiforecasts-EpiExpert_Rt,PL,Cases,0.111514583021814,2021-06-28,8
epiforecasts-EpiExpert_direct,DE,Deaths,0.185549434455414,2021-06-28,8
epiforecasts-EpiExpert_direct,GB,Cases,0.161513004516052,2021-06-28,8
epiforecasts-EpiExpert_direct,GB,Deaths,0.121404146950907,2021-06-28,8
epiforecasts-EpiNow2,CZ,Cases,0.203340054892933,2021-06-28,8
epiforecasts-EpiNow2,CZ,Deaths,0.101601158815957,2021-06-28,8
epiforecasts-EpiNow2,DE,Cases,0.13458826348075,2021-06-28,8
epiforecasts-EpiNow2,FR,Cases,0.212394370593669,2021-06-28,8
epiforecasts-EpiNow2,GB,Cases,0.111890917307266,2021-06-28,8
epiforecasts-EpiNow2,GB,Deaths,0.157828077562998,2021-06-28,8
epiforecasts-EpiNow2,PL,Cases,0.0971430403660754,2021-06-28,8
epiforecasts-EpiNow2,PL,Deaths,0.0845101984986364,2021-06-28,8
itwm-dSEIR,DE,Cases,0.127656738345421,2021-06-28,8
FIAS_FZJ-Epi1Ger,DE,Cases,0.124186229616059,2021-07-05,8
HZI-AgeExtendedSEIR,DE,Deaths,0.13286719362306,2021-07-05,8
IEM_Health-CovidProject,CZ,Cases,0.218081607511209,2021-07-05,8
IEM_Health-CovidProject,CZ,Deaths,0.0969608728983296,2021-07-05,8
IEM_Health-CovidProject,FR,Cases,0.178458855205794,2021-07-05,8
IEM_Health-CovidProject,FR,Deaths,0.219077712784821,2021-07-05,8
IEM_Health-CovidProject,GB,Cases,0.0961879157011618,2021-07-05,8
IEM_Health-CovidProject,GB,Deaths,0.0845504526413535,2021-07-05,8
IEM_Health-CovidProject,PL,Cases,0.167397104449476,2021-07-05,8
ILM-EKF,CZ,Cases,0.205430435841231,2021-07-05,8
ILM-EKF,CZ,Deaths,0.146100753140201,2021-07-05,8
ILM-EKF,DE,Cases,0.147222944105521,2021-07-05,8
ILM-EKF,DE,Deaths,0.114984243078081,2021-07-05,8
ILM-EKF,FR,Cases,0.264591090833822,2021-07-05,8
ILM-EKF,FR,Deaths,0.244022404251968,2021-07-05,8
ILM-EKF,GB,Cases,0.173496855889833,2021-07-05,8
ILM-EKF,GB,Deaths,0.0982265795356172,2021-07-05,8
ILM-EKF,PL,Cases,0.147729715790576,2021-07-05,8
ILM-EKF,PL,Deaths,0.0903924871919401,2021-07-05,8
ITWW-county_repro,PL,Cases,0.125444073764303,2021-07-05,8
Karlen-pypm,DE,Cases,0.0973070785630365,2021-07-05,8
Karlen-pypm,DE,Deaths,0.115395529994497,2021-07-05,8
MIMUW-StochSEIR,PL,Deaths,0.212300829115855,2021-07-05,8
MIT_CovidAnalytics-DELPHI,DE,Cases,0.098485190067275,2021-07-05,8
MIT_CovidAnalytics-DELPHI,PL,Cases,0.114933140179064,2021-07-05,8
MIT_CovidAnalytics-DELPHI,PL,Deaths,0.0701737928542304,2021-07-05,8
MOCOS-agent1,PL,Cases,0.1134029966541,2021-07-05,8
MOCOS-agent1,PL,Deaths,0.1132984310344,2021-07-05,8
MUNI-ARIMA,CZ,Cases,0.0783738545309908,2021-07-05,8
MUNI-ARIMA,CZ,Deaths,0.107842967731406,2021-07-05,8
MUNI-ARIMA,FR,Cases,0.0903981863454842,2021-07-05,8
MUNI-ARIMA,FR,Deaths,0.10949114703894,2021-07-05,8
MUNI-ARIMA,GB,Cases,0.0688046790032281,2021-07-05,8
MUNI_DMS-SEIAR,CZ,Cases,0.105105252116253,2021-07-05,8
MUNI_DMS-SEIAR,CZ,Deaths,0.102872385246854,2021-07-05,8
PL_GRedlarski-DistrictsSum,PL,Cases,0.0747064092371535,2021-07-05,8
RobertWalraven-ESG,CZ,Cases,0.0533912467220085,2021-07-05,8
RobertWalraven-ESG,CZ,Deaths,0.098614186828172,2021-07-05,8
RobertWalraven-ESG,DE,Deaths,0.132003214768127,2021-07-05,8
RobertWalraven-ESG,FR,Cases,0.0552057996652824,2021-07-05,8
RobertWalraven-ESG,FR,Deaths,0.157556984797189,2021-07-05,8
RobertWalraven-ESG,GB,Deaths,0.0919337004987822,2021-07-05,8
UMass-MechBayes,CZ,Deaths,0.145106188360515,2021-07-05,8
UMass-MechBayes,DE,Deaths,0.100067470064631,2021-07-05,8
UMass-MechBayes,FR,Deaths,0.140501347014015,2021-07-05,8
UMass-MechBayes,GB,Deaths,0.104390189705889,2021-07-05,8
UMass-MechBayes,PL,Deaths,0.191622663673466,2021-07-05,8
UMass-SemiMech,CZ,Cases,0.148274926735311,2021-07-05,8
UMass-SemiMech,CZ,Deaths,0.136514524507322,2021-07-05,8
UMass-SemiMech,DE,Deaths,0.121153780998612,2021-07-05,8
UMass-SemiMech,FR,Cases,0.0743290587849429,2021-07-05,8
UMass-SemiMech,FR,Deaths,0.129350404113067,2021-07-05,8
UMass-SemiMech,GB,Cases,0.116126985311563,2021-07-05,8
UMass-SemiMech,PL,Deaths,0.161217712159329,2021-07-05,8
UNIPV-BayesINGARCHX,DE,Cases,0.105385273395656,2021-07-05,8
epiforecasts-EpiExpert,DE,Deaths,0.14702160066044,2021-07-05,8
epiforecasts-EpiExpert,GB,Cases,0.131132146864107,2021-07-05,8
epiforecasts-EpiExpert,GB,Deaths,0.204962341761696,2021-07-05,8
epiforecasts-EpiExpert,PL,Deaths,0.0975490768486939,2021-07-05,8
epiforecasts-EpiExpert_Rt,DE,Cases,0.12792146520957,2021-07-05,8
epiforecasts-EpiExpert_Rt,GB,Cases,0.168056432295721,2021-07-05,8
epiforecasts-EpiExpert_Rt,GB,Deaths,0.136474894071776,2021-07-05,8
epiforecasts-EpiExpert_Rt,PL,Cases,0.168221636349152,2021-07-05,8
epiforecasts-EpiExpert_direct,DE,Deaths,0.136506966812552,2021-07-05,8
epiforecasts-EpiExpert_direct,GB,Cases,0.110028958944524,2021-07-05,8
epiforecasts-EpiExpert_direct,GB,Deaths,0.1156762458071,2021-07-05,8
epiforecasts-EpiNow2,CZ,Cases,0.191342676542998,2021-07-05,8
epiforecasts-EpiNow2,CZ,Deaths,0.165988121287202,2021-07-05,8
epiforecasts-EpiNow2,DE,Cases,0.163996804845987,2021-07-05,8
epiforecasts-EpiNow2,FR,Cases,0.337017009164675,2021-07-05,8
epiforecasts-EpiNow2,GB,Cases,0.136166025989863,2021-07-05,8
epiforecasts-EpiNow2,GB,Deaths,0.163785595977785,2021-07-05,8
epiforecasts-EpiNow2,PL,Cases,0.0881649235761765,2021-07-05,8
epiforecasts-EpiNow2,PL,Deaths,0.0634450071220856,2021-07-05,8
itwm-dSEIR,DE,Cases,0.135495014196895,2021-07-05,8
FIAS_FZJ-Epi1Ger,DE,Cases,0.12136674933498,2021-07-12,8
FIAS_FZJ-Epi1Ger,DE,Deaths,0.10066163562091,2021-07-12,8
HZI-AgeExtendedSEIR,DE,Deaths,0.111603664823344,2021-07-12,8
ICM-agentModel,PL,Cases,0.0596437748862778,2021-07-12,8
IEM_Health-CovidProject,CZ,Cases,0.232478716607116,2021-07-12,8
IEM_Health-CovidProject,CZ,Deaths,0.0983781296279549,2021-07-12,8
IEM_Health-CovidProject,FR,Cases,0.22526666653726,2021-07-12,8
IEM_Health-CovidProject,FR,Deaths,0.234769931937086,2021-07-12,8
IEM_Health-CovidProject,GB,Cases,0.0928828808376266,2021-07-12,8
IEM_Health-CovidProject,PL,Cases,0.173574352367255,2021-07-12,8
ILM-EKF,CZ,Cases,0.180347256181634,2021-07-12,8
ILM-EKF,CZ,Deaths,0.169706121172989,2021-07-12,8
ILM-EKF,DE,Cases,0.120786668798573,2021-07-12,8
ILM-EKF,DE,Deaths,0.141122676411803,2021-07-12,8
ILM-EKF,FR,Cases,0.178891756981668,2021-07-12,8
ILM-EKF,FR,Deaths,0.2756647234046,2021-07-12,8
ILM-EKF,GB,Cases,0.169243770254602,2021-07-12,8
ILM-EKF,GB,Deaths,0.0898220064257357,2021-07-12,8
ILM-EKF,PL,Cases,0.13229271923112,2021-07-12,8
ILM-EKF,PL,Deaths,0.102064115667542,2021-07-12,8
ITWW-county_repro,DE,Deaths,0.123003623812478,2021-07-12,8
ITWW-county_repro,PL,Deaths,0.144441194530023,2021-07-12,8
Karlen-pypm,DE,Cases,0.139260836648142,2021-07-12,8
Karlen-pypm,DE,Deaths,0.129767909510966,2021-07-12,8
MIMUW-StochSEIR,PL,Deaths,0.182483006206249,2021-07-12,8
MIT_CovidAnalytics-DELPHI,DE,Cases,0.109036948595658,2021-07-12,8
MIT_CovidAnalytics-DELPHI,PL,Cases,0.0894478037182626,2021-07-12,8
MIT_CovidAnalytics-DELPHI,PL,Deaths,0.0618414963322899,2021-07-12,8
MOCOS-agent1,PL,Cases,0.103933719625155,2021-07-12,8
MOCOS-agent1,PL,Deaths,0.16185538502996,2021-07-12,8
MUNI-ARIMA,CZ,Cases,0.154622149542817,2021-07-12,8
MUNI-ARIMA,CZ,Deaths,0.115636675473741,2021-07-12,8
MUNI-ARIMA,FR,Cases,0.303194752154357,2021-07-12,8
MUNI-ARIMA,FR,Deaths,0.173407458370323,2021-07-12,8
MUNI-ARIMA,GB,Cases,0.0747422960808144,2021-07-12,8
MUNI-ARIMA,GB,Deaths,0.0828807193009106,2021-07-12,8
MUNI_DMS-SEIAR,CZ,Cases,0.125966665161846,2021-07-12,8
MUNI_DMS-SEIAR,CZ,Deaths,0.104497539074027,2021-07-12,8
PL_GRedlarski-DistrictsSum,PL,Cases,0.0810937275814255,2021-07-12,8
RobertWalraven-ESG,CZ,Cases,0.128682556635629,2021-07-12,8
RobertWalraven-ESG,CZ,Deaths,0.112788403329996,2021-07-12,8
RobertWalraven-ESG,DE,Deaths,0.141074588050407,2021-07-12,8
RobertWalraven-ESG,FR,Cases,0.0778834175203025,2021-07-12,8
RobertWalraven-ESG,FR,Deaths,0.168176730257606,2021-07-12,8
RobertWalraven-ESG,GB,Cases,0.0475252056773173,2021-07-12,8
RobertWalraven-ESG,GB,Deaths,0.0707732516629277,2021-07-12,8
UMass-MechBayes,CZ,Deaths,0.184206929516705,2021-07-12,8
UMass-MechBayes,DE,Deaths,0.131643539472981,2021-07-12,8
UMass-MechBayes,FR,Deaths,0.0705401766534447,2021-07-12,8
UMass-MechBayes,GB,Deaths,0.164442569506367,2021-07-12,8
UMass-MechBayes,PL,Deaths,0.190805233402735,2021-07-12,8
epiforecasts-EpiExpert,DE,Cases,0.109882675045325,2021-07-12,8
epiforecasts-EpiExpert,DE,Deaths,0.121122362297111,2021-07-12,8
epiforecasts-EpiExpert,GB,Cases,0.141597178765761,2021-07-12,8
epiforecasts-EpiExpert,GB,Deaths,0.126595698822134,2021-07-12,8
epiforecasts-EpiExpert,PL,Deaths,0.0727602721573873,2021-07-12,8
epiforecasts-EpiExpert_Rt,DE,Cases,0.136078458396666,2021-07-12,8
epiforecasts-EpiExpert_Rt,GB,Cases,0.17014960712313,2021-07-12,8
epiforecasts-EpiExpert_Rt,GB,Deaths,0.226760161790057,2021-07-12,8
epiforecasts-EpiExpert_Rt,PL,Cases,0.169709222260157,2021-07-12,8
epiforecasts-EpiExpert_direct,GB,Cases,0.123073402686006,2021-07-12,8
epiforecasts-EpiExpert_direct,GB,Deaths,0.0735816218071303,2021-07-12,8
epiforecasts-EpiNow2,CZ,Cases,0.177902655870958,2021-07-12,8
epiforecasts-EpiNow2,CZ,Deaths,0.214786201804587,2021-07-12,8
epiforecasts-EpiNow2,DE,Cases,0.127091037218658,2021-07-12,8
epiforecasts-EpiNow2,FR,Cases,0.214763406806413,2021-07-12,8
epiforecasts-EpiNow2,FR,Deaths,0.0774409793769406,2021-07-12,8
epiforecasts-EpiNow2,GB,Cases,0.180785658574742,2021-07-12,8
epiforecasts-EpiNow2,GB,Deaths,0.165143970684738,2021-07-12,8
epiforecasts-EpiNow2,PL,Cases,0.190304680330347,2021-07-12,8
epiforecasts-EpiNow2,PL,Deaths,0.0837492966738136,2021-07-12,8
itwm-dSEIR,DE,Cases,0.136496625961999,2021-07-12,8
HZI-AgeExtendedSEIR,DE,Cases,0.108718662764434,2021-07-19,8
HZI-AgeExtendedSEIR,DE,Deaths,0.0992160126022883,2021-07-19,8
IEM_Health-CovidProject,CZ,Cases,0.177465987485998,2021-07-19,8
IEM_Health-CovidProject,CZ,Deaths,0.0945220863283815,2021-07-19,8
IEM_Health-CovidProject,DE,Cases,0.0977943602792302,2021-07-19,8
IEM_Health-CovidProject,FR,Cases,0.185739921091205,2021-07-19,8
IEM_Health-CovidProject,FR,Deaths,0.235235589228278,2021-07-19,8
IEM_Health-CovidProject,GB,Cases,0.111829993926289,2021-07-19,8
IEM_Health-CovidProject,GB,Deaths,0.049097745913663,2021-07-19,8
IEM_Health-CovidProject,PL,Cases,0.152211515720764,2021-07-19,8
ILM-EKF,CZ,Cases,0.137616793396202,2021-07-19,8
ILM-EKF,CZ,Deaths,0.16547723898569,2021-07-19,8
ILM-EKF,DE,Deaths,0.144258762751414,2021-07-19,8
ILM-EKF,FR,Cases,0.151910570266203,2021-07-19,8
ILM-EKF,FR,Deaths,0.196754753484076,2021-07-19,8
ILM-EKF,GB,Cases,0.165208278779574,2021-07-19,8
ILM-EKF,GB,Deaths,0.0823000913730299,2021-07-19,8
ILM-EKF,PL,Deaths,0.0882659366156196,2021-07-19,8
ITWW-county_repro,DE,Cases,0.207020895301313,2021-07-19,8
ITWW-county_repro,DE,Deaths,0.148458119113205,2021-07-19,8
ITWW-county_repro,PL,Cases,0.141770616368443,2021-07-19,8
ITWW-county_repro,PL,Deaths,0.19259747336128,2021-07-19,8
Karlen-pypm,DE,Cases,0.114552538504624,2021-07-19,8
Karlen-pypm,DE,Deaths,0.130539252974948,2021-07-19,8
MIT_CovidAnalytics-DELPHI,DE,Deaths,0.0825811449674115,2021-07-19,8
MIT_CovidAnalytics-DELPHI,PL,Deaths,0.0612178427386801,2021-07-19,8
MOCOS-agent1,PL,Cases,0.106422581468054,2021-07-19,8
MOCOS-agent1,PL,Deaths,0.122132077122633,2021-07-19,8
MUNI-ARIMA,CZ,Cases,0.165553224437026,2021-07-19,8
MUNI-ARIMA,CZ,Deaths,0.112342755891016,2021-07-19,8
MUNI-ARIMA,DE,Cases,0.0975685874261865,2021-07-19,8
MUNI-ARIMA,FR,Cases,0.344388984280434,2021-07-19,8
MUNI-ARIMA,FR,Deaths,0.126165514117236,2021-07-19,8
MUNI-ARIMA,GB,Cases,0.0936495992914875,2021-07-19,8
MUNI-ARIMA,GB,Deaths,0.0793910988047143,2021-07-19,8
MUNI_DMS-SEIAR,CZ,Cases,0.150115720697639,2021-07-19,8
MUNI_DMS-SEIAR,CZ,Deaths,0.14804411198418,2021-07-19,8
PL_GRedlarski-DistrictsSum,PL,Cases,0.115564101947563,2021-07-19,8
RobertWalraven-ESG,CZ,Cases,0.209455105999397,2021-07-19,8
RobertWalraven-ESG,CZ,Deaths,0.140144022553321,2021-07-19,8
RobertWalraven-ESG,DE,Deaths,0.148743582399178,2021-07-19,8
RobertWalraven-ESG,FR,Cases,0.144997127300216,2021-07-19,8
RobertWalraven-ESG,FR,Deaths,0.164036008273375,2021-07-19,8
RobertWalraven-ESG,GB,Cases,0.0484863508246062,2021-07-19,8
UMass-MechBayes,CZ,Deaths,0.179308491899811,2021-07-19,8
UMass-MechBayes,DE,Deaths,0.158689991591527,2021-07-19,8
UMass-MechBayes,FR,Deaths,0.103665155330149,2021-07-19,8
UMass-MechBayes,GB,Deaths,0.171896550482554,2021-07-19,8
UMass-MechBayes,PL,Deaths,0.169239859811944,2021-07-19,8
epiforecasts-EpiExpert,DE,Cases,0.125475305607202,2021-07-19,8
epiforecasts-EpiExpert,DE,Deaths,0.0875131336000279,2021-07-19,8
epiforecasts-EpiExpert,GB,Cases,0.129483727810685,2021-07-19,8
epiforecasts-EpiExpert,GB,Deaths,0.114474486138485,2021-07-19,8
epiforecasts-EpiExpert,PL,Cases,0.185826369117071,2021-07-19,8
epiforecasts-EpiExpert,PL,Deaths,0.202845570043917,2021-07-19,8
epiforecasts-EpiExpert_Rt,GB,Cases,0.152892289112814,2021-07-19,8
epiforecasts-EpiExpert_Rt,GB,Deaths,0.241393695367003,2021-07-19,8
epiforecasts-EpiExpert_Rt,PL,Cases,0.0933607618604598,2021-07-19,8
epiforecasts-EpiExpert_direct,DE,Cases,0.13090023176474,2021-07-19,8
epiforecasts-EpiExpert_direct,GB,Cases,0.112453034134862,2021-07-19,8
epiforecasts-EpiExpert_direct,GB,Deaths,0.0671491629946004,2021-07-19,8
epiforecasts-EpiExpert_direct,PL,Cases,0.112542231804023,2021-07-19,8
epiforecasts-EpiExpert_direct,PL,Deaths,0.0750159561514529,2021-07-19,8
epiforecasts-EpiNow2,CZ,Cases,0.159793167983738,2021-07-19,8
epiforecasts-EpiNow2,CZ,Deaths,0.1601612923576,2021-07-19,8
epiforecasts-EpiNow2,FR,Cases,0.172963397061942,2021-07-19,8
epiforecasts-EpiNow2,FR,Deaths,0.174142979566886,2021-07-19,8
epiforecasts-EpiNow2,GB,Cases,0.185996726119683,2021-07-19,8
epiforecasts-EpiNow2,GB,Deaths,0.19429716892595,2021-07-19,8
epiforecasts-EpiNow2,PL,Cases,0.092301821713623,2021-07-19,8
epiforecasts-EpiNow2,PL,Deaths,0.0886852841544734,2021-07-19,8
itwm-dSEIR,DE,Cases,0.11796941835227,2021-07-19,8
HZI-AgeExtendedSEIR,DE,Cases,0.119417333090544,2021-07-26,8
HZI-AgeExtendedSEIR,DE,Deaths,0.0925310082467798,2021-07-26,8
IEM_Health-CovidProject,CZ,Cases,0.171280966505973,2021-07-26,8
IEM_Health-CovidProject,CZ,Deaths,0.132635722187779,2021-07-26,8
IEM_Health-CovidProject,FR,Cases,0.169864571599701,2021-07-26,8
IEM_Health-CovidProject,FR,Deaths,0.262431391462041,2021-07-26,8
IEM_Health-CovidProject,GB,Cases,0.167919451962274,2021-07-26,8
IEM_Health-CovidProject,GB,Deaths,0.0545940886740897,2021-07-26,8
IEM_Health-CovidProject,PL,Cases,0.104979055328249,2021-07-26,8
ILM-EKF,CZ,Cases,0.130433027879326,2021-07-26,8
ILM-EKF,CZ,Deaths,0.159377960256863,2021-07-26,8
ILM-EKF,FR,Cases,0.183146172780143,2021-07-26,8
ILM-EKF,FR,Deaths,0.143392217937656,2021-07-26,8
ILM-EKF,GB,Cases,0.0750792092035184,2021-07-26,8
ILM-EKF,GB,Deaths,0.0742035116935084,2021-07-26,8
ILM-EKF,PL,Deaths,0.10252308665565,2021-07-26,8
ITWW-county_repro,DE,Cases,0.171048814357867,2021-07-26,8
ITWW-county_repro,DE,Deaths,0.124894255907417,2021-07-26,8
ITWW-county_repro,PL,Cases,0.217725897433832,2021-07-26,8
ITWW-county_repro,PL,Deaths,0.0841984078016325,2021-07-26,8
Karlen-pypm,DE,Cases,0.101234297284273,2021-07-26,8
Karlen-pypm,DE,Deaths,0.106333059426432,2021-07-26,8
MIT_CovidAnalytics-DELPHI,DE,Deaths,0.100504942038946,2021-07-26,8
MOCOS-agent1,PL,Cases,0.116537634778284,2021-07-26,8
MOCOS-agent1,PL,Deaths,0.147093565719054,2021-07-26,8
MUNI-ARIMA,CZ,Cases,0.128299050412234,2021-07-26,8
MUNI-ARIMA,CZ,Deaths,0.109668630765684,2021-07-26,8
MUNI-ARIMA,DE,Cases,0.118170060360043,2021-07-26,8
MUNI-ARIMA,FR,Cases,0.303985084844976,2021-07-26,8
MUNI-ARIMA,FR,Deaths,0.120345802213055,2021-07-26,8
MUNI-ARIMA,GB,Cases,0.1495534454843,2021-07-26,8
MUNI-ARIMA,GB,Deaths,0.0869921892360697,2021-07-26,8
MUNI_DMS-SEIAR,CZ,Cases,0.203783897407318,2021-07-26,8
MUNI_DMS-SEIAR,CZ,Deaths,0.145522835751993,2021-07-26,8
PL_GRedlarski-DistrictsSum,PL,Cases,0.129707168109678,2021-07-26,8
RobertWalraven-ESG,CZ,Cases,0.212187197487651,2021-07-26,8
RobertWalraven-ESG,CZ,Deaths,0.141330746458019,2021-07-26,8
RobertWalraven-ESG,DE,Deaths,0.108394359096901,2021-07-26,8
RobertWalraven-ESG,FR,Cases,0.14540906737061,2021-07-26,8
RobertWalraven-ESG,FR,Deaths,0.160219891626871,2021-07-26,8
RobertWalraven-ESG,GB,Cases,0.0608734939442454,2021-07-26,8
UMass-MechBayes,CZ,Deaths,0.158741249792799,2021-07-26,8
UMass-MechBayes,DE,Deaths,0.108291812000932,2021-07-26,8
UMass-MechBayes,FR,Deaths,0.218424192859534,2021-07-26,8
UMass-MechBayes,GB,Deaths,0.161108912484449,2021-07-26,8
UMass-MechBayes,PL,Deaths,0.195194422443848,2021-07-26,8
epiforecasts-EpiExpert,DE,Cases,0.125361850679102,2021-07-26,8
epiforecasts-EpiExpert,DE,Deaths,0.205778350021272,2021-07-26,8
epiforecasts-EpiExpert,GB,Cases,0.149102563374823,2021-07-26,8
epiforecasts-EpiExpert,GB,Deaths,0.142667057475727,2021-07-26,8
epiforecasts-EpiExpert,PL,Cases,0.152135545087809,2021-07-26,8
epiforecasts-EpiExpert,PL,Deaths,0.162848719463966,2021-07-26,8
epiforecasts-EpiExpert_Rt,DE,Cases,0.113136107476023,2021-07-26,8
epiforecasts-EpiExpert_Rt,GB,Cases,0.118937293263719,2021-07-26,8
epiforecasts-EpiExpert_Rt,GB,Deaths,0.209427373652875,2021-07-26,8
epiforecasts-EpiExpert_Rt,PL,Cases,0.10344009704295,2021-07-26,8
epiforecasts-EpiExpert_Rt,PL,Deaths,0.0831150014423997,2021-07-26,8
epiforecasts-EpiExpert_direct,DE,Cases,0.118166824964565,2021-07-26,8
epiforecasts-EpiExpert_direct,DE,Deaths,0.15327221326132,2021-07-26,8
epiforecasts-EpiExpert_direct,GB,Cases,0.158128721444673,2021-07-26,8
epiforecasts-EpiExpert_direct,GB,Deaths,0.07591373636301,2021-07-26,8
epiforecasts-EpiExpert_direct,PL,Cases,0.0847946074855398,2021-07-26,8
epiforecasts-EpiExpert_direct,PL,Deaths,0.103331711491696,2021-07-26,8
epiforecasts-EpiNow2,CZ,Cases,0.154015860307497,2021-07-26,8
epiforecasts-EpiNow2,CZ,Deaths,0.152722854786863,2021-07-26,8
epiforecasts-EpiNow2,FR,Cases,0.19759510340457,2021-07-26,8
epiforecasts-EpiNow2,FR,Deaths,0.0951865039008434,2021-07-26,8
epiforecasts-EpiNow2,GB,Cases,0.120405821322447,2021-07-26,8
epiforecasts-EpiNow2,GB,Deaths,0.195093130420272,2021-07-26,8
epiforecasts-EpiNow2,PL,Cases,0.0906799947336591,2021-07-26,8
epiforecasts-EpiNow2,PL,Deaths,0.121695084981753,2021-07-26,8
itwm-dSEIR,DE,Cases,0.133464711787583,2021-07-26,8
FIAS_FZJ-Epi1Ger,DE,Cases,0.106220153740645,2021-08-02,8
HZI-AgeExtendedSEIR,DE,Cases,0.0975885775561438,2021-08-02,8
HZI-AgeExtendedSEIR,DE,Deaths,0.0983768958887689,2021-08-02,8
IEM_Health-CovidProject,CZ,Cases,0.231232370193795,2021-08-02,8
IEM_Health-CovidProject,CZ,Deaths,0.117413797982007,2021-08-02,8
IEM_Health-CovidProject,DE,Deaths,0.110377726543399,2021-08-02,8
IEM_Health-CovidProject,FR,Cases,0.150819836981481,2021-08-02,8
IEM_Health-CovidProject,FR,Deaths,0.173677547258459,2021-08-02,8
IEM_Health-CovidProject,GB,Cases,0.132194265186598,2021-08-02,8
IEM_Health-CovidProject,GB,Deaths,0.0658692617769559,2021-08-02,8
IEM_Health-CovidProject,PL,Cases,0.0626322145226924,2021-08-02,8
IEM_Health-CovidProject,PL,Deaths,0.0739474796448856,2021-08-02,8
ILM-EKF,CZ,Cases,0.165764668474343,2021-08-02,8
ILM-EKF,CZ,Deaths,0.152078192211568,2021-08-02,8
ILM-EKF,FR,Cases,0.16834746060901,2021-08-02,8
ILM-EKF,FR,Deaths,0.142054071444321,2021-08-02,8
ILM-EKF,PL,Cases,0.0442238809235278,2021-08-02,8
ILM-EKF,PL,Deaths,0.12465817321424,2021-08-02,8
ITWW-county_repro,DE,Cases,0.141503898045397,2021-08-02,8
ITWW-county_repro,DE,Deaths,0.161869681057155,2021-08-02,8
ITWW-county_repro,PL,Cases,0.210719305482043,2021-08-02,8
Karlen-pypm,CZ,Cases,0.0535573280484477,2021-08-02,8
Karlen-pypm,CZ,Deaths,0.0880956804814632,2021-08-02,8
Karlen-pypm,FR,Cases,0.113443039128788,2021-08-02,8
Karlen-pypm,FR,Deaths,0.0712986960051941,2021-08-02,8
Karlen-pypm,GB,Cases,0.0753652130727752,2021-08-02,8
Karlen-pypm,GB,Deaths,0.0760161148176067,2021-08-02,8
MIT_CovidAnalytics-DELPHI,DE,Deaths,0.104817554969295,2021-08-02,8
MIT_CovidAnalytics-DELPHI,PL,Deaths,0.0949467570363488,2021-08-02,8
MOCOS-agent1,PL,Cases,0.100057790118724,2021-08-02,8
MOCOS-agent1,PL,Deaths,0.154067352880639,2021-08-02,8
MUNI-ARIMA,CZ,Cases,0.116510986564607,2021-08-02,8
MUNI-ARIMA,CZ,Deaths,0.0900242973036479,2021-08-02,8
MUNI-ARIMA,DE,Cases,0.0971584748862992,2021-08-02,8
MUNI-ARIMA,FR,Cases,0.273964044830249,2021-08-02,8
MUNI-ARIMA,FR,Deaths,0.136240365792502,2021-08-02,8
MUNI-ARIMA,GB,Cases,0.210071493632724,2021-08-02,8
MUNI-ARIMA,GB,Deaths,0.0947661885609743,2021-08-02,8
MUNI_DMS-SEIAR,CZ,Cases,0.0954169959492611,2021-08-02,8
MUNI_DMS-SEIAR,CZ,Deaths,0.146780931828606,2021-08-02,8
PL_GRedlarski-DistrictsSum,PL,Cases,0.0805219806959004,2021-08-02,8
RobertWalraven-ESG,CZ,Cases,0.250856853061639,2021-08-02,8
RobertWalraven-ESG,CZ,Deaths,0.136466174327762,2021-08-02,8
RobertWalraven-ESG,DE,Deaths,0.105986053309165,2021-08-02,8
RobertWalraven-ESG,FR,Cases,0.125894934496955,2021-08-02,8
RobertWalraven-ESG,FR,Deaths,0.161833777375597,2021-08-02,8
RobertWalraven-ESG,GB,Cases,0.172223335968117,2021-08-02,8
UMass-MechBayes,CZ,Deaths,0.176964916823606,2021-08-02,8
UMass-MechBayes,DE,Deaths,0.0959890612903857,2021-08-02,8
UMass-MechBayes,FR,Deaths,0.233934931632899,2021-08-02,8
UMass-MechBayes,GB,Deaths,0.171395642355805,2021-08-02,8
UMass-MechBayes,PL,Deaths,0.212724028086983,2021-08-02,8
epiforecasts-EpiExpert,DE,Cases,0.148236204902971,2021-08-02,8
epiforecasts-EpiExpert,DE,Deaths,0.170007417092277,2021-08-02,8
epiforecasts-EpiExpert,GB,Cases,0.108052373863919,2021-08-02,8
epiforecasts-EpiExpert,GB,Deaths,0.168620335849567,2021-08-02,8
epiforecasts-EpiExpert,PL,Cases,0.184633766193447,2021-08-02,8
epiforecasts-EpiExpert,PL,Deaths,0.122945607103447,2021-08-02,8
epiforecasts-EpiExpert_Rt,DE,Cases,0.174283134355698,2021-08-02,8
epiforecasts-EpiExpert_Rt,GB,Cases,0.0878801642384179,2021-08-02,8
epiforecasts-EpiExpert_Rt,GB,Deaths,0.165112924112073,2021-08-02,8
epiforecasts-EpiExpert_Rt,PL,Cases,0.227094720477546,2021-08-02,8
epiforecasts-EpiExpert_Rt,PL,Deaths,0.106357149945532,2021-08-02,8
epiforecasts-EpiExpert_direct,DE,Cases,0.118373069982354,2021-08-02,8
epiforecasts-EpiExpert_direct,DE,Deaths,0.152575609849554,2021-08-02,8
epiforecasts-EpiExpert_direct,GB,Cases,0.115775292711357,2021-08-02,8
epiforecasts-EpiExpert_direct,GB,Deaths,0.0789963465351907,2021-08-02,8
epiforecasts-EpiNow2,CZ,Cases,0.0866607977079076,2021-08-02,8
epiforecasts-EpiNow2,CZ,Deaths,0.0921760090413387,2021-08-02,8
epiforecasts-EpiNow2,FR,Cases,0.167530683953518,2021-08-02,8
epiforecasts-EpiNow2,FR,Deaths,0.0809606104910281,2021-08-02,8
epiforecasts-EpiNow2,GB,Cases,0.0984378613260909,2021-08-02,8
epiforecasts-EpiNow2,GB,Deaths,0.179223185991827,2021-08-02,8
epiforecasts-EpiNow2,PL,Cases,0.0901163415861198,2021-08-02,8
epiforecasts-EpiNow2,PL,Deaths,0.110353452087923,2021-08-02,8
itwm-dSEIR,DE,Cases,0.116636486530492,2021-08-02,8
FIAS_FZJ-Epi1Ger,DE,Cases,0.131927697772947,2021-08-09,8
HZI-AgeExtendedSEIR,DE,Cases,0.104615984156499,2021-08-09,8
HZI-AgeExtendedSEIR,DE,Deaths,0.116086706401549,2021-08-09,8
IEM_Health-CovidProject,CZ,Cases,0.329491816639919,2021-08-09,8
IEM_Health-CovidProject,CZ,Deaths,0.122973664269999,2021-08-09,8
IEM_Health-CovidProject,DE,Deaths,0.143141102738183,2021-08-09,8
IEM_Health-CovidProject,FR,Cases,0.196287023508518,2021-08-09,8
IEM_Health-CovidProject,FR,Deaths,0.197862239497011,2021-08-09,8
IEM_Health-CovidProject,GB,Cases,0.106365409407597,2021-08-09,8
IEM_Health-CovidProject,GB,Deaths,0.0898216826436819,2021-08-09,8
IEM_Health-CovidProject,PL,Cases,0.0649020373972582,2021-08-09,8
IEM_Health-CovidProject,PL,Deaths,0.0930601252068614,2021-08-09,8
ILM-EKF,CZ,Cases,0.173741268583506,2021-08-09,8
ILM-EKF,CZ,Deaths,0.122266425608444,2021-08-09,8
ILM-EKF,FR,Cases,0.114993598172478,2021-08-09,8
ILM-EKF,FR,Deaths,0.105937882525662,2021-08-09,8
ILM-EKF,GB,Cases,0.0884398612560622,2021-08-09,8
ILM-EKF,PL,Deaths,0.131943841913267,2021-08-09,8
ITWW-county_repro,DE,Cases,0.125810506689044,2021-08-09,8
ITWW-county_repro,DE,Deaths,0.100855612374693,2021-08-09,8
ITWW-county_repro,PL,Cases,0.205147960923929,2021-08-09,8
Karlen-pypm,CZ,Cases,0.0429480651526845,2021-08-09,8
Karlen-pypm,CZ,Deaths,0.123125207187312,2021-08-09,8
Karlen-pypm,FR,Cases,0.0818417013434308,2021-08-09,8
Karlen-pypm,FR,Deaths,0.0731316176572709,2021-08-09,8
Karlen-pypm,GB,Cases,0.111538315432742,2021-08-09,8
Karlen-pypm,GB,Deaths,0.125862578616631,2021-08-09,8
Karlen-pypm,PL,Cases,0.0828666930157435,2021-08-09,8
Karlen-pypm,PL,Deaths,0.0976245463348119,2021-08-09,8
MIT_CovidAnalytics-DELPHI,DE,Deaths,0.131608776295207,2021-08-09,8
MIT_CovidAnalytics-DELPHI,PL,Deaths,0.121848853412155,2021-08-09,8
MOCOS-agent1,PL,Cases,0.0982377790414481,2021-08-09,8
MOCOS-agent1,PL,Deaths,0.160545019319766,2021-08-09,8
MUNI-ARIMA,CZ,Cases,0.0858988259520182,2021-08-09,8
MUNI-ARIMA,CZ,Deaths,0.113860763140662,2021-08-09,8
MUNI-ARIMA,DE,Cases,0.103517296237808,2021-08-09,8
MUNI-ARIMA,FR,Cases,0.322391455671303,2021-08-09,8
MUNI-ARIMA,FR,Deaths,0.190212599772258,2021-08-09,8
MUNI-ARIMA,GB,Cases,0.159674547954893,2021-08-09,8
MUNI-ARIMA,GB,Deaths,0.0949423790712678,2021-08-09,8
MUNI_DMS-SEIAR,CZ,Cases,0.0440525574884764,2021-08-09,8
MUNI_DMS-SEIAR,CZ,Deaths,0.154929637888567,2021-08-09,8
PL_GRedlarski-DistrictsSum,PL,Cases,0.0946623297827034,2021-08-09,8
RobertWalraven-ESG,CZ,Cases,0.276113758621059,2021-08-09,8
RobertWalraven-ESG,CZ,Deaths,0.154423402380878,2021-08-09,8
RobertWalraven-ESG,DE,Deaths,0.137582205860944,2021-08-09,8
RobertWalraven-ESG,FR,Cases,0.16583151206529,2021-08-09,8
RobertWalraven-ESG,FR,Deaths,0.237969499417287,2021-08-09,8
RobertWalraven-ESG,GB,Cases,0.232636411310734,2021-08-09,8
UMass-MechBayes,CZ,Deaths,0.133292495238851,2021-08-09,8
UMass-MechBayes,DE,Deaths,0.134617186757412,2021-08-09,8
UMass-MechBayes,FR,Deaths,0.194886161130511,2021-08-09,8
UMass-MechBayes,GB,Deaths,0.127590236495076,2021-08-09,8
UMass-MechBayes,PL,Deaths,0.193047314200947,2021-08-09,8
epiforecasts-EpiExpert,DE,Cases,0.139894291479585,2021-08-09,8
epiforecasts-EpiExpert,GB,Cases,0.0981020979229372,2021-08-09,8
epiforecasts-EpiExpert,GB,Deaths,0.156973241226271,2021-08-09,8
epiforecasts-EpiExpert,PL,Cases,0.159657947176505,2021-08-09,8
epiforecasts-EpiExpert,PL,Deaths,0.112934273023717,2021-08-09,8
epiforecasts-EpiExpert_Rt,DE,Cases,0.10665298416659,2021-08-09,8
epiforecasts-EpiExpert_Rt,GB,Deaths,0.130052315657592,2021-08-09,8
epiforecasts-EpiExpert_Rt,PL,Cases,0.203936531567562,2021-08-09,8
epiforecasts-EpiExpert_Rt,PL,Deaths,0.0889960265884753,2021-08-09,8
epiforecasts-EpiExpert_direct,DE,Cases,0.146080130692927,2021-08-09,8
epiforecasts-EpiExpert_direct,DE,Deaths,0.122027383833123,2021-08-09,8
epiforecasts-EpiExpert_direct,GB,Cases,0.103364035690434,2021-08-09,8
epiforecasts-EpiExpert_direct,GB,Deaths,0.136366230391018,2021-08-09,8
epiforecasts-EpiNow2,CZ,Cases,0.0477537075623371,2021-08-09,8
epiforecasts-EpiNow2,CZ,Deaths,0.0751284042852878,2021-08-09,8
epiforecasts-EpiNow2,FR,Cases,0.118654709238979,2021-08-09,8
epiforecasts-EpiNow2,GB,Cases,0.0998793210246009,2021-08-09,8
epiforecasts-EpiNow2,GB,Deaths,0.138391335898462,2021-08-09,8
epiforecasts-EpiNow2,PL,Cases,0.0905887210948512,2021-08-09,8
itwm-dSEIR,DE,Cases,0.1415011088046,2021-08-09,8
itwm-dSEIR,DE,Deaths,0.11408102573889,2021-08-09,8
FIAS_FZJ-Epi1Ger,DE,Cases,0.162269715094158,2021-08-16,8
HZI-AgeExtendedSEIR,DE,Cases,0.103398761320218,2021-08-16,8
HZI-AgeExtendedSEIR,DE,Deaths,0.14608076586822,2021-08-16,8
IEM_Health-CovidProject,CZ,Cases,0.269719643671087,2021-08-16,8
IEM_Health-CovidProject,CZ,Deaths,0.134723614811045,2021-08-16,8
IEM_Health-CovidProject,DE,Cases,0.117203884040583,2021-08-16,8
IEM_Health-CovidProject,DE,Deaths,0.144325066571418,2021-08-16,8
IEM_Health-CovidProject,FR,Cases,0.259467567813298,2021-08-16,8
IEM_Health-CovidProject,FR,Deaths,0.235815644002738,2021-08-16,8
IEM_Health-CovidProject,GB,Cases,0.122983918210029,2021-08-16,8
IEM_Health-CovidProject,GB,Deaths,0.147393301638348,2021-08-16,8
IEM_Health-CovidProject,PL,Cases,0.085485439853041,2021-08-16,8
IEM_Health-CovidProject,PL,Deaths,0.119405609992544,2021-08-16,8
ILM-EKF,CZ,Cases,0.118650228547269,2021-08-16,8
ILM-EKF,CZ,Deaths,0.124473525822123,2021-08-16,8
ILM-EKF,FR,Cases,0.0439780359537025,2021-08-16,8
ILM-EKF,FR,Deaths,0.0875164398614271,2021-08-16,8
ILM-EKF,PL,Deaths,0.126745467705515,2021-08-16,8
ITWW-county_repro,DE,Deaths,0.0596915040526549,2021-08-16,8
ITWW-county_repro,PL,Cases,0.158209995975547,2021-08-16,8
Karlen-pypm,CZ,Cases,0.0477045024354227,2021-08-16,8
Karlen-pypm,CZ,Deaths,0.12964252632932,2021-08-16,8
Karlen-pypm,FR,Cases,0.0379738575360839,2021-08-16,8
Karlen-pypm,FR,Deaths,0.0740813013141793,2021-08-16,8
Karlen-pypm,GB,Cases,0.115881617293396,2021-08-16,8
Karlen-pypm,GB,Deaths,0.126685436977644,2021-08-16,8
Karlen-pypm,PL,Cases,0.180291720247549,2021-08-16,8
Karlen-pypm,PL,Deaths,0.119887385671122,2021-08-16,8
MIT_CovidAnalytics-DELPHI,DE,Deaths,0.1694104824356,2021-08-16,8
MIT_CovidAnalytics-DELPHI,PL,Deaths,0.173524392750863,2021-08-16,8
MOCOS-agent1,PL,Cases,0.148553787751798,2021-08-16,8
MOCOS-agent1,PL,Deaths,0.189936606877667,2021-08-16,8
MUNI-ARIMA,CZ,Cases,0.0801916705808914,2021-08-16,8
MUNI-ARIMA,CZ,Deaths,0.107822648756415,2021-08-16,8
MUNI-ARIMA,DE,Cases,0.119462328860671,2021-08-16,8
MUNI-ARIMA,DE,Deaths,0.106244076748401,2021-08-16,8
MUNI-ARIMA,FR,Cases,0.355147261927241,2021-08-16,8
MUNI-ARIMA,FR,Deaths,0.23653441277028,2021-08-16,8
MUNI-ARIMA,GB,Cases,0.137428069545592,2021-08-16,8
MUNI-ARIMA,GB,Deaths,0.0891662864806177,2021-08-16,8
MUNI-ARIMA,PL,Deaths,0.0760606041584599,2021-08-16,8
MUNI_DMS-SEIAR,CZ,Cases,0.0452671765616907,2021-08-16,8
MUNI_DMS-SEIAR,CZ,Deaths,0.173734104088105,2021-08-16,8
PL_GRedlarski-DistrictsSum,PL,Cases,0.109488611200345,2021-08-16,8
RobertWalraven-ESG,CZ,Cases,0.229909244369782,2021-08-16,8
RobertWalraven-ESG,CZ,Deaths,0.172887518013707,2021-08-16,8
RobertWalraven-ESG,DE,Deaths,0.197674685197214,2021-08-16,8
RobertWalraven-ESG,FR,Cases,0.239529105418212,2021-08-16,8
RobertWalraven-ESG,FR,Deaths,0.309444631794176,2021-08-16,8
RobertWalraven-ESG,GB,Cases,0.226113148489539,2021-08-16,8
RobertWalraven-ESG,GB,Deaths,0.0842106741003847,2021-08-16,8
epiforecasts-EpiExpert,DE,Cases,0.103297407367387,2021-08-16,8
epiforecasts-EpiExpert,GB,Cases,0.0984422580773032,2021-08-16,8
epiforecasts-EpiExpert,GB,Deaths,0.140723107798768,2021-08-16,8
epiforecasts-EpiExpert,PL,Cases,0.142142053468907,2021-08-16,8
epiforecasts-EpiExpert,PL,Deaths,0.0843497869107043,2021-08-16,8
epiforecasts-EpiExpert_Rt,DE,Cases,0.105138520026627,2021-08-16,8
epiforecasts-EpiExpert_Rt,GB,Cases,0.0933551357026476,2021-08-16,8
epiforecasts-EpiExpert_Rt,GB,Deaths,0.11053642270252,2021-08-16,8
epiforecasts-EpiExpert_direct,DE,Cases,0.107279048811192,2021-08-16,8
epiforecasts-EpiExpert_direct,DE,Deaths,0.0967662543675001,2021-08-16,8
epiforecasts-EpiExpert_direct,GB,Cases,0.0956553701325329,2021-08-16,8
epiforecasts-EpiExpert_direct,GB,Deaths,0.175356701414334,2021-08-16,8
epiforecasts-EpiExpert_direct,PL,Cases,0.0555996863997304,2021-08-16,8
epiforecasts-EpiExpert_direct,PL,Deaths,0.110090145933124,2021-08-16,8
epiforecasts-EpiNow2,CZ,Cases,0.208557533833858,2021-08-16,8
epiforecasts-EpiNow2,CZ,Deaths,0.156716062179285,2021-08-16,8
epiforecasts-EpiNow2,FR,Cases,0.063904171351462,2021-08-16,8
epiforecasts-EpiNow2,FR,Deaths,0.056607570257199,2021-08-16,8
epiforecasts-EpiNow2,GB,Cases,0.110140482548961,2021-08-16,8
epiforecasts-EpiNow2,GB,Deaths,0.125928068887383,2021-08-16,8
epiforecasts-EpiNow2,PL,Cases,0.120228705103083,2021-08-16,8
itwm-dSEIR,DE,Cases,0.181950334479165,2021-08-16,8
itwm-dSEIR,DE,Deaths,0.0798071647589915,2021-08-16,8
FIAS_FZJ-Epi1Ger,DE,Cases,0.137400997249028,2021-08-23,8
HZI-AgeExtendedSEIR,DE,Cases,0.12924807882559,2021-08-23,8
HZI-AgeExtendedSEIR,DE,Deaths,0.156176328679472,2021-08-23,8
IEM_Health-CovidProject,CZ,Cases,0.345298432226737,2021-08-23,8
IEM_Health-CovidProject,CZ,Deaths,0.122612903373893,2021-08-23,8
IEM_Health-CovidProject,DE,Deaths,0.133124615361877,2021-08-23,8
IEM_Health-CovidProject,FR,Cases,0.12274853448982,2021-08-23,8
IEM_Health-CovidProject,FR,Deaths,0.230435020696753,2021-08-23,8
IEM_Health-CovidProject,GB,Cases,0.100324781685711,2021-08-23,8
IEM_Health-CovidProject,GB,Deaths,0.145903876640983,2021-08-23,8
IEM_Health-CovidProject,PL,Cases,0.135606268526656,2021-08-23,8
IEM_Health-CovidProject,PL,Deaths,0.250367707221849,2021-08-23,8
ILM-EKF,CZ,Cases,0.0856939895890072,2021-08-23,8
ILM-EKF,CZ,Deaths,0.111737771008924,2021-08-23,8
ILM-EKF,FR,Cases,0.0129369693558595,2021-08-23,8
ILM-EKF,FR,Deaths,0.0627539012308127,2021-08-23,8
ILM-EKF,GB,Cases,0.0963013078493373,2021-08-23,8
ILM-EKF,PL,Deaths,0.119779363230468,2021-08-23,8
ITWW-county_repro,DE,Cases,0.132282497107939,2021-08-23,8
ITWW-county_repro,DE,Deaths,0.0571595143999394,2021-08-23,8
ITWW-county_repro,PL,Cases,0.100144383632184,2021-08-23,8
ITWW-county_repro,PL,Deaths,0.0580990582201626,2021-08-23,8
Karlen-pypm,CZ,Cases,0.173800951226543,2021-08-23,8
Karlen-pypm,CZ,Deaths,0.165502452736908,2021-08-23,8
Karlen-pypm,DE,Cases,0.112511178793226,2021-08-23,8
Karlen-pypm,FR,Cases,0.0178762765768905,2021-08-23,8
Karlen-pypm,FR,Deaths,0.0913158371470715,2021-08-23,8
Karlen-pypm,GB,Deaths,0.0792768273341935,2021-08-23,8
Karlen-pypm,PL,Cases,0.181741616566223,2021-08-23,8
Karlen-pypm,PL,Deaths,0.125180691124728,2021-08-23,8
MIT_CovidAnalytics-DELPHI,DE,Deaths,0.200434587631898,2021-08-23,8
MOCOS-agent1,PL,Cases,0.11124916146251,2021-08-23,8
MOCOS-agent1,PL,Deaths,0.218961455462543,2021-08-23,8
MUNI-ARIMA,CZ,Cases,0.0615734597175804,2021-08-23,8
MUNI-ARIMA,CZ,Deaths,0.072935957690612,2021-08-23,8
MUNI-ARIMA,DE,Deaths,0.11461502806656,2021-08-23,8
MUNI-ARIMA,FR,Cases,0.331823582244166,2021-08-23,8
MUNI-ARIMA,FR,Deaths,0.258507478119029,2021-08-23,8
MUNI-ARIMA,GB,Cases,0.216698305746853,2021-08-23,8
MUNI-ARIMA,GB,Deaths,0.0814082349555496,2021-08-23,8
MUNI-ARIMA,PL,Deaths,0.0782529439096245,2021-08-23,8
MUNI_DMS-SEIAR,CZ,Cases,0.0977378728245113,2021-08-23,8
MUNI_DMS-SEIAR,CZ,Deaths,0.209656656990291,2021-08-23,8
PL_GRedlarski-DistrictsSum,PL,Cases,0.133747572301361,2021-08-23,8
RobertWalraven-ESG,CZ,Cases,0.139862264893814,2021-08-23,8
RobertWalraven-ESG,CZ,Deaths,0.150670284574217,2021-08-23,8
RobertWalraven-ESG,DE,Deaths,0.213492120598129,2021-08-23,8
RobertWalraven-ESG,FR,Cases,0.48095614263754,2021-08-23,8
RobertWalraven-ESG,FR,Deaths,0.309694675658837,2021-08-23,8
RobertWalraven-ESG,GB,Cases,0.0818608862331931,2021-08-23,8
RobertWalraven-ESG,GB,Deaths,0.25242314825859,2021-08-23,8
epiforecasts-EpiExpert,DE,Cases,0.122489157311909,2021-08-23,8
epiforecasts-EpiExpert,GB,Cases,0.148410819337347,2021-08-23,8
epiforecasts-EpiExpert,GB,Deaths,0.107718656038345,2021-08-23,8
epiforecasts-EpiExpert,PL,Cases,0.141616101112272,2021-08-23,8
epiforecasts-EpiExpert,PL,Deaths,0.0934321831908555,2021-08-23,8
epiforecasts-EpiExpert_Rt,DE,Cases,0.103637547148232,2021-08-23,8
epiforecasts-EpiExpert_Rt,GB,Cases,0.118600677448754,2021-08-23,8
epiforecasts-EpiExpert_Rt,GB,Deaths,0.0719311782014057,2021-08-23,8
epiforecasts-EpiExpert_Rt,PL,Cases,0.10823481925492,2021-08-23,8
epiforecasts-EpiExpert_direct,DE,Cases,0.15805675455325,2021-08-23,8
epiforecasts-EpiExpert_direct,DE,Deaths,0.0779683146493501,2021-08-23,8
epiforecasts-EpiExpert_direct,GB,Cases,0.156733953810284,2021-08-23,8
epiforecasts-EpiExpert_direct,GB,Deaths,0.171640392295274,2021-08-23,8
epiforecasts-EpiNow2,CZ,Cases,0.0960330295218078,2021-08-23,8
epiforecasts-EpiNow2,CZ,Deaths,0.166883973625155,2021-08-23,8
epiforecasts-EpiNow2,FR,Cases,0.0336584946957239,2021-08-23,8
epiforecasts-EpiNow2,FR,Deaths,0.0472930871474963,2021-08-23,8
epiforecasts-EpiNow2,GB,Cases,0.08106926788852,2021-08-23,8
epiforecasts-EpiNow2,GB,Deaths,0.0896976862756595,2021-08-23,8
epiforecasts-EpiNow2,PL,Cases,0.0876600771438736,2021-08-23,8
epiforecasts-EpiNow2,PL,Deaths,0.0559265976397695,2021-08-23,8
itwm-dSEIR,DE,Cases,0.104373789010825,2021-08-23,8
itwm-dSEIR,DE,Deaths,0.0470294906127746,2021-08-23,8
HZI-AgeExtendedSEIR,DE,Cases,0.137877735574251,2021-08-30,8
HZI-AgeExtendedSEIR,DE,Deaths,0.159310248208531,2021-08-30,8
IEM_Health-CovidProject,CZ,Cases,0.304306147608771,2021-08-30,8
IEM_Health-CovidProject,CZ,Deaths,0.134133202339682,2021-08-30,8
IEM_Health-CovidProject,DE,Deaths,0.0951190379867983,2021-08-30,8
IEM_Health-CovidProject,FR,Cases,0.132696507125795,2021-08-30,8
IEM_Health-CovidProject,FR,Deaths,0.149122868130296,2021-08-30,8
IEM_Health-CovidProject,GB,Cases,0.106046029449941,2021-08-30,8
IEM_Health-CovidProject,GB,Deaths,0.214420940163762,2021-08-30,8
IEM_Health-CovidProject,PL,Cases,0.200072507147883,2021-08-30,8
IEM_Health-CovidProject,PL,Deaths,0.229461932502574,2021-08-30,8
ILM-EKF,CZ,Cases,0.136772664269167,2021-08-30,8
ILM-EKF,CZ,Deaths,0.129160210749009,2021-08-30,8
ILM-EKF,FR,Cases,0.062191992643084,2021-08-30,8
ILM-EKF,FR,Deaths,0.143330050388252,2021-08-30,8
ILM-EKF,GB,Cases,0.0706278804715694,2021-08-30,8
ILM-EKF,GB,Deaths,0.0891298630736285,2021-08-30,8
ILM-EKF,PL,Cases,0.103339226515286,2021-08-30,8
ILM-EKF,PL,Deaths,0.0990003371048705,2021-08-30,8
ITWW-county_repro,DE,Cases,0.12150377971879,2021-08-30,8
ITWW-county_repro,DE,Deaths,0.0679288881518655,2021-08-30,8
ITWW-county_repro,PL,Cases,0.0995235969875777,2021-08-30,8
ITWW-county_repro,PL,Deaths,0.0991401513675739,2021-08-30,8
Karlen-pypm,CZ,Cases,0.109774732437838,2021-08-30,8
Karlen-pypm,CZ,Deaths,0.160668920040891,2021-08-30,8
Karlen-pypm,DE,Cases,0.121881932965205,2021-08-30,8
Karlen-pypm,DE,Deaths,0.0481820952255164,2021-08-30,8
Karlen-pypm,FR,Cases,0.337306101541659,2021-08-30,8
Karlen-pypm,FR,Deaths,0.275088255578458,2021-08-30,8
Karlen-pypm,GB,Deaths,0.0704447879230377,2021-08-30,8
Karlen-pypm,PL,Cases,0.187777222391967,2021-08-30,8
Karlen-pypm,PL,Deaths,0.118884910413158,2021-08-30,8
MIT_CovidAnalytics-DELPHI,DE,Deaths,0.164114995712776,2021-08-30,8
MIT_CovidAnalytics-DELPHI,PL,Deaths,0.151289659531283,2021-08-30,8
MOCOS-agent1,PL,Cases,0.105086618348916,2021-08-30,8
MOCOS-agent1,PL,Deaths,0.158729998914139,2021-08-30,8
MUNI-ARIMA,CZ,Cases,0.0472202523494257,2021-08-30,8
MUNI-ARIMA,CZ,Deaths,0.07907642749591,2021-08-30,8
MUNI-ARIMA,DE,Cases,0.12280903481606,2021-08-30,8
MUNI-ARIMA,DE,Deaths,0.107937815306911,2021-08-30,8
MUNI-ARIMA,FR,Cases,0.197490517908187,2021-08-30,8
MUNI-ARIMA,FR,Deaths,0.141747312701554,2021-08-30,8
MUNI-ARIMA,GB,Cases,0.195045479584169,2021-08-30,8
MUNI-ARIMA,GB,Deaths,0.161729131216578,2021-08-30,8
MUNI-ARIMA,PL,Deaths,0.0642353207647312,2021-08-30,8
MUNI_DMS-SEIAR,CZ,Cases,0.222173984620433,2021-08-30,8
MUNI_DMS-SEIAR,CZ,Deaths,0.17688387221577,2021-08-30,8
PL_GRedlarski-DistrictsSum,PL,Cases,0.170511347233214,2021-08-30,8
RobertWalraven-ESG,CZ,Cases,0.106125332455977,2021-08-30,8
RobertWalraven-ESG,CZ,Deaths,0.134463186410195,2021-08-30,8
RobertWalraven-ESG,DE,Deaths,0.190800404072413,2021-08-30,8
RobertWalraven-ESG,FR,Cases,0.23007713843484,2021-08-30,8
RobertWalraven-ESG,FR,Deaths,0.250266609689413,2021-08-30,8
RobertWalraven-ESG,GB,Cases,0.0710620509723111,2021-08-30,8
RobertWalraven-ESG,GB,Deaths,0.155324149640562,2021-08-30,8
RobertWalraven-ESG,PL,Cases,0.0516730150959399,2021-08-30,8
RobertWalraven-ESG,PL,Deaths,0.0792576894016708,2021-08-30,8
UNIPV-BayesINGARCHX,DE,Cases,0.108129641460635,2021-08-30,8
epiforecasts-EpiExpert,DE,Cases,0.1273963641612,2021-08-30,8
epiforecasts-EpiExpert,GB,Cases,0.186044142427286,2021-08-30,8
epiforecasts-EpiExpert,GB,Deaths,0.0894948648119687,2021-08-30,8
epiforecasts-EpiExpert_Rt,DE,Cases,0.110317151446134,2021-08-30,8
epiforecasts-EpiExpert_Rt,GB,Cases,0.111545602802196,2021-08-30,8
epiforecasts-EpiExpert_direct,DE,Cases,0.150084359857726,2021-08-30,8
epiforecasts-EpiExpert_direct,DE,Deaths,0.166606515335189,2021-08-30,8
epiforecasts-EpiExpert_direct,GB,Cases,0.193273606782714,2021-08-30,8
epiforecasts-EpiExpert_direct,GB,Deaths,0.142342404035612,2021-08-30,8
epiforecasts-EpiNow2,CZ,Cases,0.0736268862583883,2021-08-30,8
epiforecasts-EpiNow2,CZ,Deaths,0.185614180748543,2021-08-30,8
epiforecasts-EpiNow2,FR,Cases,0.0402377423464354,2021-08-30,8
epiforecasts-EpiNow2,FR,Deaths,0.0404449035120279,2021-08-30,8
epiforecasts-EpiNow2,GB,Cases,0.066355207509814,2021-08-30,8
epiforecasts-EpiNow2,GB,Deaths,0.077113859134851,2021-08-30,8
epiforecasts-EpiNow2,PL,Cases,0.0820164662792154,2021-08-30,8
CovidMetrics-epiBATS,DE,Cases,0.109708663078508,2021-09-06,8
HZI-AgeExtendedSEIR,DE,Cases,0.126253470682315,2021-09-06,8
HZI-AgeExtendedSEIR,DE,Deaths,0.170165398820177,2021-09-06,8
IEM_Health-CovidProject,CZ,Cases,0.320456812349318,2021-09-06,8
IEM_Health-CovidProject,CZ,Deaths,0.142051973521494,2021-09-06,8
IEM_Health-CovidProject,DE,Cases,0.131185760993009,2021-09-06,8
IEM_Health-CovidProject,DE,Deaths,0.0993817868190463,2021-09-06,8
IEM_Health-CovidProject,FR,Cases,0.0597861251367073,2021-09-06,8
IEM_Health-CovidProject,FR,Deaths,0.0726526946896454,2021-09-06,8
IEM_Health-CovidProject,GB,Cases,0.194962713420928,2021-09-06,8
IEM_Health-CovidProject,GB,Deaths,0.248817753333822,2021-09-06,8
IEM_Health-CovidProject,PL,Cases,0.172317922889153,2021-09-06,8
IEM_Health-CovidProject,PL,Deaths,0.117626125176631,2021-09-06,8
ILM-EKF,CZ,Cases,0.180504582608446,2021-09-06,8
ILM-EKF,CZ,Deaths,0.14783682623529,2021-09-06,8
ILM-EKF,DE,Cases,0.115567861736761,2021-09-06,8
ILM-EKF,DE,Deaths,0.0924935757282765,2021-09-06,8
ILM-EKF,FR,Cases,0.226889956101068,2021-09-06,8
ILM-EKF,FR,Deaths,0.178503006806561,2021-09-06,8
ILM-EKF,GB,Cases,0.146165783639131,2021-09-06,8
ILM-EKF,GB,Deaths,0.109370611414121,2021-09-06,8
ILM-EKF,PL,Cases,0.105109646502472,2021-09-06,8
ILM-EKF,PL,Deaths,0.109375935085884,2021-09-06,8
ITWW-county_repro,DE,Cases,0.104124963106312,2021-09-06,8
ITWW-county_repro,DE,Deaths,0.11716868923044,2021-09-06,8
ITWW-county_repro,PL,Cases,0.125794720759332,2021-09-06,8
ITWW-county_repro,PL,Deaths,0.166375826840918,2021-09-06,8
Karlen-pypm,CZ,Cases,0.087819209573443,2021-09-06,8
Karlen-pypm,CZ,Deaths,0.190938577801758,2021-09-06,8
Karlen-pypm,DE,Cases,0.0967612231332919,2021-09-06,8
Karlen-pypm,DE,Deaths,0.0953451652624936,2021-09-06,8
Karlen-pypm,FR,Cases,0.361465822795339,2021-09-06,8
Karlen-pypm,FR,Deaths,0.294374691145343,2021-09-06,8
Karlen-pypm,GB,Cases,0.0443579328548681,2021-09-06,8
Karlen-pypm,GB,Deaths,0.0869244720400587,2021-09-06,8
Karlen-pypm,PL,Cases,0.182884978011596,2021-09-06,8
Karlen-pypm,PL,Deaths,0.169322432996316,2021-09-06,8
MIT_CovidAnalytics-DELPHI,DE,Deaths,0.10937576008674,2021-09-06,8
MIT_CovidAnalytics-DELPHI,PL,Deaths,0.0811457518108603,2021-09-06,8
MOCOS-agent1,PL,Cases,0.0970008615107695,2021-09-06,8
MOCOS-agent1,PL,Deaths,0.142921299182581,2021-09-06,8
MUNI-ARIMA,CZ,Cases,0.051061103020512,2021-09-06,8
MUNI-ARIMA,CZ,Deaths,0.0711771137241179,2021-09-06,8
MUNI-ARIMA,DE,Cases,0.166237158411124,2021-09-06,8
MUNI-ARIMA,DE,Deaths,0.142647458256611,2021-09-06,8
MUNI-ARIMA,FR,Cases,0.14110315372619,2021-09-06,8
MUNI-ARIMA,FR,Deaths,0.117615510431712,2021-09-06,8
MUNI-ARIMA,GB,Cases,0.194096036186963,2021-09-06,8
MUNI-ARIMA,GB,Deaths,0.182893735423675,2021-09-06,8
MUNI_DMS-SEIAR,CZ,Cases,0.202654832077213,2021-09-06,8
MUNI_DMS-SEIAR,CZ,Deaths,0.19004958073747,2021-09-06,8
PL_GRedlarski-DistrictsSum,PL,Cases,0.13280612741638,2021-09-06,8
RobertWalraven-ESG,CZ,Cases,0.0993161005763342,2021-09-06,8
RobertWalraven-ESG,CZ,Deaths,0.117448089020863,2021-09-06,8
RobertWalraven-ESG,DE,Deaths,0.173422165796215,2021-09-06,8
RobertWalraven-ESG,FR,Cases,0.129234190784482,2021-09-06,8
RobertWalraven-ESG,FR,Deaths,0.269104741736587,2021-09-06,8
RobertWalraven-ESG,GB,Cases,0.0505421934717988,2021-09-06,8
RobertWalraven-ESG,GB,Deaths,0.118161057908598,2021-09-06,8
RobertWalraven-ESG,PL,Cases,0.0519069573473863,2021-09-06,8
RobertWalraven-ESG,PL,Deaths,0.0892904437257648,2021-09-06,8
UNIPV-BayesINGARCHX,DE,Cases,0.150160898858679,2021-09-06,8
epiforecasts-EpiExpert_direct,GB,Cases,0.277908355255211,2021-09-06,8
epiforecasts-EpiExpert_direct,GB,Deaths,0.154104778991558,2021-09-06,8
epiforecasts-EpiNow2,CZ,Cases,0.058187359794734,2021-09-06,8
epiforecasts-EpiNow2,CZ,Deaths,0.140497838959006,2021-09-06,8
epiforecasts-EpiNow2,FR,Cases,0.0815207514562142,2021-09-06,8
epiforecasts-EpiNow2,FR,Deaths,0.0677493551901516,2021-09-06,8
epiforecasts-EpiNow2,GB,Cases,0.0919669851711006,2021-09-06,8
epiforecasts-EpiNow2,GB,Deaths,0.0997275908881669,2021-09-06,8
epiforecasts-EpiNow2,PL,Cases,0.132178785562912,2021-09-06,8
epiforecasts-EpiNow2,PL,Deaths,0.123942185181045,2021-09-06,8
CovidMetrics-epiBATS,DE,Cases,0.163032834839177,2021-09-13,8
HZI-AgeExtendedSEIR,DE,Deaths,0.161263549311754,2021-09-13,8
IEM_Health-CovidProject,CZ,Cases,0.180746337904228,2021-09-13,8
IEM_Health-CovidProject,CZ,Deaths,0.125528704652926,2021-09-13,8
IEM_Health-CovidProject,DE,Cases,0.12371004703963,2021-09-13,8
IEM_Health-CovidProject,FR,Cases,0.0432756079012177,2021-09-13,8
IEM_Health-CovidProject,FR,Deaths,0.0319891447576587,2021-09-13,8
IEM_Health-CovidProject,GB,Cases,0.259503622354522,2021-09-13,8
IEM_Health-CovidProject,GB,Deaths,0.219843307147252,2021-09-13,8
IEM_Health-CovidProject,PL,Cases,0.126695278326637,2021-09-13,8
IEM_Health-CovidProject,PL,Deaths,0.0792935212210896,2021-09-13,8
ILM-EKF,CZ,Cases,0.162163651815221,2021-09-13,8
ILM-EKF,CZ,Deaths,0.14718899586349,2021-09-13,8
ILM-EKF,DE,Cases,0.0724602264734518,2021-09-13,8
ILM-EKF,DE,Deaths,0.11166616634356,2021-09-13,8
ILM-EKF,FR,Cases,0.239760918625923,2021-09-13,8
ILM-EKF,FR,Deaths,0.160718496808323,2021-09-13,8
ILM-EKF,GB,Cases,0.112902330974183,2021-09-13,8
ILM-EKF,GB,Deaths,0.113858865768373,2021-09-13,8
ILM-EKF,PL,Cases,0.114233720522968,2021-09-13,8
ILM-EKF,PL,Deaths,0.121919140828809,2021-09-13,8
ITWW-county_repro,DE,Deaths,0.1536508938814,2021-09-13,8
ITWW-county_repro,PL,Cases,0.179767377141338,2021-09-13,8
ITWW-county_repro,PL,Deaths,0.171171379240409,2021-09-13,8
Karlen-pypm,CZ,Cases,0.107172366110813,2021-09-13,8
Karlen-pypm,CZ,Deaths,0.216952655388793,2021-09-13,8
Karlen-pypm,DE,Deaths,0.0916771916955989,2021-09-13,8
Karlen-pypm,FR,Cases,0.38780743833028,2021-09-13,8
Karlen-pypm,FR,Deaths,0.250119508254259,2021-09-13,8
Karlen-pypm,GB,Cases,0.152892810232646,2021-09-13,8
Karlen-pypm,GB,Deaths,0.0987847864367483,2021-09-13,8
Karlen-pypm,PL,Cases,0.17318768306561,2021-09-13,8
Karlen-pypm,PL,Deaths,0.12643458479914,2021-09-13,8
MIT_CovidAnalytics-DELPHI,DE,Cases,0.0734495578714111,2021-09-13,8
MIT_CovidAnalytics-DELPHI,DE,Deaths,0.0818994198408952,2021-09-13,8
MIT_CovidAnalytics-DELPHI,PL,Cases,0.0491467970803087,2021-09-13,8
MOCOS-agent1,PL,Cases,0.15382395185802,2021-09-13,8
MOCOS-agent1,PL,Deaths,0.185930701373236,2021-09-13,8
MUNI-ARIMA,CZ,Cases,0.0925312410787127,2021-09-13,8
MUNI-ARIMA,CZ,Deaths,0.0628972243433132,2021-09-13,8
MUNI-ARIMA,DE,Cases,0.181893983590383,2021-09-13,8
MUNI-ARIMA,DE,Deaths,0.119795820426359,2021-09-13,8
MUNI-ARIMA,FR,Cases,0.107566331325662,2021-09-13,8
MUNI-ARIMA,FR,Deaths,0.136130311104674,2021-09-13,8
MUNI-ARIMA,GB,Cases,0.145663712242268,2021-09-13,8
MUNI-ARIMA,GB,Deaths,0.223339791301125,2021-09-13,8
MUNI-ARIMA,PL,Deaths,0.0672785758962291,2021-09-13,8
MUNI_DMS-SEIAR,CZ,Cases,0.206585279148404,2021-09-13,8
MUNI_DMS-SEIAR,CZ,Deaths,0.20707871709622,2021-09-13,8
PL_GRedlarski-DistrictsSum,PL,Cases,0.0848641731315953,2021-09-13,8
RobertWalraven-ESG,CZ,Cases,0.128291890265435,2021-09-13,8
RobertWalraven-ESG,CZ,Deaths,0.0907975155288471,2021-09-13,8
RobertWalraven-ESG,DE,Cases,0.0828035350531349,2021-09-13,8
RobertWalraven-ESG,DE,Deaths,0.153396721469671,2021-09-13,8
RobertWalraven-ESG,FR,Cases,0.123178611160238,2021-09-13,8
RobertWalraven-ESG,FR,Deaths,0.305535265988933,2021-09-13,8
RobertWalraven-ESG,GB,Cases,0.0567535467285396,2021-09-13,8
RobertWalraven-ESG,GB,Deaths,0.0981588360975657,2021-09-13,8
RobertWalraven-ESG,PL,Deaths,0.0939681890158123,2021-09-13,8
UNIPV-BayesINGARCHX,DE,Cases,0.224382650348131,2021-09-13,8
epiforecasts-EpiExpert_direct,DE,Cases,0.0782671647846817,2021-09-13,8
epiforecasts-EpiExpert_direct,DE,Deaths,0.126650237030762,2021-09-13,8
epiforecasts-EpiExpert_direct,GB,Cases,0.203707015200949,2021-09-13,8
epiforecasts-EpiExpert_direct,GB,Deaths,0.124683285973445,2021-09-13,8
epiforecasts-EpiNow2,CZ,Cases,0.122509233677186,2021-09-13,8
epiforecasts-EpiNow2,CZ,Deaths,0.14955618712641,2021-09-13,8
epiforecasts-EpiNow2,FR,Cases,0.0984110926566799,2021-09-13,8
epiforecasts-EpiNow2,FR,Deaths,0.115507273086152,2021-09-13,8
epiforecasts-EpiNow2,GB,Cases,0.0685769622668928,2021-09-13,8
epiforecasts-EpiNow2,GB,Deaths,0.121331127275491,2021-09-13,8
epiforecasts-EpiNow2,PL,Cases,0.118281018873524,2021-09-13,8
epiforecasts-EpiNow2,PL,Deaths,0.154003907625276,2021-09-13,8
CovidMetrics-epiBATS,DE,Cases,0.30854662665164,2021-09-20,8
HZI-AgeExtendedSEIR,DE,Deaths,0.174546663116474,2021-09-20,8
IEM_Health-CovidProject,CZ,Cases,0.145177953217645,2021-09-20,8
IEM_Health-CovidProject,CZ,Deaths,0.105406255834594,2021-09-20,8
IEM_Health-CovidProject,DE,Cases,0.0619991720743493,2021-09-20,8
IEM_Health-CovidProject,FR,Cases,0.0510366528655509,2021-09-20,8
IEM_Health-CovidProject,FR,Deaths,0.0186175542111226,2021-09-20,8
IEM_Health-CovidProject,GB,Cases,0.129765854983395,2021-09-20,8
IEM_Health-CovidProject,GB,Deaths,0.200784937375321,2021-09-20,8
IEM_Health-CovidProject,PL,Cases,0.107656109115319,2021-09-20,8
IEM_Health-CovidProject,PL,Deaths,0.085664466699809,2021-09-20,8
ILM-EKF,CZ,Cases,0.152088874934304,2021-09-20,8
ILM-EKF,CZ,Deaths,0.145533182801847,2021-09-20,8
ILM-EKF,FR,Cases,0.295261035928139,2021-09-20,8
ILM-EKF,FR,Deaths,0.156986715370203,2021-09-20,8
ILM-EKF,GB,Cases,0.0941071510081224,2021-09-20,8
ILM-EKF,GB,Deaths,0.0964722581866341,2021-09-20,8
ILM-EKF,PL,Cases,0.136836276666095,2021-09-20,8
ILM-EKF,PL,Deaths,0.132789674534338,2021-09-20,8
ITWW-county_repro,DE,Deaths,0.141908601534638,2021-09-20,8
ITWW-county_repro,PL,Cases,0.182833466505479,2021-09-20,8
ITWW-county_repro,PL,Deaths,0.149911655493783,2021-09-20,8
Karlen-pypm,CZ,Cases,0.140303735650284,2021-09-20,8
Karlen-pypm,CZ,Deaths,0.214004628717536,2021-09-20,8
Karlen-pypm,DE,Deaths,0.0986641217530526,2021-09-20,8
Karlen-pypm,FR,Cases,0.317512426987019,2021-09-20,8
Karlen-pypm,FR,Deaths,0.258319808949503,2021-09-20,8
Karlen-pypm,GB,Cases,0.207407349746093,2021-09-20,8
Karlen-pypm,GB,Deaths,0.0833344097072935,2021-09-20,8
Karlen-pypm,PL,Cases,0.159994895552258,2021-09-20,8
Karlen-pypm,PL,Deaths,0.112980184772698,2021-09-20,8
MIT_CovidAnalytics-DELPHI,DE,Cases,0.14499328496709,2021-09-20,8
MOCOS-agent1,PL,Cases,0.166364165420449,2021-09-20,8
MOCOS-agent1,PL,Deaths,0.185318097567508,2021-09-20,8
MUNI-ARIMA,CZ,Cases,0.114753767306241,2021-09-20,8
MUNI-ARIMA,CZ,Deaths,0.0543802423852757,2021-09-20,8
MUNI-ARIMA,DE,Cases,0.12088386914043,2021-09-20,8
MUNI-ARIMA,DE,Deaths,0.120470939095372,2021-09-20,8
MUNI-ARIMA,FR,Cases,0.0887435576451306,2021-09-20,8
MUNI-ARIMA,FR,Deaths,0.127734637096248,2021-09-20,8
MUNI-ARIMA,GB,Cases,0.179370628937159,2021-09-20,8
MUNI-ARIMA,GB,Deaths,0.17133329238468,2021-09-20,8
MUNI_DMS-SEIAR,CZ,Cases,0.166576563767523,2021-09-20,8
MUNI_DMS-SEIAR,CZ,Deaths,0.149812428154193,2021-09-20,8
PL_GRedlarski-DistrictsSum,PL,Cases,0.0648917516057853,2021-09-20,8
RobertWalraven-ESG,CZ,Cases,0.166242264592914,2021-09-20,8
RobertWalraven-ESG,CZ,Deaths,0.0737820900533776,2021-09-20,8
RobertWalraven-ESG,DE,Cases,0.128335926443952,2021-09-20,8
RobertWalraven-ESG,DE,Deaths,0.117284470205404,2021-09-20,8
RobertWalraven-ESG,FR,Cases,0.148618270087385,2021-09-20,8
RobertWalraven-ESG,FR,Deaths,0.234260419784335,2021-09-20,8
RobertWalraven-ESG,GB,Cases,0.239913899462103,2021-09-20,8
RobertWalraven-ESG,GB,Deaths,0.085766433444638,2021-09-20,8
RobertWalraven-ESG,PL,Cases,0.0724502360539673,2021-09-20,8
RobertWalraven-ESG,PL,Deaths,0.109784172938327,2021-09-20,8
UMass-MechBayes,CZ,Deaths,0.0665231775157423,2021-09-20,8
UMass-MechBayes,DE,Deaths,0.100106791688396,2021-09-20,8
UMass-MechBayes,FR,Deaths,0.0213158386179735,2021-09-20,8
UMass-MechBayes,GB,Deaths,0.0643090698151747,2021-09-20,8
UMass-MechBayes,PL,Deaths,0.0766704852042175,2021-09-20,8
UNIPV-BayesINGARCHX,DE,Cases,0.1259003768655,2021-09-20,8
epiforecasts-EpiExpert_direct,DE,Deaths,0.137469246328716,2021-09-20,8
epiforecasts-EpiExpert_direct,GB,Cases,0.0890615022460065,2021-09-20,8
epiforecasts-EpiExpert_direct,GB,Deaths,0.179179442488905,2021-09-20,8
epiforecasts-EpiNow2,CZ,Cases,0.114856840531089,2021-09-20,8
epiforecasts-EpiNow2,CZ,Deaths,0.190557994537434,2021-09-20,8
epiforecasts-EpiNow2,DE,Cases,0.0591132767864407,2021-09-20,8
epiforecasts-EpiNow2,FR,Cases,0.0988280564867758,2021-09-20,8
epiforecasts-EpiNow2,FR,Deaths,0.182765025970614,2021-09-20,8
epiforecasts-EpiNow2,GB,Cases,0.0603736136171217,2021-09-20,8
epiforecasts-EpiNow2,GB,Deaths,0.118820156597354,2021-09-20,8
epiforecasts-EpiNow2,PL,Cases,0.108973099080647,2021-09-20,8
epiforecasts-EpiNow2,PL,Deaths,0.14688126278932,2021-09-20,8
itwm-dSEIR,DE,Cases,0.0502274670705971,2021-09-20,8
itwm-dSEIR,DE,Deaths,0.109549166277947,2021-09-20,8
CovidMetrics-epiBATS,DE,Cases,0.269713176045202,2021-09-27,8
HZI-AgeExtendedSEIR,DE,Cases,0.0595921538402302,2021-09-27,8
HZI-AgeExtendedSEIR,DE,Deaths,0.141681057273446,2021-09-27,8
IEM_Health-CovidProject,CZ,Cases,0.159522145916605,2021-09-27,8
IEM_Health-CovidProject,CZ,Deaths,0.0879753165184838,2021-09-27,8
IEM_Health-CovidProject,DE,Deaths,0.110628498025628,2021-09-27,8
IEM_Health-CovidProject,FR,Cases,0.0623185764622282,2021-09-27,8
IEM_Health-CovidProject,FR,Deaths,0.0288373697316128,2021-09-27,8
IEM_Health-CovidProject,GB,Cases,0.127896812430698,2021-09-27,8
IEM_Health-CovidProject,GB,Deaths,0.229954786380205,2021-09-27,8
IEM_Health-CovidProject,PL,Cases,0.118545131896853,2021-09-27,8
IEM_Health-CovidProject,PL,Deaths,0.104362189125301,2021-09-27,8
ILM-EKF,CZ,Cases,0.162309150809257,2021-09-27,8
ILM-EKF,CZ,Deaths,0.151152353380533,2021-09-27,8
ILM-EKF,DE,Cases,0.0465727255185859,2021-09-27,8
ILM-EKF,FR,Cases,0.262064972227713,2021-09-27,8
ILM-EKF,FR,Deaths,0.151872833883113,2021-09-27,8
ILM-EKF,GB,Cases,0.125384440848843,2021-09-27,8
ILM-EKF,GB,Deaths,0.120764787778361,2021-09-27,8
ILM-EKF,PL,Cases,0.146799326020199,2021-09-27,8
ILM-EKF,PL,Deaths,0.118353990108109,2021-09-27,8
ITWW-county_repro,DE,Deaths,0.125830911758207,2021-09-27,8
ITWW-county_repro,PL,Cases,0.163959875500456,2021-09-27,8
ITWW-county_repro,PL,Deaths,0.160943633229929,2021-09-27,8
Karlen-pypm,CZ,Cases,0.130525744780723,2021-09-27,8
Karlen-pypm,CZ,Deaths,0.160914438774392,2021-09-27,8
Karlen-pypm,DE,Deaths,0.101624024830702,2021-09-27,8
Karlen-pypm,FR,Cases,0.400910374046443,2021-09-27,8
Karlen-pypm,FR,Deaths,0.248881906842605,2021-09-27,8
Karlen-pypm,GB,Cases,0.256112010987726,2021-09-27,8
Karlen-pypm,GB,Deaths,0.129860341783834,2021-09-27,8
Karlen-pypm,PL,Cases,0.152309234888096,2021-09-27,8
Karlen-pypm,PL,Deaths,0.109891987186321,2021-09-27,8
MIT_CovidAnalytics-DELPHI,DE,Cases,0.261643431587141,2021-09-27,8
MOCOS-agent1,PL,Cases,0.147487103111294,2021-09-27,8
MOCOS-agent1,PL,Deaths,0.152384610898587,2021-09-27,8
MUNI-ARIMA,CZ,Cases,0.121466896049273,2021-09-27,8
MUNI-ARIMA,CZ,Deaths,0.058484367688029,2021-09-27,8
MUNI-ARIMA,DE,Cases,0.0693342074342432,2021-09-27,8
MUNI-ARIMA,DE,Deaths,0.117160918682719,2021-09-27,8
MUNI-ARIMA,FR,Cases,0.0640528536873733,2021-09-27,8
MUNI-ARIMA,FR,Deaths,0.13878675539866,2021-09-27,8
MUNI-ARIMA,GB,Cases,0.194905417275404,2021-09-27,8
MUNI-ARIMA,GB,Deaths,0.140902213089412,2021-09-27,8
MUNI-ARIMA,PL,Cases,0.076254243837011,2021-09-27,8
MUNI_DMS-SEIAR,CZ,Cases,0.130432180941758,2021-09-27,8
MUNI_DMS-SEIAR,CZ,Deaths,0.103615255806206,2021-09-27,8
RobertWalraven-ESG,CZ,Cases,0.185933698022243,2021-09-27,8
RobertWalraven-ESG,CZ,Deaths,0.0723604678155202,2021-09-27,8
RobertWalraven-ESG,DE,Cases,0.107667988508185,2021-09-27,8
RobertWalraven-ESG,DE,Deaths,0.125716889785497,2021-09-27,8
RobertWalraven-ESG,FR,Cases,0.100227458817727,2021-09-27,8
RobertWalraven-ESG,FR,Deaths,0.179518191963238,2021-09-27,8
RobertWalraven-ESG,GB,Cases,0.248905696250425,2021-09-27,8
RobertWalraven-ESG,GB,Deaths,0.148375520952839,2021-09-27,8
RobertWalraven-ESG,PL,Cases,0.0854175498891182,2021-09-27,8
RobertWalraven-ESG,PL,Deaths,0.118412822389573,2021-09-27,8
UMass-MechBayes,CZ,Deaths,0.158644116162098,2021-09-27,8
UMass-MechBayes,DE,Deaths,0.161302075368828,2021-09-27,8
UMass-MechBayes,FR,Deaths,0.0488594995315686,2021-09-27,8
UMass-MechBayes,GB,Deaths,0.0977636205918811,2021-09-27,8
UMass-MechBayes,PL,Deaths,0.0953853556922076,2021-09-27,8
epiforecasts-EpiNow2,CZ,Cases,0.109810183480141,2021-09-27,8
epiforecasts-EpiNow2,CZ,Deaths,0.206853683854738,2021-09-27,8
epiforecasts-EpiNow2,DE,Cases,0.0736868605772552,2021-09-27,8
epiforecasts-EpiNow2,DE,Deaths,0.116055624274973,2021-09-27,8
epiforecasts-EpiNow2,FR,Cases,0.110425764758515,2021-09-27,8
epiforecasts-EpiNow2,FR,Deaths,0.203243442649203,2021-09-27,8
epiforecasts-EpiNow2,GB,Cases,0.0467956222069035,2021-09-27,8
epiforecasts-EpiNow2,GB,Deaths,0.132378729423468,2021-09-27,8
epiforecasts-EpiNow2,PL,Cases,0.109227534856974,2021-09-27,8
epiforecasts-EpiNow2,PL,Deaths,0.140265411369973,2021-09-27,8
itwm-dSEIR,DE,Cases,0.111789456489157,2021-09-27,8
CovidMetrics-epiBATS,DE,Cases,0.218216487372184,2021-10-04,8
HZI-AgeExtendedSEIR,DE,Cases,0.110988709703593,2021-10-04,8
HZI-AgeExtendedSEIR,DE,Deaths,0.145387721601221,2021-10-04,8
IEM_Health-CovidProject,CZ,Cases,0.232119047534231,2021-10-04,8
IEM_Health-CovidProject,CZ,Deaths,0.0826821721539105,2021-10-04,8
IEM_Health-CovidProject,DE,Deaths,0.139728941389126,2021-10-04,8
IEM_Health-CovidProject,FR,Cases,0.0945853961796216,2021-10-04,8
IEM_Health-CovidProject,FR,Deaths,0.0731705325091235,2021-10-04,8
IEM_Health-CovidProject,GB,Cases,0.199702101552196,2021-10-04,8
IEM_Health-CovidProject,GB,Deaths,0.136812124054091,2021-10-04,8
IEM_Health-CovidProject,PL,Cases,0.17652396211433,2021-10-04,8
IEM_Health-CovidProject,PL,Deaths,0.110073833038608,2021-10-04,8
ILM-EKF,CZ,Cases,0.183518177840822,2021-10-04,8
ILM-EKF,CZ,Deaths,0.142718639144845,2021-10-04,8
ILM-EKF,DE,Cases,0.0830863022966177,2021-10-04,8
ILM-EKF,DE,Deaths,0.11088099450086,2021-10-04,8
ILM-EKF,FR,Cases,0.293552940109226,2021-10-04,8
ILM-EKF,FR,Deaths,0.170379766562135,2021-10-04,8
ILM-EKF,GB,Cases,0.145527198944072,2021-10-04,8
ILM-EKF,GB,Deaths,0.125567011922571,2021-10-04,8
ILM-EKF,PL,Cases,0.146754777983157,2021-10-04,8
ILM-EKF,PL,Deaths,0.081666666187102,2021-10-04,8
ITWW-county_repro,DE,Deaths,0.104367462926129,2021-10-04,8
ITWW-county_repro,PL,Cases,0.159473667455866,2021-10-04,8
ITWW-county_repro,PL,Deaths,0.251680418156046,2021-10-04,8
Karlen-pypm,CZ,Cases,0.142511570836507,2021-10-04,8
Karlen-pypm,CZ,Deaths,0.153674573739684,2021-10-04,8
Karlen-pypm,FR,Cases,0.287499093354041,2021-10-04,8
Karlen-pypm,FR,Deaths,0.238050107857077,2021-10-04,8
Karlen-pypm,GB,Cases,0.205943887160051,2021-10-04,8
Karlen-pypm,GB,Deaths,0.165405745512473,2021-10-04,8
Karlen-pypm,PL,Cases,0.191961339721715,2021-10-04,8
Karlen-pypm,PL,Deaths,0.126228783785748,2021-10-04,8
MIT_CovidAnalytics-DELPHI,DE,Cases,0.175717783830123,2021-10-04,8
MOCOS-agent1,PL,Cases,0.0887480756644572,2021-10-04,8
MOCOS-agent1,PL,Deaths,0.137152708118417,2021-10-04,8
MUNI-ARIMA,CZ,Cases,0.121927819768294,2021-10-04,8
MUNI-ARIMA,CZ,Deaths,0.0939775587376859,2021-10-04,8
MUNI-ARIMA,DE,Cases,0.0793592321319897,2021-10-04,8
MUNI-ARIMA,DE,Deaths,0.11077018586594,2021-10-04,8
MUNI-ARIMA,FR,Cases,0.0715340809386824,2021-10-04,8
MUNI-ARIMA,FR,Deaths,0.100579134203009,2021-10-04,8
MUNI-ARIMA,GB,Cases,0.205359982522776,2021-10-04,8
MUNI-ARIMA,GB,Deaths,0.0873649375805241,2021-10-04,8
MUNI-ARIMA,PL,Cases,0.0732342527811972,2021-10-04,8
MUNI_DMS-SEIAR,CZ,Cases,0.0883440424694281,2021-10-04,8
MUNI_DMS-SEIAR,CZ,Deaths,0.0878307292079066,2021-10-04,8
RobertWalraven-ESG,CZ,Cases,0.15161188789432,2021-10-04,8
RobertWalraven-ESG,CZ,Deaths,0.107682371768627,2021-10-04,8
RobertWalraven-ESG,DE,Cases,0.0860208259461363,2021-10-04,8
RobertWalraven-ESG,DE,Deaths,0.140937598942682,2021-10-04,8
RobertWalraven-ESG,FR,Cases,0.139590877788886,2021-10-04,8
RobertWalraven-ESG,FR,Deaths,0.136900362850565,2021-10-04,8
RobertWalraven-ESG,GB,Cases,0.202147550256794,2021-10-04,8
RobertWalraven-ESG,GB,Deaths,0.272706892291345,2021-10-04,8
RobertWalraven-ESG,PL,Cases,0.0907899668232894,2021-10-04,8
RobertWalraven-ESG,PL,Deaths,0.0921637178462533,2021-10-04,8
UMass-MechBayes,CZ,Deaths,0.134109969147598,2021-10-04,8
UMass-MechBayes,DE,Deaths,0.140910460463573,2021-10-04,8
UMass-MechBayes,FR,Deaths,0.0968951085049262,2021-10-04,8
UMass-MechBayes,GB,Deaths,0.103369212651158,2021-10-04,8
UMass-MechBayes,PL,Deaths,0.0888688777172773,2021-10-04,8
epiforecasts-EpiNow2,CZ,Cases,0.0799674536563989,2021-10-04,8
epiforecasts-EpiNow2,CZ,Deaths,0.197323986099742,2021-10-04,8
epiforecasts-EpiNow2,DE,Cases,0.0683780619085363,2021-10-04,8
epiforecasts-EpiNow2,DE,Deaths,0.107016634310468,2021-10-04,8
epiforecasts-EpiNow2,FR,Cases,0.113237611629542,2021-10-04,8
epiforecasts-EpiNow2,FR,Deaths,0.184024987513164,2021-10-04,8
epiforecasts-EpiNow2,GB,Cases,0.0413192795641118,2021-10-04,8
epiforecasts-EpiNow2,GB,Deaths,0.108774075987838,2021-10-04,8
epiforecasts-EpiNow2,PL,Cases,0.0725139574559895,2021-10-04,8
epiforecasts-EpiNow2,PL,Deaths,0.112164995150548,2021-10-04,8
itwm-dSEIR,DE,Cases,0.17823259681082,2021-10-04,8
CovidMetrics-epiBATS,DE,Cases,0.152685700072451,2021-10-11,8
HZI-AgeExtendedSEIR,DE,Cases,0.13857153997666,2021-10-11,8
HZI-AgeExtendedSEIR,DE,Deaths,0.135535301293925,2021-10-11,8
IEM_Health-CovidProject,CZ,Cases,0.26499404343068,2021-10-11,8
IEM_Health-CovidProject,CZ,Deaths,0.0811039410193502,2021-10-11,8
IEM_Health-CovidProject,DE,Deaths,0.130907911048903,2021-10-11,8
IEM_Health-CovidProject,FR,Cases,0.112330364674191,2021-10-11,8
IEM_Health-CovidProject,FR,Deaths,0.0602015240453749,2021-10-11,8
IEM_Health-CovidProject,GB,Cases,0.296795497415965,2021-10-11,8
IEM_Health-CovidProject,GB,Deaths,0.077955386688556,2021-10-11,8
IEM_Health-CovidProject,PL,Cases,0.153243927405294,2021-10-11,8
IEM_Health-CovidProject,PL,Deaths,0.0962574798521018,2021-10-11,8
ILM-EKF,CZ,Cases,0.208740914712485,2021-10-11,8
ILM-EKF,CZ,Deaths,0.124388154922532,2021-10-11,8
ILM-EKF,DE,Cases,0.127787725968709,2021-10-11,8
ILM-EKF,DE,Deaths,0.113338465196198,2021-10-11,8
ILM-EKF,FR,Cases,0.287201821163322,2021-10-11,8
ILM-EKF,FR,Deaths,0.177146483980752,2021-10-11,8
ILM-EKF,GB,Cases,0.153635997581769,2021-10-11,8
ILM-EKF,GB,Deaths,0.0943311613415612,2021-10-11,8
ILM-EKF,PL,Cases,0.142997356521135,2021-10-11,8
ILM-EKF,PL,Deaths,0.0952683256654701,2021-10-11,8
ITWW-county_repro,PL,Cases,0.158049746936212,2021-10-11,8
ITWW-county_repro,PL,Deaths,0.179219530767458,2021-10-11,8
Karlen-pypm,CZ,Cases,0.210281248816339,2021-10-11,8
Karlen-pypm,CZ,Deaths,0.187301683903659,2021-10-11,8
Karlen-pypm,DE,Cases,0.149693011673628,2021-10-11,8
Karlen-pypm,DE,Deaths,0.0966984933257724,2021-10-11,8
Karlen-pypm,FR,Cases,0.170397399061104,2021-10-11,8
Karlen-pypm,FR,Deaths,0.261730751474223,2021-10-11,8
Karlen-pypm,GB,Cases,0.13371833878102,2021-10-11,8
Karlen-pypm,GB,Deaths,0.188809831447405,2021-10-11,8
Karlen-pypm,PL,Cases,0.193504876397253,2021-10-11,8
Karlen-pypm,PL,Deaths,0.158518724245955,2021-10-11,8
MIT_CovidAnalytics-DELPHI,DE,Cases,0.0784511646657811,2021-10-11,8
MIT_CovidAnalytics-DELPHI,DE,Deaths,0.120235123389904,2021-10-11,8
MOCOS-agent1,PL,Cases,0.0768923653045132,2021-10-11,8
MOCOS-agent1,PL,Deaths,0.129819787848375,2021-10-11,8
MUNI-ARIMA,CZ,Cases,0.119089066440462,2021-10-11,8
MUNI-ARIMA,CZ,Deaths,0.0816788928440426,2021-10-11,8
MUNI-ARIMA,DE,Cases,0.124878712577819,2021-10-11,8
MUNI-ARIMA,FR,Cases,0.0642922985115549,2021-10-11,8
MUNI-ARIMA,FR,Deaths,0.070985110648121,2021-10-11,8
MUNI-ARIMA,GB,Cases,0.221098846960441,2021-10-11,8
MUNI-ARIMA,GB,Deaths,0.0510778796239401,2021-10-11,8
MUNI-ARIMA,PL,Cases,0.0749782392164747,2021-10-11,8
MUNI_DMS-SEIAR,CZ,Cases,0.0461602778827726,2021-10-11,8
MUNI_DMS-SEIAR,CZ,Deaths,0.13048223802187,2021-10-11,8
RobertWalraven-ESG,CZ,Cases,0.0978126620723812,2021-10-11,8
RobertWalraven-ESG,CZ,Deaths,0.102059333511004,2021-10-11,8
RobertWalraven-ESG,DE,Cases,0.104597329692939,2021-10-11,8
RobertWalraven-ESG,DE,Deaths,0.159057426789832,2021-10-11,8
RobertWalraven-ESG,FR,Cases,0.261173287034844,2021-10-11,8
RobertWalraven-ESG,FR,Deaths,0.130547158935415,2021-10-11,8
RobertWalraven-ESG,GB,Cases,0.150430311705602,2021-10-11,8
RobertWalraven-ESG,GB,Deaths,0.341349358851936,2021-10-11,8
RobertWalraven-ESG,PL,Cases,0.0739075437179449,2021-10-11,8
RobertWalraven-ESG,PL,Deaths,0.107387741405698,2021-10-11,8
UMass-MechBayes,CZ,Deaths,0.15819152660514,2021-10-11,8
UMass-MechBayes,DE,Deaths,0.130636750743524,2021-10-11,8
UMass-MechBayes,FR,Deaths,0.136462863260127,2021-10-11,8
UMass-MechBayes,GB,Deaths,0.150579488795057,2021-10-11,8
UMass-MechBayes,PL,Deaths,0.103098870522632,2021-10-11,8
epiforecasts-EpiNow2,CZ,Cases,0.0529217866448806,2021-10-11,8
epiforecasts-EpiNow2,CZ,Deaths,0.134794229172401,2021-10-11,8
epiforecasts-EpiNow2,DE,Deaths,0.113590528211942,2021-10-11,8
epiforecasts-EpiNow2,FR,Cases,0.104604829554984,2021-10-11,8
epiforecasts-EpiNow2,FR,Deaths,0.162926107655987,2021-10-11,8
epiforecasts-EpiNow2,GB,Cases,0.0443210075552035,2021-10-11,8
epiforecasts-EpiNow2,GB,Deaths,0.0958968932515447,2021-10-11,8
epiforecasts-EpiNow2,PL,Cases,0.126425944501173,2021-10-11,8
epiforecasts-EpiNow2,PL,Deaths,0.130429539692311,2021-10-11,8
itwm-dSEIR,DE,Cases,0.123334815372013,2021-10-11,8
CovidMetrics-epiBATS,DE,Cases,0.139510924405925,2021-10-18,8
HZI-AgeExtendedSEIR,DE,Cases,0.097130518813581,2021-10-18,8
HZI-AgeExtendedSEIR,DE,Deaths,0.121502938328547,2021-10-18,8
IEM_Health-CovidProject,CZ,Cases,0.18331394808514,2021-10-18,8
IEM_Health-CovidProject,CZ,Deaths,0.121686487270207,2021-10-18,8
IEM_Health-CovidProject,DE,Cases,0.123895500280999,2021-10-18,8
IEM_Health-CovidProject,FR,Cases,0.233846785785055,2021-10-18,8
IEM_Health-CovidProject,FR,Deaths,0.0683176749182053,2021-10-18,8
IEM_Health-CovidProject,GB,Cases,0.394234932682469,2021-10-18,8
IEM_Health-CovidProject,GB,Deaths,0.0968478100715897,2021-10-18,8
IEM_Health-CovidProject,PL,Cases,0.14471576481893,2021-10-18,8
IEM_Health-CovidProject,PL,Deaths,0.0888154700826824,2021-10-18,8
ILM-EKF,CZ,Cases,0.181373964202017,2021-10-18,8
ILM-EKF,CZ,Deaths,0.102691308382204,2021-10-18,8
ILM-EKF,DE,Cases,0.0994456908113025,2021-10-18,8
ILM-EKF,DE,Deaths,0.115653093369317,2021-10-18,8
ILM-EKF,FR,Cases,0.228778544840276,2021-10-18,8
ILM-EKF,FR,Deaths,0.150197843139883,2021-10-18,8
ILM-EKF,GB,Cases,0.13812054058169,2021-10-18,8
ILM-EKF,GB,Deaths,0.111826333578189,2021-10-18,8
ILM-EKF,PL,Cases,0.136404423978825,2021-10-18,8
ILM-EKF,PL,Deaths,0.111288403014212,2021-10-18,8
ITWW-county_repro,DE,Cases,0.167678503240866,2021-10-18,8
ITWW-county_repro,DE,Deaths,0.0949218618968499,2021-10-18,8
ITWW-county_repro,PL,Cases,0.13965882596497,2021-10-18,8
ITWW-county_repro,PL,Deaths,0.152199304975383,2021-10-18,8
Karlen-pypm,CZ,Cases,0.150677404407932,2021-10-18,8
Karlen-pypm,CZ,Deaths,0.164688717276892,2021-10-18,8
Karlen-pypm,DE,Cases,0.110965107005556,2021-10-18,8
Karlen-pypm,DE,Deaths,0.108096889141567,2021-10-18,8
Karlen-pypm,FR,Cases,0.100491182172526,2021-10-18,8
Karlen-pypm,FR,Deaths,0.277527093735624,2021-10-18,8
Karlen-pypm,GB,Cases,0.0799087073516863,2021-10-18,8
Karlen-pypm,GB,Deaths,0.213034152519216,2021-10-18,8
Karlen-pypm,PL,Cases,0.202861194309411,2021-10-18,8
Karlen-pypm,PL,Deaths,0.175846369265898,2021-10-18,8
MIT_CovidAnalytics-DELPHI,DE,Deaths,0.133701284623146,2021-10-18,8
MIT_CovidAnalytics-DELPHI,PL,Cases,0.0746670421110581,2021-10-18,8
MOCOS-agent1,PL,Cases,0.107099369951416,2021-10-18,8
MOCOS-agent1,PL,Deaths,0.129099137823004,2021-10-18,8
MUNI-ARIMA,CZ,Cases,0.136549689714672,2021-10-18,8
MUNI-ARIMA,CZ,Deaths,0.0709490855829099,2021-10-18,8
MUNI-ARIMA,DE,Cases,0.1258997633976,2021-10-18,8
MUNI-ARIMA,FR,Cases,0.0801587956018379,2021-10-18,8
MUNI-ARIMA,FR,Deaths,0.0987852569146775,2021-10-18,8
MUNI-ARIMA,GB,Cases,0.223429316100499,2021-10-18,8
MUNI-ARIMA,GB,Deaths,0.107065124912072,2021-10-18,8
MUNI-ARIMA,PL,Cases,0.0819617403613124,2021-10-18,8
MUNI-ARIMA,PL,Deaths,0.0830202125349843,2021-10-18,8
MUNI_DMS-SEIAR,CZ,Cases,0.124580860701605,2021-10-18,8
MUNI_DMS-SEIAR,CZ,Deaths,0.11215296254587,2021-10-18,8
RobertWalraven-ESG,CZ,Cases,0.0692135925796362,2021-10-18,8
RobertWalraven-ESG,CZ,Deaths,0.0725247513758399,2021-10-18,8
RobertWalraven-ESG,DE,Cases,0.13547399204417,2021-10-18,8
RobertWalraven-ESG,DE,Deaths,0.202537864119131,2021-10-18,8
RobertWalraven-ESG,FR,Cases,0.231594380571488,2021-10-18,8
RobertWalraven-ESG,FR,Deaths,0.144758357860605,2021-10-18,8
RobertWalraven-ESG,GB,Cases,0.104041036934487,2021-10-18,8
RobertWalraven-ESG,GB,Deaths,0.217320473788651,2021-10-18,8
UMass-MechBayes,CZ,Deaths,0.191165436600997,2021-10-18,8
UMass-MechBayes,DE,Deaths,0.118196851005804,2021-10-18,8
UMass-MechBayes,FR,Deaths,0.141133063092965,2021-10-18,8
UMass-MechBayes,GB,Deaths,0.118596108110951,2021-10-18,8
UMass-MechBayes,PL,Deaths,0.127315048037205,2021-10-18,8
epiforecasts-EpiNow2,CZ,Cases,0.154290540308999,2021-10-18,8
epiforecasts-EpiNow2,CZ,Deaths,0.16414125096508,2021-10-18,8
epiforecasts-EpiNow2,DE,Deaths,0.105389217515638,2021-10-18,8
epiforecasts-EpiNow2,FR,Cases,0.125130311028816,2021-10-18,8
epiforecasts-EpiNow2,FR,Deaths,0.119280710338039,2021-10-18,8
epiforecasts-EpiNow2,GB,Cases,0.0602654663491683,2021-10-18,8
epiforecasts-EpiNow2,GB,Deaths,0.135309997019331,2021-10-18,8
epiforecasts-EpiNow2,PL,Cases,0.112631638504077,2021-10-18,8
epiforecasts-EpiNow2,PL,Deaths,0.13241605426663,2021-10-18,8
CovidMetrics-epiBATS,DE,Cases,0.119175075156566,2021-10-25,8
FIAS_FZJ-Epi1Ger,DE,Deaths,0.0931402511438855,2021-10-25,8
HZI-AgeExtendedSEIR,DE,Cases,0.0912900534942419,2021-10-25,8
HZI-AgeExtendedSEIR,DE,Deaths,0.120285810031111,2021-10-25,8
IEM_Health-CovidProject,CZ,Cases,0.162363620756416,2021-10-25,8
IEM_Health-CovidProject,CZ,Deaths,0.14352964317708,2021-10-25,8
IEM_Health-CovidProject,DE,Cases,0.145120386186087,2021-10-25,8
IEM_Health-CovidProject,FR,Cases,0.394656554167424,2021-10-25,8
IEM_Health-CovidProject,FR,Deaths,0.105933056220788,2021-10-25,8
IEM_Health-CovidProject,GB,Cases,0.308301622894138,2021-10-25,8
IEM_Health-CovidProject,GB,Deaths,0.154351273054784,2021-10-25,8
IEM_Health-CovidProject,PL,Cases,0.122387250408072,2021-10-25,8
IEM_Health-CovidProject,PL,Deaths,0.122585838549577,2021-10-25,8
ILM-EKF,CZ,Cases,0.185612319417231,2021-10-25,8
ILM-EKF,CZ,Deaths,0.154318563074485,2021-10-25,8
ILM-EKF,DE,Cases,0.0978961991645871,2021-10-25,8
ILM-EKF,DE,Deaths,0.104024590702627,2021-10-25,8
ILM-EKF,FR,Cases,0.233808518965984,2021-10-25,8
ILM-EKF,FR,Deaths,0.172709706634613,2021-10-25,8
ILM-EKF,GB,Cases,0.266500845956596,2021-10-25,8
ILM-EKF,GB,Deaths,0.157196308202428,2021-10-25,8
ILM-EKF,PL,Cases,0.164283081243657,2021-10-25,8
ILM-EKF,PL,Deaths,0.118603102225665,2021-10-25,8
ITWW-county_repro,DE,Cases,0.221340926652461,2021-10-25,8
ITWW-county_repro,DE,Deaths,0.158015186642312,2021-10-25,8
ITWW-county_repro,PL,Cases,0.180860720307623,2021-10-25,8
ITWW-county_repro,PL,Deaths,0.134427393879842,2021-10-25,8
Karlen-pypm,CZ,Cases,0.141334819417379,2021-10-25,8
Karlen-pypm,CZ,Deaths,0.166684099939757,2021-10-25,8
Karlen-pypm,DE,Cases,0.0895032438885607,2021-10-25,8
Karlen-pypm,DE,Deaths,0.133716059298086,2021-10-25,8
Karlen-pypm,FR,Cases,0.0906184207398005,2021-10-25,8
Karlen-pypm,FR,Deaths,0.274789627886259,2021-10-25,8
Karlen-pypm,GB,Cases,0.0725922729484228,2021-10-25,8
Karlen-pypm,GB,Deaths,0.214057721761839,2021-10-25,8
Karlen-pypm,PL,Cases,0.129539937451923,2021-10-25,8
Karlen-pypm,PL,Deaths,0.175869035414714,2021-10-25,8
MIT_CovidAnalytics-DELPHI,DE,Deaths,0.101448397030341,2021-10-25,8
MIT_CovidAnalytics-DELPHI,PL,Cases,0.0664705918722946,2021-10-25,8
MIT_CovidAnalytics-DELPHI,PL,Deaths,0.0783851905933464,2021-10-25,8
MOCOS-agent1,PL,Cases,0.129283610061999,2021-10-25,8
MOCOS-agent1,PL,Deaths,0.139801684467447,2021-10-25,8
MUNI-ARIMA,CZ,Cases,0.202136918276051,2021-10-25,8
MUNI-ARIMA,CZ,Deaths,0.128696283626142,2021-10-25,8
MUNI-ARIMA,DE,Cases,0.145363328237226,2021-10-25,8
MUNI-ARIMA,FR,Cases,0.113318796527332,2021-10-25,8
MUNI-ARIMA,FR,Deaths,0.0987206244458905,2021-10-25,8
MUNI-ARIMA,GB,Cases,0.248635354069425,2021-10-25,8
MUNI-ARIMA,GB,Deaths,0.149371137478633,2021-10-25,8
MUNI-ARIMA,PL,Cases,0.131161500169274,2021-10-25,8
MUNI-ARIMA,PL,Deaths,0.0953004590307334,2021-10-25,8
MUNI_DMS-SEIAR,CZ,Cases,0.221078308349775,2021-10-25,8
MUNI_DMS-SEIAR,CZ,Deaths,0.13120320168205,2021-10-25,8
PL_GRedlarski-DistrictsSum,PL,Cases,0.0760133084851583,2021-10-25,8
RobertWalraven-ESG,CZ,Cases,0.0874740137831474,2021-10-25,8
RobertWalraven-ESG,CZ,Deaths,0.0869470785682753,2021-10-25,8
RobertWalraven-ESG,DE,Cases,0.0903107872202718,2021-10-25,8
RobertWalraven-ESG,DE,Deaths,0.188928961869804,2021-10-25,8
RobertWalraven-ESG,FR,Cases,0.16759770959946,2021-10-25,8
RobertWalraven-ESG,FR,Deaths,0.159315718048837,2021-10-25,8
RobertWalraven-ESG,GB,Cases,0.103969904131419,2021-10-25,8
RobertWalraven-ESG,GB,Deaths,0.169502573650711,2021-10-25,8
UMass-MechBayes,CZ,Deaths,0.188621129932211,2021-10-25,8
UMass-MechBayes,DE,Deaths,0.100440743281834,2021-10-25,8
UMass-MechBayes,FR,Deaths,0.188531266763613,2021-10-25,8
UMass-MechBayes,GB,Deaths,0.155520985851604,2021-10-25,8
UMass-MechBayes,PL,Deaths,0.135027295838676,2021-10-25,8
CovidMetrics-epiBATS,DE,Cases,0.104901681587267,2021-11-01,8
FIAS_FZJ-Epi1Ger,DE,Cases,0.133666974128297,2021-11-01,8
FIAS_FZJ-Epi1Ger,DE,Deaths,0.184482308130972,2021-11-01,8
HZI-AgeExtendedSEIR,DE,Cases,0.100243799670728,2021-11-01,8
HZI-AgeExtendedSEIR,DE,Deaths,0.15744744988137,2021-11-01,8
ICM-agentModel,PL,Cases,0.123587388222653,2021-11-01,8
IEM_Health-CovidProject,CZ,Cases,0.176624237418758,2021-11-01,8
IEM_Health-CovidProject,CZ,Deaths,0.144879498927787,2021-11-01,8
IEM_Health-CovidProject,DE,Cases,0.1092479422926,2021-11-01,8
IEM_Health-CovidProject,FR,Cases,0.428648300138753,2021-11-01,8
IEM_Health-CovidProject,FR,Deaths,0.169663877271147,2021-11-01,8
IEM_Health-CovidProject,GB,Cases,0.248968120360083,2021-11-01,8
IEM_Health-CovidProject,GB,Deaths,0.16329619466738,2021-11-01,8
IEM_Health-CovidProject,PL,Cases,0.111746083152336,2021-11-01,8
IEM_Health-CovidProject,PL,Deaths,0.0910944913907904,2021-11-01,8
ILM-EKF,CZ,Cases,0.179062264456921,2021-11-01,8
ILM-EKF,CZ,Deaths,0.186469941899394,2021-11-01,8
ILM-EKF,DE,Cases,0.121114081719546,2021-11-01,8
ILM-EKF,DE,Deaths,0.0950352920077986,2021-11-01,8
ILM-EKF,FR,Cases,0.221365868772803,2021-11-01,8
ILM-EKF,FR,Deaths,0.177289272856291,2021-11-01,8
ILM-EKF,GB,Cases,0.253129444391447,2021-11-01,8
ILM-EKF,GB,Deaths,0.206872148499104,2021-11-01,8
ILM-EKF,PL,Cases,0.157917374396639,2021-11-01,8
ILM-EKF,PL,Deaths,0.126691607069174,2021-11-01,8
ITWW-county_repro,DE,Cases,0.196479707919603,2021-11-01,8
ITWW-county_repro,DE,Deaths,0.11869573768072,2021-11-01,8
ITWW-county_repro,PL,Cases,0.140463598839071,2021-11-01,8
ITWW-county_repro,PL,Deaths,0.210256036448488,2021-11-01,8
Karlen-pypm,CZ,Cases,0.152295479555958,2021-11-01,8
Karlen-pypm,CZ,Deaths,0.149517331356044,2021-11-01,8
Karlen-pypm,DE,Deaths,0.12965594771355,2021-11-01,8
Karlen-pypm,FR,Cases,0.100307423266786,2021-11-01,8
Karlen-pypm,FR,Deaths,0.181607153462026,2021-11-01,8
Karlen-pypm,GB,Cases,0.102359982753005,2021-11-01,8
Karlen-pypm,GB,Deaths,0.195639027335069,2021-11-01,8
Karlen-pypm,PL,Cases,0.0966292486713783,2021-11-01,8
Karlen-pypm,PL,Deaths,0.143828430992496,2021-11-01,8
MIT_CovidAnalytics-DELPHI,PL,Deaths,0.0938905945147758,2021-11-01,8
MOCOS-agent1,PL,Cases,0.139915399174739,2021-11-01,8
MOCOS-agent1,PL,Deaths,0.122860993033304,2021-11-01,8
MUNI-ARIMA,CZ,Cases,0.213594200040617,2021-11-01,8
MUNI-ARIMA,CZ,Deaths,0.164506247256135,2021-11-01,8
MUNI-ARIMA,DE,Cases,0.129607212313228,2021-11-01,8
MUNI-ARIMA,DE,Deaths,0.102801849239908,2021-11-01,8
MUNI-ARIMA,FR,Cases,0.127868358589979,2021-11-01,8
MUNI-ARIMA,FR,Deaths,0.115338413520163,2021-11-01,8
MUNI-ARIMA,GB,Cases,0.234877723530114,2021-11-01,8
MUNI-ARIMA,GB,Deaths,0.163565499263112,2021-11-01,8
MUNI-ARIMA,PL,Cases,0.138927707352254,2021-11-01,8
MUNI-ARIMA,PL,Deaths,0.096008720248691,2021-11-01,8
MUNI_DMS-SEIAR,CZ,Cases,0.18794299111546,2021-11-01,8
MUNI_DMS-SEIAR,CZ,Deaths,0.123226208177947,2021-11-01,8
PL_GRedlarski-DistrictsSum,PL,Cases,0.0908132001909294,2021-11-01,8
RobertWalraven-ESG,CZ,Cases,0.0904808274122864,2021-11-01,8
RobertWalraven-ESG,CZ,Deaths,0.0883405817243613,2021-11-01,8
RobertWalraven-ESG,DE,Deaths,0.0974912017519256,2021-11-01,8
RobertWalraven-ESG,FR,Cases,0.12181004923168,2021-11-01,8
RobertWalraven-ESG,FR,Deaths,0.150840681021178,2021-11-01,8
RobertWalraven-ESG,GB,Cases,0.160664728965351,2021-11-01,8
RobertWalraven-ESG,GB,Deaths,0.140794061292895,2021-11-01,8
UMass-MechBayes,CZ,Deaths,0.143060190658332,2021-11-01,8
UMass-MechBayes,FR,Deaths,0.205260601869195,2021-11-01,8
UMass-MechBayes,GB,Deaths,0.129833068942439,2021-11-01,8
UMass-MechBayes,PL,Deaths,0.115369126302281,2021-11-01,8
itwm-dSEIR,DE,Cases,0.10473860036873,2021-11-01,8
itwm-dSEIR,DE,Deaths,0.114390213593756,2021-11-01,8
CovidMetrics-epiBATS,DE,Cases,0.11213023823185,2021-11-08,8
FIAS_FZJ-Epi1Ger,DE,Cases,0.11153076554429,2021-11-08,8
FIAS_FZJ-Epi1Ger,DE,Deaths,0.102994577225859,2021-11-08,8
HZI-AgeExtendedSEIR,DE,Cases,0.125469082465476,2021-11-08,8
HZI-AgeExtendedSEIR,DE,Deaths,0.175007677522183,2021-11-08,8
ICM-agentModel,PL,Cases,0.118537586510873,2021-11-08,8
IEM_Health-CovidProject,CZ,Cases,0.182273641410112,2021-11-08,8
IEM_Health-CovidProject,CZ,Deaths,0.137071336530748,2021-11-08,8
IEM_Health-CovidProject,DE,Cases,0.110188321315755,2021-11-08,8
IEM_Health-CovidProject,FR,Cases,0.344140484826302,2021-11-08,8
IEM_Health-CovidProject,FR,Deaths,0.226458532049009,2021-11-08,8
IEM_Health-CovidProject,GB,Cases,0.143789364913108,2021-11-08,8
IEM_Health-CovidProject,GB,Deaths,0.191756322902028,2021-11-08,8
IEM_Health-CovidProject,PL,Cases,0.116184569532439,2021-11-08,8
IEM_Health-CovidProject,PL,Deaths,0.0900943812985413,2021-11-08,8
ILM-EKF,CZ,Cases,0.224250002352269,2021-11-08,8
ILM-EKF,CZ,Deaths,0.21394741064223,2021-11-08,8
ILM-EKF,DE,Cases,0.142189316493666,2021-11-08,8
ILM-EKF,DE,Deaths,0.111696225074199,2021-11-08,8
ILM-EKF,FR,Cases,0.218773851931725,2021-11-08,8
ILM-EKF,FR,Deaths,0.168999189993711,2021-11-08,8
ILM-EKF,GB,Cases,0.176637244566252,2021-11-08,8
ILM-EKF,GB,Deaths,0.18409822976821,2021-11-08,8
ILM-EKF,PL,Cases,0.184569490074286,2021-11-08,8
ILM-EKF,PL,Deaths,0.124248771509953,2021-11-08,8
ITWW-county_repro,DE,Cases,0.157416550404403,2021-11-08,8
ITWW-county_repro,DE,Deaths,0.116434424318332,2021-11-08,8
ITWW-county_repro,PL,Cases,0.119919432356024,2021-11-08,8
ITWW-county_repro,PL,Deaths,0.14667607611183,2021-11-08,8
Karlen-pypm,CZ,Cases,0.155951264844919,2021-11-08,8
Karlen-pypm,CZ,Deaths,0.151489568033843,2021-11-08,8
Karlen-pypm,DE,Deaths,0.0985773218279086,2021-11-08,8
Karlen-pypm,FR,Cases,0.157694455174196,2021-11-08,8
Karlen-pypm,FR,Deaths,0.134280784183195,2021-11-08,8
Karlen-pypm,GB,Cases,0.155607594721471,2021-11-08,8
Karlen-pypm,GB,Deaths,0.165358356189835,2021-11-08,8
Karlen-pypm,PL,Cases,0.0902890702888518,2021-11-08,8
Karlen-pypm,PL,Deaths,0.141319995734898,2021-11-08,8
MIT_CovidAnalytics-DELPHI,PL,Deaths,0.126438169110397,2021-11-08,8
MOCOS-agent1,PL,Cases,0.13709573291374,2021-11-08,8
MOCOS-agent1,PL,Deaths,0.132301403730528,2021-11-08,8
MUNI-ARIMA,CZ,Cases,0.184997469559698,2021-11-08,8
MUNI-ARIMA,CZ,Deaths,0.15408720748519,2021-11-08,8
MUNI-ARIMA,DE,Cases,0.134468103262145,2021-11-08,8
MUNI-ARIMA,DE,Deaths,0.141337206514723,2021-11-08,8
MUNI-ARIMA,FR,Cases,0.169604649816105,2021-11-08,8
MUNI-ARIMA,FR,Deaths,0.132723919608474,2021-11-08,8
MUNI-ARIMA,GB,Cases,0.210933668934071,2021-11-08,8
MUNI-ARIMA,GB,Deaths,0.213298798494816,2021-11-08,8
MUNI-ARIMA,PL,Cases,0.147886037084095,2021-11-08,8
MUNI-ARIMA,PL,Deaths,0.103488458516757,2021-11-08,8
MUNI_DMS-SEIAR,CZ,Cases,0.168461979717318,2021-11-08,8
MUNI_DMS-SEIAR,CZ,Deaths,0.125331682550793,2021-11-08,8
PL_GRedlarski-DistrictsSum,PL,Cases,0.0855180812396921,2021-11-08,8
RobertWalraven-ESG,CZ,Cases,0.0840656421156839,2021-11-08,8
RobertWalraven-ESG,CZ,Deaths,0.0845811299965065,2021-11-08,8
RobertWalraven-ESG,DE,Deaths,0.0883876969979107,2021-11-08,8
RobertWalraven-ESG,FR,Cases,0.109786558251672,2021-11-08,8
RobertWalraven-ESG,FR,Deaths,0.137374119478165,2021-11-08,8
RobertWalraven-ESG,GB,Cases,0.313032126865098,2021-11-08,8
RobertWalraven-ESG,GB,Deaths,0.117812241226555,2021-11-08,8
UMass-MechBayes,CZ,Deaths,0.13349166476069,2021-11-08,8
UMass-MechBayes,FR,Deaths,0.200163454687446,2021-11-08,8
UMass-MechBayes,GB,Deaths,0.127676051418555,2021-11-08,8
UMass-MechBayes,PL,Deaths,0.135432743987095,2021-11-08,8
itwm-dSEIR,DE,Cases,0.106607622282415,2021-11-08,8
itwm-dSEIR,DE,Deaths,0.165564870518885,2021-11-08,8
FIAS_FZJ-Epi1Ger,DE,Cases,0.100789520755966,2021-11-15,8
HZI-AgeExtendedSEIR,DE,Cases,0.121289630224429,2021-11-15,8
HZI-AgeExtendedSEIR,DE,Deaths,0.164491362968339,2021-11-15,8
ICM-agentModel,PL,Cases,0.11767110842982,2021-11-15,8
IEM_Health-CovidProject,CZ,Cases,0.237508885672115,2021-11-15,8
IEM_Health-CovidProject,CZ,Deaths,0.136287122579127,2021-11-15,8
IEM_Health-CovidProject,DE,Cases,0.10060157749974,2021-11-15,8
IEM_Health-CovidProject,DE,Deaths,0.103238607792719,2021-11-15,8
IEM_Health-CovidProject,FR,Cases,0.191039094148762,2021-11-15,8
IEM_Health-CovidProject,FR,Deaths,0.234229785122688,2021-11-15,8
IEM_Health-CovidProject,GB,Cases,0.109988857877364,2021-11-15,8
IEM_Health-CovidProject,GB,Deaths,0.191719539423405,2021-11-15,8
IEM_Health-CovidProject,PL,Cases,0.150313077283418,2021-11-15,8
IEM_Health-CovidProject,PL,Deaths,0.107172428257496,2021-11-15,8
ILM-EKF,CZ,Cases,0.254600192912797,2021-11-15,8
ILM-EKF,CZ,Deaths,0.230443913709973,2021-11-15,8
ILM-EKF,DE,Cases,0.155158823485252,2021-11-15,8
ILM-EKF,DE,Deaths,0.123881372548276,2021-11-15,8
ILM-EKF,FR,Cases,0.264808628655994,2021-11-15,8
ILM-EKF,FR,Deaths,0.165253978910834,2021-11-15,8
ILM-EKF,GB,Cases,0.120966961101097,2021-11-15,8
ILM-EKF,GB,Deaths,0.159484401518913,2021-11-15,8
ILM-EKF,PL,Cases,0.132722623834375,2021-11-15,8
ILM-EKF,PL,Deaths,0.114928564864959,2021-11-15,8
ITWW-county_repro,DE,Cases,0.152186476690973,2021-11-15,8
ITWW-county_repro,DE,Deaths,0.15995212624855,2021-11-15,8
ITWW-county_repro,PL,Cases,0.0734110232284913,2021-11-15,8
ITWW-county_repro,PL,Deaths,0.105976833892022,2021-11-15,8
Karlen-pypm,CZ,Cases,0.119403939124563,2021-11-15,8
Karlen-pypm,CZ,Deaths,0.175131604425853,2021-11-15,8
Karlen-pypm,DE,Deaths,0.0805234095510968,2021-11-15,8
Karlen-pypm,FR,Cases,0.279924951525922,2021-11-15,8
Karlen-pypm,FR,Deaths,0.145414506391712,2021-11-15,8
Karlen-pypm,GB,Cases,0.257282381407942,2021-11-15,8
Karlen-pypm,GB,Deaths,0.18270465921264,2021-11-15,8
Karlen-pypm,PL,Deaths,0.10307878411578,2021-11-15,8
MIT_CovidAnalytics-DELPHI,DE,Cases,0.145016759729026,2021-11-15,8
MIT_CovidAnalytics-DELPHI,DE,Deaths,0.072548491912733,2021-11-15,8
MIT_CovidAnalytics-DELPHI,PL,Cases,0.0772309199643692,2021-11-15,8
MIT_CovidAnalytics-DELPHI,PL,Deaths,0.119120311199286,2021-11-15,8
MOCOS-agent1,PL,Cases,0.15129013276832,2021-11-15,8
MOCOS-agent1,PL,Deaths,0.146189224993163,2021-11-15,8
MUNI-ARIMA,CZ,Cases,0.161927967512059,2021-11-15,8
MUNI-ARIMA,CZ,Deaths,0.12281714537006,2021-11-15,8
MUNI-ARIMA,DE,Cases,0.0999313993765947,2021-11-15,8
MUNI-ARIMA,DE,Deaths,0.140800708974893,2021-11-15,8
MUNI-ARIMA,FR,Cases,0.176056153415543,2021-11-15,8
MUNI-ARIMA,FR,Deaths,0.131680373165243,2021-11-15,8
MUNI-ARIMA,GB,Cases,0.172886081119504,2021-11-15,8
MUNI-ARIMA,GB,Deaths,0.185420654745688,2021-11-15,8
MUNI-ARIMA,PL,Cases,0.18365755450468,2021-11-15,8
MUNI-ARIMA,PL,Deaths,0.117593710283641,2021-11-15,8
MUNI_DMS-SEIAR,CZ,Cases,0.164294340817186,2021-11-15,8
MUNI_DMS-SEIAR,CZ,Deaths,0.113272350745581,2021-11-15,8
PL_GRedlarski-DistrictsSum,PL,Cases,0.113703559986527,2021-11-15,8
RobertWalraven-ESG,CZ,Cases,0.0622646739612803,2021-11-15,8
RobertWalraven-ESG,CZ,Deaths,0.0681646721166103,2021-11-15,8
RobertWalraven-ESG,FR,Cases,0.088171172253779,2021-11-15,8
RobertWalraven-ESG,FR,Deaths,0.121345529711198,2021-11-15,8
RobertWalraven-ESG,GB,Cases,0.338875718494093,2021-11-15,8
RobertWalraven-ESG,GB,Deaths,0.155818737200633,2021-11-15,8
UMass-MechBayes,CZ,Deaths,0.153883191052797,2021-11-15,8
UMass-MechBayes,FR,Deaths,0.202075826698324,2021-11-15,8
UMass-MechBayes,GB,Deaths,0.124852007898721,2021-11-15,8
UMass-MechBayes,PL,Deaths,0.185940142393653,2021-11-15,8
itwm-dSEIR,DE,Cases,0.125025812238019,2021-11-15,8
itwm-dSEIR,DE,Deaths,0.154563920003393,2021-11-15,8
FIAS_FZJ-Epi1Ger,DE,Cases,0.080959743484897,2021-11-22,8
HZI-AgeExtendedSEIR,DE,Cases,0.15069534325522,2021-11-22,8
HZI-AgeExtendedSEIR,DE,Deaths,0.179438267163473,2021-11-22,8
ICM-agentModel,PL,Cases,0.100117650066719,2021-11-22,8
IEM_Health-CovidProject,CZ,Cases,0.356540307665875,2021-11-22,8
IEM_Health-CovidProject,CZ,Deaths,0.11950126202238,2021-11-22,8
IEM_Health-CovidProject,DE,Cases,0.117584956070767,2021-11-22,8
IEM_Health-CovidProject,DE,Deaths,0.0975839549302574,2021-11-22,8
IEM_Health-CovidProject,FR,Cases,0.164016235625453,2021-11-22,8
IEM_Health-CovidProject,FR,Deaths,0.230028104160683,2021-11-22,8
IEM_Health-CovidProject,GB,Cases,0.109045918924174,2021-11-22,8
IEM_Health-CovidProject,GB,Deaths,0.0984487668314101,2021-11-22,8
IEM_Health-CovidProject,PL,Cases,0.158859763912118,2021-11-22,8
IEM_Health-CovidProject,PL,Deaths,0.145592802659848,2021-11-22,8
ILM-EKF,CZ,Cases,0.220879996048323,2021-11-22,8
ILM-EKF,CZ,Deaths,0.217964473478613,2021-11-22,8
ILM-EKF,DE,Cases,0.188038591730671,2021-11-22,8
ILM-EKF,DE,Deaths,0.124804505878638,2021-11-22,8
ILM-EKF,FR,Cases,0.252502723512832,2021-11-22,8
ILM-EKF,FR,Deaths,0.190110659037593,2021-11-22,8
ILM-EKF,GB,Cases,0.137480914516681,2021-11-22,8
ILM-EKF,GB,Deaths,0.138737075639784,2021-11-22,8
ILM-EKF,PL,Cases,0.0671347215829228,2021-11-22,8
ILM-EKF,PL,Deaths,0.132866572119108,2021-11-22,8
ITWW-county_repro,DE,Cases,0.129588944496769,2021-11-22,8
ITWW-county_repro,DE,Deaths,0.205314473721568,2021-11-22,8
ITWW-county_repro,PL,Deaths,0.0884125794680723,2021-11-22,8
Karlen-pypm,CZ,Cases,0.126730094675974,2021-11-22,8
Karlen-pypm,CZ,Deaths,0.274623614253425,2021-11-22,8
Karlen-pypm,DE,Cases,0.081726402755004,2021-11-22,8
Karlen-pypm,DE,Deaths,0.0930405996882509,2021-11-22,8
Karlen-pypm,FR,Cases,0.207582494275432,2021-11-22,8
Karlen-pypm,FR,Deaths,0.125623513325812,2021-11-22,8
Karlen-pypm,GB,Cases,0.215752164955981,2021-11-22,8
Karlen-pypm,GB,Deaths,0.236810153592377,2021-11-22,8
Karlen-pypm,PL,Cases,0.0454564968222214,2021-11-22,8
Karlen-pypm,PL,Deaths,0.106253597103683,2021-11-22,8
MIT_CovidAnalytics-DELPHI,DE,Deaths,0.0725014457884784,2021-11-22,8
MIT_CovidAnalytics-DELPHI,PL,Cases,0.104414390148114,2021-11-22,8
MIT_CovidAnalytics-DELPHI,PL,Deaths,0.0845036998094888,2021-11-22,8
MOCOS-agent1,PL,Cases,0.149528315985525,2021-11-22,8
MOCOS-agent1,PL,Deaths,0.117115972248344,2021-11-22,8
MUNI-ARIMA,CZ,Cases,0.21628240283745,2021-11-22,8
MUNI-ARIMA,CZ,Deaths,0.103850298546906,2021-11-22,8
MUNI-ARIMA,DE,Cases,0.0958970094014286,2021-11-22,8
MUNI-ARIMA,DE,Deaths,0.140845098814758,2021-11-22,8
MUNI-ARIMA,FR,Cases,0.258567106939147,2021-11-22,8
MUNI-ARIMA,FR,Deaths,0.16220442167748,2021-11-22,8
MUNI-ARIMA,GB,Cases,0.220825042758879,2021-11-22,8
MUNI-ARIMA,GB,Deaths,0.138263298935448,2021-11-22,8
MUNI-ARIMA,PL,Cases,0.258372168462809,2021-11-22,8
MUNI-ARIMA,PL,Deaths,0.0889049739784738,2021-11-22,8
PL_GRedlarski-DistrictsSum,PL,Cases,0.116116493019571,2021-11-22,8
RobertWalraven-ESG,CZ,Cases,0.0795671987723786,2021-11-22,8
RobertWalraven-ESG,CZ,Deaths,0.0565443154698267,2021-11-22,8
RobertWalraven-ESG,FR,Cases,0.117331439647136,2021-11-22,8
RobertWalraven-ESG,FR,Deaths,0.111472071511357,2021-11-22,8
RobertWalraven-ESG,GB,Cases,0.316895958844286,2021-11-22,8
RobertWalraven-ESG,GB,Deaths,0.219395298377388,2021-11-22,8
UMass-MechBayes,CZ,Deaths,0.227516036228848,2021-11-22,8
UMass-MechBayes,FR,Deaths,0.180561230287075,2021-11-22,8
UMass-MechBayes,GB,Deaths,0.168345406623593,2021-11-22,8
UMass-MechBayes,PL,Deaths,0.236349802612982,2021-11-22,8
itwm-dSEIR,DE,Cases,0.155509008805243,2021-11-22,8
itwm-dSEIR,DE,Deaths,0.0864716540145765,2021-11-22,8
HZI-AgeExtendedSEIR,DE,Cases,0.141342064977398,2021-11-29,8
HZI-AgeExtendedSEIR,DE,Deaths,0.248500636589248,2021-11-29,8
ICM-agentModel,PL,Cases,0.228824364552875,2021-11-29,8
IEM_Health-CovidProject,CZ,Cases,0.273058960537086,2021-11-29,8
IEM_Health-CovidProject,CZ,Deaths,0.10083541213209,2021-11-29,8
IEM_Health-CovidProject,DE,Cases,0.140106030395656,2021-11-29,8
IEM_Health-CovidProject,FR,Cases,0.160037205072152,2021-11-29,8
IEM_Health-CovidProject,FR,Deaths,0.199219161737111,2021-11-29,8
IEM_Health-CovidProject,GB,Cases,0.106142860612054,2021-11-29,8
IEM_Health-CovidProject,GB,Deaths,0.0494350811148523,2021-11-29,8
IEM_Health-CovidProject,PL,Cases,0.0986204848357443,2021-11-29,8
IEM_Health-CovidProject,PL,Deaths,0.151888782897992,2021-11-29,8
ILM-EKF,CZ,Cases,0.0840716221668147,2021-11-29,8
ILM-EKF,CZ,Deaths,0.127794119756751,2021-11-29,8
ILM-EKF,DE,Cases,0.151552294547671,2021-11-29,8
ILM-EKF,DE,Deaths,0.0946975123557112,2021-11-29,8
ILM-EKF,FR,Cases,0.23923058776269,2021-11-29,8
ILM-EKF,FR,Deaths,0.193651507961868,2021-11-29,8
ILM-EKF,GB,Cases,0.181856776866823,2021-11-29,8
ILM-EKF,GB,Deaths,0.12179676140997,2021-11-29,8
ILM-EKF,PL,Deaths,0.108101399667801,2021-11-29,8
ITWW-county_repro,DE,Cases,0.129146543561104,2021-11-29,8
ITWW-county_repro,DE,Deaths,0.118649872689241,2021-11-29,8
ITWW-county_repro,PL,Deaths,0.113784203444323,2021-11-29,8
Karlen-pypm,CZ,Cases,0.130461178923209,2021-11-29,8
Karlen-pypm,CZ,Deaths,0.167466114272664,2021-11-29,8
Karlen-pypm,DE,Cases,0.164327487959376,2021-11-29,8
Karlen-pypm,DE,Deaths,0.133353430958464,2021-11-29,8
Karlen-pypm,FR,Cases,0.180761718168146,2021-11-29,8
Karlen-pypm,FR,Deaths,0.117190573944817,2021-11-29,8
Karlen-pypm,GB,Cases,0.144363952668232,2021-11-29,8
Karlen-pypm,GB,Deaths,0.214036253780211,2021-11-29,8
Karlen-pypm,PL,Cases,0.0502647047477822,2021-11-29,8
Karlen-pypm,PL,Deaths,0.115132437164413,2021-11-29,8
MIT_CovidAnalytics-DELPHI,DE,Deaths,0.0881632228811124,2021-11-29,8
MIT_CovidAnalytics-DELPHI,PL,Cases,0.155667258653055,2021-11-29,8
MOCOS-agent1,PL,Cases,0.0980942098568038,2021-11-29,8
MOCOS-agent1,PL,Deaths,0.139189922544236,2021-11-29,8
MUNI-ARIMA,CZ,Cases,0.15724348047327,2021-11-29,8
MUNI-ARIMA,CZ,Deaths,0.101347982564398,2021-11-29,8
MUNI-ARIMA,DE,Cases,0.0803757876306212,2021-11-29,8
MUNI-ARIMA,DE,Deaths,0.173241831242534,2021-11-29,8
MUNI-ARIMA,FR,Cases,0.202244500302557,2021-11-29,8
MUNI-ARIMA,FR,Deaths,0.146591744985606,2021-11-29,8
MUNI-ARIMA,GB,Cases,0.275965691899904,2021-11-29,8
MUNI-ARIMA,GB,Deaths,0.0968717944585974,2021-11-29,8
MUNI-ARIMA,PL,Cases,0.191527003785477,2021-11-29,8
MUNI-ARIMA,PL,Deaths,0.0979171563588015,2021-11-29,8
MUNI-VAR,CZ,Cases,0.0678626883044296,2021-11-29,8
MUNI-VAR,CZ,Deaths,0.0562152078147011,2021-11-29,8
MUNI-VAR,DE,Cases,0.0566467594757483,2021-11-29,8
MUNI-VAR,DE,Deaths,0.0648351112394959,2021-11-29,8
MUNI-VAR,FR,Cases,0.109811991218046,2021-11-29,8
MUNI-VAR,FR,Deaths,0.0873631180997254,2021-11-29,8
MUNI-VAR,GB,Cases,0.0936636970824244,2021-11-29,8
MUNI-VAR,GB,Deaths,0.0706918829940485,2021-11-29,8
MUNI-VAR,PL,Cases,0.0492650177889526,2021-11-29,8
MUNI-VAR,PL,Deaths,0.07300478728914,2021-11-29,8
MUNI_DMS-SEIAR,CZ,Cases,0.22200948203193,2021-11-29,8
MUNI_DMS-SEIAR,CZ,Deaths,0.147074009729992,2021-11-29,8
PL_GRedlarski-DistrictsSum,PL,Cases,0.12773695577931,2021-11-29,8
RobertWalraven-ESG,CZ,Cases,0.0652925875632611,2021-11-29,8
RobertWalraven-ESG,CZ,Deaths,0.0524470836648563,2021-11-29,8
RobertWalraven-ESG,FR,Cases,0.107913997476408,2021-11-29,8
RobertWalraven-ESG,FR,Deaths,0.101537621347182,2021-11-29,8
RobertWalraven-ESG,GB,Cases,0.198007020870563,2021-11-29,8
RobertWalraven-ESG,GB,Deaths,0.222196606007749,2021-11-29,8
UMass-MechBayes,CZ,Deaths,0.246820070064548,2021-11-29,8
UMass-MechBayes,DE,Deaths,0.0785583820441941,2021-11-29,8
UMass-MechBayes,FR,Deaths,0.154446271923691,2021-11-29,8
UMass-MechBayes,GB,Deaths,0.224971620234571,2021-11-29,8
UMass-MechBayes,PL,Deaths,0.200981310633294,2021-11-29,8
itwm-dSEIR,DE,Cases,0.136503031452426,2021-11-29,8
CovidMetrics-epiBATS,DE,Cases,0.134771238049391,2021-12-06,8
HZI-AgeExtendedSEIR,DE,Cases,0.115662254245258,2021-12-06,8
HZI-AgeExtendedSEIR,DE,Deaths,0.184134751319523,2021-12-06,8
ICM-agentModel,PL,Cases,0.201132238525661,2021-12-06,8
ICM-agentModel,PL,Deaths,0.141817047178735,2021-12-06,8
IEM_Health-CovidProject,CZ,Cases,0.182396352345404,2021-12-06,8
IEM_Health-CovidProject,CZ,Deaths,0.067539341370348,2021-12-06,8
IEM_Health-CovidProject,DE,Cases,0.0994022336693795,2021-12-06,8
IEM_Health-CovidProject,FR,Cases,0.161154448288901,2021-12-06,8
IEM_Health-CovidProject,FR,Deaths,0.198618818434908,2021-12-06,8
IEM_Health-CovidProject,GB,Cases,0.199367559427875,2021-12-06,8
IEM_Health-CovidProject,GB,Deaths,0.0405946746303595,2021-12-06,8
IEM_Health-CovidProject,PL,Cases,0.0592848728546832,2021-12-06,8
ILM-EKF,CZ,Cases,0.0681711184894868,2021-12-06,8
ILM-EKF,CZ,Deaths,0.0947622889570513,2021-12-06,8
ILM-EKF,DE,Cases,0.10571560376878,2021-12-06,8
ILM-EKF,DE,Deaths,0.0824219725878275,2021-12-06,8
ILM-EKF,FR,Cases,0.241621621276612,2021-12-06,8
ILM-EKF,FR,Deaths,0.187520040165539,2021-12-06,8
ILM-EKF,GB,Cases,0.14666914966935,2021-12-06,8
ILM-EKF,GB,Deaths,0.0955293055994373,2021-12-06,8
ILM-EKF,PL,Deaths,0.132558365436991,2021-12-06,8
ITWW-county_repro,DE,Deaths,0.080028011485682,2021-12-06,8
ITWW-county_repro,PL,Deaths,0.108509362602261,2021-12-06,8
Karlen-pypm,CZ,Cases,0.120752624930584,2021-12-06,8
Karlen-pypm,CZ,Deaths,0.102437608512308,2021-12-06,8
Karlen-pypm,DE,Cases,0.193005475793343,2021-12-06,8
Karlen-pypm,DE,Deaths,0.146573042406652,2021-12-06,8
Karlen-pypm,FR,Cases,0.201160396278733,2021-12-06,8
Karlen-pypm,FR,Deaths,0.150047008699858,2021-12-06,8
Karlen-pypm,GB,Cases,0.0789453303433261,2021-12-06,8
Karlen-pypm,GB,Deaths,0.167956229902458,2021-12-06,8
Karlen-pypm,PL,Deaths,0.105008787611359,2021-12-06,8
MIT_CovidAnalytics-DELPHI,DE,Deaths,0.0948015939666662,2021-12-06,8
MIT_CovidAnalytics-DELPHI,PL,Cases,0.140370753886157,2021-12-06,8
MOCOS-agent1,PL,Cases,0.081103076808829,2021-12-06,8
MOCOS-agent1,PL,Deaths,0.116664931834176,2021-12-06,8
MUNI-ARIMA,CZ,Cases,0.290024866684772,2021-12-06,8
MUNI-ARIMA,CZ,Deaths,0.184661078113915,2021-12-06,8
MUNI-ARIMA,DE,Cases,0.136514695153612,2021-12-06,8
MUNI-ARIMA,DE,Deaths,0.214601841154231,2021-12-06,8
MUNI-ARIMA,FR,Cases,0.143914728919886,2021-12-06,8
MUNI-ARIMA,FR,Deaths,0.118447759611554,2021-12-06,8
MUNI-ARIMA,GB,Cases,0.228228424788086,2021-12-06,8
MUNI-ARIMA,GB,Deaths,0.0990957374471402,2021-12-06,8
MUNI-ARIMA,PL,Cases,0.24161382214579,2021-12-06,8
MUNI-ARIMA,PL,Deaths,0.103447259603535,2021-12-06,8
MUNI-VAR,CZ,Cases,0.076847554144084,2021-12-06,8
MUNI-VAR,CZ,Deaths,0.0640172721024425,2021-12-06,8
MUNI-VAR,DE,Deaths,0.0988987034511604,2021-12-06,8
MUNI-VAR,FR,Cases,0.159044950067627,2021-12-06,8
MUNI-VAR,FR,Deaths,0.104678100809753,2021-12-06,8
MUNI-VAR,GB,Cases,0.220697045493012,2021-12-06,8
MUNI-VAR,GB,Deaths,0.260381031736632,2021-12-06,8
MUNI-VAR,PL,Cases,0.0513544587600914,2021-12-06,8
MUNI-VAR,PL,Deaths,0.129479335973301,2021-12-06,8
MUNI_DMS-SEIAR,CZ,Cases,0.13344565974012,2021-12-06,8
MUNI_DMS-SEIAR,CZ,Deaths,0.166336677506163,2021-12-06,8
PL_GRedlarski-DistrictsSum,PL,Cases,0.159988663271873,2021-12-06,8
RobertWalraven-ESG,CZ,Cases,0.128361823665549,2021-12-06,8
RobertWalraven-ESG,CZ,Deaths,0.0819584530470288,2021-12-06,8
RobertWalraven-ESG,DE,Cases,0.0967698381703449,2021-12-06,8
RobertWalraven-ESG,FR,Cases,0.0931038551682405,2021-12-06,8
RobertWalraven-ESG,FR,Deaths,0.0849074493674219,2021-12-06,8
RobertWalraven-ESG,GB,Cases,0.126092490278351,2021-12-06,8
RobertWalraven-ESG,GB,Deaths,0.177720121642127,2021-12-06,8
RobertWalraven-ESG,PL,Cases,0.0651521137469153,2021-12-06,8
UMass-MechBayes,CZ,Deaths,0.238287280390743,2021-12-06,8
UMass-MechBayes,DE,Deaths,0.0985400836282576,2021-12-06,8
UMass-MechBayes,FR,Deaths,0.155780822910966,2021-12-06,8
UMass-MechBayes,GB,Deaths,0.158722899041846,2021-12-06,8
UMass-MechBayes,PL,Deaths,0.162514909759642,2021-12-06,8
itwm-dSEIR,DE,Cases,0.118158661149892,2021-12-06,8
HZI-AgeExtendedSEIR,DE,Cases,0.0772172757741535,2021-12-13,8
HZI-AgeExtendedSEIR,DE,Deaths,0.12422431668493,2021-12-13,8
ICM-agentModel,PL,Cases,0.204909631994776,2021-12-13,8
ICM-agentModel,PL,Deaths,0.117792071883579,2021-12-13,8
IEM_Health-CovidProject,CZ,Cases,0.148857472881008,2021-12-13,8
IEM_Health-CovidProject,CZ,Deaths,0.0577033991171351,2021-12-13,8
IEM_Health-CovidProject,DE,Cases,0.0632000377062638,2021-12-13,8
IEM_Health-CovidProject,FR,Cases,0.260541486746565,2021-12-13,8
IEM_Health-CovidProject,FR,Deaths,0.211067961228986,2021-12-13,8
IEM_Health-CovidProject,GB,Cases,0.155960717668366,2021-12-13,8
IEM_Health-CovidProject,GB,Deaths,0.0787664319032505,2021-12-13,8
ILM-EKF,CZ,Cases,0.0864920485071892,2021-12-13,8
ILM-EKF,CZ,Deaths,0.0795917066798962,2021-12-13,8
ILM-EKF,DE,Cases,0.0689702231558623,2021-12-13,8
ILM-EKF,DE,Deaths,0.0795567400328128,2021-12-13,8
ILM-EKF,FR,Cases,0.260514209346719,2021-12-13,8
ILM-EKF,FR,Deaths,0.177633813540841,2021-12-13,8
ILM-EKF,GB,Cases,0.220690952182094,2021-12-13,8
ILM-EKF,GB,Deaths,0.103200879965433,2021-12-13,8
ILM-EKF,PL,Cases,0.0462635711200105,2021-12-13,8
ILM-EKF,PL,Deaths,0.119980713123233,2021-12-13,8
ITWW-county_repro,PL,Deaths,0.0934559021309721,2021-12-13,8
MIT_CovidAnalytics-DELPHI,DE,Cases,0.102416769389156,2021-12-13,8
MIT_CovidAnalytics-DELPHI,DE,Deaths,0.129771117427647,2021-12-13,8
MIT_CovidAnalytics-DELPHI,PL,Cases,0.0797188445274408,2021-12-13,8
MIT_CovidAnalytics-DELPHI,PL,Deaths,0.170580835426793,2021-12-13,8
MOCOS-agent1,PL,Cases,0.153209076914058,2021-12-13,8
MOCOS-agent1,PL,Deaths,0.147390277062285,2021-12-13,8
MUNI-ARIMA,CZ,Cases,0.242239875567003,2021-12-13,8
MUNI-ARIMA,CZ,Deaths,0.313287786802926,2021-12-13,8
MUNI-ARIMA,DE,Cases,0.301078606324121,2021-12-13,8
MUNI-ARIMA,DE,Deaths,0.270728217214248,2021-12-13,8
MUNI-ARIMA,FR,Cases,0.173251087691175,2021-12-13,8
MUNI-ARIMA,FR,Deaths,0.127846593700477,2021-12-13,8
MUNI-ARIMA,GB,Cases,0.247289383545329,2021-12-13,8
MUNI-ARIMA,GB,Deaths,0.143603692268862,2021-12-13,8
MUNI-ARIMA,PL,Cases,0.208769110963729,2021-12-13,8
MUNI-ARIMA,PL,Deaths,0.133807989656862,2021-12-13,8
MUNI-LaggedRegARIMA,CZ,Deaths,0.0564566403078449,2021-12-13,8
MUNI-LaggedRegARIMA,DE,Deaths,0.0855827003257308,2021-12-13,8
MUNI-LaggedRegARIMA,FR,Deaths,0.0835711887703179,2021-12-13,8
MUNI-LaggedRegARIMA,GB,Deaths,0.0962152673671733,2021-12-13,8
MUNI-VAR,CZ,Cases,0.115249992685681,2021-12-13,8
MUNI-VAR,CZ,Deaths,0.0665120365710564,2021-12-13,8
MUNI-VAR,DE,Cases,0.100757200127943,2021-12-13,8
MUNI-VAR,DE,Deaths,0.100142525709046,2021-12-13,8
MUNI-VAR,FR,Cases,0.187841166408962,2021-12-13,8
MUNI-VAR,FR,Deaths,0.123060373405273,2021-12-13,8
MUNI-VAR,GB,Cases,0.281309134459015,2021-12-13,8
MUNI-VAR,GB,Deaths,0.218585128629207,2021-12-13,8
MUNI-VAR,PL,Cases,0.0501753176959699,2021-12-13,8
MUNI-VAR,PL,Deaths,0.0868731390212732,2021-12-13,8
MUNI_DMS-SEIAR,CZ,Cases,0.111942034852775,2021-12-13,8
MUNI_DMS-SEIAR,CZ,Deaths,0.0841777219143143,2021-12-13,8
PL_GRedlarski-DistrictsSum,PL,Cases,0.177790836099597,2021-12-13,8
RobertWalraven-ESG,CZ,Cases,0.295218575506344,2021-12-13,8
RobertWalraven-ESG,CZ,Deaths,0.123227443594211,2021-12-13,8
RobertWalraven-ESG,DE,Cases,0.204712973501654,2021-12-13,8
RobertWalraven-ESG,DE,Deaths,0.0934030837212792,2021-12-13,8
RobertWalraven-ESG,FR,Cases,0.11785204980658,2021-12-13,8
RobertWalraven-ESG,FR,Deaths,0.0967518558850443,2021-12-13,8
RobertWalraven-ESG,GB,Cases,0.0947498121451949,2021-12-13,8
RobertWalraven-ESG,GB,Deaths,0.202494220208386,2021-12-13,8
RobertWalraven-ESG,PL,Cases,0.0791636106844191,2021-12-13,8
UMass-MechBayes,CZ,Deaths,0.219043265012616,2021-12-13,8
UMass-MechBayes,DE,Deaths,0.116591298884306,2021-12-13,8
UMass-MechBayes,FR,Deaths,0.180068213469061,2021-12-13,8
UMass-MechBayes,GB,Deaths,0.157134379657687,2021-12-13,8
UMass-MechBayes,PL,Deaths,0.130119071695003,2021-12-13,8
itwm-dSEIR,DE,Cases,0.0816469140208474,2021-12-13,8
CovidMetrics-epiBATS,DE,Cases,0.172493237364522,2021-12-20,8
HZI-AgeExtendedSEIR,DE,Cases,0.0878069154142284,2021-12-20,8
HZI-AgeExtendedSEIR,DE,Deaths,0.123102192662291,2021-12-20,8
ICM-agentModel,PL,Cases,0.15014694491203,2021-12-20,8
ICM-agentModel,PL,Deaths,0.095606129929447,2021-12-20,8
IEM_Health-CovidProject,CZ,Cases,0.136691929853622,2021-12-20,8
IEM_Health-CovidProject,CZ,Deaths,0.0753837601753133,2021-12-20,8
IEM_Health-CovidProject,FR,Cases,0.249404718434626,2021-12-20,8
IEM_Health-CovidProject,FR,Deaths,0.184447020281717,2021-12-20,8
IEM_Health-CovidProject,GB,Cases,0.249029251123084,2021-12-20,8
IEM_Health-CovidProject,GB,Deaths,0.102806771030533,2021-12-20,8
ITWW-county_repro,DE,Cases,0.0437283230067258,2021-12-20,8
ITWW-county_repro,DE,Deaths,0.0643045123118184,2021-12-20,8
ITWW-county_repro,PL,Deaths,0.103962339617846,2021-12-20,8
MIT_CovidAnalytics-DELPHI,DE,Deaths,0.164437955912273,2021-12-20,8
MIT_CovidAnalytics-DELPHI,PL,Cases,0.115932999858971,2021-12-20,8
MIT_CovidAnalytics-DELPHI,PL,Deaths,0.220479859852661,2021-12-20,8
MOCOS-agent1,PL,Cases,0.236991672646101,2021-12-20,8
MOCOS-agent1,PL,Deaths,0.148451776039174,2021-12-20,8
MUNI-ARIMA,CZ,Cases,0.223782323363872,2021-12-20,8
MUNI-ARIMA,CZ,Deaths,0.29567980326029,2021-12-20,8
MUNI-ARIMA,DE,Cases,0.214133740325063,2021-12-20,8
MUNI-ARIMA,DE,Deaths,0.191189496514688,2021-12-20,8
MUNI-ARIMA,FR,Cases,0.218536771888882,2021-12-20,8
MUNI-ARIMA,FR,Deaths,0.163031175409802,2021-12-20,8
MUNI-ARIMA,GB,Cases,0.25976313711671,2021-12-20,8
MUNI-ARIMA,GB,Deaths,0.108634446953159,2021-12-20,8
MUNI-ARIMA,PL,Cases,0.136697907800794,2021-12-20,8
MUNI-ARIMA,PL,Deaths,0.157984180508423,2021-12-20,8
MUNI-LaggedRegARIMA,CZ,Deaths,0.127027387820974,2021-12-20,8
MUNI-LaggedRegARIMA,DE,Deaths,0.240396557618792,2021-12-20,8
MUNI-LaggedRegARIMA,FR,Deaths,0.112695365813523,2021-12-20,8
MUNI-LaggedRegARIMA,GB,Deaths,0.212236941208125,2021-12-20,8
MUNI-VAR,CZ,Cases,0.097314668092163,2021-12-20,8
MUNI-VAR,CZ,Deaths,0.0477365953008317,2021-12-20,8
MUNI-VAR,DE,Cases,0.0498636561777377,2021-12-20,8
MUNI-VAR,FR,Cases,0.23110814394507,2021-12-20,8
MUNI-VAR,FR,Deaths,0.146497602661532,2021-12-20,8
MUNI-VAR,GB,Cases,0.247658724296946,2021-12-20,8
MUNI-VAR,GB,Deaths,0.149111236331331,2021-12-20,8
MUNI-VAR,PL,Cases,0.0372325446332313,2021-12-20,8
MUNI_DMS-SEIAR,CZ,Cases,0.126511034249803,2021-12-20,8
MUNI_DMS-SEIAR,CZ,Deaths,0.049528106934642,2021-12-20,8
PL_GRedlarski-DistrictsSum,PL,Cases,0.217119122568466,2021-12-20,8
RobertWalraven-ESG,CZ,Cases,0.307576731120866,2021-12-20,8
RobertWalraven-ESG,CZ,Deaths,0.162355067441447,2021-12-20,8
RobertWalraven-ESG,DE,Cases,0.196789210251987,2021-12-20,8
RobertWalraven-ESG,DE,Deaths,0.0928694788147317,2021-12-20,8
RobertWalraven-ESG,FR,Cases,0.144843574567595,2021-12-20,8
RobertWalraven-ESG,FR,Deaths,0.0827543129989325,2021-12-20,8
RobertWalraven-ESG,GB,Cases,0.128304259628802,2021-12-20,8
RobertWalraven-ESG,GB,Deaths,0.139822742333776,2021-12-20,8
RobertWalraven-ESG,PL,Cases,0.0617063529737424,2021-12-20,8
RobertWalraven-ESG,PL,Deaths,0.0804813699913032,2021-12-20,8
UMass-MechBayes,CZ,Deaths,0.242289279066503,2021-12-20,8
UMass-MechBayes,DE,Deaths,0.0637513118695485,2021-12-20,8
UMass-MechBayes,FR,Deaths,0.224874448545274,2021-12-20,8
UMass-MechBayes,GB,Deaths,0.203089582652196,2021-12-20,8
UMass-MechBayes,PL,Deaths,0.117305057769846,2021-12-20,8
epiforecasts-EpiNow2,CZ,Cases,0.108123313319674,2021-12-20,8
epiforecasts-EpiNow2,DE,Cases,0.0423912717235127,2021-12-20,8
epiforecasts-EpiNow2,FR,Cases,0.156106791163828,2021-12-20,8
epiforecasts-EpiNow2,FR,Deaths,0.0857000742892193,2021-12-20,8
epiforecasts-EpiNow2,GB,Cases,0.115244627834458,2021-12-20,8
epiforecasts-EpiNow2,GB,Deaths,0.084298279490881,2021-12-20,8
epiforecasts-EpiNow2,PL,Cases,0.0441724546066645,2021-12-20,8
epiforecasts-EpiNow2,PL,Deaths,0.0757292862912993,2021-12-20,8
itwm-dSEIR,DE,Cases,0.192793645736223,2021-12-20,8
itwm-dSEIR,DE,Deaths,0.059948494295859,2021-12-20,8
CovidMetrics-epiBATS,DE,Cases,0.101967155778772,2021-12-27,8
FIAS_FZJ-Epi1Ger,DE,Deaths,0.130044497582894,2021-12-27,8
HZI-AgeExtendedSEIR,DE,Cases,0.0960863691562723,2021-12-27,8
HZI-AgeExtendedSEIR,DE,Deaths,0.110924078776384,2021-12-27,8
IEM_Health-CovidProject,CZ,Cases,0.0529459100134841,2021-12-27,8
IEM_Health-CovidProject,CZ,Deaths,0.0965012595111568,2021-12-27,8
IEM_Health-CovidProject,FR,Cases,0.19709930382577,2021-12-27,8
IEM_Health-CovidProject,FR,Deaths,0.113640658120802,2021-12-27,8
IEM_Health-CovidProject,GB,Cases,0.182701591732926,2021-12-27,8
IEM_Health-CovidProject,GB,Deaths,0.148409646849144,2021-12-27,8
IEM_Health-CovidProject,PL,Cases,0.0363598601797889,2021-12-27,8
ILM-EKF,CZ,Cases,0.0540032489862123,2021-12-27,8
ILM-EKF,CZ,Deaths,0.0676810842491633,2021-12-27,8
ILM-EKF,DE,Cases,0.0850768834655108,2021-12-27,8
ILM-EKF,DE,Deaths,0.0828802939161414,2021-12-27,8
ILM-EKF,FR,Cases,0.115004438184441,2021-12-27,8
ILM-EKF,FR,Deaths,0.065107527717349,2021-12-27,8
ILM-EKF,GB,Cases,0.222417015277665,2021-12-27,8
ILM-EKF,GB,Deaths,0.0729114127628561,2021-12-27,8
ILM-EKF,PL,Cases,0.0549821551081593,2021-12-27,8
ILM-EKF,PL,Deaths,0.112038638146988,2021-12-27,8
ITWW-county_repro,PL,Deaths,0.120025784352228,2021-12-27,8
MOCOS-agent1,PL,Cases,0.301005849557429,2021-12-27,8
MOCOS-agent1,PL,Deaths,0.0891470406346913,2021-12-27,8
MUNI-ARIMA,CZ,Cases,0.0762412187822057,2021-12-27,8
MUNI-ARIMA,CZ,Deaths,0.21671783506789,2021-12-27,8
MUNI-ARIMA,DE,Cases,0.149735044123985,2021-12-27,8
MUNI-ARIMA,DE,Deaths,0.103319790781491,2021-12-27,8
MUNI-ARIMA,FR,Cases,0.178266909541175,2021-12-27,8
MUNI-ARIMA,FR,Deaths,0.191671695702774,2021-12-27,8
MUNI-ARIMA,GB,Cases,0.168371311470605,2021-12-27,8
MUNI-ARIMA,GB,Deaths,0.101071028894628,2021-12-27,8
MUNI-ARIMA,PL,Cases,0.120161134575508,2021-12-27,8
MUNI-ARIMA,PL,Deaths,0.269913472156635,2021-12-27,8
MUNI-LaggedRegARIMA,CZ,Deaths,0.0956172060881836,2021-12-27,8
MUNI-LaggedRegARIMA,DE,Deaths,0.236277842885203,2021-12-27,8
MUNI-LaggedRegARIMA,FR,Deaths,0.140989670985556,2021-12-27,8
MUNI-LaggedRegARIMA,GB,Deaths,0.240320732930695,2021-12-27,8
MUNI-LaggedRegARIMA,PL,Deaths,0.140252001836605,2021-12-27,8
MUNI-VAR,CZ,Cases,0.0591496283206343,2021-12-27,8
MUNI-VAR,CZ,Deaths,0.0707450900657083,2021-12-27,8
MUNI-VAR,DE,Cases,0.0920568136575369,2021-12-27,8
MUNI-VAR,FR,Cases,0.136970143316241,2021-12-27,8
MUNI-VAR,FR,Deaths,0.164643125615988,2021-12-27,8
MUNI-VAR,GB,Cases,0.1487522242899,2021-12-27,8
MUNI-VAR,GB,Deaths,0.150871694455985,2021-12-27,8
MUNI-VAR,PL,Cases,0.0689815027845516,2021-12-27,8
MUNI-VAR,PL,Deaths,0.0769189438717434,2021-12-27,8
MUNI_DMS-SEIAR,CZ,Cases,0.462034164223207,2021-12-27,8
MUNI_DMS-SEIAR,CZ,Deaths,0.150034803097955,2021-12-27,8
PL_GRedlarski-DistrictsSum,PL,Cases,0.199109746417618,2021-12-27,8
RobertWalraven-ESG,CZ,Cases,0.0958876934503855,2021-12-27,8
RobertWalraven-ESG,CZ,Deaths,0.141379875027972,2021-12-27,8
RobertWalraven-ESG,DE,Cases,0.106501999890837,2021-12-27,8
RobertWalraven-ESG,DE,Deaths,0.130606490456729,2021-12-27,8
RobertWalraven-ESG,FR,Cases,0.13634953752979,2021-12-27,8
RobertWalraven-ESG,FR,Deaths,0.0774111987859604,2021-12-27,8
RobertWalraven-ESG,GB,Cases,0.113204825977007,2021-12-27,8
RobertWalraven-ESG,GB,Deaths,0.102890028860958,2021-12-27,8
RobertWalraven-ESG,PL,Cases,0.0573461202985731,2021-12-27,8
UMass-MechBayes,CZ,Deaths,0.161322846891971,2021-12-27,8
UMass-MechBayes,DE,Deaths,0.0968080668819301,2021-12-27,8
UMass-MechBayes,FR,Deaths,0.164195026691223,2021-12-27,8
UMass-MechBayes,GB,Deaths,0.183525455245734,2021-12-27,8
UMass-MechBayes,PL,Deaths,0.0966666891160126,2021-12-27,8
epiforecasts-EpiNow2,CZ,Cases,0.199738136223872,2021-12-27,8
epiforecasts-EpiNow2,DE,Cases,0.0731488766630571,2021-12-27,8
epiforecasts-EpiNow2,FR,Cases,0.236309667602583,2021-12-27,8
epiforecasts-EpiNow2,FR,Deaths,0.0823410963803473,2021-12-27,8
epiforecasts-EpiNow2,GB,Cases,0.164553031251896,2021-12-27,8
epiforecasts-EpiNow2,PL,Cases,0.162053631078372,2021-12-27,8
epiforecasts-EpiNow2,PL,Deaths,0.095037429885097,2021-12-27,8
itwm-dSEIR,DE,Cases,0.295426857264029,2021-12-27,8
itwm-dSEIR,DE,Deaths,0.109138938719227,2021-12-27,8
CovidMetrics-epiBATS,DE,Cases,0.0695529231554555,2022-01-03,8
FIAS_FZJ-Epi1Ger,DE,Cases,0.101112588906475,2022-01-03,8
FIAS_FZJ-Epi1Ger,DE,Deaths,0.196696462713125,2022-01-03,8
HZI-AgeExtendedSEIR,DE,Cases,0.178023435858962,2022-01-03,8
HZI-AgeExtendedSEIR,DE,Deaths,0.100379574011401,2022-01-03,8
ICM-agentModel,PL,Cases,0.125862163660807,2022-01-03,8
ICM-agentModel,PL,Deaths,0.121228780649971,2022-01-03,8
IEM_Health-CovidProject,CZ,Cases,0.0865387093432418,2022-01-03,8
IEM_Health-CovidProject,CZ,Deaths,0.0998869973778509,2022-01-03,8
IEM_Health-CovidProject,FR,Cases,0.294200265536157,2022-01-03,8
IEM_Health-CovidProject,FR,Deaths,0.113340964832235,2022-01-03,8
IEM_Health-CovidProject,GB,Cases,0.292655260928859,2022-01-03,8
IEM_Health-CovidProject,GB,Deaths,0.297145263684323,2022-01-03,8
IEM_Health-CovidProject,PL,Cases,0.0282949412945385,2022-01-03,8
ILM-EKF,CZ,Cases,0.169137937735242,2022-01-03,8
ILM-EKF,CZ,Deaths,0.124036472525918,2022-01-03,8
ILM-EKF,DE,Cases,0.0985839651118278,2022-01-03,8
ILM-EKF,DE,Deaths,0.0811146791615237,2022-01-03,8
ILM-EKF,FR,Cases,0.205484252679305,2022-01-03,8
ILM-EKF,FR,Deaths,0.098124052020753,2022-01-03,8
ILM-EKF,GB,Cases,0.235829204296992,2022-01-03,8
ILM-EKF,GB,Deaths,0.133648928115899,2022-01-03,8
ILM-EKF,PL,Cases,0.04622492180538,2022-01-03,8
ILM-EKF,PL,Deaths,0.110671575487842,2022-01-03,8
ITWW-county_repro,DE,Cases,0.0496646092591313,2022-01-03,8
ITWW-county_repro,DE,Deaths,0.105566949399767,2022-01-03,8
ITWW-county_repro,PL,Deaths,0.172949096702211,2022-01-03,8
MIT_CovidAnalytics-DELPHI,DE,Deaths,0.116743594642682,2022-01-03,8
MIT_CovidAnalytics-DELPHI,PL,Cases,0.204786520329765,2022-01-03,8
MIT_CovidAnalytics-DELPHI,PL,Deaths,0.110605115517066,2022-01-03,8
MOCOS-agent1,PL,Cases,0.227849105197467,2022-01-03,8
MOCOS-agent1,PL,Deaths,0.0667973753366153,2022-01-03,8
MUNI-ARIMA,CZ,Deaths,0.146233092209004,2022-01-03,8
MUNI-ARIMA,FR,Deaths,0.436431602882692,2022-01-03,8
MUNI-ARIMA,GB,Deaths,0.20482952992623,2022-01-03,8
MUNI-ARIMA,PL,Deaths,0.198038320532609,2022-01-03,8
MUNI_DMS-SEIAR,CZ,Cases,0.257501545753855,2022-01-03,8
MUNI_DMS-SEIAR,CZ,Deaths,0.131657082624816,2022-01-03,8
PL_GRedlarski-DistrictsSum,PL,Cases,0.114503888373752,2022-01-03,8
RobertWalraven-ESG,CZ,Cases,0.111212959311139,2022-01-03,8
RobertWalraven-ESG,CZ,Deaths,0.112106286585201,2022-01-03,8
RobertWalraven-ESG,DE,Cases,0.100477032212055,2022-01-03,8
RobertWalraven-ESG,DE,Deaths,0.0958413813167809,2022-01-03,8
RobertWalraven-ESG,FR,Cases,0.177254344140443,2022-01-03,8
RobertWalraven-ESG,FR,Deaths,0.17521948854052,2022-01-03,8
RobertWalraven-ESG,GB,Cases,0.179652516303365,2022-01-03,8
RobertWalraven-ESG,GB,Deaths,0.135781984275723,2022-01-03,8
RobertWalraven-ESG,PL,Cases,0.0334630893056462,2022-01-03,8
UMass-MechBayes,CZ,Deaths,0.386080068677211,2022-01-03,8
UMass-MechBayes,DE,Deaths,0.126745554933042,2022-01-03,8
UMass-MechBayes,FR,Deaths,0.176883891723799,2022-01-03,8
UMass-MechBayes,GB,Deaths,0.228594293997825,2022-01-03,8
UMass-MechBayes,PL,Deaths,0.122508466683949,2022-01-03,8
epiforecasts-EpiNow2,CZ,Cases,0.375608847856522,2022-01-03,8
epiforecasts-EpiNow2,DE,Cases,0.102714213616995,2022-01-03,8
epiforecasts-EpiNow2,FR,Cases,0.323061137644096,2022-01-03,8
epiforecasts-EpiNow2,GB,Cases,0.291863018470784,2022-01-03,8
epiforecasts-EpiNow2,PL,Cases,0.219015370032643,2022-01-03,8
epiforecasts-EpiNow2,PL,Deaths,0.0972012690897372,2022-01-03,8
itwm-dSEIR,DE,Cases,0.299871231879098,2022-01-03,8
itwm-dSEIR,DE,Deaths,0.17691180382168,2022-01-03,8
CovidMetrics-epiBATS,DE,Cases,0.0790483941298709,2022-01-10,8
FIAS_FZJ-Epi1Ger,DE,Cases,0.13293918027708,2022-01-10,8
FIAS_FZJ-Epi1Ger,DE,Deaths,0.168144780729479,2022-01-10,8
HZI-AgeExtendedSEIR,DE,Cases,0.145675549105555,2022-01-10,8
HZI-AgeExtendedSEIR,DE,Deaths,0.108230885980743,2022-01-10,8
ICM-agentModel,PL,Cases,0.116257212474841,2022-01-10,8
ICM-agentModel,PL,Deaths,0.131208504170069,2022-01-10,8
IEM_Health-CovidProject,CZ,Cases,0.165521020104794,2022-01-10,8
IEM_Health-CovidProject,CZ,Deaths,0.0995077238048916,2022-01-10,8
IEM_Health-CovidProject,DE,Cases,0.0981122578636036,2022-01-10,8
IEM_Health-CovidProject,FR,Cases,0.309852652897414,2022-01-10,8
IEM_Health-CovidProject,FR,Deaths,0.164754110248837,2022-01-10,8
IEM_Health-CovidProject,GB,Cases,0.384943910745951,2022-01-10,8
IEM_Health-CovidProject,GB,Deaths,0.292236366616752,2022-01-10,8
ILM-EKF,CZ,Cases,0.0991195630338677,2022-01-10,8
ILM-EKF,CZ,Deaths,0.115339273864189,2022-01-10,8
ILM-EKF,DE,Cases,0.0829641726450585,2022-01-10,8
ILM-EKF,DE,Deaths,0.0811815834386754,2022-01-10,8
ILM-EKF,FR,Cases,0.212274577425518,2022-01-10,8
ILM-EKF,FR,Deaths,0.10264267955632,2022-01-10,8
ILM-EKF,GB,Cases,0.15015877313174,2022-01-10,8
ILM-EKF,GB,Deaths,0.129997681508628,2022-01-10,8
ILM-EKF,PL,Cases,0.0553055530820085,2022-01-10,8
ILM-EKF,PL,Deaths,0.0892205037936873,2022-01-10,8
ITWW-county_repro,DE,Deaths,0.123324240899992,2022-01-10,8
ITWW-county_repro,PL,Cases,0.0551425238240154,2022-01-10,8
ITWW-county_repro,PL,Deaths,0.148455076527023,2022-01-10,8
MIT_CovidAnalytics-DELPHI,DE,Deaths,0.104360195562793,2022-01-10,8
MIT_CovidAnalytics-DELPHI,PL,Cases,0.115461023358521,2022-01-10,8
MIT_CovidAnalytics-DELPHI,PL,Deaths,0.105374762948411,2022-01-10,8
MOCOS-agent1,PL,Cases,0.205402836800667,2022-01-10,8
MOCOS-agent1,PL,Deaths,0.0901787216644692,2022-01-10,8
MUNI-ARIMA,CZ,Deaths,0.174274718844305,2022-01-10,8
MUNI-ARIMA,FR,Deaths,0.319366008610324,2022-01-10,8
MUNI-ARIMA,GB,Deaths,0.166849883057258,2022-01-10,8
MUNI-ARIMA,PL,Deaths,0.144063299835015,2022-01-10,8
MUNI_DMS-SEIAR,CZ,Cases,0.101039752789219,2022-01-10,8
MUNI_DMS-SEIAR,CZ,Deaths,0.123129778545616,2022-01-10,8
PL_GRedlarski-DistrictsSum,PL,Cases,0.166277329344042,2022-01-10,8
RobertWalraven-ESG,CZ,Cases,0.194582940866573,2022-01-10,8
RobertWalraven-ESG,CZ,Deaths,0.1092253426328,2022-01-10,8
RobertWalraven-ESG,DE,Cases,0.111923800409897,2022-01-10,8
RobertWalraven-ESG,FR,Cases,0.195640110773338,2022-01-10,8
RobertWalraven-ESG,FR,Deaths,0.24797436907793,2022-01-10,8
RobertWalraven-ESG,GB,Cases,0.180081974966531,2022-01-10,8
RobertWalraven-ESG,GB,Deaths,0.122993602676533,2022-01-10,8
RobertWalraven-ESG,PL,Cases,0.0584105401870812,2022-01-10,8
UMass-MechBayes,CZ,Deaths,0.378523162308198,2022-01-10,8
UMass-MechBayes,DE,Deaths,0.160865934220935,2022-01-10,8
UMass-MechBayes,FR,Deaths,0.16526283250659,2022-01-10,8
UMass-MechBayes,GB,Deaths,0.28792246614083,2022-01-10,8
UMass-MechBayes,PL,Deaths,0.15411807660787,2022-01-10,8
epiforecasts-EpiNow2,CZ,Cases,0.439736723205546,2022-01-10,8
epiforecasts-EpiNow2,DE,Cases,0.1258660592953,2022-01-10,8
epiforecasts-EpiNow2,DE,Deaths,0.127503794814169,2022-01-10,8
epiforecasts-EpiNow2,FR,Cases,0.28223265890373,2022-01-10,8
epiforecasts-EpiNow2,GB,Cases,0.284815341155778,2022-01-10,8
epiforecasts-EpiNow2,PL,Cases,0.227742980928824,2022-01-10,8
epiforecasts-EpiNow2,PL,Deaths,0.137381054453455,2022-01-10,8
itwm-dSEIR,DE,Cases,0.223470586273635,2022-01-10,8
itwm-dSEIR,DE,Deaths,0.126388584353214,2022-01-10,8
CovidMetrics-epiBATS,DE,Cases,0.130501659714303,2022-01-17,8
FIAS_FZJ-Epi1Ger,DE,Cases,0.111242219991086,2022-01-17,8
FIAS_FZJ-Epi1Ger,DE,Deaths,0.114985985629561,2022-01-17,8
HZI-AgeExtendedSEIR,DE,Cases,0.123686153426646,2022-01-17,8
HZI-AgeExtendedSEIR,DE,Deaths,0.213079732776679,2022-01-17,8
ICM-agentModel,PL,Cases,0.0777929702893323,2022-01-17,8
ICM-agentModel,PL,Deaths,0.0841074219365542,2022-01-17,8
IEM_Health-CovidProject,CZ,Cases,0.307280889843273,2022-01-17,8
IEM_Health-CovidProject,CZ,Deaths,0.0917609159602389,2022-01-17,8
IEM_Health-CovidProject,DE,Cases,0.172290524988823,2022-01-17,8
IEM_Health-CovidProject,FR,Cases,0.319626134336427,2022-01-17,8
IEM_Health-CovidProject,FR,Deaths,0.0919014873801364,2022-01-17,8
IEM_Health-CovidProject,GB,Cases,0.341702551206093,2022-01-17,8
IEM_Health-CovidProject,GB,Deaths,0.28755546595561,2022-01-17,8
IEM_Health-CovidProject,PL,Cases,0.127949993271807,2022-01-17,8
ILM-EKF,CZ,Cases,0.0861449899246957,2022-01-17,8
ILM-EKF,CZ,Deaths,0.0815678198488958,2022-01-17,8
ILM-EKF,DE,Cases,0.0789004526637741,2022-01-17,8
ILM-EKF,DE,Deaths,0.0816644764230564,2022-01-17,8
ILM-EKF,FR,Cases,0.147146598371403,2022-01-17,8
ILM-EKF,FR,Deaths,0.0327107549873321,2022-01-17,8
ILM-EKF,GB,Cases,0.07244215024579,2022-01-17,8
ILM-EKF,GB,Deaths,0.116044368294528,2022-01-17,8
ILM-EKF,PL,Cases,0.0732268436572794,2022-01-17,8
ILM-EKF,PL,Deaths,0.077212587815702,2022-01-17,8
ITWW-county_repro,DE,Cases,0.117726444074863,2022-01-17,8
ITWW-county_repro,DE,Deaths,0.114080688557847,2022-01-17,8
ITWW-county_repro,PL,Cases,0.16801580344768,2022-01-17,8
ITWW-county_repro,PL,Deaths,0.139213146613088,2022-01-17,8
MIT_CovidAnalytics-DELPHI,DE,Deaths,0.104486487353392,2022-01-17,8
MOCOS-agent1,PL,Cases,0.083380865040152,2022-01-17,8
MOCOS-agent1,PL,Deaths,0.109302876847627,2022-01-17,8
MUNI-ARIMA,CZ,Deaths,0.149812957717102,2022-01-17,8
MUNI-ARIMA,DE,Deaths,0.10673682518742,2022-01-17,8
MUNI-ARIMA,FR,Deaths,0.214301251039475,2022-01-17,8
MUNI-ARIMA,GB,Deaths,0.172186992381185,2022-01-17,8
MUNI-ARIMA,PL,Deaths,0.154632669569415,2022-01-17,8
MUNI_DMS-SEIAR,CZ,Cases,0.0806767400519234,2022-01-17,8
MUNI_DMS-SEIAR,CZ,Deaths,0.104609706373548,2022-01-17,8
PL_GRedlarski-DistrictsSum,PL,Cases,0.179817908506464,2022-01-17,8
RobertWalraven-ESG,CZ,Cases,0.2472027838442,2022-01-17,8
RobertWalraven-ESG,CZ,Deaths,0.174654535408688,2022-01-17,8
RobertWalraven-ESG,DE,Deaths,0.114893213728458,2022-01-17,8
RobertWalraven-ESG,FR,Cases,0.241906699780126,2022-01-17,8
RobertWalraven-ESG,FR,Deaths,0.531283552169798,2022-01-17,8
RobertWalraven-ESG,GB,Cases,0.222556345267116,2022-01-17,8
RobertWalraven-ESG,GB,Deaths,0.155813897595291,2022-01-17,8
RobertWalraven-ESG,PL,Cases,0.137867640025073,2022-01-17,8
RobertWalraven-ESG,PL,Deaths,0.0653812692237998,2022-01-17,8
UMass-MechBayes,CZ,Deaths,0.397594064691528,2022-01-17,8
UMass-MechBayes,DE,Deaths,0.150072590343587,2022-01-17,8
UMass-MechBayes,FR,Deaths,0.129802954423258,2022-01-17,8
UMass-MechBayes,GB,Deaths,0.268399275773386,2022-01-17,8
UMass-MechBayes,PL,Deaths,0.220696752867046,2022-01-17,8
epiforecasts-EpiNow2,CZ,Cases,0.278694596335908,2022-01-17,8
epiforecasts-EpiNow2,DE,Cases,0.113543222985932,2022-01-17,8
epiforecasts-EpiNow2,FR,Cases,0.291320567512045,2022-01-17,8
epiforecasts-EpiNow2,GB,Cases,0.363298953281001,2022-01-17,8
epiforecasts-EpiNow2,PL,Cases,0.151947975762212,2022-01-17,8
epiforecasts-EpiNow2,PL,Deaths,0.149453275126768,2022-01-17,8
itwm-dSEIR,DE,Cases,0.152109322154574,2022-01-17,8
CovidMetrics-epiBATS,DE,Cases,0.124304322545244,2022-01-24,8
FIAS_FZJ-Epi1Ger,DE,Cases,0.117034214547296,2022-01-24,8
HZI-AgeExtendedSEIR,DE,Cases,0.146844976994439,2022-01-24,8
HZI-AgeExtendedSEIR,DE,Deaths,0.144382460116376,2022-01-24,8
ICM-agentModel,PL,Cases,0.0648180105202682,2022-01-24,8
ICM-agentModel,PL,Deaths,0.0624566998348828,2022-01-24,8
IEM_Health-CovidProject,CZ,Cases,0.16569475889096,2022-01-24,8
IEM_Health-CovidProject,CZ,Deaths,0.161469285478524,2022-01-24,8
IEM_Health-CovidProject,DE,Cases,0.144186798466055,2022-01-24,8
IEM_Health-CovidProject,DE,Deaths,0.0958916420930163,2022-01-24,8
IEM_Health-CovidProject,FR,Cases,0.349058678655337,2022-01-24,8
IEM_Health-CovidProject,FR,Deaths,0.148095676986543,2022-01-24,8
IEM_Health-CovidProject,GB,Cases,0.199528646167638,2022-01-24,8
IEM_Health-CovidProject,GB,Deaths,0.240777933272902,2022-01-24,8
IEM_Health-CovidProject,PL,Cases,0.143615099397344,2022-01-24,8
IEM_Health-CovidProject,PL,Deaths,0.0529186206902668,2022-01-24,8
ILM-EKF,CZ,Cases,0.168289542258546,2022-01-24,8
ILM-EKF,CZ,Deaths,0.140728563419024,2022-01-24,8
ILM-EKF,DE,Cases,0.132610930516432,2022-01-24,8
ILM-EKF,DE,Deaths,0.10604543745813,2022-01-24,8
ILM-EKF,FR,Cases,0.130698754013054,2022-01-24,8
ILM-EKF,FR,Deaths,0.0273134974274636,2022-01-24,8
ILM-EKF,GB,Cases,0.0808416469529337,2022-01-24,8
ILM-EKF,GB,Deaths,0.121928142721191,2022-01-24,8
ILM-EKF,PL,Cases,0.114139810424392,2022-01-24,8
ILM-EKF,PL,Deaths,0.188056878250204,2022-01-24,8
ITWW-county_repro,DE,Cases,0.12834901781264,2022-01-24,8
ITWW-county_repro,PL,Cases,0.132377155181785,2022-01-24,8
ITWW-county_repro,PL,Deaths,0.118409357474731,2022-01-24,8
MIT_CovidAnalytics-DELPHI,DE,Deaths,0.0750206052510227,2022-01-24,8
MOCOS-agent1,PL,Cases,0.0853305050693246,2022-01-24,8
MOCOS-agent1,PL,Deaths,0.102655278024602,2022-01-24,8
MUNI-ARIMA,CZ,Deaths,0.153773448603835,2022-01-24,8
MUNI-ARIMA,DE,Deaths,0.190543078279981,2022-01-24,8
MUNI-ARIMA,FR,Deaths,0.289885500408289,2022-01-24,8
MUNI-ARIMA,GB,Deaths,0.200628002261593,2022-01-24,8
MUNI-ARIMA,PL,Deaths,0.0943096750426826,2022-01-24,8
MUNI_DMS-SEIAR,CZ,Cases,0.349921990007402,2022-01-24,8
MUNI_DMS-SEIAR,CZ,Deaths,0.0705577812024906,2022-01-24,8
PL_GRedlarski-DistrictsSum,PL,Cases,0.219458393328693,2022-01-24,8
RobertWalraven-ESG,CZ,Cases,0.147655115068328,2022-01-24,8
RobertWalraven-ESG,CZ,Deaths,0.143191068622778,2022-01-24,8
RobertWalraven-ESG,DE,Cases,0.0948505053114341,2022-01-24,8
RobertWalraven-ESG,DE,Deaths,0.161259651271697,2022-01-24,8
RobertWalraven-ESG,FR,Cases,0.286855342337505,2022-01-24,8
RobertWalraven-ESG,FR,Deaths,0.435724252305473,2022-01-24,8
RobertWalraven-ESG,GB,Cases,0.282901722634027,2022-01-24,8
RobertWalraven-ESG,GB,Deaths,0.174137826419816,2022-01-24,8
RobertWalraven-ESG,PL,Cases,0.112679850594597,2022-01-24,8
UMass-MechBayes,CZ,Deaths,0.330279852673347,2022-01-24,8
UMass-MechBayes,DE,Deaths,0.13850841541353,2022-01-24,8
UMass-MechBayes,FR,Deaths,0.0989810728722324,2022-01-24,8
UMass-MechBayes,GB,Deaths,0.262528095324498,2022-01-24,8
UMass-MechBayes,PL,Deaths,0.232305721297097,2022-01-24,8
epiforecasts-EpiNow2,CZ,Cases,0.168438593774764,2022-01-24,8
epiforecasts-EpiNow2,DE,Cases,0.11181923380646,2022-01-24,8
epiforecasts-EpiNow2,FR,Cases,0.233387224994104,2022-01-24,8
epiforecasts-EpiNow2,GB,Cases,0.4367279842454,2022-01-24,8
epiforecasts-EpiNow2,PL,Cases,0.127581175483596,2022-01-24,8
epiforecasts-EpiNow2,PL,Deaths,0.148887769385534,2022-01-24,8
itwm-dSEIR,DE,Deaths,0.0883487101162472,2022-01-24,8
CovidMetrics-epiBATS,DE,Cases,0.103679043793305,2022-01-31,8
FIAS_FZJ-Epi1Ger,DE,Cases,0.120221216703966,2022-01-31,8
HZI-AgeExtendedSEIR,DE,Cases,0.176384712843622,2022-01-31,8
HZI-AgeExtendedSEIR,DE,Deaths,0.111528279031857,2022-01-31,8
ICM-agentModel,PL,Cases,0.134855632084995,2022-01-31,8
ICM-agentModel,PL,Deaths,0.175125789030277,2022-01-31,8
IEM_Health-CovidProject,CZ,Cases,0.145386275987718,2022-01-31,8
IEM_Health-CovidProject,CZ,Deaths,0.249526561618293,2022-01-31,8
IEM_Health-CovidProject,DE,Cases,0.101892630527858,2022-01-31,8
IEM_Health-CovidProject,DE,Deaths,0.11750931252751,2022-01-31,8
IEM_Health-CovidProject,FR,Cases,0.373031524669873,2022-01-31,8
IEM_Health-CovidProject,FR,Deaths,0.205891342474065,2022-01-31,8
IEM_Health-CovidProject,GB,Cases,0.173722361142569,2022-01-31,8
IEM_Health-CovidProject,GB,Deaths,0.120401254775219,2022-01-31,8
IEM_Health-CovidProject,PL,Cases,0.100870254407424,2022-01-31,8
IEM_Health-CovidProject,PL,Deaths,0.0816212886979866,2022-01-31,8
ILM-EKF,CZ,Cases,0.169382183849946,2022-01-31,8
ILM-EKF,CZ,Deaths,0.20968831808081,2022-01-31,8
ILM-EKF,DE,Cases,0.155272006684538,2022-01-31,8
ILM-EKF,DE,Deaths,0.069614807846656,2022-01-31,8
ILM-EKF,FR,Cases,0.0442821305824337,2022-01-31,8
ILM-EKF,FR,Deaths,0.0148981481713534,2022-01-31,8
ILM-EKF,GB,Cases,0.0488342454345093,2022-01-31,8
ILM-EKF,GB,Deaths,0.0569722672006255,2022-01-31,8
ILM-EKF,PL,Cases,0.101645518916987,2022-01-31,8
ILM-EKF,PL,Deaths,0.240166240642252,2022-01-31,8
ITWW-county_repro,DE,Cases,0.160454153615738,2022-01-31,8
ITWW-county_repro,DE,Deaths,0.0520133793736536,2022-01-31,8
ITWW-county_repro,PL,Cases,0.11203883439823,2022-01-31,8
ITWW-county_repro,PL,Deaths,0.101790958062028,2022-01-31,8
MOCOS-agent1,PL,Cases,0.126842052634298,2022-01-31,8
MOCOS-agent1,PL,Deaths,0.0746251082839253,2022-01-31,8
MUNI-ARIMA,CZ,Deaths,0.248449381456968,2022-01-31,8
MUNI-ARIMA,DE,Deaths,0.204587747977538,2022-01-31,8
MUNI-ARIMA,FR,Deaths,0.381588963830078,2022-01-31,8
MUNI-ARIMA,GB,Deaths,0.234477004178611,2022-01-31,8
MUNI-ARIMA,PL,Deaths,0.106781193110152,2022-01-31,8
MUNI_DMS-SEIAR,CZ,Cases,0.412666933586153,2022-01-31,8
PL_GRedlarski-DistrictsSum,PL,Cases,0.193758511918574,2022-01-31,8
RobertWalraven-ESG,CZ,Cases,0.128850051205679,2022-01-31,8
RobertWalraven-ESG,CZ,Deaths,0.29233573884393,2022-01-31,8
RobertWalraven-ESG,DE,Cases,0.0776168331433344,2022-01-31,8
RobertWalraven-ESG,DE,Deaths,0.187335294738354,2022-01-31,8
RobertWalraven-ESG,FR,Cases,0.426007092764691,2022-01-31,8
RobertWalraven-ESG,FR,Deaths,0.320459755781234,2022-01-31,8
RobertWalraven-ESG,GB,Cases,0.294946223593519,2022-01-31,8
RobertWalraven-ESG,GB,Deaths,0.164346524842116,2022-01-31,8
RobertWalraven-ESG,PL,Cases,0.0843168021553277,2022-01-31,8
RobertWalraven-ESG,PL,Deaths,0.0575968068032716,2022-01-31,8
UMass-MechBayes,DE,Deaths,0.19108124874135,2022-01-31,8
UMass-MechBayes,FR,Deaths,0.0771617897432684,2022-01-31,8
UMass-MechBayes,GB,Deaths,0.423802949003428,2022-01-31,8
epiforecasts-EpiNow2,CZ,Cases,0.143714555370504,2022-01-31,8
epiforecasts-EpiNow2,DE,Cases,0.104479402687639,2022-01-31,8
epiforecasts-EpiNow2,FR,Cases,0.156679251983003,2022-01-31,8
epiforecasts-EpiNow2,GB,Cases,0.482497169829402,2022-01-31,8
epiforecasts-EpiNow2,PL,Cases,0.145672393484163,2022-01-31,8
epiforecasts-EpiNow2,PL,Deaths,0.162292615370107,2022-01-31,8
itwm-dSEIR,DE,Deaths,0.0663299297630816,2022-01-31,8
FIAS_FZJ-Epi1Ger,DE,Cases,0.110196565727768,2022-02-07,8
HZI-AgeExtendedSEIR,DE,Cases,0.280782889435555,2022-02-07,8
HZI-AgeExtendedSEIR,DE,Deaths,0.0888543513050824,2022-02-07,8
ICM-agentModel,PL,Cases,0.225913237231843,2022-02-07,8
ICM-agentModel,PL,Deaths,0.136853878506622,2022-02-07,8
IEM_Health-CovidProject,CZ,Cases,0.140821694276139,2022-02-07,8
IEM_Health-CovidProject,CZ,Deaths,0.198835019172151,2022-02-07,8
IEM_Health-CovidProject,DE,Cases,0.0806573659458886,2022-02-07,8
IEM_Health-CovidProject,DE,Deaths,0.105500280391062,2022-02-07,8
IEM_Health-CovidProject,FR,Cases,0.199017152833114,2022-02-07,8
IEM_Health-CovidProject,FR,Deaths,0.174765742198922,2022-02-07,8
IEM_Health-CovidProject,GB,Cases,0.214769424137476,2022-02-07,8
IEM_Health-CovidProject,GB,Deaths,0.0917789525857022,2022-02-07,8
IEM_Health-CovidProject,PL,Cases,0.085236566035279,2022-02-07,8
IEM_Health-CovidProject,PL,Deaths,0.115048547448867,2022-02-07,8
ILM-EKF,CZ,Cases,0.139076174969233,2022-02-07,8
ILM-EKF,CZ,Deaths,0.143015065467975,2022-02-07,8
ILM-EKF,DE,Cases,0.153009927141253,2022-02-07,8
ILM-EKF,DE,Deaths,0.0353732792560087,2022-02-07,8
ILM-EKF,FR,Cases,0.0923807060273893,2022-02-07,8
ILM-EKF,FR,Deaths,0.0321194570290851,2022-02-07,8
ILM-EKF,PL,Cases,0.0782897288020584,2022-02-07,8
ILM-EKF,PL,Deaths,0.137573505571317,2022-02-07,8
ITWW-county_repro,DE,Cases,0.144874346237768,2022-02-07,8
ITWW-county_repro,DE,Deaths,0.0291009921842852,2022-02-07,8
MOCOS-agent1,PL,Cases,0.185484201762691,2022-02-07,8
MOCOS-agent1,PL,Deaths,0.0761333636696063,2022-02-07,8
MUNI-ARIMA,CZ,Deaths,0.205364542806852,2022-02-07,8
MUNI-ARIMA,DE,Deaths,0.261729800869162,2022-02-07,8
MUNI-ARIMA,FR,Deaths,0.405509725647659,2022-02-07,8
MUNI-ARIMA,GB,Deaths,0.239610689220771,2022-02-07,8
MUNI-ARIMA,PL,Deaths,0.242209248457363,2022-02-07,8
MUNI_DMS-SEIAR,CZ,Cases,0.351223463560053,2022-02-07,8
MUNI_DMS-SEIAR,CZ,Deaths,0.0965270705809471,2022-02-07,8
PL_GRedlarski-DistrictsSum,PL,Cases,0.179824661043669,2022-02-07,8
RobertWalraven-ESG,CZ,Cases,0.12064757254242,2022-02-07,8
RobertWalraven-ESG,CZ,Deaths,0.190389799965363,2022-02-07,8
RobertWalraven-ESG,DE,Deaths,0.215947280253875,2022-02-07,8
RobertWalraven-ESG,FR,Cases,0.484408243910994,2022-02-07,8
RobertWalraven-ESG,FR,Deaths,0.325168437112401,2022-02-07,8
RobertWalraven-ESG,GB,Cases,0.309484433565722,2022-02-07,8
RobertWalraven-ESG,GB,Deaths,0.146646033383164,2022-02-07,8
RobertWalraven-ESG,PL,Cases,0.0703425043341112,2022-02-07,8
RobertWalraven-ESG,PL,Deaths,0.0781957426417128,2022-02-07,8
UMass-MechBayes,CZ,Deaths,0.165868502006712,2022-02-07,8
UMass-MechBayes,DE,Deaths,0.170212520966579,2022-02-07,8
UMass-MechBayes,FR,Deaths,0.0624366380119329,2022-02-07,8
UMass-MechBayes,GB,Deaths,0.521964324810363,2022-02-07,8
UMass-MechBayes,PL,Deaths,0.144961260411251,2022-02-07,8
epiforecasts-EpiNow2,CZ,Cases,0.117365454642941,2022-02-07,8
epiforecasts-EpiNow2,DE,Cases,0.0951901732790413,2022-02-07,8
epiforecasts-EpiNow2,FR,Cases,0.137691046114851,2022-02-07,8
epiforecasts-EpiNow2,GB,Cases,0.255886027943271,2022-02-07,8
epiforecasts-EpiNow2,PL,Cases,0.106229077270352,2022-02-07,8
epiforecasts-EpiNow2,PL,Deaths,0.0690244532932613,2022-02-07,8
epiforecasts-weeklygrowth,CZ,Cases,0.130865640009215,2022-02-07,8
epiforecasts-weeklygrowth,DE,Cases,0.0607065835154486,2022-02-07,8
epiforecasts-weeklygrowth,FR,Cases,0.0865028511136505,2022-02-07,8
epiforecasts-weeklygrowth,GB,Cases,0.219860114353531,2022-02-07,8
epiforecasts-weeklygrowth,PL,Cases,0.0686800235199962,2022-02-07,8
itwm-dSEIR,DE,Cases,0.0745821487172784,2022-02-07,8
itwm-dSEIR,DE,Deaths,0.0932814947739464,2022-02-07,8
CovidMetrics-epiBATS,DE,Cases,0.0845156106113374,2022-02-14,8
HZI-AgeExtendedSEIR,DE,Cases,0.182367549809702,2022-02-14,8
HZI-AgeExtendedSEIR,DE,Deaths,0.193229910991168,2022-02-14,8
ICM-agentModel,PL,Cases,0.139125165955348,2022-02-14,8
ICM-agentModel,PL,Deaths,0.234703657376521,2022-02-14,8
IEM_Health-CovidProject,CZ,Cases,0.145553863013877,2022-02-14,8
IEM_Health-CovidProject,CZ,Deaths,0.175819997394007,2022-02-14,8
IEM_Health-CovidProject,DE,Cases,0.115662785608863,2022-02-14,8
IEM_Health-CovidProject,DE,Deaths,0.106250091255189,2022-02-14,8
IEM_Health-CovidProject,FR,Cases,0.161757175382933,2022-02-14,8
IEM_Health-CovidProject,FR,Deaths,0.175662868784203,2022-02-14,8
IEM_Health-CovidProject,GB,Cases,0.25317737674618,2022-02-14,8
IEM_Health-CovidProject,GB,Deaths,0.0661503177862579,2022-02-14,8
IEM_Health-CovidProject,PL,Cases,0.1099601679166,2022-02-14,8
IEM_Health-CovidProject,PL,Deaths,0.18327664686012,2022-02-14,8
ILM-EKF,CZ,Cases,0.0850995040382503,2022-02-14,8
ILM-EKF,CZ,Deaths,0.112572418136553,2022-02-14,8
ILM-EKF,DE,Cases,0.0780902168341327,2022-02-14,8
ILM-EKF,DE,Deaths,0.0343238143001377,2022-02-14,8
ILM-EKF,FR,Cases,0.234031917840757,2022-02-14,8
ILM-EKF,FR,Deaths,0.0512369405758461,2022-02-14,8
ILM-EKF,PL,Cases,0.0658282377146705,2022-02-14,8
ILM-EKF,PL,Deaths,0.0681050125250755,2022-02-14,8
ITWW-county_repro,DE,Deaths,0.0263397150193839,2022-02-14,8
MOCOS-agent1,PL,Cases,0.161202618906519,2022-02-14,8
MOCOS-agent1,PL,Deaths,0.0788457820393441,2022-02-14,8
MUNI-ARIMA,CZ,Deaths,0.20493289229852,2022-02-14,8
MUNI-ARIMA,DE,Deaths,0.164384112365447,2022-02-14,8
MUNI-ARIMA,FR,Deaths,0.264935837187872,2022-02-14,8
MUNI-ARIMA,GB,Deaths,0.1504529002832,2022-02-14,8
MUNI-ARIMA,PL,Deaths,0.187415221030437,2022-02-14,8
MUNI_DMS-SEIAR,CZ,Cases,0.39120685793815,2022-02-14,8
MUNI_DMS-SEIAR,CZ,Deaths,0.157057243813996,2022-02-14,8
PL_GRedlarski-DistrictsSum,PL,Cases,0.225357914306842,2022-02-14,8
RobertWalraven-ESG,CZ,Cases,0.136147314714673,2022-02-14,8
RobertWalraven-ESG,CZ,Deaths,0.17214446914173,2022-02-14,8
RobertWalraven-ESG,DE,Cases,0.0739812562877462,2022-02-14,8
RobertWalraven-ESG,DE,Deaths,0.205070070176983,2022-02-14,8
RobertWalraven-ESG,FR,Cases,0.205530037347752,2022-02-14,8
RobertWalraven-ESG,FR,Deaths,0.346580788606302,2022-02-14,8
RobertWalraven-ESG,GB,Cases,0.27936239237536,2022-02-14,8
RobertWalraven-ESG,GB,Deaths,0.0981867765161512,2022-02-14,8
RobertWalraven-ESG,PL,Cases,0.0935321839659745,2022-02-14,8
RobertWalraven-ESG,PL,Deaths,0.143528975926742,2022-02-14,8
UMass-MechBayes,CZ,Deaths,0.177472979215195,2022-02-14,8
UMass-MechBayes,DE,Deaths,0.124363798609007,2022-02-14,8
UMass-MechBayes,FR,Deaths,0.0950942888894196,2022-02-14,8
UMass-MechBayes,GB,Deaths,0.685210005414391,2022-02-14,8
UMass-MechBayes,PL,Deaths,0.070728031953308,2022-02-14,8
epiforecasts-EpiNow2,CZ,Cases,0.112818816519901,2022-02-14,8
epiforecasts-EpiNow2,DE,Cases,0.0821322046646858,2022-02-14,8
epiforecasts-EpiNow2,FR,Cases,0.178526325810402,2022-02-14,8
epiforecasts-EpiNow2,FR,Deaths,0.066489275956358,2022-02-14,8
epiforecasts-EpiNow2,GB,Cases,0.16235721950867,2022-02-14,8
epiforecasts-EpiNow2,PL,Cases,0.118121635557453,2022-02-14,8
epiforecasts-EpiNow2,PL,Deaths,0.0333966722884523,2022-02-14,8
epiforecasts-weeklygrowth,CZ,Cases,0.129173643775149,2022-02-14,8
epiforecasts-weeklygrowth,DE,Cases,0.114544291248614,2022-02-14,8
epiforecasts-weeklygrowth,FR,Cases,0.220154543618156,2022-02-14,8
epiforecasts-weeklygrowth,GB,Cases,0.305103011369791,2022-02-14,8
epiforecasts-weeklygrowth,PL,Cases,0.0868720756765931,2022-02-14,8
itwm-dSEIR,DE,Cases,0.268706084934918,2022-02-14,8
itwm-dSEIR,DE,Deaths,0.146038487282684,2022-02-14,8
CovidMetrics-epiBATS,DE,Cases,0.144503199892895,2022-02-21,8
FIAS_FZJ-Epi1Ger,DE,Cases,0.0467229484778878,2022-02-21,8
FIAS_FZJ-Epi1Ger,DE,Deaths,0.0275503449136358,2022-02-21,8
HZI-AgeExtendedSEIR,DE,Cases,0.240642261915344,2022-02-21,8
HZI-AgeExtendedSEIR,DE,Deaths,0.243522231444042,2022-02-21,8
ICM-agentModel,PL,Cases,0.0975576293177145,2022-02-21,8
ICM-agentModel,PL,Deaths,0.225787975809254,2022-02-21,8
IEM_Health-CovidProject,CZ,Cases,0.125448592256039,2022-02-21,8
IEM_Health-CovidProject,CZ,Deaths,0.222931680859151,2022-02-21,8
IEM_Health-CovidProject,DE,Cases,0.0717748750814001,2022-02-21,8
IEM_Health-CovidProject,DE,Deaths,0.161796633534292,2022-02-21,8
IEM_Health-CovidProject,FR,Cases,0.181665424619665,2022-02-21,8
IEM_Health-CovidProject,FR,Deaths,0.15477698628429,2022-02-21,8
IEM_Health-CovidProject,GB,Cases,0.303681419842317,2022-02-21,8
IEM_Health-CovidProject,GB,Deaths,0.294475740796508,2022-02-21,8
IEM_Health-CovidProject,PL,Cases,0.0973823556092649,2022-02-21,8
IEM_Health-CovidProject,PL,Deaths,0.154123128934426,2022-02-21,8
ILM-EKF,CZ,Cases,0.0408221100146365,2022-02-21,8
ILM-EKF,CZ,Deaths,0.100093653204025,2022-02-21,8
ILM-EKF,DE,Deaths,0.0402988129629172,2022-02-21,8
ILM-EKF,FR,Cases,0.178147614459036,2022-02-21,8
ILM-EKF,FR,Deaths,0.0549923053033185,2022-02-21,8
ILM-EKF,PL,Cases,0.0370215068150102,2022-02-21,8
ILM-EKF,PL,Deaths,0.0280178098372522,2022-02-21,8
ITWW-county_repro,DE,Deaths,0.0315459698503531,2022-02-21,8
ITWW-county_repro,PL,Deaths,0.0126435101548972,2022-02-21,8
MOCOS-agent1,PL,Cases,0.183778053692231,2022-02-21,8
MOCOS-agent1,PL,Deaths,0.10910523907958,2022-02-21,8
MUNI-ARIMA,CZ,Deaths,0.272626393111453,2022-02-21,8
MUNI-ARIMA,DE,Deaths,0.127333068366148,2022-02-21,8
MUNI-ARIMA,FR,Deaths,0.266468352758761,2022-02-21,8
MUNI-ARIMA,GB,Deaths,0.447033195944043,2022-02-21,8
MUNI-ARIMA,PL,Deaths,0.118627712183379,2022-02-21,8
MUNI_DMS-SEIAR,CZ,Cases,0.373442161867528,2022-02-21,8
MUNI_DMS-SEIAR,CZ,Deaths,0.175938384507026,2022-02-21,8
PL_GRedlarski-DistrictsSum,PL,Cases,0.273303625430141,2022-02-21,8
RobertWalraven-ESG,CZ,Cases,0.205352088600608,2022-02-21,8
RobertWalraven-ESG,CZ,Deaths,0.228409888318345,2022-02-21,8
RobertWalraven-ESG,DE,Cases,0.148887957209786,2022-02-21,8
RobertWalraven-ESG,DE,Deaths,0.264753652325276,2022-02-21,8
RobertWalraven-ESG,FR,Cases,0.13812062635246,2022-02-21,8
RobertWalraven-ESG,FR,Deaths,0.385808294776127,2022-02-21,8
RobertWalraven-ESG,GB,Cases,0.261853703494276,2022-02-21,8
RobertWalraven-ESG,GB,Deaths,0.258491063259449,2022-02-21,8
RobertWalraven-ESG,PL,Cases,0.115854769911386,2022-02-21,8
RobertWalraven-ESG,PL,Deaths,0.335064122385261,2022-02-21,8
epiforecasts-EpiNow2,CZ,Cases,0.176889823136062,2022-02-21,8
epiforecasts-EpiNow2,DE,Cases,0.07859693954719,2022-02-21,8
epiforecasts-EpiNow2,FR,Cases,0.312972723032405,2022-02-21,8
epiforecasts-EpiNow2,FR,Deaths,0.137954060877503,2022-02-21,8
epiforecasts-EpiNow2,GB,Cases,0.234614370155811,2022-02-21,8
epiforecasts-EpiNow2,PL,Cases,0.144438262600611,2022-02-21,8
epiforecasts-EpiNow2,PL,Deaths,0.0166305016159505,2022-02-21,8
epiforecasts-weeklygrowth,CZ,Cases,0.0780452241251274,2022-02-21,8
epiforecasts-weeklygrowth,DE,Cases,0.0940674687172982,2022-02-21,8
epiforecasts-weeklygrowth,FR,Cases,0.189093611536434,2022-02-21,8
epiforecasts-weeklygrowth,GB,Cases,0.199850506507597,2022-02-21,8
epiforecasts-weeklygrowth,PL,Cases,0.0506637966236416,2022-02-21,8
itwm-dSEIR,DE,Cases,0.174804349158199,2022-02-21,8
itwm-dSEIR,DE,Deaths,0.103199286603336,2022-02-21,8
CovidMetrics-epiBATS,DE,Cases,0.0899541762766343,2022-02-28,8
FIAS_FZJ-Epi1Ger,DE,Deaths,0.105574322993316,2022-02-28,8
HZI-AgeExtendedSEIR,DE,Cases,0.267977346664706,2022-02-28,8
HZI-AgeExtendedSEIR,DE,Deaths,0.265406254336689,2022-02-28,8
ICM-agentModel,PL,Cases,0.0472464224759869,2022-02-28,8
ICM-agentModel,PL,Deaths,0.170050792954565,2022-02-28,8
IEM_Health-CovidProject,CZ,Cases,0.0882284210317443,2022-02-28,8
IEM_Health-CovidProject,CZ,Deaths,0.275126255635642,2022-02-28,8
IEM_Health-CovidProject,DE,Cases,0.0994256258521291,2022-02-28,8
IEM_Health-CovidProject,DE,Deaths,0.141782059580727,2022-02-28,8
IEM_Health-CovidProject,FR,Cases,0.208632653826052,2022-02-28,8
IEM_Health-CovidProject,FR,Deaths,0.261781538451228,2022-02-28,8
IEM_Health-CovidProject,GB,Cases,0.40576842733497,2022-02-28,8
IEM_Health-CovidProject,GB,Deaths,0.567193867524446,2022-02-28,8
IEM_Health-CovidProject,PL,Cases,0.0304049556444536,2022-02-28,8
IEM_Health-CovidProject,PL,Deaths,0.201689460729339,2022-02-28,8
ILM-EKF,CZ,Cases,0.0474101785895796,2022-02-28,8
ILM-EKF,CZ,Deaths,0.222578883599342,2022-02-28,8
ILM-EKF,DE,Cases,0.0438274214203277,2022-02-28,8
ILM-EKF,DE,Deaths,0.0483275085922,2022-02-28,8
ILM-EKF,PL,Cases,0.018631089602989,2022-02-28,8
ILM-EKF,PL,Deaths,0.0413527158009304,2022-02-28,8
ITWW-county_repro,DE,Deaths,0.055768317321694,2022-02-28,8
ITWW-county_repro,PL,Deaths,0.0242938985915745,2022-02-28,8
MOCOS-agent1,PL,Cases,0.211767068381558,2022-02-28,8
MOCOS-agent1,PL,Deaths,0.15309185293858,2022-02-28,8
MUNI_DMS-SEIAR,CZ,Cases,0.442961706987477,2022-02-28,8
MUNI_DMS-SEIAR,CZ,Deaths,0.182704020191352,2022-02-28,8
PL_GRedlarski-DistrictsSum,PL,Cases,0.367480425336353,2022-02-28,8
RobertWalraven-ESG,CZ,Cases,0.122734368937921,2022-02-28,8
RobertWalraven-ESG,CZ,Deaths,0.319590840573664,2022-02-28,8
RobertWalraven-ESG,DE,Cases,0.220424452712639,2022-02-28,8
RobertWalraven-ESG,DE,Deaths,0.272058155500963,2022-02-28,8
RobertWalraven-ESG,FR,Cases,0.128390866869207,2022-02-28,8
RobertWalraven-ESG,FR,Deaths,0.428633940700668,2022-02-28,8
RobertWalraven-ESG,GB,Cases,0.224105424461326,2022-02-28,8
RobertWalraven-ESG,GB,Deaths,0.432806132475554,2022-02-28,8
RobertWalraven-ESG,PL,Cases,0.0424676017915249,2022-02-28,8
RobertWalraven-ESG,PL,Deaths,0.377656513269953,2022-02-28,8
epiforecasts-EpiNow2,CZ,Cases,0.21370615018943,2022-02-28,8
epiforecasts-EpiNow2,DE,Cases,0.0645374720617054,2022-02-28,8
epiforecasts-EpiNow2,FR,Cases,0.451530266790296,2022-02-28,8
epiforecasts-EpiNow2,FR,Deaths,0.309584520848104,2022-02-28,8
epiforecasts-EpiNow2,GB,Cases,0.24873503621409,2022-02-28,8
epiforecasts-EpiNow2,PL,Cases,0.25938433700565,2022-02-28,8
epiforecasts-EpiNow2,PL,Deaths,0.0318647657150596,2022-02-28,8
epiforecasts-weeklygrowth,CZ,Cases,0.0849591742638484,2022-02-28,8
epiforecasts-weeklygrowth,DE,Cases,0.0745732383171139,2022-02-28,8
epiforecasts-weeklygrowth,FR,Cases,0.211446212514444,2022-02-28,8
epiforecasts-weeklygrowth,GB,Cases,0.121391111989614,2022-02-28,8
epiforecasts-weeklygrowth,PL,Cases,0.0226180997614848,2022-02-28,8
itwm-dSEIR,DE,Cases,0.139280266694745,2022-02-28,8
itwm-dSEIR,DE,Deaths,0.111083381674412,2022-02-28,8
CovidMetrics-epiBATS,DE,Cases,0.0666964573536179,2022-03-07,8
FIAS_FZJ-Epi1Ger,DE,Cases,0.0659300541944268,2022-03-07,8
FIAS_FZJ-Epi1Ger,DE,Deaths,0.187716386700629,2022-03-07,8
HZI-AgeExtendedSEIR,DE,Cases,0.257692915794283,2022-03-07,8
HZI-AgeExtendedSEIR,DE,Deaths,0.217316090582972,2022-03-07,8
IEM_Health-CovidProject,CZ,Cases,0.0983599514123596,2022-03-07,8
IEM_Health-CovidProject,CZ,Deaths,0.203481491720348,2022-03-07,8
IEM_Health-CovidProject,DE,Cases,0.13628648628123,2022-03-07,8
IEM_Health-CovidProject,DE,Deaths,0.128537784259854,2022-03-07,8
IEM_Health-CovidProject,FR,Cases,0.218758886886182,2022-03-07,8
IEM_Health-CovidProject,FR,Deaths,0.18125887116391,2022-03-07,8
IEM_Health-CovidProject,GB,Cases,0.537091824179121,2022-03-07,8
IEM_Health-CovidProject,GB,Deaths,0.524726614923265,2022-03-07,8
IEM_Health-CovidProject,PL,Cases,0.0305808280444893,2022-03-07,8
IEM_Health-CovidProject,PL,Deaths,0.127061259819706,2022-03-07,8
ILM-EKF,CZ,Cases,0.204628515626002,2022-03-07,8
ILM-EKF,CZ,Deaths,0.214555735684394,2022-03-07,8
ILM-EKF,DE,Cases,0.0938204315411944,2022-03-07,8
ILM-EKF,DE,Deaths,0.0538504920375279,2022-03-07,8
ILM-EKF,FR,Cases,0.28548965226665,2022-03-07,8
ILM-EKF,FR,Deaths,0.123805365661565,2022-03-07,8
ILM-EKF,PL,Cases,0.123336866800837,2022-03-07,8
ILM-EKF,PL,Deaths,0.151686538463921,2022-03-07,8
ITWW-county_repro,DE,Deaths,0.102294320482942,2022-03-07,8
ITWW-county_repro,PL,Cases,0.0253146389057185,2022-03-07,8
ITWW-county_repro,PL,Deaths,0.0667350199192664,2022-03-07,8
MIT_CovidAnalytics-DELPHI,PL,Deaths,0.0530406469237689,2022-03-07,8
MOCOS-agent1,PL,Cases,0.241656732914211,2022-03-07,8
MOCOS-agent1,PL,Deaths,0.38504851650253,2022-03-07,8
MUNI_DMS-SEIAR,CZ,Cases,0.295925073047484,2022-03-07,8
MUNI_DMS-SEIAR,CZ,Deaths,0.185365527351565,2022-03-07,8
PL_GRedlarski-DistrictsSum,PL,Cases,0.309940907077902,2022-03-07,8
RobertWalraven-ESG,CZ,Cases,0.0751692274258544,2022-03-07,8
RobertWalraven-ESG,CZ,Deaths,0.396597245243692,2022-03-07,8
RobertWalraven-ESG,DE,Cases,0.186280503668254,2022-03-07,8
RobertWalraven-ESG,DE,Deaths,0.213985101590892,2022-03-07,8
RobertWalraven-ESG,FR,Cases,0.0963866186763999,2022-03-07,8
RobertWalraven-ESG,FR,Deaths,0.309520038064068,2022-03-07,8
RobertWalraven-ESG,GB,Cases,0.155737142066323,2022-03-07,8
RobertWalraven-ESG,GB,Deaths,0.475273385076735,2022-03-07,8
RobertWalraven-ESG,PL,Cases,0.0271991917277892,2022-03-07,8
RobertWalraven-ESG,PL,Deaths,0.170223958232465,2022-03-07,8
epiforecasts-EpiNow2,CZ,Cases,0.158814160840943,2022-03-07,8
epiforecasts-EpiNow2,FR,Cases,0.220373200515852,2022-03-07,8
epiforecasts-EpiNow2,FR,Deaths,0.385415725110457,2022-03-07,8
epiforecasts-EpiNow2,GB,Cases,0.2411880470262,2022-03-07,8
epiforecasts-EpiNow2,PL,Cases,0.19174523600498,2022-03-07,8
epiforecasts-EpiNow2,PL,Deaths,0.046204060138342,2022-03-07,8
epiforecasts-weeklygrowth,CZ,Cases,0.167103071647358,2022-03-07,8
epiforecasts-weeklygrowth,DE,Cases,0.0861450754103723,2022-03-07,8
epiforecasts-weeklygrowth,FR,Cases,0.178991641654916,2022-03-07,8
epiforecasts-weeklygrowth,GB,Cases,0.0659829867283561,2022-03-07,8
epiforecasts-weeklygrowth,PL,Cases,0.0502255985240732,2022-03-07,8
itwm-dSEIR,DE,Cases,0.107148075756622,2022-03-07,8
itwm-dSEIR,DE,Deaths,0.0962998243451833,2022-03-07,8
DSMPG-bayes,DE,Cases,0.0729830378971099,2021-04-12,10
FIAS_FZJ-Epi1Ger,DE,Cases,0.140929407773833,2021-04-12,10
FIAS_FZJ-Epi1Ger,DE,Deaths,0.0380263012187191,2021-04-12,10
ICM-agentModel,PL,Cases,0.155119623175513,2021-04-12,10
ICM-agentModel,PL,Deaths,0.04144299005561,2021-04-12,10
IEM_Health-CovidProject,DE,Cases,0.136227973825341,2021-04-12,10
IEM_Health-CovidProject,DE,Deaths,0.0820246230895759,2021-04-12,10
IEM_Health-CovidProject,PL,Cases,0.0735582584129672,2021-04-12,10
IEM_Health-CovidProject,PL,Deaths,0.0976502421957162,2021-04-12,10
ILM-EKF,DE,Cases,0.0871861331491333,2021-04-12,10
ILM-EKF,DE,Deaths,0.0705159093339876,2021-04-12,10
ILM-EKF,PL,Cases,0.0794456016603997,2021-04-12,10
ILM-EKF,PL,Deaths,0.0960809589051951,2021-04-12,10
ITWW-county_repro,DE,Deaths,0.0923477579409807,2021-04-12,10
ITWW-county_repro,PL,Cases,0.0457743272230179,2021-04-12,10
ITWW-county_repro,PL,Deaths,0.0470192718951888,2021-04-12,10
Karlen-pypm,DE,Cases,0.0729503092106365,2021-04-12,10
Karlen-pypm,DE,Deaths,0.0985967124058294,2021-04-12,10
MIMUW-StochSEIR,PL,Cases,0.132192851924445,2021-04-12,10
MIMUW-StochSEIR,PL,Deaths,0.122811945944215,2021-04-12,10
MIT_CovidAnalytics-DELPHI,DE,Cases,0.0597725389605713,2021-04-12,10
MIT_CovidAnalytics-DELPHI,DE,Deaths,0.124308631497218,2021-04-12,10
MIT_CovidAnalytics-DELPHI,PL,Cases,0.0429997726644174,2021-04-12,10
MIT_CovidAnalytics-DELPHI,PL,Deaths,0.0695283678277401,2021-04-12,10
MOCOS-agent1,PL,Cases,0.235882428038014,2021-04-12,10
MOCOS-agent1,PL,Deaths,0.220930310151194,2021-04-12,10
RobertWalraven-ESG,DE,Deaths,0.1009924671797,2021-04-12,10
RobertWalraven-ESG,PL,Deaths,0.0730874377274965,2021-04-12,10
UNIPV-BayesINGARCHX,DE,Cases,0.101091495530541,2021-04-12,10
epiforecasts-EpiExpert,DE,Cases,0.110541380663965,2021-04-12,10
epiforecasts-EpiExpert,DE,Deaths,0.210556328661801,2021-04-12,10
epiforecasts-EpiExpert,PL,Cases,0.140597625140189,2021-04-12,10
epiforecasts-EpiExpert,PL,Deaths,0.178437118542754,2021-04-12,10
epiforecasts-EpiNow2,DE,Cases,0.129078269824781,2021-04-12,10
epiforecasts-EpiNow2,DE,Deaths,0.0352169359695474,2021-04-12,10
epiforecasts-EpiNow2,PL,Cases,0.0944295117610375,2021-04-12,10
epiforecasts-EpiNow2,PL,Deaths,0.0530113567548905,2021-04-12,10
itwm-dSEIR,DE,Cases,0.0892394531640875,2021-04-12,10
itwm-dSEIR,DE,Deaths,0.147414332702641,2021-04-12,10
DSMPG-bayes,DE,Cases,0.0827311315671178,2021-04-19,10
DSMPG-bayes,PL,Cases,0.0488223472820694,2021-04-19,10
FIAS_FZJ-Epi1Ger,DE,Cases,0.121292116824546,2021-04-19,10
ICM-agentModel,PL,Cases,0.155258556756348,2021-04-19,10
ICM-agentModel,PL,Deaths,0.053150829379237,2021-04-19,10
IEM_Health-CovidProject,DE,Cases,0.146400547817672,2021-04-19,10
IEM_Health-CovidProject,DE,Deaths,0.0694561958101927,2021-04-19,10
IEM_Health-CovidProject,PL,Cases,0.0470148590336741,2021-04-19,10
IEM_Health-CovidProject,PL,Deaths,0.0802256766266931,2021-04-19,10
ILM-EKF,DE,Cases,0.0752837447035055,2021-04-19,10
ILM-EKF,DE,Deaths,0.0733360937131505,2021-04-19,10
ILM-EKF,PL,Cases,0.0536630447523073,2021-04-19,10
ILM-EKF,PL,Deaths,0.0687569677634569,2021-04-19,10
ITWW-county_repro,DE,Deaths,0.0900478071385763,2021-04-19,10
Karlen-pypm,DE,Deaths,0.106326452434724,2021-04-19,10
MIMUW-StochSEIR,PL,Cases,0.0812952740563596,2021-04-19,10
MIMUW-StochSEIR,PL,Deaths,0.124046502816025,2021-04-19,10
MIT_CovidAnalytics-DELPHI,DE,Cases,0.070527664403726,2021-04-19,10
MIT_CovidAnalytics-DELPHI,DE,Deaths,0.160063418180294,2021-04-19,10
MIT_CovidAnalytics-DELPHI,PL,Cases,0.0365818285533559,2021-04-19,10
MIT_CovidAnalytics-DELPHI,PL,Deaths,0.0831849770269812,2021-04-19,10
MOCOS-agent1,PL,Cases,0.361136357544841,2021-04-19,10
MOCOS-agent1,PL,Deaths,0.231389422851422,2021-04-19,10
RobertWalraven-ESG,DE,Deaths,0.07164415461672,2021-04-19,10
RobertWalraven-ESG,PL,Deaths,0.0668331903194451,2021-04-19,10
UMass-MechBayes,DE,Deaths,0.064461376738492,2021-04-19,10
UMass-MechBayes,PL,Deaths,0.056203765188428,2021-04-19,10
UMass-SemiMech,DE,Cases,0.0699271426925079,2021-04-19,10
UMass-SemiMech,DE,Deaths,0.0676281193788811,2021-04-19,10
UMass-SemiMech,PL,Cases,0.0449939710170584,2021-04-19,10
UMass-SemiMech,PL,Deaths,0.0528143388087404,2021-04-19,10
UNIPV-BayesINGARCHX,DE,Cases,0.110600187156094,2021-04-19,10
epiforecasts-EpiExpert,DE,Cases,0.109060910183949,2021-04-19,10
epiforecasts-EpiExpert,DE,Deaths,0.171248137494696,2021-04-19,10
epiforecasts-EpiExpert,PL,Cases,0.0908004131989044,2021-04-19,10
epiforecasts-EpiExpert,PL,Deaths,0.183394329219571,2021-04-19,10
epiforecasts-EpiNow2,DE,Cases,0.128456535884012,2021-04-19,10
epiforecasts-EpiNow2,PL,Cases,0.0804333478050821,2021-04-19,10
itwm-dSEIR,DE,Cases,0.0857200187668702,2021-04-19,10
itwm-dSEIR,DE,Deaths,0.125788244494274,2021-04-19,10
DSMPG-bayes,DE,Cases,0.0769567866750381,2021-04-26,10
DSMPG-bayes,PL,Cases,0.0429863420478747,2021-04-26,10
FIAS_FZJ-Epi1Ger,DE,Cases,0.109170669657705,2021-04-26,10
FIAS_FZJ-Epi1Ger,DE,Deaths,0.0926183362729953,2021-04-26,10
ICM-agentModel,PL,Cases,0.164892479779968,2021-04-26,10
IEM_Health-CovidProject,DE,Cases,0.110712448692905,2021-04-26,10
IEM_Health-CovidProject,DE,Deaths,0.0540635578562086,2021-04-26,10
IEM_Health-CovidProject,PL,Cases,0.0340006463071585,2021-04-26,10
IEM_Health-CovidProject,PL,Deaths,0.0549054792700479,2021-04-26,10
ILM-EKF,DE,Cases,0.0903691169391593,2021-04-26,10
ILM-EKF,DE,Deaths,0.0953880162274613,2021-04-26,10
ILM-EKF,PL,Cases,0.0499321616844125,2021-04-26,10
ILM-EKF,PL,Deaths,0.0594468393172854,2021-04-26,10
ITWW-county_repro,DE,Deaths,0.072319164768321,2021-04-26,10
Karlen-pypm,DE,Deaths,0.0994867027629499,2021-04-26,10
MIMUW-StochSEIR,PL,Cases,0.0492247405046284,2021-04-26,10
MIMUW-StochSEIR,PL,Deaths,0.113880991949875,2021-04-26,10
MIT_CovidAnalytics-DELPHI,DE,Cases,0.110621848161183,2021-04-26,10
MIT_CovidAnalytics-DELPHI,DE,Deaths,0.139198598456677,2021-04-26,10
MIT_CovidAnalytics-DELPHI,PL,Cases,0.0408789527707286,2021-04-26,10
MIT_CovidAnalytics-DELPHI,PL,Deaths,0.107391498378533,2021-04-26,10
MOCOS-agent1,PL,Cases,0.392425864367848,2021-04-26,10
MOCOS-agent1,PL,Deaths,0.188977943346877,2021-04-26,10
RobertWalraven-ESG,PL,Deaths,0.0700624699238264,2021-04-26,10
UMass-MechBayes,DE,Deaths,0.102040180289681,2021-04-26,10
UMass-MechBayes,PL,Deaths,0.0673254450625237,2021-04-26,10
UMass-SemiMech,DE,Cases,0.110097979680431,2021-04-26,10
UMass-SemiMech,DE,Deaths,0.124966890631582,2021-04-26,10
UMass-SemiMech,PL,Cases,0.059367511128706,2021-04-26,10
UMass-SemiMech,PL,Deaths,0.0548319369229976,2021-04-26,10
UNIPV-BayesINGARCHX,DE,Cases,0.0764320743960894,2021-04-26,10
epiforecasts-EpiExpert,DE,Cases,0.159538647754947,2021-04-26,10
epiforecasts-EpiExpert,DE,Deaths,0.134238114857995,2021-04-26,10
epiforecasts-EpiExpert,PL,Cases,0.0734166528013906,2021-04-26,10
epiforecasts-EpiExpert,PL,Deaths,0.234856329534116,2021-04-26,10
epiforecasts-EpiNow2,DE,Cases,0.083800947688236,2021-04-26,10
epiforecasts-EpiNow2,PL,Cases,0.0928746486072841,2021-04-26,10
epiforecasts-EpiNow2,PL,Deaths,0.0483210662939182,2021-04-26,10
itwm-dSEIR,DE,Cases,0.0722994803543063,2021-04-26,10
itwm-dSEIR,DE,Deaths,0.085680437876129,2021-04-26,10
FIAS_FZJ-Epi1Ger,DE,Cases,0.0845606828364914,2021-05-03,10
FIAS_FZJ-Epi1Ger,DE,Deaths,0.0585045214101077,2021-05-03,10
IEM_Health-CovidProject,DE,Cases,0.0992237350562617,2021-05-03,10
IEM_Health-CovidProject,PL,Cases,0.0329541935060943,2021-05-03,10
ILM-EKF,DE,Cases,0.104606618364682,2021-05-03,10
ILM-EKF,DE,Deaths,0.119979834973565,2021-05-03,10
ILM-EKF,PL,Cases,0.0872448128817107,2021-05-03,10
ILM-EKF,PL,Deaths,0.114763655893267,2021-05-03,10
ITWW-county_repro,DE,Cases,0.0740462573889257,2021-05-03,10
ITWW-county_repro,DE,Deaths,0.096541275093327,2021-05-03,10
ITWW-county_repro,PL,Cases,0.0351114392529611,2021-05-03,10
ITWW-county_repro,PL,Deaths,0.045557999252484,2021-05-03,10
Karlen-pypm,DE,Cases,0.128796491528997,2021-05-03,10
Karlen-pypm,DE,Deaths,0.145913747773773,2021-05-03,10
MIMUW-StochSEIR,PL,Cases,0.0306575819040082,2021-05-03,10
MIMUW-StochSEIR,PL,Deaths,0.0723291232817084,2021-05-03,10
MIT_CovidAnalytics-DELPHI,DE,Cases,0.0826732890613152,2021-05-03,10
MIT_CovidAnalytics-DELPHI,DE,Deaths,0.0926683235525768,2021-05-03,10
MIT_CovidAnalytics-DELPHI,PL,Cases,0.0395363287930381,2021-05-03,10
MIT_CovidAnalytics-DELPHI,PL,Deaths,0.0844769428493969,2021-05-03,10
MOCOS-agent1,PL,Cases,0.282031166902282,2021-05-03,10
MOCOS-agent1,PL,Deaths,0.23396692137128,2021-05-03,10
RobertWalraven-ESG,PL,Deaths,0.0668364035595291,2021-05-03,10
UMass-MechBayes,DE,Deaths,0.075710276288476,2021-05-03,10
UMass-MechBayes,PL,Deaths,0.104582435067414,2021-05-03,10
UMass-SemiMech,DE,Cases,0.0861567274447225,2021-05-03,10
UMass-SemiMech,DE,Deaths,0.101245506061426,2021-05-03,10
UMass-SemiMech,PL,Cases,0.0600772253597052,2021-05-03,10
UMass-SemiMech,PL,Deaths,0.0628840895492423,2021-05-03,10
UNIPV-BayesINGARCHX,DE,Cases,0.0813802843858864,2021-05-03,10
epiforecasts-EpiExpert,DE,Cases,0.138534742962778,2021-05-03,10
epiforecasts-EpiExpert,DE,Deaths,0.100711966620624,2021-05-03,10
epiforecasts-EpiExpert,PL,Cases,0.0829524249962049,2021-05-03,10
epiforecasts-EpiExpert,PL,Deaths,0.10241261791783,2021-05-03,10
epiforecasts-EpiNow2,DE,Cases,0.12002117096994,2021-05-03,10
epiforecasts-EpiNow2,DE,Deaths,0.105218542930124,2021-05-03,10
epiforecasts-EpiNow2,PL,Cases,0.349434826403995,2021-05-03,10
epiforecasts-EpiNow2,PL,Deaths,0.112189811257848,2021-05-03,10
itwm-dSEIR,DE,Deaths,0.103506005295999,2021-05-03,10
ICM-agentModel,PL,Cases,0.0718477236948547,2021-05-10,10
ICM-agentModel,PL,Deaths,0.0541985414564787,2021-05-10,10
IEM_Health-CovidProject,DE,Cases,0.0828104960396795,2021-05-10,10
IEM_Health-CovidProject,DE,Deaths,0.0771820271583445,2021-05-10,10
IEM_Health-CovidProject,PL,Cases,0.0317527740396479,2021-05-10,10
ILM-EKF,DE,Cases,0.0701339909886482,2021-05-10,10
ILM-EKF,DE,Deaths,0.0848586365199108,2021-05-10,10
ILM-EKF,PL,Cases,0.150963419546277,2021-05-10,10
ILM-EKF,PL,Deaths,0.140055586685712,2021-05-10,10
ITWW-county_repro,DE,Deaths,0.0943794919282677,2021-05-10,10
ITWW-county_repro,PL,Cases,0.0523751770049991,2021-05-10,10
ITWW-county_repro,PL,Deaths,0.0594245830892709,2021-05-10,10
Karlen-pypm,DE,Cases,0.104843604886669,2021-05-10,10
Karlen-pypm,DE,Deaths,0.102291303599044,2021-05-10,10
MIT_CovidAnalytics-DELPHI,DE,Cases,0.0794748759957928,2021-05-10,10
MIT_CovidAnalytics-DELPHI,DE,Deaths,0.0750200617044588,2021-05-10,10
MIT_CovidAnalytics-DELPHI,PL,Cases,0.0732150909409776,2021-05-10,10
MIT_CovidAnalytics-DELPHI,PL,Deaths,0.0705537513262596,2021-05-10,10
MOCOS-agent1,PL,Cases,0.158970609203878,2021-05-10,10
MOCOS-agent1,PL,Deaths,0.238730473369029,2021-05-10,10
RobertWalraven-ESG,DE,Deaths,0.117600246952113,2021-05-10,10
UMass-MechBayes,DE,Deaths,0.0998751946936638,2021-05-10,10
UMass-MechBayes,PL,Deaths,0.122695942850214,2021-05-10,10
UMass-SemiMech,DE,Cases,0.106731830647728,2021-05-10,10
UMass-SemiMech,DE,Deaths,0.112804727926443,2021-05-10,10
UMass-SemiMech,PL,Cases,0.0708015948771868,2021-05-10,10
UMass-SemiMech,PL,Deaths,0.109462779777845,2021-05-10,10
UNIPV-BayesINGARCHX,DE,Cases,0.144287671417977,2021-05-10,10
epiforecasts-EpiExpert,DE,Cases,0.170336977309096,2021-05-10,10
epiforecasts-EpiExpert,DE,Deaths,0.121749080968253,2021-05-10,10
epiforecasts-EpiExpert,PL,Cases,0.0989927101087576,2021-05-10,10
epiforecasts-EpiExpert,PL,Deaths,0.0540897118992433,2021-05-10,10
epiforecasts-EpiExpert_Rt,DE,Cases,0.0588591670919126,2021-05-10,10
epiforecasts-EpiExpert_Rt,PL,Cases,0.0389996276766908,2021-05-10,10
epiforecasts-EpiExpert_Rt,PL,Deaths,0.047084809295413,2021-05-10,10
epiforecasts-EpiNow2,DE,Cases,0.0752615217062808,2021-05-10,10
epiforecasts-EpiNow2,PL,Cases,0.25208127290673,2021-05-10,10
epiforecasts-EpiNow2,PL,Deaths,0.103703820250536,2021-05-10,10
itwm-dSEIR,DE,Cases,0.107259863916217,2021-05-10,10
itwm-dSEIR,DE,Deaths,0.114239228549501,2021-05-10,10
HZI-AgeExtendedSEIR,DE,Cases,0.0463286884623782,2021-05-17,10
HZI-AgeExtendedSEIR,DE,Deaths,0.0760565764168508,2021-05-17,10
ICM-agentModel,PL,Cases,0.060482121576653,2021-05-17,10
ICM-agentModel,PL,Deaths,0.0575972271600307,2021-05-17,10
IEM_Health-CovidProject,DE,Cases,0.0748775040753449,2021-05-17,10
IEM_Health-CovidProject,DE,Deaths,0.0949289667616641,2021-05-17,10
IEM_Health-CovidProject,PL,Cases,0.0461374365221571,2021-05-17,10
ILM-EKF,DE,Cases,0.0581087017657142,2021-05-17,10
ILM-EKF,PL,Cases,0.137520484182786,2021-05-17,10
ILM-EKF,PL,Deaths,0.127022343518393,2021-05-17,10
ITWW-county_repro,DE,Deaths,0.0840885029261847,2021-05-17,10
ITWW-county_repro,PL,Cases,0.0528795496949956,2021-05-17,10
ITWW-county_repro,PL,Deaths,0.0584883149886397,2021-05-17,10
Karlen-pypm,DE,Cases,0.0737139138388423,2021-05-17,10
MIMUW-StochSEIR,PL,Cases,0.0361634126253323,2021-05-17,10
MIMUW-StochSEIR,PL,Deaths,0.0378432631561979,2021-05-17,10
MIT_CovidAnalytics-DELPHI,DE,Cases,0.155062613439832,2021-05-17,10
MIT_CovidAnalytics-DELPHI,DE,Deaths,0.120198523608454,2021-05-17,10
MIT_CovidAnalytics-DELPHI,PL,Cases,0.0750583535545324,2021-05-17,10
MIT_CovidAnalytics-DELPHI,PL,Deaths,0.0567440088007042,2021-05-17,10
MOCOS-agent1,PL,Cases,0.17734736185521,2021-05-17,10
MOCOS-agent1,PL,Deaths,0.22868399672572,2021-05-17,10
PL_GRedlarski-DistrictsSum,PL,Cases,0.0516194087068712,2021-05-17,10
RobertWalraven-ESG,DE,Deaths,0.12781281694547,2021-05-17,10
UMass-MechBayes,DE,Deaths,0.106781607200989,2021-05-17,10
UMass-MechBayes,PL,Deaths,0.160792024899215,2021-05-17,10
UMass-SemiMech,DE,Cases,0.136577705468373,2021-05-17,10
UMass-SemiMech,DE,Deaths,0.113977849876753,2021-05-17,10
UMass-SemiMech,PL,Cases,0.102457517087166,2021-05-17,10
UMass-SemiMech,PL,Deaths,0.139191724539439,2021-05-17,10
UNIPV-BayesINGARCHX,DE,Cases,0.190656795238626,2021-05-17,10
epiforecasts-EpiExpert,DE,Cases,0.131488343796711,2021-05-17,10
epiforecasts-EpiExpert,DE,Deaths,0.0892630081597662,2021-05-17,10
epiforecasts-EpiExpert,PL,Deaths,0.0451814762184117,2021-05-17,10
epiforecasts-EpiExpert_direct,DE,Cases,0.0558396722740551,2021-05-17,10
epiforecasts-EpiExpert_direct,DE,Deaths,0.0767962462415735,2021-05-17,10
epiforecasts-EpiNow2,PL,Cases,0.260334354194296,2021-05-17,10
epiforecasts-EpiNow2,PL,Deaths,0.0884556199932494,2021-05-17,10
itwm-dSEIR,DE,Cases,0.0773460616401227,2021-05-17,10
itwm-dSEIR,DE,Deaths,0.110095901862295,2021-05-17,10
HZI-AgeExtendedSEIR,DE,Cases,0.0482991728026026,2021-05-24,10
HZI-AgeExtendedSEIR,DE,Deaths,0.10904591157708,2021-05-24,10
IEM_Health-CovidProject,PL,Cases,0.0249359557610733,2021-05-24,10
ILM-EKF,DE,Cases,0.0870071356501526,2021-05-24,10
ILM-EKF,PL,Cases,0.199441069288917,2021-05-24,10
ILM-EKF,PL,Deaths,0.11915813356492,2021-05-24,10
ITWW-county_repro,DE,Deaths,0.0841113277844885,2021-05-24,10
ITWW-county_repro,PL,Cases,0.0872830079876977,2021-05-24,10
ITWW-county_repro,PL,Deaths,0.0464577645478147,2021-05-24,10
Karlen-pypm,DE,Cases,0.0520195673453641,2021-05-24,10
MIMUW-StochSEIR,PL,Deaths,0.0594420159678263,2021-05-24,10
MIT_CovidAnalytics-DELPHI,DE,Cases,0.192812461180202,2021-05-24,10
MIT_CovidAnalytics-DELPHI,DE,Deaths,0.0909556328074758,2021-05-24,10
MIT_CovidAnalytics-DELPHI,PL,Cases,0.0389908855053746,2021-05-24,10
MIT_CovidAnalytics-DELPHI,PL,Deaths,0.0667502843829859,2021-05-24,10
MOCOS-agent1,PL,Cases,0.146354918648832,2021-05-24,10
MOCOS-agent1,PL,Deaths,0.189328359324407,2021-05-24,10
PL_GRedlarski-DistrictsSum,PL,Cases,0.179880209506306,2021-05-24,10
RobertWalraven-ESG,DE,Deaths,0.103112238471228,2021-05-24,10
UMass-MechBayes,DE,Deaths,0.0889300948517288,2021-05-24,10
UMass-MechBayes,PL,Deaths,0.182744286094228,2021-05-24,10
UMass-SemiMech,DE,Cases,0.0975726988030714,2021-05-24,10
UMass-SemiMech,DE,Deaths,0.0884636145161053,2021-05-24,10
UMass-SemiMech,PL,Cases,0.0280831343078115,2021-05-24,10
UMass-SemiMech,PL,Deaths,0.117319295896055,2021-05-24,10
UNIPV-BayesINGARCHX,DE,Cases,0.102603744759588,2021-05-24,10
epiforecasts-EpiExpert,DE,Cases,0.122279233075327,2021-05-24,10
epiforecasts-EpiExpert,DE,Deaths,0.122908560359464,2021-05-24,10
epiforecasts-EpiExpert,PL,Cases,0.0823119339387954,2021-05-24,10
epiforecasts-EpiExpert,PL,Deaths,0.0850033543397241,2021-05-24,10
epiforecasts-EpiExpert_Rt,DE,Cases,0.123100018017241,2021-05-24,10
epiforecasts-EpiExpert_Rt,DE,Deaths,0.0809755916425727,2021-05-24,10
epiforecasts-EpiExpert_Rt,PL,Cases,0.0653525781480218,2021-05-24,10
epiforecasts-EpiExpert_Rt,PL,Deaths,0.0687113170280828,2021-05-24,10
epiforecasts-EpiExpert_direct,DE,Cases,0.0785025811039453,2021-05-24,10
epiforecasts-EpiExpert_direct,DE,Deaths,0.119466894931946,2021-05-24,10
epiforecasts-EpiNow2,PL,Cases,0.147366306907172,2021-05-24,10
epiforecasts-EpiNow2,PL,Deaths,0.0650851888539566,2021-05-24,10
itwm-dSEIR,DE,Cases,0.0958033872625052,2021-05-24,10
itwm-dSEIR,DE,Deaths,0.112030133057912,2021-05-24,10
FIAS_FZJ-Epi1Ger,DE,Cases,0.110685448120147,2021-05-31,10
FIAS_FZJ-Epi1Ger,DE,Deaths,0.0818405313499631,2021-05-31,10
HZI-AgeExtendedSEIR,DE,Cases,0.0607237324741947,2021-05-31,10
HZI-AgeExtendedSEIR,DE,Deaths,0.123044953044372,2021-05-31,10
IEM_Health-CovidProject,PL,Cases,0.0351658421008255,2021-05-31,10
ILM-EKF,DE,Cases,0.124839693171151,2021-05-31,10
ILM-EKF,PL,Cases,0.196486878855194,2021-05-31,10
ILM-EKF,PL,Deaths,0.11834813202613,2021-05-31,10
ITWW-county_repro,DE,Deaths,0.0940188992262154,2021-05-31,10
ITWW-county_repro,PL,Cases,0.0852999532579261,2021-05-31,10
MIMUW-StochSEIR,PL,Deaths,0.0991672786781425,2021-05-31,10
MIT_CovidAnalytics-DELPHI,DE,Cases,0.165669873799434,2021-05-31,10
MIT_CovidAnalytics-DELPHI,DE,Deaths,0.100161664967862,2021-05-31,10
MIT_CovidAnalytics-DELPHI,PL,Cases,0.0751658678642535,2021-05-31,10
MIT_CovidAnalytics-DELPHI,PL,Deaths,0.0669568534155324,2021-05-31,10
MOCOS-agent1,PL,Cases,0.174316860554227,2021-05-31,10
MOCOS-agent1,PL,Deaths,0.154554756102937,2021-05-31,10
MUNI-ARIMA,DE,Cases,0.0636240666964726,2021-05-31,10
MUNI-ARIMA,PL,Cases,0.0477511396081269,2021-05-31,10
PL_GRedlarski-DistrictsSum,PL,Cases,0.097555498677487,2021-05-31,10
RobertWalraven-ESG,DE,Deaths,0.104704028514197,2021-05-31,10
UMass-MechBayes,DE,Deaths,0.077810145043036,2021-05-31,10
UMass-MechBayes,PL,Deaths,0.177493511364875,2021-05-31,10
UMass-SemiMech,DE,Cases,0.0709566108232658,2021-05-31,10
UMass-SemiMech,PL,Deaths,0.100226922307691,2021-05-31,10
UNIPV-BayesINGARCHX,DE,Cases,0.058050896537453,2021-05-31,10
epiforecasts-EpiExpert,DE,Cases,0.0746853846938204,2021-05-31,10
epiforecasts-EpiExpert,DE,Deaths,0.111869043936055,2021-05-31,10
epiforecasts-EpiExpert,PL,Cases,0.0538884177782151,2021-05-31,10
epiforecasts-EpiExpert,PL,Deaths,0.082693513216497,2021-05-31,10
epiforecasts-EpiExpert_Rt,DE,Cases,0.121835666682384,2021-05-31,10
epiforecasts-EpiExpert_Rt,DE,Deaths,0.0695680741488831,2021-05-31,10
epiforecasts-EpiExpert_Rt,PL,Cases,0.0527605004642403,2021-05-31,10
epiforecasts-EpiExpert_Rt,PL,Deaths,0.0665539554478377,2021-05-31,10
epiforecasts-EpiExpert_direct,DE,Deaths,0.099855989534396,2021-05-31,10
epiforecasts-EpiExpert_direct,PL,Deaths,0.0559147091236894,2021-05-31,10
epiforecasts-EpiNow2,PL,Cases,0.181609040839505,2021-05-31,10
epiforecasts-EpiNow2,PL,Deaths,0.0780903683166677,2021-05-31,10
itwm-dSEIR,DE,Cases,0.148928627001677,2021-05-31,10
itwm-dSEIR,DE,Deaths,0.137126670235021,2021-05-31,10
FIAS_FZJ-Epi1Ger,DE,Cases,0.0670640466847895,2021-06-07,10
FIAS_FZJ-Epi1Ger,DE,Deaths,0.0811817444407087,2021-06-07,10
HZI-AgeExtendedSEIR,DE,Cases,0.0698005468250348,2021-06-07,10
HZI-AgeExtendedSEIR,DE,Deaths,0.136041371356188,2021-06-07,10
ILM-EKF,DE,Cases,0.126498936841925,2021-06-07,10
ILM-EKF,DE,Deaths,0.0861943689823807,2021-06-07,10
ILM-EKF,PL,Cases,0.18165967671847,2021-06-07,10
ILM-EKF,PL,Deaths,0.141649486880967,2021-06-07,10
ITWW-county_repro,DE,Deaths,0.0898472961401278,2021-06-07,10
ITWW-county_repro,PL,Deaths,0.0896518539521803,2021-06-07,10
Karlen-pypm,DE,Cases,0.0852153283938796,2021-06-07,10
Karlen-pypm,DE,Deaths,0.107160779929298,2021-06-07,10
MIMUW-StochSEIR,PL,Deaths,0.100521895752223,2021-06-07,10
MIT_CovidAnalytics-DELPHI,DE,Cases,0.160569067269479,2021-06-07,10
MIT_CovidAnalytics-DELPHI,DE,Deaths,0.101370364078192,2021-06-07,10
MIT_CovidAnalytics-DELPHI,PL,Cases,0.0672991185778545,2021-06-07,10
MOCOS-agent1,PL,Cases,0.158184473100809,2021-06-07,10
MOCOS-agent1,PL,Deaths,0.157521391420147,2021-06-07,10
MUNI-ARIMA,DE,Cases,0.0890666925540801,2021-06-07,10
MUNI-ARIMA,PL,Cases,0.120151999987584,2021-06-07,10
PL_GRedlarski-DistrictsSum,PL,Cases,0.0675620877479642,2021-06-07,10
RobertWalraven-ESG,DE,Cases,0.0682088536202043,2021-06-07,10
RobertWalraven-ESG,PL,Cases,0.0583308233048347,2021-06-07,10
RobertWalraven-ESG,PL,Deaths,0.100526491740856,2021-06-07,10
UMass-MechBayes,PL,Deaths,0.128814813671139,2021-06-07,10
UMass-SemiMech,DE,Deaths,0.0819017574981004,2021-06-07,10
UMass-SemiMech,PL,Deaths,0.0625636085261265,2021-06-07,10
epiforecasts-EpiExpert,DE,Cases,0.0789455278499917,2021-06-07,10
epiforecasts-EpiExpert,DE,Deaths,0.0978015931401156,2021-06-07,10
epiforecasts-EpiExpert,PL,Cases,0.059842088398682,2021-06-07,10
epiforecasts-EpiExpert,PL,Deaths,0.057286672427711,2021-06-07,10
epiforecasts-EpiExpert_Rt,DE,Cases,0.0757729754853178,2021-06-07,10
epiforecasts-EpiExpert_Rt,DE,Deaths,0.0757398161309652,2021-06-07,10
epiforecasts-EpiExpert_Rt,PL,Cases,0.0621776425168299,2021-06-07,10
epiforecasts-EpiExpert_Rt,PL,Deaths,0.0502654728095773,2021-06-07,10
epiforecasts-EpiExpert_direct,PL,Cases,0.0637319796890116,2021-06-07,10
epiforecasts-EpiNow2,PL,Cases,0.16106010995796,2021-06-07,10
epiforecasts-EpiNow2,PL,Deaths,0.111198312819073,2021-06-07,10
itwm-dSEIR,DE,Cases,0.178858024475298,2021-06-07,10
itwm-dSEIR,DE,Deaths,0.142760908303923,2021-06-07,10
FIAS_FZJ-Epi1Ger,DE,Cases,0.100585475260044,2021-06-14,10
HZI-AgeExtendedSEIR,DE,Cases,0.086780571239502,2021-06-14,10
HZI-AgeExtendedSEIR,DE,Deaths,0.107947847654147,2021-06-14,10
ICM-agentModel,PL,Deaths,0.0494973430372665,2021-06-14,10
ILM-EKF,DE,Cases,0.0984729795036894,2021-06-14,10
ILM-EKF,DE,Deaths,0.0984466210502044,2021-06-14,10
ILM-EKF,PL,Cases,0.142635390234564,2021-06-14,10
ILM-EKF,PL,Deaths,0.156466231562012,2021-06-14,10
ITWW-county_repro,PL,Cases,0.0565445426321288,2021-06-14,10
ITWW-county_repro,PL,Deaths,0.113238598113713,2021-06-14,10
Karlen-pypm,DE,Cases,0.0862238479490807,2021-06-14,10
Karlen-pypm,DE,Deaths,0.129980994261749,2021-06-14,10
MIMUW-StochSEIR,PL,Cases,0.042499907791671,2021-06-14,10
MIMUW-StochSEIR,PL,Deaths,0.0768559155932906,2021-06-14,10
MIT_CovidAnalytics-DELPHI,DE,Cases,0.0996752439666735,2021-06-14,10
MIT_CovidAnalytics-DELPHI,DE,Deaths,0.0841510206206083,2021-06-14,10
MIT_CovidAnalytics-DELPHI,PL,Cases,0.0495184380251586,2021-06-14,10
MOCOS-agent1,PL,Cases,0.147178137897114,2021-06-14,10
MOCOS-agent1,PL,Deaths,0.140491623823723,2021-06-14,10
MUNI-ARIMA,PL,Cases,0.150389412978485,2021-06-14,10
MUNI-ARIMA,PL,Deaths,0.095041474804698,2021-06-14,10
RobertWalraven-ESG,DE,Cases,0.136149850114667,2021-06-14,10
RobertWalraven-ESG,DE,Deaths,0.0831930008724459,2021-06-14,10
RobertWalraven-ESG,PL,Cases,0.0869948731274978,2021-06-14,10
RobertWalraven-ESG,PL,Deaths,0.090047465945835,2021-06-14,10
UMass-MechBayes,DE,Deaths,0.0844087605608364,2021-06-14,10
UMass-MechBayes,PL,Deaths,0.117405989945088,2021-06-14,10
UNIPV-BayesINGARCHX,DE,Cases,0.114097738493168,2021-06-14,10
epiforecasts-EpiExpert,DE,Cases,0.0758106257081707,2021-06-14,10
epiforecasts-EpiExpert,DE,Deaths,0.140127159920357,2021-06-14,10
epiforecasts-EpiExpert,PL,Cases,0.0403465017482704,2021-06-14,10
epiforecasts-EpiExpert_Rt,DE,Cases,0.0551761497710258,2021-06-14,10
epiforecasts-EpiExpert_Rt,DE,Deaths,0.0671256575095622,2021-06-14,10
epiforecasts-EpiExpert_Rt,PL,Cases,0.0509318362593819,2021-06-14,10
epiforecasts-EpiExpert_Rt,PL,Deaths,0.0646116881102778,2021-06-14,10
epiforecasts-EpiExpert_direct,DE,Deaths,0.10124912431095,2021-06-14,10
epiforecasts-EpiNow2,PL,Cases,0.232960959305729,2021-06-14,10
epiforecasts-EpiNow2,PL,Deaths,0.0963436690640972,2021-06-14,10
itwm-dSEIR,DE,Cases,0.147027517993979,2021-06-14,10
itwm-dSEIR,DE,Deaths,0.10336981323914,2021-06-14,10
FIAS_FZJ-Epi1Ger,DE,Cases,0.0609113985029956,2021-06-21,10
FIAS_FZJ-Epi1Ger,DE,Deaths,0.11205031186482,2021-06-21,10
HZI-AgeExtendedSEIR,DE,Cases,0.0817066415588836,2021-06-21,10
HZI-AgeExtendedSEIR,DE,Deaths,0.0790886183636207,2021-06-21,10
ICM-agentModel,PL,Deaths,0.0696104163213501,2021-06-21,10
ILM-EKF,DE,Cases,0.0842804357487074,2021-06-21,10
ILM-EKF,DE,Deaths,0.0985110345409228,2021-06-21,10
ILM-EKF,PL,Cases,0.134255710729839,2021-06-21,10
ILM-EKF,PL,Deaths,0.134457350606478,2021-06-21,10
ITWW-county_repro,DE,Deaths,0.0773622414630568,2021-06-21,10
ITWW-county_repro,PL,Cases,0.0822043176783108,2021-06-21,10
ITWW-county_repro,PL,Deaths,0.0929249627862994,2021-06-21,10
Karlen-pypm,DE,Cases,0.0734637412790488,2021-06-21,10
Karlen-pypm,DE,Deaths,0.214366099081677,2021-06-21,10
MIT_CovidAnalytics-DELPHI,DE,Cases,0.116954169410432,2021-06-21,10
MIT_CovidAnalytics-DELPHI,PL,Cases,0.120275530019559,2021-06-21,10
MIT_CovidAnalytics-DELPHI,PL,Deaths,0.0834835730575177,2021-06-21,10
MOCOS-agent1,PL,Cases,0.0983337833820473,2021-06-21,10
MOCOS-agent1,PL,Deaths,0.117021273110526,2021-06-21,10
MUNI-ARIMA,PL,Cases,0.0732255872978986,2021-06-21,10
PL_GRedlarski-DistrictsSum,PL,Cases,0.124923245592705,2021-06-21,10
RobertWalraven-ESG,DE,Cases,0.127582124446615,2021-06-21,10
RobertWalraven-ESG,PL,Cases,0.026943274134175,2021-06-21,10
UMass-MechBayes,DE,Deaths,0.0945578456148599,2021-06-21,10
UMass-MechBayes,PL,Deaths,0.126716096931217,2021-06-21,10
UMass-SemiMech,DE,Deaths,0.0792652191523108,2021-06-21,10
UMass-SemiMech,PL,Deaths,0.102853910891754,2021-06-21,10
UNIPV-BayesINGARCHX,DE,Cases,0.13614711155,2021-06-21,10
epiforecasts-EpiExpert,DE,Deaths,0.0947491957388812,2021-06-21,10
epiforecasts-EpiExpert,PL,Cases,0.0268867711195966,2021-06-21,10
epiforecasts-EpiExpert,PL,Deaths,0.110833493615231,2021-06-21,10
epiforecasts-EpiExpert_Rt,DE,Cases,0.0702991904970031,2021-06-21,10
epiforecasts-EpiExpert_Rt,DE,Deaths,0.0799709979151445,2021-06-21,10
epiforecasts-EpiExpert_Rt,PL,Cases,0.185238145534668,2021-06-21,10
epiforecasts-EpiExpert_Rt,PL,Deaths,0.0789592272731006,2021-06-21,10
epiforecasts-EpiNow2,DE,Cases,0.0847224478122007,2021-06-21,10
epiforecasts-EpiNow2,DE,Deaths,0.0700784362647059,2021-06-21,10
epiforecasts-EpiNow2,PL,Cases,0.127713634511201,2021-06-21,10
epiforecasts-EpiNow2,PL,Deaths,0.0831396954065262,2021-06-21,10
itwm-dSEIR,DE,Cases,0.163932739194114,2021-06-21,10
FIAS_FZJ-Epi1Ger,DE,Deaths,0.0786843261200127,2021-06-28,10
HZI-AgeExtendedSEIR,DE,Deaths,0.135278443618781,2021-06-28,10
IEM_Health-CovidProject,DE,Cases,0.0850235903785203,2021-06-28,10
IEM_Health-CovidProject,DE,Deaths,0.0683347688380769,2021-06-28,10
IEM_Health-CovidProject,PL,Cases,0.151293870187667,2021-06-28,10
ILM-EKF,DE,Cases,0.132035024086348,2021-06-28,10
ILM-EKF,DE,Deaths,0.0777420917990789,2021-06-28,10
ILM-EKF,PL,Cases,0.1428356963004,2021-06-28,10
ILM-EKF,PL,Deaths,0.113422318646571,2021-06-28,10
ITWW-county_repro,PL,Cases,0.111858685775069,2021-06-28,10
ITWW-county_repro,PL,Deaths,0.0683482580581107,2021-06-28,10
Karlen-pypm,DE,Deaths,0.0979607153751389,2021-06-28,10
MIMUW-StochSEIR,PL,Deaths,0.0809140323967496,2021-06-28,10
MIT_CovidAnalytics-DELPHI,DE,Cases,0.0852639935147704,2021-06-28,10
MIT_CovidAnalytics-DELPHI,PL,Cases,0.101710621524374,2021-06-28,10
MIT_CovidAnalytics-DELPHI,PL,Deaths,0.0775395495692498,2021-06-28,10
MOCOS-agent1,PL,Cases,0.140423667511448,2021-06-28,10
MOCOS-agent1,PL,Deaths,0.128109297312571,2021-06-28,10
MUNI-ARIMA,DE,Cases,0.0886802671679556,2021-06-28,10
MUNI-ARIMA,PL,Cases,0.0512290695752771,2021-06-28,10
PL_GRedlarski-DistrictsSum,PL,Cases,0.0722673092984121,2021-06-28,10
RobertWalraven-ESG,DE,Cases,0.0827391369994045,2021-06-28,10
RobertWalraven-ESG,DE,Deaths,0.090425421904283,2021-06-28,10
UMass-MechBayes,DE,Deaths,0.0739348281770235,2021-06-28,10
UMass-MechBayes,PL,Deaths,0.152633381546194,2021-06-28,10
UMass-SemiMech,DE,Deaths,0.0762648563572996,2021-06-28,10
UMass-SemiMech,PL,Deaths,0.141474880201961,2021-06-28,10
UNIPV-BayesINGARCHX,DE,Cases,0.106813602920908,2021-06-28,10
epiforecasts-EpiExpert,DE,Cases,0.0903453473474783,2021-06-28,10
epiforecasts-EpiExpert,DE,Deaths,0.142223156621243,2021-06-28,10
epiforecasts-EpiExpert,PL,Cases,0.0353614195767757,2021-06-28,10
epiforecasts-EpiExpert,PL,Deaths,0.103672585930582,2021-06-28,10
epiforecasts-EpiExpert_Rt,DE,Cases,0.110848972506032,2021-06-28,10
epiforecasts-EpiExpert_Rt,PL,Cases,0.103157059772706,2021-06-28,10
epiforecasts-EpiExpert_Rt,PL,Deaths,0.060242749405242,2021-06-28,10
epiforecasts-EpiExpert_direct,DE,Deaths,0.159151391189063,2021-06-28,10
epiforecasts-EpiNow2,DE,Cases,0.112009369326161,2021-06-28,10
epiforecasts-EpiNow2,PL,Cases,0.0898626004778709,2021-06-28,10
epiforecasts-EpiNow2,PL,Deaths,0.0736429469327688,2021-06-28,10
itwm-dSEIR,DE,Cases,0.106240695752423,2021-06-28,10
FIAS_FZJ-Epi1Ger,DE,Cases,0.105201943229063,2021-07-05,10
FIAS_FZJ-Epi1Ger,DE,Deaths,0.0776105854385797,2021-07-05,10
HZI-AgeExtendedSEIR,DE,Deaths,0.113859291282797,2021-07-05,10
IEM_Health-CovidProject,PL,Cases,0.150635034370668,2021-07-05,10
ILM-EKF,DE,Cases,0.124717046774739,2021-07-05,10
ILM-EKF,DE,Deaths,0.0985346650934828,2021-07-05,10
ILM-EKF,PL,Cases,0.132937011598065,2021-07-05,10
ILM-EKF,PL,Deaths,0.0809569299386431,2021-07-05,10
ITWW-county_repro,PL,Cases,0.112882910521226,2021-07-05,10
ITWW-county_repro,PL,Deaths,0.0554650954825966,2021-07-05,10
Karlen-pypm,DE,Cases,0.0824317944624253,2021-07-05,10
Karlen-pypm,DE,Deaths,0.0988871135462581,2021-07-05,10
MIMUW-StochSEIR,PL,Deaths,0.190139953911796,2021-07-05,10
MIT_CovidAnalytics-DELPHI,DE,Cases,0.0834298086542531,2021-07-05,10
MIT_CovidAnalytics-DELPHI,PL,Cases,0.10342447426519,2021-07-05,10
MIT_CovidAnalytics-DELPHI,PL,Deaths,0.0628487500246075,2021-07-05,10
MOCOS-agent1,PL,Cases,0.102047549477673,2021-07-05,10
MOCOS-agent1,PL,Deaths,0.101471852676579,2021-07-05,10
MUNI-ARIMA,DE,Cases,0.0775316772730887,2021-07-05,10
MUNI-ARIMA,DE,Deaths,0.0654488246531814,2021-07-05,10
MUNI-ARIMA,PL,Cases,0.0401012477727339,2021-07-05,10
PL_GRedlarski-DistrictsSum,PL,Cases,0.0579334451325879,2021-07-05,10
RobertWalraven-ESG,DE,Cases,0.0753378191734091,2021-07-05,10
RobertWalraven-ESG,DE,Deaths,0.113118912733183,2021-07-05,10
UMass-MechBayes,DE,Deaths,0.0857518768278102,2021-07-05,10
UMass-MechBayes,PL,Deaths,0.171620264466539,2021-07-05,10
UMass-SemiMech,DE,Deaths,0.103821592558564,2021-07-05,10
UMass-SemiMech,PL,Cases,0.0693246690985254,2021-07-05,10
UMass-SemiMech,PL,Deaths,0.144389112785857,2021-07-05,10
UNIPV-BayesINGARCHX,DE,Cases,0.0892750797187854,2021-07-05,10
epiforecasts-EpiExpert,DE,Deaths,0.125988777199211,2021-07-05,10
epiforecasts-EpiExpert,PL,Deaths,0.0873664839341116,2021-07-05,10
epiforecasts-EpiExpert_Rt,DE,Cases,0.108366175238285,2021-07-05,10
epiforecasts-EpiExpert_Rt,PL,Cases,0.151377002945667,2021-07-05,10
epiforecasts-EpiExpert_direct,DE,Deaths,0.116978360666933,2021-07-05,10
epiforecasts-EpiExpert_direct,PL,Deaths,0.0489192128422924,2021-07-05,10
epiforecasts-EpiNow2,DE,Cases,0.138926695870347,2021-07-05,10
epiforecasts-EpiNow2,PL,Cases,0.0793366548176649,2021-07-05,10
epiforecasts-EpiNow2,PL,Deaths,0.0568223439369791,2021-07-05,10
itwm-dSEIR,DE,Cases,0.114781959605605,2021-07-05,10
FIAS_FZJ-Epi1Ger,DE,Cases,0.100917987714844,2021-07-12,10
FIAS_FZJ-Epi1Ger,DE,Deaths,0.0848164217891163,2021-07-12,10
HZI-AgeExtendedSEIR,DE,Deaths,0.0940360590256651,2021-07-12,10
ICM-agentModel,PL,Cases,0.0350235276743198,2021-07-12,10
ICM-agentModel,PL,Deaths,0.0331648301376847,2021-07-12,10
IEM_Health-CovidProject,DE,Cases,0.080879137459315,2021-07-12,10
IEM_Health-CovidProject,PL,Cases,0.168119854111177,2021-07-12,10
ILM-EKF,DE,Cases,0.100435643409114,2021-07-12,10
ILM-EKF,DE,Deaths,0.11890846371332,2021-07-12,10
ILM-EKF,PL,Cases,0.128135478276471,2021-07-12,10
ILM-EKF,PL,Deaths,0.0935890616187559,2021-07-12,10
ITWW-county_repro,DE,Deaths,0.103641543021994,2021-07-12,10
ITWW-county_repro,PL,Cases,0.0667167767602469,2021-07-12,10
ITWW-county_repro,PL,Deaths,0.132447293220961,2021-07-12,10
Karlen-pypm,DE,Cases,0.115797147728052,2021-07-12,10
Karlen-pypm,DE,Deaths,0.109341058089141,2021-07-12,10
MIMUW-StochSEIR,PL,Cases,0.0298007040383584,2021-07-12,10
MIMUW-StochSEIR,PL,Deaths,0.167330243352549,2021-07-12,10
MIT_CovidAnalytics-DELPHI,DE,Cases,0.0906656023922135,2021-07-12,10
MIT_CovidAnalytics-DELPHI,PL,Cases,0.0866369455313401,2021-07-12,10
MIT_CovidAnalytics-DELPHI,PL,Deaths,0.0567063906152016,2021-07-12,10
MOCOS-agent1,PL,Cases,0.100667647854116,2021-07-12,10
MOCOS-agent1,PL,Deaths,0.148415469078655,2021-07-12,10
MUNI-ARIMA,DE,Cases,0.0876082096286051,2021-07-12,10
MUNI-ARIMA,DE,Deaths,0.0819268690907742,2021-07-12,10
PL_GRedlarski-DistrictsSum,PL,Cases,0.0361984429024522,2021-07-12,10
RobertWalraven-ESG,DE,Deaths,0.118867944972311,2021-07-12,10
UMass-MechBayes,DE,Deaths,0.110921443913366,2021-07-12,10
UMass-MechBayes,PL,Deaths,0.17496142135084,2021-07-12,10
epiforecasts-EpiExpert,DE,Cases,0.0913688346360144,2021-07-12,10
epiforecasts-EpiExpert,DE,Deaths,0.10205641211091,2021-07-12,10
epiforecasts-EpiExpert,PL,Deaths,0.0667185087510704,2021-07-12,10
epiforecasts-EpiExpert_Rt,DE,Cases,0.113150959945598,2021-07-12,10
epiforecasts-EpiExpert_Rt,PL,Cases,0.164376184030523,2021-07-12,10
epiforecasts-EpiExpert_Rt,PL,Deaths,0.0498717395063639,2021-07-12,10
epiforecasts-EpiExpert_direct,DE,Deaths,0.0754837842734015,2021-07-12,10
epiforecasts-EpiNow2,DE,Cases,0.105677805519034,2021-07-12,10
epiforecasts-EpiNow2,PL,Cases,0.184324438820996,2021-07-12,10
epiforecasts-EpiNow2,PL,Deaths,0.0767950423679184,2021-07-12,10
itwm-dSEIR,DE,Cases,0.113498671567209,2021-07-12,10
HZI-AgeExtendedSEIR,DE,Cases,0.0912201881318368,2021-07-19,10
HZI-AgeExtendedSEIR,DE,Deaths,0.0854171138364195,2021-07-19,10
IEM_Health-CovidProject,DE,Cases,0.0820541728169818,2021-07-19,10
IEM_Health-CovidProject,DE,Deaths,0.0693948315334256,2021-07-19,10
IEM_Health-CovidProject,PL,Cases,0.133470572353297,2021-07-19,10
ILM-EKF,DE,Deaths,0.124195347471103,2021-07-19,10
ILM-EKF,PL,Cases,0.068644779950962,2021-07-19,10
ILM-EKF,PL,Deaths,0.0800527825280033,2021-07-19,10
ITWW-county_repro,DE,Cases,0.173700490204934,2021-07-19,10
ITWW-county_repro,DE,Deaths,0.127810660070216,2021-07-19,10
ITWW-county_repro,PL,Cases,0.124315201908173,2021-07-19,10
ITWW-county_repro,PL,Deaths,0.174676259513062,2021-07-19,10
Karlen-pypm,DE,Cases,0.0961150905250991,2021-07-19,10
Karlen-pypm,DE,Deaths,0.112383938227579,2021-07-19,10
MIT_CovidAnalytics-DELPHI,DE,Cases,0.0796910094801389,2021-07-19,10
MIT_CovidAnalytics-DELPHI,DE,Deaths,0.0710958128170186,2021-07-19,10
MIT_CovidAnalytics-DELPHI,PL,Cases,0.0544795663162882,2021-07-19,10
MIT_CovidAnalytics-DELPHI,PL,Deaths,0.0555215164478959,2021-07-19,10
MOCOS-agent1,PL,Cases,0.0933193706967269,2021-07-19,10
MOCOS-agent1,PL,Deaths,0.110767675328347,2021-07-19,10
MUNI-ARIMA,DE,Cases,0.0818647385321403,2021-07-19,10
MUNI-ARIMA,PL,Deaths,0.0422069245838056,2021-07-19,10
PL_GRedlarski-DistrictsSum,PL,Cases,0.101335347443307,2021-07-19,10
RobertWalraven-ESG,DE,Deaths,0.128056421307284,2021-07-19,10
UMass-MechBayes,DE,Deaths,0.136619490351916,2021-07-19,10
UMass-MechBayes,PL,Deaths,0.153492074202924,2021-07-19,10
epiforecasts-EpiExpert,DE,Cases,0.10527981758007,2021-07-19,10
epiforecasts-EpiExpert,DE,Deaths,0.0753418636652908,2021-07-19,10
epiforecasts-EpiExpert,PL,Cases,0.162946618900315,2021-07-19,10
epiforecasts-EpiExpert,PL,Deaths,0.183970769790948,2021-07-19,10
epiforecasts-EpiExpert_Rt,DE,Cases,0.0812608840370917,2021-07-19,10
epiforecasts-EpiExpert_Rt,PL,Cases,0.0818657790893783,2021-07-19,10
epiforecasts-EpiExpert_Rt,PL,Deaths,0.0508431738180608,2021-07-19,10
epiforecasts-EpiExpert_direct,DE,Cases,0.109831591600361,2021-07-19,10
epiforecasts-EpiExpert_direct,PL,Cases,0.0986855430856953,2021-07-19,10
epiforecasts-EpiExpert_direct,PL,Deaths,0.0680357140498501,2021-07-19,10
epiforecasts-EpiNow2,DE,Deaths,0.0696845207197461,2021-07-19,10
epiforecasts-EpiNow2,PL,Cases,0.0809372202558569,2021-07-19,10
epiforecasts-EpiNow2,PL,Deaths,0.0804331097371022,2021-07-19,10
itwm-dSEIR,DE,Cases,0.0989820170913462,2021-07-19,10
CovidMetrics-epiBATS,DE,Cases,0.0834313669853741,2021-07-26,10
FIAS_FZJ-Epi1Ger,DE,Cases,0.076299777171271,2021-07-26,10
HZI-AgeExtendedSEIR,DE,Cases,0.100342665843856,2021-07-26,10
HZI-AgeExtendedSEIR,DE,Deaths,0.0783417228038101,2021-07-26,10
IEM_Health-CovidProject,PL,Cases,0.094858341926767,2021-07-26,10
ILM-EKF,DE,Deaths,0.0780898616445898,2021-07-26,10
ILM-EKF,PL,Cases,0.0584677564017584,2021-07-26,10
ILM-EKF,PL,Deaths,0.0906278285930791,2021-07-26,10
ITWW-county_repro,DE,Cases,0.143726991533847,2021-07-26,10
ITWW-county_repro,DE,Deaths,0.105742186986571,2021-07-26,10
ITWW-county_repro,PL,Cases,0.196735601787542,2021-07-26,10
ITWW-county_repro,PL,Deaths,0.0744292736297163,2021-07-26,10
Karlen-pypm,DE,Cases,0.0850640271511623,2021-07-26,10
Karlen-pypm,DE,Deaths,0.0900272808467589,2021-07-26,10
MIT_CovidAnalytics-DELPHI,DE,Deaths,0.0850928835513055,2021-07-26,10
MIT_CovidAnalytics-DELPHI,PL,Deaths,0.0656472867871537,2021-07-26,10
MOCOS-agent1,PL,Cases,0.10530259367042,2021-07-26,10
MOCOS-agent1,PL,Deaths,0.130027010461614,2021-07-26,10
MUNI-ARIMA,DE,Cases,0.0992946214136736,2021-07-26,10
MUNI-ARIMA,DE,Deaths,0.0752564134238391,2021-07-26,10
MUNI-ARIMA,PL,Deaths,0.050377878379055,2021-07-26,10
PL_GRedlarski-DistrictsSum,PL,Cases,0.1172024921012,2021-07-26,10
RobertWalraven-ESG,DE,Deaths,0.0917724878909615,2021-07-26,10
RobertWalraven-ESG,PL,Cases,0.0379392208741953,2021-07-26,10
UMass-MechBayes,DE,Deaths,0.0916856660101783,2021-07-26,10
UMass-MechBayes,PL,Deaths,0.172546957340278,2021-07-26,10
epiforecasts-EpiExpert,DE,Cases,0.105337658836535,2021-07-26,10
epiforecasts-EpiExpert,DE,Deaths,0.174223006555783,2021-07-26,10
epiforecasts-EpiExpert,PL,Cases,0.137468617049664,2021-07-26,10
epiforecasts-EpiExpert,PL,Deaths,0.143954169891054,2021-07-26,10
epiforecasts-EpiExpert_Rt,DE,Cases,0.0950647475834483,2021-07-26,10
epiforecasts-EpiExpert_Rt,PL,Cases,0.0934677499579077,2021-07-26,10
epiforecasts-EpiExpert_Rt,PL,Deaths,0.0734715696722556,2021-07-26,10
epiforecasts-EpiExpert_direct,DE,Cases,0.099291902811617,2021-07-26,10
epiforecasts-EpiExpert_direct,DE,Deaths,0.129768490286203,2021-07-26,10
epiforecasts-EpiExpert_direct,PL,Cases,0.076619815688558,2021-07-26,10
epiforecasts-EpiExpert_direct,PL,Deaths,0.0913426325989653,2021-07-26,10
epiforecasts-EpiNow2,PL,Cases,0.0819378105419876,2021-07-26,10
epiforecasts-EpiNow2,PL,Deaths,0.107575392646829,2021-07-26,10
itwm-dSEIR,DE,Cases,0.112146240669216,2021-07-26,10
CovidMetrics-epiBATS,DE,Cases,0.0770956579154325,2021-08-02,10
FIAS_FZJ-Epi1Ger,DE,Cases,0.0917539700592867,2021-08-02,10
HZI-AgeExtendedSEIR,DE,Cases,0.0842979331876875,2021-08-02,10
HZI-AgeExtendedSEIR,DE,Deaths,0.0825837443728688,2021-08-02,10
IEM_Health-CovidProject,DE,Deaths,0.092657995263694,2021-08-02,10
IEM_Health-CovidProject,PL,Cases,0.0579564632808813,2021-08-02,10
IEM_Health-CovidProject,PL,Deaths,0.0654586862008481,2021-08-02,10
ILM-EKF,DE,Cases,0.0590949158308649,2021-08-02,10
ILM-EKF,PL,Cases,0.0409223871519644,2021-08-02,10
ILM-EKF,PL,Deaths,0.110348050832673,2021-08-02,10
ITWW-county_repro,DE,Cases,0.122232400983257,2021-08-02,10
ITWW-county_repro,DE,Deaths,0.135883575522208,2021-08-02,10
ITWW-county_repro,PL,Cases,0.194988246604598,2021-08-02,10
MIT_CovidAnalytics-DELPHI,DE,Deaths,0.0879904380715635,2021-08-02,10
MIT_CovidAnalytics-DELPHI,PL,Deaths,0.0840473536688058,2021-08-02,10
MOCOS-agent1,PL,Cases,0.0925880664315472,2021-08-02,10
MOCOS-agent1,PL,Deaths,0.136381206694806,2021-08-02,10
MUNI-ARIMA,DE,Cases,0.0839264064472189,2021-08-02,10
MUNI-ARIMA,DE,Deaths,0.0799857594772752,2021-08-02,10
MUNI-ARIMA,PL,Deaths,0.056803316811218,2021-08-02,10
PL_GRedlarski-DistrictsSum,PL,Cases,0.0745106851652987,2021-08-02,10
RobertWalraven-ESG,DE,Deaths,0.0889713489584968,2021-08-02,10
RobertWalraven-ESG,PL,Cases,0.0368188303144173,2021-08-02,10
UMass-MechBayes,DE,Deaths,0.0805792460575272,2021-08-02,10
UMass-MechBayes,PL,Deaths,0.188304394805554,2021-08-02,10
epiforecasts-EpiExpert,DE,Cases,0.128047831107261,2021-08-02,10
epiforecasts-EpiExpert,DE,Deaths,0.142714902191208,2021-08-02,10
epiforecasts-EpiExpert,PL,Cases,0.170850099622844,2021-08-02,10
epiforecasts-EpiExpert,PL,Deaths,0.108832078575296,2021-08-02,10
epiforecasts-EpiExpert_Rt,DE,Cases,0.150547414293493,2021-08-02,10
epiforecasts-EpiExpert_Rt,PL,Cases,0.210141169826756,2021-08-02,10
epiforecasts-EpiExpert_Rt,PL,Deaths,0.0941478916784511,2021-08-02,10
epiforecasts-EpiExpert_direct,DE,Cases,0.102251773665346,2021-08-02,10
epiforecasts-EpiExpert_direct,DE,Deaths,0.128081548492817,2021-08-02,10
epiforecasts-EpiExpert_direct,PL,Cases,0.0378352638676913,2021-08-02,10
epiforecasts-EpiExpert_direct,PL,Deaths,0.0579915820116062,2021-08-02,10
epiforecasts-EpiNow2,PL,Cases,0.0833887877340025,2021-08-02,10
epiforecasts-EpiNow2,PL,Deaths,0.0976854387207408,2021-08-02,10
itwm-dSEIR,DE,Cases,0.100751696510152,2021-08-02,10
itwm-dSEIR,DE,Deaths,0.0805514415923421,2021-08-02,10
CovidMetrics-epiBATS,DE,Cases,0.0766658168083667,2021-08-09,10
FIAS_FZJ-Epi1Ger,DE,Cases,0.11330187872357,2021-08-09,10
HZI-AgeExtendedSEIR,DE,Cases,0.0898460880432129,2021-08-09,10
HZI-AgeExtendedSEIR,DE,Deaths,0.0976751609755968,2021-08-09,10
ICM-agentModel,PL,Deaths,0.0561654579178333,2021-08-09,10
IEM_Health-CovidProject,DE,Cases,0.0645162045851468,2021-08-09,10
IEM_Health-CovidProject,DE,Deaths,0.120438684889675,2021-08-09,10
IEM_Health-CovidProject,PL,Cases,0.0606306674837293,2021-08-09,10
IEM_Health-CovidProject,PL,Deaths,0.0825240241248557,2021-08-09,10
ILM-EKF,PL,Cases,0.0414827195267382,2021-08-09,10
ILM-EKF,PL,Deaths,0.117005395909072,2021-08-09,10
ITWW-county_repro,DE,Cases,0.108048325042142,2021-08-09,10
ITWW-county_repro,DE,Deaths,0.0848597438876002,2021-08-09,10
ITWW-county_repro,PL,Cases,0.191646646277229,2021-08-09,10
Karlen-pypm,PL,Cases,0.0604087070580809,2021-08-09,10
Karlen-pypm,PL,Deaths,0.0660900007327329,2021-08-09,10
MIT_CovidAnalytics-DELPHI,DE,Deaths,0.110735404672176,2021-08-09,10
MIT_CovidAnalytics-DELPHI,PL,Deaths,0.108053343966802,2021-08-09,10
MOCOS-agent1,PL,Cases,0.0917724982799033,2021-08-09,10
MOCOS-agent1,PL,Deaths,0.142368399118519,2021-08-09,10
MUNI-ARIMA,DE,Cases,0.0889025151057632,2021-08-09,10
MUNI-ARIMA,DE,Deaths,0.0825599339137287,2021-08-09,10
PL_GRedlarski-DistrictsSum,PL,Cases,0.0884323585276641,2021-08-09,10
RobertWalraven-ESG,DE,Deaths,0.115761438336974,2021-08-09,10
RobertWalraven-ESG,PL,Cases,0.0413341668791466,2021-08-09,10
UMass-MechBayes,DE,Deaths,0.11326667621295,2021-08-09,10
UMass-MechBayes,PL,Deaths,0.171190842253272,2021-08-09,10
epiforecasts-EpiExpert,DE,Cases,0.120143732627084,2021-08-09,10
epiforecasts-EpiExpert,DE,Deaths,0.0760417354476728,2021-08-09,10
epiforecasts-EpiExpert,PL,Cases,0.149150447267814,2021-08-09,10
epiforecasts-EpiExpert,PL,Deaths,0.100148056440022,2021-08-09,10
epiforecasts-EpiExpert_Rt,DE,Cases,0.0915955002743006,2021-08-09,10
epiforecasts-EpiExpert_Rt,PL,Cases,0.190514944200816,2021-08-09,10
epiforecasts-EpiExpert_Rt,PL,Deaths,0.0789200554896968,2021-08-09,10
epiforecasts-EpiExpert_direct,DE,Cases,0.125456242556271,2021-08-09,10
epiforecasts-EpiExpert_direct,DE,Deaths,0.102673637049386,2021-08-09,10
epiforecasts-EpiNow2,PL,Cases,0.0846268444988791,2021-08-09,10
epiforecasts-EpiNow2,PL,Deaths,0.077534424047195,2021-08-09,10
itwm-dSEIR,DE,Cases,0.121523696234143,2021-08-09,10
itwm-dSEIR,DE,Deaths,0.0959875846142408,2021-08-09,10
CovidMetrics-epiBATS,DE,Cases,0.074176513685777,2021-08-16,10
FIAS_FZJ-Epi1Ger,DE,Cases,0.136291339801358,2021-08-16,10
HZI-AgeExtendedSEIR,DE,Cases,0.0868452607188968,2021-08-16,10
HZI-AgeExtendedSEIR,DE,Deaths,0.133717746172328,2021-08-16,10
ICM-agentModel,PL,Deaths,0.0492021334816323,2021-08-16,10
IEM_Health-CovidProject,DE,Cases,0.0984402688853252,2021-08-16,10
IEM_Health-CovidProject,DE,Deaths,0.132110634164601,2021-08-16,10
IEM_Health-CovidProject,PL,Cases,0.0783273396219467,2021-08-16,10
IEM_Health-CovidProject,PL,Deaths,0.107803196841328,2021-08-16,10
ILM-EKF,PL,Cases,0.0441348455589823,2021-08-16,10
ILM-EKF,PL,Deaths,0.114429854716684,2021-08-16,10
ITWW-county_repro,DE,Cases,0.0859172861814765,2021-08-16,10
ITWW-county_repro,DE,Deaths,0.0546397285098971,2021-08-16,10
ITWW-county_repro,PL,Cases,0.144962324668002,2021-08-16,10
Karlen-pypm,DE,Deaths,0.0390673075207107,2021-08-16,10
Karlen-pypm,PL,Cases,0.165195041718586,2021-08-16,10
Karlen-pypm,PL,Deaths,0.108238159305105,2021-08-16,10
MIT_CovidAnalytics-DELPHI,DE,Deaths,0.155073036170215,2021-08-16,10
MIT_CovidAnalytics-DELPHI,PL,Deaths,0.156663361710235,2021-08-16,10
MOCOS-agent1,PL,Cases,0.136114676433378,2021-08-16,10
MOCOS-agent1,PL,Deaths,0.171480832599789,2021-08-16,10
MUNI-ARIMA,DE,Cases,0.100337150692375,2021-08-16,10
MUNI-ARIMA,DE,Deaths,0.0972524918151922,2021-08-16,10
MUNI-ARIMA,PL,Deaths,0.0686699417429112,2021-08-16,10
PL_GRedlarski-DistrictsSum,PL,Cases,0.100320611895636,2021-08-16,10
RobertWalraven-ESG,DE,Deaths,0.180945199888539,2021-08-16,10
RobertWalraven-ESG,PL,Cases,0.0395998845120082,2021-08-16,10
epiforecasts-EpiExpert,DE,Cases,0.0867601329055065,2021-08-16,10
epiforecasts-EpiExpert,DE,Deaths,0.0455640922560733,2021-08-16,10
epiforecasts-EpiExpert,PL,Cases,0.130239826989952,2021-08-16,10
epiforecasts-EpiExpert,PL,Deaths,0.0761536805718468,2021-08-16,10
epiforecasts-EpiExpert_Rt,DE,Cases,0.088306494843145,2021-08-16,10
epiforecasts-EpiExpert_direct,DE,Cases,0.0901043382408633,2021-08-16,10
epiforecasts-EpiExpert_direct,DE,Deaths,0.0885767908092222,2021-08-16,10
epiforecasts-EpiExpert_direct,PL,Cases,0.0509440616670173,2021-08-16,10
epiforecasts-EpiExpert_direct,PL,Deaths,0.0993928984832471,2021-08-16,10
epiforecasts-EpiNow2,PL,Cases,0.110161386934492,2021-08-16,10
epiforecasts-EpiNow2,PL,Deaths,0.0479659405472233,2021-08-16,10
itwm-dSEIR,DE,Cases,0.152821214045277,2021-08-16,10
itwm-dSEIR,DE,Deaths,0.0730529726932216,2021-08-16,10
FIAS_FZJ-Epi1Ger,DE,Cases,0.116981477799936,2021-08-23,10
HZI-AgeExtendedSEIR,DE,Cases,0.110040185781309,2021-08-23,10
HZI-AgeExtendedSEIR,DE,Deaths,0.145144130439501,2021-08-23,10
IEM_Health-CovidProject,DE,Cases,0.0624807979594607,2021-08-23,10
IEM_Health-CovidProject,DE,Deaths,0.123720775742198,2021-08-23,10
IEM_Health-CovidProject,PL,Cases,0.124087329478528,2021-08-23,10
IEM_Health-CovidProject,PL,Deaths,0.228099849966031,2021-08-23,10
ILM-EKF,PL,Cases,0.0571608529146967,2021-08-23,10
ILM-EKF,PL,Deaths,0.109126113287793,2021-08-23,10
ITWW-county_repro,DE,Cases,0.112623651273113,2021-08-23,10
ITWW-county_repro,DE,Deaths,0.0531218020302577,2021-08-23,10
ITWW-county_repro,PL,Cases,0.0916377189801383,2021-08-23,10
ITWW-county_repro,PL,Deaths,0.0529316923905204,2021-08-23,10
Karlen-pypm,DE,Cases,0.0957905999793424,2021-08-23,10
Karlen-pypm,DE,Deaths,0.0400644878233011,2021-08-23,10
Karlen-pypm,PL,Cases,0.166303756454888,2021-08-23,10
Karlen-pypm,PL,Deaths,0.114047043770278,2021-08-23,10
MIT_CovidAnalytics-DELPHI,DE,Deaths,0.186276013643133,2021-08-23,10
MOCOS-agent1,PL,Cases,0.101799212548163,2021-08-23,10
MOCOS-agent1,PL,Deaths,0.199486889477699,2021-08-23,10
MUNI-ARIMA,DE,Cases,0.0861318020792661,2021-08-23,10
MUNI-ARIMA,DE,Deaths,0.106518694124013,2021-08-23,10
MUNI-ARIMA,PL,Deaths,0.0712930791404712,2021-08-23,10
PL_GRedlarski-DistrictsSum,PL,Cases,0.122386518347784,2021-08-23,10
RobertWalraven-ESG,DE,Deaths,0.198411170642236,2021-08-23,10
RobertWalraven-ESG,PL,Cases,0.0374019290052088,2021-08-23,10
RobertWalraven-ESG,PL,Deaths,0.0490935931750076,2021-08-23,10
epiforecasts-EpiExpert,DE,Cases,0.104285725167234,2021-08-23,10
epiforecasts-EpiExpert,DE,Deaths,0.0305748871271274,2021-08-23,10
epiforecasts-EpiExpert,PL,Cases,0.129586662837262,2021-08-23,10
epiforecasts-EpiExpert,PL,Deaths,0.0851222675812124,2021-08-23,10
epiforecasts-EpiExpert_Rt,DE,Cases,0.0882357018048975,2021-08-23,10
epiforecasts-EpiExpert_Rt,PL,Cases,0.0894221399951046,2021-08-23,10
epiforecasts-EpiExpert_Rt,PL,Deaths,0.0398470194259876,2021-08-23,10
epiforecasts-EpiExpert_direct,DE,Cases,0.134567529305408,2021-08-23,10
epiforecasts-EpiExpert_direct,DE,Deaths,0.0724606816365817,2021-08-23,10
epiforecasts-EpiNow2,PL,Cases,0.0802138794382266,2021-08-23,10
epiforecasts-EpiNow2,PL,Deaths,0.0509524517849991,2021-08-23,10
itwm-dSEIR,DE,Cases,0.0888625288500329,2021-08-23,10
itwm-dSEIR,DE,Deaths,0.0437073567916512,2021-08-23,10
FIAS_FZJ-Epi1Ger,DE,Cases,0.0873776427248513,2021-08-30,10
FIAS_FZJ-Epi1Ger,DE,Deaths,0.0363150261083703,2021-08-30,10
HZI-AgeExtendedSEIR,DE,Cases,0.115115765308294,2021-08-30,10
HZI-AgeExtendedSEIR,DE,Deaths,0.148727610501517,2021-08-30,10
IEM_Health-CovidProject,DE,Deaths,0.0888004845392108,2021-08-30,10
IEM_Health-CovidProject,PL,Cases,0.194928483360608,2021-08-30,10
IEM_Health-CovidProject,PL,Deaths,0.216954731138225,2021-08-30,10
ILM-EKF,PL,Cases,0.100682292552039,2021-08-30,10
ILM-EKF,PL,Deaths,0.093604160328162,2021-08-30,10
ITWW-county_repro,DE,Cases,0.101444954342512,2021-08-30,10
ITWW-county_repro,DE,Deaths,0.0634165179733285,2021-08-30,10
ITWW-county_repro,PL,Cases,0.0969647659038004,2021-08-30,10
ITWW-county_repro,PL,Deaths,0.0937363537837093,2021-08-30,10
Karlen-pypm,DE,Cases,0.101760678996559,2021-08-30,10
Karlen-pypm,DE,Deaths,0.0449814620994598,2021-08-30,10
Karlen-pypm,PL,Cases,0.1829493201856,2021-08-30,10
Karlen-pypm,PL,Deaths,0.11240489214824,2021-08-30,10
MIT_CovidAnalytics-DELPHI,DE,Deaths,0.153213188946125,2021-08-30,10
MIT_CovidAnalytics-DELPHI,PL,Deaths,0.143043366930743,2021-08-30,10
MOCOS-agent1,PL,Cases,0.102384757547464,2021-08-30,10
MOCOS-agent1,PL,Deaths,0.15007815833505,2021-08-30,10
MUNI-ARIMA,DE,Cases,0.102534727385412,2021-08-30,10
MUNI-ARIMA,DE,Deaths,0.100767738007273,2021-08-30,10
MUNI-ARIMA,PL,Cases,0.0257107978532636,2021-08-30,10
MUNI-ARIMA,PL,Deaths,0.0607340685842675,2021-08-30,10
PL_GRedlarski-DistrictsSum,PL,Cases,0.166127364452814,2021-08-30,10
RobertWalraven-ESG,DE,Deaths,0.178125942929101,2021-08-30,10
RobertWalraven-ESG,PL,Cases,0.0503444606503396,2021-08-30,10
RobertWalraven-ESG,PL,Deaths,0.0749376182238138,2021-08-30,10
UNIPV-BayesINGARCHX,DE,Cases,0.090278726854701,2021-08-30,10
epiforecasts-EpiExpert,DE,Cases,0.106364743349103,2021-08-30,10
epiforecasts-EpiExpert,DE,Deaths,0.0301128266256369,2021-08-30,10
epiforecasts-EpiExpert_Rt,DE,Cases,0.0921051050226586,2021-08-30,10
epiforecasts-EpiExpert_direct,DE,Cases,0.125307221458706,2021-08-30,10
epiforecasts-EpiExpert_direct,DE,Deaths,0.155539202269977,2021-08-30,10
epiforecasts-EpiNow2,PL,Cases,0.0799077574940715,2021-08-30,10
epiforecasts-EpiNow2,PL,Deaths,0.0545066505277897,2021-08-30,10
itwm-dSEIR,DE,Cases,0.0777104345572037,2021-08-30,10
CovidMetrics-epiBATS,DE,Cases,0.0928643118240815,2021-09-06,10
FIAS_FZJ-Epi1Ger,DE,Deaths,0.0444001257201778,2021-09-06,10
HZI-AgeExtendedSEIR,DE,Cases,0.106868877455238,2021-09-06,10
HZI-AgeExtendedSEIR,DE,Deaths,0.155700372014391,2021-09-06,10
IEM_Health-CovidProject,DE,Cases,0.111043878157703,2021-09-06,10
IEM_Health-CovidProject,DE,Deaths,0.0909337696527387,2021-09-06,10
IEM_Health-CovidProject,PL,Cases,0.167621048163091,2021-09-06,10
IEM_Health-CovidProject,PL,Deaths,0.111204014589836,2021-09-06,10
ILM-EKF,DE,Cases,0.0978239060436365,2021-09-06,10
ILM-EKF,DE,Deaths,0.0846310956850429,2021-09-06,10
ILM-EKF,PL,Cases,0.102244669755739,2021-09-06,10
ILM-EKF,PL,Deaths,0.103404265530324,2021-09-06,10
ITWW-county_repro,DE,Cases,0.0881379170180575,2021-09-06,10
ITWW-county_repro,DE,Deaths,0.107208684186711,2021-09-06,10
ITWW-county_repro,PL,Cases,0.12236593033115,2021-09-06,10
ITWW-county_repro,PL,Deaths,0.157292096867348,2021-09-06,10
Karlen-pypm,DE,Cases,0.0819047844115955,2021-09-06,10
Karlen-pypm,DE,Deaths,0.0872402838889217,2021-09-06,10
Karlen-pypm,PL,Cases,0.177900076751199,2021-09-06,10
Karlen-pypm,PL,Deaths,0.160077825236818,2021-09-06,10
MIT_CovidAnalytics-DELPHI,DE,Deaths,0.100078198346648,2021-09-06,10
MIT_CovidAnalytics-DELPHI,PL,Deaths,0.0767153840588372,2021-09-06,10
MOCOS-agent1,PL,Cases,0.0943569061566346,2021-09-06,10
MOCOS-agent1,PL,Deaths,0.13511813141538,2021-09-06,10
MUNI-ARIMA,DE,Cases,0.140713585256186,2021-09-06,10
MUNI-ARIMA,DE,Deaths,0.130521612921628,2021-09-06,10
MUNI-ARIMA,PL,Cases,0.0272570296073235,2021-09-06,10
MUNI-ARIMA,PL,Deaths,0.054597654876003,2021-09-06,10
PL_GRedlarski-DistrictsSum,PL,Cases,0.129186226869357,2021-09-06,10
RobertWalraven-ESG,DE,Deaths,0.158680295272874,2021-09-06,10
RobertWalraven-ESG,PL,Cases,0.0504921278741425,2021-09-06,10
RobertWalraven-ESG,PL,Deaths,0.0844153948955003,2021-09-06,10
UNIPV-BayesINGARCHX,DE,Cases,0.127105628161907,2021-09-06,10
epiforecasts-EpiNow2,DE,Cases,0.0797676553770735,2021-09-06,10
epiforecasts-EpiNow2,PL,Cases,0.128575984491363,2021-09-06,10
epiforecasts-EpiNow2,PL,Deaths,0.117175232529953,2021-09-06,10
itwm-dSEIR,DE,Cases,0.0737694562945218,2021-09-06,10
itwm-dSEIR,DE,Deaths,0.0406055623108663,2021-09-06,10
CovidMetrics-epiBATS,DE,Cases,0.144949137719949,2021-09-13,10
HZI-AgeExtendedSEIR,DE,Cases,0.0580848147063369,2021-09-13,10
HZI-AgeExtendedSEIR,DE,Deaths,0.144167808442758,2021-09-13,10
IEM_Health-CovidProject,DE,Cases,0.109988056475724,2021-09-13,10
IEM_Health-CovidProject,DE,Deaths,0.0654408891875539,2021-09-13,10
IEM_Health-CovidProject,PL,Cases,0.115757612906641,2021-09-13,10
IEM_Health-CovidProject,PL,Deaths,0.0751990622608968,2021-09-13,10
ILM-EKF,DE,Cases,0.0644228958950493,2021-09-13,10
ILM-EKF,DE,Deaths,0.099828303095534,2021-09-13,10
ILM-EKF,PL,Cases,0.104371867490526,2021-09-13,10
ILM-EKF,PL,Deaths,0.115623633820189,2021-09-13,10
ITWW-county_repro,DE,Deaths,0.13736217967849,2021-09-13,10
ITWW-county_repro,PL,Cases,0.164247971441522,2021-09-13,10
ITWW-county_repro,PL,Deaths,0.162332647189334,2021-09-13,10
Karlen-pypm,DE,Deaths,0.0819583834496301,2021-09-13,10
Karlen-pypm,PL,Cases,0.158236305577395,2021-09-13,10
Karlen-pypm,PL,Deaths,0.119905914983031,2021-09-13,10
MIT_CovidAnalytics-DELPHI,DE,Cases,0.0653024900773803,2021-09-13,10
MIT_CovidAnalytics-DELPHI,DE,Deaths,0.073217164831027,2021-09-13,10
MIT_CovidAnalytics-DELPHI,PL,Cases,0.0426665244275982,2021-09-13,10
MIT_CovidAnalytics-DELPHI,PL,Deaths,0.0516367402675486,2021-09-13,10
MOCOS-agent1,PL,Cases,0.140544254767281,2021-09-13,10
MOCOS-agent1,PL,Deaths,0.176329846038663,2021-09-13,10
MUNI-ARIMA,DE,Cases,0.161718196852067,2021-09-13,10
MUNI-ARIMA,DE,Deaths,0.107096122869544,2021-09-13,10
MUNI-ARIMA,PL,Cases,0.0346961964760636,2021-09-13,10
MUNI-ARIMA,PL,Deaths,0.063804529547105,2021-09-13,10
PL_GRedlarski-DistrictsSum,PL,Cases,0.0775378075075747,2021-09-13,10
RobertWalraven-ESG,DE,Cases,0.0736189186549758,2021-09-13,10
RobertWalraven-ESG,DE,Deaths,0.137134952386755,2021-09-13,10
RobertWalraven-ESG,PL,Cases,0.0538716988128607,2021-09-13,10
RobertWalraven-ESG,PL,Deaths,0.0891159780461909,2021-09-13,10
UNIPV-BayesINGARCHX,DE,Cases,0.199493995914146,2021-09-13,10
epiforecasts-EpiExpert_direct,DE,Cases,0.0695857252222583,2021-09-13,10
epiforecasts-EpiExpert_direct,DE,Deaths,0.100996745031653,2021-09-13,10
epiforecasts-EpiNow2,DE,Cases,0.0528357684821142,2021-09-13,10
epiforecasts-EpiNow2,PL,Cases,0.108069760592537,2021-09-13,10
epiforecasts-EpiNow2,PL,Deaths,0.146051647847042,2021-09-13,10
itwm-dSEIR,DE,Deaths,0.0527974510270563,2021-09-13,10
CovidMetrics-epiBATS,DE,Cases,0.284439110679043,2021-09-20,10
HZI-AgeExtendedSEIR,DE,Cases,0.0375234888361262,2021-09-20,10
HZI-AgeExtendedSEIR,DE,Deaths,0.149632440458236,2021-09-20,10
IEM_Health-CovidProject,DE,Cases,0.0571550224322349,2021-09-20,10
IEM_Health-CovidProject,DE,Deaths,0.0783700278491449,2021-09-20,10
IEM_Health-CovidProject,PL,Cases,0.0976841532348529,2021-09-20,10
IEM_Health-CovidProject,PL,Deaths,0.0768915551832959,2021-09-20,10
ILM-EKF,DE,Deaths,0.0738889894580929,2021-09-20,10
ILM-EKF,PL,Cases,0.124161424073197,2021-09-20,10
ILM-EKF,PL,Deaths,0.119190663066974,2021-09-20,10
ITWW-county_repro,DE,Deaths,0.121653029571089,2021-09-20,10
ITWW-county_repro,PL,Cases,0.165897992276958,2021-09-20,10
ITWW-county_repro,PL,Deaths,0.134559179261723,2021-09-20,10
Karlen-pypm,DE,Deaths,0.0845811261010831,2021-09-20,10
Karlen-pypm,PL,Cases,0.145174909462681,2021-09-20,10
Karlen-pypm,PL,Deaths,0.101409866269421,2021-09-20,10
MIT_CovidAnalytics-DELPHI,DE,Cases,0.133664598696247,2021-09-20,10
MIT_CovidAnalytics-DELPHI,PL,Cases,0.0356734339045354,2021-09-20,10
MIT_CovidAnalytics-DELPHI,PL,Deaths,0.0504940529078648,2021-09-20,10
MOCOS-agent1,PL,Cases,0.150954207441323,2021-09-20,10
MOCOS-agent1,PL,Deaths,0.166339642030448,2021-09-20,10
MUNI-ARIMA,DE,Cases,0.111438911541129,2021-09-20,10
MUNI-ARIMA,DE,Deaths,0.10327530930286,2021-09-20,10
MUNI-ARIMA,PL,Cases,0.0569544342435185,2021-09-20,10
MUNI-ARIMA,PL,Deaths,0.0597533202696833,2021-09-20,10
PL_GRedlarski-DistrictsSum,PL,Cases,0.0588809669941483,2021-09-20,10
RobertWalraven-ESG,DE,Cases,0.118308721057913,2021-09-20,10
RobertWalraven-ESG,DE,Deaths,0.100543666612378,2021-09-20,10
RobertWalraven-ESG,PL,Cases,0.065739325141465,2021-09-20,10
RobertWalraven-ESG,PL,Deaths,0.0985411585099924,2021-09-20,10
UMass-MechBayes,DE,Deaths,0.0814223551620191,2021-09-20,10
UMass-MechBayes,PL,Deaths,0.0609814329495548,2021-09-20,10
UNIPV-BayesINGARCHX,DE,Cases,0.11606346703058,2021-09-20,10
epiforecasts-EpiExpert_direct,DE,Cases,0.0406090003575249,2021-09-20,10
epiforecasts-EpiExpert_direct,DE,Deaths,0.112720580690916,2021-09-20,10
epiforecasts-EpiNow2,DE,Cases,0.0544946093267228,2021-09-20,10
epiforecasts-EpiNow2,PL,Cases,0.0988791532273204,2021-09-20,10
epiforecasts-EpiNow2,PL,Deaths,0.131839129551044,2021-09-20,10
itwm-dSEIR,DE,Cases,0.0463030700424792,2021-09-20,10
itwm-dSEIR,DE,Deaths,0.0939124747941812,2021-09-20,10
CovidMetrics-epiBATS,DE,Cases,0.250896651852931,2021-09-27,10
HZI-AgeExtendedSEIR,DE,Cases,0.0554347106598632,2021-09-27,10
HZI-AgeExtendedSEIR,DE,Deaths,0.119137488648399,2021-09-27,10
ICM-agentModel,PL,Deaths,0.0529707556693976,2021-09-27,10
IEM_Health-CovidProject,DE,Cases,0.0366805715567881,2021-09-27,10
IEM_Health-CovidProject,DE,Deaths,0.0930258545592307,2021-09-27,10
IEM_Health-CovidProject,PL,Cases,0.105743581510306,2021-09-27,10
IEM_Health-CovidProject,PL,Deaths,0.0930760602350682,2021-09-27,10
ILM-EKF,DE,Cases,0.0433235820052055,2021-09-27,10
ILM-EKF,DE,Deaths,0.0801361170213073,2021-09-27,10
ILM-EKF,PL,Cases,0.130946638198367,2021-09-27,10
ILM-EKF,PL,Deaths,0.105554733996016,2021-09-27,10
ITWW-county_repro,DE,Cases,0.0330843708467593,2021-09-27,10
ITWW-county_repro,DE,Deaths,0.105809337604518,2021-09-27,10
ITWW-county_repro,PL,Cases,0.146254039975997,2021-09-27,10
ITWW-county_repro,PL,Deaths,0.143538569155291,2021-09-27,10
Karlen-pypm,DE,Deaths,0.0854541273030263,2021-09-27,10
Karlen-pypm,PL,Cases,0.135861538440697,2021-09-27,10
Karlen-pypm,PL,Deaths,0.0980078446459654,2021-09-27,10
MIT_CovidAnalytics-DELPHI,DE,Cases,0.243389892652197,2021-09-27,10
MIT_CovidAnalytics-DELPHI,PL,Cases,0.0476550515992461,2021-09-27,10
MOCOS-agent1,PL,Cases,0.131560143044407,2021-09-27,10
MOCOS-agent1,PL,Deaths,0.135905152448127,2021-09-27,10
MUNI-ARIMA,DE,Cases,0.0644971104459976,2021-09-27,10
MUNI-ARIMA,DE,Deaths,0.0985188696937716,2021-09-27,10
MUNI-ARIMA,PL,Cases,0.068019637075454,2021-09-27,10
MUNI-ARIMA,PL,Deaths,0.0551730939836821,2021-09-27,10
PL_GRedlarski-DistrictsSum,PL,Cases,0.0603337808539092,2021-09-27,10
RobertWalraven-ESG,DE,Cases,0.100156537491206,2021-09-27,10
RobertWalraven-ESG,DE,Deaths,0.105713458227692,2021-09-27,10
RobertWalraven-ESG,PL,Cases,0.0761934084055832,2021-09-27,10
RobertWalraven-ESG,PL,Deaths,0.105607203928078,2021-09-27,10
UMass-MechBayes,DE,Deaths,0.135636510222588,2021-09-27,10
UMass-MechBayes,PL,Deaths,0.0850700161271239,2021-09-27,10
epiforecasts-EpiNow2,DE,Cases,0.0685461009931847,2021-09-27,10
epiforecasts-EpiNow2,DE,Deaths,0.0975894441058339,2021-09-27,10
epiforecasts-EpiNow2,PL,Cases,0.0974321808960332,2021-09-27,10
epiforecasts-EpiNow2,PL,Deaths,0.125096569811251,2021-09-27,10
itwm-dSEIR,DE,Cases,0.103990471495867,2021-09-27,10
itwm-dSEIR,DE,Deaths,0.0789787926136331,2021-09-27,10
CovidMetrics-epiBATS,DE,Cases,0.197388977435286,2021-10-04,10
FIAS_FZJ-Epi1Ger,DE,Cases,0.0476667036307653,2021-10-04,10
FIAS_FZJ-Epi1Ger,DE,Deaths,0.0863169545620225,2021-10-04,10
HZI-AgeExtendedSEIR,DE,Cases,0.100395475058163,2021-10-04,10
HZI-AgeExtendedSEIR,DE,Deaths,0.120312081847412,2021-10-04,10
ICM-agentModel,PL,Deaths,0.0533885480017186,2021-10-04,10
IEM_Health-CovidProject,DE,Deaths,0.115629295567141,2021-10-04,10
IEM_Health-CovidProject,PL,Cases,0.158677169003888,2021-10-04,10
IEM_Health-CovidProject,PL,Deaths,0.099719701767036,2021-10-04,10
ILM-EKF,DE,Cases,0.0751561921223509,2021-10-04,10
ILM-EKF,DE,Deaths,0.0917568769823675,2021-10-04,10
ILM-EKF,PL,Cases,0.131917686580586,2021-10-04,10
ILM-EKF,PL,Deaths,0.0739846643991173,2021-10-04,10
ITWW-county_repro,DE,Cases,0.0477775507778169,2021-10-04,10
ITWW-county_repro,DE,Deaths,0.0863667619485525,2021-10-04,10
ITWW-county_repro,PL,Cases,0.143350680437226,2021-10-04,10
ITWW-county_repro,PL,Deaths,0.228006016927937,2021-10-04,10
Karlen-pypm,DE,Deaths,0.0861573058338343,2021-10-04,10
Karlen-pypm,PL,Cases,0.172553808448438,2021-10-04,10
Karlen-pypm,PL,Deaths,0.114355031764138,2021-10-04,10
MIT_CovidAnalytics-DELPHI,DE,Cases,0.158946530966129,2021-10-04,10
MIT_CovidAnalytics-DELPHI,PL,Cases,0.047224877078348,2021-10-04,10
MOCOS-agent1,PL,Cases,0.0797755343371356,2021-10-04,10
MOCOS-agent1,PL,Deaths,0.124251393565197,2021-10-04,10
MUNI-ARIMA,DE,Cases,0.0717848493907143,2021-10-04,10
MUNI-ARIMA,DE,Deaths,0.0916651799848001,2021-10-04,10
MUNI-ARIMA,PL,Cases,0.0658301783296092,2021-10-04,10
MUNI-ARIMA,PL,Deaths,0.0406767805667933,2021-10-04,10
PL_GRedlarski-DistrictsSum,PL,Cases,0.0538763722743185,2021-10-04,10
RobertWalraven-ESG,DE,Cases,0.0778106323500969,2021-10-04,10
RobertWalraven-ESG,DE,Deaths,0.116629490803075,2021-10-04,10
RobertWalraven-ESG,PL,Cases,0.0816109877487677,2021-10-04,10
RobertWalraven-ESG,PL,Deaths,0.0834943074449499,2021-10-04,10
UMass-MechBayes,DE,Deaths,0.116607033013079,2021-10-04,10
UMass-MechBayes,PL,Deaths,0.0805093975352867,2021-10-04,10
epiforecasts-EpiNow2,DE,Cases,0.0618517687717721,2021-10-04,10
epiforecasts-EpiNow2,DE,Deaths,0.0885590194577165,2021-10-04,10
epiforecasts-EpiNow2,PL,Cases,0.0651827057616828,2021-10-04,10
epiforecasts-EpiNow2,PL,Deaths,0.101614158027826,2021-10-04,10
itwm-dSEIR,DE,Cases,0.161221319496905,2021-10-04,10
CovidMetrics-epiBATS,DE,Cases,0.132144395566106,2021-10-11,10
HZI-AgeExtendedSEIR,DE,Cases,0.119929059395813,2021-10-11,10
HZI-AgeExtendedSEIR,DE,Deaths,0.115899744981387,2021-10-11,10
ICM-agentModel,PL,Deaths,0.0588472050222599,2021-10-11,10
IEM_Health-CovidProject,DE,Deaths,0.111942743785335,2021-10-11,10
IEM_Health-CovidProject,PL,Cases,0.1367529282482,2021-10-11,10
IEM_Health-CovidProject,PL,Deaths,0.0850720381526461,2021-10-11,10
ILM-EKF,DE,Cases,0.110596027007699,2021-10-11,10
ILM-EKF,DE,Deaths,0.0969186557849924,2021-10-11,10
ILM-EKF,PL,Cases,0.127609018948581,2021-10-11,10
ILM-EKF,PL,Deaths,0.0841978269969699,2021-10-11,10
ITWW-county_repro,DE,Cases,0.0674101585024087,2021-10-11,10
ITWW-county_repro,DE,Deaths,0.0718673402560133,2021-10-11,10
ITWW-county_repro,PL,Cases,0.141041580363904,2021-10-11,10
ITWW-county_repro,PL,Deaths,0.158393620761469,2021-10-11,10
Karlen-pypm,DE,Cases,0.129554323284337,2021-10-11,10
Karlen-pypm,DE,Deaths,0.0826893850498546,2021-10-11,10
Karlen-pypm,PL,Cases,0.17268128614091,2021-10-11,10
Karlen-pypm,PL,Deaths,0.140098317322258,2021-10-11,10
MIT_CovidAnalytics-DELPHI,DE,Cases,0.0678968739790138,2021-10-11,10
MIT_CovidAnalytics-DELPHI,DE,Deaths,0.102816166752567,2021-10-11,10
MIT_CovidAnalytics-DELPHI,PL,Cases,0.0588250010017727,2021-10-11,10
MOCOS-agent1,PL,Cases,0.0686177670682645,2021-10-11,10
MOCOS-agent1,PL,Deaths,0.114734293498795,2021-10-11,10
MUNI-ARIMA,DE,Cases,0.108078372662528,2021-10-11,10
MUNI-ARIMA,DE,Deaths,0.0730067709539911,2021-10-11,10
MUNI-ARIMA,PL,Cases,0.0669096253362712,2021-10-11,10
MUNI-ARIMA,PL,Deaths,0.0573561457889395,2021-10-11,10
PL_GRedlarski-DistrictsSum,PL,Cases,0.0487877405685928,2021-10-11,10
RobertWalraven-ESG,DE,Cases,0.0905255102707292,2021-10-11,10
RobertWalraven-ESG,DE,Deaths,0.136014123452304,2021-10-11,10
RobertWalraven-ESG,PL,Cases,0.0659541503157252,2021-10-11,10
RobertWalraven-ESG,PL,Deaths,0.0949089260183091,2021-10-11,10
UMass-MechBayes,DE,Deaths,0.111710867588193,2021-10-11,10
UMass-MechBayes,PL,Deaths,0.0911184363030523,2021-10-11,10
epiforecasts-EpiNow2,DE,Cases,0.0671230983552924,2021-10-11,10
epiforecasts-EpiNow2,DE,Deaths,0.0971342013953618,2021-10-11,10
epiforecasts-EpiNow2,PL,Cases,0.112820902007779,2021-10-11,10
epiforecasts-EpiNow2,PL,Deaths,0.115273190135302,2021-10-11,10
itwm-dSEIR,DE,Cases,0.106742180976073,2021-10-11,10
CovidMetrics-epiBATS,DE,Cases,0.119746827664467,2021-10-18,10
FIAS_FZJ-Epi1Ger,DE,Cases,0.0756981806179915,2021-10-18,10
HZI-AgeExtendedSEIR,DE,Cases,0.0833703277851417,2021-10-18,10
HZI-AgeExtendedSEIR,DE,Deaths,0.104669820407633,2021-10-18,10
IEM_Health-CovidProject,DE,Cases,0.106343594121591,2021-10-18,10
IEM_Health-CovidProject,DE,Deaths,0.0807297029134334,2021-10-18,10
IEM_Health-CovidProject,PL,Cases,0.131905245184343,2021-10-18,10
IEM_Health-CovidProject,PL,Deaths,0.0775019354782931,2021-10-18,10
ILM-EKF,DE,Cases,0.0853575162680888,2021-10-18,10
ILM-EKF,DE,Deaths,0.0996304178243023,2021-10-18,10
ILM-EKF,PL,Cases,0.124329640324041,2021-10-18,10
ILM-EKF,PL,Deaths,0.0971122105401264,2021-10-18,10
ITWW-county_repro,DE,Cases,0.143923989580897,2021-10-18,10
ITWW-county_repro,DE,Deaths,0.0817713083665162,2021-10-18,10
ITWW-county_repro,PL,Cases,0.127295956346679,2021-10-18,10
ITWW-county_repro,PL,Deaths,0.132811780459666,2021-10-18,10
Karlen-pypm,DE,Cases,0.0952450111125426,2021-10-18,10
Karlen-pypm,DE,Deaths,0.0931210564017553,2021-10-18,10
Karlen-pypm,PL,Cases,0.184903528701604,2021-10-18,10
Karlen-pypm,PL,Deaths,0.153446623119265,2021-10-18,10
MIT_CovidAnalytics-DELPHI,DE,Deaths,0.115178197682208,2021-10-18,10
MIT_CovidAnalytics-DELPHI,PL,Cases,0.0680573710070354,2021-10-18,10
MIT_CovidAnalytics-DELPHI,PL,Deaths,0.0566373947378895,2021-10-18,10
MOCOS-agent1,PL,Cases,0.0976187264062491,2021-10-18,10
MOCOS-agent1,PL,Deaths,0.112654169825901,2021-10-18,10
MUNI-ARIMA,DE,Cases,0.108063919257703,2021-10-18,10
MUNI-ARIMA,DE,Deaths,0.0578111270654833,2021-10-18,10
MUNI-ARIMA,PL,Cases,0.0747063284475017,2021-10-18,10
MUNI-ARIMA,PL,Deaths,0.072444892193788,2021-10-18,10
PL_GRedlarski-DistrictsSum,PL,Cases,0.0491957682442407,2021-10-18,10
RobertWalraven-ESG,DE,Cases,0.116281795475234,2021-10-18,10
RobertWalraven-ESG,DE,Deaths,0.17447810032191,2021-10-18,10
RobertWalraven-ESG,PL,Cases,0.039326167500738,2021-10-18,10
RobertWalraven-ESG,PL,Deaths,0.070745082592434,2021-10-18,10
UMass-MechBayes,DE,Deaths,0.101821761166566,2021-10-18,10
UMass-MechBayes,PL,Deaths,0.111097341816797,2021-10-18,10
epiforecasts-EpiNow2,DE,Cases,0.0659688381163436,2021-10-18,10
epiforecasts-EpiNow2,DE,Deaths,0.0907885078501932,2021-10-18,10
epiforecasts-EpiNow2,PL,Cases,0.102661267837568,2021-10-18,10
epiforecasts-EpiNow2,PL,Deaths,0.11554856923584,2021-10-18,10
CovidMetrics-epiBATS,DE,Cases,0.102660855829933,2021-10-25,10
FIAS_FZJ-Epi1Ger,DE,Cases,0.0731880952880911,2021-10-25,10
FIAS_FZJ-Epi1Ger,DE,Deaths,0.0821524595079417,2021-10-25,10
HZI-AgeExtendedSEIR,DE,Cases,0.0786398918412004,2021-10-25,10
HZI-AgeExtendedSEIR,DE,Deaths,0.106095646260339,2021-10-25,10
ICM-agentModel,PL,Cases,0.0270279941761757,2021-10-25,10
ICM-agentModel,PL,Deaths,0.0476617027573719,2021-10-25,10
IEM_Health-CovidProject,DE,Cases,0.125010896990513,2021-10-25,10
IEM_Health-CovidProject,DE,Deaths,0.0613181658595006,2021-10-25,10
IEM_Health-CovidProject,PL,Cases,0.1133726733358,2021-10-25,10
IEM_Health-CovidProject,PL,Deaths,0.110153035907176,2021-10-25,10
ILM-EKF,DE,Cases,0.0843306167462519,2021-10-25,10
ILM-EKF,DE,Deaths,0.0917527692976251,2021-10-25,10
ILM-EKF,PL,Cases,0.152182617407732,2021-10-25,10
ILM-EKF,PL,Deaths,0.106574233473816,2021-10-25,10
ITWW-county_repro,DE,Cases,0.190669474556486,2021-10-25,10
ITWW-county_repro,DE,Deaths,0.139374073645329,2021-10-25,10
ITWW-county_repro,PL,Cases,0.167539210941871,2021-10-25,10
ITWW-county_repro,PL,Deaths,0.120793606505908,2021-10-25,10
Karlen-pypm,DE,Cases,0.0771006823791263,2021-10-25,10
Karlen-pypm,DE,Deaths,0.117941523800247,2021-10-25,10
Karlen-pypm,PL,Cases,0.119998520791249,2021-10-25,10
Karlen-pypm,PL,Deaths,0.158032187096086,2021-10-25,10
MIT_CovidAnalytics-DELPHI,DE,Deaths,0.0894804901943598,2021-10-25,10
MIT_CovidAnalytics-DELPHI,PL,Cases,0.0615746221411795,2021-10-25,10
MIT_CovidAnalytics-DELPHI,PL,Deaths,0.0704352706330573,2021-10-25,10
MOCOS-agent1,PL,Cases,0.119761073497124,2021-10-25,10
MOCOS-agent1,PL,Deaths,0.125622830102014,2021-10-25,10
MUNI-ARIMA,DE,Cases,0.125220174298324,2021-10-25,10
MUNI-ARIMA,PL,Cases,0.121500645396833,2021-10-25,10
MUNI-ARIMA,PL,Deaths,0.0856349722756696,2021-10-25,10
PL_GRedlarski-DistrictsSum,PL,Cases,0.0704144587228416,2021-10-25,10
RobertWalraven-ESG,DE,Cases,0.0777963235561451,2021-10-25,10
RobertWalraven-ESG,DE,Deaths,0.166640938791428,2021-10-25,10
RobertWalraven-ESG,PL,Cases,0.0466281835891939,2021-10-25,10
RobertWalraven-ESG,PL,Deaths,0.0537594955596976,2021-10-25,10
UMass-MechBayes,DE,Deaths,0.0885917097502919,2021-10-25,10
UMass-MechBayes,PL,Deaths,0.121332665689204,2021-10-25,10
itwm-dSEIR,DE,Cases,0.0653829885139291,2021-10-25,10
itwm-dSEIR,DE,Deaths,0.0566522228929373,2021-10-25,10
CovidMetrics-epiBATS,DE,Cases,0.0898418565121312,2021-11-01,10
FIAS_FZJ-Epi1Ger,DE,Cases,0.114477565357759,2021-11-01,10
FIAS_FZJ-Epi1Ger,DE,Deaths,0.164669017369344,2021-11-01,10
HZI-AgeExtendedSEIR,DE,Cases,0.0858526663250505,2021-11-01,10
HZI-AgeExtendedSEIR,DE,Deaths,0.140537686903113,2021-11-01,10
ICM-agentModel,PL,Cases,0.111004076162095,2021-11-01,10
ICM-agentModel,PL,Deaths,0.0425083404321561,2021-11-01,10
IEM_Health-CovidProject,DE,Cases,0.0935641622439798,2021-11-01,10
IEM_Health-CovidProject,PL,Cases,0.100368418682903,2021-11-01,10
IEM_Health-CovidProject,PL,Deaths,0.0839492047196589,2021-11-01,10
ILM-EKF,DE,Cases,0.103726782896173,2021-11-01,10
ILM-EKF,DE,Deaths,0.0848285578648695,2021-11-01,10
ILM-EKF,PL,Cases,0.141838681979926,2021-11-01,10
ILM-EKF,PL,Deaths,0.116754147212769,2021-11-01,10
ITWW-county_repro,DE,Cases,0.16827281945689,2021-11-01,10
ITWW-county_repro,DE,Deaths,0.105947885669,2021-11-01,10
ITWW-county_repro,PL,Cases,0.126161999600185,2021-11-01,10
ITWW-county_repro,PL,Deaths,0.193763934326579,2021-11-01,10
Karlen-pypm,DE,Cases,0.0778974983986499,2021-11-01,10
Karlen-pypm,DE,Deaths,0.115730975627884,2021-11-01,10
Karlen-pypm,PL,Cases,0.0867907367674075,2021-11-01,10
Karlen-pypm,PL,Deaths,0.132546789751516,2021-11-01,10
MIT_CovidAnalytics-DELPHI,DE,Deaths,0.0555302353309433,2021-11-01,10
MIT_CovidAnalytics-DELPHI,PL,Cases,0.0609881074134306,2021-11-01,10
MIT_CovidAnalytics-DELPHI,PL,Deaths,0.0865259865863663,2021-11-01,10
MOCOS-agent1,PL,Cases,0.125669616047407,2021-11-01,10
MOCOS-agent1,PL,Deaths,0.113223999593637,2021-11-01,10
MUNI-ARIMA,DE,Cases,0.111000628354043,2021-11-01,10
MUNI-ARIMA,DE,Deaths,0.0917609914446046,2021-11-01,10
MUNI-ARIMA,PL,Cases,0.124782488162721,2021-11-01,10
MUNI-ARIMA,PL,Deaths,0.0884779703797179,2021-11-01,10
PL_GRedlarski-DistrictsSum,PL,Cases,0.0815668615988258,2021-11-01,10
RobertWalraven-ESG,DE,Cases,0.0656638330048694,2021-11-01,10
RobertWalraven-ESG,DE,Deaths,0.0870207043552858,2021-11-01,10
RobertWalraven-ESG,PL,Cases,0.0408290135850994,2021-11-01,10
RobertWalraven-ESG,PL,Deaths,0.0359298456978768,2021-11-01,10
UMass-MechBayes,DE,Deaths,0.051869173112938,2021-11-01,10
UMass-MechBayes,PL,Deaths,0.106319781299723,2021-11-01,10
itwm-dSEIR,DE,Cases,0.0897021874504542,2021-11-01,10
itwm-dSEIR,DE,Deaths,0.102104772322017,2021-11-01,10
CovidMetrics-epiBATS,DE,Cases,0.0952210033817472,2021-11-08,10
FIAS_FZJ-Epi1Ger,DE,Cases,0.0947119311483377,2021-11-08,10
FIAS_FZJ-Epi1Ger,DE,Deaths,0.0894425306284596,2021-11-08,10
HZI-AgeExtendedSEIR,DE,Cases,0.106548350508688,2021-11-08,10
HZI-AgeExtendedSEIR,DE,Deaths,0.151980133115817,2021-11-08,10
ICM-agentModel,PL,Cases,0.106106707000866,2021-11-08,10
ICM-agentModel,PL,Deaths,0.0279524316408776,2021-11-08,10
IEM_Health-CovidProject,DE,Cases,0.093571927448704,2021-11-08,10
IEM_Health-CovidProject,DE,Deaths,0.0751814653993112,2021-11-08,10
IEM_Health-CovidProject,PL,Cases,0.10400044779273,2021-11-08,10
IEM_Health-CovidProject,PL,Deaths,0.0844700740506479,2021-11-08,10
ILM-EKF,DE,Cases,0.120747174002221,2021-11-08,10
ILM-EKF,DE,Deaths,0.0969992139525382,2021-11-08,10
ILM-EKF,PL,Cases,0.165213932399536,2021-11-08,10
ILM-EKF,PL,Deaths,0.116492313714548,2021-11-08,10
ITWW-county_repro,DE,Cases,0.133678141728437,2021-11-08,10
ITWW-county_repro,DE,Deaths,0.101113960014244,2021-11-08,10
ITWW-county_repro,PL,Cases,0.10734364050464,2021-11-08,10
ITWW-county_repro,PL,Deaths,0.137519552629697,2021-11-08,10
Karlen-pypm,DE,Deaths,0.0856064985589406,2021-11-08,10
Karlen-pypm,PL,Cases,0.0808205752159553,2021-11-08,10
Karlen-pypm,PL,Deaths,0.132497835408936,2021-11-08,10
MIT_CovidAnalytics-DELPHI,DE,Cases,0.081571940380381,2021-11-08,10
MIT_CovidAnalytics-DELPHI,DE,Deaths,0.0563987300092411,2021-11-08,10
MIT_CovidAnalytics-DELPHI,PL,Cases,0.0653729090839868,2021-11-08,10
MIT_CovidAnalytics-DELPHI,PL,Deaths,0.118545034148056,2021-11-08,10
MOCOS-agent1,PL,Cases,0.122718685199592,2021-11-08,10
MOCOS-agent1,PL,Deaths,0.124042245576787,2021-11-08,10
MUNI-ARIMA,DE,Cases,0.114190319376534,2021-11-08,10
MUNI-ARIMA,DE,Deaths,0.122740029263017,2021-11-08,10
MUNI-ARIMA,PL,Cases,0.132377424480141,2021-11-08,10
MUNI-ARIMA,PL,Deaths,0.0970280013947931,2021-11-08,10
PL_GRedlarski-DistrictsSum,PL,Cases,0.0765499134617859,2021-11-08,10
RobertWalraven-ESG,DE,Cases,0.069228014357429,2021-11-08,10
RobertWalraven-ESG,DE,Deaths,0.0767576265552137,2021-11-08,10
RobertWalraven-ESG,PL,Cases,0.0394957648607669,2021-11-08,10
RobertWalraven-ESG,PL,Deaths,0.0344744052698107,2021-11-08,10
UMass-MechBayes,PL,Deaths,0.126978106165846,2021-11-08,10
itwm-dSEIR,DE,Cases,0.0905311976675209,2021-11-08,10
itwm-dSEIR,DE,Deaths,0.143779812503218,2021-11-08,10
CovidMetrics-epiBATS,DE,Cases,0.0701562830181874,2021-11-15,10
FIAS_FZJ-Epi1Ger,DE,Cases,0.0877664748836594,2021-11-15,10
FIAS_FZJ-Epi1Ger,DE,Deaths,0.0628055254849261,2021-11-15,10
HZI-AgeExtendedSEIR,DE,Cases,0.105617758720324,2021-11-15,10
HZI-AgeExtendedSEIR,DE,Deaths,0.144827507024324,2021-11-15,10
ICM-agentModel,PL,Cases,0.106298609466763,2021-11-15,10
ICM-agentModel,PL,Deaths,0.0256870850457548,2021-11-15,10
IEM_Health-CovidProject,DE,Cases,0.0876028158350464,2021-11-15,10
IEM_Health-CovidProject,DE,Deaths,0.0908971141430655,2021-11-15,10
IEM_Health-CovidProject,PL,Cases,0.135785846781812,2021-11-15,10
IEM_Health-CovidProject,PL,Deaths,0.0999129775126712,2021-11-15,10
ILM-EKF,DE,Cases,0.135110702801813,2021-11-15,10
ILM-EKF,DE,Deaths,0.109072172721748,2021-11-15,10
ILM-EKF,PL,Cases,0.119895448820291,2021-11-15,10
ILM-EKF,PL,Deaths,0.1071437430654,2021-11-15,10
ITWW-county_repro,DE,Cases,0.13252241387744,2021-11-15,10
ITWW-county_repro,DE,Deaths,0.140830906071806,2021-11-15,10
ITWW-county_repro,PL,Cases,0.0663161059061068,2021-11-15,10
ITWW-county_repro,PL,Deaths,0.0987983681407077,2021-11-15,10
Karlen-pypm,DE,Deaths,0.0708973678127325,2021-11-15,10
Karlen-pypm,PL,Cases,0.0577204909206682,2021-11-15,10
Karlen-pypm,PL,Deaths,0.0960966211817919,2021-11-15,10
MIT_CovidAnalytics-DELPHI,DE,Cases,0.126279098313044,2021-11-15,10
MIT_CovidAnalytics-DELPHI,DE,Deaths,0.0638757989020849,2021-11-15,10
MIT_CovidAnalytics-DELPHI,PL,Cases,0.0697668230511112,2021-11-15,10
MIT_CovidAnalytics-DELPHI,PL,Deaths,0.111051556521247,2021-11-15,10
MOCOS-agent1,PL,Cases,0.136668473288886,2021-11-15,10
MOCOS-agent1,PL,Deaths,0.136286925535021,2021-11-15,10
MUNI-ARIMA,DE,Cases,0.0870192316392743,2021-11-15,10
MUNI-ARIMA,DE,Deaths,0.123968914234215,2021-11-15,10
MUNI-ARIMA,PL,Cases,0.165907697500421,2021-11-15,10
MUNI-ARIMA,PL,Deaths,0.109628361717923,2021-11-15,10
PL_GRedlarski-DistrictsSum,PL,Cases,0.102714510632804,2021-11-15,10
RobertWalraven-ESG,DE,Cases,0.0590540334376096,2021-11-15,10
RobertWalraven-ESG,PL,Cases,0.0389259936311366,2021-11-15,10
RobertWalraven-ESG,PL,Deaths,0.0420490935857802,2021-11-15,10
UMass-MechBayes,DE,Deaths,0.0567378693120358,2021-11-15,10
UMass-MechBayes,PL,Deaths,0.173345267693703,2021-11-15,10
itwm-dSEIR,DE,Cases,0.108871187473602,2021-11-15,10
itwm-dSEIR,DE,Deaths,0.136086824293062,2021-11-15,10
FIAS_FZJ-Epi1Ger,DE,Cases,0.070475865246628,2021-11-22,10
HZI-AgeExtendedSEIR,DE,Cases,0.131181056749896,2021-11-22,10
HZI-AgeExtendedSEIR,DE,Deaths,0.160245220072829,2021-11-22,10
ICM-agentModel,PL,Cases,0.092758195612133,2021-11-22,10
ICM-agentModel,PL,Deaths,0.0454138516231116,2021-11-22,10
IEM_Health-CovidProject,DE,Cases,0.10235829762257,2021-11-22,10
IEM_Health-CovidProject,DE,Deaths,0.0871461956279932,2021-11-22,10
IEM_Health-CovidProject,PL,Cases,0.147182290495608,2021-11-22,10
IEM_Health-CovidProject,PL,Deaths,0.132707714282468,2021-11-22,10
ILM-EKF,DE,Cases,0.163688542991106,2021-11-22,10
ILM-EKF,DE,Deaths,0.111455186381081,2021-11-22,10
ILM-EKF,PL,Cases,0.0621997782888924,2021-11-22,10
ILM-EKF,PL,Deaths,0.121107766100695,2021-11-22,10
ITWW-county_repro,DE,Cases,0.11280783012252,2021-11-22,10
ITWW-county_repro,DE,Deaths,0.183353659984224,2021-11-22,10
ITWW-county_repro,PL,Cases,0.0376827732171807,2021-11-22,10
ITWW-county_repro,PL,Deaths,0.0805879900700665,2021-11-22,10
Karlen-pypm,DE,Cases,0.0711432460100097,2021-11-22,10
Karlen-pypm,DE,Deaths,0.083088806019114,2021-11-22,10
Karlen-pypm,PL,Cases,0.0421150778236209,2021-11-22,10
Karlen-pypm,PL,Deaths,0.0968500622854542,2021-11-22,10
MIT_CovidAnalytics-DELPHI,DE,Cases,0.0674864385634138,2021-11-22,10
MIT_CovidAnalytics-DELPHI,DE,Deaths,0.064746557797444,2021-11-22,10
MIT_CovidAnalytics-DELPHI,PL,Cases,0.0967390906561027,2021-11-22,10
MIT_CovidAnalytics-DELPHI,PL,Deaths,0.0770250496264527,2021-11-22,10
MOCOS-agent1,PL,Cases,0.138536779224194,2021-11-22,10
MOCOS-agent1,PL,Deaths,0.106751107878309,2021-11-22,10
MUNI-ARIMA,DE,Cases,0.0834788306041321,2021-11-22,10
MUNI-ARIMA,DE,Deaths,0.125780047993824,2021-11-22,10
MUNI-ARIMA,PL,Cases,0.239379731016789,2021-11-22,10
MUNI-ARIMA,PL,Deaths,0.0810368072423912,2021-11-22,10
PL_GRedlarski-DistrictsSum,PL,Cases,0.107580994621094,2021-11-22,10
RobertWalraven-ESG,DE,Deaths,0.0424152531448269,2021-11-22,10
RobertWalraven-ESG,PL,Cases,0.0358252890443852,2021-11-22,10
RobertWalraven-ESG,PL,Deaths,0.0430870092847124,2021-11-22,10
UMass-MechBayes,DE,Deaths,0.0645465861219251,2021-11-22,10
UMass-MechBayes,PL,Deaths,0.215432641606339,2021-11-22,10
UNIPV-BayesINGARCHX,DE,Cases,0.0620085151875795,2021-11-22,10
itwm-dSEIR,DE,Cases,0.135371376902145,2021-11-22,10
itwm-dSEIR,DE,Deaths,0.0772224868567392,2021-11-22,10
CovidMetrics-epiBATS,DE,Cases,0.0599151733488143,2021-11-29,10
HZI-AgeExtendedSEIR,DE,Cases,0.125152704767354,2021-11-29,10
HZI-AgeExtendedSEIR,DE,Deaths,0.226812604386849,2021-11-29,10
ICM-agentModel,PL,Cases,0.21310813819718,2021-11-29,10
ICM-agentModel,PL,Deaths,0.0472774707385092,2021-11-29,10
IEM_Health-CovidProject,DE,Cases,0.124058245937169,2021-11-29,10
IEM_Health-CovidProject,DE,Deaths,0.0510009465225085,2021-11-29,10
IEM_Health-CovidProject,PL,Cases,0.0918469847060027,2021-11-29,10
IEM_Health-CovidProject,PL,Deaths,0.135732230723637,2021-11-29,10
ILM-EKF,DE,Cases,0.134193451746815,2021-11-29,10
ILM-EKF,DE,Deaths,0.0864327339404652,2021-11-29,10
ILM-EKF,PL,Cases,0.0389157916777149,2021-11-29,10
ILM-EKF,PL,Deaths,0.0966025524815237,2021-11-29,10
ITWW-county_repro,DE,Cases,0.114354061832985,2021-11-29,10
ITWW-county_repro,DE,Deaths,0.108294638614134,2021-11-29,10
ITWW-county_repro,PL,Deaths,0.101680871094888,2021-11-29,10
Karlen-pypm,DE,Cases,0.145505370881835,2021-11-29,10
Karlen-pypm,DE,Deaths,0.121714935602381,2021-11-29,10
Karlen-pypm,PL,Cases,0.0468123998367124,2021-11-29,10
Karlen-pypm,PL,Deaths,0.102885691930719,2021-11-29,10
MIT_CovidAnalytics-DELPHI,DE,Deaths,0.0804687282385359,2021-11-29,10
MIT_CovidAnalytics-DELPHI,PL,Cases,0.144975644244151,2021-11-29,10
MIT_CovidAnalytics-DELPHI,PL,Deaths,0.0767991745830379,2021-11-29,10
MOCOS-agent1,PL,Cases,0.0913568556012594,2021-11-29,10
MOCOS-agent1,PL,Deaths,0.124384160046023,2021-11-29,10
MUNI-ARIMA,DE,Cases,0.071169522119174,2021-11-29,10
MUNI-ARIMA,DE,Deaths,0.158122053416769,2021-11-29,10
MUNI-ARIMA,PL,Cases,0.178372452911481,2021-11-29,10
MUNI-ARIMA,PL,Deaths,0.0875016166771258,2021-11-29,10
MUNI-VAR,DE,Cases,0.0479301204305008,2021-11-29,10
MUNI-VAR,DE,Deaths,0.0426843023378582,2021-11-29,10
MUNI-VAR,PL,Cases,0.0349324566873456,2021-11-29,10
MUNI-VAR,PL,Deaths,0.0475334914462239,2021-11-29,10
PL_GRedlarski-DistrictsSum,PL,Cases,0.118963664023697,2021-11-29,10
RobertWalraven-ESG,DE,Cases,0.0568534134205716,2021-11-29,10
RobertWalraven-ESG,PL,Cases,0.0407156121144558,2021-11-29,10
UMass-MechBayes,DE,Deaths,0.0717021552637411,2021-11-29,10
UMass-MechBayes,PL,Deaths,0.179602740278313,2021-11-29,10
itwm-dSEIR,DE,Cases,0.120867935514782,2021-11-29,10
itwm-dSEIR,DE,Deaths,0.0527669016767579,2021-11-29,10
CovidMetrics-epiBATS,DE,Cases,0.114842713558558,2021-12-06,10
HZI-AgeExtendedSEIR,DE,Cases,0.0985593612262979,2021-12-06,10
HZI-AgeExtendedSEIR,DE,Deaths,0.166621159140514,2021-12-06,10
ICM-agentModel,PL,Cases,0.184593745618669,2021-12-06,10
ICM-agentModel,PL,Deaths,0.119626887296556,2021-12-06,10
IEM_Health-CovidProject,DE,Cases,0.0847036980115138,2021-12-06,10
IEM_Health-CovidProject,PL,Cases,0.0544100578753132,2021-12-06,10
IEM_Health-CovidProject,PL,Deaths,0.0707482243931009,2021-12-06,10
ILM-EKF,DE,Cases,0.0900835146875976,2021-12-06,10
ILM-EKF,DE,Deaths,0.0745825788604164,2021-12-06,10
ILM-EKF,PL,Cases,0.04274482050412,2021-12-06,10
ILM-EKF,PL,Deaths,0.111816914523407,2021-12-06,10
ITWW-county_repro,DE,Cases,0.0698543719554514,2021-12-06,10
ITWW-county_repro,DE,Deaths,0.0724163143670584,2021-12-06,10
ITWW-county_repro,PL,Deaths,0.0915308670493049,2021-12-06,10
Karlen-pypm,DE,Cases,0.164465897120016,2021-12-06,10
Karlen-pypm,DE,Deaths,0.132632053697289,2021-12-06,10
Karlen-pypm,PL,Cases,0.0394821413604843,2021-12-06,10
Karlen-pypm,PL,Deaths,0.0885780281752729,2021-12-06,10
MIT_CovidAnalytics-DELPHI,DE,Deaths,0.0857847384152059,2021-12-06,10
MIT_CovidAnalytics-DELPHI,PL,Cases,0.128828493259454,2021-12-06,10
MIT_CovidAnalytics-DELPHI,PL,Deaths,0.0857221035655161,2021-12-06,10
MOCOS-agent1,PL,Cases,0.0744342172049674,2021-12-06,10
MOCOS-agent1,PL,Deaths,0.0984103316888127,2021-12-06,10
MUNI-ARIMA,DE,Cases,0.116328366934751,2021-12-06,10
MUNI-ARIMA,DE,Deaths,0.194190435377177,2021-12-06,10
MUNI-ARIMA,PL,Cases,0.221746651606247,2021-12-06,10
MUNI-ARIMA,PL,Deaths,0.0872608329669499,2021-12-06,10
MUNI-VAR,DE,Cases,0.078014897328318,2021-12-06,10
MUNI-VAR,DE,Deaths,0.0894921598907285,2021-12-06,10
MUNI-VAR,PL,Cases,0.047131737638048,2021-12-06,10
MUNI-VAR,PL,Deaths,0.109219661809694,2021-12-06,10
PL_GRedlarski-DistrictsSum,PL,Cases,0.146833281558247,2021-12-06,10
RobertWalraven-ESG,DE,Cases,0.0824605529113874,2021-12-06,10
RobertWalraven-ESG,DE,Deaths,0.047324962441863,2021-12-06,10
RobertWalraven-ESG,PL,Cases,0.0597948533744493,2021-12-06,10
UMass-MechBayes,DE,Deaths,0.0891676494430557,2021-12-06,10
UMass-MechBayes,PL,Deaths,0.137086148531386,2021-12-06,10
itwm-dSEIR,DE,Cases,0.100686626266109,2021-12-06,10
itwm-dSEIR,DE,Deaths,0.0477879483666912,2021-12-06,10
FIAS_FZJ-Epi1Ger,DE,Cases,0.0276496854847145,2021-12-13,10
HZI-AgeExtendedSEIR,DE,Cases,0.0717105467193745,2021-12-13,10
HZI-AgeExtendedSEIR,DE,Deaths,0.113422390683702,2021-12-13,10
ICM-agentModel,PL,Cases,0.192568718218626,2021-12-13,10
ICM-agentModel,PL,Deaths,0.106498224071698,2021-12-13,10
IEM_Health-CovidProject,DE,Cases,0.0586929441781507,2021-12-13,10
IEM_Health-CovidProject,PL,Cases,0.035353652554192,2021-12-13,10
ILM-EKF,DE,Cases,0.064051630419208,2021-12-13,10
ILM-EKF,DE,Deaths,0.0726388833549369,2021-12-13,10
ILM-EKF,PL,Cases,0.04347729535244,2021-12-13,10
ILM-EKF,PL,Deaths,0.108477019430553,2021-12-13,10
ITWW-county_repro,DE,Cases,0.0436650429820755,2021-12-13,10
ITWW-county_repro,DE,Deaths,0.0554817298337735,2021-12-13,10
ITWW-county_repro,PL,Cases,0.0248724756956722,2021-12-13,10
ITWW-county_repro,PL,Deaths,0.0844953946968855,2021-12-13,10
MIT_CovidAnalytics-DELPHI,DE,Cases,0.0951129452897222,2021-12-13,10
MIT_CovidAnalytics-DELPHI,DE,Deaths,0.11848686934355,2021-12-13,10
MIT_CovidAnalytics-DELPHI,PL,Cases,0.0749176871730002,2021-12-13,10
MIT_CovidAnalytics-DELPHI,PL,Deaths,0.154225626080973,2021-12-13,10
MOCOS-agent1,PL,Cases,0.143981887398788,2021-12-13,10
MOCOS-agent1,PL,Deaths,0.133258567419401,2021-12-13,10
MUNI-ARIMA,DE,Cases,0.279607267266956,2021-12-13,10
MUNI-ARIMA,DE,Deaths,0.247187043901056,2021-12-13,10
MUNI-ARIMA,PL,Cases,0.196195755712218,2021-12-13,10
MUNI-ARIMA,PL,Deaths,0.120978543268551,2021-12-13,10
MUNI-LaggedRegARIMA,DE,Deaths,0.0634826133328535,2021-12-13,10
MUNI-LaggedRegARIMA,PL,Deaths,0.0363590715147444,2021-12-13,10
MUNI-VAR,DE,Cases,0.0935717277597448,2021-12-13,10
MUNI-VAR,DE,Deaths,0.0914346319475624,2021-12-13,10
MUNI-VAR,PL,Cases,0.0471534525774347,2021-12-13,10
MUNI-VAR,PL,Deaths,0.0785437837823537,2021-12-13,10
PL_GRedlarski-DistrictsSum,PL,Cases,0.167083182403012,2021-12-13,10
RobertWalraven-ESG,DE,Cases,0.190113923382754,2021-12-13,10
RobertWalraven-ESG,DE,Deaths,0.0852812181673494,2021-12-13,10
RobertWalraven-ESG,PL,Cases,0.0743958929146169,2021-12-13,10
RobertWalraven-ESG,PL,Deaths,0.0595204527289902,2021-12-13,10
UMass-MechBayes,DE,Deaths,0.106453101979351,2021-12-13,10
UMass-MechBayes,PL,Deaths,0.11764331700585,2021-12-13,10
itwm-dSEIR,DE,Cases,0.0758242865172993,2021-12-13,10
itwm-dSEIR,DE,Deaths,0.0461315174558662,2021-12-13,10
CovidMetrics-epiBATS,DE,Cases,0.156877309534148,2021-12-20,10
FIAS_FZJ-Epi1Ger,DE,Cases,0.0372770894399226,2021-12-20,10
HZI-AgeExtendedSEIR,DE,Cases,0.0818014776635019,2021-12-20,10
HZI-AgeExtendedSEIR,DE,Deaths,0.114157085660925,2021-12-20,10
ICM-agentModel,PL,Cases,0.144510040361529,2021-12-20,10
ICM-agentModel,PL,Deaths,0.0879491504444412,2021-12-20,10
IEM_Health-CovidProject,DE,Cases,0.0407078207395541,2021-12-20,10
IEM_Health-CovidProject,PL,Cases,0.032959281506891,2021-12-20,10
ITWW-county_repro,DE,Cases,0.0407375822373717,2021-12-20,10
ITWW-county_repro,DE,Deaths,0.059631884384891,2021-12-20,10
ITWW-county_repro,PL,Cases,0.0191059127996235,2021-12-20,10
ITWW-county_repro,PL,Deaths,0.0956361213904744,2021-12-20,10
MIT_CovidAnalytics-DELPHI,DE,Deaths,0.152489223896132,2021-12-20,10
MIT_CovidAnalytics-DELPHI,PL,Cases,0.111580575273568,2021-12-20,10
MIT_CovidAnalytics-DELPHI,PL,Deaths,0.20282189414487,2021-12-20,10
MOCOS-agent1,PL,Cases,0.228094392459998,2021-12-20,10
MOCOS-agent1,PL,Deaths,0.136562452577557,2021-12-20,10
MUNI-ARIMA,DE,Cases,0.199488346601962,2021-12-20,10
MUNI-ARIMA,DE,Deaths,0.177296888536918,2021-12-20,10
MUNI-ARIMA,PL,Cases,0.131565914878942,2021-12-20,10
MUNI-ARIMA,PL,Deaths,0.145331418284901,2021-12-20,10
MUNI-LaggedRegARIMA,DE,Deaths,0.222928364046,2021-12-20,10
MUNI-LaggedRegARIMA,PL,Deaths,0.0470269028198504,2021-12-20,10
MUNI-VAR,DE,Cases,0.0464532974174241,2021-12-20,10
MUNI-VAR,DE,Deaths,0.0370280758434832,2021-12-20,10
MUNI-VAR,PL,Cases,0.0358347386346294,2021-12-20,10
MUNI-VAR,PL,Deaths,0.0588647810330261,2021-12-20,10
PL_GRedlarski-DistrictsSum,PL,Cases,0.208967909297201,2021-12-20,10
RobertWalraven-ESG,DE,Cases,0.183330072704474,2021-12-20,10
RobertWalraven-ESG,DE,Deaths,0.0861212040099299,2021-12-20,10
RobertWalraven-ESG,PL,Cases,0.0593897369275333,2021-12-20,10
RobertWalraven-ESG,PL,Deaths,0.0740357142639631,2021-12-20,10
UMass-MechBayes,DE,Deaths,0.0591188817412328,2021-12-20,10
UMass-MechBayes,PL,Deaths,0.107910237359335,2021-12-20,10
epiforecasts-EpiNow2,DE,Cases,0.0337192241267594,2021-12-20,10
epiforecasts-EpiNow2,DE,Deaths,0.0356359994902887,2021-12-20,10
epiforecasts-EpiNow2,PL,Cases,0.0279914978600839,2021-12-20,10
epiforecasts-EpiNow2,PL,Deaths,0.0438613276815818,2021-12-20,10
itwm-dSEIR,DE,Cases,0.179607779534882,2021-12-20,10
itwm-dSEIR,DE,Deaths,0.0555923923901985,2021-12-20,10
CovidMetrics-epiBATS,DE,Cases,0.0903498833181128,2021-12-27,10
FIAS_FZJ-Epi1Ger,DE,Cases,0.0645595549892544,2021-12-27,10
FIAS_FZJ-Epi1Ger,DE,Deaths,0.11217354576686,2021-12-27,10
HZI-AgeExtendedSEIR,DE,Cases,0.0861336630642136,2021-12-27,10
HZI-AgeExtendedSEIR,DE,Deaths,0.0956806897526616,2021-12-27,10
IEM_Health-CovidProject,PL,Cases,0.0353855228160457,2021-12-27,10
IEM_Health-CovidProject,PL,Deaths,0.0329803168752119,2021-12-27,10
ILM-EKF,DE,Cases,0.0762645490647444,2021-12-27,10
ILM-EKF,DE,Deaths,0.0714907329073805,2021-12-27,10
ILM-EKF,PL,Cases,0.0511587352112319,2021-12-27,10
ILM-EKF,PL,Deaths,0.0986919214384471,2021-12-27,10
ITWW-county_repro,DE,Cases,0.0400767069288285,2021-12-27,10
ITWW-county_repro,DE,Deaths,0.0767543942934952,2021-12-27,10
ITWW-county_repro,PL,Cases,0.0291471200192408,2021-12-27,10
ITWW-county_repro,PL,Deaths,0.109394643274177,2021-12-27,10
MOCOS-agent1,PL,Cases,0.292939777672694,2021-12-27,10
MOCOS-agent1,PL,Deaths,0.0812509475510844,2021-12-27,10
MUNI-ARIMA,DE,Cases,0.134225363625769,2021-12-27,10
MUNI-ARIMA,DE,Deaths,0.0891213968700404,2021-12-27,10
MUNI-ARIMA,PL,Cases,0.116941169413162,2021-12-27,10
MUNI-ARIMA,PL,Deaths,0.24600620742306,2021-12-27,10
MUNI-LaggedRegARIMA,DE,Deaths,0.203808111186588,2021-12-27,10
MUNI-LaggedRegARIMA,PL,Deaths,0.127829347604008,2021-12-27,10
MUNI-VAR,DE,Cases,0.0825214922779271,2021-12-27,10
MUNI-VAR,PL,Cases,0.0671330012986326,2021-12-27,10
MUNI-VAR,PL,Deaths,0.0701059399135652,2021-12-27,10
PL_GRedlarski-DistrictsSum,PL,Cases,0.193774190547468,2021-12-27,10
RobertWalraven-ESG,DE,Cases,0.0954704340981281,2021-12-27,10
RobertWalraven-ESG,DE,Deaths,0.112658308555948,2021-12-27,10
RobertWalraven-ESG,PL,Cases,0.0558094128581063,2021-12-27,10
RobertWalraven-ESG,PL,Deaths,0.0590165212273679,2021-12-27,10
UMass-MechBayes,DE,Deaths,0.0835045259339749,2021-12-27,10
UMass-MechBayes,PL,Deaths,0.0881045521128119,2021-12-27,10
epiforecasts-EpiNow2,DE,Cases,0.0655720551348378,2021-12-27,10
epiforecasts-EpiNow2,DE,Deaths,0.0606674278381319,2021-12-27,10
epiforecasts-EpiNow2,PL,Cases,0.157711070163418,2021-12-27,10
epiforecasts-EpiNow2,PL,Deaths,0.086619602580267,2021-12-27,10
itwm-dSEIR,DE,Cases,0.264826297498185,2021-12-27,10
itwm-dSEIR,DE,Deaths,0.0941408668949189,2021-12-27,10
CovidMetrics-epiBATS,DE,Cases,0.0629728362125358,2022-01-03,10
FIAS_FZJ-Epi1Ger,DE,Cases,0.0975509904737227,2022-01-03,10
FIAS_FZJ-Epi1Ger,DE,Deaths,0.17110013539451,2022-01-03,10
HZI-AgeExtendedSEIR,DE,Cases,0.171752723210757,2022-01-03,10
HZI-AgeExtendedSEIR,DE,Deaths,0.087317069495261,2022-01-03,10
ICM-agentModel,PL,Cases,0.118736615478442,2022-01-03,10
ICM-agentModel,PL,Deaths,0.110151004026499,2022-01-03,10
IEM_Health-CovidProject,DE,Cases,0.0437475551879193,2022-01-03,10
IEM_Health-CovidProject,PL,Cases,0.0282558418837622,2022-01-03,10
IEM_Health-CovidProject,PL,Deaths,0.0378632150864844,2022-01-03,10
ILM-EKF,DE,Cases,0.0907181138766774,2022-01-03,10
ILM-EKF,DE,Deaths,0.0671850570735608,2022-01-03,10
ILM-EKF,PL,Cases,0.0450741695148424,2022-01-03,10
ILM-EKF,PL,Deaths,0.0961792873862214,2022-01-03,10
ITWW-county_repro,DE,Cases,0.0479152188378831,2022-01-03,10
ITWW-county_repro,DE,Deaths,0.0918294060113786,2022-01-03,10
ITWW-county_repro,PL,Cases,0.0272069023917923,2022-01-03,10
ITWW-county_repro,PL,Deaths,0.157145164251301,2022-01-03,10
MIT_CovidAnalytics-DELPHI,DE,Deaths,0.101551622099769,2022-01-03,10
MIT_CovidAnalytics-DELPHI,PL,Cases,0.186716986635014,2022-01-03,10
MIT_CovidAnalytics-DELPHI,PL,Deaths,0.100498119830546,2022-01-03,10
MOCOS-agent1,PL,Cases,0.227534251539833,2022-01-03,10
MOCOS-agent1,PL,Deaths,0.0606934914317712,2022-01-03,10
MUNI-ARIMA,DE,Deaths,0.0494301188427621,2022-01-03,10
MUNI-ARIMA,PL,Deaths,0.179941757439377,2022-01-03,10
PL_GRedlarski-DistrictsSum,PL,Cases,0.114345660988849,2022-01-03,10
RobertWalraven-ESG,DE,Cases,0.0969378206823706,2022-01-03,10
RobertWalraven-ESG,DE,Deaths,0.0833694368139945,2022-01-03,10
RobertWalraven-ESG,PL,Cases,0.0334168482811116,2022-01-03,10
RobertWalraven-ESG,PL,Deaths,0.0578951022437513,2022-01-03,10
UMass-MechBayes,DE,Deaths,0.110252016282186,2022-01-03,10
UMass-MechBayes,PL,Deaths,0.111313753505011,2022-01-03,10
epiforecasts-EpiNow2,DE,Cases,0.0990961994191977,2022-01-03,10
epiforecasts-EpiNow2,DE,Deaths,0.084075062032728,2022-01-03,10
epiforecasts-EpiNow2,PL,Cases,0.218712723286354,2022-01-03,10
epiforecasts-EpiNow2,PL,Deaths,0.0883191047990387,2022-01-03,10
itwm-dSEIR,DE,Cases,0.289308542098936,2022-01-03,10
itwm-dSEIR,DE,Deaths,0.15389007595385,2022-01-03,10
CovidMetrics-epiBATS,DE,Cases,0.0722469307358648,2022-01-10,10
FIAS_FZJ-Epi1Ger,DE,Cases,0.121574841180145,2022-01-10,10
FIAS_FZJ-Epi1Ger,DE,Deaths,0.145887124230026,2022-01-10,10
HZI-AgeExtendedSEIR,DE,Cases,0.133222438331762,2022-01-10,10
HZI-AgeExtendedSEIR,DE,Deaths,0.093904149983707,2022-01-10,10
ICM-agentModel,PL,Cases,0.110685900900741,2022-01-10,10
ICM-agentModel,PL,Deaths,0.100517127285871,2022-01-10,10
IEM_Health-CovidProject,DE,Cases,0.0897251069453866,2022-01-10,10
IEM_Health-CovidProject,PL,Cases,0.0483280286903546,2022-01-10,10
IEM_Health-CovidProject,PL,Deaths,0.0456016248576795,2022-01-10,10
ILM-EKF,DE,Cases,0.0758235030749142,2022-01-10,10
ILM-EKF,DE,Deaths,0.0638010917324654,2022-01-10,10
ILM-EKF,PL,Cases,0.0522494433897258,2022-01-10,10
ILM-EKF,PL,Deaths,0.0679534625295226,2022-01-10,10
ITWW-county_repro,DE,Cases,0.0855776984181515,2022-01-10,10
ITWW-county_repro,DE,Deaths,0.106999567721918,2022-01-10,10
ITWW-county_repro,PL,Cases,0.0524999679372369,2022-01-10,10
ITWW-county_repro,PL,Deaths,0.143574549933674,2022-01-10,10
MIT_CovidAnalytics-DELPHI,DE,Deaths,0.0883945721195896,2022-01-10,10
MIT_CovidAnalytics-DELPHI,PL,Cases,0.109927866988253,2022-01-10,10
MIT_CovidAnalytics-DELPHI,PL,Deaths,0.0841711897911647,2022-01-10,10
MOCOS-agent1,PL,Cases,0.195559462977574,2022-01-10,10
MOCOS-agent1,PL,Deaths,0.0872140561270293,2022-01-10,10
MUNI-ARIMA,DE,Deaths,0.054301216399466,2022-01-10,10
MUNI-ARIMA,PL,Deaths,0.139327154851502,2022-01-10,10
PL_GRedlarski-DistrictsSum,PL,Cases,0.158308939342557,2022-01-10,10
RobertWalraven-ESG,DE,Cases,0.102355966320468,2022-01-10,10
RobertWalraven-ESG,DE,Deaths,0.0868563409933174,2022-01-10,10
RobertWalraven-ESG,PL,Cases,0.0556113734802055,2022-01-10,10
RobertWalraven-ESG,PL,Deaths,0.0497248669970233,2022-01-10,10
UMass-MechBayes,DE,Deaths,0.139571793000378,2022-01-10,10
UMass-MechBayes,PL,Deaths,0.149051376371024,2022-01-10,10
epiforecasts-EpiNow2,DE,Cases,0.115106367715696,2022-01-10,10
epiforecasts-EpiNow2,DE,Deaths,0.110625865835117,2022-01-10,10
epiforecasts-EpiNow2,PL,Cases,0.216829016293352,2022-01-10,10
epiforecasts-EpiNow2,PL,Deaths,0.13286459125551,2022-01-10,10
itwm-dSEIR,DE,Cases,0.204367147277612,2022-01-10,10
itwm-dSEIR,DE,Deaths,0.109658277984016,2022-01-10,10
CovidMetrics-epiBATS,DE,Cases,0.118348444294795,2022-01-17,10
FIAS_FZJ-Epi1Ger,DE,Cases,0.100882576548575,2022-01-17,10
FIAS_FZJ-Epi1Ger,DE,Deaths,0.102563220670851,2022-01-17,10
HZI-AgeExtendedSEIR,DE,Cases,0.112167645000813,2022-01-17,10
HZI-AgeExtendedSEIR,DE,Deaths,0.190059193158251,2022-01-17,10
ICM-agentModel,PL,Cases,0.0777929702893323,2022-01-17,10
ICM-agentModel,PL,Deaths,0.0782606924083059,2022-01-17,10
IEM_Health-CovidProject,DE,Cases,0.156245641961945,2022-01-17,10
IEM_Health-CovidProject,DE,Deaths,0.0514853854653637,2022-01-17,10
IEM_Health-CovidProject,PL,Cases,0.127949993271807,2022-01-17,10
IEM_Health-CovidProject,PL,Deaths,0.058085538535181,2022-01-17,10
ILM-EKF,DE,Cases,0.0687063949931883,2022-01-17,10
ILM-EKF,DE,Deaths,0.0498263817770593,2022-01-17,10
ILM-EKF,PL,Cases,0.0732268436572794,2022-01-17,10
ILM-EKF,PL,Deaths,0.0671159250677756,2022-01-17,10
ITWW-county_repro,DE,Cases,0.106762944924379,2022-01-17,10
ITWW-county_repro,DE,Deaths,0.101755729368059,2022-01-17,10
ITWW-county_repro,PL,Cases,0.16801580344768,2022-01-17,10
ITWW-county_repro,PL,Deaths,0.132217938841394,2022-01-17,10
MIT_CovidAnalytics-DELPHI,DE,Deaths,0.0768322828534076,2022-01-17,10
MOCOS-agent1,PL,Cases,0.083380865040152,2022-01-17,10
MOCOS-agent1,PL,Deaths,0.103810605807177,2022-01-17,10
MUNI-ARIMA,DE,Deaths,0.0952052764992696,2022-01-17,10
MUNI-ARIMA,PL,Deaths,0.146862658774845,2022-01-17,10
PL_GRedlarski-DistrictsSum,PL,Cases,0.179817908506464,2022-01-17,10
RobertWalraven-ESG,DE,Cases,0.0959732059672091,2022-01-17,10
RobertWalraven-ESG,DE,Deaths,0.102480471587014,2022-01-17,10
RobertWalraven-ESG,PL,Cases,0.137867640025073,2022-01-17,10
RobertWalraven-ESG,PL,Deaths,0.0620959791939102,2022-01-17,10
UMass-MechBayes,DE,Deaths,0.133859166539149,2022-01-17,10
UMass-MechBayes,PL,Deaths,0.209607141875536,2022-01-17,10
epiforecasts-EpiNow2,DE,Cases,0.102969294260472,2022-01-17,10
epiforecasts-EpiNow2,PL,Cases,0.151947975762212,2022-01-17,10
epiforecasts-EpiNow2,PL,Deaths,0.141943519495875,2022-01-17,10
itwm-dSEIR,DE,Cases,0.137943852048623,2022-01-17,10
itwm-dSEIR,DE,Deaths,0.0959328920815753,2022-01-17,10
CovidMetrics-epiBATS,DE,Cases,0.109668601354344,2022-01-24,10
FIAS_FZJ-Epi1Ger,DE,Cases,0.103254483490182,2022-01-24,10
FIAS_FZJ-Epi1Ger,DE,Deaths,0.0428719027705367,2022-01-24,10
HZI-AgeExtendedSEIR,DE,Cases,0.129555295529077,2022-01-24,10
HZI-AgeExtendedSEIR,DE,Deaths,0.133449675084112,2022-01-24,10
ICM-agentModel,PL,Cases,0.0648180105202682,2022-01-24,10
ICM-agentModel,PL,Deaths,0.0533082464303875,2022-01-24,10
IEM_Health-CovidProject,DE,Cases,0.127210093726043,2022-01-24,10
IEM_Health-CovidProject,DE,Deaths,0.0886306305508338,2022-01-24,10
IEM_Health-CovidProject,PL,Cases,0.143615099397344,2022-01-24,10
IEM_Health-CovidProject,PL,Deaths,0.0509138744685668,2022-01-24,10
ILM-EKF,DE,Cases,0.116997180598782,2022-01-24,10
ILM-EKF,DE,Deaths,0.0980155703229697,2022-01-24,10
ILM-EKF,PL,Cases,0.114139810424392,2022-01-24,10
ILM-EKF,PL,Deaths,0.180932612515022,2022-01-24,10
ITWW-county_repro,DE,Cases,0.113237069962653,2022-01-24,10
ITWW-county_repro,DE,Deaths,0.0619789651405059,2022-01-24,10
ITWW-county_repro,PL,Cases,0.132377155181785,2022-01-24,10
ITWW-county_repro,PL,Deaths,0.113923588402994,2022-01-24,10
MIT_CovidAnalytics-DELPHI,DE,Cases,0.0512003619636691,2022-01-24,10
MIT_CovidAnalytics-DELPHI,DE,Deaths,0.0402101070214009,2022-01-24,10
MOCOS-agent1,PL,Cases,0.0853305050693246,2022-01-24,10
MOCOS-agent1,PL,Deaths,0.0987663297097556,2022-01-24,10
MUNI-ARIMA,DE,Deaths,0.17611496483364,2022-01-24,10
MUNI-ARIMA,PL,Deaths,0.0907368879547844,2022-01-24,10
PL_GRedlarski-DistrictsSum,PL,Cases,0.219458393328693,2022-01-24,10
RobertWalraven-ESG,DE,Cases,0.0836827074253316,2022-01-24,10
RobertWalraven-ESG,DE,Deaths,0.149048908357978,2022-01-24,10
RobertWalraven-ESG,PL,Cases,0.112679850594597,2022-01-24,10
RobertWalraven-ESG,PL,Deaths,0.0446659397669442,2022-01-24,10
UMass-MechBayes,DE,Deaths,0.128020418951529,2022-01-24,10
UMass-MechBayes,PL,Deaths,0.223505151460338,2022-01-24,10
epiforecasts-EpiNow2,DE,Cases,0.0986535200463789,2022-01-24,10
epiforecasts-EpiNow2,PL,Cases,0.127581175483596,2022-01-24,10
epiforecasts-EpiNow2,PL,Deaths,0.143247369291208,2022-01-24,10
itwm-dSEIR,DE,Cases,0.0665406859035397,2022-01-24,10
itwm-dSEIR,DE,Deaths,0.0816588569664936,2022-01-24,10
CovidMetrics-epiBATS,DE,Cases,0.100469667275951,2022-01-31,10
FIAS_FZJ-Epi1Ger,DE,Cases,0.116499778545772,2022-01-31,10
FIAS_FZJ-Epi1Ger,DE,Deaths,0.0240329976287784,2022-01-31,10
HZI-AgeExtendedSEIR,DE,Cases,0.170924738149516,2022-01-31,10
HZI-AgeExtendedSEIR,DE,Deaths,0.108847920166342,2022-01-31,10
ICM-agentModel,PL,Cases,0.134855632084995,2022-01-31,10
ICM-agentModel,PL,Deaths,0.175125789030277,2022-01-31,10
IEM_Health-CovidProject,DE,Cases,0.098738552290413,2022-01-31,10
IEM_Health-CovidProject,DE,Deaths,0.114685211498177,2022-01-31,10
IEM_Health-CovidProject,PL,Cases,0.100870254407424,2022-01-31,10
IEM_Health-CovidProject,PL,Deaths,0.0816212886979866,2022-01-31,10
ILM-EKF,DE,Cases,0.150465574122821,2022-01-31,10
ILM-EKF,DE,Deaths,0.0679417553347495,2022-01-31,10
ILM-EKF,PL,Cases,0.101645518916987,2022-01-31,10
ILM-EKF,PL,Deaths,0.240166240642252,2022-01-31,10
ITWW-county_repro,DE,Cases,0.155487308109785,2022-01-31,10
ITWW-county_repro,DE,Deaths,0.0507633419505018,2022-01-31,10
ITWW-county_repro,PL,Cases,0.11203883439823,2022-01-31,10
ITWW-county_repro,PL,Deaths,0.101790958062028,2022-01-31,10
MOCOS-agent1,PL,Cases,0.126842052634298,2022-01-31,10
MOCOS-agent1,PL,Deaths,0.0746251082839253,2022-01-31,10
MUNI-ARIMA,DE,Deaths,0.199670891115516,2022-01-31,10
MUNI-ARIMA,PL,Deaths,0.106781193110152,2022-01-31,10
PL_GRedlarski-DistrictsSum,PL,Cases,0.193758511918574,2022-01-31,10
RobertWalraven-ESG,DE,Cases,0.0752142102744525,2022-01-31,10
RobertWalraven-ESG,DE,Deaths,0.182833066044121,2022-01-31,10
RobertWalraven-ESG,PL,Cases,0.0843168021553277,2022-01-31,10
RobertWalraven-ESG,PL,Deaths,0.0575968068032716,2022-01-31,10
UMass-MechBayes,DE,Deaths,0.186488993543445,2022-01-31,10
epiforecasts-EpiNow2,DE,Cases,0.101245251124655,2022-01-31,10
epiforecasts-EpiNow2,PL,Cases,0.145672393484163,2022-01-31,10
epiforecasts-EpiNow2,PL,Deaths,0.162292615370107,2022-01-31,10
itwm-dSEIR,DE,Cases,0.0309549201066346,2022-01-31,10
itwm-dSEIR,DE,Deaths,0.0647358227183684,2022-01-31,10
CovidMetrics-epiBATS,DE,Cases,0.065076815200867,2022-02-07,10
FIAS_FZJ-Epi1Ger,DE,Cases,0.0973700526332004,2022-02-07,10
FIAS_FZJ-Epi1Ger,DE,Deaths,0.0125431373486901,2022-02-07,10
HZI-AgeExtendedSEIR,DE,Cases,0.24810069662591,2022-02-07,10
HZI-AgeExtendedSEIR,DE,Deaths,0.087739838972634,2022-02-07,10
ICM-agentModel,PL,Cases,0.212202955685327,2022-02-07,10
ICM-agentModel,PL,Deaths,0.133999419684969,2022-02-07,10
IEM_Health-CovidProject,DE,Cases,0.0712691172863611,2022-02-07,10
IEM_Health-CovidProject,DE,Deaths,0.104176975883791,2022-02-07,10
IEM_Health-CovidProject,PL,Cases,0.0800637070531266,2022-02-07,10
IEM_Health-CovidProject,PL,Deaths,0.112648897948485,2022-02-07,10
ILM-EKF,DE,Cases,0.135200081424967,2022-02-07,10
ILM-EKF,DE,Deaths,0.034929587355827,2022-02-07,10
ILM-EKF,PL,Cases,0.0735384612923328,2022-02-07,10
ILM-EKF,PL,Deaths,0.134704036975403,2022-02-07,10
ITWW-county_repro,DE,Cases,0.128011455032281,2022-02-07,10
ITWW-county_repro,DE,Deaths,0.0287359744423346,2022-02-07,10
ITWW-county_repro,PL,Cases,0.066543020482496,2022-02-07,10
ITWW-county_repro,PL,Deaths,0.0448387479692196,2022-02-07,10
MOCOS-agent1,PL,Cases,0.174227488080227,2022-02-07,10
MOCOS-agent1,PL,Deaths,0.0745453958756332,2022-02-07,10
MUNI-ARIMA,DE,Deaths,0.258446888028615,2022-02-07,10
MUNI-ARIMA,PL,Deaths,0.237157317642617,2022-02-07,10
PL_GRedlarski-DistrictsSum,PL,Cases,0.168911415046555,2022-02-07,10
RobertWalraven-ESG,DE,Cases,0.0513627664890095,2022-02-07,10
RobertWalraven-ESG,DE,Deaths,0.213238623857574,2022-02-07,10
RobertWalraven-ESG,PL,Cases,0.0660735400586006,2022-02-07,10
RobertWalraven-ESG,PL,Deaths,0.0765647583405368,2022-02-07,10
UMass-MechBayes,DE,Deaths,0.168077521937628,2022-02-07,10
UMass-MechBayes,PL,Deaths,0.117956664456628,2022-02-07,10
epiforecasts-EpiNow2,DE,Cases,0.0841103542667679,2022-02-07,10
epiforecasts-EpiNow2,PL,Cases,0.0997822192834145,2022-02-07,10
epiforecasts-EpiNow2,PL,Deaths,0.067584761106509,2022-02-07,10
epiforecasts-weeklygrowth,DE,Cases,0.0535976259390612,2022-02-07,10
epiforecasts-weeklygrowth,PL,Cases,0.0586571930179202,2022-02-07,10
itwm-dSEIR,DE,Cases,0.0659010351015745,2022-02-07,10
itwm-dSEIR,DE,Deaths,0.0921114521729056,2022-02-07,10
CovidMetrics-epiBATS,DE,Cases,0.0756963076427787,2022-02-14,10
FIAS_FZJ-Epi1Ger,DE,Cases,0.0417898984491345,2022-02-14,10
FIAS_FZJ-Epi1Ger,DE,Deaths,0.0103761543688658,2022-02-14,10
HZI-AgeExtendedSEIR,DE,Cases,0.163337282362404,2022-02-14,10
HZI-AgeExtendedSEIR,DE,Deaths,0.191224927606042,2022-02-14,10
ICM-agentModel,PL,Cases,0.132884227891736,2022-02-14,10
ICM-agentModel,PL,Deaths,0.231604644922119,2022-02-14,10
IEM_Health-CovidProject,DE,Cases,0.10359323844363,2022-02-14,10
IEM_Health-CovidProject,DE,Deaths,0.105147623906619,2022-02-14,10
IEM_Health-CovidProject,PL,Cases,0.105027526199917,2022-02-14,10
IEM_Health-CovidProject,PL,Deaths,0.180856673445265,2022-02-14,10
ILM-EKF,DE,Cases,0.0699414112329072,2022-02-14,10
ILM-EKF,DE,Deaths,0.0339676651044312,2022-02-14,10
ILM-EKF,PL,Cases,0.062875285589921,2022-02-14,10
ILM-EKF,PL,Deaths,0.0672057581871517,2022-02-14,10
ITWW-county_repro,DE,Cases,0.0625612729470718,2022-02-14,10
ITWW-county_repro,DE,Deaths,0.0260664100703109,2022-02-14,10
ITWW-county_repro,PL,Cases,0.0448584411077344,2022-02-14,10
ITWW-county_repro,PL,Deaths,0.0265506304329549,2022-02-14,10
MOCOS-agent1,PL,Cases,0.153971320719888,2022-02-14,10
MOCOS-agent1,PL,Deaths,0.0778047072506159,2022-02-14,10
MUNI-ARIMA,DE,Deaths,0.162678437439754,2022-02-14,10
MUNI-ARIMA,PL,Deaths,0.184940602140344,2022-02-14,10
PL_GRedlarski-DistrictsSum,PL,Cases,0.215248709579747,2022-02-14,10
RobertWalraven-ESG,DE,Cases,0.066261225532757,2022-02-14,10
RobertWalraven-ESG,DE,Deaths,0.202942231472393,2022-02-14,10
RobertWalraven-ESG,PL,Cases,0.0893364759998591,2022-02-14,10
RobertWalraven-ESG,PL,Deaths,0.141633828279976,2022-02-14,10
UMass-MechBayes,DE,Deaths,0.123073380636741,2022-02-14,10
UMass-MechBayes,PL,Deaths,0.0564474506311921,2022-02-14,10
epiforecasts-EpiNow2,DE,Cases,0.0735616128985729,2022-02-14,10
epiforecasts-EpiNow2,PL,Cases,0.112822883125249,2022-02-14,10
epiforecasts-EpiNow2,PL,Deaths,0.0329557047103823,2022-02-14,10
epiforecasts-weeklygrowth,DE,Cases,0.102591460280073,2022-02-14,10
epiforecasts-weeklygrowth,PL,Cases,0.0829751297859481,2022-02-14,10
itwm-dSEIR,DE,Cases,0.240666290210671,2022-02-14,10
itwm-dSEIR,DE,Deaths,0.144523169394843,2022-02-14,10
CovidMetrics-epiBATS,DE,Cases,0.134295435850315,2022-02-21,10
FIAS_FZJ-Epi1Ger,DE,Cases,0.0434224206432834,2022-02-21,10
FIAS_FZJ-Epi1Ger,DE,Deaths,0.0275503449136358,2022-02-21,10
HZI-AgeExtendedSEIR,DE,Cases,0.223643195942235,2022-02-21,10
HZI-AgeExtendedSEIR,DE,Deaths,0.243522231444042,2022-02-21,10
ICM-agentModel,PL,Cases,0.0951819086110541,2022-02-21,10
ICM-agentModel,PL,Deaths,0.225787975809254,2022-02-21,10
IEM_Health-CovidProject,DE,Cases,0.0667046690959297,2022-02-21,10
IEM_Health-CovidProject,DE,Deaths,0.161796633534292,2022-02-21,10
IEM_Health-CovidProject,PL,Cases,0.0950109031631332,2022-02-21,10
IEM_Health-CovidProject,PL,Deaths,0.154123128934426,2022-02-21,10
ILM-EKF,DE,Cases,0.0391716748018597,2022-02-21,10
ILM-EKF,DE,Deaths,0.0402988129629172,2022-02-21,10
ILM-EKF,PL,Cases,0.0361199600990096,2022-02-21,10
ILM-EKF,PL,Deaths,0.0280178098372522,2022-02-21,10
ITWW-county_repro,DE,Cases,0.0314687265881856,2022-02-21,10
ITWW-county_repro,DE,Deaths,0.0315459698503531,2022-02-21,10
ITWW-county_repro,PL,Cases,0.02435197250359,2022-02-21,10
ITWW-county_repro,PL,Deaths,0.0126435101548972,2022-02-21,10
MOCOS-agent1,PL,Cases,0.179302695581954,2022-02-21,10
MOCOS-agent1,PL,Deaths,0.10910523907958,2022-02-21,10
MUNI-ARIMA,DE,Deaths,0.127333068366148,2022-02-21,10
MUNI-ARIMA,PL,Deaths,0.118627712183379,2022-02-21,10
PL_GRedlarski-DistrictsSum,PL,Cases,0.266648143058535,2022-02-21,10
RobertWalraven-ESG,DE,Cases,0.138370452150343,2022-02-21,10
RobertWalraven-ESG,DE,Deaths,0.264753652325276,2022-02-21,10
RobertWalraven-ESG,PL,Cases,0.113033477740094,2022-02-21,10
RobertWalraven-ESG,PL,Deaths,0.335064122385261,2022-02-21,10
epiforecasts-EpiNow2,DE,Cases,0.0730448201895474,2022-02-21,10
epiforecasts-EpiNow2,PL,Cases,0.140920906001295,2022-02-21,10
epiforecasts-EpiNow2,PL,Deaths,0.0166305016159505,2022-02-21,10
epiforecasts-weeklygrowth,DE,Cases,0.0874225049693627,2022-02-21,10
epiforecasts-weeklygrowth,PL,Cases,0.0494300332413352,2022-02-21,10
itwm-dSEIR,DE,Cases,0.162456099768938,2022-02-21,10
itwm-dSEIR,DE,Deaths,0.103199286603336,2022-02-21,10
CovidMetrics-epiBATS,DE,Cases,0.0833694240372872,2022-02-28,10
FIAS_FZJ-Epi1Ger,DE,Cases,0.0400878265990077,2022-02-28,10
FIAS_FZJ-Epi1Ger,DE,Deaths,0.105574322993316,2022-02-28,10
HZI-AgeExtendedSEIR,DE,Cases,0.248361087513845,2022-02-28,10
HZI-AgeExtendedSEIR,DE,Deaths,0.265406254336689,2022-02-28,10
ICM-agentModel,PL,Cases,0.0467076496066119,2022-02-28,10
ICM-agentModel,PL,Deaths,0.170050792954565,2022-02-28,10
IEM_Health-CovidProject,DE,Cases,0.0921475522864847,2022-02-28,10
IEM_Health-CovidProject,DE,Deaths,0.141782059580727,2022-02-28,10
IEM_Health-CovidProject,PL,Cases,0.030058233832784,2022-02-28,10
IEM_Health-CovidProject,PL,Deaths,0.201689460729339,2022-02-28,10
ILM-EKF,DE,Cases,0.0406192022660017,2022-02-28,10
ILM-EKF,DE,Deaths,0.0483275085922,2022-02-28,10
ILM-EKF,PL,Cases,0.0184186306467562,2022-02-28,10
ILM-EKF,PL,Deaths,0.0413527158009304,2022-02-28,10
ITWW-county_repro,DE,Cases,0.0331133577361933,2022-02-28,10
ITWW-county_repro,DE,Deaths,0.055768317321694,2022-02-28,10
ITWW-county_repro,PL,Cases,0.0114034638209653,2022-02-28,10
ITWW-county_repro,PL,Deaths,0.0242938985915745,2022-02-28,10
MOCOS-agent1,PL,Cases,0.209352190278797,2022-02-28,10
MOCOS-agent1,PL,Deaths,0.15309185293858,2022-02-28,10
PL_GRedlarski-DistrictsSum,PL,Cases,0.363289875601117,2022-02-28,10
RobertWalraven-ESG,DE,Cases,0.204289121717635,2022-02-28,10
RobertWalraven-ESG,DE,Deaths,0.272058155500963,2022-02-28,10
RobertWalraven-ESG,PL,Cases,0.0419833240309321,2022-02-28,10
RobertWalraven-ESG,PL,Deaths,0.377656513269953,2022-02-28,10
epiforecasts-EpiNow2,DE,Cases,0.0598132526727886,2022-02-28,10
epiforecasts-EpiNow2,PL,Cases,0.256426457102881,2022-02-28,10
epiforecasts-EpiNow2,PL,Deaths,0.0318647657150596,2022-02-28,10
epiforecasts-weeklygrowth,DE,Cases,0.0691143889525899,2022-02-28,10
epiforecasts-weeklygrowth,PL,Cases,0.0223601750791558,2022-02-28,10
itwm-dSEIR,DE,Cases,0.129084786218167,2022-02-28,10
itwm-dSEIR,DE,Deaths,0.111083381674412,2022-02-28,10
CovidMetrics-epiBATS,DE,Cases,0.0604160640371942,2022-03-07,10
FIAS_FZJ-Epi1Ger,DE,Cases,0.0597218283284143,2022-03-07,10
FIAS_FZJ-Epi1Ger,DE,Deaths,0.187716386700629,2022-03-07,10
HZI-AgeExtendedSEIR,DE,Cases,0.233427566025201,2022-03-07,10
HZI-AgeExtendedSEIR,DE,Deaths,0.217316090582972,2022-03-07,10
IEM_Health-CovidProject,DE,Cases,0.123453229890693,2022-03-07,10
IEM_Health-CovidProject,DE,Deaths,0.128537784259854,2022-03-07,10
IEM_Health-CovidProject,PL,Cases,0.0305808280444893,2022-03-07,10
IEM_Health-CovidProject,PL,Deaths,0.127061259819706,2022-03-07,10
ILM-EKF,DE,Cases,0.0849859411563263,2022-03-07,10
ILM-EKF,DE,Deaths,0.0538504920375279,2022-03-07,10
ILM-EKF,PL,Cases,0.123336866800837,2022-03-07,10
ILM-EKF,PL,Deaths,0.151686538463921,2022-03-07,10
ITWW-county_repro,DE,Deaths,0.102294320482942,2022-03-07,10
ITWW-county_repro,PL,Cases,0.0253146389057185,2022-03-07,10
ITWW-county_repro,PL,Deaths,0.0667350199192664,2022-03-07,10
MIT_CovidAnalytics-DELPHI,DE,Cases,0.0416082746213284,2022-03-07,10
MIT_CovidAnalytics-DELPHI,PL,Deaths,0.0530406469237689,2022-03-07,10
MOCOS-agent1,PL,Cases,0.241656732914211,2022-03-07,10
MOCOS-agent1,PL,Deaths,0.38504851650253,2022-03-07,10
PL_GRedlarski-DistrictsSum,PL,Cases,0.309940907077902,2022-03-07,10
RobertWalraven-ESG,DE,Cases,0.1687396195398,2022-03-07,10
RobertWalraven-ESG,DE,Deaths,0.213985101590892,2022-03-07,10
RobertWalraven-ESG,PL,Cases,0.0271991917277892,2022-03-07,10
RobertWalraven-ESG,PL,Deaths,0.170223958232465,2022-03-07,10
epiforecasts-EpiNow2,DE,Cases,0.0525555470510235,2022-03-07,10
epiforecasts-EpiNow2,PL,Cases,0.19174523600498,2022-03-07,10
epiforecasts-EpiNow2,PL,Deaths,0.046204060138342,2022-03-07,10
epiforecasts-weeklygrowth,DE,Cases,0.0780333258914787,2022-03-07,10
epiforecasts-weeklygrowth,PL,Cases,0.0502255985240732,2022-03-07,10
itwm-dSEIR,DE,Cases,0.09705860345854,2022-03-07,10
itwm-dSEIR,DE,Deaths,0.0962998243451833,2022-03-07,10
